solid OpenSCAD_Model
  facet normal 0.358424 0 -0.933559
    outer loop
      vertex 40.7082 -39.7 -34.4127
      vertex 41.8808 -38.7 -33.9625
      vertex 41.8808 -39.7 -33.9625
    endloop
  endfacet
  facet normal 0.358424 0 -0.933559
    outer loop
      vertex 41.8808 -38.7 -33.9625
      vertex 40.7082 -39.7 -34.4127
      vertex 40.7082 -38.7 -34.4127
    endloop
  endfacet
  facet normal 0.000366779 -0.138745 -0.990328
    outer loop
      vertex 11.25 -47.4631 -33.9123
      vertex 11 -39.7 -35
      vertex 11.25 -46.9813 -33.9798
    endloop
  endfacet
  facet normal -0.000366779 -0.138745 -0.990328
    outer loop
      vertex 36.75 -46.9813 -33.9798
      vertex 37 -39.7 -35
      vertex 36.75 -47.4631 -33.9123
    endloop
  endfacet
  facet normal 0.0102085 -0.139093 -0.990227
    outer loop
      vertex 36.7472 -46.9274 -33.9874
      vertex 37 -39.7 -35
      vertex 36.75 -46.9813 -33.9798
    endloop
  endfacet
  facet normal -0.00147659 -0.1387 -0.990333
    outer loop
      vertex 36.739 -46.7738 -34.0089
      vertex 37 -39.7 -35
      vertex 36.7472 -46.9274 -33.9874
    endloop
  endfacet
  facet normal -0.00227574 -0.138671 -0.990336
    outer loop
      vertex 36.7148 -46.622 -34.0301
      vertex 37 -39.7 -35
      vertex 36.739 -46.7738 -34.0089
    endloop
  endfacet
  facet normal 0.000338817 -0.138777 -0.990324
    outer loop
      vertex 36.7063 -46.5685 -34.0376
      vertex 37 -39.7 -35
      vertex 36.7148 -46.622 -34.0301
    endloop
  endfacet
  facet normal 0.00435438 -0.138944 -0.990291
    outer loop
      vertex 36.6922 -46.5162 -34.045
      vertex 37 -39.7 -35
      vertex 36.7063 -46.5685 -34.0376
    endloop
  endfacet
  facet normal 0.000170618 -0.13876 -0.990326
    outer loop
      vertex 36.6521 -46.3678 -34.0658
      vertex 37 -39.7 -35
      vertex 36.6922 -46.5162 -34.045
    endloop
  endfacet
  facet normal -0.00143674 -0.138677 -0.990337
    outer loop
      vertex 36.5967 -46.2244 -34.0858
      vertex 37 -39.7 -35
      vertex 36.6521 -46.3678 -34.0658
    endloop
  endfacet
  facet normal -0.000178268 -0.138754 -0.990327
    outer loop
      vertex 36.5771 -46.1737 -34.0929
      vertex 37 -39.7 -35
      vertex 36.5967 -46.2244 -34.0858
    endloop
  endfacet
  facet normal 0.000393881 -0.13879 -0.990322
    outer loop
      vertex 36.5069 -46.0369 -34.1121
      vertex 37 -39.7 -35
      vertex 36.5771 -46.1737 -34.0929
    endloop
  endfacet
  facet normal 0.00112372 -0.138846 -0.990313
    outer loop
      vertex 36.4821 -45.9886 -34.1189
      vertex 37 -39.7 -35
      vertex 36.5069 -46.0369 -34.1121
    endloop
  endfacet
  facet normal -0.000164144 -0.138742 -0.990329
    outer loop
      vertex 36.368 -45.8143 -34.1433
      vertex 37 -39.7 -35
      vertex 36.4821 -45.9886 -34.1189
    endloop
  endfacet
  facet normal -0.000685273 -0.138689 -0.990336
    outer loop
      vertex 36.3336 -45.772 -34.1492
      vertex 37 -39.7 -35
      vertex 36.368 -45.8143 -34.1433
    endloop
  endfacet
  facet normal -0.000144847 -0.138747 -0.990328
    outer loop
      vertex 36.2363 -45.6527 -34.1659
      vertex 37 -39.7 -35
      vertex 36.3336 -45.772 -34.1492
    endloop
  endfacet
  facet normal 8.72288e-05 -0.138777 -0.990324
    outer loop
      vertex 36.127 -45.5443 -34.1811
      vertex 37 -39.7 -35
      vertex 36.2363 -45.6527 -34.1659
    endloop
  endfacet
  facet normal 0.000120348 -0.138781 -0.990323
    outer loop
      vertex 36.0883 -45.5058 -34.1865
      vertex 37 -39.7 -35
      vertex 36.127 -45.5443 -34.1811
    endloop
  endfacet
  facet normal 0.000575241 -0.138852 -0.990313
    outer loop
      vertex 35.9682 -45.4093 -34.2001
      vertex 37 -39.7 -35
      vertex 36.0883 -45.5058 -34.1865
    endloop
  endfacet
  facet normal -0.000113498 -0.138729 -0.99033
    outer loop
      vertex 35.9256 -45.375 -34.2049
      vertex 37 -39.7 -35
      vertex 35.9682 -45.4093 -34.2001
    endloop
  endfacet
  facet normal -0.000301418 -0.138695 -0.990335
    outer loop
      vertex 35.75 -45.2618 -34.2207
      vertex 37 -39.7 -35
      vertex 35.9256 -45.375 -34.2049
    endloop
  endfacet
  facet normal 0.000456501 -0.138862 -0.990312
    outer loop
      vertex 35.7011 -45.237 -34.2242
      vertex 37 -39.7 -35
      vertex 35.75 -45.2618 -34.2207
    endloop
  endfacet
  facet normal -0.000333229 -0.13868 -0.990337
    outer loop
      vertex 35.5635 -45.1674 -34.2339
      vertex 37 -39.7 -35
      vertex 35.7011 -45.237 -34.2242
    endloop
  endfacet
  facet normal 4.57786e-05 -0.138778 -0.990324
    outer loop
      vertex 35.4193 -45.1125 -34.2416
      vertex 37 -39.7 -35
      vertex 35.5635 -45.1674 -34.2339
    endloop
  endfacet
  facet normal 0.00117555 -0.139101 -0.990277
    outer loop
      vertex 35.368 -45.093 -34.2444
      vertex 37 -39.7 -35
      vertex 35.4193 -45.1125 -34.2416
    endloop
  endfacet
  facet normal 0.000180696 -0.138806 -0.99032
    outer loop
      vertex 35.3149 -45.0788 -34.2464
      vertex 37 -39.7 -35
      vertex 35.368 -45.093 -34.2444
    endloop
  endfacet
  facet normal -0.000295446 -0.13866 -0.99034
    outer loop
      vertex 35.1658 -45.0392 -34.2519
      vertex 37 -39.7 -35
      vertex 35.3149 -45.0788 -34.2464
    endloop
  endfacet
  facet normal 0.000210344 -0.13883 -0.990316
    outer loop
      vertex 34.9591 -45.0067 -34.2565
      vertex 37 -39.7 -35
      vertex 35.1658 -45.0392 -34.2519
    endloop
  endfacet
  facet normal -0.000219439 -0.138668 -0.990339
    outer loop
      vertex 34.8049 -44.9986 -34.2576
      vertex 37 -39.7 -35
      vertex 34.9591 -45.0067 -34.2565
    endloop
  endfacet
  facet normal 0.000135759 -0.138812 -0.990319
    outer loop
      vertex 34.75 -44.9958 -34.258
      vertex 37 -39.7 -35
      vertex 34.8049 -44.9986 -34.2576
    endloop
  endfacet
  facet normal 0 -0.138756 -0.990327
    outer loop
      vertex 13.25 -44.9958 -34.258
      vertex 37 -39.7 -35
      vertex 34.75 -44.9958 -34.258
    endloop
  endfacet
  facet normal -0.000135759 -0.138812 -0.990319
    outer loop
      vertex 11 -39.7 -35
      vertex 13.25 -44.9958 -34.258
      vertex 13.1951 -44.9986 -34.2576
    endloop
  endfacet
  facet normal 0.000219439 -0.138668 -0.990339
    outer loop
      vertex 11 -39.7 -35
      vertex 13.1951 -44.9986 -34.2576
      vertex 13.0409 -45.0067 -34.2565
    endloop
  endfacet
  facet normal -0.000210344 -0.13883 -0.990316
    outer loop
      vertex 11 -39.7 -35
      vertex 13.0409 -45.0067 -34.2565
      vertex 12.8342 -45.0392 -34.2519
    endloop
  endfacet
  facet normal -0.000180696 -0.138806 -0.99032
    outer loop
      vertex 11 -39.7 -35
      vertex 12.6851 -45.0788 -34.2464
      vertex 12.632 -45.093 -34.2444
    endloop
  endfacet
  facet normal -4.57786e-05 -0.138778 -0.990324
    outer loop
      vertex 11 -39.7 -35
      vertex 12.5807 -45.1125 -34.2416
      vertex 12.4365 -45.1674 -34.2339
    endloop
  endfacet
  facet normal -0.000575241 -0.138852 -0.990313
    outer loop
      vertex 11 -39.7 -35
      vertex 12.0318 -45.4093 -34.2001
      vertex 11.9117 -45.5058 -34.1865
    endloop
  endfacet
  facet normal 0.000685273 -0.138689 -0.990336
    outer loop
      vertex 11 -39.7 -35
      vertex 11.6664 -45.772 -34.1492
      vertex 11.632 -45.8143 -34.1433
    endloop
  endfacet
  facet normal -0.867815 0.290954 0.402794
    outer loop
      vertex 11.2937 -46.5685 -34.0376
      vertex 11.3479 -46.3678 -34.0658
      vertex 11.3078 -46.5162 -34.045
    endloop
  endfacet
  facet normal 0 -0.138756 -0.990327
    outer loop
      vertex 13.25 -44.9958 -34.258
      vertex 11 -39.7 -35
      vertex 37 -39.7 -35
    endloop
  endfacet
  facet normal 0.000295446 -0.13866 -0.99034
    outer loop
      vertex 12.6851 -45.0788 -34.2464
      vertex 11 -39.7 -35
      vertex 12.8342 -45.0392 -34.2519
    endloop
  endfacet
  facet normal -0.00117555 -0.139101 -0.990277
    outer loop
      vertex 12.5807 -45.1125 -34.2416
      vertex 11 -39.7 -35
      vertex 12.632 -45.093 -34.2444
    endloop
  endfacet
  facet normal 0.000333229 -0.13868 -0.990337
    outer loop
      vertex 12.2989 -45.237 -34.2242
      vertex 11 -39.7 -35
      vertex 12.4365 -45.1674 -34.2339
    endloop
  endfacet
  facet normal -0.000456501 -0.138862 -0.990312
    outer loop
      vertex 12.25 -45.2618 -34.2207
      vertex 11 -39.7 -35
      vertex 12.2989 -45.237 -34.2242
    endloop
  endfacet
  facet normal 0.000301418 -0.138695 -0.990335
    outer loop
      vertex 12.0744 -45.375 -34.2049
      vertex 11 -39.7 -35
      vertex 12.25 -45.2618 -34.2207
    endloop
  endfacet
  facet normal 0.000113498 -0.138729 -0.99033
    outer loop
      vertex 12.0318 -45.4093 -34.2001
      vertex 11 -39.7 -35
      vertex 12.0744 -45.375 -34.2049
    endloop
  endfacet
  facet normal -0.000120348 -0.138781 -0.990323
    outer loop
      vertex 11.873 -45.5443 -34.1811
      vertex 11 -39.7 -35
      vertex 11.9117 -45.5058 -34.1865
    endloop
  endfacet
  facet normal -8.72288e-05 -0.138777 -0.990324
    outer loop
      vertex 11.7637 -45.6527 -34.1659
      vertex 11 -39.7 -35
      vertex 11.873 -45.5443 -34.1811
    endloop
  endfacet
  facet normal 0.000144847 -0.138747 -0.990328
    outer loop
      vertex 11.6664 -45.772 -34.1492
      vertex 11 -39.7 -35
      vertex 11.7637 -45.6527 -34.1659
    endloop
  endfacet
  facet normal 0.000164144 -0.138742 -0.990329
    outer loop
      vertex 11.5179 -45.9886 -34.1189
      vertex 11 -39.7 -35
      vertex 11.632 -45.8143 -34.1433
    endloop
  endfacet
  facet normal -0.00112372 -0.138846 -0.990313
    outer loop
      vertex 11.4931 -46.0369 -34.1121
      vertex 11 -39.7 -35
      vertex 11.5179 -45.9886 -34.1189
    endloop
  endfacet
  facet normal -0.000393881 -0.13879 -0.990322
    outer loop
      vertex 11.4229 -46.1737 -34.0929
      vertex 11 -39.7 -35
      vertex 11.4931 -46.0369 -34.1121
    endloop
  endfacet
  facet normal 0.000178268 -0.138754 -0.990327
    outer loop
      vertex 11.4033 -46.2244 -34.0858
      vertex 11 -39.7 -35
      vertex 11.4229 -46.1737 -34.0929
    endloop
  endfacet
  facet normal 0.00143674 -0.138677 -0.990337
    outer loop
      vertex 11.3479 -46.3678 -34.0658
      vertex 11 -39.7 -35
      vertex 11.4033 -46.2244 -34.0858
    endloop
  endfacet
  facet normal -0.00123559 -0.138814 -0.990318
    outer loop
      vertex 11.2937 -46.5685 -34.0376
      vertex 11 -39.7 -35
      vertex 11.3479 -46.3678 -34.0658
    endloop
  endfacet
  facet normal -0.000338817 -0.138777 -0.990324
    outer loop
      vertex 11.2852 -46.622 -34.0301
      vertex 11 -39.7 -35
      vertex 11.2937 -46.5685 -34.0376
    endloop
  endfacet
  facet normal 0.00227574 -0.138671 -0.990336
    outer loop
      vertex 11.261 -46.7738 -34.0089
      vertex 11 -39.7 -35
      vertex 11.2852 -46.622 -34.0301
    endloop
  endfacet
  facet normal 0.00147659 -0.1387 -0.990333
    outer loop
      vertex 11.2528 -46.9274 -33.9874
      vertex 11 -39.7 -35
      vertex 11.261 -46.7738 -34.0089
    endloop
  endfacet
  facet normal -0.0102085 -0.139093 -0.990227
    outer loop
      vertex 11 -39.7 -35
      vertex 11.2528 -46.9274 -33.9874
      vertex 11.25 -46.9813 -33.9798
    endloop
  endfacet
  facet normal -0.0359716 -0.068346 -0.997013
    outer loop
      vertex 35.75 -70.0455 -30.7482
      vertex 35.5635 -70.1399 -30.735
      vertex 35.6058 -70.1184 -30.738
    endloop
  endfacet
  facet normal -0.0152078 0.1939 0.980904
    outer loop
      vertex 35.368 -70.2143 -30.7245
      vertex 35.1658 -70.2681 -30.717
      vertex 35.2117 -70.2559 -30.7187
    endloop
  endfacet
  facet normal -0.0393968 0.836088 0.547178
    outer loop
      vertex 34.9591 -70.3006 -30.7125
      vertex 34.75 -70.3115 -30.7109
      vertex 34.9116 -70.3031 -30.7121
    endloop
  endfacet
  facet normal 0.000563441 -0.138775 -0.990324
    outer loop
      vertex 34.72 -110.5 -25.08
      vertex 35.9256 -69.9323 -30.7641
      vertex 36.0291 -69.8491 -30.7757
    endloop
  endfacet
  facet normal -0.000224834 -0.138752 -0.990327
    outer loop
      vertex 34.72 -110.5 -25.08
      vertex 35.75 -70.0455 -30.7482
      vertex 35.9256 -69.9323 -30.7641
    endloop
  endfacet
  facet normal 0.000143436 -0.138761 -0.990326
    outer loop
      vertex 34.72 -110.5 -25.08
      vertex 35.5635 -70.1399 -30.735
      vertex 35.75 -70.0455 -30.7482
    endloop
  endfacet
  facet normal -0.000721265 -0.138743 -0.990328
    outer loop
      vertex 34.72 -110.5 -25.08
      vertex 35.5191 -70.1568 -30.7326
      vertex 35.5635 -70.1399 -30.735
    endloop
  endfacet
  facet normal -0.00028735 -0.138752 -0.990327
    outer loop
      vertex 34.72 -110.5 -25.08
      vertex 35.368 -70.2143 -30.7245
      vertex 35.5191 -70.1568 -30.7326
    endloop
  endfacet
  facet normal 0.000186975 -0.138759 -0.990326
    outer loop
      vertex 34.72 -110.5 -25.08
      vertex 35.1658 -70.2681 -30.717
      vertex 35.368 -70.2143 -30.7245
    endloop
  endfacet
  facet normal 0.000257553 -0.13876 -0.990326
    outer loop
      vertex 34.72 -110.5 -25.08
      vertex 34.9591 -70.3006 -30.7125
      vertex 35.1658 -70.2681 -30.717
    endloop
  endfacet
  facet normal -0.000344694 -0.138757 -0.990326
    outer loop
      vertex 34.72 -110.5 -25.08
      vertex 34.75 -70.3115 -30.7109
      vertex 34.9591 -70.3006 -30.7125
    endloop
  endfacet
  facet normal 0 -0.138757 -0.990326
    outer loop
      vertex 13.28 -110.5 -25.08
      vertex 34.75 -70.3115 -30.7109
      vertex 34.72 -110.5 -25.08
    endloop
  endfacet
  facet normal 0 -0.138757 -0.990326
    outer loop
      vertex 13.28 -110.5 -25.08
      vertex 13.25 -70.3115 -30.7109
      vertex 34.75 -70.3115 -30.7109
    endloop
  endfacet
  facet normal 0.000141307 -0.138757 -0.990326
    outer loop
      vertex 13.28 -110.5 -25.08
      vertex 13.0884 -70.3031 -30.7121
      vertex 13.25 -70.3115 -30.7109
    endloop
  endfacet
  facet normal 0.00103683 -0.138752 -0.990327
    outer loop
      vertex 13.28 -110.5 -25.08
      vertex 13.0409 -70.3006 -30.7125
      vertex 13.0884 -70.3031 -30.7121
    endloop
  endfacet
  facet normal -0.000257553 -0.13876 -0.990326
    outer loop
      vertex 13.28 -110.5 -25.08
      vertex 12.8342 -70.2681 -30.717
      vertex 13.0409 -70.3006 -30.7125
    endloop
  endfacet
  facet normal -0.000202868 -0.13876 -0.990326
    outer loop
      vertex 13.28 -110.5 -25.08
      vertex 12.7883 -70.2559 -30.7187
      vertex 12.8342 -70.2681 -30.717
    endloop
  endfacet
  facet normal -0.000182301 -0.138759 -0.990326
    outer loop
      vertex 13.28 -110.5 -25.08
      vertex 12.632 -70.2143 -30.7245
      vertex 12.7883 -70.2559 -30.7187
    endloop
  endfacet
  facet normal 0.00028735 -0.138752 -0.990327
    outer loop
      vertex 13.28 -110.5 -25.08
      vertex 12.4809 -70.1568 -30.7326
      vertex 12.632 -70.2143 -30.7245
    endloop
  endfacet
  facet normal 0.000721265 -0.138743 -0.990328
    outer loop
      vertex 13.28 -110.5 -25.08
      vertex 12.4365 -70.1399 -30.735
      vertex 12.4809 -70.1568 -30.7326
    endloop
  endfacet
  facet normal -0.000294442 -0.138764 -0.990325
    outer loop
      vertex 13.28 -110.5 -25.08
      vertex 12.3942 -70.1184 -30.738
      vertex 12.4365 -70.1399 -30.735
    endloop
  endfacet
  facet normal -9.90386e-05 -0.13876 -0.990326
    outer loop
      vertex 13.28 -110.5 -25.08
      vertex 12.25 -70.0455 -30.7482
      vertex 12.3942 -70.1184 -30.738
    endloop
  endfacet
  facet normal 0.000224834 -0.138752 -0.990327
    outer loop
      vertex 13.28 -110.5 -25.08
      vertex 12.0744 -69.9323 -30.7641
      vertex 12.25 -70.0455 -30.7482
    endloop
  endfacet
  facet normal -0.000563441 -0.138775 -0.990324
    outer loop
      vertex 12.0744 -69.9323 -30.7641
      vertex 13.28 -110.5 -25.08
      vertex 11.9709 -69.8491 -30.7757
    endloop
  endfacet
  facet normal -0.54464 0 -0.83867
    outer loop
      vertex 3.94658 -39.7 -32.7082
      vertex 5 -38.7 -33.3923
      vertex 5 -39.7 -33.3923
    endloop
  endfacet
  facet normal -0.54464 0 -0.83867
    outer loop
      vertex 5 -38.7 -33.3923
      vertex 3.94658 -39.7 -32.7082
      vertex 3.94658 -38.7 -32.7082
    endloop
  endfacet
  facet normal -0.987172 0.0323408 -0.156349
    outer loop
      vertex -0.737778 -38.7 -25.4949
      vertex -0.934265 -38.7 -24.2543
      vertex 0.0547791 -7.5 -24.0453
    endloop
  endfacet
  facet normal -0.98273 -0.100086 -0.155645
    outer loop
      vertex 2.45479 -78.9 -20.4453
      vertex -0.934265 -39.7 -24.2543
      vertex -0.737778 -39.7 -25.4949
    endloop
  endfacet
  facet normal -0.154837 -0.142572 -0.977598
    outer loop
      vertex 11.6167 -110.5 -24.9052
      vertex 8.50507 -39.7 -34.7378
      vertex 12.4438 -110.5 -25.0362
    endloop
  endfacet
  facet normal 0.987687 0 -0.156441
    outer loop
      vertex 48.9343 -39.7 -24.2543
      vertex 48.7378 -38.7 -25.4949
      vertex 48.9343 -38.7 -24.2543
    endloop
  endfacet
  facet normal 0.987687 0 -0.156441
    outer loop
      vertex 48.7378 -38.7 -25.4949
      vertex 48.9343 -39.7 -24.2543
      vertex 48.7378 -39.7 -25.4949
    endloop
  endfacet
  facet normal 0.982577 -0.101664 -0.155589
    outer loop
      vertex 42.7712 -109.453 -18
      vertex 45.3815 -78.9 -21.4791
      vertex 45.5452 -78.9 -20.4453
    endloop
  endfacet
  facet normal 0.982826 -0.101516 -0.154102
    outer loop
      vertex 45.3815 -78.9 -21.4791
      vertex 42.7712 -109.453 -18
      vertex 42.7398 -109.757 -18
    endloop
  endfacet
  facet normal -0.0522047 0.0622176 -0.996696
    outer loop
      vertex 11 -38.7 -35
      vertex 9.74565 -38.7 -34.9343
      vertex 10 -7.5 -33
    endloop
  endfacet
  facet normal 0.449219 -0.144025 -0.881736
    outer loop
      vertex 43 -39.7 -33.3923
      vertex 38.72 -110.5 -24.0082
      vertex 41.8808 -39.7 -33.9625
    endloop
  endfacet
  facet normal 0.354663 -0.14449 -0.923762
    outer loop
      vertex 41.8808 -39.7 -33.9625
      vertex 37.1921 -110.5 -24.6885
      vertex 40.7082 -39.7 -34.4127
    endloop
  endfacet
  facet normal -0.25842 0.0556329 -0.964429
    outer loop
      vertex 8.50507 -38.7 -34.7378
      vertex 7.29179 -38.7 -34.4127
      vertex 7.92088 -7.5 -32.7815
    endloop
  endfacet
  facet normal 0.891026 0 -0.453952
    outer loop
      vertex 47.9625 -39.7 -27.8808
      vertex 47.3923 -38.7 -29
      vertex 47.9625 -38.7 -27.8808
    endloop
  endfacet
  facet normal 0.891026 0 -0.453952
    outer loop
      vertex 47.3923 -38.7 -29
      vertex 47.9625 -39.7 -27.8808
      vertex 47.3923 -39.7 -29
    endloop
  endfacet
  facet normal 0 0 -1
    outer loop
      vertex 11 -39.7 -35
      vertex 37 -38.7 -35
      vertex 37 -39.7 -35
    endloop
  endfacet
  facet normal -0 0 -1
    outer loop
      vertex 37 -38.7 -35
      vertex 11 -39.7 -35
      vertex 11 -38.7 -35
    endloop
  endfacet
  facet normal -0.052306 0 -0.998631
    outer loop
      vertex 9.74565 -39.7 -34.9343
      vertex 11 -38.7 -35
      vertex 11 -39.7 -35
    endloop
  endfacet
  facet normal -0.052306 0 -0.998631
    outer loop
      vertex 11 -38.7 -35
      vertex 9.74565 -39.7 -34.9343
      vertex 9.74565 -38.7 -34.9343
    endloop
  endfacet
  facet normal 0 0.0639713 -0.997952
    outer loop
      vertex 11 -38.7 -35
      vertex 38 -7.5 -33
      vertex 37 -38.7 -35
    endloop
  endfacet
  facet normal 0 0.0639713 -0.997952
    outer loop
      vertex 38 -7.5 -33
      vertex 11 -38.7 -35
      vertex 10 -7.5 -33
    endloop
  endfacet
  facet normal 0.0523081 0 -0.998631
    outer loop
      vertex 37 -39.7 -35
      vertex 38.2543 -38.7 -34.9343
      vertex 38.2543 -39.7 -34.9343
    endloop
  endfacet
  facet normal 0.0523081 0 -0.998631
    outer loop
      vertex 38.2543 -38.7 -34.9343
      vertex 37 -39.7 -35
      vertex 37 -38.7 -35
    endloop
  endfacet
  facet normal 0.453398 0.0494011 -0.889938
    outer loop
      vertex 43 -38.7 -33.3923
      vertex 41.8808 -38.7 -33.9625
      vertex 42.0674 -7.5 -32.1355
    endloop
  endfacet
  facet normal -0.994482 -0.0910426 -0.0521168
    outer loop
      vertex 2.40001 -78.9 -19.4
      vertex -0.934265 -39.7 -24.2543
      vertex 2.45479 -78.9 -20.4453
    endloop
  endfacet
  facet normal -0.354602 -0.144489 -0.923786
    outer loop
      vertex 10.0261 -110.5 -24.3884
      vertex 6.11916 -39.7 -33.9625
      vertex 10.8079 -110.5 -24.6885
    endloop
  endfacet
  facet normal 0.982573 -0.101696 -0.155588
    outer loop
      vertex 42.5452 -110.5 -18.7433
      vertex 42.7398 -109.757 -18
      vertex 42.6629 -110.5 -18
    endloop
  endfacet
  facet normal 0.982572 -0.101665 -0.155619
    outer loop
      vertex 42.7398 -109.757 -18
      vertex 42.5452 -110.5 -18.7433
      vertex 45.3815 -78.9 -21.4791
    endloop
  endfacet
  facet normal 0.890402 0.0354377 -0.453794
    outer loop
      vertex 47.3923 -38.7 -29
      vertex 46.6602 -7.5 -28
      vertex 47.1355 -7.5 -27.0674
    endloop
  endfacet
  facet normal 0.0517914 -0.140207 -0.988767
    outer loop
      vertex 35.5562 -110.5 -25.0362
      vertex 34.72 -110.5 -25.08
      vertex 38.2543 -39.7 -34.9343
    endloop
  endfacet
  facet normal 0.0518182 -0.14021 -0.988765
    outer loop
      vertex 36.75 -47.4631 -33.9123
      vertex 38.2543 -39.7 -34.9343
      vertex 36.75 -68.3187 -30.9549
    endloop
  endfacet
  facet normal 0.242379 0.0902286 0.965977
    outer loop
      vertex 36.739 -68.5263 -30.9261
      vertex 36.7063 -68.7318 -30.8987
      vertex 36.7315 -68.5736 -30.9198
    endloop
  endfacet
  facet normal 0.0412354 -0.137451 -0.98965
    outer loop
      vertex 36.7063 -68.7318 -30.8987
      vertex 36.6521 -68.9331 -30.873
      vertex 36.6645 -68.8869 -30.8789
    endloop
  endfacet
  facet normal -0.707873 0.693466 -0.13424
    outer loop
      vertex 36.2363 -69.6524 -30.7928
      vertex 36.0883 -69.8009 -30.7795
      vertex 36.2026 -69.6862 -30.7897
    endloop
  endfacet
  facet normal 0.0522026 -0.140216 -0.988744
    outer loop
      vertex 36.0512 -69.831 -30.7771
      vertex 34.72 -110.5 -25.08
      vertex 36.0291 -69.8491 -30.7757
    endloop
  endfacet
  facet normal 0.0497399 -0.140155 -0.988879
    outer loop
      vertex 36.0883 -69.8009 -30.7795
      vertex 34.72 -110.5 -25.08
      vertex 36.0512 -69.831 -30.7771
    endloop
  endfacet
  facet normal 0.0518275 -0.140209 -0.988765
    outer loop
      vertex 36.2363 -69.6524 -30.7928
      vertex 34.72 -110.5 -25.08
      vertex 36.0883 -69.8009 -30.7795
    endloop
  endfacet
  facet normal 0.0553589 -0.140311 -0.988559
    outer loop
      vertex 36.2663 -69.6152 -30.7964
      vertex 34.72 -110.5 -25.08
      vertex 36.2363 -69.6524 -30.7928
    endloop
  endfacet
  facet normal 0.0517611 -0.140205 -0.988769
    outer loop
      vertex 36.368 -69.4895 -30.8089
      vertex 34.72 -110.5 -25.08
      vertex 36.2663 -69.6152 -30.7964
    endloop
  endfacet
  facet normal 0.050954 -0.140178 -0.988814
    outer loop
      vertex 36.4821 -69.314 -30.8279
      vertex 34.72 -110.5 -25.08
      vertex 36.368 -69.4895 -30.8089
    endloop
  endfacet
  facet normal 0.0519999 -0.140215 -0.988755
    outer loop
      vertex 36.5553 -69.1705 -30.8444
      vertex 34.72 -110.5 -25.08
      vertex 36.4821 -69.314 -30.8279
    endloop
  endfacet
  facet normal 0.0517325 -0.140205 -0.98877
    outer loop
      vertex 36.5771 -69.1279 -30.8493
      vertex 34.72 -110.5 -25.08
      vertex 36.5553 -69.1705 -30.8444
    endloop
  endfacet
  facet normal 0.0528853 -0.140248 -0.988703
    outer loop
      vertex 36.6349 -68.9778 -30.8675
      vertex 34.72 -110.5 -25.08
      vertex 36.5771 -69.1279 -30.8493
    endloop
  endfacet
  facet normal 0.0477188 -0.14005 -0.988994
    outer loop
      vertex 36.6521 -68.9331 -30.873
      vertex 34.72 -110.5 -25.08
      vertex 36.6349 -68.9778 -30.8675
    endloop
  endfacet
  facet normal 0.0519109 -0.140212 -0.98876
    outer loop
      vertex 36.7063 -68.7318 -30.8987
      vertex 34.72 -110.5 -25.08
      vertex 36.6521 -68.9331 -30.873
    endloop
  endfacet
  facet normal 0.052958 -0.140253 -0.988698
    outer loop
      vertex 36.739 -68.5263 -30.9261
      vertex 34.72 -110.5 -25.08
      vertex 36.7063 -68.7318 -30.8987
    endloop
  endfacet
  facet normal 0.186097 -0.144314 -0.971875
    outer loop
      vertex 36.7416 -68.4785 -30.9327
      vertex 34.72 -110.5 -25.08
      vertex 36.739 -68.5263 -30.9261
    endloop
  endfacet
  facet normal 0.0786133 -0.141229 -0.986851
    outer loop
      vertex 36.75 -68.3187 -30.9549
      vertex 34.72 -110.5 -25.08
      vertex 36.7416 -68.4785 -30.9327
    endloop
  endfacet
  facet normal 0.050893 -0.140169 -0.988819
    outer loop
      vertex 34.72 -110.5 -25.08
      vertex 36.75 -68.3187 -30.9549
      vertex 38.2543 -39.7 -34.9343
    endloop
  endfacet
  facet normal 0.0517914 -0.140206 -0.988767
    outer loop
      vertex 38.2543 -39.7 -34.9343
      vertex 36.75 -47.4631 -33.9123
      vertex 37 -39.7 -35
    endloop
  endfacet
  facet normal -0.156443 0 -0.987687
    outer loop
      vertex 8.50507 -39.7 -34.7378
      vertex 9.74565 -38.7 -34.9343
      vertex 9.74565 -39.7 -34.9343
    endloop
  endfacet
  facet normal -0.156443 0 -0.987687
    outer loop
      vertex 9.74565 -38.7 -34.9343
      vertex 8.50507 -39.7 -34.7378
      vertex 8.50507 -38.7 -34.7378
    endloop
  endfacet
  facet normal -0.154845 -0.142573 -0.977597
    outer loop
      vertex 12.4438 -110.5 -25.0362
      vertex 8.50507 -39.7 -34.7378
      vertex 9.74565 -39.7 -34.9343
    endloop
  endfacet
  facet normal 0.258817 0 -0.965926
    outer loop
      vertex 39.4949 -39.7 -34.7378
      vertex 40.7082 -38.7 -34.4127
      vertex 40.7082 -39.7 -34.4127
    endloop
  endfacet
  facet normal 0.258817 0 -0.965926
    outer loop
      vertex 40.7082 -38.7 -34.4127
      vertex 39.4949 -39.7 -34.7378
      vertex 39.4949 -38.7 -34.7378
    endloop
  endfacet
  facet normal 0.543973 0.046508 -0.837813
    outer loop
      vertex 44.0534 -38.7 -32.7082
      vertex 43 -7.5 -31.6602
      vertex 43.8779 -7.5 -31.0902
    endloop
  endfacet
  facet normal 0.53908 -0.142612 -0.830093
    outer loop
      vertex 44.0534 -39.7 -32.7082
      vertex 38.72 -110.5 -24.0082
      vertex 43 -39.7 -33.3923
    endloop
  endfacet
  facet normal 0.0522518 0.0622177 -0.996694
    outer loop
      vertex 38.2543 -38.7 -34.9343
      vertex 38 -7.5 -33
      vertex 39.0453 -7.5 -32.9452
    endloop
  endfacet
  facet normal 0.965404 0.0330366 -0.258657
    outer loop
      vertex 48.4127 -38.7 -26.7082
      vertex 47.5106 -7.5 -26.0902
      vertex 47.7815 -7.5 -25.0791
    endloop
  endfacet
  facet normal -0.700411 -0.137013 -0.700466
    outer loop
      vertex 7.92697 -110.5 -23.0252
      vertex 2.08226 -39.7 -31.0296
      vertex 2.97043 -39.7 -31.9177
    endloop
  endfacet
  facet normal -0.700486 -0.137011 -0.700391
    outer loop
      vertex 2.08226 -39.7 -31.0296
      vertex 7.92697 -110.5 -23.0252
      vertex 7.33485 -110.5 -22.433
    endloop
  endfacet
  facet normal -0.54405 0.0465093 -0.837763
    outer loop
      vertex 5 -38.7 -33.3923
      vertex 3.94658 -38.7 -32.7082
      vertex 5 -7.5 -31.6602
    endloop
  endfacet
  facet normal 1 -0 0
    outer loop
      vertex 49 -39.7 -18
      vertex 49 -38.7 -23
      vertex 49 -38.7 -18
    endloop
  endfacet
  facet normal 1 0 0
    outer loop
      vertex 49 -38.7 -23
      vertex 49 -39.7 -18
      vertex 49 -39.7 -23
    endloop
  endfacet
  facet normal 0.987177 0.0323408 -0.156317
    outer loop
      vertex 48.7378 -38.7 -25.4949
      vertex 47.7815 -7.5 -25.0791
      vertex 47.9452 -7.5 -24.0453
    endloop
  endfacet
  facet normal 0.156441 0 -0.987687
    outer loop
      vertex 38.2543 -39.7 -34.9343
      vertex 39.4949 -38.7 -34.7378
      vertex 39.4949 -39.7 -34.7378
    endloop
  endfacet
  facet normal 0.156441 0 -0.987687
    outer loop
      vertex 39.4949 -38.7 -34.7378
      vertex 38.2543 -39.7 -34.9343
      vertex 38.2543 -38.7 -34.9343
    endloop
  endfacet
  facet normal 0.154843 -0.142573 -0.977597
    outer loop
      vertex 39.4949 -39.7 -34.7378
      vertex 35.5562 -110.5 -25.0362
      vertex 38.2543 -39.7 -34.9343
    endloop
  endfacet
  facet normal -0.0522026 -0.140216 -0.988744
    outer loop
      vertex 13.28 -110.5 -25.08
      vertex 11.9488 -69.831 -30.7771
      vertex 11.9709 -69.8491 -30.7757
    endloop
  endfacet
  facet normal -0.0497399 -0.140155 -0.988879
    outer loop
      vertex 13.28 -110.5 -25.08
      vertex 11.9117 -69.8009 -30.7795
      vertex 11.9488 -69.831 -30.7771
    endloop
  endfacet
  facet normal -0.0524837 -0.140226 -0.988728
    outer loop
      vertex 13.28 -110.5 -25.08
      vertex 11.7974 -69.6862 -30.7897
      vertex 11.9117 -69.8009 -30.7795
    endloop
  endfacet
  facet normal -0.0495932 -0.140143 -0.988888
    outer loop
      vertex 13.28 -110.5 -25.08
      vertex 11.7637 -69.6524 -30.7928
      vertex 11.7974 -69.6862 -30.7897
    endloop
  endfacet
  facet normal -0.0553589 -0.140311 -0.988559
    outer loop
      vertex 13.28 -110.5 -25.08
      vertex 11.7337 -69.6152 -30.7964
      vertex 11.7637 -69.6524 -30.7928
    endloop
  endfacet
  facet normal -0.0517611 -0.140205 -0.988769
    outer loop
      vertex 13.28 -110.5 -25.08
      vertex 11.632 -69.4895 -30.8089
      vertex 11.7337 -69.6152 -30.7964
    endloop
  endfacet
  facet normal -0.050954 -0.140178 -0.988814
    outer loop
      vertex 13.28 -110.5 -25.08
      vertex 11.5179 -69.314 -30.8279
      vertex 11.632 -69.4895 -30.8089
    endloop
  endfacet
  facet normal -0.0519999 -0.140215 -0.988755
    outer loop
      vertex 13.28 -110.5 -25.08
      vertex 11.4447 -69.1705 -30.8444
      vertex 11.5179 -69.314 -30.8279
    endloop
  endfacet
  facet normal -0.0517325 -0.140205 -0.98877
    outer loop
      vertex 13.28 -110.5 -25.08
      vertex 11.4229 -69.1279 -30.8493
      vertex 11.4447 -69.1705 -30.8444
    endloop
  endfacet
  facet normal -0.0528853 -0.140248 -0.988703
    outer loop
      vertex 13.28 -110.5 -25.08
      vertex 11.3651 -68.9778 -30.8675
      vertex 11.4229 -69.1279 -30.8493
    endloop
  endfacet
  facet normal -0.0477188 -0.14005 -0.988994
    outer loop
      vertex 13.28 -110.5 -25.08
      vertex 11.3479 -68.9331 -30.873
      vertex 11.3651 -68.9778 -30.8675
    endloop
  endfacet
  facet normal -0.0519519 -0.140214 -0.988757
    outer loop
      vertex 13.28 -110.5 -25.08
      vertex 11.3355 -68.8869 -30.8789
      vertex 11.3479 -68.9331 -30.873
    endloop
  endfacet
  facet normal -0.0518987 -0.140212 -0.98876
    outer loop
      vertex 13.28 -110.5 -25.08
      vertex 11.2937 -68.7318 -30.8987
      vertex 11.3355 -68.8869 -30.8789
    endloop
  endfacet
  facet normal -0.0525069 -0.140236 -0.988725
    outer loop
      vertex 13.28 -110.5 -25.08
      vertex 11.2685 -68.5736 -30.9198
      vertex 11.2937 -68.7318 -30.8987
    endloop
  endfacet
  facet normal -0.0544838 -0.140314 -0.988607
    outer loop
      vertex 13.28 -110.5 -25.08
      vertex 11.261 -68.5263 -30.9261
      vertex 11.2685 -68.5736 -30.9198
    endloop
  endfacet
  facet normal -0.186097 -0.144314 -0.971875
    outer loop
      vertex 13.28 -110.5 -25.08
      vertex 11.2584 -68.4785 -30.9327
      vertex 11.261 -68.5263 -30.9261
    endloop
  endfacet
  facet normal -0.0786133 -0.141229 -0.986851
    outer loop
      vertex 13.28 -110.5 -25.08
      vertex 11.25 -68.3187 -30.9549
      vertex 11.2584 -68.4785 -30.9327
    endloop
  endfacet
  facet normal -0.0518165 -0.14021 -0.988765
    outer loop
      vertex 9.74565 -39.7 -34.9343
      vertex 11.25 -47.4631 -33.9123
      vertex 11.25 -68.3187 -30.9549
    endloop
  endfacet
  facet normal -0.0517894 -0.140205 -0.988767
    outer loop
      vertex 11.25 -47.4631 -33.9123
      vertex 9.74565 -39.7 -34.9343
      vertex 11 -39.7 -35
    endloop
  endfacet
  facet normal -0.050873 -0.140169 -0.98882
    outer loop
      vertex 9.74565 -39.7 -34.9343
      vertex 11.25 -68.3187 -30.9549
      vertex 13.28 -110.5 -25.08
    endloop
  endfacet
  facet normal -0.0517914 -0.140207 -0.988767
    outer loop
      vertex 12.4438 -110.5 -25.0362
      vertex 9.74565 -39.7 -34.9343
      vertex 13.28 -110.5 -25.08
    endloop
  endfacet
  facet normal -0.258821 0 -0.965925
    outer loop
      vertex 7.29179 -39.7 -34.4127
      vertex 8.50507 -38.7 -34.7378
      vertex 8.50507 -39.7 -34.7378
    endloop
  endfacet
  facet normal -0.258821 0 -0.965925
    outer loop
      vertex 8.50507 -38.7 -34.7378
      vertex 7.29179 -39.7 -34.4127
      vertex 7.29179 -38.7 -34.4127
    endloop
  endfacet
  facet normal 0.154837 -0.142572 -0.977598
    outer loop
      vertex 36.3833 -110.5 -24.9052
      vertex 35.5562 -110.5 -25.0362
      vertex 39.4949 -39.7 -34.7378
    endloop
  endfacet
  facet normal 0.453952 0 -0.891026
    outer loop
      vertex 41.8808 -39.7 -33.9625
      vertex 43 -38.7 -33.3923
      vertex 43 -39.7 -33.3923
    endloop
  endfacet
  facet normal 0.453952 0 -0.891026
    outer loop
      vertex 43 -38.7 -33.3923
      vertex 41.8808 -39.7 -33.9625
      vertex 41.8808 -38.7 -33.9625
    endloop
  endfacet
  facet normal 0.831777 -0.127909 -0.540173
    outer loop
      vertex 47.3923 -39.7 -29
      vertex 41.6482 -110.5 -21.08
      vertex 46.7082 -39.7 -30.0534
    endloop
  endfacet
  facet normal 0.0522068 0.0622175 -0.996696
    outer loop
      vertex 38.2543 -38.7 -34.9343
      vertex 37 -38.7 -35
      vertex 38 -7.5 -33
    endloop
  endfacet
  facet normal 0.776495 0.0390795 -0.62891
    outer loop
      vertex 45.9177 -38.7 -31.0296
      vertex 45.4314 -7.5 -29.6913
      vertex 46.0902 -7.5 -28.8779
    endloop
  endfacet
  facet normal -0.453411 0.0494016 -0.889932
    outer loop
      vertex 6.11916 -38.7 -33.9625
      vertex 5 -38.7 -33.3923
      vertex 5.93263 -7.5 -32.1355
    endloop
  endfacet
  facet normal -0.453965 0 -0.89102
    outer loop
      vertex 5 -39.7 -33.3923
      vertex 6.11916 -38.7 -33.9625
      vertex 6.11916 -39.7 -33.9625
    endloop
  endfacet
  facet normal -0.453965 0 -0.89102
    outer loop
      vertex 6.11916 -38.7 -33.9625
      vertex 5 -39.7 -33.3923
      vertex 5 -38.7 -33.3923
    endloop
  endfacet
  facet normal 0 1 0
    outer loop
      vertex 38 -7.5 -33
      vertex 48 -7.5 -18
      vertex 48 -7.5 -23
    endloop
  endfacet
  facet normal 0 1 0
    outer loop
      vertex 48 -7.5 -18
      vertex 38 -7.5 -33
      vertex 0 -7.5 -18
    endloop
  endfacet
  facet normal 0 1 0
    outer loop
      vertex 38 -7.5 -33
      vertex 48 -7.5 -23
      vertex 47.9452 -7.5 -24.0453
    endloop
  endfacet
  facet normal 0 1 -0
    outer loop
      vertex 10 -7.5 -33
      vertex 0 -7.5 -18
      vertex 38 -7.5 -33
    endloop
  endfacet
  facet normal 0 1 0
    outer loop
      vertex 38 -7.5 -33
      vertex 47.9452 -7.5 -24.0453
      vertex 47.7815 -7.5 -25.0791
    endloop
  endfacet
  facet normal 0 1 0
    outer loop
      vertex 0 -7.5 -18
      vertex 10 -7.5 -33
      vertex 0 -7.5 -23
    endloop
  endfacet
  facet normal 0 1 0
    outer loop
      vertex 38 -7.5 -33
      vertex 47.7815 -7.5 -25.0791
      vertex 47.5106 -7.5 -26.0902
    endloop
  endfacet
  facet normal 0 1 0
    outer loop
      vertex 0 -7.5 -23
      vertex 10 -7.5 -33
      vertex 0.0547791 -7.5 -24.0453
    endloop
  endfacet
  facet normal 0 1 0
    outer loop
      vertex 38 -7.5 -33
      vertex 47.5106 -7.5 -26.0902
      vertex 47.1355 -7.5 -27.0674
    endloop
  endfacet
  facet normal 0 1 0
    outer loop
      vertex 0.0547791 -7.5 -24.0453
      vertex 10 -7.5 -33
      vertex 0.218521 -7.5 -25.0791
    endloop
  endfacet
  facet normal 0 1 0
    outer loop
      vertex 38 -7.5 -33
      vertex 47.1355 -7.5 -27.0674
      vertex 46.6602 -7.5 -28
    endloop
  endfacet
  facet normal 0 1 0
    outer loop
      vertex 0.218521 -7.5 -25.0791
      vertex 10 -7.5 -33
      vertex 0.489441 -7.5 -26.0902
    endloop
  endfacet
  facet normal 0 1 0
    outer loop
      vertex 38 -7.5 -33
      vertex 46.6602 -7.5 -28
      vertex 46.0902 -7.5 -28.8779
    endloop
  endfacet
  facet normal 0 1 0
    outer loop
      vertex 0.489441 -7.5 -26.0902
      vertex 10 -7.5 -33
      vertex 0.864548 -7.5 -27.0674
    endloop
  endfacet
  facet normal 0 1 0
    outer loop
      vertex 38 -7.5 -33
      vertex 46.0902 -7.5 -28.8779
      vertex 45.4314 -7.5 -29.6913
    endloop
  endfacet
  facet normal 0 1 0
    outer loop
      vertex 0.864548 -7.5 -27.0674
      vertex 10 -7.5 -33
      vertex 1.33975 -7.5 -28
    endloop
  endfacet
  facet normal 0 1 0
    outer loop
      vertex 38 -7.5 -33
      vertex 45.4314 -7.5 -29.6913
      vertex 44.6913 -7.5 -30.4314
    endloop
  endfacet
  facet normal 0 1 0
    outer loop
      vertex 1.33975 -7.5 -28
      vertex 10 -7.5 -33
      vertex 1.90984 -7.5 -28.8779
    endloop
  endfacet
  facet normal 0 1 0
    outer loop
      vertex 38 -7.5 -33
      vertex 44.6913 -7.5 -30.4314
      vertex 43.8779 -7.5 -31.0902
    endloop
  endfacet
  facet normal 0 1 0
    outer loop
      vertex 1.90984 -7.5 -28.8779
      vertex 10 -7.5 -33
      vertex 2.56856 -7.5 -29.6913
    endloop
  endfacet
  facet normal 0 1 0
    outer loop
      vertex 38 -7.5 -33
      vertex 43.8779 -7.5 -31.0902
      vertex 43 -7.5 -31.6602
    endloop
  endfacet
  facet normal 0 1 0
    outer loop
      vertex 2.56856 -7.5 -29.6913
      vertex 10 -7.5 -33
      vertex 3.3087 -7.5 -30.4314
    endloop
  endfacet
  facet normal 0 1 0
    outer loop
      vertex 38 -7.5 -33
      vertex 43 -7.5 -31.6602
      vertex 42.0674 -7.5 -32.1355
    endloop
  endfacet
  facet normal 0 1 0
    outer loop
      vertex 3.3087 -7.5 -30.4314
      vertex 10 -7.5 -33
      vertex 4.12215 -7.5 -31.0902
    endloop
  endfacet
  facet normal 0 1 0
    outer loop
      vertex 38 -7.5 -33
      vertex 42.0674 -7.5 -32.1355
      vertex 41.0902 -7.5 -32.5106
    endloop
  endfacet
  facet normal 0 1 0
    outer loop
      vertex 4.12215 -7.5 -31.0902
      vertex 10 -7.5 -33
      vertex 5 -7.5 -31.6602
    endloop
  endfacet
  facet normal 0 1 0
    outer loop
      vertex 38 -7.5 -33
      vertex 41.0902 -7.5 -32.5106
      vertex 40.0791 -7.5 -32.7815
    endloop
  endfacet
  facet normal 0 1 0
    outer loop
      vertex 5 -7.5 -31.6602
      vertex 10 -7.5 -33
      vertex 5.93263 -7.5 -32.1355
    endloop
  endfacet
  facet normal 0 1 0
    outer loop
      vertex 38 -7.5 -33
      vertex 40.0791 -7.5 -32.7815
      vertex 39.0453 -7.5 -32.9452
    endloop
  endfacet
  facet normal 0 1 0
    outer loop
      vertex 5.93263 -7.5 -32.1355
      vertex 10 -7.5 -33
      vertex 6.90984 -7.5 -32.5106
    endloop
  endfacet
  facet normal 0 1 0
    outer loop
      vertex 6.90984 -7.5 -32.5106
      vertex 10 -7.5 -33
      vertex 7.92088 -7.5 -32.7815
    endloop
  endfacet
  facet normal 0 1 0
    outer loop
      vertex 7.92088 -7.5 -32.7815
      vertex 10 -7.5 -33
      vertex 8.95471 -7.5 -32.9452
    endloop
  endfacet
  facet normal -0.987689 0 -0.156431
    outer loop
      vertex -0.737778 -39.7 -25.4949
      vertex -0.934265 -38.7 -24.2543
      vertex -0.737778 -38.7 -25.4949
    endloop
  endfacet
  facet normal -0.987689 -0 -0.156431
    outer loop
      vertex -0.934265 -38.7 -24.2543
      vertex -0.737778 -39.7 -25.4949
      vertex -0.934265 -39.7 -24.2543
    endloop
  endfacet
  facet normal -0.831779 -0.127909 -0.540169
    outer loop
      vertex 6.35181 -110.5 -21.08
      vertex 0.607697 -39.7 -29
      vertex 1.29179 -39.7 -30.0534
    endloop
  endfacet
  facet normal -0.449232 -0.144025 -0.88173
    outer loop
      vertex 9.28001 -110.5 -24.0082
      vertex 5 -39.7 -33.3923
      vertex 6.11916 -39.7 -33.9625
    endloop
  endfacet
  facet normal -0.539073 -0.142612 -0.830098
    outer loop
      vertex 9.28001 -110.5 -24.0082
      vertex 3.94658 -39.7 -32.7082
      vertex 5 -39.7 -33.3923
    endloop
  endfacet
  facet normal -0.256102 -0.144004 -0.955863
    outer loop
      vertex 10.8079 -110.5 -24.6885
      vertex 8.50507 -39.7 -34.7378
      vertex 11.6167 -110.5 -24.9052
    endloop
  endfacet
  facet normal -0.357861 0.0524565 -0.9323
    outer loop
      vertex 7.29179 -38.7 -34.4127
      vertex 5.93263 -7.5 -32.1355
      vertex 6.90984 -7.5 -32.5106
    endloop
  endfacet
  facet normal -0.706475 0.0413172 -0.706531
    outer loop
      vertex 2.08226 -38.7 -31.0296
      vertex 3.3087 -7.5 -30.4314
      vertex 2.97043 -38.7 -31.9177
    endloop
  endfacet
  facet normal -0.706484 0.0413174 -0.706522
    outer loop
      vertex 3.3087 -7.5 -30.4314
      vertex 2.08226 -38.7 -31.0296
      vertex 2.56856 -7.5 -29.6913
    endloop
  endfacet
  facet normal -1 0 0
    outer loop
      vertex -1 -39.7 -23
      vertex -1 -38.7 -18
      vertex -1 -38.7 -23
    endloop
  endfacet
  facet normal -1 -0 0
    outer loop
      vertex -1 -38.7 -18
      vertex -1 -39.7 -23
      vertex -1 -39.7 -18
    endloop
  endfacet
  facet normal 0.998631 0 -0.0523081
    outer loop
      vertex 49 -39.7 -23
      vertex 48.9343 -38.7 -24.2543
      vertex 49 -38.7 -23
    endloop
  endfacet
  facet normal 0.998631 0 -0.0523081
    outer loop
      vertex 48.9343 -38.7 -24.2543
      vertex 49 -39.7 -23
      vertex 48.9343 -39.7 -24.2543
    endloop
  endfacet
  facet normal 0.999487 0.0320348 0
    outer loop
      vertex 49 -38.7 -18
      vertex 48 -7.5 -23
      vertex 48 -7.5 -18
    endloop
  endfacet
  facet normal 0.999487 0.0320348 0
    outer loop
      vertex 48 -7.5 -23
      vertex 49 -38.7 -18
      vertex 49 -38.7 -23
    endloop
  endfacet
  facet normal 0.994171 -0.0944279 -0.0520287
    outer loop
      vertex 43.4923 -101.861 -18
      vertex 42.7712 -109.453 -18
      vertex 45.5452 -78.9 -20.4453
    endloop
  endfacet
  facet normal 0.884313 -0.122154 -0.450631
    outer loop
      vertex 42.0284 -110.5 -20.3339
      vertex 41.6482 -110.5 -21.08
      vertex 47.9625 -39.7 -27.8808
    endloop
  endfacet
  facet normal 0.987171 0.0323426 -0.156359
    outer loop
      vertex 48.7378 -38.7 -25.4949
      vertex 47.9452 -7.5 -24.0453
      vertex 48.9343 -38.7 -24.2543
    endloop
  endfacet
  facet normal 0.256119 -0.144004 -0.955859
    outer loop
      vertex 40.7082 -39.7 -34.4127
      vertex 37.1921 -110.5 -24.6885
      vertex 39.4949 -39.7 -34.7378
    endloop
  endfacet
  facet normal 0.53909 -0.142612 -0.830087
    outer loop
      vertex 39.4223 -110.5 -23.5521
      vertex 38.72 -110.5 -24.0082
      vertex 44.0534 -39.7 -32.7082
    endloop
  endfacet
  facet normal 0.99626 -0.0864102 0
    outer loop
      vertex 45.7648 -77 -18
      vertex 49 -39.7 -23
      vertex 49 -39.7 -18
    endloop
  endfacet
  facet normal 0.996259 -0.0864124 0
    outer loop
      vertex 45.6 -78.9 -19.4
      vertex 45.7648 -77 -18
      vertex 45.6 -78.9 -18
    endloop
  endfacet
  facet normal 0.99626 -0.0864105 -2.58266e-06
    outer loop
      vertex 45.7648 -77 -18
      vertex 45.6 -78.9 -19.4
      vertex 49 -39.7 -23
    endloop
  endfacet
  facet normal 0.453524 0.0494022 -0.889874
    outer loop
      vertex 43 -38.7 -33.3923
      vertex 42.0674 -7.5 -32.1355
      vertex 43 -7.5 -31.6602
    endloop
  endfacet
  facet normal 0.706503 0.0413168 -0.706503
    outer loop
      vertex 45.0296 -38.7 -31.9177
      vertex 45.4314 -7.5 -29.6913
      vertex 45.9177 -38.7 -31.0296
    endloop
  endfacet
  facet normal 0.706503 0.0413168 -0.706503
    outer loop
      vertex 45.4314 -7.5 -29.6913
      vertex 45.0296 -38.7 -31.9177
      vertex 44.6913 -7.5 -30.4314
    endloop
  endfacet
  facet normal 0.156128 0.0588994 -0.985979
    outer loop
      vertex 39.4949 -38.7 -34.7378
      vertex 39.0453 -7.5 -32.9452
      vertex 40.0791 -7.5 -32.7815
    endloop
  endfacet
  facet normal 0.156169 0.0588996 -0.985973
    outer loop
      vertex 39.4949 -38.7 -34.7378
      vertex 38.2543 -38.7 -34.9343
      vertex 39.0453 -7.5 -32.9452
    endloop
  endfacet
  facet normal 0.838143 0.0371046 -0.544187
    outer loop
      vertex 46.7082 -38.7 -30.0534
      vertex 46.0902 -7.5 -28.8779
      vertex 46.6602 -7.5 -28
    endloop
  endfacet
  facet normal 0.933559 0 -0.358424
    outer loop
      vertex 48.4127 -39.7 -26.7082
      vertex 47.9625 -38.7 -27.8808
      vertex 48.4127 -38.7 -26.7082
    endloop
  endfacet
  facet normal 0.933559 0 -0.358424
    outer loop
      vertex 47.9625 -38.7 -27.8808
      vertex 48.4127 -39.7 -26.7082
      vertex 47.9625 -39.7 -27.8808
    endloop
  endfacet
  facet normal -0.999487 0.0320348 0
    outer loop
      vertex -1 -38.7 -23
      vertex 0 -7.5 -18
      vertex 0 -7.5 -23
    endloop
  endfacet
  facet normal -0.999487 0.0320348 0
    outer loop
      vertex 0 -7.5 -18
      vertex -1 -38.7 -23
      vertex -1 -38.7 -18
    endloop
  endfacet
  facet normal -0.982729 -0.100087 -0.155651
    outer loop
      vertex 2.45479 -78.9 -20.4453
      vertex -0.737778 -39.7 -25.4949
      vertex 2.61853 -78.9 -21.4791
    endloop
  endfacet
  facet normal -0.99863 0 -0.0523359
    outer loop
      vertex -0.934265 -39.7 -24.2543
      vertex -1 -38.7 -23
      vertex -0.934265 -38.7 -24.2543
    endloop
  endfacet
  facet normal -0.99863 -0 -0.0523359
    outer loop
      vertex -1 -38.7 -23
      vertex -0.934265 -39.7 -24.2543
      vertex -1 -39.7 -23
    endloop
  endfacet
  facet normal -0.994482 -0.0910428 -0.0521185
    outer loop
      vertex 2.40001 -78.9 -19.4
      vertex -1 -39.7 -23
      vertex -0.934265 -39.7 -24.2543
    endloop
  endfacet
  facet normal -0.998118 0.031991 -0.0523091
    outer loop
      vertex -0.934265 -38.7 -24.2543
      vertex -1 -38.7 -23
      vertex 0 -7.5 -23
    endloop
  endfacet
  facet normal -0.998119 0.0319909 -0.0523065
    outer loop
      vertex 0.0547791 -7.5 -24.0453
      vertex -0.934265 -38.7 -24.2543
      vertex 0 -7.5 -23
    endloop
  endfacet
  facet normal -0.623045 -0.140268 -0.769506
    outer loop
      vertex 7.92697 -110.5 -23.0252
      vertex 2.97043 -39.7 -31.9177
      vertex 8.57773 -110.5 -23.5521
    endloop
  endfacet
  facet normal -0.83809 0.0371088 -0.544268
    outer loop
      vertex 1.29179 -38.7 -30.0534
      vertex 0.607697 -38.7 -29
      vertex 1.33975 -7.5 -28
    endloop
  endfacet
  facet normal -0.449303 -0.144023 -0.881694
    outer loop
      vertex 9.28001 -110.5 -24.0082
      vertex 6.11916 -39.7 -33.9625
      vertex 10.0261 -110.5 -24.3884
    endloop
  endfacet
  facet normal -0.256123 -0.144004 -0.955858
    outer loop
      vertex 10.8079 -110.5 -24.6885
      vertex 7.29179 -39.7 -34.4127
      vertex 8.50507 -39.7 -34.7378
    endloop
  endfacet
  facet normal -0.354655 -0.14449 -0.923765
    outer loop
      vertex 10.8079 -110.5 -24.6885
      vertex 6.11916 -39.7 -33.9625
      vertex 7.29179 -39.7 -34.4127
    endloop
  endfacet
  facet normal -0.156123 0.0588996 -0.98598
    outer loop
      vertex 8.50507 -38.7 -34.7378
      vertex 7.92088 -7.5 -32.7815
      vertex 8.95471 -7.5 -32.9452
    endloop
  endfacet
  facet normal -0.357923 0.0524521 -0.932277
    outer loop
      vertex 6.11916 -38.7 -33.9625
      vertex 5.93263 -7.5 -32.1355
      vertex 7.29179 -38.7 -34.4127
    endloop
  endfacet
  facet normal -0.358416 0 -0.933562
    outer loop
      vertex 6.11916 -39.7 -33.9625
      vertex 7.29179 -38.7 -34.4127
      vertex 7.29179 -39.7 -34.4127
    endloop
  endfacet
  facet normal -0.358416 0 -0.933562
    outer loop
      vertex 7.29179 -38.7 -34.4127
      vertex 6.11916 -39.7 -33.9625
      vertex 6.11916 -38.7 -33.9625
    endloop
  endfacet
  facet normal -0.965398 0.0330374 -0.258679
    outer loop
      vertex -0.412674 -38.7 -26.7082
      vertex -0.737778 -38.7 -25.4949
      vertex 0.218521 -7.5 -25.0791
    endloop
  endfacet
  facet normal -0.96022 -0.108523 -0.257293
    outer loop
      vertex 5.45483 -110.5 -18.7433
      vertex -0.737778 -39.7 -25.4949
      vertex 5.67155 -110.5 -19.5521
    endloop
  endfacet
  facet normal -0.933034 0.0340717 -0.358171
    outer loop
      vertex 0.0374603 -38.7 -27.8808
      vertex -0.412674 -38.7 -26.7082
      vertex 0.864548 -7.5 -27.0674
    endloop
  endfacet
  facet normal -0.890455 0.0354332 -0.45369
    outer loop
      vertex 0.607697 -38.7 -29
      vertex 0.0374603 -38.7 -27.8808
      vertex 0.864548 -7.5 -27.0674
    endloop
  endfacet
  facet normal -0.707079 0 -0.707135
    outer loop
      vertex 2.97043 -39.7 -31.9177
      vertex 2.08226 -38.7 -31.0296
      vertex 2.97043 -38.7 -31.9177
    endloop
  endfacet
  facet normal -0.707079 -0 -0.707135
    outer loop
      vertex 2.08226 -38.7 -31.0296
      vertex 2.97043 -39.7 -31.9177
      vertex 2.08226 -39.7 -31.0296
    endloop
  endfacet
  facet normal -0.962 -0.108055 -0.25076
    outer loop
      vertex 2.61853 -78.9 -21.4791
      vertex -0.737778 -39.7 -25.4949
      vertex 5.45483 -110.5 -18.7433
    endloop
  endfacet
  facet normal -0.994167 -0.094433 -0.0521003
    outer loop
      vertex 2.45479 -78.9 -20.4453
      vertex 4.13794 -97.9689 -18
      vertex 2.40001 -78.9 -19.4
    endloop
  endfacet
  facet normal -0.994166 -0.0944356 -0.052122
    outer loop
      vertex 4.13794 -97.9689 -18
      vertex 2.45479 -78.9 -20.4453
      vertex 4.50765 -101.861 -18
    endloop
  endfacet
  facet normal -0.933576 0 -0.358379
    outer loop
      vertex 0.0374603 -39.7 -27.8808
      vertex -0.412674 -38.7 -26.7082
      vertex 0.0374603 -38.7 -27.8808
    endloop
  endfacet
  facet normal -0.933576 -0 -0.358379
    outer loop
      vertex -0.412674 -38.7 -26.7082
      vertex 0.0374603 -39.7 -27.8808
      vertex -0.412674 -39.7 -26.7082
    endloop
  endfacet
  facet normal -0.995873 -0.0907629 0
    outer loop
      vertex 2.40001 -78.9 -19.4
      vertex 2.77368 -83 -18
      vertex 2.40001 -78.9 -18
    endloop
  endfacet
  facet normal -0.995872 -0.0907634 -1.76479e-06
    outer loop
      vertex 2.77368 -83 -18
      vertex 2.40001 -78.9 -19.4
      vertex 4.13794 -97.9689 -18
    endloop
  endfacet
  facet normal 0.998117 0.0319928 -0.0523264
    outer loop
      vertex 48.9343 -38.7 -24.2543
      vertex 47.9452 -7.5 -24.0453
      vertex 48 -7.5 -23
    endloop
  endfacet
  facet normal 0.890467 0.0354304 -0.453667
    outer loop
      vertex 47.3923 -38.7 -29
      vertex 47.1355 -7.5 -27.0674
      vertex 47.9625 -38.7 -27.8808
    endloop
  endfacet
  facet normal 0.982728 -0.100088 -0.155655
    outer loop
      vertex 48.9343 -39.7 -24.2543
      vertex 45.5452 -78.9 -20.4453
      vertex 48.7378 -39.7 -25.4949
    endloop
  endfacet
  facet normal 0.982735 -0.100083 -0.155614
    outer loop
      vertex 45.5452 -78.9 -20.4453
      vertex 45.3815 -78.9 -21.4791
      vertex 48.7378 -39.7 -25.4949
    endloop
  endfacet
  facet normal 0.927292 -0.115673 -0.356018
    outer loop
      vertex 48.4127 -39.7 -26.7082
      vertex 42.3284 -110.5 -19.5521
      vertex 47.9625 -39.7 -27.8808
    endloop
  endfacet
  facet normal 0.994484 -0.0910401 -0.0520909
    outer loop
      vertex 49 -39.7 -23
      vertex 45.6 -78.9 -19.4
      vertex 48.9343 -39.7 -24.2543
    endloop
  endfacet
  facet normal 0.629315 0 -0.77715
    outer loop
      vertex 44.0534 -39.7 -32.7082
      vertex 45.0296 -38.7 -31.9177
      vertex 45.0296 -39.7 -31.9177
    endloop
  endfacet
  facet normal 0.629315 0 -0.77715
    outer loop
      vertex 45.0296 -38.7 -31.9177
      vertex 44.0534 -39.7 -32.7082
      vertex 44.0534 -38.7 -32.7082
    endloop
  endfacet
  facet normal 0.258416 0.055633 -0.96443
    outer loop
      vertex 40.7082 -38.7 -34.4127
      vertex 39.4949 -38.7 -34.7378
      vertex 40.0791 -7.5 -32.7815
    endloop
  endfacet
  facet normal 0.258397 0.0556329 -0.964435
    outer loop
      vertex 40.7082 -38.7 -34.4127
      vertex 40.0791 -7.5 -32.7815
      vertex 41.0902 -7.5 -32.5106
    endloop
  endfacet
  facet normal 0.357931 0.0524511 -0.932274
    outer loop
      vertex 41.8808 -38.7 -33.9625
      vertex 40.7082 -38.7 -34.4127
      vertex 42.0674 -7.5 -32.1355
    endloop
  endfacet
  facet normal 0.357865 0.0524558 -0.932299
    outer loop
      vertex 42.0674 -7.5 -32.1355
      vertex 40.7082 -38.7 -34.4127
      vertex 41.0902 -7.5 -32.5106
    endloop
  endfacet
  facet normal 0.544058 0.046509 -0.837758
    outer loop
      vertex 43 -38.7 -33.3923
      vertex 43 -7.5 -31.6602
      vertex 44.0534 -38.7 -32.7082
    endloop
  endfacet
  facet normal 0.544647 0 -0.838665
    outer loop
      vertex 43 -39.7 -33.3923
      vertex 44.0534 -38.7 -32.7082
      vertex 44.0534 -39.7 -32.7082
    endloop
  endfacet
  facet normal 0.544647 0 -0.838665
    outer loop
      vertex 44.0534 -38.7 -32.7082
      vertex 43 -39.7 -33.3923
      vertex 43 -38.7 -33.3923
    endloop
  endfacet
  facet normal 0.776557 0.0390739 -0.628834
    outer loop
      vertex 46.7082 -38.7 -30.0534
      vertex 45.9177 -38.7 -31.0296
      vertex 46.0902 -7.5 -28.8779
    endloop
  endfacet
  facet normal 0.77715 0 -0.629315
    outer loop
      vertex 46.7082 -39.7 -30.0534
      vertex 45.9177 -38.7 -31.0296
      vertex 46.7082 -38.7 -30.0534
    endloop
  endfacet
  facet normal 0.77715 0 -0.629315
    outer loop
      vertex 45.9177 -38.7 -31.0296
      vertex 46.7082 -39.7 -30.0534
      vertex 45.9177 -39.7 -31.0296
    endloop
  endfacet
  facet normal 0.838088 0.0371101 -0.544272
    outer loop
      vertex 46.7082 -38.7 -30.0534
      vertex 46.6602 -7.5 -28
      vertex 47.3923 -38.7 -29
    endloop
  endfacet
  facet normal -0.543994 0.0465086 -0.837799
    outer loop
      vertex 5 -7.5 -31.6602
      vertex 3.94658 -38.7 -32.7082
      vertex 4.12215 -7.5 -31.0902
    endloop
  endfacet
  facet normal -0.629334 0 -0.777135
    outer loop
      vertex 2.97043 -39.7 -31.9177
      vertex 3.94658 -38.7 -32.7082
      vertex 3.94658 -39.7 -32.7082
    endloop
  endfacet
  facet normal -0.629334 0 -0.777135
    outer loop
      vertex 3.94658 -38.7 -32.7082
      vertex 2.97043 -39.7 -31.9177
      vertex 2.97043 -38.7 -31.9177
    endloop
  endfacet
  facet normal -0.628731 0.0438007 -0.776389
    outer loop
      vertex 3.94658 -38.7 -32.7082
      vertex 2.97043 -38.7 -31.9177
      vertex 4.12215 -7.5 -31.0902
    endloop
  endfacet
  facet normal -0.628763 0.0438012 -0.776362
    outer loop
      vertex 4.12215 -7.5 -31.0902
      vertex 2.97043 -38.7 -31.9177
      vertex 3.3087 -7.5 -30.4314
    endloop
  endfacet
  facet normal -0.5391 -0.142612 -0.83008
    outer loop
      vertex 8.57773 -110.5 -23.5521
      vertex 3.94658 -39.7 -32.7082
      vertex 9.28001 -110.5 -24.0082
    endloop
  endfacet
  facet normal -0.623113 -0.140267 -0.769452
    outer loop
      vertex 8.57773 -110.5 -23.5521
      vertex 2.97043 -39.7 -31.9177
      vertex 3.94658 -39.7 -32.7082
    endloop
  endfacet
  facet normal -0.99626 -0.0864104 0
    outer loop
      vertex -1 -39.7 -23
      vertex 2.23521 -77 -18
      vertex -1 -39.7 -18
    endloop
  endfacet
  facet normal -0.99626 -0.0864107 -2.27597e-06
    outer loop
      vertex 2.40001 -78.9 -19.4
      vertex 2.23521 -77 -18
      vertex -1 -39.7 -23
    endloop
  endfacet
  facet normal -0.996259 -0.0864124 0
    outer loop
      vertex 2.23521 -77 -18
      vertex 2.40001 -78.9 -19.4
      vertex 2.40001 -78.9 -18
    endloop
  endfacet
  facet normal -0.258412 0.0556329 -0.964432
    outer loop
      vertex 7.29179 -38.7 -34.4127
      vertex 6.90984 -7.5 -32.5106
      vertex 7.92088 -7.5 -32.7815
    endloop
  endfacet
  facet normal -0.0522523 0.0622178 -0.996694
    outer loop
      vertex 9.74565 -38.7 -34.9343
      vertex 8.95471 -7.5 -32.9452
      vertex 10 -7.5 -33
    endloop
  endfacet
  facet normal -0.156172 0.0588998 -0.985972
    outer loop
      vertex 9.74565 -38.7 -34.9343
      vertex 8.50507 -38.7 -34.7378
      vertex 8.95471 -7.5 -32.9452
    endloop
  endfacet
  facet normal -0.987171 0.0323411 -0.156356
    outer loop
      vertex 0.218521 -7.5 -25.0791
      vertex -0.737778 -38.7 -25.4949
      vertex 0.0547791 -7.5 -24.0453
    endloop
  endfacet
  facet normal -0.93304 0.0340721 -0.358156
    outer loop
      vertex 0.864548 -7.5 -27.0674
      vertex -0.412674 -38.7 -26.7082
      vertex 0.489441 -7.5 -26.0902
    endloop
  endfacet
  facet normal -0.965399 0.0330373 -0.258675
    outer loop
      vertex 0.489441 -7.5 -26.0902
      vertex -0.412674 -38.7 -26.7082
      vertex 0.218521 -7.5 -25.0791
    endloop
  endfacet
  facet normal -0.770229 -0.132881 -0.623771
    outer loop
      vertex 6.80788 -110.5 -21.7823
      vertex 2.08226 -39.7 -31.0296
      vertex 7.33485 -110.5 -22.433
    endloop
  endfacet
  facet normal -0.77027 -0.132878 -0.62372
    outer loop
      vertex 6.80788 -110.5 -21.7823
      vertex 1.29179 -39.7 -30.0534
      vertex 2.08226 -39.7 -31.0296
    endloop
  endfacet
  facet normal -0.831787 -0.127908 -0.540158
    outer loop
      vertex 6.35181 -110.5 -21.08
      vertex 1.29179 -39.7 -30.0534
      vertex 6.80788 -110.5 -21.7823
    endloop
  endfacet
  facet normal -0.776533 0.0390781 -0.628864
    outer loop
      vertex 2.08226 -38.7 -31.0296
      vertex 1.90984 -7.5 -28.8779
      vertex 2.56856 -7.5 -29.6913
    endloop
  endfacet
  facet normal -0.777162 0 -0.629301
    outer loop
      vertex 2.08226 -39.7 -31.0296
      vertex 1.29179 -38.7 -30.0534
      vertex 2.08226 -38.7 -31.0296
    endloop
  endfacet
  facet normal -0.777162 -0 -0.629301
    outer loop
      vertex 1.29179 -38.7 -30.0534
      vertex 2.08226 -39.7 -31.0296
      vertex 1.29179 -39.7 -30.0534
    endloop
  endfacet
  facet normal -0.89044 0.0354349 -0.453719
    outer loop
      vertex 1.33975 -7.5 -28
      vertex 0.607697 -38.7 -29
      vertex 0.864548 -7.5 -27.0674
    endloop
  endfacet
  facet normal -0.994167 -0.094434 -0.0521062
    outer loop
      vertex 4.50765 -101.861 -18
      vertex 2.45479 -78.9 -20.4453
      vertex 5.2288 -109.453 -18
    endloop
  endfacet
  facet normal -0.98257 -0.101666 -0.155626
    outer loop
      vertex 2.61853 -78.9 -21.4791
      vertex 5.2288 -109.453 -18
      vertex 2.45479 -78.9 -20.4453
    endloop
  endfacet
  facet normal -0.982732 -0.101571 -0.154663
    outer loop
      vertex 5.2288 -109.453 -18
      vertex 2.61853 -78.9 -21.4791
      vertex 5.26022 -109.757 -18
    endloop
  endfacet
  facet normal -0.891014 0 -0.453975
    outer loop
      vertex 0.607697 -39.7 -29
      vertex 0.0374603 -38.7 -27.8808
      vertex 0.607697 -38.7 -29
    endloop
  endfacet
  facet normal -0.891014 -0 -0.453975
    outer loop
      vertex 0.0374603 -38.7 -27.8808
      vertex 0.607697 -39.7 -29
      vertex 0.0374603 -39.7 -27.8808
    endloop
  endfacet
  facet normal -0.884342 -0.122151 -0.450576
    outer loop
      vertex 6.35181 -110.5 -21.08
      vertex 0.0374603 -39.7 -27.8808
      vertex 0.607697 -39.7 -29
    endloop
  endfacet
  facet normal 0.99812 0.031991 -0.0522813
    outer loop
      vertex 48.9343 -38.7 -24.2543
      vertex 48 -7.5 -23
      vertex 49 -38.7 -23
    endloop
  endfacet
  facet normal 0.965399 0.0330375 -0.258676
    outer loop
      vertex 48.4127 -38.7 -26.7082
      vertex 47.7815 -7.5 -25.0791
      vertex 48.7378 -38.7 -25.4949
    endloop
  endfacet
  facet normal 0.965926 0 -0.258817
    outer loop
      vertex 48.7378 -39.7 -25.4949
      vertex 48.4127 -38.7 -26.7082
      vertex 48.7378 -38.7 -25.4949
    endloop
  endfacet
  facet normal 0.965926 0 -0.258817
    outer loop
      vertex 48.4127 -38.7 -26.7082
      vertex 48.7378 -39.7 -25.4949
      vertex 48.4127 -39.7 -26.7082
    endloop
  endfacet
  facet normal 0.933042 0.0340716 -0.35815
    outer loop
      vertex 48.4127 -38.7 -26.7082
      vertex 47.1355 -7.5 -27.0674
      vertex 47.5106 -7.5 -26.0902
    endloop
  endfacet
  facet normal 0.933017 0.0340698 -0.358216
    outer loop
      vertex 47.9625 -38.7 -27.8808
      vertex 47.1355 -7.5 -27.0674
      vertex 48.4127 -38.7 -26.7082
    endloop
  endfacet
  facet normal 0.960222 -0.108523 -0.257288
    outer loop
      vertex 48.7378 -39.7 -25.4949
      vertex 42.3284 -110.5 -19.5521
      vertex 48.4127 -39.7 -26.7082
    endloop
  endfacet
  facet normal 0.449298 -0.144023 -0.881697
    outer loop
      vertex 38.72 -110.5 -24.0082
      vertex 37.9739 -110.5 -24.3884
      vertex 41.8808 -39.7 -33.9625
    endloop
  endfacet
  facet normal 0.623093 -0.140267 -0.769467
    outer loop
      vertex 45.0296 -39.7 -31.9177
      vertex 39.4223 -110.5 -23.5521
      vertex 44.0534 -39.7 -32.7082
    endloop
  endfacet
  facet normal 0.994166 -0.0944327 -0.0521193
    outer loop
      vertex 43.8621 -97.9689 -18
      vertex 45.5452 -78.9 -20.4453
      vertex 45.6 -78.9 -19.4
    endloop
  endfacet
  facet normal 0.994153 -0.0944574 -0.052321
    outer loop
      vertex 45.5452 -78.9 -20.4453
      vertex 43.8621 -97.9689 -18
      vertex 43.4923 -101.861 -18
    endloop
  endfacet
  facet normal 0.994481 -0.0910454 -0.0521358
    outer loop
      vertex 45.6 -78.9 -19.4
      vertex 45.5452 -78.9 -20.4453
      vertex 48.9343 -39.7 -24.2543
    endloop
  endfacet
  facet normal 0.628711 0.0438 -0.776404
    outer loop
      vertex 44.0534 -38.7 -32.7082
      vertex 43.8779 -7.5 -31.0902
      vertex 45.0296 -38.7 -31.9177
    endloop
  endfacet
  facet normal 0.707107 0 -0.707107
    outer loop
      vertex 45.9177 -39.7 -31.0296
      vertex 45.0296 -38.7 -31.9177
      vertex 45.9177 -38.7 -31.0296
    endloop
  endfacet
  facet normal 0.707107 0 -0.707107
    outer loop
      vertex 45.0296 -38.7 -31.9177
      vertex 45.9177 -39.7 -31.0296
      vertex 45.0296 -39.7 -31.9177
    endloop
  endfacet
  facet normal 0.927357 -0.115659 -0.355854
    outer loop
      vertex 42.3284 -110.5 -19.5521
      vertex 42.0284 -110.5 -20.3339
      vertex 47.9625 -39.7 -27.8808
    endloop
  endfacet
  facet normal 0.838665 0 -0.544647
    outer loop
      vertex 47.3923 -39.7 -29
      vertex 46.7082 -38.7 -30.0534
      vertex 47.3923 -38.7 -29
    endloop
  endfacet
  facet normal 0.838665 0 -0.544647
    outer loop
      vertex 46.7082 -38.7 -30.0534
      vertex 47.3923 -39.7 -29
      vertex 46.7082 -39.7 -30.0534
    endloop
  endfacet
  facet normal -0.453513 0.0494026 -0.889879
    outer loop
      vertex 5 -38.7 -33.3923
      vertex 5 -7.5 -31.6602
      vertex 5.93263 -7.5 -32.1355
    endloop
  endfacet
  facet normal 0 -1 0
    outer loop
      vertex 13.28 -110.5 -25.08
      vertex 5.33711 -110.5 -18
      vertex 5.45483 -110.5 -18.7433
    endloop
  endfacet
  facet normal 0 -1 0
    outer loop
      vertex 5.33711 -110.5 -18
      vertex 13.28 -110.5 -25.08
      vertex 42.6629 -110.5 -18
    endloop
  endfacet
  facet normal 0 -1 0
    outer loop
      vertex 13.28 -110.5 -25.08
      vertex 5.45483 -110.5 -18.7433
      vertex 5.67155 -110.5 -19.5521
    endloop
  endfacet
  facet normal 0 -1 0
    outer loop
      vertex 34.72 -110.5 -25.08
      vertex 42.6629 -110.5 -18
      vertex 13.28 -110.5 -25.08
    endloop
  endfacet
  facet normal 0 -1 0
    outer loop
      vertex 13.28 -110.5 -25.08
      vertex 5.67155 -110.5 -19.5521
      vertex 5.97165 -110.5 -20.3339
    endloop
  endfacet
  facet normal 0 -1 0
    outer loop
      vertex 42.6629 -110.5 -18
      vertex 34.72 -110.5 -25.08
      vertex 42.5452 -110.5 -18.7433
    endloop
  endfacet
  facet normal 0 -1 0
    outer loop
      vertex 13.28 -110.5 -25.08
      vertex 5.97165 -110.5 -20.3339
      vertex 6.35181 -110.5 -21.08
    endloop
  endfacet
  facet normal 0 -1 0
    outer loop
      vertex 42.5452 -110.5 -18.7433
      vertex 34.72 -110.5 -25.08
      vertex 42.3284 -110.5 -19.5521
    endloop
  endfacet
  facet normal 0 -1 0
    outer loop
      vertex 13.28 -110.5 -25.08
      vertex 6.35181 -110.5 -21.08
      vertex 6.80788 -110.5 -21.7823
    endloop
  endfacet
  facet normal 0 -1 0
    outer loop
      vertex 42.3284 -110.5 -19.5521
      vertex 34.72 -110.5 -25.08
      vertex 42.0284 -110.5 -20.3339
    endloop
  endfacet
  facet normal 0 -1 0
    outer loop
      vertex 13.28 -110.5 -25.08
      vertex 6.80788 -110.5 -21.7823
      vertex 7.33485 -110.5 -22.433
    endloop
  endfacet
  facet normal 0 -1 0
    outer loop
      vertex 42.0284 -110.5 -20.3339
      vertex 34.72 -110.5 -25.08
      vertex 41.6482 -110.5 -21.08
    endloop
  endfacet
  facet normal 0 -1 0
    outer loop
      vertex 13.28 -110.5 -25.08
      vertex 7.33485 -110.5 -22.433
      vertex 7.92697 -110.5 -23.0252
    endloop
  endfacet
  facet normal 0 -1 0
    outer loop
      vertex 41.6482 -110.5 -21.08
      vertex 34.72 -110.5 -25.08
      vertex 41.1921 -110.5 -21.7823
    endloop
  endfacet
  facet normal 0 -1 0
    outer loop
      vertex 13.28 -110.5 -25.08
      vertex 7.92697 -110.5 -23.0252
      vertex 8.57773 -110.5 -23.5521
    endloop
  endfacet
  facet normal 0 -1 0
    outer loop
      vertex 41.1921 -110.5 -21.7823
      vertex 34.72 -110.5 -25.08
      vertex 40.6651 -110.5 -22.433
    endloop
  endfacet
  facet normal 0 -1 0
    outer loop
      vertex 13.28 -110.5 -25.08
      vertex 8.57773 -110.5 -23.5521
      vertex 9.28001 -110.5 -24.0082
    endloop
  endfacet
  facet normal 0 -1 0
    outer loop
      vertex 40.6651 -110.5 -22.433
      vertex 34.72 -110.5 -25.08
      vertex 40.073 -110.5 -23.0252
    endloop
  endfacet
  facet normal 0 -1 0
    outer loop
      vertex 13.28 -110.5 -25.08
      vertex 9.28001 -110.5 -24.0082
      vertex 10.0261 -110.5 -24.3884
    endloop
  endfacet
  facet normal 0 -1 0
    outer loop
      vertex 40.073 -110.5 -23.0252
      vertex 34.72 -110.5 -25.08
      vertex 39.4223 -110.5 -23.5521
    endloop
  endfacet
  facet normal 0 -1 0
    outer loop
      vertex 13.28 -110.5 -25.08
      vertex 10.0261 -110.5 -24.3884
      vertex 10.8079 -110.5 -24.6885
    endloop
  endfacet
  facet normal 0 -1 0
    outer loop
      vertex 39.4223 -110.5 -23.5521
      vertex 34.72 -110.5 -25.08
      vertex 38.72 -110.5 -24.0082
    endloop
  endfacet
  facet normal 0 -1 0
    outer loop
      vertex 13.28 -110.5 -25.08
      vertex 10.8079 -110.5 -24.6885
      vertex 11.6167 -110.5 -24.9052
    endloop
  endfacet
  facet normal 0 -1 0
    outer loop
      vertex 38.72 -110.5 -24.0082
      vertex 34.72 -110.5 -25.08
      vertex 37.9739 -110.5 -24.3884
    endloop
  endfacet
  facet normal 0 -1 0
    outer loop
      vertex 13.28 -110.5 -25.08
      vertex 11.6167 -110.5 -24.9052
      vertex 12.4438 -110.5 -25.0362
    endloop
  endfacet
  facet normal 0 -1 0
    outer loop
      vertex 37.9739 -110.5 -24.3884
      vertex 34.72 -110.5 -25.08
      vertex 37.1921 -110.5 -24.6885
    endloop
  endfacet
  facet normal 0 -1 0
    outer loop
      vertex 37.1921 -110.5 -24.6885
      vertex 34.72 -110.5 -25.08
      vertex 36.3833 -110.5 -24.9052
    endloop
  endfacet
  facet normal 0 -1 0
    outer loop
      vertex 36.3833 -110.5 -24.9052
      vertex 34.72 -110.5 -25.08
      vertex 35.5562 -110.5 -25.0362
    endloop
  endfacet
  facet normal -0.965926 0 -0.25882
    outer loop
      vertex -0.412674 -39.7 -26.7082
      vertex -0.737778 -38.7 -25.4949
      vertex -0.412674 -38.7 -26.7082
    endloop
  endfacet
  facet normal -0.965926 -0 -0.25882
    outer loop
      vertex -0.737778 -38.7 -25.4949
      vertex -0.412674 -39.7 -26.7082
      vertex -0.737778 -39.7 -25.4949
    endloop
  endfacet
  facet normal -0.838668 0 -0.544643
    outer loop
      vertex 1.29179 -39.7 -30.0534
      vertex 0.607697 -38.7 -29
      vertex 1.29179 -38.7 -30.0534
    endloop
  endfacet
  facet normal -0.838668 -0 -0.544643
    outer loop
      vertex 0.607697 -38.7 -29
      vertex 1.29179 -39.7 -30.0534
      vertex 0.607697 -39.7 -29
    endloop
  endfacet
  facet normal -0.98257 -0.101666 -0.155631
    outer loop
      vertex 5.45483 -110.5 -18.7433
      vertex 5.26022 -109.757 -18
      vertex 2.61853 -78.9 -21.4791
    endloop
  endfacet
  facet normal -0.982571 -0.101682 -0.155614
    outer loop
      vertex 5.26022 -109.757 -18
      vertex 5.45483 -110.5 -18.7433
      vertex 5.33711 -110.5 -18
    endloop
  endfacet
  facet normal -0.927316 -0.115667 -0.355958
    outer loop
      vertex 5.67155 -110.5 -19.5521
      vertex 0.0374603 -39.7 -27.8808
      vertex 5.97165 -110.5 -20.3339
    endloop
  endfacet
  facet normal -0.884333 -0.122152 -0.450594
    outer loop
      vertex 5.97165 -110.5 -20.3339
      vertex 0.0374603 -39.7 -27.8808
      vertex 6.35181 -110.5 -21.08
    endloop
  endfacet
  facet normal 0.960196 -0.108529 -0.257382
    outer loop
      vertex 42.5452 -110.5 -18.7433
      vertex 42.3284 -110.5 -19.5521
      vertex 48.7378 -39.7 -25.4949
    endloop
  endfacet
  facet normal 0.961997 -0.108056 -0.250772
    outer loop
      vertex 45.3815 -78.9 -21.4791
      vertex 42.5452 -110.5 -18.7433
      vertex 48.7378 -39.7 -25.4949
    endloop
  endfacet
  facet normal 0.256102 -0.144004 -0.955863
    outer loop
      vertex 37.1921 -110.5 -24.6885
      vertex 36.3833 -110.5 -24.9052
      vertex 39.4949 -39.7 -34.7378
    endloop
  endfacet
  facet normal 0.354602 -0.144489 -0.923786
    outer loop
      vertex 37.9739 -110.5 -24.3884
      vertex 37.1921 -110.5 -24.6885
      vertex 41.8808 -39.7 -33.9625
    endloop
  endfacet
  facet normal 0.700498 -0.13701 -0.700379
    outer loop
      vertex 40.073 -110.5 -23.0252
      vertex 45.9177 -39.7 -31.0296
      vertex 40.6651 -110.5 -22.433
    endloop
  endfacet
  facet normal 0.700438 -0.137012 -0.700438
    outer loop
      vertex 45.9177 -39.7 -31.0296
      vertex 40.073 -110.5 -23.0252
      vertex 45.0296 -39.7 -31.9177
    endloop
  endfacet
  facet normal 0.628787 0.0438012 -0.776343
    outer loop
      vertex 45.0296 -38.7 -31.9177
      vertex 43.8779 -7.5 -31.0902
      vertex 44.6913 -7.5 -30.4314
    endloop
  endfacet
  facet normal 0.770259 -0.132878 -0.623734
    outer loop
      vertex 46.7082 -39.7 -30.0534
      vertex 41.1921 -110.5 -21.7823
      vertex 45.9177 -39.7 -31.0296
    endloop
  endfacet
  facet normal 0.83177 -0.12791 -0.540183
    outer loop
      vertex 41.6482 -110.5 -21.08
      vertex 41.1921 -110.5 -21.7823
      vertex 46.7082 -39.7 -30.0534
    endloop
  endfacet
  facet normal 0.884354 -0.12215 -0.450553
    outer loop
      vertex 47.9625 -39.7 -27.8808
      vertex 41.6482 -110.5 -21.08
      vertex 47.3923 -39.7 -29
    endloop
  endfacet
  facet normal -0.92731 -0.115669 -0.355973
    outer loop
      vertex 5.67155 -110.5 -19.5521
      vertex -0.412674 -39.7 -26.7082
      vertex 0.0374603 -39.7 -27.8808
    endloop
  endfacet
  facet normal -0.960221 -0.108523 -0.257291
    outer loop
      vertex 5.67155 -110.5 -19.5521
      vertex -0.737778 -39.7 -25.4949
      vertex -0.412674 -39.7 -26.7082
    endloop
  endfacet
  facet normal -0.838104 0.0371075 -0.544247
    outer loop
      vertex 1.90984 -7.5 -28.8779
      vertex 1.29179 -38.7 -30.0534
      vertex 1.33975 -7.5 -28
    endloop
  endfacet
  facet normal -0.776568 0.0390749 -0.62882
    outer loop
      vertex 2.08226 -38.7 -31.0296
      vertex 1.29179 -38.7 -30.0534
      vertex 1.90984 -7.5 -28.8779
    endloop
  endfacet
  facet normal 0.995872 -0.0907701 0
    outer loop
      vertex 45.2263 -83 -18
      vertex 45.6 -78.9 -19.4
      vertex 45.6 -78.9 -18
    endloop
  endfacet
  facet normal 0.995873 -0.0907595 3.12655e-05
    outer loop
      vertex 45.6 -78.9 -19.4
      vertex 45.2263 -83 -18
      vertex 43.8621 -97.9689 -18
    endloop
  endfacet
  facet normal 0.62308 -0.140268 -0.769478
    outer loop
      vertex 40.073 -110.5 -23.0252
      vertex 39.4223 -110.5 -23.5521
      vertex 45.0296 -39.7 -31.9177
    endloop
  endfacet
  facet normal 0.770211 -0.132883 -0.623792
    outer loop
      vertex 41.1921 -110.5 -21.7823
      vertex 40.6651 -110.5 -22.433
      vertex 45.9177 -39.7 -31.0296
    endloop
  endfacet
  facet normal 0 0 1
    outer loop
      vertex 44.7 -77.4587 -18
      vertex 44.575 -78.9 -18
      vertex 44.7 -83 -18
    endloop
  endfacet
  facet normal 0 0 1
    outer loop
      vertex 42.8371 -97.3504 -18
      vertex 45.2263 -83 -18
      vertex 44.7 -83 -18
    endloop
  endfacet
  facet normal 0 0 1
    outer loop
      vertex 42.8371 -97.3504 -18
      vertex 44.7 -83 -18
      vertex 44.575 -78.9 -18
    endloop
  endfacet
  facet normal 0 0 1
    outer loop
      vertex 45.2263 -83 -18
      vertex 42.8371 -97.3504 -18
      vertex 43.8621 -97.9689 -18
    endloop
  endfacet
  facet normal 0 0 1
    outer loop
      vertex 42.4943 -100.841 -18
      vertex 43.8621 -97.9689 -18
      vertex 42.8371 -97.3504 -18
    endloop
  endfacet
  facet normal 0 0 1
    outer loop
      vertex 43.8621 -97.9689 -18
      vertex 42.4943 -100.841 -18
      vertex 43.4923 -101.861 -18
    endloop
  endfacet
  facet normal 0 0 1
    outer loop
      vertex 41.8734 -107.167 -18
      vertex 43.4923 -101.861 -18
      vertex 42.4943 -100.841 -18
    endloop
  endfacet
  facet normal 0 0 1
    outer loop
      vertex 43.4923 -101.861 -18
      vertex 41.8734 -107.167 -18
      vertex 42.7712 -109.453 -18
    endloop
  endfacet
  facet normal 0 0 1
    outer loop
      vertex 41.6265 -109.475 -18
      vertex 42.7712 -109.453 -18
      vertex 41.8734 -107.167 -18
    endloop
  endfacet
  facet normal 0 0 1
    outer loop
      vertex 42.7712 -109.453 -18
      vertex 41.6265 -109.475 -18
      vertex 42.7398 -109.757 -18
    endloop
  endfacet
  facet normal 0 0 1
    outer loop
      vertex 42.7398 -109.757 -18
      vertex 41.6265 -109.475 -18
      vertex 42.6629 -110.5 -18
    endloop
  endfacet
  facet normal -0 0 1
    outer loop
      vertex 6.37347 -109.475 -18
      vertex 42.6629 -110.5 -18
      vertex 41.6265 -109.475 -18
    endloop
  endfacet
  facet normal 0 0 1
    outer loop
      vertex 6.37347 -109.475 -18
      vertex 5.33711 -110.5 -18
      vertex 42.6629 -110.5 -18
    endloop
  endfacet
  facet normal -0 0 1
    outer loop
      vertex 5.2288 -109.453 -18
      vertex 6.37347 -109.475 -18
      vertex 6.12664 -107.167 -18
    endloop
  endfacet
  facet normal -0 0 1
    outer loop
      vertex 4.50765 -101.861 -18
      vertex 6.12664 -107.167 -18
      vertex 5.50566 -100.841 -18
    endloop
  endfacet
  facet normal 0 0 1
    outer loop
      vertex 6.37347 -109.475 -18
      vertex 5.26022 -109.757 -18
      vertex 5.33711 -110.5 -18
    endloop
  endfacet
  facet normal 0 0 1
    outer loop
      vertex 6.37347 -109.475 -18
      vertex 5.2288 -109.453 -18
      vertex 5.26022 -109.757 -18
    endloop
  endfacet
  facet normal -0 0 1
    outer loop
      vertex 4.13794 -97.9689 -18
      vertex 5.50566 -100.841 -18
      vertex 5.16293 -97.3504 -18
    endloop
  endfacet
  facet normal 0 0 1
    outer loop
      vertex 6.12664 -107.167 -18
      vertex 4.50765 -101.861 -18
      vertex 5.2288 -109.453 -18
    endloop
  endfacet
  facet normal 0 0 1
    outer loop
      vertex 5.50566 -100.841 -18
      vertex 4.13794 -97.9689 -18
      vertex 4.50765 -101.861 -18
    endloop
  endfacet
  facet normal -0 0 1
    outer loop
      vertex 3.29999 -83 -18
      vertex 5.16293 -97.3504 -18
      vertex 3.425 -78.9 -18
    endloop
  endfacet
  facet normal 0 0 1
    outer loop
      vertex 3.29999 -83 -18
      vertex 3.425 -78.9 -18
      vertex 3.29999 -77.4587 -18
    endloop
  endfacet
  facet normal -0 0 1
    outer loop
      vertex 2.77368 -83 -18
      vertex 5.16293 -97.3504 -18
      vertex 3.29999 -83 -18
    endloop
  endfacet
  facet normal 0 0 1
    outer loop
      vertex 5.16293 -97.3504 -18
      vertex 2.77368 -83 -18
      vertex 4.13794 -97.9689 -18
    endloop
  endfacet
  facet normal 0 0 -1
    outer loop
      vertex 45.6 -78.9 -18
      vertex 45.9 -77 -18
      vertex 45.9 -83 -18
    endloop
  endfacet
  facet normal -0 0 -1
    outer loop
      vertex 45.9 -77 -18
      vertex 45.6 -78.9 -18
      vertex 45.7648 -77 -18
    endloop
  endfacet
  facet normal 0 -0 -1
    outer loop
      vertex 45.6 -78.9 -18
      vertex 45.9 -83 -18
      vertex 45.2263 -83 -18
    endloop
  endfacet
  facet normal 0 0 -1
    outer loop
      vertex 2.10001 -83 -18
      vertex 2.40001 -78.9 -18
      vertex 2.77368 -83 -18
    endloop
  endfacet
  facet normal 0 0 -1
    outer loop
      vertex 2.10001 -77 -18
      vertex 2.40001 -78.9 -18
      vertex 2.10001 -83 -18
    endloop
  endfacet
  facet normal 0 0 -1
    outer loop
      vertex 2.40001 -78.9 -18
      vertex 2.10001 -77 -18
      vertex 2.23521 -77 -18
    endloop
  endfacet
  facet normal 0 0 1
    outer loop
      vertex 49 -38.7 -18
      vertex 46.975 -8.525 -18
      vertex 47.975 -38.7 -18
    endloop
  endfacet
  facet normal 0 0 1
    outer loop
      vertex 48 -7.5 -18
      vertex 1.02499 -8.525 -18
      vertex 46.975 -8.525 -18
    endloop
  endfacet
  facet normal 0 0 1
    outer loop
      vertex 1.02499 -8.525 -18
      vertex -1 -38.7 -18
      vertex 0.0249939 -38.7 -18
    endloop
  endfacet
  facet normal 0 0 1
    outer loop
      vertex -1 -38.7 -18
      vertex 1.02499 -8.525 -18
      vertex 0 -7.5 -18
    endloop
  endfacet
  facet normal -0 0 1
    outer loop
      vertex 0 -7.5 -18
      vertex 1.02499 -8.525 -18
      vertex 48 -7.5 -18
    endloop
  endfacet
  facet normal -0 0 1
    outer loop
      vertex 46.975 -8.525 -18
      vertex 49 -38.7 -18
      vertex 48 -7.5 -18
    endloop
  endfacet
  facet normal 0 0 1
    outer loop
      vertex 49 -38.7 -18
      vertex 47.975 -38.7 -18
      vertex 49 -39.7 -18
    endloop
  endfacet
  facet normal 0 0 1
    outer loop
      vertex 47.975 -39.7 -18
      vertex 49 -39.7 -18
      vertex 47.975 -38.7 -18
    endloop
  endfacet
  facet normal -0 0 1
    outer loop
      vertex 47.975 -39.7 -18
      vertex 45.7648 -77 -18
      vertex 49 -39.7 -18
    endloop
  endfacet
  facet normal 0 -0 1
    outer loop
      vertex 45.7648 -77 -18
      vertex 47.975 -39.7 -18
      vertex 44.7398 -77 -18
    endloop
  endfacet
  facet normal 0 0 1
    outer loop
      vertex 0.0249939 -39.7 -18
      vertex 2.23521 -77 -18
      vertex 3.26021 -77 -18
    endloop
  endfacet
  facet normal 0 0 1
    outer loop
      vertex 0.0249939 -38.7 -18
      vertex -1 -38.7 -18
      vertex 0.0249939 -39.7 -18
    endloop
  endfacet
  facet normal 0 0 1
    outer loop
      vertex -1 -39.7 -18
      vertex 0.0249939 -39.7 -18
      vertex -1 -38.7 -18
    endloop
  endfacet
  facet normal 0 0 1
    outer loop
      vertex 0.0249939 -39.7 -18
      vertex -1 -39.7 -18
      vertex 2.23521 -77 -18
    endloop
  endfacet
  facet normal -0.998632 0 0.0522949
    outer loop
      vertex 46.448 -39.7 -23.993
      vertex 46.5 -38.7 -23
      vertex 46.448 -38.7 -23.993
    endloop
  endfacet
  facet normal -0.998632 0 0.0522949
    outer loop
      vertex 46.5 -38.7 -23
      vertex 46.448 -39.7 -23.993
      vertex 46.5 -39.7 -23
    endloop
  endfacet
  facet normal 0.926323 0.12446 0.355577
    outer loop
      vertex 7.80989 -103.661 -19.675
      vertex 5.54842 -78.9 -22.4505
      vertex 5.26709 -78.9 -21.7176
    endloop
  endfacet
  facet normal 0.926336 0.124458 0.355544
    outer loop
      vertex 5.54842 -78.9 -22.4505
      vertex 7.80989 -103.661 -19.675
      vertex 7.94626 -104.676 -19.675
    endloop
  endfacet
  facet normal -0.154727 0.15038 0.976445
    outer loop
      vertex 35.8635 -108 -22.4598
      vertex 37.1593 -78.9 -26.7361
      vertex 35.2949 -108 -22.5499
    endloop
  endfacet
  facet normal -0.830845 0.136139 0.539595
    outer loop
      vertex 42.0952 -78.9 -23.15
      vertex 41.6676 -78.9 -23.8084
      vertex 39.1696 -108 -20.3128
    endloop
  endfacet
  facet normal -0.156119 -0.0640091 0.985662
    outer loop
      vertex 38.9752 -38.7 -32.2924
      vertex 39.5593 -10 -30.3361
      vertex 38.784 -10 -30.4589
    endloop
  endfacet
  facet normal -0.700167 0.139757 0.700167
    outer loop
      vertex 40.6185 -78.9 -24.9736
      vertex 44.0599 -39.7 -29.3567
      vertex 43.3567 -39.7 -30.0599
    endloop
  endfacet
  facet normal -0.700167 0.139757 0.700167
    outer loop
      vertex 44.0599 -39.7 -29.3567
      vertex 40.6185 -78.9 -24.9736
      vertex 41.1736 -78.9 -24.4185
    endloop
  endfacet
  facet normal -0.993371 0.102468 0.052108
    outer loop
      vertex 43.0856 -78.9 -19.675
      vertex 43.0589 -78.9 -20.184
      vertex 42.5934 -83.6716 -19.675
    endloop
  endfacet
  facet normal 0.960215 0.108572 0.257294
    outer loop
      vertex 5.0639 -78.9 -20.9593
      vertex 1.96497 -39.7 -25.9357
      vertex 1.7076 -39.7 -24.9752
    endloop
  endfacet
  facet normal 0.92723 0.116408 0.355939
    outer loop
      vertex 5.54842 -78.9 -22.4505
      vertex 2.32132 -39.7 -26.864
      vertex 1.96497 -39.7 -25.9357
    endloop
  endfacet
  facet normal 0.156106 -0.0640091 0.985664
    outer loop
      vertex 9.02484 -38.7 -32.2924
      vertex 9.21603 -10 -30.4589
      vertex 8.44066 -10 -30.3361
    endloop
  endfacet
  facet normal 0.0517736 0.148179 0.987604
    outer loop
      vertex 13.28 -108 -22.58
      vertex 12.4 -78.9 -26.9
      vertex 11.616 -78.9 -26.8589
    endloop
  endfacet
  facet normal -0.838037 -0.0403332 0.544121
    outer loop
      vertex 44.6857 -38.7 -28.584
      vertex 45.2272 -38.7 -27.75
      vertex 44.4952 -10 -26.75
    endloop
  endfacet
  facet normal -0.994486 0.0910376 0.052051
    outer loop
      vertex 43.0589 -78.9 -20.184
      vertex 43.3004 -76.5529 -19.675
      vertex 46.448 -39.7 -23.993
    endloop
  endfacet
  facet normal -0.994482 0.0910122 0.0521664
    outer loop
      vertex 43.3004 -76.5529 -19.675
      vertex 43.0589 -78.9 -20.184
      vertex 43.0856 -78.9 -19.675
    endloop
  endfacet
  facet normal 0.258376 -0.060461 0.964151
    outer loop
      vertex 9.02484 -38.7 -32.2924
      vertex 8.44066 -10 -30.3361
      vertex 8.06433 -38.7 -32.035
    endloop
  endfacet
  facet normal -0.358332 0 0.933594
    outer loop
      vertex 39.9357 -38.7 -32.035
      vertex 40.864 -39.7 -31.6787
      vertex 40.864 -38.7 -31.6787
    endloop
  endfacet
  facet normal -0.358332 0 0.933594
    outer loop
      vertex 40.864 -39.7 -31.6787
      vertex 39.9357 -38.7 -32.035
      vertex 39.9357 -39.7 -32.035
    endloop
  endfacet
  facet normal 0.982728 0.100087 0.155655
    outer loop
      vertex 4.9411 -78.9 -20.184
      vertex 5.0639 -78.9 -20.9593
      vertex 1.7076 -39.7 -24.9752
    endloop
  endfacet
  facet normal -0.0517571 0.143043 0.988362
    outer loop
      vertex 36.75 -46.7 -31.5
      vertex 37.993 -39.7 -32.448
      vertex 37 -39.7 -32.5
    endloop
  endfacet
  facet normal -0.051785 0.143048 0.98836
    outer loop
      vertex 37.993 -39.7 -32.448
      vertex 36.75 -46.7 -31.5
      vertex 36.75 -60.0619 -29.5661
    endloop
  endfacet
  facet normal -0.0524126 0.143075 0.988323
    outer loop
      vertex 36.0883 -69.2672 -28.2686
      vertex 35.6 -78.9 -26.9
      vertex 36.1945 -69.1606 -28.2784
    endloop
  endfacet
  facet normal -0.050923 0.143012 0.98841
    outer loop
      vertex 36.0429 -69.3041 -28.2656
      vertex 35.6 -78.9 -26.9
      vertex 36.0883 -69.2672 -28.2686
    endloop
  endfacet
  facet normal -0.0512899 0.143026 0.988389
    outer loop
      vertex 35.6 -78.9 -26.9
      vertex 36.0429 -69.3041 -28.2656
      vertex 35.9397 -69.3881 -28.2588
    endloop
  endfacet
  facet normal -0.00206188 0.141489 0.989938
    outer loop
      vertex 35.9256 -69.3995 -28.2572
      vertex 35.6 -78.9 -26.9
      vertex 35.9397 -69.3881 -28.2588
    endloop
  endfacet
  facet normal -0.000328435 0.141431 0.989948
    outer loop
      vertex 35.75 -69.5126 -28.2411
      vertex 35.6 -78.9 -26.9
      vertex 35.9256 -69.3995 -28.2572
    endloop
  endfacet
  facet normal 0.000527316 0.141418 0.98995
    outer loop
      vertex 35.6154 -69.5807 -28.2313
      vertex 35.6 -78.9 -26.9
      vertex 35.75 -69.5126 -28.2411
    endloop
  endfacet
  facet normal -0.000816614 0.14142 0.989949
    outer loop
      vertex 35.5635 -69.6069 -28.2276
      vertex 35.6 -78.9 -26.9
      vertex 35.6154 -69.5807 -28.2313
    endloop
  endfacet
  facet normal 0.000778154 0.141426 0.989949
    outer loop
      vertex 35.5091 -69.6276 -28.2246
      vertex 35.6 -78.9 -26.9
      vertex 35.5635 -69.6069 -28.2276
    endloop
  endfacet
  facet normal 0.000200867 0.14142 0.98995
    outer loop
      vertex 35.368 -69.6813 -28.2169
      vertex 35.6 -78.9 -26.9
      vertex 35.5091 -69.6276 -28.2246
    endloop
  endfacet
  facet normal -0.000287237 0.141408 0.989951
    outer loop
      vertex 35.2221 -69.7201 -28.2114
      vertex 35.6 -78.9 -26.9
      vertex 35.368 -69.6813 -28.2169
    endloop
  endfacet
  facet normal -0.000744999 0.14139 0.989954
    outer loop
      vertex 35.1658 -69.7351 -28.2093
      vertex 35.6 -78.9 -26.9
      vertex 35.2221 -69.7201 -28.2114
    endloop
  endfacet
  facet normal 0.000271169 0.141437 0.989947
    outer loop
      vertex 34.9591 -69.7676 -28.2046
      vertex 35.6 -78.9 -26.9
      vertex 35.1658 -69.7351 -28.2093
    endloop
  endfacet
  facet normal -0.000484076 0.141385 0.989955
    outer loop
      vertex 34.9009 -69.7706 -28.2042
      vertex 35.6 -78.9 -26.9
      vertex 34.9591 -69.7676 -28.2046
    endloop
  endfacet
  facet normal -0.000186689 0.141407 0.989951
    outer loop
      vertex 34.75 -69.7785 -28.2031
      vertex 35.6 -78.9 -26.9
      vertex 34.9009 -69.7706 -28.2042
    endloop
  endfacet
  facet normal -0 0.141424 0.989949
    outer loop
      vertex 13.25 -69.7785 -28.2031
      vertex 35.6 -78.9 -26.9
      vertex 34.75 -69.7785 -28.2031
    endloop
  endfacet
  facet normal 0.000186689 0.141407 0.989951
    outer loop
      vertex 12.4 -78.9 -26.9
      vertex 13.25 -69.7785 -28.2031
      vertex 13.0991 -69.7706 -28.2042
    endloop
  endfacet
  facet normal 0.000484076 0.141385 0.989955
    outer loop
      vertex 12.4 -78.9 -26.9
      vertex 13.0991 -69.7706 -28.2042
      vertex 13.0409 -69.7676 -28.2046
    endloop
  endfacet
  facet normal -0.000271169 0.141437 0.989947
    outer loop
      vertex 12.4 -78.9 -26.9
      vertex 13.0409 -69.7676 -28.2046
      vertex 12.8342 -69.7351 -28.2093
    endloop
  endfacet
  facet normal 0.000744999 0.14139 0.989954
    outer loop
      vertex 12.4 -78.9 -26.9
      vertex 12.8342 -69.7351 -28.2093
      vertex 12.7779 -69.7201 -28.2114
    endloop
  endfacet
  facet normal 0.000287237 0.141408 0.989951
    outer loop
      vertex 12.4 -78.9 -26.9
      vertex 12.7779 -69.7201 -28.2114
      vertex 12.632 -69.6813 -28.2169
    endloop
  endfacet
  facet normal -0.000200867 0.14142 0.98995
    outer loop
      vertex 12.4 -78.9 -26.9
      vertex 12.632 -69.6813 -28.2169
      vertex 12.4909 -69.6276 -28.2246
    endloop
  endfacet
  facet normal -0.000778154 0.141426 0.989949
    outer loop
      vertex 12.4 -78.9 -26.9
      vertex 12.4909 -69.6276 -28.2246
      vertex 12.4365 -69.6069 -28.2276
    endloop
  endfacet
  facet normal 0 0.141424 0.989949
    outer loop
      vertex 13.25 -69.7785 -28.2031
      vertex 12.4 -78.9 -26.9
      vertex 35.6 -78.9 -26.9
    endloop
  endfacet
  facet normal 0.000816614 0.14142 0.989949
    outer loop
      vertex 12.3846 -69.5807 -28.2313
      vertex 12.4 -78.9 -26.9
      vertex 12.4365 -69.6069 -28.2276
    endloop
  endfacet
  facet normal -0.000527316 0.141418 0.98995
    outer loop
      vertex 12.25 -69.5126 -28.2411
      vertex 12.4 -78.9 -26.9
      vertex 12.3846 -69.5807 -28.2313
    endloop
  endfacet
  facet normal 0.000328435 0.141431 0.989948
    outer loop
      vertex 12.0744 -69.3995 -28.2572
      vertex 12.4 -78.9 -26.9
      vertex 12.25 -69.5126 -28.2411
    endloop
  endfacet
  facet normal 0.00206188 0.141489 0.989938
    outer loop
      vertex 12.4 -78.9 -26.9
      vertex 12.0744 -69.3995 -28.2572
      vertex 12.0603 -69.3881 -28.2588
    endloop
  endfacet
  facet normal -0.00249434 0.141507 0.989934
    outer loop
      vertex 37 -39.7 -32.5
      vertex 36.7466 -46.3972 -31.5433
      vertex 36.75 -46.4615 -31.5341
    endloop
  endfacet
  facet normal 0.00427572 0.141255 0.989964
    outer loop
      vertex 37 -39.7 -32.5
      vertex 36.739 -46.254 -31.5637
      vertex 36.7466 -46.3972 -31.5433
    endloop
  endfacet
  facet normal 1.08461e-05 0.141423 0.989949
    outer loop
      vertex 37 -39.7 -32.5
      vertex 36.7165 -46.1126 -31.5839
      vertex 36.739 -46.254 -31.5637
    endloop
  endfacet
  facet normal 1.07929e-05 0.141423 0.989949
    outer loop
      vertex 37 -39.7 -32.5
      vertex 36.7063 -46.0489 -31.593
      vertex 36.7165 -46.1126 -31.5839
    endloop
  endfacet
  facet normal 7.05075e-06 0.141423 0.989949
    outer loop
      vertex 37 -39.7 -32.5
      vertex 36.6895 -45.9866 -31.6019
      vertex 36.7063 -46.0489 -31.593
    endloop
  endfacet
  facet normal -0.000952165 0.14147 0.989942
    outer loop
      vertex 37 -39.7 -32.5
      vertex 36.6521 -45.8483 -31.6217
      vertex 36.6895 -45.9866 -31.6019
    endloop
  endfacet
  facet normal -1.03782e-05 0.141417 0.98995
    outer loop
      vertex 37 -39.7 -32.5
      vertex 36.6004 -45.7146 -31.6408
      vertex 36.6521 -45.8483 -31.6217
    endloop
  endfacet
  facet normal 0.000507527 0.141384 0.989955
    outer loop
      vertex 37 -39.7 -32.5
      vertex 36.5771 -45.6543 -31.6494
      vertex 36.6004 -45.7146 -31.6408
    endloop
  endfacet
  facet normal -4.05896e-06 0.141419 0.98995
    outer loop
      vertex 37 -39.7 -32.5
      vertex 36.5116 -45.5269 -31.6676
      vertex 36.5771 -45.6543 -31.6494
    endloop
  endfacet
  facet normal 0.000819879 0.141352 0.989959
    outer loop
      vertex 37 -39.7 -32.5
      vertex 36.4821 -45.4693 -31.6758
      vertex 36.5116 -45.5269 -31.6676
    endloop
  endfacet
  facet normal -0.000105714 0.141433 0.989948
    outer loop
      vertex 37 -39.7 -32.5
      vertex 36.368 -45.2951 -31.7007
      vertex 36.4821 -45.4693 -31.6758
    endloop
  endfacet
  facet normal -0.000302947 0.141455 0.989945
    outer loop
      vertex 37 -39.7 -32.5
      vertex 36.327 -45.2448 -31.7079
      vertex 36.368 -45.2951 -31.7007
    endloop
  endfacet
  facet normal -0.000138447 0.141435 0.989947
    outer loop
      vertex 37 -39.7 -32.5
      vertex 36.2363 -45.1336 -31.7238
      vertex 36.327 -45.2448 -31.7079
    endloop
  endfacet
  facet normal 0.000239102 0.141383 0.989955
    outer loop
      vertex 37 -39.7 -32.5
      vertex 36.1344 -45.0326 -31.7382
      vertex 36.2363 -45.1336 -31.7238
    endloop
  endfacet
  facet normal 0.000792522 0.141295 0.989967
    outer loop
      vertex 37 -39.7 -32.5
      vertex 36.0883 -44.9868 -31.7447
      vertex 36.1344 -45.0326 -31.7382
    endloop
  endfacet
  facet normal -0.000327036 0.141484 0.98994
    outer loop
      vertex 37 -39.7 -32.5
      vertex 35.9763 -44.8968 -31.7576
      vertex 36.0883 -44.9868 -31.7447
    endloop
  endfacet
  facet normal 0.000240853 0.141375 0.989956
    outer loop
      vertex 37 -39.7 -32.5
      vertex 35.9256 -44.8561 -31.7634
      vertex 35.9763 -44.8968 -31.7576
    endloop
  endfacet
  facet normal -0.000140438 0.141453 0.989945
    outer loop
      vertex 37 -39.7 -32.5
      vertex 35.75 -44.7429 -31.7796
      vertex 35.9256 -44.8561 -31.7634
    endloop
  endfacet
  facet normal -1.25899e-06 0.141419 0.98995
    outer loop
      vertex 37 -39.7 -32.5
      vertex 35.6918 -44.7135 -31.7838
      vertex 35.75 -44.7429 -31.7796
    endloop
  endfacet
  facet normal -0.000196008 0.141469 0.989943
    outer loop
      vertex 37 -39.7 -32.5
      vertex 35.5635 -44.6486 -31.7931
      vertex 35.6918 -44.7135 -31.7838
    endloop
  endfacet
  facet normal 9.18063e-05 0.141387 0.989954
    outer loop
      vertex 37 -39.7 -32.5
      vertex 35.4291 -44.5974 -31.8004
      vertex 35.5635 -44.6486 -31.7931
    endloop
  endfacet
  facet normal 0.000204376 0.141351 0.989959
    outer loop
      vertex 37 -39.7 -32.5
      vertex 35.368 -44.5742 -31.8037
      vertex 35.4291 -44.5974 -31.8004
    endloop
  endfacet
  facet normal -7.0823e-07 0.141419 0.98995
    outer loop
      vertex 37 -39.7 -32.5
      vertex 35.3048 -44.5574 -31.8061
      vertex 35.368 -44.5742 -31.8037
    endloop
  endfacet
  facet normal -9.38025e-05 0.141451 0.989945
    outer loop
      vertex 37 -39.7 -32.5
      vertex 35.1658 -44.5204 -31.8114
      vertex 35.3048 -44.5574 -31.8061
    endloop
  endfacet
  facet normal 0.000192801 0.141344 0.989961
    outer loop
      vertex 37 -39.7 -32.5
      vertex 34.9591 -44.4879 -31.816
      vertex 35.1658 -44.5204 -31.8114
    endloop
  endfacet
  facet normal -0.000288551 0.141545 0.989932
    outer loop
      vertex 37 -39.7 -32.5
      vertex 34.8153 -44.4805 -31.8171
      vertex 34.9591 -44.4879 -31.816
    endloop
  endfacet
  facet normal -0.000211836 0.14151 0.989937
    outer loop
      vertex 37 -39.7 -32.5
      vertex 34.75 -44.4771 -31.8176
      vertex 34.8153 -44.4805 -31.8171
    endloop
  endfacet
  facet normal 0 0.141413 0.989951
    outer loop
      vertex 37 -39.7 -32.5
      vertex 13.25 -44.4771 -31.8176
      vertex 34.75 -44.4771 -31.8176
    endloop
  endfacet
  facet normal -0 0.141413 0.989951
    outer loop
      vertex 11 -39.7 -32.5
      vertex 13.25 -44.4771 -31.8176
      vertex 37 -39.7 -32.5
    endloop
  endfacet
  facet normal 0.000211836 0.14151 0.989937
    outer loop
      vertex 13.25 -44.4771 -31.8176
      vertex 11 -39.7 -32.5
      vertex 13.1847 -44.4805 -31.8171
    endloop
  endfacet
  facet normal 0.000288551 0.141545 0.989932
    outer loop
      vertex 13.1847 -44.4805 -31.8171
      vertex 11 -39.7 -32.5
      vertex 13.0409 -44.4879 -31.816
    endloop
  endfacet
  facet normal 0.000196008 0.141469 0.989943
    outer loop
      vertex 11 -39.7 -32.5
      vertex 12.3082 -44.7135 -31.7838
      vertex 12.4365 -44.6486 -31.7931
    endloop
  endfacet
  facet normal -0.000819879 0.141352 0.989959
    outer loop
      vertex 11 -39.7 -32.5
      vertex 11.4884 -45.5269 -31.6676
      vertex 11.5179 -45.4693 -31.6758
    endloop
  endfacet
  facet normal -0.000507527 0.141384 0.989955
    outer loop
      vertex 11 -39.7 -32.5
      vertex 11.3996 -45.7146 -31.6408
      vertex 11.4229 -45.6543 -31.6494
    endloop
  endfacet
  facet normal 0.000952165 0.14147 0.989942
    outer loop
      vertex 11 -39.7 -32.5
      vertex 11.3105 -45.9866 -31.6019
      vertex 11.3479 -45.8483 -31.6217
    endloop
  endfacet
  facet normal -1.14106e-11 -0.141421 -0.989949
    outer loop
      vertex 11.2937 -46.0489 -31.593
      vertex 11.261 -46.254 -31.5637
      vertex 11.2835 -46.1126 -31.5839
    endloop
  endfacet
  facet normal 0.949752 -0.0929827 -0.298873
    outer loop
      vertex 11.261 -46.254 -31.5637
      vertex 11.25 -46.4615 -31.5341
      vertex 11.2534 -46.3972 -31.5433
    endloop
  endfacet
  facet normal 0.00332051 0.141537 0.989927
    outer loop
      vertex 11.25 -46.4615 -31.5341
      vertex 11 -39.7 -32.5
      vertex 11.25 -46.7 -31.5
    endloop
  endfacet
  facet normal -0.00222572 0.141336 0.989959
    outer loop
      vertex 11.261 -46.254 -31.5637
      vertex 11 -39.7 -32.5
      vertex 11.25 -46.4615 -31.5341
    endloop
  endfacet
  facet normal -1.08291e-05 0.141423 0.989949
    outer loop
      vertex 11.2937 -46.0489 -31.593
      vertex 11 -39.7 -32.5
      vertex 11.261 -46.254 -31.5637
    endloop
  endfacet
  facet normal -7.05075e-06 0.141423 0.989949
    outer loop
      vertex 11.3105 -45.9866 -31.6019
      vertex 11 -39.7 -32.5
      vertex 11.2937 -46.0489 -31.593
    endloop
  endfacet
  facet normal 1.03782e-05 0.141417 0.98995
    outer loop
      vertex 11.3996 -45.7146 -31.6408
      vertex 11 -39.7 -32.5
      vertex 11.3479 -45.8483 -31.6217
    endloop
  endfacet
  facet normal 4.05896e-06 0.141419 0.98995
    outer loop
      vertex 11.4884 -45.5269 -31.6676
      vertex 11 -39.7 -32.5
      vertex 11.4229 -45.6543 -31.6494
    endloop
  endfacet
  facet normal 0.000105714 0.141433 0.989948
    outer loop
      vertex 11.632 -45.2951 -31.7007
      vertex 11 -39.7 -32.5
      vertex 11.5179 -45.4693 -31.6758
    endloop
  endfacet
  facet normal 0.000302947 0.141455 0.989945
    outer loop
      vertex 11.673 -45.2448 -31.7079
      vertex 11 -39.7 -32.5
      vertex 11.632 -45.2951 -31.7007
    endloop
  endfacet
  facet normal 0.000138447 0.141435 0.989947
    outer loop
      vertex 11.7637 -45.1336 -31.7238
      vertex 11 -39.7 -32.5
      vertex 11.673 -45.2448 -31.7079
    endloop
  endfacet
  facet normal -0.000239102 0.141383 0.989955
    outer loop
      vertex 11.8656 -45.0326 -31.7382
      vertex 11 -39.7 -32.5
      vertex 11.7637 -45.1336 -31.7238
    endloop
  endfacet
  facet normal -0.000792522 0.141295 0.989967
    outer loop
      vertex 11.9117 -44.9868 -31.7447
      vertex 11 -39.7 -32.5
      vertex 11.8656 -45.0326 -31.7382
    endloop
  endfacet
  facet normal 0.000327036 0.141484 0.98994
    outer loop
      vertex 12.0237 -44.8968 -31.7576
      vertex 11 -39.7 -32.5
      vertex 11.9117 -44.9868 -31.7447
    endloop
  endfacet
  facet normal -0.000240853 0.141375 0.989956
    outer loop
      vertex 12.0744 -44.8561 -31.7634
      vertex 11 -39.7 -32.5
      vertex 12.0237 -44.8968 -31.7576
    endloop
  endfacet
  facet normal 0.000140438 0.141453 0.989945
    outer loop
      vertex 12.25 -44.7429 -31.7796
      vertex 11 -39.7 -32.5
      vertex 12.0744 -44.8561 -31.7634
    endloop
  endfacet
  facet normal 1.25899e-06 0.141419 0.98995
    outer loop
      vertex 12.3082 -44.7135 -31.7838
      vertex 11 -39.7 -32.5
      vertex 12.25 -44.7429 -31.7796
    endloop
  endfacet
  facet normal -9.18063e-05 0.141387 0.989954
    outer loop
      vertex 12.5709 -44.5974 -31.8004
      vertex 11 -39.7 -32.5
      vertex 12.4365 -44.6486 -31.7931
    endloop
  endfacet
  facet normal -0.000204376 0.141351 0.989959
    outer loop
      vertex 12.632 -44.5742 -31.8037
      vertex 11 -39.7 -32.5
      vertex 12.5709 -44.5974 -31.8004
    endloop
  endfacet
  facet normal 7.0823e-07 0.141419 0.98995
    outer loop
      vertex 12.6952 -44.5574 -31.8061
      vertex 11 -39.7 -32.5
      vertex 12.632 -44.5742 -31.8037
    endloop
  endfacet
  facet normal 9.38025e-05 0.141451 0.989945
    outer loop
      vertex 12.8342 -44.5204 -31.8114
      vertex 11 -39.7 -32.5
      vertex 12.6952 -44.5574 -31.8061
    endloop
  endfacet
  facet normal -0.000192801 0.141344 0.989961
    outer loop
      vertex 13.0409 -44.4879 -31.816
      vertex 11 -39.7 -32.5
      vertex 12.8342 -44.5204 -31.8114
    endloop
  endfacet
  facet normal -0.00332051 0.141537 0.989927
    outer loop
      vertex 37 -39.7 -32.5
      vertex 36.75 -46.4615 -31.5341
      vertex 36.75 -46.7 -31.5
    endloop
  endfacet
  facet normal -0.777107 0 0.629369
    outer loop
      vertex 44.0599 -39.7 -29.3567
      vertex 44.6857 -38.7 -28.584
      vertex 44.0599 -38.7 -29.3567
    endloop
  endfacet
  facet normal -0.777107 0 0.629369
    outer loop
      vertex 44.6857 -38.7 -28.584
      vertex 44.0599 -39.7 -29.3567
      vertex 44.6857 -39.7 -28.584
    endloop
  endfacet
  facet normal -0.926318 0.124461 0.355591
    outer loop
      vertex 40.7987 -99.1314 -19.675
      vertex 42.7329 -78.9 -21.7176
      vertex 40.1901 -103.661 -19.675
    endloop
  endfacet
  facet normal -0.927248 0.116405 0.355894
    outer loop
      vertex 42.7329 -78.9 -21.7176
      vertex 46.035 -39.7 -25.9357
      vertex 42.4516 -78.9 -22.4505
    endloop
  endfacet
  facet normal -0.884191 0.123512 0.450501
    outer loop
      vertex 42.4516 -78.9 -22.4505
      vertex 45.6787 -39.7 -26.864
      vertex 42.0952 -78.9 -23.15
    endloop
  endfacet
  facet normal -0.707107 0 0.707107
    outer loop
      vertex 43.3567 -39.7 -30.0599
      vertex 44.0599 -38.7 -29.3567
      vertex 43.3567 -38.7 -30.0599
    endloop
  endfacet
  facet normal -0.707107 0 0.707107
    outer loop
      vertex 44.0599 -38.7 -29.3567
      vertex 43.3567 -39.7 -30.0599
      vertex 44.0599 -39.7 -29.3567
    endloop
  endfacet
  facet normal 0.156475 0 0.987682
    outer loop
      vertex 9.02484 -38.7 -32.2924
      vertex 10.007 -39.7 -32.448
      vertex 10.007 -38.7 -32.448
    endloop
  endfacet
  facet normal 0.156475 0 0.987682
    outer loop
      vertex 10.007 -39.7 -32.448
      vertex 9.02484 -38.7 -32.2924
      vertex 9.02484 -39.7 -32.2924
    endloop
  endfacet
  facet normal 0 -0.0695178 0.997581
    outer loop
      vertex 38 -10 -30.5
      vertex 11 -38.7 -32.5
      vertex 37 -38.7 -32.5
    endloop
  endfacet
  facet normal 0 -0.0695178 0.997581
    outer loop
      vertex 11 -38.7 -32.5
      vertex 38 -10 -30.5
      vertex 10 -10 -30.5
    endloop
  endfacet
  facet normal 0.628611 -0.0476094 0.776261
    outer loop
      vertex 5.41605 -38.7 -30.6857
      vertex 4.98152 -10 -28.5736
      vertex 4.64326 -38.7 -30.0599
    endloop
  endfacet
  facet normal 0.154806 0.145675 0.977146
    outer loop
      vertex 11.616 -78.9 -26.8589
      vertex 10.007 -39.7 -32.448
      vertex 9.02484 -39.7 -32.2924
    endloop
  endfacet
  facet normal -0.544564 0 0.838719
    outer loop
      vertex 41.75 -38.7 -31.2272
      vertex 42.584 -39.7 -30.6857
      vertex 42.584 -38.7 -30.6857
    endloop
  endfacet
  facet normal -0.544564 0 0.838719
    outer loop
      vertex 42.584 -39.7 -30.6857
      vertex 41.75 -38.7 -31.2272
      vertex 41.75 -39.7 -31.2272
    endloop
  endfacet
  facet normal -0.54397 -0.0505509 0.837581
    outer loop
      vertex 42.584 -38.7 -30.6857
      vertex 42.4084 -10 -29.0676
      vertex 41.75 -10 -29.4952
    endloop
  endfacet
  facet normal -0.706393 -0.0449064 0.706393
    outer loop
      vertex 44.0599 -38.7 -29.3567
      vertex 43.0185 -10 -28.5736
      vertex 43.3567 -38.7 -30.0599
    endloop
  endfacet
  facet normal -0.706393 -0.0449064 0.706393
    outer loop
      vertex 43.0185 -10 -28.5736
      vertex 44.0599 -38.7 -29.3567
      vertex 43.5736 -10 -28.0185
    endloop
  endfacet
  facet normal -0.453322 -0.0536961 0.889728
    outer loop
      vertex 41.75 -10 -29.4952
      vertex 41.0505 -10 -29.8516
      vertex 40.864 -38.7 -31.6787
    endloop
  endfacet
  facet normal 0.998025 -0.0347742 0.0523072
    outer loop
      vertex 2.54109 -10 -23.784
      vertex 2.5 -10 -23
      vertex 1.55205 -38.7 -23.993
    endloop
  endfacet
  facet normal 0.994482 0.0910418 0.0521273
    outer loop
      vertex 4.9411 -78.9 -20.184
      vertex 4.69955 -76.5529 -19.675
      vertex 4.91442 -78.9 -19.675
    endloop
  endfacet
  facet normal 0.994482 0.0910429 0.0521223
    outer loop
      vertex 4.69955 -76.5529 -19.675
      vertex 4.9411 -78.9 -20.184
      vertex 1.55205 -39.7 -23.993
    endloop
  endfacet
  facet normal 0.927235 0.116408 0.355927
    outer loop
      vertex 5.26709 -78.9 -21.7176
      vertex 5.54842 -78.9 -22.4505
      vertex 1.96497 -39.7 -25.9357
    endloop
  endfacet
  facet normal 0 0.146844 0.98916
    outer loop
      vertex 35.6 -78.9 -26.9
      vertex 13.28 -108 -22.58
      vertex 34.72 -108 -22.58
    endloop
  endfacet
  facet normal 0 0.146844 0.98916
    outer loop
      vertex 13.28 -108 -22.58
      vertex 35.6 -78.9 -26.9
      vertex 12.4 -78.9 -26.9
    endloop
  endfacet
  facet normal 0.0512899 0.143026 0.988389
    outer loop
      vertex 11.9571 -69.3041 -28.2656
      vertex 12.4 -78.9 -26.9
      vertex 12.0603 -69.3881 -28.2588
    endloop
  endfacet
  facet normal 0.050923 0.143012 0.98841
    outer loop
      vertex 11.9117 -69.2672 -28.2686
      vertex 12.4 -78.9 -26.9
      vertex 11.9571 -69.3041 -28.2656
    endloop
  endfacet
  facet normal 0.0524126 0.143075 0.988323
    outer loop
      vertex 12.4 -78.9 -26.9
      vertex 11.9117 -69.2672 -28.2686
      vertex 11.8055 -69.1606 -28.2784
    endloop
  endfacet
  facet normal 0.0517571 0.143043 0.988362
    outer loop
      vertex 10.007 -39.7 -32.448
      vertex 11.25 -46.7 -31.5
      vertex 11 -39.7 -32.5
    endloop
  endfacet
  facet normal 0.051785 0.143048 0.98836
    outer loop
      vertex 11.25 -46.7 -31.5
      vertex 10.007 -39.7 -32.448
      vertex 11.25 -60.0619 -29.5661
    endloop
  endfacet
  facet normal 0.154727 0.15038 0.976445
    outer loop
      vertex 12.1365 -108 -22.4598
      vertex 12.7051 -108 -22.5499
      vertex 10.8407 -78.9 -26.7361
    endloop
  endfacet
  facet normal 0.0517081 0.148176 0.987608
    outer loop
      vertex 12.7051 -108 -22.5499
      vertex 13.28 -108 -22.58
      vertex 11.616 -78.9 -26.8589
    endloop
  endfacet
  facet normal -0 0 1
    outer loop
      vertex 11 -38.7 -32.5
      vertex 37 -39.7 -32.5
      vertex 37 -38.7 -32.5
    endloop
  endfacet
  facet normal 0 0 1
    outer loop
      vertex 37 -39.7 -32.5
      vertex 11 -38.7 -32.5
      vertex 11 -39.7 -32.5
    endloop
  endfacet
  facet normal -0.156148 -0.064009 0.985658
    outer loop
      vertex 38.9752 -38.7 -32.2924
      vertex 38.784 -10 -30.4589
      vertex 37.993 -38.7 -32.448
    endloop
  endfacet
  facet normal -0.156469 0 0.987683
    outer loop
      vertex 37.993 -38.7 -32.448
      vertex 38.9752 -39.7 -32.2924
      vertex 38.9752 -38.7 -32.2924
    endloop
  endfacet
  facet normal -0.156469 0 0.987683
    outer loop
      vertex 38.9752 -39.7 -32.2924
      vertex 37.993 -38.7 -32.448
      vertex 37.993 -39.7 -32.448
    endloop
  endfacet
  facet normal -0.998028 -0.0347745 0.0522633
    outer loop
      vertex 46.448 -38.7 -23.993
      vertex 46.5 -38.7 -23
      vertex 45.5 -10 -23
    endloop
  endfacet
  facet normal -0.960211 0.108573 0.257306
    outer loop
      vertex 42.9361 -78.9 -20.9593
      vertex 46.035 -39.7 -25.9357
      vertex 42.7329 -78.9 -21.7176
    endloop
  endfacet
  facet normal -0.538484 0.150242 0.829134
    outer loop
      vertex 40.0084 -78.9 -25.4676
      vertex 39.35 -78.9 -25.8952
      vertex 37.9528 -108 -21.5296
    endloop
  endfacet
  facet normal -0.258852 0 0.965917
    outer loop
      vertex 38.9752 -38.7 -32.2924
      vertex 39.9357 -39.7 -32.035
      vertex 39.9357 -38.7 -32.035
    endloop
  endfacet
  facet normal -0.258852 0 0.965917
    outer loop
      vertex 39.9357 -39.7 -32.035
      vertex 38.9752 -38.7 -32.2924
      vertex 38.9752 -39.7 -32.2924
    endloop
  endfacet
  facet normal -0.999394 -0.0348221 0
    outer loop
      vertex 46.5 -38.7 -23
      vertex 45.5 -10 -19.675
      vertex 45.5 -10 -23
    endloop
  endfacet
  facet normal -0.999394 -0.0348221 0
    outer loop
      vertex 45.5 -10 -19.675
      vertex 46.5 -38.7 -23
      vertex 46.5 -38.7 -19.675
    endloop
  endfacet
  facet normal -0.994485 0.0910397 0.0520777
    outer loop
      vertex 46.448 -39.7 -23.993
      vertex 43.3597 -75.9055 -19.675
      vertex 46.5 -39.7 -23
    endloop
  endfacet
  facet normal -0.994457 0.0910894 0.0525144
    outer loop
      vertex 43.3597 -75.9055 -19.675
      vertex 46.448 -39.7 -23.993
      vertex 43.3004 -76.5529 -19.675
    endloop
  endfacet
  facet normal -1 0 0
    outer loop
      vertex 46.5 -39.7 -23
      vertex 46.5 -38.7 -19.675
      vertex 46.5 -38.7 -23
    endloop
  endfacet
  facet normal -1 -0 0
    outer loop
      vertex 46.5 -38.7 -19.675
      vertex 46.5 -39.7 -23
      vertex 46.5 -39.7 -19.675
    endloop
  endfacet
  facet normal 0.769383 0.140891 0.623056
    outer loop
      vertex 8.83041 -108 -20.3128
      vertex 9.19272 -108 -20.7602
      vertex 6.82642 -78.9 -24.4185
    endloop
  endfacet
  facet normal 0.156154 -0.0640089 0.985657
    outer loop
      vertex 10.007 -38.7 -32.448
      vertex 9.21603 -10 -30.4589
      vertex 9.02484 -38.7 -32.2924
    endloop
  endfacet
  facet normal -0.0522318 -0.0676136 0.996343
    outer loop
      vertex 38.784 -10 -30.4589
      vertex 38 -10 -30.5
      vertex 37.993 -38.7 -32.448
    endloop
  endfacet
  facet normal -0.0521752 -0.0676139 0.996346
    outer loop
      vertex 37.993 -38.7 -32.448
      vertex 38 -10 -30.5
      vertex 37 -38.7 -32.5
    endloop
  endfacet
  facet normal 0.932937 -0.037037 0.35813
    outer loop
      vertex 2.32132 -38.7 -26.864
      vertex 3.14841 -10 -26.0505
      vertex 1.96497 -38.7 -25.9357
    endloop
  endfacet
  facet normal 0.538764 0.145847 0.829736
    outer loop
      vertex 8.65001 -78.9 -25.8952
      vertex 6.25 -39.7 -31.2272
      vertex 5.41605 -39.7 -30.6857
    endloop
  endfacet
  facet normal -0.890982 0 0.454039
    outer loop
      vertex 45.2272 -39.7 -27.75
      vertex 45.6787 -38.7 -26.864
      vertex 45.2272 -38.7 -27.75
    endloop
  endfacet
  facet normal -0.890982 0 0.454039
    outer loop
      vertex 45.6787 -38.7 -26.864
      vertex 45.2272 -39.7 -27.75
      vertex 45.6787 -39.7 -26.864
    endloop
  endfacet
  facet normal -0.628655 -0.0476068 0.776226
    outer loop
      vertex 43.3567 -38.7 -30.0599
      vertex 43.0185 -10 -28.5736
      vertex 42.584 -38.7 -30.6857
    endloop
  endfacet
  facet normal -0.357749 -0.0570131 0.932076
    outer loop
      vertex 40.864 -38.7 -31.6787
      vertex 41.0505 -10 -29.8516
      vertex 39.9357 -38.7 -32.035
    endloop
  endfacet
  facet normal -0.357747 -0.0570132 0.932076
    outer loop
      vertex 41.0505 -10 -29.8516
      vertex 40.3176 -10 -30.1329
      vertex 39.9357 -38.7 -32.035
    endloop
  endfacet
  facet normal -0.258378 -0.0604616 0.96415
    outer loop
      vertex 39.9357 -38.7 -32.035
      vertex 39.5593 -10 -30.3361
      vertex 38.9752 -38.7 -32.2924
    endloop
  endfacet
  facet normal -0.629369 0 0.777107
    outer loop
      vertex 42.584 -38.7 -30.6857
      vertex 43.3567 -39.7 -30.0599
      vertex 43.3567 -38.7 -30.0599
    endloop
  endfacet
  facet normal -0.629369 0 0.777107
    outer loop
      vertex 43.3567 -39.7 -30.0599
      vertex 42.584 -38.7 -30.6857
      vertex 42.584 -39.7 -30.6857
    endloop
  endfacet
  facet normal 0.993373 0.102464 0.0520691
    outer loop
      vertex 5.4066 -83.6716 -19.675
      vertex 4.9411 -78.9 -20.184
      vertex 4.91442 -78.9 -19.675
    endloop
  endfacet
  facet normal -0.993365 0.102478 0.0522025
    outer loop
      vertex 42.5934 -83.6716 -19.675
      vertex 43.0589 -78.9 -20.184
      vertex 42.4815 -84.7563 -19.675
    endloop
  endfacet
  facet normal 0.994482 0.0910435 0.0521277
    outer loop
      vertex 4.64028 -75.9055 -19.675
      vertex 1.55205 -39.7 -23.993
      vertex 1.5 -39.7 -23
    endloop
  endfacet
  facet normal 0.994481 0.0910455 0.0521453
    outer loop
      vertex 1.55205 -39.7 -23.993
      vertex 4.64028 -75.9055 -19.675
      vertex 4.69955 -76.5529 -19.675
    endloop
  endfacet
  facet normal 0.965925 -0 0.258824
    outer loop
      vertex 1.7076 -39.7 -24.9752
      vertex 1.96497 -38.7 -25.9357
      vertex 1.7076 -38.7 -24.9752
    endloop
  endfacet
  facet normal 0.965925 0 0.258824
    outer loop
      vertex 1.96497 -38.7 -25.9357
      vertex 1.7076 -39.7 -24.9752
      vertex 1.96497 -39.7 -25.9357
    endloop
  endfacet
  facet normal 0.959224 0.117654 0.256996
    outer loop
      vertex 6.39541 -92.561 -19.675
      vertex 6.82289 -96.0462 -19.675
      vertex 5.0639 -78.9 -20.9593
    endloop
  endfacet
  facet normal -0.0517081 0.148176 0.987608
    outer loop
      vertex 35.2949 -108 -22.5499
      vertex 36.384 -78.9 -26.8589
      vertex 34.72 -108 -22.58
    endloop
  endfacet
  facet normal 0.448739 0.151626 0.880706
    outer loop
      vertex 11.043 -108 -22.1045
      vertex 9.34949 -78.9 -26.2516
      vertex 8.65001 -78.9 -25.8952
    endloop
  endfacet
  facet normal 0.354388 0.147844 0.923337
    outer loop
      vertex 9.34949 -78.9 -26.2516
      vertex 10.0824 -78.9 -26.5329
      vertex 8.06433 -39.7 -32.035
    endloop
  endfacet
  facet normal 0.154661 0.150378 0.976456
    outer loop
      vertex 12.7051 -108 -22.5499
      vertex 11.616 -78.9 -26.8589
      vertex 10.8407 -78.9 -26.7361
    endloop
  endfacet
  facet normal -0.0522949 0 0.998632
    outer loop
      vertex 37 -38.7 -32.5
      vertex 37.993 -39.7 -32.448
      vertex 37.993 -38.7 -32.448
    endloop
  endfacet
  facet normal -0.0522949 0 0.998632
    outer loop
      vertex 37.993 -39.7 -32.448
      vertex 37 -38.7 -32.5
      vertex 37 -39.7 -32.5
    endloop
  endfacet
  facet normal 0.0522949 0 0.998632
    outer loop
      vertex 10.007 -38.7 -32.448
      vertex 11 -39.7 -32.5
      vertex 11 -38.7 -32.5
    endloop
  endfacet
  facet normal 0.0522949 0 0.998632
    outer loop
      vertex 11 -39.7 -32.5
      vertex 10.007 -38.7 -32.448
      vertex 10.007 -39.7 -32.448
    endloop
  endfacet
  facet normal -0.838719 0 0.544564
    outer loop
      vertex 44.6857 -39.7 -28.584
      vertex 45.2272 -38.7 -27.75
      vertex 44.6857 -38.7 -28.584
    endloop
  endfacet
  facet normal -0.838719 0 0.544564
    outer loop
      vertex 45.2272 -38.7 -27.75
      vertex 44.6857 -39.7 -28.584
      vertex 45.2272 -39.7 -27.75
    endloop
  endfacet
  facet normal -0.831556 0.129817 0.540057
    outer loop
      vertex 42.0952 -78.9 -23.15
      vertex 44.6857 -39.7 -28.584
      vertex 41.6676 -78.9 -23.8084
    endloop
  endfacet
  facet normal -0.932954 -0.0370366 0.358086
    outer loop
      vertex 45.6787 -38.7 -26.864
      vertex 46.035 -38.7 -25.9357
      vertex 44.8516 -10 -26.0505
    endloop
  endfacet
  facet normal -0.982723 0.10009 0.155683
    outer loop
      vertex 46.448 -39.7 -23.993
      vertex 46.2924 -39.7 -24.9752
      vertex 43.0589 -78.9 -20.184
    endloop
  endfacet
  facet normal -0.965917 0 0.258852
    outer loop
      vertex 46.035 -39.7 -25.9357
      vertex 46.2924 -38.7 -24.9752
      vertex 46.035 -38.7 -25.9357
    endloop
  endfacet
  facet normal -0.965917 0 0.258852
    outer loop
      vertex 46.2924 -38.7 -24.9752
      vertex 46.035 -39.7 -25.9357
      vertex 46.2924 -39.7 -24.9752
    endloop
  endfacet
  facet normal -0.927248 0.116405 0.355896
    outer loop
      vertex 46.035 -39.7 -25.9357
      vertex 45.6787 -39.7 -26.864
      vertex 42.4516 -78.9 -22.4505
    endloop
  endfacet
  facet normal -0.154799 0.145675 0.977147
    outer loop
      vertex 38.9752 -39.7 -32.2924
      vertex 37.993 -39.7 -32.448
      vertex 36.384 -78.9 -26.8589
    endloop
  endfacet
  facet normal -0.256013 0.147278 0.955388
    outer loop
      vertex 37.9176 -78.9 -26.5329
      vertex 39.9357 -39.7 -32.035
      vertex 37.1593 -78.9 -26.7361
    endloop
  endfacet
  facet normal -0.256029 0.147279 0.955384
    outer loop
      vertex 39.9357 -39.7 -32.035
      vertex 38.9752 -39.7 -32.2924
      vertex 37.1593 -78.9 -26.7361
    endloop
  endfacet
  facet normal -0.354161 0.152111 0.922731
    outer loop
      vertex 38.6505 -78.9 -26.2516
      vertex 37.9176 -78.9 -26.5329
      vertex 36.957 -108 -22.1045
    endloop
  endfacet
  facet normal -0.538416 0.150245 0.829177
    outer loop
      vertex 37.9528 -108 -21.5296
      vertex 39.35 -78.9 -25.8952
      vertex 37.47 -108 -21.8431
    endloop
  endfacet
  facet normal 0.700161 0.139757 0.700173
    outer loop
      vertex 7.38153 -78.9 -24.9736
      vertex 3.94012 -39.7 -29.3567
      vertex 6.82642 -78.9 -24.4185
    endloop
  endfacet
  facet normal 0.700197 0.139756 0.700137
    outer loop
      vertex 3.94012 -39.7 -29.3567
      vertex 7.38153 -78.9 -24.9736
      vertex 4.64326 -39.7 -30.0599
    endloop
  endfacet
  facet normal 0.883377 0.130641 0.450087
    outer loop
      vertex 7.94626 -104.676 -19.675
      vertex 5.90482 -78.9 -23.15
      vertex 5.54842 -78.9 -22.4505
    endloop
  endfacet
  facet normal 0.882932 0.130721 0.450935
    outer loop
      vertex 5.90482 -78.9 -23.15
      vertex 7.94626 -104.676 -19.675
      vertex 8.03598 -105.282 -19.675
    endloop
  endfacet
  facet normal 0.358322 0 0.933598
    outer loop
      vertex 7.136 -38.7 -31.6787
      vertex 8.06433 -39.7 -32.035
      vertex 8.06433 -38.7 -32.035
    endloop
  endfacet
  facet normal 0.358322 0 0.933598
    outer loop
      vertex 8.06433 -39.7 -32.035
      vertex 7.136 -38.7 -31.6787
      vertex 7.136 -39.7 -31.6787
    endloop
  endfacet
  facet normal 0.960215 0.108572 0.257294
    outer loop
      vertex 5.0639 -78.9 -20.9593
      vertex 5.26709 -78.9 -21.7176
      vertex 1.96497 -39.7 -25.9357
    endloop
  endfacet
  facet normal 0.258365 -0.060461 0.964153
    outer loop
      vertex 8.06433 -38.7 -32.035
      vertex 8.44066 -10 -30.3361
      vertex 7.68237 -10 -30.1329
    endloop
  endfacet
  facet normal 0.357739 -0.0570131 0.93208
    outer loop
      vertex 7.136 -38.7 -31.6787
      vertex 8.06433 -38.7 -32.035
      vertex 6.94948 -10 -29.8516
    endloop
  endfacet
  facet normal -0.622873 0.1433 0.769086
    outer loop
      vertex 43.3567 -39.7 -30.0599
      vertex 42.584 -39.7 -30.6857
      vertex 40.6185 -78.9 -24.9736
    endloop
  endfacet
  facet normal -0.538741 0.145847 0.829751
    outer loop
      vertex 42.584 -39.7 -30.6857
      vertex 41.75 -39.7 -31.2272
      vertex 39.35 -78.9 -25.8952
    endloop
  endfacet
  facet normal -0.258362 -0.0604616 0.964154
    outer loop
      vertex 39.9357 -38.7 -32.035
      vertex 40.3176 -10 -30.1329
      vertex 39.5593 -10 -30.3361
    endloop
  endfacet
  facet normal -0.628569 -0.0476132 0.776295
    outer loop
      vertex 42.584 -38.7 -30.6857
      vertex 43.0185 -10 -28.5736
      vertex 42.4084 -10 -29.0676
    endloop
  endfacet
  facet normal -0.543868 -0.0505507 0.837647
    outer loop
      vertex 41.75 -38.7 -31.2272
      vertex 42.584 -38.7 -30.6857
      vertex 41.75 -10 -29.4952
    endloop
  endfacet
  facet normal -0.453384 -0.0536918 0.889697
    outer loop
      vertex 41.75 -38.7 -31.2272
      vertex 41.75 -10 -29.4952
      vertex 40.864 -38.7 -31.6787
    endloop
  endfacet
  facet normal 0.7694 0.140889 0.623036
    outer loop
      vertex 8.83041 -108 -20.3128
      vertex 6.82642 -78.9 -24.4185
      vertex 6.33238 -78.9 -23.8084
    endloop
  endfacet
  facet normal -0.622355 0.147977 0.768621
    outer loop
      vertex 40.6185 -78.9 -24.9736
      vertex 40.0084 -78.9 -25.4676
      vertex 37.9528 -108 -21.5296
    endloop
  endfacet
  facet normal -0.926336 0.124459 0.355544
    outer loop
      vertex 42.4516 -78.9 -22.4505
      vertex 40.1901 -103.661 -19.675
      vertex 42.7329 -78.9 -21.7176
    endloop
  endfacet
  facet normal -0.926256 0.124474 0.355748
    outer loop
      vertex 40.1901 -103.661 -19.675
      vertex 42.4516 -78.9 -22.4505
      vertex 40.0537 -104.676 -19.675
    endloop
  endfacet
  facet normal -0.960207 0.108574 0.257321
    outer loop
      vertex 46.2924 -39.7 -24.9752
      vertex 46.035 -39.7 -25.9357
      vertex 42.9361 -78.9 -20.9593
    endloop
  endfacet
  facet normal -0.982728 0.100087 0.155655
    outer loop
      vertex 43.0589 -78.9 -20.184
      vertex 46.2924 -39.7 -24.9752
      vertex 42.9361 -78.9 -20.9593
    endloop
  endfacet
  facet normal -0.99626 0.086411 0
    outer loop
      vertex 46.5 -39.7 -19.675
      vertex 46.5 -39.7 -23
      vertex 43.3597 -75.9055 -19.675
    endloop
  endfacet
  facet normal 0.998629 -0 0.0523451
    outer loop
      vertex 1.5 -39.7 -23
      vertex 1.55205 -38.7 -23.993
      vertex 1.5 -38.7 -23
    endloop
  endfacet
  facet normal 0.998629 0 0.0523451
    outer loop
      vertex 1.55205 -38.7 -23.993
      vertex 1.5 -39.7 -23
      vertex 1.55205 -39.7 -23.993
    endloop
  endfacet
  facet normal 0.88418 0.123513 0.450523
    outer loop
      vertex 5.90482 -78.9 -23.15
      vertex 2.77277 -39.7 -27.75
      vertex 2.32132 -39.7 -26.864
    endloop
  endfacet
  facet normal 0.544587 0 0.838704
    outer loop
      vertex 5.41605 -38.7 -30.6857
      vertex 6.25 -39.7 -31.2272
      vertex 6.25 -38.7 -31.2272
    endloop
  endfacet
  facet normal 0.544587 0 0.838704
    outer loop
      vertex 6.25 -39.7 -31.2272
      vertex 5.41605 -38.7 -30.6857
      vertex 5.41605 -39.7 -30.6857
    endloop
  endfacet
  facet normal 0.622386 0.147977 0.768595
    outer loop
      vertex 9.59979 -108 -21.1673
      vertex 10.0472 -108 -21.5296
      vertex 7.38153 -78.9 -24.9736
    endloop
  endfacet
  facet normal 0.154771 0.145673 0.977152
    outer loop
      vertex 10.8407 -78.9 -26.7361
      vertex 11.616 -78.9 -26.8589
      vertex 9.02484 -39.7 -32.2924
    endloop
  endfacet
  facet normal 0.0515486 0.143035 0.988374
    outer loop
      vertex 11.25 -60.0619 -29.5661
      vertex 10.007 -39.7 -32.448
      vertex 11.25 -67.7859 -28.4483
    endloop
  endfacet
  facet normal 0.11292 0.14115 0.983527
    outer loop
      vertex 11.616 -78.9 -26.8589
      vertex 11.8055 -69.1606 -28.2784
      vertex 11.805 -69.1602 -28.2784
    endloop
  endfacet
  facet normal 0.0500926 0.143086 0.988442
    outer loop
      vertex 11.616 -78.9 -26.8589
      vertex 11.805 -69.1602 -28.2784
      vertex 11.7637 -69.1188 -28.2823
    endloop
  endfacet
  facet normal 0.0532894 0.143015 0.988285
    outer loop
      vertex 11.616 -78.9 -26.8589
      vertex 11.7637 -69.1188 -28.2823
      vertex 11.7269 -69.0733 -28.2869
    endloop
  endfacet
  facet normal 0.0518282 0.143042 0.988359
    outer loop
      vertex 11.616 -78.9 -26.8589
      vertex 11.7269 -69.0733 -28.2869
      vertex 11.632 -68.956 -28.2989
    endloop
  endfacet
  facet normal 0.0518132 0.143043 0.988359
    outer loop
      vertex 11.8055 -69.1606 -28.2784
      vertex 11.616 -78.9 -26.8589
      vertex 12.4 -78.9 -26.9
    endloop
  endfacet
  facet normal 0.0518436 0.143042 0.988358
    outer loop
      vertex 11.5179 -68.7806 -28.3183
      vertex 11.616 -78.9 -26.8589
      vertex 11.632 -68.956 -28.2989
    endloop
  endfacet
  facet normal 0.0517116 0.143041 0.988365
    outer loop
      vertex 11.4495 -68.6467 -28.3341
      vertex 11.616 -78.9 -26.8589
      vertex 11.5179 -68.7806 -28.3183
    endloop
  endfacet
  facet normal 0.049739 0.143024 0.988469
    outer loop
      vertex 11.4229 -68.5946 -28.3403
      vertex 11.616 -78.9 -26.8589
      vertex 11.4495 -68.6467 -28.3341
    endloop
  endfacet
  facet normal 0.0526977 0.143057 0.988311
    outer loop
      vertex 11.3689 -68.4545 -28.3577
      vertex 11.616 -78.9 -26.8589
      vertex 11.4229 -68.5946 -28.3403
    endloop
  endfacet
  facet normal 0.0518754 0.143044 0.988356
    outer loop
      vertex 11.3479 -68.3999 -28.3645
      vertex 11.616 -78.9 -26.8589
      vertex 11.3689 -68.4545 -28.3577
    endloop
  endfacet
  facet normal 0.0493634 0.142999 0.988491
    outer loop
      vertex 11.3327 -68.3435 -28.3719
      vertex 11.616 -78.9 -26.8589
      vertex 11.3479 -68.3999 -28.3645
    endloop
  endfacet
  facet normal 0.0517583 0.143045 0.988362
    outer loop
      vertex 11.2937 -68.1988 -28.3908
      vertex 11.616 -78.9 -26.8589
      vertex 11.3327 -68.3435 -28.3719
    endloop
  endfacet
  facet normal 0.0541315 0.143097 0.988227
    outer loop
      vertex 11.2702 -68.0511 -28.4109
      vertex 11.616 -78.9 -26.8589
      vertex 11.2937 -68.1988 -28.3908
    endloop
  endfacet
  facet normal 0.0475876 0.14294 0.988587
    outer loop
      vertex 11.261 -67.9934 -28.4188
      vertex 11.616 -78.9 -26.8589
      vertex 11.2702 -68.0511 -28.4109
    endloop
  endfacet
  facet normal 0.0433504 0.142832 0.988797
    outer loop
      vertex 11.2579 -67.935 -28.4271
      vertex 11.616 -78.9 -26.8589
      vertex 11.261 -67.9934 -28.4188
    endloop
  endfacet
  facet normal 0.0404913 0.142758 0.988929
    outer loop
      vertex 11.25 -67.7859 -28.4483
      vertex 11.616 -78.9 -26.8589
      vertex 11.2579 -67.935 -28.4271
    endloop
  endfacet
  facet normal 0.0521829 0.143058 0.988338
    outer loop
      vertex 11.616 -78.9 -26.8589
      vertex 11.25 -67.7859 -28.4483
      vertex 10.007 -39.7 -32.448
    endloop
  endfacet
  facet normal 0.0522338 -0.0676136 0.996343
    outer loop
      vertex 10.007 -38.7 -32.448
      vertex 10 -10 -30.5
      vertex 9.21603 -10 -30.4589
    endloop
  endfacet
  facet normal 0.0521752 -0.0676139 0.996346
    outer loop
      vertex 10.007 -38.7 -32.448
      vertex 11 -38.7 -32.5
      vertex 10 -10 -30.5
    endloop
  endfacet
  facet normal -0.776405 -0.0424748 0.628801
    outer loop
      vertex 44.0599 -38.7 -29.3567
      vertex 44.6857 -38.7 -28.584
      vertex 43.5736 -10 -28.0185
    endloop
  endfacet
  facet normal -0.884159 0.123515 0.450562
    outer loop
      vertex 45.6787 -39.7 -26.864
      vertex 45.2272 -39.7 -27.75
      vertex 42.0952 -78.9 -23.15
    endloop
  endfacet
  facet normal -0.831623 0.129807 0.539957
    outer loop
      vertex 45.2272 -39.7 -27.75
      vertex 44.6857 -39.7 -28.584
      vertex 42.0952 -78.9 -23.15
    endloop
  endfacet
  facet normal -0.965298 -0.0359122 0.258669
    outer loop
      vertex 46.035 -38.7 -25.9357
      vertex 45.3361 -10 -24.5593
      vertex 45.1329 -10 -25.3176
    endloop
  endfacet
  facet normal -0.965294 -0.0359128 0.258685
    outer loop
      vertex 46.035 -38.7 -25.9357
      vertex 46.2924 -38.7 -24.9752
      vertex 45.3361 -10 -24.5593
    endloop
  endfacet
  facet normal -0.154661 0.150378 0.976456
    outer loop
      vertex 37.1593 -78.9 -26.7361
      vertex 36.384 -78.9 -26.8589
      vertex 35.2949 -108 -22.5499
    endloop
  endfacet
  facet normal -0.154771 0.145673 0.977152
    outer loop
      vertex 37.1593 -78.9 -26.7361
      vertex 38.9752 -39.7 -32.2924
      vertex 36.384 -78.9 -26.8589
    endloop
  endfacet
  facet normal 0.770011 0.135247 0.623531
    outer loop
      vertex 6.33238 -78.9 -23.8084
      vertex 6.82642 -78.9 -24.4185
      vertex 3.31433 -39.7 -28.584
    endloop
  endfacet
  facet normal 0.999394 -0.0348221 0
    outer loop
      vertex 1.5 -38.7 -19.675
      vertex 2.5 -10 -23
      vertex 2.5 -10 -19.675
    endloop
  endfacet
  facet normal 0.999394 -0.0348221 0
    outer loop
      vertex 2.5 -10 -23
      vertex 1.5 -38.7 -19.675
      vertex 1.5 -38.7 -23
    endloop
  endfacet
  facet normal 1 -0 0
    outer loop
      vertex 1.5 -39.7 -19.675
      vertex 1.5 -38.7 -23
      vertex 1.5 -38.7 -19.675
    endloop
  endfacet
  facet normal 1 0 0
    outer loop
      vertex 1.5 -38.7 -23
      vertex 1.5 -39.7 -19.675
      vertex 1.5 -39.7 -23
    endloop
  endfacet
  facet normal 0.77641 -0.0424744 0.628795
    outer loop
      vertex 3.94012 -38.7 -29.3567
      vertex 4.42641 -10 -28.0185
      vertex 3.31433 -38.7 -28.584
    endloop
  endfacet
  facet normal 0.538848 0.145847 0.829682
    outer loop
      vertex 7.99162 -78.9 -25.4676
      vertex 8.65001 -78.9 -25.8952
      vertex 5.41605 -39.7 -30.6857
    endloop
  endfacet
  facet normal 0.769971 0.135248 0.62358
    outer loop
      vertex 6.82642 -78.9 -24.4185
      vertex 3.94012 -39.7 -29.3567
      vertex 3.31433 -39.7 -28.584
    endloop
  endfacet
  facet normal 0.777112 -0 0.629363
    outer loop
      vertex 3.31433 -39.7 -28.584
      vertex 3.94012 -38.7 -29.3567
      vertex 3.31433 -38.7 -28.584
    endloop
  endfacet
  facet normal 0.777112 0 0.629363
    outer loop
      vertex 3.94012 -38.7 -29.3567
      vertex 3.31433 -39.7 -28.584
      vertex 3.94012 -39.7 -29.3567
    endloop
  endfacet
  facet normal 0.965301 -0.0359123 0.258657
    outer loop
      vertex 2.86708 -10 -25.3176
      vertex 2.66389 -10 -24.5593
      vertex 1.96497 -38.7 -25.9357
    endloop
  endfacet
  facet normal 0.258849 0 0.965918
    outer loop
      vertex 8.06433 -38.7 -32.035
      vertex 9.02484 -39.7 -32.2924
      vertex 9.02484 -38.7 -32.2924
    endloop
  endfacet
  facet normal 0.258849 0 0.965918
    outer loop
      vertex 9.02484 -39.7 -32.2924
      vertex 8.06433 -38.7 -32.035
      vertex 8.06433 -39.7 -32.035
    endloop
  endfacet
  facet normal 0.453333 -0.0536954 0.889723
    outer loop
      vertex 7.136 -38.7 -31.6787
      vertex 6.94948 -10 -29.8516
      vertex 6.25 -10 -29.4952
    endloop
  endfacet
  facet normal -0.454039 0 0.890982
    outer loop
      vertex 40.864 -38.7 -31.6787
      vertex 41.75 -39.7 -31.2272
      vertex 41.75 -38.7 -31.2272
    endloop
  endfacet
  facet normal -0.454039 0 0.890982
    outer loop
      vertex 41.75 -39.7 -31.2272
      vertex 40.864 -38.7 -31.6787
      vertex 40.864 -39.7 -31.6787
    endloop
  endfacet
  facet normal -0.449082 0.147363 0.881255
    outer loop
      vertex 41.75 -39.7 -31.2272
      vertex 40.864 -39.7 -31.6787
      vertex 39.35 -78.9 -25.8952
    endloop
  endfacet
  facet normal 0 1 0
    outer loop
      vertex 39.1696 -108 -20.3128
      vertex 39.5621 -108 -19.675
      vertex 39.4831 -108 -19.83
    endloop
  endfacet
  facet normal 0 1 0
    outer loop
      vertex 39.5621 -108 -19.675
      vertex 34.72 -108 -22.58
      vertex 8.4379 -108 -19.675
    endloop
  endfacet
  facet normal 0 1 0
    outer loop
      vertex 39.5621 -108 -19.675
      vertex 39.1696 -108 -20.3128
      vertex 34.72 -108 -22.58
    endloop
  endfacet
  facet normal 0 1 -0
    outer loop
      vertex 13.28 -108 -22.58
      vertex 8.4379 -108 -19.675
      vertex 34.72 -108 -22.58
    endloop
  endfacet
  facet normal 0 1 0
    outer loop
      vertex 34.72 -108 -22.58
      vertex 39.1696 -108 -20.3128
      vertex 38.8073 -108 -20.7602
    endloop
  endfacet
  facet normal -0 1 -0
    outer loop
      vertex 8.83041 -108 -20.3128
      vertex 8.4379 -108 -19.675
      vertex 13.28 -108 -22.58
    endloop
  endfacet
  facet normal 0 1 0
    outer loop
      vertex 34.72 -108 -22.58
      vertex 38.8073 -108 -20.7602
      vertex 38.4002 -108 -21.1673
    endloop
  endfacet
  facet normal 0 1 0
    outer loop
      vertex 8.4379 -108 -19.675
      vertex 8.83041 -108 -20.3128
      vertex 8.51688 -108 -19.83
    endloop
  endfacet
  facet normal 0 1 0
    outer loop
      vertex 34.72 -108 -22.58
      vertex 38.4002 -108 -21.1673
      vertex 37.9528 -108 -21.5296
    endloop
  endfacet
  facet normal 0 1 0
    outer loop
      vertex 8.83041 -108 -20.3128
      vertex 13.28 -108 -22.58
      vertex 9.19272 -108 -20.7602
    endloop
  endfacet
  facet normal 0 1 0
    outer loop
      vertex 34.72 -108 -22.58
      vertex 37.9528 -108 -21.5296
      vertex 37.47 -108 -21.8431
    endloop
  endfacet
  facet normal 0 1 0
    outer loop
      vertex 9.19272 -108 -20.7602
      vertex 13.28 -108 -22.58
      vertex 9.59979 -108 -21.1673
    endloop
  endfacet
  facet normal 0 1 0
    outer loop
      vertex 34.72 -108 -22.58
      vertex 37.47 -108 -21.8431
      vertex 36.957 -108 -22.1045
    endloop
  endfacet
  facet normal 0 1 0
    outer loop
      vertex 9.59979 -108 -21.1673
      vertex 13.28 -108 -22.58
      vertex 10.0472 -108 -21.5296
    endloop
  endfacet
  facet normal 0 1 0
    outer loop
      vertex 34.72 -108 -22.58
      vertex 36.957 -108 -22.1045
      vertex 36.4196 -108 -22.3108
    endloop
  endfacet
  facet normal 0 1 0
    outer loop
      vertex 10.0472 -108 -21.5296
      vertex 13.28 -108 -22.58
      vertex 10.53 -108 -21.8431
    endloop
  endfacet
  facet normal 0 1 0
    outer loop
      vertex 34.72 -108 -22.58
      vertex 36.4196 -108 -22.3108
      vertex 35.8635 -108 -22.4598
    endloop
  endfacet
  facet normal 0 1 0
    outer loop
      vertex 10.53 -108 -21.8431
      vertex 13.28 -108 -22.58
      vertex 11.043 -108 -22.1045
    endloop
  endfacet
  facet normal 0 1 0
    outer loop
      vertex 34.72 -108 -22.58
      vertex 35.8635 -108 -22.4598
      vertex 35.2949 -108 -22.5499
    endloop
  endfacet
  facet normal 0 1 0
    outer loop
      vertex 11.043 -108 -22.1045
      vertex 13.28 -108 -22.58
      vertex 11.5804 -108 -22.3108
    endloop
  endfacet
  facet normal 0 1 0
    outer loop
      vertex 11.5804 -108 -22.3108
      vertex 13.28 -108 -22.58
      vertex 12.1365 -108 -22.4598
    endloop
  endfacet
  facet normal 0 1 0
    outer loop
      vertex 12.1365 -108 -22.4598
      vertex 13.28 -108 -22.58
      vertex 12.7051 -108 -22.5499
    endloop
  endfacet
  facet normal 0.981662 0.110298 0.15548
    outer loop
      vertex 6.13129 -90.2103 -19.675
      vertex 6.39541 -92.561 -19.675
      vertex 5.0639 -78.9 -20.9593
    endloop
  endfacet
  facet normal 0.981661 0.110299 0.155486
    outer loop
      vertex 5.51849 -84.7563 -19.675
      vertex 5.0639 -78.9 -20.9593
      vertex 4.9411 -78.9 -20.184
    endloop
  endfacet
  facet normal 0.981662 0.110298 0.155479
    outer loop
      vertex 5.0639 -78.9 -20.9593
      vertex 5.51849 -84.7563 -19.675
      vertex 6.13129 -90.2103 -19.675
    endloop
  endfacet
  facet normal 0.622361 0.147977 0.768616
    outer loop
      vertex 10.0472 -108 -21.5296
      vertex 7.99162 -78.9 -25.4676
      vertex 7.38153 -78.9 -24.9736
    endloop
  endfacet
  facet normal 0.538489 0.150241 0.82913
    outer loop
      vertex 10.0472 -108 -21.5296
      vertex 8.65001 -78.9 -25.8952
      vertex 7.99162 -78.9 -25.4676
    endloop
  endfacet
  facet normal -0.769425 0.140887 0.623006
    outer loop
      vertex 41.6676 -78.9 -23.8084
      vertex 41.1736 -78.9 -24.4185
      vertex 39.1696 -108 -20.3128
    endloop
  endfacet
  facet normal -0.255813 0.151694 0.954751
    outer loop
      vertex 36.4196 -108 -22.3108
      vertex 37.1593 -78.9 -26.7361
      vertex 35.8635 -108 -22.4598
    endloop
  endfacet
  facet normal -0.448728 0.151626 0.880711
    outer loop
      vertex 39.35 -78.9 -25.8952
      vertex 38.6505 -78.9 -26.2516
      vertex 36.957 -108 -22.1045
    endloop
  endfacet
  facet normal -0.981661 0.110301 0.155486
    outer loop
      vertex 42.9361 -78.9 -20.9593
      vertex 42.4815 -84.7563 -19.675
      vertex 43.0589 -78.9 -20.184
    endloop
  endfacet
  facet normal -0.981663 0.110298 0.155471
    outer loop
      vertex 42.4815 -84.7563 -19.675
      vertex 42.9361 -78.9 -20.9593
      vertex 41.8687 -90.2103 -19.675
    endloop
  endfacet
  facet normal -0.959212 0.117657 0.257038
    outer loop
      vertex 42.7329 -78.9 -21.7176
      vertex 41.1771 -96.0462 -19.675
      vertex 42.9361 -78.9 -20.9593
    endloop
  endfacet
  facet normal -0.959233 0.11765 0.256964
    outer loop
      vertex 41.1771 -96.0462 -19.675
      vertex 42.7329 -78.9 -21.7176
      vertex 40.7987 -99.1314 -19.675
    endloop
  endfacet
  facet normal 0.998025 -0.0347744 0.0523134
    outer loop
      vertex 1.55205 -38.7 -23.993
      vertex 2.5 -10 -23
      vertex 1.5 -38.7 -23
    endloop
  endfacet
  facet normal 0.622794 0.143305 0.76915
    outer loop
      vertex 7.38153 -78.9 -24.9736
      vertex 7.99162 -78.9 -25.4676
      vertex 5.41605 -39.7 -30.6857
    endloop
  endfacet
  facet normal 0.629325 0 0.777143
    outer loop
      vertex 4.64326 -38.7 -30.0599
      vertex 5.41605 -39.7 -30.6857
      vertex 5.41605 -38.7 -30.6857
    endloop
  endfacet
  facet normal 0.629325 0 0.777143
    outer loop
      vertex 5.41605 -39.7 -30.6857
      vertex 4.64326 -38.7 -30.0599
      vertex 4.64326 -39.7 -30.0599
    endloop
  endfacet
  facet normal -0.83797 -0.0403393 0.544223
    outer loop
      vertex 44.6857 -38.7 -28.584
      vertex 44.4952 -10 -26.75
      vertex 44.0676 -10 -27.4084
    endloop
  endfacet
  facet normal -0.776475 -0.0424758 0.628715
    outer loop
      vertex 44.6857 -38.7 -28.584
      vertex 44.0676 -10 -27.4084
      vertex 43.5736 -10 -28.0185
    endloop
  endfacet
  facet normal -0.987683 0 0.156469
    outer loop
      vertex 46.2924 -39.7 -24.9752
      vertex 46.448 -38.7 -23.993
      vertex 46.2924 -38.7 -24.9752
    endloop
  endfacet
  facet normal -0.987683 0 0.156469
    outer loop
      vertex 46.448 -38.7 -23.993
      vertex 46.2924 -39.7 -24.9752
      vertex 46.448 -39.7 -23.993
    endloop
  endfacet
  facet normal -0.890321 -0.0385163 0.453702
    outer loop
      vertex 45.2272 -38.7 -27.75
      vertex 45.6787 -38.7 -26.864
      vertex 44.4952 -10 -26.75
    endloop
  endfacet
  facet normal -0.890352 -0.0385173 0.45364
    outer loop
      vertex 45.6787 -38.7 -26.864
      vertex 44.8516 -10 -26.0505
      vertex 44.4952 -10 -26.75
    endloop
  endfacet
  facet normal -0.932954 -0.0370366 0.358084
    outer loop
      vertex 46.035 -38.7 -25.9357
      vertex 45.1329 -10 -25.3176
      vertex 44.8516 -10 -26.0505
    endloop
  endfacet
  facet normal -0.0517736 0.148179 0.987604
    outer loop
      vertex 36.384 -78.9 -26.8589
      vertex 35.6 -78.9 -26.9
      vertex 34.72 -108 -22.58
    endloop
  endfacet
  facet normal -0.0515486 0.143035 0.988374
    outer loop
      vertex 36.75 -67.7859 -28.4483
      vertex 37.993 -39.7 -32.448
      vertex 36.75 -60.0619 -29.5661
    endloop
  endfacet
  facet normal 0.537385 -0.14656 -0.830504
    outer loop
      vertex 36.739 -67.9934 -28.4188
      vertex 36.75 -67.7859 -28.4483
      vertex 36.7421 -67.935 -28.4271
    endloop
  endfacet
  facet normal 0.921255 -0.0952572 0.377114
    outer loop
      vertex 36.7063 -68.1988 -28.3908
      vertex 36.739 -67.9934 -28.4188
      vertex 36.7298 -68.0511 -28.4109
    endloop
  endfacet
  facet normal -0.0521829 0.143058 0.988338
    outer loop
      vertex 36.75 -67.7859 -28.4483
      vertex 36.384 -78.9 -26.8589
      vertex 37.993 -39.7 -32.448
    endloop
  endfacet
  facet normal -0.0413098 0.142779 0.988892
    outer loop
      vertex 36.739 -67.9934 -28.4188
      vertex 36.384 -78.9 -26.8589
      vertex 36.75 -67.7859 -28.4483
    endloop
  endfacet
  facet normal -0.0523155 0.143057 0.988331
    outer loop
      vertex 36.7063 -68.1988 -28.3908
      vertex 36.384 -78.9 -26.8589
      vertex 36.739 -67.9934 -28.4188
    endloop
  endfacet
  facet normal -0.0517583 0.143045 0.988362
    outer loop
      vertex 36.6673 -68.3435 -28.3719
      vertex 36.384 -78.9 -26.8589
      vertex 36.7063 -68.1988 -28.3908
    endloop
  endfacet
  facet normal -0.0493634 0.142999 0.988491
    outer loop
      vertex 36.6521 -68.3999 -28.3645
      vertex 36.384 -78.9 -26.8589
      vertex 36.6673 -68.3435 -28.3719
    endloop
  endfacet
  facet normal -0.0518754 0.143044 0.988356
    outer loop
      vertex 36.6311 -68.4545 -28.3577
      vertex 36.384 -78.9 -26.8589
      vertex 36.6521 -68.3999 -28.3645
    endloop
  endfacet
  facet normal -0.0526977 0.143057 0.988311
    outer loop
      vertex 36.5771 -68.5946 -28.3403
      vertex 36.384 -78.9 -26.8589
      vertex 36.6311 -68.4545 -28.3577
    endloop
  endfacet
  facet normal -0.049739 0.143024 0.988469
    outer loop
      vertex 36.5505 -68.6467 -28.3341
      vertex 36.384 -78.9 -26.8589
      vertex 36.5771 -68.5946 -28.3403
    endloop
  endfacet
  facet normal -0.0517116 0.143041 0.988365
    outer loop
      vertex 36.4821 -68.7806 -28.3183
      vertex 36.384 -78.9 -26.8589
      vertex 36.5505 -68.6467 -28.3341
    endloop
  endfacet
  facet normal -0.0518436 0.143042 0.988358
    outer loop
      vertex 36.368 -68.956 -28.2989
      vertex 36.384 -78.9 -26.8589
      vertex 36.4821 -68.7806 -28.3183
    endloop
  endfacet
  facet normal -0.0518282 0.143042 0.988359
    outer loop
      vertex 36.2731 -69.0733 -28.2869
      vertex 36.384 -78.9 -26.8589
      vertex 36.368 -68.956 -28.2989
    endloop
  endfacet
  facet normal -0.0532894 0.143015 0.988285
    outer loop
      vertex 36.2363 -69.1188 -28.2823
      vertex 36.384 -78.9 -26.8589
      vertex 36.2731 -69.0733 -28.2869
    endloop
  endfacet
  facet normal -0.0500926 0.143086 0.988442
    outer loop
      vertex 36.195 -69.1602 -28.2784
      vertex 36.384 -78.9 -26.8589
      vertex 36.2363 -69.1188 -28.2823
    endloop
  endfacet
  facet normal -0.11292 0.14115 0.983527
    outer loop
      vertex 36.1945 -69.1606 -28.2784
      vertex 36.384 -78.9 -26.8589
      vertex 36.195 -69.1602 -28.2784
    endloop
  endfacet
  facet normal -0.0518132 0.143043 0.988359
    outer loop
      vertex 36.384 -78.9 -26.8589
      vertex 36.1945 -69.1606 -28.2784
      vertex 35.6 -78.9 -26.9
    endloop
  endfacet
  facet normal 0.543975 -0.05055 0.837577
    outer loop
      vertex 6.25 -10 -29.4952
      vertex 5.59161 -10 -29.0676
      vertex 5.41605 -38.7 -30.6857
    endloop
  endfacet
  facet normal 0.628575 -0.0476121 0.77629
    outer loop
      vertex 5.41605 -38.7 -30.6857
      vertex 5.59161 -10 -29.0676
      vertex 4.98152 -10 -28.5736
    endloop
  endfacet
  facet normal 0.707137 -0 0.707077
    outer loop
      vertex 3.94012 -39.7 -29.3567
      vertex 4.64326 -38.7 -30.0599
      vertex 3.94012 -38.7 -29.3567
    endloop
  endfacet
  facet normal 0.707137 0 0.707077
    outer loop
      vertex 4.64326 -38.7 -30.0599
      vertex 3.94012 -39.7 -29.3567
      vertex 4.64326 -39.7 -30.0599
    endloop
  endfacet
  facet normal 0.706387 -0.0449082 0.7064
    outer loop
      vertex 4.42641 -10 -28.0185
      vertex 4.64326 -38.7 -30.0599
      vertex 4.98152 -10 -28.5736
    endloop
  endfacet
  facet normal 0.706424 -0.0449053 0.706363
    outer loop
      vertex 4.64326 -38.7 -30.0599
      vertex 4.42641 -10 -28.0185
      vertex 3.94012 -38.7 -29.3567
    endloop
  endfacet
  facet normal 0.837994 -0.0403366 0.544187
    outer loop
      vertex 3.93237 -10 -27.4084
      vertex 3.50481 -10 -26.75
      vertex 3.31433 -38.7 -28.584
    endloop
  endfacet
  facet normal 0.890341 -0.0385166 0.453662
    outer loop
      vertex 2.77277 -38.7 -27.75
      vertex 3.50481 -10 -26.75
      vertex 2.32132 -38.7 -26.864
    endloop
  endfacet
  facet normal 0.83158 0.129813 0.540022
    outer loop
      vertex 5.90482 -78.9 -23.15
      vertex 6.33238 -78.9 -23.8084
      vertex 3.31433 -39.7 -28.584
    endloop
  endfacet
  facet normal 0.831595 0.129811 0.539998
    outer loop
      vertex 5.90482 -78.9 -23.15
      vertex 3.31433 -39.7 -28.584
      vertex 2.77277 -39.7 -27.75
    endloop
  endfacet
  facet normal 0.987077 -0.0351552 0.156343
    outer loop
      vertex 2.66389 -10 -24.5593
      vertex 2.54109 -10 -23.784
      vertex 1.7076 -38.7 -24.9752
    endloop
  endfacet
  facet normal 0.965302 -0.0359123 0.258657
    outer loop
      vertex 1.96497 -38.7 -25.9357
      vertex 2.66389 -10 -24.5593
      vertex 1.7076 -38.7 -24.9752
    endloop
  endfacet
  facet normal 0.890352 -0.038517 0.45364
    outer loop
      vertex 3.50481 -10 -26.75
      vertex 3.14841 -10 -26.0505
      vertex 2.32132 -38.7 -26.864
    endloop
  endfacet
  facet normal 0.891002 -0 0.453999
    outer loop
      vertex 2.32132 -39.7 -26.864
      vertex 2.77277 -38.7 -27.75
      vertex 2.32132 -38.7 -26.864
    endloop
  endfacet
  facet normal 0.891002 0 0.453999
    outer loop
      vertex 2.77277 -38.7 -27.75
      vertex 2.32132 -39.7 -26.864
      vertex 2.77277 -39.7 -27.75
    endloop
  endfacet
  facet normal 0.933577 -0 0.358376
    outer loop
      vertex 1.96497 -39.7 -25.9357
      vertex 2.32132 -38.7 -26.864
      vertex 1.96497 -38.7 -25.9357
    endloop
  endfacet
  facet normal 0.933577 0 0.358376
    outer loop
      vertex 2.32132 -38.7 -26.864
      vertex 1.96497 -39.7 -25.9357
      vertex 2.32132 -39.7 -26.864
    endloop
  endfacet
  facet normal 0.884191 0.123512 0.450501
    outer loop
      vertex 5.54842 -78.9 -22.4505
      vertex 5.90482 -78.9 -23.15
      vertex 2.32132 -39.7 -26.864
    endloop
  endfacet
  facet normal 0.256026 0.147278 0.955385
    outer loop
      vertex 10.8407 -78.9 -26.7361
      vertex 9.02484 -39.7 -32.2924
      vertex 8.06433 -39.7 -32.035
    endloop
  endfacet
  facet normal 0.256013 0.147278 0.955388
    outer loop
      vertex 10.0824 -78.9 -26.5329
      vertex 10.8407 -78.9 -26.7361
      vertex 8.06433 -39.7 -32.035
    endloop
  endfacet
  facet normal 0.354215 0.15211 0.92271
    outer loop
      vertex 11.043 -108 -22.1045
      vertex 11.5804 -108 -22.3108
      vertex 10.0824 -78.9 -26.5329
    endloop
  endfacet
  facet normal 0.357752 -0.0570123 0.932075
    outer loop
      vertex 8.06433 -38.7 -32.035
      vertex 7.68237 -10 -30.1329
      vertex 6.94948 -10 -29.8516
    endloop
  endfacet
  facet normal -0.622787 0.143306 0.769155
    outer loop
      vertex 40.6185 -78.9 -24.9736
      vertex 42.584 -39.7 -30.6857
      vertex 40.0084 -78.9 -25.4676
    endloop
  endfacet
  facet normal -0.538842 0.145848 0.829685
    outer loop
      vertex 40.0084 -78.9 -25.4676
      vertex 42.584 -39.7 -30.6857
      vertex 39.35 -78.9 -25.8952
    endloop
  endfacet
  facet normal -0.354392 0.147844 0.923335
    outer loop
      vertex 38.6505 -78.9 -26.2516
      vertex 39.9357 -39.7 -32.035
      vertex 37.9176 -78.9 -26.5329
    endloop
  endfacet
  facet normal 0.830868 0.136138 0.53956
    outer loop
      vertex 8.83041 -108 -20.3128
      vertex 6.33238 -78.9 -23.8084
      vertex 5.90482 -78.9 -23.15
    endloop
  endfacet
  facet normal 0.538416 0.150245 0.829177
    outer loop
      vertex 10.0472 -108 -21.5296
      vertex 10.53 -108 -21.8431
      vertex 8.65001 -78.9 -25.8952
    endloop
  endfacet
  facet normal -0.883377 0.130643 0.450086
    outer loop
      vertex 42.0952 -78.9 -23.15
      vertex 40.0537 -104.676 -19.675
      vertex 42.4516 -78.9 -22.4505
    endloop
  endfacet
  facet normal -0.883028 0.130706 0.450753
    outer loop
      vertex 40.0537 -104.676 -19.675
      vertex 42.0952 -78.9 -23.15
      vertex 39.964 -105.282 -19.675
    endloop
  endfacet
  facet normal -0.769392 0.14089 0.623046
    outer loop
      vertex 39.1696 -108 -20.3128
      vertex 41.1736 -78.9 -24.4185
      vertex 38.8073 -108 -20.7602
    endloop
  endfacet
  facet normal -0.44876 0.151627 0.880695
    outer loop
      vertex 37.47 -108 -21.8431
      vertex 39.35 -78.9 -25.8952
      vertex 36.957 -108 -22.1045
    endloop
  endfacet
  facet normal -0.25584 0.151693 0.954743
    outer loop
      vertex 37.9176 -78.9 -26.5329
      vertex 37.1593 -78.9 -26.7361
      vertex 36.4196 -108 -22.3108
    endloop
  endfacet
  facet normal -0.354394 0.147844 0.923335
    outer loop
      vertex 40.864 -39.7 -31.6787
      vertex 39.9357 -39.7 -32.035
      vertex 38.6505 -78.9 -26.2516
    endloop
  endfacet
  facet normal -0.449021 0.147366 0.881285
    outer loop
      vertex 39.35 -78.9 -25.8952
      vertex 40.864 -39.7 -31.6787
      vertex 38.6505 -78.9 -26.2516
    endloop
  endfacet
  facet normal -0.959207 0.117658 0.257058
    outer loop
      vertex 41.6046 -92.561 -19.675
      vertex 42.9361 -78.9 -20.9593
      vertex 41.1771 -96.0462 -19.675
    endloop
  endfacet
  facet normal -0.981675 0.110291 0.155401
    outer loop
      vertex 41.8687 -90.2103 -19.675
      vertex 42.9361 -78.9 -20.9593
      vertex 41.6046 -92.561 -19.675
    endloop
  endfacet
  facet normal 0 -1 0
    outer loop
      vertex 10 -10 -30.5
      vertex 2.5 -10 -19.675
      vertex 2.5 -10 -23
    endloop
  endfacet
  facet normal 0 -1 0
    outer loop
      vertex 2.5 -10 -19.675
      vertex 10 -10 -30.5
      vertex 45.5 -10 -19.675
    endloop
  endfacet
  facet normal 0 -1 0
    outer loop
      vertex 10 -10 -30.5
      vertex 2.5 -10 -23
      vertex 2.54109 -10 -23.784
    endloop
  endfacet
  facet normal 0 -1 0
    outer loop
      vertex 38 -10 -30.5
      vertex 45.5 -10 -19.675
      vertex 10 -10 -30.5
    endloop
  endfacet
  facet normal 0 -1 0
    outer loop
      vertex 10 -10 -30.5
      vertex 2.54109 -10 -23.784
      vertex 2.66389 -10 -24.5593
    endloop
  endfacet
  facet normal 0 -1 -0
    outer loop
      vertex 45.5 -10 -19.675
      vertex 38 -10 -30.5
      vertex 45.5 -10 -23
    endloop
  endfacet
  facet normal 0 -1 0
    outer loop
      vertex 10 -10 -30.5
      vertex 2.66389 -10 -24.5593
      vertex 2.86708 -10 -25.3176
    endloop
  endfacet
  facet normal 0 -1 0
    outer loop
      vertex 45.5 -10 -23
      vertex 38 -10 -30.5
      vertex 45.4589 -10 -23.784
    endloop
  endfacet
  facet normal 0 -1 0
    outer loop
      vertex 10 -10 -30.5
      vertex 2.86708 -10 -25.3176
      vertex 3.14841 -10 -26.0505
    endloop
  endfacet
  facet normal 0 -1 0
    outer loop
      vertex 45.4589 -10 -23.784
      vertex 38 -10 -30.5
      vertex 45.3361 -10 -24.5593
    endloop
  endfacet
  facet normal 0 -1 0
    outer loop
      vertex 10 -10 -30.5
      vertex 3.14841 -10 -26.0505
      vertex 3.50481 -10 -26.75
    endloop
  endfacet
  facet normal 0 -1 0
    outer loop
      vertex 45.3361 -10 -24.5593
      vertex 38 -10 -30.5
      vertex 45.1329 -10 -25.3176
    endloop
  endfacet
  facet normal 0 -1 0
    outer loop
      vertex 10 -10 -30.5
      vertex 3.50481 -10 -26.75
      vertex 3.93237 -10 -27.4084
    endloop
  endfacet
  facet normal 0 -1 0
    outer loop
      vertex 45.1329 -10 -25.3176
      vertex 38 -10 -30.5
      vertex 44.8516 -10 -26.0505
    endloop
  endfacet
  facet normal 0 -1 0
    outer loop
      vertex 10 -10 -30.5
      vertex 3.93237 -10 -27.4084
      vertex 4.42641 -10 -28.0185
    endloop
  endfacet
  facet normal 0 -1 0
    outer loop
      vertex 44.8516 -10 -26.0505
      vertex 38 -10 -30.5
      vertex 44.4952 -10 -26.75
    endloop
  endfacet
  facet normal 0 -1 0
    outer loop
      vertex 10 -10 -30.5
      vertex 4.42641 -10 -28.0185
      vertex 4.98152 -10 -28.5736
    endloop
  endfacet
  facet normal 0 -1 0
    outer loop
      vertex 44.4952 -10 -26.75
      vertex 38 -10 -30.5
      vertex 44.0676 -10 -27.4084
    endloop
  endfacet
  facet normal 0 -1 0
    outer loop
      vertex 10 -10 -30.5
      vertex 4.98152 -10 -28.5736
      vertex 5.59161 -10 -29.0676
    endloop
  endfacet
  facet normal 0 -1 0
    outer loop
      vertex 44.0676 -10 -27.4084
      vertex 38 -10 -30.5
      vertex 43.5736 -10 -28.0185
    endloop
  endfacet
  facet normal 0 -1 0
    outer loop
      vertex 10 -10 -30.5
      vertex 5.59161 -10 -29.0676
      vertex 6.25 -10 -29.4952
    endloop
  endfacet
  facet normal 0 -1 0
    outer loop
      vertex 43.5736 -10 -28.0185
      vertex 38 -10 -30.5
      vertex 43.0185 -10 -28.5736
    endloop
  endfacet
  facet normal 0 -1 0
    outer loop
      vertex 10 -10 -30.5
      vertex 6.25 -10 -29.4952
      vertex 6.94948 -10 -29.8516
    endloop
  endfacet
  facet normal 0 -1 0
    outer loop
      vertex 43.0185 -10 -28.5736
      vertex 38 -10 -30.5
      vertex 42.4084 -10 -29.0676
    endloop
  endfacet
  facet normal 0 -1 0
    outer loop
      vertex 10 -10 -30.5
      vertex 6.94948 -10 -29.8516
      vertex 7.68237 -10 -30.1329
    endloop
  endfacet
  facet normal 0 -1 0
    outer loop
      vertex 42.4084 -10 -29.0676
      vertex 38 -10 -30.5
      vertex 41.75 -10 -29.4952
    endloop
  endfacet
  facet normal 0 -1 0
    outer loop
      vertex 10 -10 -30.5
      vertex 7.68237 -10 -30.1329
      vertex 8.44066 -10 -30.3361
    endloop
  endfacet
  facet normal 0 -1 0
    outer loop
      vertex 41.75 -10 -29.4952
      vertex 38 -10 -30.5
      vertex 41.0505 -10 -29.8516
    endloop
  endfacet
  facet normal 0 -1 0
    outer loop
      vertex 10 -10 -30.5
      vertex 8.44066 -10 -30.3361
      vertex 9.21603 -10 -30.4589
    endloop
  endfacet
  facet normal 0 -1 0
    outer loop
      vertex 41.0505 -10 -29.8516
      vertex 38 -10 -30.5
      vertex 40.3176 -10 -30.1329
    endloop
  endfacet
  facet normal 0 -1 0
    outer loop
      vertex 40.3176 -10 -30.1329
      vertex 38 -10 -30.5
      vertex 39.5593 -10 -30.3361
    endloop
  endfacet
  facet normal 0 -1 0
    outer loop
      vertex 39.5593 -10 -30.3361
      vertex 38 -10 -30.5
      vertex 38.784 -10 -30.4589
    endloop
  endfacet
  facet normal 0.543891 -0.0505498 0.837632
    outer loop
      vertex 6.25 -38.7 -31.2272
      vertex 6.25 -10 -29.4952
      vertex 5.41605 -38.7 -30.6857
    endloop
  endfacet
  facet normal 0.354384 0.147844 0.923339
    outer loop
      vertex 9.34949 -78.9 -26.2516
      vertex 8.06433 -39.7 -32.035
      vertex 7.136 -39.7 -31.6787
    endloop
  endfacet
  facet normal -0.998025 -0.0347763 0.0523199
    outer loop
      vertex 46.448 -38.7 -23.993
      vertex 45.5 -10 -23
      vertex 45.4589 -10 -23.784
    endloop
  endfacet
  facet normal -0.933594 0 0.358332
    outer loop
      vertex 45.6787 -39.7 -26.864
      vertex 46.035 -38.7 -25.9357
      vertex 45.6787 -38.7 -26.864
    endloop
  endfacet
  facet normal -0.933594 0 0.358332
    outer loop
      vertex 46.035 -38.7 -25.9357
      vertex 45.6787 -39.7 -26.864
      vertex 46.035 -39.7 -25.9357
    endloop
  endfacet
  facet normal 0.622829 0.143302 0.769122
    outer loop
      vertex 7.38153 -78.9 -24.9736
      vertex 5.41605 -39.7 -30.6857
      vertex 4.64326 -39.7 -30.0599
    endloop
  endfacet
  facet normal 0.77645 -0.0424749 0.628745
    outer loop
      vertex 4.42641 -10 -28.0185
      vertex 3.93237 -10 -27.4084
      vertex 3.31433 -38.7 -28.584
    endloop
  endfacet
  facet normal 0.932942 -0.0370372 0.358118
    outer loop
      vertex 3.14841 -10 -26.0505
      vertex 2.86708 -10 -25.3176
      vertex 1.96497 -38.7 -25.9357
    endloop
  endfacet
  facet normal 0.987691 -0 0.15642
    outer loop
      vertex 1.55205 -39.7 -23.993
      vertex 1.7076 -38.7 -24.9752
      vertex 1.55205 -38.7 -23.993
    endloop
  endfacet
  facet normal 0.987691 0 0.15642
    outer loop
      vertex 1.7076 -38.7 -24.9752
      vertex 1.55205 -39.7 -23.993
      vertex 1.7076 -39.7 -24.9752
    endloop
  endfacet
  facet normal 0.98708 -0.0351545 0.156323
    outer loop
      vertex 1.7076 -38.7 -24.9752
      vertex 2.54109 -10 -23.784
      vertex 1.55205 -38.7 -23.993
    endloop
  endfacet
  facet normal 0.838009 -0.0403352 0.544163
    outer loop
      vertex 3.31433 -38.7 -28.584
      vertex 3.50481 -10 -26.75
      vertex 2.77277 -38.7 -27.75
    endloop
  endfacet
  facet normal 0.838692 -0 0.544607
    outer loop
      vertex 2.77277 -39.7 -27.75
      vertex 3.31433 -38.7 -28.584
      vertex 2.77277 -38.7 -27.75
    endloop
  endfacet
  facet normal 0.838692 0 0.544607
    outer loop
      vertex 3.31433 -38.7 -28.584
      vertex 2.77277 -39.7 -27.75
      vertex 3.31433 -39.7 -28.584
    endloop
  endfacet
  facet normal 0.982731 0.100085 0.155634
    outer loop
      vertex 4.9411 -78.9 -20.184
      vertex 1.7076 -39.7 -24.9752
      vertex 1.55205 -39.7 -23.993
    endloop
  endfacet
  facet normal 0.99337 0.102469 0.052117
    outer loop
      vertex 5.4066 -83.6716 -19.675
      vertex 5.51849 -84.7563 -19.675
      vertex 4.9411 -78.9 -20.184
    endloop
  endfacet
  facet normal 0.699675 0.144848 0.699624
    outer loop
      vertex 9.59979 -108 -21.1673
      vertex 6.82642 -78.9 -24.4185
      vertex 9.19272 -108 -20.7602
    endloop
  endfacet
  facet normal 0.699643 0.144848 0.699656
    outer loop
      vertex 6.82642 -78.9 -24.4185
      vertex 9.59979 -108 -21.1673
      vertex 7.38153 -78.9 -24.9736
    endloop
  endfacet
  facet normal 0.883364 0.130626 0.450117
    outer loop
      vertex 8.51688 -108 -19.83
      vertex 8.03598 -105.282 -19.675
      vertex 8.4379 -108 -19.675
    endloop
  endfacet
  facet normal 0.883409 0.130639 0.450025
    outer loop
      vertex 8.03598 -105.282 -19.675
      vertex 8.51688 -108 -19.83
      vertex 5.90482 -78.9 -23.15
    endloop
  endfacet
  facet normal 0.830866 0.136138 0.539564
    outer loop
      vertex 8.51688 -108 -19.83
      vertex 8.83041 -108 -20.3128
      vertex 5.90482 -78.9 -23.15
    endloop
  endfacet
  facet normal 0.354156 0.152111 0.922733
    outer loop
      vertex 11.043 -108 -22.1045
      vertex 10.0824 -78.9 -26.5329
      vertex 9.34949 -78.9 -26.2516
    endloop
  endfacet
  facet normal -0.830889 0.136137 0.539527
    outer loop
      vertex 39.4831 -108 -19.83
      vertex 42.0952 -78.9 -23.15
      vertex 39.1696 -108 -20.3128
    endloop
  endfacet
  facet normal -0.883411 0.13064 0.45002
    outer loop
      vertex 39.4831 -108 -19.83
      vertex 39.964 -105.282 -19.675
      vertex 42.0952 -78.9 -23.15
    endloop
  endfacet
  facet normal -0.883319 0.130613 0.450208
    outer loop
      vertex 39.964 -105.282 -19.675
      vertex 39.4831 -108 -19.83
      vertex 39.5621 -108 -19.675
    endloop
  endfacet
  facet normal -0.769966 0.135249 0.623586
    outer loop
      vertex 44.6857 -39.7 -28.584
      vertex 44.0599 -39.7 -29.3567
      vertex 41.1736 -78.9 -24.4185
    endloop
  endfacet
  facet normal -0.770036 0.135246 0.623501
    outer loop
      vertex 41.6676 -78.9 -23.8084
      vertex 44.6857 -39.7 -28.584
      vertex 41.1736 -78.9 -24.4185
    endloop
  endfacet
  facet normal -0.622395 0.147977 0.768588
    outer loop
      vertex 38.4002 -108 -21.1673
      vertex 40.6185 -78.9 -24.9736
      vertex 37.9528 -108 -21.5296
    endloop
  endfacet
  facet normal -0.699649 0.144849 0.699649
    outer loop
      vertex 38.4002 -108 -21.1673
      vertex 41.1736 -78.9 -24.4185
      vertex 40.6185 -78.9 -24.9736
    endloop
  endfacet
  facet normal -0.699649 0.144849 0.699649
    outer loop
      vertex 41.1736 -78.9 -24.4185
      vertex 38.4002 -108 -21.1673
      vertex 38.8073 -108 -20.7602
    endloop
  endfacet
  facet normal -0.354215 0.15211 0.92271
    outer loop
      vertex 36.957 -108 -22.1045
      vertex 37.9176 -78.9 -26.5329
      vertex 36.4196 -108 -22.3108
    endloop
  endfacet
  facet normal 0.449031 0.147365 0.88128
    outer loop
      vertex 8.65001 -78.9 -25.8952
      vertex 9.34949 -78.9 -26.2516
      vertex 7.136 -39.7 -31.6787
    endloop
  endfacet
  facet normal 0.449082 0.147364 0.881255
    outer loop
      vertex 8.65001 -78.9 -25.8952
      vertex 7.136 -39.7 -31.6787
      vertex 6.25 -39.7 -31.2272
    endloop
  endfacet
  facet normal 0.453384 -0.0536918 0.889697
    outer loop
      vertex 6.25 -38.7 -31.2272
      vertex 7.136 -38.7 -31.6787
      vertex 6.25 -10 -29.4952
    endloop
  endfacet
  facet normal 0.454039 0 0.890982
    outer loop
      vertex 6.25 -38.7 -31.2272
      vertex 7.136 -39.7 -31.6787
      vertex 7.136 -38.7 -31.6787
    endloop
  endfacet
  facet normal 0.454039 0 0.890982
    outer loop
      vertex 7.136 -39.7 -31.6787
      vertex 6.25 -38.7 -31.2272
      vertex 6.25 -39.7 -31.2272
    endloop
  endfacet
  facet normal -0.987077 -0.0351556 0.156343
    outer loop
      vertex 46.2924 -38.7 -24.9752
      vertex 45.4589 -10 -23.784
      vertex 45.3361 -10 -24.5593
    endloop
  endfacet
  facet normal -0.987072 -0.0351566 0.156372
    outer loop
      vertex 46.2924 -38.7 -24.9752
      vertex 46.448 -38.7 -23.993
      vertex 45.4589 -10 -23.784
    endloop
  endfacet
  facet normal 0.959216 0.117656 0.257026
    outer loop
      vertex 6.82289 -96.0462 -19.675
      vertex 5.26709 -78.9 -21.7176
      vertex 5.0639 -78.9 -20.9593
    endloop
  endfacet
  facet normal 0.959213 0.117657 0.257037
    outer loop
      vertex 5.26709 -78.9 -21.7176
      vertex 6.82289 -96.0462 -19.675
      vertex 7.20132 -99.1314 -19.675
    endloop
  endfacet
  facet normal 0.44876 0.151626 0.880695
    outer loop
      vertex 10.53 -108 -21.8431
      vertex 11.043 -108 -22.1045
      vertex 8.65001 -78.9 -25.8952
    endloop
  endfacet
  facet normal 0.25584 0.151693 0.954743
    outer loop
      vertex 11.5804 -108 -22.3108
      vertex 10.8407 -78.9 -26.7361
      vertex 10.0824 -78.9 -26.5329
    endloop
  endfacet
  facet normal 0.255813 0.151694 0.954751
    outer loop
      vertex 11.5804 -108 -22.3108
      vertex 12.1365 -108 -22.4598
      vertex 10.8407 -78.9 -26.7361
    endloop
  endfacet
  facet normal 0.926343 0.124458 0.355526
    outer loop
      vertex 7.20132 -99.1314 -19.675
      vertex 7.80989 -103.661 -19.675
      vertex 5.26709 -78.9 -21.7176
    endloop
  endfacet
  facet normal 0.99626 0.0864105 0
    outer loop
      vertex 4.64028 -75.9055 -19.675
      vertex 1.5 -39.7 -23
      vertex 1.5 -39.7 -19.675
    endloop
  endfacet
  facet normal 0.258766 0.944831 -0.200834
    outer loop
      vertex 38.9861 -38.1932 -31.3615
      vertex 38.5816 -37.3595 -27.9605
      vertex 38.9861 -37.4655 -27.938
    endloop
  endfacet
  facet normal 0.258766 0.944831 -0.200834
    outer loop
      vertex 38.5816 -37.3595 -27.9605
      vertex 38.9861 -38.1932 -31.3615
      vertex 38.5816 -38.0872 -31.384
    endloop
  endfacet
  facet normal 0.156288 0.966127 -0.20536
    outer loop
      vertex 38.5816 -38.0872 -31.384
      vertex 38.1681 -37.2955 -27.9741
      vertex 38.5816 -37.3595 -27.9605
    endloop
  endfacet
  facet normal 0.156288 0.966127 -0.20536
    outer loop
      vertex 38.1681 -37.2955 -27.9741
      vertex 38.5816 -38.0872 -31.384
      vertex 38.1681 -38.0232 -31.3976
    endloop
  endfacet
  facet normal -0.99863 -0.0511821 0.0108793
    outer loop
      vertex 6.25 -68.8134 -24.853
      vertex 6.27191 -68.4947 -21.3425
      vertex 6.25 -68.0857 -21.4295
    endloop
  endfacet
  facet normal -0.99863 -0.0511821 0.0108793
    outer loop
      vertex 6.27191 -68.4947 -21.3425
      vertex 6.25 -68.8134 -24.853
      vertex 6.27191 -69.2224 -24.766
    endloop
  endfacet
  facet normal 0.0525143 0.976797 -0.207628
    outer loop
      vertex 38.1681 -38.0232 -31.3976
      vertex 37.75 -37.274 -27.9787
      vertex 38.1681 -37.2955 -27.9741
    endloop
  endfacet
  facet normal 0.0525143 0.976797 -0.207628
    outer loop
      vertex 37.75 -37.274 -27.9787
      vertex 38.1681 -38.0232 -31.3976
      vertex 37.75 -38.0017 -31.4022
    endloop
  endfacet
  facet normal 0.707082 -0.691679 0.147023
    outer loop
      vertex 40.4265 -70.9933 -20.8114
      vertex 40.7226 -71.4314 -24.2965
      vertex 40.7226 -70.7037 -20.873
    endloop
  endfacet
  facet normal 0.707082 -0.691679 0.147023
    outer loop
      vertex 40.7226 -71.4314 -24.2965
      vertex 40.4265 -70.9933 -20.8114
      vertex 40.4265 -71.721 -24.2349
    endloop
  endfacet
  facet normal 0 0.978147 -0.207915
    outer loop
      vertex 37.75 -38.0017 -31.4022
      vertex 10.25 -37.274 -27.9787
      vertex 37.75 -37.274 -27.9787
    endloop
  endfacet
  facet normal 0 0.978147 -0.207915
    outer loop
      vertex 10.25 -37.274 -27.9787
      vertex 37.75 -38.0017 -31.4022
      vertex 10.25 -38.0017 -31.4022
    endloop
  endfacet
  facet normal 1 0 0
    outer loop
      vertex 41.75 -68.0857 -21.4295
      vertex 41.75 -41.9143 -30.5705
      vertex 41.75 -41.1866 -27.147
    endloop
  endfacet
  facet normal 1 0 0
    outer loop
      vertex 41.75 -41.9143 -30.5705
      vertex 41.75 -68.0857 -21.4295
      vertex 41.75 -68.8134 -24.853
    endloop
  endfacet
  facet normal -0.544718 -0.820293 0.174362
    outer loop
      vertex 7.89886 -71.251 -20.7566
      vertex 8.25 -72.2018 -24.1327
      vertex 8.25 -71.4741 -20.7092
    endloop
  endfacet
  facet normal -0.544753 -0.820272 0.174352
    outer loop
      vertex 8.25 -72.2018 -24.1327
      vertex 7.89886 -71.251 -20.7566
      vertex 7.89886 -71.9787 -24.1802
    endloop
  endfacet
  facet normal -1 0 0
    outer loop
      vertex 6.25 -41.9143 -30.5705
      vertex 6.25 -68.0857 -21.4295
      vertex 6.25 -41.1866 -27.147
    endloop
  endfacet
  facet normal -1 0 -0
    outer loop
      vertex 6.25 -68.0857 -21.4295
      vertex 6.25 -41.9143 -30.5705
      vertex 6.25 -68.8134 -24.853
    endloop
  endfacet
  facet normal -2.88591e-05 -0.208057 -0.978117
    outer loop
      vertex 38.4021 -68.1952 -24.9844
      vertex 41.75 -68.8134 -24.853
      vertex 41.7281 -69.2224 -24.766
    endloop
  endfacet
  facet normal 3.23177e-06 -0.207909 -0.978148
    outer loop
      vertex 41.75 -68.8134 -24.853
      vertex 38.5 -67.5907 -25.1129
      vertex 41.75 -41.9143 -30.5705
    endloop
  endfacet
  facet normal 4.59872e-05 -0.207736 -0.978185
    outer loop
      vertex 38.3271 -68.3864 -24.9437
      vertex 41.7281 -69.2224 -24.766
      vertex 41.6626 -69.6269 -24.6801
    endloop
  endfacet
  facet normal 2.80468e-05 -0.207912 -0.978148
    outer loop
      vertex 38.5 -43.137 -30.3107
      vertex 41.75 -41.9143 -30.5705
      vertex 38.5 -67.5907 -25.1129
    endloop
  endfacet
  facet normal -2.54328e-05 -0.207985 -0.978132
    outer loop
      vertex 38.2321 -68.5688 -24.905
      vertex 41.6626 -69.6269 -24.6801
      vertex 41.5542 -70.0224 -24.596
    endloop
  endfacet
  facet normal -9.22131e-05 -0.207606 -0.978213
    outer loop
      vertex 38.489 -42.9325 -30.3541
      vertex 41.75 -41.9143 -30.5705
      vertex 38.5 -43.137 -30.3107
    endloop
  endfacet
  facet normal -1.05673e-05 -0.207953 -0.978139
    outer loop
      vertex 38.2321 -68.5688 -24.905
      vertex 41.5542 -70.0224 -24.596
      vertex 41.4042 -70.4048 -24.5147
    endloop
  endfacet
  facet normal 3.74493e-05 -0.208003 -0.978128
    outer loop
      vertex 38.4563 -42.7303 -30.3971
      vertex 41.75 -41.9143 -30.5705
      vertex 38.489 -42.9325 -30.3541
    endloop
  endfacet
  facet normal -4.95617e-05 -0.207985 -0.978132
    outer loop
      vertex 38.118 -68.7406 -24.8684
      vertex 41.4042 -70.4048 -24.5147
      vertex 41.2141 -70.7697 -24.4371
    endloop
  endfacet
  facet normal -3.72873e-05 -0.207715 -0.978189
    outer loop
      vertex 38.4021 -42.5325 -30.4391
      vertex 41.75 -41.9143 -30.5705
      vertex 38.4563 -42.7303 -30.3971
    endloop
  endfacet
  facet normal -1.018e-05 -0.207927 -0.978144
    outer loop
      vertex 38.118 -68.7406 -24.8684
      vertex 41.2141 -70.7697 -24.4371
      vertex 40.9861 -71.1131 -24.3641
    endloop
  endfacet
  facet normal 2.88591e-05 -0.208057 -0.978117
    outer loop
      vertex 41.75 -41.9143 -30.5705
      vertex 38.4021 -42.5325 -30.4391
      vertex 41.7281 -41.5053 -30.6575
    endloop
  endfacet
  facet normal 8.54175e-05 -0.207812 -0.978169
    outer loop
      vertex 37.9863 -68.8997 -24.8346
      vertex 40.9861 -71.1131 -24.3641
      vertex 40.7226 -71.4314 -24.2965
    endloop
  endfacet
  facet normal 6.71659e-05 -0.208176 -0.978091
    outer loop
      vertex 38.3271 -42.3413 -30.4798
      vertex 41.7281 -41.5053 -30.6575
      vertex 38.4021 -42.5325 -30.4391
    endloop
  endfacet
  facet normal -7.54563e-05 -0.207979 -0.978133
    outer loop
      vertex 37.9863 -68.8997 -24.8346
      vertex 40.7226 -71.4314 -24.2965
      vertex 40.4265 -71.721 -24.2349
    endloop
  endfacet
  facet normal 1.118e-05 -0.207958 -0.978138
    outer loop
      vertex 41.7281 -41.5053 -30.6575
      vertex 38.3271 -42.3413 -30.4798
      vertex 41.6626 -41.1008 -30.7435
    endloop
  endfacet
  facet normal 0.000127831 -0.207791 -0.978173
    outer loop
      vertex 37.8383 -69.0445 -24.8038
      vertex 40.4265 -71.721 -24.2349
      vertex 40.1011 -71.9787 -24.1802
    endloop
  endfacet
  facet normal 4.37987e-05 -0.208042 -0.97812
    outer loop
      vertex 38.2321 -42.1589 -30.5186
      vertex 41.6626 -41.1008 -30.7435
      vertex 38.3271 -42.3413 -30.4798
    endloop
  endfacet
  facet normal -0.000158881 -0.208002 -0.978128
    outer loop
      vertex 37.8383 -69.0445 -24.8038
      vertex 40.1011 -71.9787 -24.1802
      vertex 39.75 -72.2018 -24.1327
    endloop
  endfacet
  facet normal -4.4905e-05 -0.207767 -0.978178
    outer loop
      vertex 41.6626 -41.1008 -30.7435
      vertex 38.2321 -42.1589 -30.5186
      vertex 41.5542 -40.7053 -30.8275
    endloop
  endfacet
  facet normal 3.9133e-05 -0.207915 -0.978147
    outer loop
      vertex 37.6756 -69.1734 -24.7765
      vertex 39.75 -72.2018 -24.1327
      vertex 39.377 -72.3877 -24.0932
    endloop
  endfacet
  facet normal 3.56975e-05 -0.207943 -0.978141
    outer loop
      vertex 41.5542 -40.7053 -30.8275
      vertex 38.2321 -42.1589 -30.5186
      vertex 41.4042 -40.3229 -30.9088
    endloop
  endfacet
  facet normal 1.44686e-05 -0.207927 -0.978144
    outer loop
      vertex 37.6756 -69.1734 -24.7765
      vertex 39.377 -72.3877 -24.0932
      vertex 38.9861 -72.5345 -24.062
    endloop
  endfacet
  facet normal -2.89901e-05 -0.207836 -0.978164
    outer loop
      vertex 38.118 -41.9871 -30.5551
      vertex 41.4042 -40.3229 -30.9088
      vertex 38.2321 -42.1589 -30.5186
    endloop
  endfacet
  facet normal 6.52551e-05 -0.207876 -0.978155
    outer loop
      vertex 37.5 -69.2849 -24.7527
      vertex 38.9861 -72.5345 -24.062
      vertex 38.5816 -72.6405 -24.0395
    endloop
  endfacet
  facet normal 4.95617e-05 -0.207985 -0.978132
    outer loop
      vertex 41.4042 -40.3229 -30.9088
      vertex 38.118 -41.9871 -30.5551
      vertex 41.2141 -39.958 -30.9864
    endloop
  endfacet
  facet normal 1.018e-05 -0.207927 -0.978144
    outer loop
      vertex 41.2141 -39.958 -30.9864
      vertex 38.118 -41.9871 -30.5551
      vertex 40.9861 -39.6146 -31.0594
    endloop
  endfacet
  facet normal -5.46704e-05 -0.208056 -0.978117
    outer loop
      vertex 41.75 -68.8134 -24.853
      vertex 38.489 -67.7952 -25.0694
      vertex 38.5 -67.5907 -25.1129
    endloop
  endfacet
  facet normal -3.74493e-05 -0.208003 -0.978128
    outer loop
      vertex 41.75 -68.8134 -24.853
      vertex 38.4563 -67.9974 -25.0264
      vertex 38.489 -67.7952 -25.0694
    endloop
  endfacet
  facet normal 3.72873e-05 -0.207715 -0.978189
    outer loop
      vertex 41.75 -68.8134 -24.853
      vertex 38.4021 -68.1952 -24.9844
      vertex 38.4563 -67.9974 -25.0264
    endloop
  endfacet
  facet normal -6.71659e-05 -0.208176 -0.978091
    outer loop
      vertex 41.7281 -69.2224 -24.766
      vertex 38.3271 -68.3864 -24.9437
      vertex 38.4021 -68.1952 -24.9844
    endloop
  endfacet
  facet normal 9.87181e-05 -0.2076 -0.978214
    outer loop
      vertex 41.6626 -69.6269 -24.6801
      vertex 38.2321 -68.5688 -24.905
      vertex 38.3271 -68.3864 -24.9437
    endloop
  endfacet
  facet normal 8.64453e-06 -0.207912 -0.978147
    outer loop
      vertex 37.3135 -69.3779 -24.733
      vertex 38.5816 -72.6405 -24.0395
      vertex 38.1681 -72.7045 -24.0259
    endloop
  endfacet
  facet normal -0.00018676 -0.208244 -0.978077
    outer loop
      vertex 41.4042 -70.4048 -24.5147
      vertex 38.118 -68.7406 -24.8684
      vertex 38.2321 -68.5688 -24.905
    endloop
  endfacet
  facet normal 5.55133e-05 -0.207851 -0.97816
    outer loop
      vertex 40.9861 -71.1131 -24.3641
      vertex 37.9863 -68.8997 -24.8346
      vertex 38.118 -68.7406 -24.8684
    endloop
  endfacet
  facet normal -7.54701e-05 -0.207979 -0.978133
    outer loop
      vertex 40.4265 -71.721 -24.2349
      vertex 37.8383 -69.0445 -24.8038
      vertex 37.9863 -68.8997 -24.8346
    endloop
  endfacet
  facet normal -6.92087e-05 -0.207931 -0.978143
    outer loop
      vertex 37.3135 -69.3779 -24.733
      vertex 38.1681 -72.7045 -24.0259
      vertex 37.75 -72.726 -24.0213
    endloop
  endfacet
  facet normal 0.000399587 -0.207679 -0.978197
    outer loop
      vertex 39.75 -72.2018 -24.1327
      vertex 37.6756 -69.1734 -24.7765
      vertex 37.8383 -69.0445 -24.8038
    endloop
  endfacet
  facet normal -0.000434944 -0.208095 -0.978108
    outer loop
      vertex 38.9861 -72.5345 -24.062
      vertex 37.5 -69.2849 -24.7527
      vertex 37.6756 -69.1734 -24.7765
    endloop
  endfacet
  facet normal 0.000299319 -0.207804 -0.97817
    outer loop
      vertex 38.5816 -72.6405 -24.0395
      vertex 37.3135 -69.3779 -24.733
      vertex 37.5 -69.2849 -24.7527
    endloop
  endfacet
  facet normal -8.94014e-05 -0.207934 -0.978143
    outer loop
      vertex 37.75 -72.726 -24.0213
      vertex 37.118 -69.4512 -24.7174
      vertex 37.3135 -69.3779 -24.733
    endloop
  endfacet
  facet normal -0.000157394 -0.207946 -0.97814
    outer loop
      vertex 37.75 -72.726 -24.0213
      vertex 36.9158 -69.5042 -24.7061
      vertex 37.118 -69.4512 -24.7174
    endloop
  endfacet
  facet normal 0.000104265 -0.207882 -0.978154
    outer loop
      vertex 37.75 -72.726 -24.0213
      vertex 36.7091 -69.5363 -24.6993
      vertex 36.9158 -69.5042 -24.7061
    endloop
  endfacet
  facet normal -0.000117864 -0.207951 -0.978139
    outer loop
      vertex 37.75 -72.726 -24.0213
      vertex 36.5 -69.547 -24.697
      vertex 36.7091 -69.5363 -24.6993
    endloop
  endfacet
  facet normal 0 -0.207907 -0.978149
    outer loop
      vertex 37.75 -72.726 -24.0213
      vertex 11.5 -69.547 -24.697
      vertex 36.5 -69.547 -24.697
    endloop
  endfacet
  facet normal 0 -0.207907 -0.978149
    outer loop
      vertex 10.25 -72.726 -24.0213
      vertex 11.5 -69.547 -24.697
      vertex 37.75 -72.726 -24.0213
    endloop
  endfacet
  facet normal 0.000117864 -0.207951 -0.978139
    outer loop
      vertex 11.5 -69.547 -24.697
      vertex 10.25 -72.726 -24.0213
      vertex 11.2909 -69.5363 -24.6993
    endloop
  endfacet
  facet normal -0.000104265 -0.207882 -0.978154
    outer loop
      vertex 10.25 -72.726 -24.0213
      vertex 11.0842 -69.5042 -24.7061
      vertex 11.2909 -69.5363 -24.6993
    endloop
  endfacet
  facet normal 0.000157394 -0.207946 -0.97814
    outer loop
      vertex 10.25 -72.726 -24.0213
      vertex 10.882 -69.4512 -24.7174
      vertex 11.0842 -69.5042 -24.7061
    endloop
  endfacet
  facet normal 8.94014e-05 -0.207934 -0.978143
    outer loop
      vertex 10.25 -72.726 -24.0213
      vertex 10.6865 -69.3779 -24.733
      vertex 10.882 -69.4512 -24.7174
    endloop
  endfacet
  facet normal 6.92054e-05 -0.207931 -0.978143
    outer loop
      vertex 9.83188 -72.7045 -24.0259
      vertex 10.6865 -69.3779 -24.733
      vertex 10.25 -72.726 -24.0213
    endloop
  endfacet
  facet normal -8.64392e-06 -0.207912 -0.978147
    outer loop
      vertex 9.41835 -72.6405 -24.0395
      vertex 10.6865 -69.3779 -24.733
      vertex 9.83188 -72.7045 -24.0259
    endloop
  endfacet
  facet normal -0.000299317 -0.207804 -0.97817
    outer loop
      vertex 10.6865 -69.3779 -24.733
      vertex 9.41835 -72.6405 -24.0395
      vertex 10.5 -69.2849 -24.7527
    endloop
  endfacet
  facet normal -6.52668e-05 -0.207876 -0.978155
    outer loop
      vertex 9.01393 -72.5345 -24.062
      vertex 10.5 -69.2849 -24.7527
      vertex 9.41835 -72.6405 -24.0395
    endloop
  endfacet
  facet normal 0.000434946 -0.208095 -0.978108
    outer loop
      vertex 10.5 -69.2849 -24.7527
      vertex 9.01393 -72.5345 -24.062
      vertex 10.3244 -69.1734 -24.7765
    endloop
  endfacet
  facet normal -1.44692e-05 -0.207927 -0.978144
    outer loop
      vertex 8.62305 -72.3877 -24.0932
      vertex 10.3244 -69.1734 -24.7765
      vertex 9.01393 -72.5345 -24.062
    endloop
  endfacet
  facet normal -3.91291e-05 -0.207915 -0.978147
    outer loop
      vertex 8.25 -72.2018 -24.1327
      vertex 10.3244 -69.1734 -24.7765
      vertex 8.62305 -72.3877 -24.0932
    endloop
  endfacet
  facet normal -0.000399587 -0.207679 -0.978197
    outer loop
      vertex 10.3244 -69.1734 -24.7765
      vertex 8.25 -72.2018 -24.1327
      vertex 10.1617 -69.0445 -24.8038
    endloop
  endfacet
  facet normal 0.000158868 -0.208002 -0.978128
    outer loop
      vertex 7.89886 -71.9787 -24.1802
      vertex 10.1617 -69.0445 -24.8038
      vertex 8.25 -72.2018 -24.1327
    endloop
  endfacet
  facet normal -0.000127833 -0.207791 -0.978173
    outer loop
      vertex 7.57347 -71.721 -24.2349
      vertex 10.1617 -69.0445 -24.8038
      vertex 7.89886 -71.9787 -24.1802
    endloop
  endfacet
  facet normal 7.54696e-05 -0.207979 -0.978133
    outer loop
      vertex 10.1617 -69.0445 -24.8038
      vertex 7.57347 -71.721 -24.2349
      vertex 10.0137 -68.8997 -24.8346
    endloop
  endfacet
  facet normal -5.55089e-05 -0.207851 -0.97816
    outer loop
      vertex 10.0137 -68.8997 -24.8346
      vertex 7.01393 -71.1131 -24.3641
      vertex 9.88197 -68.7406 -24.8684
    endloop
  endfacet
  facet normal -8.54192e-05 -0.207812 -0.978169
    outer loop
      vertex 7.01393 -71.1131 -24.3641
      vertex 10.0137 -68.8997 -24.8346
      vertex 7.27742 -71.4314 -24.2965
    endloop
  endfacet
  facet normal 7.54627e-05 -0.207979 -0.978133
    outer loop
      vertex 7.27742 -71.4314 -24.2965
      vertex 10.0137 -68.8997 -24.8346
      vertex 7.57347 -71.721 -24.2349
    endloop
  endfacet
  facet normal -5.55133e-05 -0.207851 -0.97816
    outer loop
      vertex 37.9863 -41.828 -30.5889
      vertex 40.9861 -39.6146 -31.0594
      vertex 38.118 -41.9871 -30.5551
    endloop
  endfacet
  facet normal -8.54175e-05 -0.207812 -0.978169
    outer loop
      vertex 40.9861 -39.6146 -31.0594
      vertex 37.9863 -41.828 -30.5889
      vertex 40.7226 -39.2963 -31.127
    endloop
  endfacet
  facet normal 7.54563e-05 -0.207979 -0.978133
    outer loop
      vertex 40.7226 -39.2963 -31.127
      vertex 37.9863 -41.828 -30.5889
      vertex 40.4265 -39.0067 -31.1886
    endloop
  endfacet
  facet normal 7.54701e-05 -0.207979 -0.978133
    outer loop
      vertex 37.8383 -41.6832 -30.6197
      vertex 40.4265 -39.0067 -31.1886
      vertex 37.9863 -41.828 -30.5889
    endloop
  endfacet
  facet normal 4.24033e-05 -0.207948 -0.97814
    outer loop
      vertex 40.4265 -39.0067 -31.1886
      vertex 37.8383 -41.6832 -30.6197
      vertex 40.1011 -38.749 -31.2434
    endloop
  endfacet
  facet normal -4.23051e-05 -0.207886 -0.978153
    outer loop
      vertex 40.1011 -38.749 -31.2434
      vertex 37.8383 -41.6832 -30.6197
      vertex 39.75 -38.5259 -31.2908
    endloop
  endfacet
  facet normal 6.73021e-06 -0.207914 -0.978147
    outer loop
      vertex 37.6756 -41.5543 -30.6471
      vertex 39.75 -38.5259 -31.2908
      vertex 37.8383 -41.6832 -30.6197
    endloop
  endfacet
  facet normal -2.71324e-05 -0.207892 -0.978152
    outer loop
      vertex 39.75 -38.5259 -31.2908
      vertex 37.6756 -41.5543 -30.6471
      vertex 39.377 -38.34 -31.3303
    endloop
  endfacet
  facet normal -4.93544e-06 -0.207903 -0.978149
    outer loop
      vertex 39.377 -38.34 -31.3303
      vertex 37.6756 -41.5543 -30.6471
      vertex 38.9861 -38.1932 -31.3615
    endloop
  endfacet
  facet normal 3.28118e-06 -0.207906 -0.978149
    outer loop
      vertex 37.5 -41.4428 -30.6708
      vertex 38.9861 -38.1932 -31.3615
      vertex 37.6756 -41.5543 -30.6471
    endloop
  endfacet
  facet normal -6.52551e-05 -0.207876 -0.978155
    outer loop
      vertex 38.9861 -38.1932 -31.3615
      vertex 37.5 -41.4428 -30.6708
      vertex 38.5816 -38.0872 -31.384
    endloop
  endfacet
  facet normal -0.000299319 -0.207804 -0.97817
    outer loop
      vertex 37.3135 -41.3498 -30.6905
      vertex 38.5816 -38.0872 -31.384
      vertex 37.5 -41.4428 -30.6708
    endloop
  endfacet
  facet normal -8.64453e-06 -0.207912 -0.978147
    outer loop
      vertex 38.5816 -38.0872 -31.384
      vertex 37.3135 -41.3498 -30.6905
      vertex 38.1681 -38.0232 -31.3976
    endloop
  endfacet
  facet normal 6.92087e-05 -0.207931 -0.978143
    outer loop
      vertex 38.1681 -38.0232 -31.3976
      vertex 37.3135 -41.3498 -30.6905
      vertex 37.75 -38.0017 -31.4022
    endloop
  endfacet
  facet normal 8.94014e-05 -0.207934 -0.978143
    outer loop
      vertex 37.118 -41.2765 -30.7061
      vertex 37.75 -38.0017 -31.4022
      vertex 37.3135 -41.3498 -30.6905
    endloop
  endfacet
  facet normal 5.95133e-05 -0.207928 -0.978144
    outer loop
      vertex 36.9158 -41.2234 -30.7174
      vertex 37.75 -38.0017 -31.4022
      vertex 37.118 -41.2765 -30.7061
    endloop
  endfacet
  facet normal -8.52995e-06 -0.207911 -0.978148
    outer loop
      vertex 36.7091 -41.1914 -30.7242
      vertex 37.75 -38.0017 -31.4022
      vertex 36.9158 -41.2234 -30.7174
    endloop
  endfacet
  facet normal 0.000117864 -0.207951 -0.978139
    outer loop
      vertex 36.5 -41.1807 -30.7265
      vertex 37.75 -38.0017 -31.4022
      vertex 36.7091 -41.1914 -30.7242
    endloop
  endfacet
  facet normal 0 -0.207907 -0.978149
    outer loop
      vertex 11.5 -41.1807 -30.7265
      vertex 37.75 -38.0017 -31.4022
      vertex 36.5 -41.1807 -30.7265
    endloop
  endfacet
  facet normal -0.000117864 -0.207951 -0.978139
    outer loop
      vertex 10.25 -38.0017 -31.4022
      vertex 11.5 -41.1807 -30.7265
      vertex 11.2909 -41.1914 -30.7242
    endloop
  endfacet
  facet normal 0 -0.207907 -0.978149
    outer loop
      vertex 11.5 -41.1807 -30.7265
      vertex 10.25 -38.0017 -31.4022
      vertex 37.75 -38.0017 -31.4022
    endloop
  endfacet
  facet normal 8.52995e-06 -0.207911 -0.978148
    outer loop
      vertex 11.0842 -41.2234 -30.7174
      vertex 10.25 -38.0017 -31.4022
      vertex 11.2909 -41.1914 -30.7242
    endloop
  endfacet
  facet normal -5.95133e-05 -0.207928 -0.978144
    outer loop
      vertex 10.882 -41.2765 -30.7061
      vertex 10.25 -38.0017 -31.4022
      vertex 11.0842 -41.2234 -30.7174
    endloop
  endfacet
  facet normal -8.94014e-05 -0.207934 -0.978143
    outer loop
      vertex 10.6865 -41.3498 -30.6905
      vertex 10.25 -38.0017 -31.4022
      vertex 10.882 -41.2765 -30.7061
    endloop
  endfacet
  facet normal 0.000299317 -0.207804 -0.97817
    outer loop
      vertex 9.41835 -38.0872 -31.384
      vertex 10.6865 -41.3498 -30.6905
      vertex 10.5 -41.4428 -30.6708
    endloop
  endfacet
  facet normal -3.28119e-06 -0.207906 -0.978149
    outer loop
      vertex 9.01393 -38.1932 -31.3615
      vertex 10.5 -41.4428 -30.6708
      vertex 10.3244 -41.5543 -30.6471
    endloop
  endfacet
  facet normal -6.73021e-06 -0.207914 -0.978147
    outer loop
      vertex 8.25 -38.5259 -31.2908
      vertex 10.3244 -41.5543 -30.6471
      vertex 10.1617 -41.6832 -30.6197
    endloop
  endfacet
  facet normal -7.54696e-05 -0.207979 -0.978133
    outer loop
      vertex 7.57347 -39.0067 -31.1886
      vertex 10.1617 -41.6832 -30.6197
      vertex 10.0137 -41.828 -30.5889
    endloop
  endfacet
  facet normal 5.55089e-05 -0.207851 -0.97816
    outer loop
      vertex 7.01393 -39.6146 -31.0594
      vertex 10.0137 -41.828 -30.5889
      vertex 9.88197 -41.9871 -30.5551
    endloop
  endfacet
  facet normal -6.92054e-05 -0.207931 -0.978143
    outer loop
      vertex 10.6865 -41.3498 -30.6905
      vertex 9.83188 -38.0232 -31.3976
      vertex 10.25 -38.0017 -31.4022
    endloop
  endfacet
  facet normal 2.8995e-05 -0.207836 -0.978164
    outer loop
      vertex 6.59583 -40.3229 -30.9088
      vertex 9.88197 -41.9871 -30.5551
      vertex 9.76794 -42.1589 -30.5186
    endloop
  endfacet
  facet normal -4.37963e-05 -0.208042 -0.97812
    outer loop
      vertex 6.3374 -41.1008 -30.7435
      vertex 9.76794 -42.1589 -30.5186
      vertex 9.67291 -42.3413 -30.4798
    endloop
  endfacet
  facet normal -6.71643e-05 -0.208176 -0.978091
    outer loop
      vertex 6.27191 -41.5053 -30.6575
      vertex 9.67291 -42.3413 -30.4798
      vertex 9.59789 -42.5325 -30.4391
    endloop
  endfacet
  facet normal 3.72878e-05 -0.207715 -0.978189
    outer loop
      vertex 6.25 -41.9143 -30.5705
      vertex 9.59789 -42.5325 -30.4391
      vertex 9.5437 -42.7303 -30.3971
    endloop
  endfacet
  facet normal -3.74475e-05 -0.208003 -0.978128
    outer loop
      vertex 6.25 -41.9143 -30.5705
      vertex 9.5437 -42.7303 -30.3971
      vertex 9.51096 -42.9325 -30.3541
    endloop
  endfacet
  facet normal 8.64392e-06 -0.207912 -0.978147
    outer loop
      vertex 10.6865 -41.3498 -30.6905
      vertex 9.41835 -38.0872 -31.384
      vertex 9.83188 -38.0232 -31.3976
    endloop
  endfacet
  facet normal 9.22197e-05 -0.207606 -0.978213
    outer loop
      vertex 6.25 -41.9143 -30.5705
      vertex 9.51096 -42.9325 -30.3541
      vertex 9.5 -43.137 -30.3107
    endloop
  endfacet
  facet normal -2.05009e-06 -0.207912 -0.978148
    outer loop
      vertex 9.5 -67.5907 -25.1129
      vertex 6.25 -68.8134 -24.853
      vertex 9.5 -43.137 -30.3107
    endloop
  endfacet
  facet normal 1.01796e-05 -0.207927 -0.978144
    outer loop
      vertex 6.7859 -70.7697 -24.4371
      vertex 9.88197 -68.7406 -24.8684
      vertex 7.01393 -71.1131 -24.3641
    endloop
  endfacet
  facet normal -2.68651e-05 -0.207909 -0.978148
    outer loop
      vertex 6.25 -41.9143 -30.5705
      vertex 9.5 -43.137 -30.3107
      vertex 6.25 -68.8134 -24.853
    endloop
  endfacet
  facet normal 4.95641e-05 -0.207985 -0.978132
    outer loop
      vertex 6.59583 -70.4048 -24.5147
      vertex 9.88197 -68.7406 -24.8684
      vertex 6.7859 -70.7697 -24.4371
    endloop
  endfacet
  facet normal -2.8859e-05 -0.208057 -0.978117
    outer loop
      vertex 9.59789 -42.5325 -30.4391
      vertex 6.25 -41.9143 -30.5705
      vertex 6.27191 -41.5053 -30.6575
    endloop
  endfacet
  facet normal 0.000186791 -0.208244 -0.978077
    outer loop
      vertex 9.88197 -68.7406 -24.8684
      vertex 6.59583 -70.4048 -24.5147
      vertex 9.76794 -68.5688 -24.905
    endloop
  endfacet
  facet normal 6.52668e-05 -0.207876 -0.978155
    outer loop
      vertex 10.5 -41.4428 -30.6708
      vertex 9.01393 -38.1932 -31.3615
      vertex 9.41835 -38.0872 -31.384
    endloop
  endfacet
  facet normal 1.05665e-05 -0.207953 -0.978139
    outer loop
      vertex 6.44577 -70.0224 -24.596
      vertex 9.76794 -68.5688 -24.905
      vertex 6.59583 -70.4048 -24.5147
    endloop
  endfacet
  facet normal 4.93568e-06 -0.207903 -0.978149
    outer loop
      vertex 10.3244 -41.5543 -30.6471
      vertex 8.62305 -38.34 -31.3303
      vertex 9.01393 -38.1932 -31.3615
    endloop
  endfacet
  facet normal 2.5433e-05 -0.207985 -0.978132
    outer loop
      vertex 6.3374 -69.6269 -24.6801
      vertex 9.76794 -68.5688 -24.905
      vertex 6.44577 -70.0224 -24.596
    endloop
  endfacet
  facet normal 2.71297e-05 -0.207892 -0.978152
    outer loop
      vertex 10.3244 -41.5543 -30.6471
      vertex 8.25 -38.5259 -31.2908
      vertex 8.62305 -38.34 -31.3303
    endloop
  endfacet
  facet normal -9.87128e-05 -0.2076 -0.978214
    outer loop
      vertex 9.76794 -68.5688 -24.905
      vertex 6.3374 -69.6269 -24.6801
      vertex 9.67291 -68.3864 -24.9437
    endloop
  endfacet
  facet normal 4.23017e-05 -0.207886 -0.978153
    outer loop
      vertex 10.1617 -41.6832 -30.6197
      vertex 7.89886 -38.749 -31.2434
      vertex 8.25 -38.5259 -31.2908
    endloop
  endfacet
  facet normal -4.59875e-05 -0.207736 -0.978185
    outer loop
      vertex 6.27191 -69.2224 -24.766
      vertex 9.67291 -68.3864 -24.9437
      vertex 6.3374 -69.6269 -24.6801
    endloop
  endfacet
  facet normal -4.24038e-05 -0.207948 -0.97814
    outer loop
      vertex 10.1617 -41.6832 -30.6197
      vertex 7.57347 -39.0067 -31.1886
      vertex 7.89886 -38.749 -31.2434
    endloop
  endfacet
  facet normal 6.71643e-05 -0.208176 -0.978091
    outer loop
      vertex 9.67291 -68.3864 -24.9437
      vertex 6.27191 -69.2224 -24.766
      vertex 9.59789 -68.1952 -24.9844
    endloop
  endfacet
  facet normal -7.54627e-05 -0.207979 -0.978133
    outer loop
      vertex 10.0137 -41.828 -30.5889
      vertex 7.27742 -39.2963 -31.127
      vertex 7.57347 -39.0067 -31.1886
    endloop
  endfacet
  facet normal 2.8859e-05 -0.208057 -0.978117
    outer loop
      vertex 6.25 -68.8134 -24.853
      vertex 9.59789 -68.1952 -24.9844
      vertex 6.27191 -69.2224 -24.766
    endloop
  endfacet
  facet normal 8.54192e-05 -0.207812 -0.978169
    outer loop
      vertex 10.0137 -41.828 -30.5889
      vertex 7.01393 -39.6146 -31.0594
      vertex 7.27742 -39.2963 -31.127
    endloop
  endfacet
  facet normal -3.72878e-05 -0.207715 -0.978189
    outer loop
      vertex 9.59789 -68.1952 -24.9844
      vertex 6.25 -68.8134 -24.853
      vertex 9.5437 -67.9974 -25.0264
    endloop
  endfacet
  facet normal -1.01796e-05 -0.207927 -0.978144
    outer loop
      vertex 9.88197 -41.9871 -30.5551
      vertex 6.7859 -39.958 -30.9864
      vertex 7.01393 -39.6146 -31.0594
    endloop
  endfacet
  facet normal 3.74475e-05 -0.208003 -0.978128
    outer loop
      vertex 9.5437 -67.9974 -25.0264
      vertex 6.25 -68.8134 -24.853
      vertex 9.51096 -67.7952 -25.0694
    endloop
  endfacet
  facet normal -4.95641e-05 -0.207985 -0.978132
    outer loop
      vertex 9.88197 -41.9871 -30.5551
      vertex 6.59583 -40.3229 -30.9088
      vertex 6.7859 -39.958 -30.9864
    endloop
  endfacet
  facet normal 5.46744e-05 -0.208056 -0.978117
    outer loop
      vertex 9.51096 -67.7952 -25.0694
      vertex 6.25 -68.8134 -24.853
      vertex 9.5 -67.5907 -25.1129
    endloop
  endfacet
  facet normal -3.56948e-05 -0.207943 -0.978141
    outer loop
      vertex 9.76794 -42.1589 -30.5186
      vertex 6.44577 -40.7053 -30.8275
      vertex 6.59583 -40.3229 -30.9088
    endloop
  endfacet
  facet normal 4.49055e-05 -0.207767 -0.978178
    outer loop
      vertex 9.76794 -42.1589 -30.5186
      vertex 6.3374 -41.1008 -30.7435
      vertex 6.44577 -40.7053 -30.8275
    endloop
  endfacet
  facet normal -1.11801e-05 -0.207958 -0.978138
    outer loop
      vertex 9.67291 -42.3413 -30.4798
      vertex 6.27191 -41.5053 -30.6575
      vertex 6.3374 -41.1008 -30.7435
    endloop
  endfacet
  facet normal -0.156277 -0.966129 0.205361
    outer loop
      vertex 9.41835 -71.9128 -20.616
      vertex 9.83188 -72.7045 -24.0259
      vertex 9.83188 -71.9768 -20.6024
    endloop
  endfacet
  facet normal -0.156277 -0.966129 0.205361
    outer loop
      vertex 9.83188 -72.7045 -24.0259
      vertex 9.41835 -71.9128 -20.616
      vertex 9.41835 -72.6405 -24.0395
    endloop
  endfacet
  facet normal 0.453985 -0.871538 0.185254
    outer loop
      vertex 39.377 -72.3877 -24.0932
      vertex 39.75 -71.4741 -20.7092
      vertex 39.377 -71.66 -20.6697
    endloop
  endfacet
  facet normal 0.453985 -0.871538 0.185254
    outer loop
      vertex 39.75 -71.4741 -20.7092
      vertex 39.377 -72.3877 -24.0932
      vertex 39.75 -72.2018 -24.1327
    endloop
  endfacet
  facet normal 0.258766 -0.944831 0.200834
    outer loop
      vertex 38.5816 -72.6405 -24.0395
      vertex 38.9861 -71.8068 -20.6385
      vertex 38.5816 -71.9128 -20.616
    endloop
  endfacet
  facet normal 0.258766 -0.944831 0.200834
    outer loop
      vertex 38.9861 -71.8068 -20.6385
      vertex 38.5816 -72.6405 -24.0395
      vertex 38.9861 -72.5345 -24.062
    endloop
  endfacet
  facet normal 0 -0.978147 0.207915
    outer loop
      vertex 10.25 -72.726 -24.0213
      vertex 37.75 -71.9983 -20.5978
      vertex 10.25 -71.9983 -20.5978
    endloop
  endfacet
  facet normal 0 -0.978147 0.207915
    outer loop
      vertex 37.75 -71.9983 -20.5978
      vertex 10.25 -72.726 -24.0213
      vertex 37.75 -72.726 -24.0213
    endloop
  endfacet
  facet normal -0.258814 -0.944819 0.200831
    outer loop
      vertex 9.01393 -71.8068 -20.6385
      vertex 9.41835 -72.6405 -24.0395
      vertex 9.41835 -71.9128 -20.616
    endloop
  endfacet
  facet normal -0.258814 -0.944819 0.200831
    outer loop
      vertex 9.41835 -72.6405 -24.0395
      vertex 9.01393 -71.8068 -20.6385
      vertex 9.01393 -72.5345 -24.062
    endloop
  endfacet
  facet normal -0.987691 -0.152997 0.032521
    outer loop
      vertex 6.27191 -69.2224 -24.766
      vertex 6.3374 -68.8992 -21.2565
      vertex 6.27191 -68.4947 -21.3425
    endloop
  endfacet
  facet normal -0.98769 -0.153004 0.0325217
    outer loop
      vertex 6.3374 -68.8992 -21.2565
      vertex 6.27191 -69.2224 -24.766
      vertex 6.3374 -69.6269 -24.6801
    endloop
  endfacet
  facet normal -0.777161 0.615549 -0.130841
    outer loop
      vertex 7.27742 -39.2963 -31.127
      vertex 7.01393 -38.8869 -27.6359
      vertex 7.27742 -38.5686 -27.7035
    endloop
  endfacet
  facet normal -0.777161 0.615549 -0.130841
    outer loop
      vertex 7.01393 -38.8869 -27.6359
      vertex 7.27742 -39.2963 -31.127
      vertex 7.01393 -39.6146 -31.0594
    endloop
  endfacet
  facet normal -7.05956e-05 0.208055 0.978117
    outer loop
      vertex 36.0883 -43.8875 -26.5729
      vertex 41.75 -41.1866 -27.147
      vertex 41.7281 -40.7776 -27.234
    endloop
  endfacet
  facet normal 7.12436e-07 0.207909 0.978148
    outer loop
      vertex 41.75 -41.1866 -27.147
      vertex 36.75 -45.3413 -26.2639
      vertex 41.75 -68.0857 -21.4295
    endloop
  endfacet
  facet normal 0.000108069 0.207745 0.978183
    outer loop
      vertex 36.0883 -43.8875 -26.5729
      vertex 41.7281 -40.7776 -27.234
      vertex 41.6626 -40.3731 -27.3199
    endloop
  endfacet
  facet normal 1.24982e-05 0.207911 0.978148
    outer loop
      vertex 36.75 -66.3715 -21.7938
      vertex 41.75 -68.0857 -21.4295
      vertex 36.75 -45.3413 -26.2639
    endloop
  endfacet
  facet normal -4.6357e-05 0.20798 0.978133
    outer loop
      vertex 36.0883 -43.8875 -26.5729
      vertex 41.6626 -40.3731 -27.3199
      vertex 41.5542 -39.9776 -27.404
    endloop
  endfacet
  facet normal 2.83448e-05 0.207956 0.978138
    outer loop
      vertex 36.7436 -66.4905 -21.7685
      vertex 41.75 -68.0857 -21.4295
      vertex 36.75 -66.3715 -21.7938
    endloop
  endfacet
  facet normal -2.2741e-05 0.207948 0.97814
    outer loop
      vertex 36.0883 -43.8875 -26.5729
      vertex 41.5542 -39.9776 -27.404
      vertex 41.4042 -39.5952 -27.4853
    endloop
  endfacet
  facet normal -0.00017429 0.207347 0.978267
    outer loop
      vertex 36.739 -66.5759 -21.7504
      vertex 41.75 -68.0857 -21.4295
      vertex 36.7436 -66.4905 -21.7685
    endloop
  endfacet
  facet normal -5.57976e-05 0.207982 0.978133
    outer loop
      vertex 35.9935 -43.8124 -26.5889
      vertex 41.4042 -39.5952 -27.4853
      vertex 41.2141 -39.2303 -27.5629
    endloop
  endfacet
  facet normal 0.000132952 0.208323 0.97806
    outer loop
      vertex 36.7254 -66.6604 -21.7324
      vertex 41.75 -68.0857 -21.4295
      vertex 36.739 -66.5759 -21.7504
    endloop
  endfacet
  facet normal -7.4805e-06 0.207929 0.978144
    outer loop
      vertex 35.9935 -43.8124 -26.5889
      vertex 41.2141 -39.2303 -27.5629
      vertex 40.9861 -38.8869 -27.6359
    endloop
  endfacet
  facet normal -7.76096e-05 0.207613 0.978211
    outer loop
      vertex 36.7063 -66.7782 -21.7074
      vertex 41.75 -68.0857 -21.4295
      vertex 36.7254 -66.6604 -21.7324
    endloop
  endfacet
  facet normal 0.000102925 0.207826 0.978166
    outer loop
      vertex 35.9256 -43.7586 -26.6003
      vertex 40.9861 -38.8869 -27.6359
      vertex 40.7226 -38.5686 -27.7035
    endloop
  endfacet
  facet normal 3.09146e-05 0.208013 0.978126
    outer loop
      vertex 36.6747 -66.8934 -21.6829
      vertex 41.75 -68.0857 -21.4295
      vertex 36.7063 -66.7782 -21.7074
    endloop
  endfacet
  facet normal -7.26353e-05 0.207982 0.978133
    outer loop
      vertex 35.9256 -43.7586 -26.6003
      vertex 40.7226 -38.5686 -27.7035
      vertex 40.4265 -38.279 -27.7651
    endloop
  endfacet
  facet normal 0.000117586 0.208366 0.978051
    outer loop
      vertex 36.6521 -66.976 -21.6653
      vertex 41.75 -68.0857 -21.4295
      vertex 36.6747 -66.8934 -21.6829
    endloop
  endfacet
  facet normal 0.000144531 0.207811 0.978169
    outer loop
      vertex 35.9256 -43.7586 -26.6003
      vertex 40.4265 -38.279 -27.7651
      vertex 40.1011 -38.0213 -27.8198
    endloop
  endfacet
  facet normal -0.000139384 0.207237 0.978291
    outer loop
      vertex 36.6208 -67.0558 -21.6484
      vertex 41.75 -68.0857 -21.4295
      vertex 36.6521 -66.976 -21.6653
    endloop
  endfacet
  facet normal -0.000149844 0.208016 0.978125
    outer loop
      vertex 35.9256 -43.7586 -26.6003
      vertex 40.1011 -38.0213 -27.8198
      vertex 39.75 -37.7982 -27.8673
    endloop
  endfacet
  facet normal 3.67665e-05 0.208076 0.978113
    outer loop
      vertex 36.5771 -67.1672 -21.6247
      vertex 41.75 -68.0857 -21.4295
      vertex 36.6208 -67.0558 -21.6484
    endloop
  endfacet
  facet normal 3.31696e-05 0.207904 0.978149
    outer loop
      vertex 35.9256 -43.7586 -26.6003
      vertex 39.75 -37.7982 -27.8673
      vertex 39.377 -37.6123 -27.9068
    endloop
  endfacet
  facet normal 3.32934e-05 0.208057 0.978117
    outer loop
      vertex 41.75 -68.0857 -21.4295
      vertex 36.5771 -67.1672 -21.6247
      vertex 41.7281 -68.4947 -21.3425
    endloop
  endfacet
  facet normal 9.96553e-06 0.207916 0.978147
    outer loop
      vertex 35.9256 -43.7586 -26.6003
      vertex 39.377 -37.6123 -27.9068
      vertex 38.9861 -37.4655 -27.938
    endloop
  endfacet
  facet normal 6.80473e-06 0.207959 0.978138
    outer loop
      vertex 41.7281 -68.4947 -21.3425
      vertex 36.5771 -67.1672 -21.6247
      vertex 41.6626 -68.8992 -21.2565
    endloop
  endfacet
  facet normal 6.86588e-05 0.207889 0.978152
    outer loop
      vertex 35.9256 -43.7586 -26.6003
      vertex 38.9861 -37.4655 -27.938
      vertex 38.5816 -37.3595 -27.9605
    endloop
  endfacet
  facet normal -6.00946e-05 0.207771 0.978177
    outer loop
      vertex 41.6626 -68.8992 -21.2565
      vertex 36.5771 -67.1672 -21.6247
      vertex 41.5542 -69.2947 -21.1725
    endloop
  endfacet
  facet normal 8.69769e-06 0.207913 0.978147
    outer loop
      vertex 35.9256 -43.7586 -26.6003
      vertex 38.5816 -37.3595 -27.9605
      vertex 38.1681 -37.2955 -27.9741
    endloop
  endfacet
  facet normal 0.000112079 0.208156 0.978096
    outer loop
      vertex 36.5374 -67.2433 -21.6085
      vertex 41.5542 -69.2947 -21.1725
      vertex 36.5771 -67.1672 -21.6247
    endloop
  endfacet
  facet normal -6.88361e-05 0.207938 0.978142
    outer loop
      vertex 35.9256 -43.7586 -26.6003
      vertex 38.1681 -37.2955 -27.9741
      vertex 37.75 -37.274 -27.9787
    endloop
  endfacet
  facet normal 2.30328e-05 0.207948 0.97814
    outer loop
      vertex 41.5542 -69.2947 -21.1725
      vertex 36.5374 -67.2433 -21.6085
      vertex 41.4042 -69.6771 -21.0912
    endloop
  endfacet
  facet normal 2.23406e-05 0.207947 0.97814
    outer loop
      vertex 36.4821 -67.3496 -21.5859
      vertex 41.4042 -69.6771 -21.0912
      vertex 36.5374 -67.2433 -21.6085
    endloop
  endfacet
  facet normal -0.000435843 0.208412 0.978041
    outer loop
      vertex 41.75 -41.1866 -27.147
      vertex 36.7454 -45.2559 -26.2821
      vertex 36.75 -45.3413 -26.2639
    endloop
  endfacet
  facet normal 8.85258e-05 0.207795 0.978172
    outer loop
      vertex 41.75 -41.1866 -27.147
      vertex 36.739 -45.1368 -26.3074
      vertex 36.7454 -45.2559 -26.2821
    endloop
  endfacet
  facet normal 0.000220356 0.207635 0.978206
    outer loop
      vertex 41.75 -41.1866 -27.147
      vertex 36.72 -45.019 -26.3324
      vertex 36.739 -45.1368 -26.3074
    endloop
  endfacet
  facet normal -0.000306197 0.208296 0.978066
    outer loop
      vertex 41.75 -41.1866 -27.147
      vertex 36.7063 -44.9345 -26.3504
      vertex 36.72 -45.019 -26.3324
    endloop
  endfacet
  facet normal 0.00041157 0.207372 0.978262
    outer loop
      vertex 41.75 -41.1866 -27.147
      vertex 36.6837 -44.8519 -26.3679
      vertex 36.7063 -44.9345 -26.3504
    endloop
  endfacet
  facet normal -0.000175537 0.208148 0.978097
    outer loop
      vertex 41.75 -41.1866 -27.147
      vertex 36.6521 -44.7368 -26.3924
      vertex 36.6837 -44.8519 -26.3679
    endloop
  endfacet
  facet normal -0.000104569 0.208051 0.978118
    outer loop
      vertex 41.75 -41.1866 -27.147
      vertex 36.6084 -44.6254 -26.4161
      vertex 36.6521 -44.7368 -26.3924
    endloop
  endfacet
  facet normal -0.000252632 0.208262 0.978073
    outer loop
      vertex 41.75 -41.1866 -27.147
      vertex 36.5771 -44.5456 -26.4331
      vertex 36.6084 -44.6254 -26.4161
    endloop
  endfacet
  facet normal 0.000412159 0.207283 0.978281
    outer loop
      vertex 41.75 -41.1866 -27.147
      vertex 36.5217 -44.4393 -26.4556
      vertex 36.5771 -44.5456 -26.4331
    endloop
  endfacet
  facet normal -1.68094e-05 0.207943 0.978141
    outer loop
      vertex 41.75 -41.1866 -27.147
      vertex 36.4821 -44.3631 -26.4718
      vertex 36.5217 -44.4393 -26.4556
    endloop
  endfacet
  facet normal -8.03708e-06 0.207929 0.978144
    outer loop
      vertex 41.75 -41.1866 -27.147
      vertex 36.368 -44.1914 -26.5083
      vertex 36.4821 -44.3631 -26.4718
    endloop
  endfacet
  facet normal -0.000363806 0.208538 0.978014
    outer loop
      vertex 41.75 -41.1866 -27.147
      vertex 36.313 -44.1249 -26.5225
      vertex 36.368 -44.1914 -26.5083
    endloop
  endfacet
  facet normal -7.48992e-05 0.208027 0.978123
    outer loop
      vertex 41.75 -41.1866 -27.147
      vertex 36.2363 -44.0323 -26.5422
      vertex 36.313 -44.1249 -26.5225
    endloop
  endfacet
  facet normal 0.000147408 0.207615 0.978211
    outer loop
      vertex 41.75 -41.1866 -27.147
      vertex 36.1501 -43.9479 -26.5601
      vertex 36.2363 -44.0323 -26.5422
    endloop
  endfacet
  facet normal 0.000200152 0.207512 0.978232
    outer loop
      vertex 41.75 -41.1866 -27.147
      vertex 36.0883 -43.8875 -26.5729
      vertex 36.1501 -43.9479 -26.5601
    endloop
  endfacet
  facet normal -0.000188744 0.208145 0.978098
    outer loop
      vertex 41.4042 -39.5952 -27.4853
      vertex 35.9935 -43.8124 -26.5889
      vertex 36.0883 -43.8875 -26.5729
    endloop
  endfacet
  facet normal 0.000288574 0.207642 0.978205
    outer loop
      vertex 40.9861 -38.8869 -27.6359
      vertex 35.9256 -43.7586 -26.6003
      vertex 35.9935 -43.8124 -26.5889
    endloop
  endfacet
  facet normal 4.79556e-06 0.207918 0.978146
    outer loop
      vertex 37.75 -37.274 -27.9787
      vertex 35.75 -43.6471 -26.624
      vertex 35.9256 -43.7586 -26.6003
    endloop
  endfacet
  facet normal -0.000338779 0.208022 0.978124
    outer loop
      vertex 37.75 -37.274 -27.9787
      vertex 35.6721 -43.6082 -26.6323
      vertex 35.75 -43.6471 -26.624
    endloop
  endfacet
  facet normal -3.73997e-06 0.207916 0.978147
    outer loop
      vertex 37.75 -37.274 -27.9787
      vertex 35.5635 -43.5541 -26.6438
      vertex 35.6721 -43.6082 -26.6323
    endloop
  endfacet
  facet normal -0.000179838 0.207975 0.978134
    outer loop
      vertex 37.75 -37.274 -27.9787
      vertex 35.4496 -43.5114 -26.6529
      vertex 35.5635 -43.5541 -26.6438
    endloop
  endfacet
  facet normal 0.000268273 0.207817 0.978168
    outer loop
      vertex 37.75 -37.274 -27.9787
      vertex 35.368 -43.4807 -26.6594
      vertex 35.4496 -43.5114 -26.6529
    endloop
  endfacet
  facet normal -2.53831e-05 0.207925 0.978145
    outer loop
      vertex 37.75 -37.274 -27.9787
      vertex 35.2836 -43.4586 -26.6641
      vertex 35.368 -43.4807 -26.6594
    endloop
  endfacet
  facet normal -0.000239707 0.208007 0.978127
    outer loop
      vertex 37.75 -37.274 -27.9787
      vertex 35.1658 -43.4277 -26.6707
      vertex 35.2836 -43.4586 -26.6641
    endloop
  endfacet
  facet normal 7.82713e-06 0.207907 0.978149
    outer loop
      vertex 37.75 -37.274 -27.9787
      vertex 34.9591 -43.3957 -26.6775
      vertex 35.1658 -43.4277 -26.6707
    endloop
  endfacet
  facet normal 0.000140046 0.207849 0.978161
    outer loop
      vertex 37.75 -37.274 -27.9787
      vertex 34.8373 -43.3895 -26.6788
      vertex 34.9591 -43.3957 -26.6775
    endloop
  endfacet
  facet normal -0.000475559 0.20813 0.978101
    outer loop
      vertex 37.75 -37.274 -27.9787
      vertex 34.75 -43.385 -26.6798
      vertex 34.8373 -43.3895 -26.6788
    endloop
  endfacet
  facet normal 0 0.207907 0.978149
    outer loop
      vertex 37.75 -37.274 -27.9787
      vertex 13.25 -43.385 -26.6798
      vertex 34.75 -43.385 -26.6798
    endloop
  endfacet
  facet normal -0 0.207907 0.978149
    outer loop
      vertex 10.25 -37.274 -27.9787
      vertex 13.25 -43.385 -26.6798
      vertex 37.75 -37.274 -27.9787
    endloop
  endfacet
  facet normal 0.000475559 0.20813 0.978101
    outer loop
      vertex 13.25 -43.385 -26.6798
      vertex 10.25 -37.274 -27.9787
      vertex 13.1627 -43.3895 -26.6788
    endloop
  endfacet
  facet normal -0.000140046 0.207849 0.978161
    outer loop
      vertex 13.1627 -43.3895 -26.6788
      vertex 10.25 -37.274 -27.9787
      vertex 13.0409 -43.3957 -26.6775
    endloop
  endfacet
  facet normal 0.000239707 0.208007 0.978127
    outer loop
      vertex 10.25 -37.274 -27.9787
      vertex 12.7164 -43.4586 -26.6641
      vertex 12.8342 -43.4277 -26.6707
    endloop
  endfacet
  facet normal 1.68094e-05 0.207943 0.978141
    outer loop
      vertex 6.25 -41.1866 -27.147
      vertex 11.4783 -44.4393 -26.4556
      vertex 11.5179 -44.3631 -26.4718
    endloop
  endfacet
  facet normal 0.000252632 0.208262 0.978073
    outer loop
      vertex 6.25 -41.1866 -27.147
      vertex 11.3916 -44.6254 -26.4161
      vertex 11.4229 -44.5456 -26.4331
    endloop
  endfacet
  facet normal 0.000175537 0.208148 0.978097
    outer loop
      vertex 6.25 -41.1866 -27.147
      vertex 11.3163 -44.8519 -26.3679
      vertex 11.3479 -44.7368 -26.3924
    endloop
  endfacet
  facet normal 0.000306197 0.208296 0.978066
    outer loop
      vertex 6.25 -41.1866 -27.147
      vertex 11.28 -45.019 -26.3324
      vertex 11.2937 -44.9345 -26.3504
    endloop
  endfacet
  facet normal -8.85258e-05 0.207795 0.978172
    outer loop
      vertex 6.25 -41.1866 -27.147
      vertex 11.2546 -45.2559 -26.2821
      vertex 11.261 -45.1368 -26.3074
    endloop
  endfacet
  facet normal 0.000435843 0.208412 0.978041
    outer loop
      vertex 11.2546 -45.2559 -26.2821
      vertex 6.25 -41.1866 -27.147
      vertex 11.25 -45.3413 -26.2639
    endloop
  endfacet
  facet normal -0.000220356 0.207635 0.978206
    outer loop
      vertex 11.28 -45.019 -26.3324
      vertex 6.25 -41.1866 -27.147
      vertex 11.261 -45.1368 -26.3074
    endloop
  endfacet
  facet normal -0.00041157 0.207372 0.978262
    outer loop
      vertex 11.3163 -44.8519 -26.3679
      vertex 6.25 -41.1866 -27.147
      vertex 11.2937 -44.9345 -26.3504
    endloop
  endfacet
  facet normal 0.000104569 0.208051 0.978118
    outer loop
      vertex 11.3916 -44.6254 -26.4161
      vertex 6.25 -41.1866 -27.147
      vertex 11.3479 -44.7368 -26.3924
    endloop
  endfacet
  facet normal -0.000412159 0.207283 0.978281
    outer loop
      vertex 11.4783 -44.4393 -26.4556
      vertex 6.25 -41.1866 -27.147
      vertex 11.4229 -44.5456 -26.4331
    endloop
  endfacet
  facet normal 8.03708e-06 0.207929 0.978144
    outer loop
      vertex 11.632 -44.1914 -26.5083
      vertex 6.25 -41.1866 -27.147
      vertex 11.5179 -44.3631 -26.4718
    endloop
  endfacet
  facet normal 0.000363806 0.208538 0.978014
    outer loop
      vertex 11.687 -44.1249 -26.5225
      vertex 6.25 -41.1866 -27.147
      vertex 11.632 -44.1914 -26.5083
    endloop
  endfacet
  facet normal 7.48992e-05 0.208027 0.978123
    outer loop
      vertex 11.7637 -44.0323 -26.5422
      vertex 6.25 -41.1866 -27.147
      vertex 11.687 -44.1249 -26.5225
    endloop
  endfacet
  facet normal -0.000147408 0.207615 0.978211
    outer loop
      vertex 11.8499 -43.9479 -26.5601
      vertex 6.25 -41.1866 -27.147
      vertex 11.7637 -44.0323 -26.5422
    endloop
  endfacet
  facet normal -0.000200152 0.207512 0.978232
    outer loop
      vertex 11.9117 -43.8875 -26.5729
      vertex 6.25 -41.1866 -27.147
      vertex 11.8499 -43.9479 -26.5601
    endloop
  endfacet
  facet normal 0.000142842 0.2082 0.978086
    outer loop
      vertex 12.0065 -43.8124 -26.5889
      vertex 6.25 -41.1866 -27.147
      vertex 11.9117 -43.8875 -26.5729
    endloop
  endfacet
  facet normal -0.000183742 0.207515 0.978232
    outer loop
      vertex 12.0744 -43.7586 -26.6003
      vertex 6.25 -41.1866 -27.147
      vertex 12.0065 -43.8124 -26.5889
    endloop
  endfacet
  facet normal 3.37064e-06 0.207921 0.978146
    outer loop
      vertex 6.25 -41.1866 -27.147
      vertex 12.0744 -43.7586 -26.6003
      vertex 10.25 -37.274 -27.9787
    endloop
  endfacet
  facet normal -4.79556e-06 0.207918 0.978146
    outer loop
      vertex 12.25 -43.6471 -26.624
      vertex 10.25 -37.274 -27.9787
      vertex 12.0744 -43.7586 -26.6003
    endloop
  endfacet
  facet normal 0.000338779 0.208022 0.978124
    outer loop
      vertex 12.3279 -43.6082 -26.6323
      vertex 10.25 -37.274 -27.9787
      vertex 12.25 -43.6471 -26.624
    endloop
  endfacet
  facet normal 3.73997e-06 0.207916 0.978147
    outer loop
      vertex 12.4365 -43.5541 -26.6438
      vertex 10.25 -37.274 -27.9787
      vertex 12.3279 -43.6082 -26.6323
    endloop
  endfacet
  facet normal 0.000179978 0.207975 0.978134
    outer loop
      vertex 12.5503 -43.5114 -26.6529
      vertex 10.25 -37.274 -27.9787
      vertex 12.4365 -43.5541 -26.6438
    endloop
  endfacet
  facet normal -0.000267986 0.207817 0.978168
    outer loop
      vertex 12.632 -43.4807 -26.6594
      vertex 10.25 -37.274 -27.9787
      vertex 12.5503 -43.5114 -26.6529
    endloop
  endfacet
  facet normal 2.53831e-05 0.207925 0.978145
    outer loop
      vertex 12.7164 -43.4586 -26.6641
      vertex 10.25 -37.274 -27.9787
      vertex 12.632 -43.4807 -26.6594
    endloop
  endfacet
  facet normal -7.82713e-06 0.207907 0.978149
    outer loop
      vertex 13.0409 -43.3957 -26.6775
      vertex 10.25 -37.274 -27.9787
      vertex 12.8342 -43.4277 -26.6707
    endloop
  endfacet
  facet normal 4.28082e-05 0.207988 0.978131
    outer loop
      vertex 41.4042 -69.6771 -21.0912
      vertex 36.4821 -67.3496 -21.5859
      vertex 41.2141 -70.042 -21.0136
    endloop
  endfacet
  facet normal 7.59329e-06 0.207929 0.978144
    outer loop
      vertex 41.2141 -70.042 -21.0136
      vertex 36.4821 -67.3496 -21.5859
      vertex 40.9861 -70.3854 -20.9406
    endloop
  endfacet
  facet normal -7.83523e-05 0.207807 0.97817
    outer loop
      vertex 40.9861 -70.3854 -20.9406
      vertex 36.4821 -67.3496 -21.5859
      vertex 40.7226 -70.7037 -20.873
    endloop
  endfacet
  facet normal 6.90136e-05 0.207985 0.978132
    outer loop
      vertex 40.7226 -70.7037 -20.873
      vertex 36.4821 -67.3496 -21.5859
      vertex 40.4265 -70.9933 -20.8114
    endloop
  endfacet
  facet normal 1.19919e-05 0.207926 0.978145
    outer loop
      vertex 36.368 -67.5213 -21.5494
      vertex 40.4265 -70.9933 -20.8114
      vertex 36.4821 -67.3496 -21.5859
    endloop
  endfacet
  facet normal 3.73153e-05 0.207954 0.978139
    outer loop
      vertex 40.4265 -70.9933 -20.8114
      vertex 36.368 -67.5213 -21.5494
      vertex 40.1011 -71.251 -20.7566
    endloop
  endfacet
  facet normal -3.92202e-05 0.207881 0.978154
    outer loop
      vertex 40.1011 -71.251 -20.7566
      vertex 36.368 -67.5213 -21.5494
      vertex 39.75 -71.4741 -20.7092
    endloop
  endfacet
  facet normal -2.67804e-05 0.207891 0.978152
    outer loop
      vertex 39.75 -71.4741 -20.7092
      vertex 36.368 -67.5213 -21.5494
      vertex 39.377 -71.66 -20.6697
    endloop
  endfacet
  facet normal -2.59147e-05 0.207892 0.978152
    outer loop
      vertex 36.2913 -67.614 -21.5297
      vertex 39.377 -71.66 -20.6697
      vertex 36.368 -67.5213 -21.5494
    endloop
  endfacet
  facet normal -6.15381e-06 0.207906 0.978149
    outer loop
      vertex 39.377 -71.66 -20.6697
      vertex 36.2913 -67.614 -21.5297
      vertex 38.9861 -71.8068 -20.6385
    endloop
  endfacet
  facet normal -0.000349259 0.207695 0.978194
    outer loop
      vertex 36.2363 -67.6805 -21.5156
      vertex 38.9861 -71.8068 -20.6385
      vertex 36.2913 -67.614 -21.5297
    endloop
  endfacet
  facet normal -6.52829e-05 0.207876 0.978155
    outer loop
      vertex 38.9861 -71.8068 -20.6385
      vertex 36.2363 -67.6805 -21.5156
      vertex 38.5816 -71.9128 -20.616
    endloop
  endfacet
  facet normal -7.78337e-06 0.207907 0.978149
    outer loop
      vertex 38.5816 -71.9128 -20.616
      vertex 36.2363 -67.6805 -21.5156
      vertex 38.1681 -71.9768 -20.6024
    endloop
  endfacet
  facet normal 0.000678148 0.208202 0.978086
    outer loop
      vertex 36.1745 -67.7409 -21.5027
      vertex 38.1681 -71.9768 -20.6024
      vertex 36.2363 -67.6805 -21.5156
    endloop
  endfacet
  facet normal 6.93963e-05 0.207928 0.978144
    outer loop
      vertex 38.1681 -71.9768 -20.6024
      vertex 36.1745 -67.7409 -21.5027
      vertex 37.75 -71.9983 -20.5978
    endloop
  endfacet
  facet normal -0.000324975 0.207788 0.978174
    outer loop
      vertex 36.0883 -67.8253 -21.4848
      vertex 37.75 -71.9983 -20.5978
      vertex 36.1745 -67.7409 -21.5027
    endloop
  endfacet
  facet normal -0.000389003 0.207764 0.978179
    outer loop
      vertex 36.0203 -67.8791 -21.4734
      vertex 37.75 -71.9983 -20.5978
      vertex 36.0883 -67.8253 -21.4848
    endloop
  endfacet
  facet normal 0.000446326 0.208099 0.978108
    outer loop
      vertex 35.9256 -67.9541 -21.4574
      vertex 37.75 -71.9983 -20.5978
      vertex 36.0203 -67.8791 -21.4734
    endloop
  endfacet
  facet normal -8.97267e-05 0.207868 0.978157
    outer loop
      vertex 35.75 -68.0657 -21.4337
      vertex 37.75 -71.9983 -20.5978
      vertex 35.9256 -67.9541 -21.4574
    endloop
  endfacet
  facet normal 4.95213e-06 0.207914 0.978147
    outer loop
      vertex 35.6414 -68.1198 -21.4222
      vertex 37.75 -71.9983 -20.5978
      vertex 35.75 -68.0657 -21.4337
    endloop
  endfacet
  facet normal -0.000466286 0.207669 0.978199
    outer loop
      vertex 35.5635 -68.1586 -21.414
      vertex 37.75 -71.9983 -20.5978
      vertex 35.6414 -68.1198 -21.4222
    endloop
  endfacet
  facet normal 0.000731864 0.208322 0.97806
    outer loop
      vertex 35.4819 -68.1893 -21.4074
      vertex 37.75 -71.9983 -20.5978
      vertex 35.5635 -68.1586 -21.414
    endloop
  endfacet
  facet normal -0.000532559 0.207601 0.978213
    outer loop
      vertex 35.368 -68.232 -21.3984
      vertex 37.75 -71.9983 -20.5978
      vertex 35.4819 -68.1893 -21.4074
    endloop
  endfacet
  facet normal 0.000225257 0.20806 0.978116
    outer loop
      vertex 35.2503 -68.2629 -21.3918
      vertex 37.75 -71.9983 -20.5978
      vertex 35.368 -68.232 -21.3984
    endloop
  endfacet
  facet normal 2.36832e-05 0.207931 0.978144
    outer loop
      vertex 35.1658 -68.285 -21.3871
      vertex 37.75 -71.9983 -20.5978
      vertex 35.2503 -68.2629 -21.3918
    endloop
  endfacet
  facet normal -8.2372e-06 0.20791 0.978148
    outer loop
      vertex 34.9591 -68.317 -21.3803
      vertex 37.75 -71.9983 -20.5978
      vertex 35.1658 -68.285 -21.3871
    endloop
  endfacet
  facet normal 0.000468774 0.208256 0.978074
    outer loop
      vertex 34.8718 -68.3215 -21.3793
      vertex 37.75 -71.9983 -20.5978
      vertex 34.9591 -68.317 -21.3803
    endloop
  endfacet
  facet normal -0.0001375 0.207802 0.978171
    outer loop
      vertex 34.75 -68.3277 -21.378
      vertex 37.75 -71.9983 -20.5978
      vertex 34.8718 -68.3215 -21.3793
    endloop
  endfacet
  facet normal -0 0.207909 0.978148
    outer loop
      vertex 13.25 -68.3277 -21.378
      vertex 37.75 -71.9983 -20.5978
      vertex 34.75 -68.3277 -21.378
    endloop
  endfacet
  facet normal 0.0001375 0.207802 0.978171
    outer loop
      vertex 10.25 -71.9983 -20.5978
      vertex 13.25 -68.3277 -21.378
      vertex 13.1282 -68.3215 -21.3793
    endloop
  endfacet
  facet normal -0.000468774 0.208256 0.978074
    outer loop
      vertex 10.25 -71.9983 -20.5978
      vertex 13.1282 -68.3215 -21.3793
      vertex 13.0409 -68.317 -21.3803
    endloop
  endfacet
  facet normal -0.000225257 0.20806 0.978116
    outer loop
      vertex 10.25 -71.9983 -20.5978
      vertex 12.7497 -68.2629 -21.3918
      vertex 12.632 -68.232 -21.3984
    endloop
  endfacet
  facet normal -0.000731864 0.208322 0.97806
    outer loop
      vertex 10.25 -71.9983 -20.5978
      vertex 12.5181 -68.1893 -21.4074
      vertex 12.4365 -68.1586 -21.414
    endloop
  endfacet
  facet normal -4.95213e-06 0.207914 0.978147
    outer loop
      vertex 10.25 -71.9983 -20.5978
      vertex 12.3586 -68.1198 -21.4222
      vertex 12.25 -68.0657 -21.4337
    endloop
  endfacet
  facet normal -0.000678146 0.208202 0.978086
    outer loop
      vertex 9.83188 -71.9768 -20.6024
      vertex 11.8255 -67.7409 -21.5027
      vertex 11.7637 -67.6805 -21.5156
    endloop
  endfacet
  facet normal 2.59149e-05 0.207892 0.978152
    outer loop
      vertex 8.62305 -71.66 -20.6697
      vertex 11.7087 -67.614 -21.5297
      vertex 11.632 -67.5213 -21.5494
    endloop
  endfacet
  facet normal 0.000139384 0.207237 0.978291
    outer loop
      vertex 6.25 -68.0857 -21.4295
      vertex 11.3792 -67.0558 -21.6484
      vertex 11.3479 -66.976 -21.6653
    endloop
  endfacet
  facet normal 0 0.207909 0.978148
    outer loop
      vertex 13.25 -68.3277 -21.378
      vertex 10.25 -71.9983 -20.5978
      vertex 37.75 -71.9983 -20.5978
    endloop
  endfacet
  facet normal 8.2372e-06 0.20791 0.978148
    outer loop
      vertex 12.8342 -68.285 -21.3871
      vertex 10.25 -71.9983 -20.5978
      vertex 13.0409 -68.317 -21.3803
    endloop
  endfacet
  facet normal -2.36832e-05 0.207931 0.978144
    outer loop
      vertex 12.7497 -68.2629 -21.3918
      vertex 10.25 -71.9983 -20.5978
      vertex 12.8342 -68.285 -21.3871
    endloop
  endfacet
  facet normal 0.000532559 0.207601 0.978213
    outer loop
      vertex 12.5181 -68.1893 -21.4074
      vertex 10.25 -71.9983 -20.5978
      vertex 12.632 -68.232 -21.3984
    endloop
  endfacet
  facet normal 0.000466286 0.207669 0.978199
    outer loop
      vertex 12.3586 -68.1198 -21.4222
      vertex 10.25 -71.9983 -20.5978
      vertex 12.4365 -68.1586 -21.414
    endloop
  endfacet
  facet normal 8.97267e-05 0.207868 0.978157
    outer loop
      vertex 12.0744 -67.9541 -21.4574
      vertex 10.25 -71.9983 -20.5978
      vertex 12.25 -68.0657 -21.4337
    endloop
  endfacet
  facet normal -0.000446326 0.208099 0.978108
    outer loop
      vertex 11.9797 -67.8791 -21.4734
      vertex 10.25 -71.9983 -20.5978
      vertex 12.0744 -67.9541 -21.4574
    endloop
  endfacet
  facet normal 0.000389003 0.207764 0.978179
    outer loop
      vertex 11.9117 -67.8253 -21.4848
      vertex 10.25 -71.9983 -20.5978
      vertex 11.9797 -67.8791 -21.4734
    endloop
  endfacet
  facet normal 0.000298389 0.207762 0.978179
    outer loop
      vertex 11.8255 -67.7409 -21.5027
      vertex 9.83188 -71.9768 -20.6024
      vertex 11.9117 -67.8253 -21.4848
    endloop
  endfacet
  facet normal 0.000323378 0.207675 0.978198
    outer loop
      vertex 11.7087 -67.614 -21.5297
      vertex 8.62305 -71.66 -20.6697
      vertex 11.7637 -67.6805 -21.5156
    endloop
  endfacet
  facet normal -1.19918e-05 0.207926 0.978145
    outer loop
      vertex 7.57347 -70.9933 -20.8114
      vertex 11.632 -67.5213 -21.5494
      vertex 11.5179 -67.3496 -21.5859
    endloop
  endfacet
  facet normal -2.23407e-05 0.207947 0.97814
    outer loop
      vertex 6.59583 -69.6771 -21.0912
      vertex 11.5179 -67.3496 -21.5859
      vertex 11.4626 -67.2433 -21.6085
    endloop
  endfacet
  facet normal -0.000112079 0.208156 0.978096
    outer loop
      vertex 6.44577 -69.2947 -21.1725
      vertex 11.4626 -67.2433 -21.6085
      vertex 11.4229 -67.1672 -21.6247
    endloop
  endfacet
  facet normal -3.67665e-05 0.208076 0.978113
    outer loop
      vertex 11.3792 -67.0558 -21.6484
      vertex 6.25 -68.0857 -21.4295
      vertex 11.4229 -67.1672 -21.6247
    endloop
  endfacet
  facet normal -0.000117586 0.208366 0.978051
    outer loop
      vertex 6.25 -68.0857 -21.4295
      vertex 11.3479 -66.976 -21.6653
      vertex 11.3253 -66.8934 -21.6829
    endloop
  endfacet
  facet normal -3.09146e-05 0.208013 0.978126
    outer loop
      vertex 6.25 -68.0857 -21.4295
      vertex 11.3253 -66.8934 -21.6829
      vertex 11.2937 -66.7782 -21.7074
    endloop
  endfacet
  facet normal 7.76096e-05 0.207613 0.978211
    outer loop
      vertex 6.25 -68.0857 -21.4295
      vertex 11.2937 -66.7782 -21.7074
      vertex 11.2746 -66.6604 -21.7324
    endloop
  endfacet
  facet normal -0.000132952 0.208323 0.97806
    outer loop
      vertex 6.25 -68.0857 -21.4295
      vertex 11.2746 -66.6604 -21.7324
      vertex 11.261 -66.5759 -21.7504
    endloop
  endfacet
  facet normal 0.00017429 0.207347 0.978267
    outer loop
      vertex 6.25 -68.0857 -21.4295
      vertex 11.261 -66.5759 -21.7504
      vertex 11.2564 -66.4905 -21.7685
    endloop
  endfacet
  facet normal -2.83448e-05 0.207956 0.978138
    outer loop
      vertex 6.25 -68.0857 -21.4295
      vertex 11.2564 -66.4905 -21.7685
      vertex 11.25 -66.3715 -21.7938
    endloop
  endfacet
  facet normal -7.12436e-07 0.207909 0.978148
    outer loop
      vertex 6.25 -68.0857 -21.4295
      vertex 11.25 -45.3413 -26.2639
      vertex 6.25 -41.1866 -27.147
    endloop
  endfacet
  facet normal 7.3466e-05 0.207852 0.97816
    outer loop
      vertex 6.25 -41.1866 -27.147
      vertex 10.25 -37.274 -27.9787
      vertex 9.83188 -37.2955 -27.9741
    endloop
  endfacet
  facet normal -1.24982e-05 0.207911 0.978148
    outer loop
      vertex 11.25 -45.3413 -26.2639
      vertex 6.25 -68.0857 -21.4295
      vertex 11.25 -66.3715 -21.7938
    endloop
  endfacet
  facet normal -1.09451e-05 0.207926 0.978144
    outer loop
      vertex 6.25 -41.1866 -27.147
      vertex 9.83188 -37.2955 -27.9741
      vertex 9.41835 -37.3595 -27.9605
    endloop
  endfacet
  facet normal -3.32933e-05 0.208057 0.978117
    outer loop
      vertex 11.4229 -67.1672 -21.6247
      vertex 6.25 -68.0857 -21.4295
      vertex 6.27191 -68.4947 -21.3425
    endloop
  endfacet
  facet normal -9.78605e-05 0.207995 0.97813
    outer loop
      vertex 6.25 -41.1866 -27.147
      vertex 9.41835 -37.3595 -27.9605
      vertex 9.01393 -37.4655 -27.938
    endloop
  endfacet
  facet normal -6.88337e-05 0.207938 0.978142
    outer loop
      vertex 11.9117 -67.8253 -21.4848
      vertex 9.83188 -71.9768 -20.6024
      vertex 10.25 -71.9983 -20.5978
    endloop
  endfacet
  facet normal -1.9101e-05 0.207939 0.978142
    outer loop
      vertex 6.25 -41.1866 -27.147
      vertex 9.01393 -37.4655 -27.938
      vertex 8.62305 -37.6123 -27.9068
    endloop
  endfacet
  facet normal 7.78283e-06 0.207907 0.978149
    outer loop
      vertex 11.7637 -67.6805 -21.5156
      vertex 9.41835 -71.9128 -20.616
      vertex 9.83188 -71.9768 -20.6024
    endloop
  endfacet
  facet normal -6.79356e-05 0.20797 0.978135
    outer loop
      vertex 6.25 -41.1866 -27.147
      vertex 8.62305 -37.6123 -27.9068
      vertex 8.25 -37.7982 -27.8673
    endloop
  endfacet
  facet normal 6.5294e-05 0.207876 0.978155
    outer loop
      vertex 11.7637 -67.6805 -21.5156
      vertex 9.01393 -71.8068 -20.6385
      vertex 9.41835 -71.9128 -20.616
    endloop
  endfacet
  facet normal 0.000328958 0.207746 0.978183
    outer loop
      vertex 6.25 -41.1866 -27.147
      vertex 8.25 -37.7982 -27.8673
      vertex 7.89886 -38.0213 -27.8198
    endloop
  endfacet
  facet normal 8.59524e-06 0.207913 0.978147
    outer loop
      vertex 11.7637 -67.6805 -21.5156
      vertex 8.62305 -71.66 -20.6697
      vertex 9.01393 -71.8068 -20.6385
    endloop
  endfacet
  facet normal -0.000385798 0.208102 0.978107
    outer loop
      vertex 6.25 -41.1866 -27.147
      vertex 7.89886 -38.0213 -27.8198
      vertex 7.57347 -38.279 -27.7651
    endloop
  endfacet
  facet normal 2.67778e-05 0.207891 0.978152
    outer loop
      vertex 11.632 -67.5213 -21.5494
      vertex 8.25 -71.4741 -20.7092
      vertex 8.62305 -71.66 -20.6697
    endloop
  endfacet
  facet normal 0.000217953 0.207839 0.978163
    outer loop
      vertex 6.25 -41.1866 -27.147
      vertex 7.57347 -38.279 -27.7651
      vertex 7.27742 -38.5686 -27.7035
    endloop
  endfacet
  facet normal 3.92173e-05 0.207881 0.978154
    outer loop
      vertex 11.632 -67.5213 -21.5494
      vertex 7.89886 -71.251 -20.7566
      vertex 8.25 -71.4741 -20.7092
    endloop
  endfacet
  facet normal -0.00042369 0.20808 0.978112
    outer loop
      vertex 6.25 -41.1866 -27.147
      vertex 7.27742 -38.5686 -27.7035
      vertex 7.01393 -38.8869 -27.6359
    endloop
  endfacet
  facet normal -3.73157e-05 0.207954 0.978139
    outer loop
      vertex 11.632 -67.5213 -21.5494
      vertex 7.57347 -70.9933 -20.8114
      vertex 7.89886 -71.251 -20.7566
    endloop
  endfacet
  facet normal -3.79211e-05 0.207958 0.978138
    outer loop
      vertex 6.25 -41.1866 -27.147
      vertex 7.01393 -38.8869 -27.6359
      vertex 6.7859 -39.2303 -27.5629
    endloop
  endfacet
  facet normal -6.9019e-05 0.207985 0.978132
    outer loop
      vertex 11.5179 -67.3496 -21.5859
      vertex 7.27742 -70.7037 -20.873
      vertex 7.57347 -70.9933 -20.8114
    endloop
  endfacet
  facet normal 0.000260624 0.20788 0.978154
    outer loop
      vertex 6.25 -41.1866 -27.147
      vertex 6.7859 -39.2303 -27.5629
      vertex 6.59583 -39.5952 -27.4853
    endloop
  endfacet
  facet normal 7.83537e-05 0.207807 0.97817
    outer loop
      vertex 11.5179 -67.3496 -21.5859
      vertex 7.01393 -70.3854 -20.9406
      vertex 7.27742 -70.7037 -20.873
    endloop
  endfacet
  facet normal 0.000136772 0.207905 0.978149
    outer loop
      vertex 6.25 -41.1866 -27.147
      vertex 6.59583 -39.5952 -27.4853
      vertex 6.44577 -39.9776 -27.404
    endloop
  endfacet
  facet normal -7.59302e-06 0.207929 0.978144
    outer loop
      vertex 11.5179 -67.3496 -21.5859
      vertex 6.7859 -70.042 -21.0136
      vertex 7.01393 -70.3854 -20.9406
    endloop
  endfacet
  facet normal 0.000609615 0.207832 0.978164
    outer loop
      vertex 6.25 -41.1866 -27.147
      vertex 6.44577 -39.9776 -27.404
      vertex 6.3374 -40.3731 -27.3199
    endloop
  endfacet
  facet normal -4.28097e-05 0.207988 0.978131
    outer loop
      vertex 11.5179 -67.3496 -21.5859
      vertex 6.59583 -69.6771 -21.0912
      vertex 6.7859 -70.042 -21.0136
    endloop
  endfacet
  facet normal -0.00318698 0.208221 0.978077
    outer loop
      vertex 6.25 -41.1866 -27.147
      vertex 6.3374 -40.3731 -27.3199
      vertex 6.27191 -40.7776 -27.234
    endloop
  endfacet
  facet normal -2.30314e-05 0.207948 0.97814
    outer loop
      vertex 11.4626 -67.2433 -21.6085
      vertex 6.44577 -69.2947 -21.1725
      vertex 6.59583 -69.6771 -21.0912
    endloop
  endfacet
  facet normal 6.0096e-05 0.207771 0.978177
    outer loop
      vertex 11.4229 -67.1672 -21.6247
      vertex 6.3374 -68.8992 -21.2565
      vertex 6.44577 -69.2947 -21.1725
    endloop
  endfacet
  facet normal -6.80478e-06 0.207959 0.978138
    outer loop
      vertex 11.4229 -67.1672 -21.6247
      vertex 6.27191 -68.4947 -21.3425
      vertex 6.3374 -68.8992 -21.2565
    endloop
  endfacet
  facet normal -0.707141 0.691621 -0.147011
    outer loop
      vertex 7.57347 -39.0067 -31.1886
      vertex 7.27742 -38.5686 -27.7035
      vertex 7.57347 -38.279 -27.7651
    endloop
  endfacet
  facet normal -0.707141 0.691621 -0.147011
    outer loop
      vertex 7.27742 -38.5686 -27.7035
      vertex 7.57347 -39.0067 -31.1886
      vertex 7.27742 -39.2963 -31.127
    endloop
  endfacet
  facet normal -0.544753 0.820272 -0.174352
    outer loop
      vertex 8.25 -37.7982 -27.8673
      vertex 7.89886 -38.749 -31.2434
      vertex 7.89886 -38.0213 -27.8198
    endloop
  endfacet
  facet normal -0.544718 0.820293 -0.174362
    outer loop
      vertex 7.89886 -38.749 -31.2434
      vertex 8.25 -37.7982 -27.8673
      vertex 8.25 -38.5259 -31.2908
    endloop
  endfacet
  facet normal -0.156277 0.966129 -0.205361
    outer loop
      vertex 9.83188 -37.2955 -27.9741
      vertex 9.41835 -38.0872 -31.384
      vertex 9.41835 -37.3595 -27.9605
    endloop
  endfacet
  facet normal -0.156277 0.966129 -0.205361
    outer loop
      vertex 9.41835 -38.0872 -31.384
      vertex 9.83188 -37.2955 -27.9741
      vertex 9.83188 -38.0232 -31.3976
    endloop
  endfacet
  facet normal -0.358439 0.913152 -0.1941
    outer loop
      vertex 9.01393 -37.4655 -27.938
      vertex 8.62305 -38.34 -31.3303
      vertex 8.62305 -37.6123 -27.9068
    endloop
  endfacet
  facet normal -0.358439 0.913152 -0.1941
    outer loop
      vertex 8.62305 -38.34 -31.3303
      vertex 9.01393 -37.4655 -27.938
      vertex 9.01393 -38.1932 -31.3615
    endloop
  endfacet
  facet normal 0.62926 -0.760211 0.161586
    outer loop
      vertex 40.1011 -71.9787 -24.1802
      vertex 40.4265 -70.9933 -20.8114
      vertex 40.1011 -71.251 -20.7566
    endloop
  endfacet
  facet normal 0.62923 -0.760234 0.161596
    outer loop
      vertex 40.4265 -70.9933 -20.8114
      vertex 40.1011 -71.9787 -24.1802
      vertex 40.4265 -71.721 -24.2349
    endloop
  endfacet
  facet normal 0.544761 -0.820265 0.174356
    outer loop
      vertex 39.75 -72.2018 -24.1327
      vertex 40.1011 -71.251 -20.7566
      vertex 39.75 -71.4741 -20.7092
    endloop
  endfacet
  facet normal 0.544796 -0.820244 0.174346
    outer loop
      vertex 40.1011 -71.251 -20.7566
      vertex 39.75 -72.2018 -24.1327
      vertex 40.1011 -71.9787 -24.1802
    endloop
  endfacet
  facet normal 0.0525143 -0.976797 0.207628
    outer loop
      vertex 37.75 -72.726 -24.0213
      vertex 38.1681 -71.9768 -20.6024
      vertex 37.75 -71.9983 -20.5978
    endloop
  endfacet
  facet normal 0.0525143 -0.976797 0.207628
    outer loop
      vertex 38.1681 -71.9768 -20.6024
      vertex 37.75 -72.726 -24.0213
      vertex 38.1681 -72.7045 -24.0259
    endloop
  endfacet
  facet normal 0.156288 -0.966127 0.20536
    outer loop
      vertex 38.1681 -72.7045 -24.0259
      vertex 38.5816 -71.9128 -20.616
      vertex 38.1681 -71.9768 -20.6024
    endloop
  endfacet
  facet normal 0.156288 -0.966127 0.20536
    outer loop
      vertex 38.5816 -71.9128 -20.616
      vertex 38.1681 -72.7045 -24.0259
      vertex 38.5816 -72.6405 -24.0395
    endloop
  endfacet
  facet normal 0.358423 -0.913158 0.194101
    outer loop
      vertex 38.9861 -72.5345 -24.062
      vertex 39.377 -71.66 -20.6697
      vertex 38.9861 -71.8068 -20.6385
    endloop
  endfacet
  facet normal 0.358423 -0.913158 0.194101
    outer loop
      vertex 39.377 -71.66 -20.6697
      vertex 38.9861 -72.5345 -24.062
      vertex 39.377 -72.3877 -24.0932
    endloop
  endfacet
  facet normal -0.0525118 -0.976797 0.207628
    outer loop
      vertex 9.83188 -71.9768 -20.6024
      vertex 10.25 -72.726 -24.0213
      vertex 10.25 -71.9983 -20.5978
    endloop
  endfacet
  facet normal -0.0525118 -0.976797 0.207628
    outer loop
      vertex 10.25 -72.726 -24.0213
      vertex 9.83188 -71.9768 -20.6024
      vertex 9.83188 -72.7045 -24.0259
    endloop
  endfacet
  facet normal 0.933637 0.350393 -0.0744796
    outer loop
      vertex 41.5542 -39.9776 -27.404
      vertex 41.4042 -40.3229 -30.9088
      vertex 41.4042 -39.5952 -27.4853
    endloop
  endfacet
  facet normal 0.933637 0.350393 -0.0744796
    outer loop
      vertex 41.4042 -40.3229 -30.9088
      vertex 41.5542 -39.9776 -27.404
      vertex 41.5542 -40.7053 -30.8275
    endloop
  endfacet
  facet normal 0.838659 0.532754 -0.113242
    outer loop
      vertex 41.2141 -39.2303 -27.5629
      vertex 40.9861 -39.6146 -31.0594
      vertex 40.9861 -38.8869 -27.6359
    endloop
  endfacet
  facet normal 0.838659 0.532754 -0.113242
    outer loop
      vertex 40.9861 -39.6146 -31.0594
      vertex 41.2141 -39.2303 -27.5629
      vertex 41.2141 -39.958 -30.9864
    endloop
  endfacet
  facet normal 0.965892 0.253287 -0.0538387
    outer loop
      vertex 41.6626 -40.3731 -27.3199
      vertex 41.5542 -40.7053 -30.8275
      vertex 41.5542 -39.9776 -27.404
    endloop
  endfacet
  facet normal 0.965889 0.253299 -0.0538397
    outer loop
      vertex 41.5542 -40.7053 -30.8275
      vertex 41.6626 -40.3731 -27.3199
      vertex 41.6626 -41.1008 -30.7435
    endloop
  endfacet
  facet normal 0.965889 -0.253299 0.0538397
    outer loop
      vertex 41.5542 -69.2947 -21.1725
      vertex 41.6626 -69.6269 -24.6801
      vertex 41.6626 -68.8992 -21.2565
    endloop
  endfacet
  facet normal 0.965892 -0.253287 0.0538387
    outer loop
      vertex 41.6626 -69.6269 -24.6801
      vertex 41.5542 -69.2947 -21.1725
      vertex 41.5542 -70.0224 -24.596
    endloop
  endfacet
  facet normal 0.987688 -0.153019 0.0325258
    outer loop
      vertex 41.6626 -68.8992 -21.2565
      vertex 41.7281 -69.2224 -24.766
      vertex 41.7281 -68.4947 -21.3425
    endloop
  endfacet
  facet normal 0.987687 -0.153027 0.0325265
    outer loop
      vertex 41.7281 -69.2224 -24.766
      vertex 41.6626 -68.8992 -21.2565
      vertex 41.6626 -69.6269 -24.6801
    endloop
  endfacet
  facet normal -0.89102 -0.444044 0.0943861
    outer loop
      vertex 6.59583 -70.4048 -24.5147
      vertex 6.7859 -70.042 -21.0136
      vertex 6.59583 -69.6771 -21.0912
    endloop
  endfacet
  facet normal -0.89102 -0.444044 0.0943861
    outer loop
      vertex 6.7859 -70.042 -21.0136
      vertex 6.59583 -70.4048 -24.5147
      vertex 6.7859 -70.7697 -24.4371
    endloop
  endfacet
  facet normal -0.99863 0.0511821 -0.0108793
    outer loop
      vertex 6.27191 -41.5053 -30.6575
      vertex 6.25 -41.1866 -27.147
      vertex 6.27191 -40.7776 -27.234
    endloop
  endfacet
  facet normal -0.99863 0.0511821 -0.0108793
    outer loop
      vertex 6.25 -41.1866 -27.147
      vertex 6.27191 -41.5053 -30.6575
      vertex 6.25 -41.9143 -30.5705
    endloop
  endfacet
  facet normal -0.933589 0.350515 -0.0745056
    outer loop
      vertex 6.59583 -40.3229 -30.9088
      vertex 6.44577 -39.9776 -27.404
      vertex 6.59583 -39.5952 -27.4853
    endloop
  endfacet
  facet normal -0.933589 0.350515 -0.0745056
    outer loop
      vertex 6.44577 -39.9776 -27.404
      vertex 6.59583 -40.3229 -30.9088
      vertex 6.44577 -40.7053 -30.8275
    endloop
  endfacet
  facet normal -0.838627 0.532803 -0.113253
    outer loop
      vertex 7.01393 -39.6146 -31.0594
      vertex 6.7859 -39.2303 -27.5629
      vertex 7.01393 -38.8869 -27.6359
    endloop
  endfacet
  facet normal -0.838627 0.532803 -0.113253
    outer loop
      vertex 6.7859 -39.2303 -27.5629
      vertex 7.01393 -39.6146 -31.0594
      vertex 6.7859 -39.958 -30.9864
    endloop
  endfacet
  facet normal -0.96591 0.253221 -0.0538248
    outer loop
      vertex 6.44577 -40.7053 -30.8275
      vertex 6.3374 -40.3731 -27.3199
      vertex 6.44577 -39.9776 -27.404
    endloop
  endfacet
  facet normal -0.965907 0.253234 -0.0538258
    outer loop
      vertex 6.3374 -40.3731 -27.3199
      vertex 6.44577 -40.7053 -30.8275
      vertex 6.3374 -41.1008 -30.7435
    endloop
  endfacet
  facet normal -0.629242 0.760225 -0.161594
    outer loop
      vertex 7.89886 -38.0213 -27.8198
      vertex 7.57347 -39.0067 -31.1886
      vertex 7.57347 -38.279 -27.7651
    endloop
  endfacet
  facet normal -0.629272 0.760202 -0.161584
    outer loop
      vertex 7.57347 -39.0067 -31.1886
      vertex 7.89886 -38.0213 -27.8198
      vertex 7.89886 -38.749 -31.2434
    endloop
  endfacet
  facet normal -0.453937 0.871562 -0.185259
    outer loop
      vertex 8.62305 -37.6123 -27.9068
      vertex 8.25 -38.5259 -31.2908
      vertex 8.25 -37.7982 -27.8673
    endloop
  endfacet
  facet normal -0.453937 0.871562 -0.185259
    outer loop
      vertex 8.25 -38.5259 -31.2908
      vertex 8.62305 -37.6123 -27.9068
      vertex 8.62305 -38.34 -31.3303
    endloop
  endfacet
  facet normal -0.0525118 0.976797 -0.207628
    outer loop
      vertex 10.25 -37.274 -27.9787
      vertex 9.83188 -38.0232 -31.3976
      vertex 9.83188 -37.2955 -27.9741
    endloop
  endfacet
  facet normal -0.0525118 0.976797 -0.207628
    outer loop
      vertex 9.83188 -38.0232 -31.3976
      vertex 10.25 -37.274 -27.9787
      vertex 10.25 -38.0017 -31.4022
    endloop
  endfacet
  facet normal -0.258814 0.944819 -0.200831
    outer loop
      vertex 9.41835 -37.3595 -27.9605
      vertex 9.01393 -38.1932 -31.3615
      vertex 9.01393 -37.4655 -27.938
    endloop
  endfacet
  facet normal -0.258814 0.944819 -0.200831
    outer loop
      vertex 9.01393 -38.1932 -31.3615
      vertex 9.41835 -37.3595 -27.9605
      vertex 9.41835 -38.0872 -31.384
    endloop
  endfacet
  facet normal 0.890991 0.4441 -0.094398
    outer loop
      vertex 41.4042 -39.5952 -27.4853
      vertex 41.2141 -39.958 -30.9864
      vertex 41.2141 -39.2303 -27.5629
    endloop
  endfacet
  facet normal 0.890991 0.4441 -0.094398
    outer loop
      vertex 41.2141 -39.958 -30.9864
      vertex 41.4042 -39.5952 -27.4853
      vertex 41.4042 -40.3229 -30.9088
    endloop
  endfacet
  facet normal 0.987687 0.153027 -0.0325265
    outer loop
      vertex 41.7281 -40.7776 -27.234
      vertex 41.6626 -41.1008 -30.7435
      vertex 41.6626 -40.3731 -27.3199
    endloop
  endfacet
  facet normal 0.987688 0.153019 -0.0325258
    outer loop
      vertex 41.6626 -41.1008 -30.7435
      vertex 41.7281 -40.7776 -27.234
      vertex 41.7281 -41.5053 -30.6575
    endloop
  endfacet
  facet normal 0.62923 0.760234 -0.161596
    outer loop
      vertex 40.4265 -39.0067 -31.1886
      vertex 40.1011 -38.0213 -27.8198
      vertex 40.4265 -38.279 -27.7651
    endloop
  endfacet
  facet normal 0.62926 0.760211 -0.161586
    outer loop
      vertex 40.1011 -38.0213 -27.8198
      vertex 40.4265 -39.0067 -31.1886
      vertex 40.1011 -38.749 -31.2434
    endloop
  endfacet
  facet normal 0.77715 0.615563 -0.130844
    outer loop
      vertex 40.9861 -38.8869 -27.6359
      vertex 40.7226 -39.2963 -31.127
      vertex 40.7226 -38.5686 -27.7035
    endloop
  endfacet
  facet normal 0.77715 0.615563 -0.130844
    outer loop
      vertex 40.7226 -39.2963 -31.127
      vertex 40.9861 -38.8869 -27.6359
      vertex 40.9861 -39.6146 -31.0594
    endloop
  endfacet
  facet normal 0.544796 0.820244 -0.174346
    outer loop
      vertex 40.1011 -38.749 -31.2434
      vertex 39.75 -37.7982 -27.8673
      vertex 40.1011 -38.0213 -27.8198
    endloop
  endfacet
  facet normal 0.544761 0.820265 -0.174356
    outer loop
      vertex 39.75 -37.7982 -27.8673
      vertex 40.1011 -38.749 -31.2434
      vertex 39.75 -38.5259 -31.2908
    endloop
  endfacet
  facet normal 0.358423 0.913158 -0.194101
    outer loop
      vertex 39.377 -38.34 -31.3303
      vertex 38.9861 -37.4655 -27.938
      vertex 39.377 -37.6123 -27.9068
    endloop
  endfacet
  facet normal 0.358423 0.913158 -0.194101
    outer loop
      vertex 38.9861 -37.4655 -27.938
      vertex 39.377 -38.34 -31.3303
      vertex 38.9861 -38.1932 -31.3615
    endloop
  endfacet
  facet normal 0.998631 -0.0511588 0.0108743
    outer loop
      vertex 41.7281 -68.4947 -21.3425
      vertex 41.75 -68.8134 -24.853
      vertex 41.75 -68.0857 -21.4295
    endloop
  endfacet
  facet normal 0.998631 -0.0511588 0.0108743
    outer loop
      vertex 41.75 -68.8134 -24.853
      vertex 41.7281 -68.4947 -21.3425
      vertex 41.7281 -69.2224 -24.766
    endloop
  endfacet
  facet normal 0.890991 -0.4441 0.094398
    outer loop
      vertex 41.2141 -70.042 -21.0136
      vertex 41.4042 -70.4048 -24.5147
      vertex 41.4042 -69.6771 -21.0912
    endloop
  endfacet
  facet normal 0.890991 -0.4441 0.094398
    outer loop
      vertex 41.4042 -70.4048 -24.5147
      vertex 41.2141 -70.042 -21.0136
      vertex 41.2141 -70.7697 -24.4371
    endloop
  endfacet
  facet normal 0.838659 -0.532754 0.113242
    outer loop
      vertex 40.9861 -70.3854 -20.9406
      vertex 41.2141 -70.7697 -24.4371
      vertex 41.2141 -70.042 -21.0136
    endloop
  endfacet
  facet normal 0.838659 -0.532754 0.113242
    outer loop
      vertex 41.2141 -70.7697 -24.4371
      vertex 40.9861 -70.3854 -20.9406
      vertex 40.9861 -71.1131 -24.3641
    endloop
  endfacet
  facet normal 0.933637 -0.350393 0.0744796
    outer loop
      vertex 41.4042 -69.6771 -21.0912
      vertex 41.5542 -70.0224 -24.596
      vertex 41.5542 -69.2947 -21.1725
    endloop
  endfacet
  facet normal 0.933637 -0.350393 0.0744796
    outer loop
      vertex 41.5542 -70.0224 -24.596
      vertex 41.4042 -69.6771 -21.0912
      vertex 41.4042 -70.4048 -24.5147
    endloop
  endfacet
  facet normal 0.77715 -0.615563 0.130844
    outer loop
      vertex 40.7226 -70.7037 -20.873
      vertex 40.9861 -71.1131 -24.3641
      vertex 40.9861 -70.3854 -20.9406
    endloop
  endfacet
  facet normal 0.77715 -0.615563 0.130844
    outer loop
      vertex 40.9861 -71.1131 -24.3641
      vertex 40.7226 -70.7037 -20.873
      vertex 40.7226 -71.4314 -24.2965
    endloop
  endfacet
  facet normal -0.629272 -0.760202 0.161584
    outer loop
      vertex 7.57347 -70.9933 -20.8114
      vertex 7.89886 -71.9787 -24.1802
      vertex 7.89886 -71.251 -20.7566
    endloop
  endfacet
  facet normal -0.629242 -0.760225 0.161594
    outer loop
      vertex 7.89886 -71.9787 -24.1802
      vertex 7.57347 -70.9933 -20.8114
      vertex 7.57347 -71.721 -24.2349
    endloop
  endfacet
  facet normal -0.453937 -0.871562 0.185259
    outer loop
      vertex 8.25 -71.4741 -20.7092
      vertex 8.62305 -72.3877 -24.0932
      vertex 8.62305 -71.66 -20.6697
    endloop
  endfacet
  facet normal -0.453937 -0.871562 0.185259
    outer loop
      vertex 8.62305 -72.3877 -24.0932
      vertex 8.25 -71.4741 -20.7092
      vertex 8.25 -72.2018 -24.1327
    endloop
  endfacet
  facet normal -0.965907 -0.253234 0.0538258
    outer loop
      vertex 6.3374 -69.6269 -24.6801
      vertex 6.44577 -69.2947 -21.1725
      vertex 6.3374 -68.8992 -21.2565
    endloop
  endfacet
  facet normal -0.96591 -0.253221 0.0538248
    outer loop
      vertex 6.44577 -69.2947 -21.1725
      vertex 6.3374 -69.6269 -24.6801
      vertex 6.44577 -70.0224 -24.596
    endloop
  endfacet
  facet normal -0.933589 -0.350515 0.0745056
    outer loop
      vertex 6.44577 -70.0224 -24.596
      vertex 6.59583 -69.6771 -21.0912
      vertex 6.44577 -69.2947 -21.1725
    endloop
  endfacet
  facet normal -0.933589 -0.350515 0.0745056
    outer loop
      vertex 6.59583 -69.6771 -21.0912
      vertex 6.44577 -70.0224 -24.596
      vertex 6.59583 -70.4048 -24.5147
    endloop
  endfacet
  facet normal -0.89102 0.444044 -0.0943861
    outer loop
      vertex 6.7859 -39.958 -30.9864
      vertex 6.59583 -39.5952 -27.4853
      vertex 6.7859 -39.2303 -27.5629
    endloop
  endfacet
  facet normal -0.89102 0.444044 -0.0943861
    outer loop
      vertex 6.59583 -39.5952 -27.4853
      vertex 6.7859 -39.958 -30.9864
      vertex 6.59583 -40.3229 -30.9088
    endloop
  endfacet
  facet normal -0.98769 0.153004 -0.0325217
    outer loop
      vertex 6.3374 -41.1008 -30.7435
      vertex 6.27191 -40.7776 -27.234
      vertex 6.3374 -40.3731 -27.3199
    endloop
  endfacet
  facet normal -0.987691 0.152997 -0.032521
    outer loop
      vertex 6.27191 -40.7776 -27.234
      vertex 6.3374 -41.1008 -30.7435
      vertex 6.27191 -41.5053 -30.6575
    endloop
  endfacet
  facet normal 0.998631 0.0511588 -0.0108743
    outer loop
      vertex 41.75 -41.1866 -27.147
      vertex 41.7281 -41.5053 -30.6575
      vertex 41.7281 -40.7776 -27.234
    endloop
  endfacet
  facet normal 0.998631 0.0511588 -0.0108743
    outer loop
      vertex 41.7281 -41.5053 -30.6575
      vertex 41.75 -41.1866 -27.147
      vertex 41.75 -41.9143 -30.5705
    endloop
  endfacet
  facet normal 0.707082 0.691679 -0.147023
    outer loop
      vertex 40.7226 -38.5686 -27.7035
      vertex 40.4265 -39.0067 -31.1886
      vertex 40.4265 -38.279 -27.7651
    endloop
  endfacet
  facet normal 0.707082 0.691679 -0.147023
    outer loop
      vertex 40.4265 -39.0067 -31.1886
      vertex 40.7226 -38.5686 -27.7035
      vertex 40.7226 -39.2963 -31.127
    endloop
  endfacet
  facet normal 0.453985 0.871538 -0.185254
    outer loop
      vertex 39.75 -38.5259 -31.2908
      vertex 39.377 -37.6123 -27.9068
      vertex 39.75 -37.7982 -27.8673
    endloop
  endfacet
  facet normal 0.453985 0.871538 -0.185254
    outer loop
      vertex 39.377 -37.6123 -27.9068
      vertex 39.75 -38.5259 -31.2908
      vertex 39.377 -38.34 -31.3303
    endloop
  endfacet
  facet normal -0.838627 -0.532803 0.113253
    outer loop
      vertex 6.7859 -70.7697 -24.4371
      vertex 7.01393 -70.3854 -20.9406
      vertex 6.7859 -70.042 -21.0136
    endloop
  endfacet
  facet normal -0.838627 -0.532803 0.113253
    outer loop
      vertex 7.01393 -70.3854 -20.9406
      vertex 6.7859 -70.7697 -24.4371
      vertex 7.01393 -71.1131 -24.3641
    endloop
  endfacet
  facet normal -0.777161 -0.615549 0.130841
    outer loop
      vertex 7.01393 -71.1131 -24.3641
      vertex 7.27742 -70.7037 -20.873
      vertex 7.01393 -70.3854 -20.9406
    endloop
  endfacet
  facet normal -0.777161 -0.615549 0.130841
    outer loop
      vertex 7.27742 -70.7037 -20.873
      vertex 7.01393 -71.1131 -24.3641
      vertex 7.27742 -71.4314 -24.2965
    endloop
  endfacet
  facet normal -0.707141 -0.691621 0.147011
    outer loop
      vertex 7.27742 -71.4314 -24.2965
      vertex 7.57347 -70.9933 -20.8114
      vertex 7.27742 -70.7037 -20.873
    endloop
  endfacet
  facet normal -0.707141 -0.691621 0.147011
    outer loop
      vertex 7.57347 -70.9933 -20.8114
      vertex 7.27742 -71.4314 -24.2965
      vertex 7.57347 -71.721 -24.2349
    endloop
  endfacet
  facet normal -0.358439 -0.913152 0.1941
    outer loop
      vertex 8.62305 -71.66 -20.6697
      vertex 9.01393 -72.5345 -24.062
      vertex 9.01393 -71.8068 -20.6385
    endloop
  endfacet
  facet normal -0.358439 -0.913152 0.1941
    outer loop
      vertex 9.01393 -72.5345 -24.062
      vertex 8.62305 -71.66 -20.6697
      vertex 8.62305 -72.3877 -24.0932
    endloop
  endfacet
  facet normal -0.258872 -0.944801 0.200839
    outer loop
      vertex 36.9158 -40.6517 -28.0275
      vertex 37.118 -41.2765 -30.7061
      vertex 37.118 -40.7047 -28.0162
    endloop
  endfacet
  facet normal -0.259308 -0.944694 0.200781
    outer loop
      vertex 37.118 -41.2765 -30.7061
      vertex 36.9158 -40.6517 -28.0275
      vertex 36.9158 -41.2234 -30.7174
    endloop
  endfacet
  facet normal -0.156325 -0.966126 0.205336
    outer loop
      vertex 36.7091 -40.6197 -28.0343
      vertex 36.9158 -41.2234 -30.7174
      vertex 36.9158 -40.6517 -28.0275
    endloop
  endfacet
  facet normal -0.156325 -0.966126 0.205336
    outer loop
      vertex 36.9158 -41.2234 -30.7174
      vertex 36.7091 -40.6197 -28.0343
      vertex 36.7091 -41.1914 -30.7242
    endloop
  endfacet
  facet normal 1 0 0
    outer loop
      vertex 9.5 -67.0189 -22.423
      vertex 9.5 -43.137 -30.3107
      vertex 9.5 -42.5652 -27.6207
    endloop
  endfacet
  facet normal 1 0 0
    outer loop
      vertex 9.5 -43.137 -30.3107
      vertex 9.5 -67.0189 -22.423
      vertex 9.5 -67.5907 -25.1129
    endloop
  endfacet
  facet normal -0.0527347 -0.976791 0.207603
    outer loop
      vertex 36.5 -40.6089 -28.0366
      vertex 36.7091 -41.1914 -30.7242
      vertex 36.7091 -40.6197 -28.0343
    endloop
  endfacet
  facet normal -0.0522688 -0.976807 0.207643
    outer loop
      vertex 36.7091 -41.1914 -30.7242
      vertex 36.5 -40.6089 -28.0366
      vertex 36.5 -41.1807 -30.7265
    endloop
  endfacet
  facet normal -0.707201 0.69156 -0.147007
    outer loop
      vertex 37.9863 -68.8997 -24.8346
      vertex 37.8383 -68.4727 -22.1139
      vertex 37.9863 -68.3279 -22.1447
    endloop
  endfacet
  facet normal -0.707201 0.69156 -0.147007
    outer loop
      vertex 37.8383 -68.4727 -22.1139
      vertex 37.9863 -68.8997 -24.8346
      vertex 37.8383 -69.0445 -24.8038
    endloop
  endfacet
  facet normal 0 -0.978144 0.207927
    outer loop
      vertex 11.5 -41.1807 -30.7265
      vertex 36.5 -40.6089 -28.0366
      vertex 11.5 -40.6089 -28.0366
    endloop
  endfacet
  facet normal 0 -0.978144 0.207927
    outer loop
      vertex 36.5 -40.6089 -28.0366
      vertex 11.5 -41.1807 -30.7265
      vertex 36.5 -41.1807 -30.7265
    endloop
  endfacet
  facet normal -1 0 0
    outer loop
      vertex 38.5 -43.137 -30.3107
      vertex 38.5 -67.0189 -22.423
      vertex 38.5 -42.5652 -27.6207
    endloop
  endfacet
  facet normal -1 0 -0
    outer loop
      vertex 38.5 -67.0189 -22.423
      vertex 38.5 -43.137 -30.3107
      vertex 38.5 -67.5907 -25.1129
    endloop
  endfacet
  facet normal 0.890981 -0.444117 0.0944073
    outer loop
      vertex 9.67291 -41.7695 -27.7899
      vertex 9.76794 -42.1589 -30.5186
      vertex 9.76794 -41.5871 -27.8287
    endloop
  endfacet
  facet normal 0.890981 -0.444117 0.0944073
    outer loop
      vertex 9.76794 -42.1589 -30.5186
      vertex 9.67291 -41.7695 -27.7899
      vertex 9.67291 -42.3413 -30.4798
    endloop
  endfacet
  facet normal 0.156325 0.966119 -0.205371
    outer loop
      vertex 11.2909 -69.5363 -24.6993
      vertex 11.0842 -68.9325 -22.0162
      vertex 11.2909 -68.9645 -22.0094
    endloop
  endfacet
  facet normal 0.156781 0.966055 -0.205321
    outer loop
      vertex 11.0842 -68.9325 -22.0162
      vertex 11.2909 -69.5363 -24.6993
      vertex 11.0842 -69.5042 -24.7061
    endloop
  endfacet
  facet normal -0.454131 0.871463 -0.185249
    outer loop
      vertex 37.5 -68.7131 -22.0628
      vertex 37.3135 -69.3779 -24.733
      vertex 37.3135 -68.8061 -22.0431
    endloop
  endfacet
  facet normal -0.454131 0.871463 -0.185249
    outer loop
      vertex 37.3135 -69.3779 -24.733
      vertex 37.5 -68.7131 -22.0628
      vertex 37.5 -69.2849 -24.7527
    endloop
  endfacet
  facet normal -0.258872 0.944808 -0.200806
    outer loop
      vertex 37.118 -68.8795 -22.0275
      vertex 36.9158 -69.5042 -24.7061
      vertex 36.9158 -68.9325 -22.0162
    endloop
  endfacet
  facet normal -0.258872 0.944808 -0.200806
    outer loop
      vertex 36.9158 -69.5042 -24.7061
      vertex 37.118 -68.8795 -22.0275
      vertex 37.118 -69.4512 -24.7174
    endloop
  endfacet
  facet normal 0 0.978144 -0.207927
    outer loop
      vertex 36.5 -69.547 -24.697
      vertex 11.5 -68.9752 -22.0071
      vertex 36.5 -68.9752 -22.0071
    endloop
  endfacet
  facet normal 0 0.978144 -0.207927
    outer loop
      vertex 11.5 -68.9752 -22.0071
      vertex 36.5 -69.547 -24.697
      vertex 11.5 -69.547 -24.697
    endloop
  endfacet
  facet normal 0.258872 0.944808 -0.200806
    outer loop
      vertex 11.0842 -69.5042 -24.7061
      vertex 10.882 -68.8795 -22.0275
      vertex 11.0842 -68.9325 -22.0162
    endloop
  endfacet
  facet normal 0.258872 0.944808 -0.200806
    outer loop
      vertex 10.882 -68.8795 -22.0275
      vertex 11.0842 -69.5042 -24.7061
      vertex 10.882 -69.4512 -24.7174
    endloop
  endfacet
  facet normal -2.07462e-05 -0.208058 -0.978117
    outer loop
      vertex 36.7063 -66.9341 -22.441
      vertex 38.5 -67.0189 -22.423
      vertex 38.489 -67.2234 -22.3795
    endloop
  endfacet
  facet normal 2.52709e-06 -0.207908 -0.978148
    outer loop
      vertex 38.5 -67.0189 -22.423
      vertex 36.75 -45.4972 -26.9975
      vertex 38.5 -42.5652 -27.6207
    endloop
  endfacet
  facet normal 4.09653e-06 -0.207911 -0.978148
    outer loop
      vertex 36.7063 -66.9341 -22.441
      vertex 38.489 -67.2234 -22.3795
      vertex 38.4563 -67.4257 -22.3365
    endloop
  endfacet
  facet normal 0.000128651 -0.20798 -0.978133
    outer loop
      vertex 36.7456 -45.4149 -27.015
      vertex 38.5 -42.5652 -27.6207
      vertex 36.75 -45.4972 -26.9975
    endloop
  endfacet
  facet normal 5.90906e-05 -0.20772 -0.978188
    outer loop
      vertex 36.6739 -67.0523 -22.4159
      vertex 38.4563 -67.4257 -22.3365
      vertex 38.4021 -67.6235 -22.2945
    endloop
  endfacet
  facet normal 0.000317346 -0.208091 -0.978109
    outer loop
      vertex 36.739 -45.2927 -27.041
      vertex 38.5 -42.5652 -27.6207
      vertex 36.7456 -45.4149 -27.015
    endloop
  endfacet
  facet normal -0.000150889 -0.208249 -0.978076
    outer loop
      vertex 36.6521 -67.1319 -22.3989
      vertex 38.4021 -67.6235 -22.2945
      vertex 38.3271 -67.8146 -22.2538
    endloop
  endfacet
  facet normal 0.000253767 -0.208052 -0.978118
    outer loop
      vertex 36.7195 -45.1719 -27.0667
      vertex 38.5 -42.5652 -27.6207
      vertex 36.739 -45.2927 -27.041
    endloop
  endfacet
  facet normal -2.11443e-05 -0.207944 -0.978141
    outer loop
      vertex 36.6521 -67.1319 -22.3989
      vertex 38.3271 -67.8146 -22.2538
      vertex 38.2321 -67.9971 -22.215
    endloop
  endfacet
  facet normal 1.69079e-06 -0.207887 -0.978153
    outer loop
      vertex 36.7063 -45.0905 -27.084
      vertex 38.5 -42.5652 -27.6207
      vertex 36.7195 -45.1719 -27.0667
    endloop
  endfacet
  facet normal 2.03421e-05 -0.207947 -0.97814
    outer loop
      vertex 36.6219 -67.2089 -22.3826
      vertex 38.2321 -67.9971 -22.215
      vertex 38.118 -68.1688 -22.1785
    endloop
  endfacet
  facet normal -0.000481282 -0.207559 -0.978222
    outer loop
      vertex 36.6845 -45.0108 -27.1009
      vertex 38.5 -42.5652 -27.6207
      vertex 36.7063 -45.0905 -27.084
    endloop
  endfacet
  facet normal 5.90403e-05 -0.207854 -0.97816
    outer loop
      vertex 36.5771 -67.3231 -22.3583
      vertex 38.118 -68.1688 -22.1785
      vertex 37.9863 -68.3279 -22.1447
    endloop
  endfacet
  facet normal -1.27246e-05 -0.207892 -0.978152
    outer loop
      vertex 36.6521 -44.8927 -27.126
      vertex 38.5 -42.5652 -27.6207
      vertex 36.6845 -45.0108 -27.1009
    endloop
  endfacet
  facet normal -4.70701e-05 -0.208007 -0.978127
    outer loop
      vertex 36.5388 -67.3965 -22.3427
      vertex 37.9863 -68.3279 -22.1447
      vertex 37.8383 -68.4727 -22.1139
    endloop
  endfacet
  facet normal 0.000197018 -0.208051 -0.978118
    outer loop
      vertex 36.6073 -44.7785 -27.1503
      vertex 38.5 -42.5652 -27.6207
      vertex 36.6521 -44.8927 -27.126
    endloop
  endfacet
  facet normal 1.649e-06 -0.207924 -0.978145
    outer loop
      vertex 36.4821 -67.5055 -22.3195
      vertex 37.8383 -68.4727 -22.1139
      vertex 37.6756 -68.6016 -22.0865
    endloop
  endfacet
  facet normal 0.000355754 -0.208181 -0.97809
    outer loop
      vertex 36.5771 -44.7015 -27.1667
      vertex 38.5 -42.5652 -27.6207
      vertex 36.6073 -44.7785 -27.1503
    endloop
  endfacet
  facet normal 5.79886e-06 -0.20792 -0.978146
    outer loop
      vertex 36.4821 -67.5055 -22.3195
      vertex 37.6756 -68.6016 -22.0865
      vertex 37.5 -68.7131 -22.0628
    endloop
  endfacet
  facet normal -0.000406352 -0.207525 -0.97823
    outer loop
      vertex 36.5203 -44.5925 -27.1898
      vertex 38.5 -42.5652 -27.6207
      vertex 36.5771 -44.7015 -27.1667
    endloop
  endfacet
  facet normal 0.000240376 -0.207691 -0.978194
    outer loop
      vertex 36.368 -67.6773 -22.283
      vertex 37.5 -68.7131 -22.0628
      vertex 37.3135 -68.8061 -22.0431
    endloop
  endfacet
  facet normal 0.000880494 -0.208727 -0.977974
    outer loop
      vertex 36.4821 -44.5191 -27.2055
      vertex 38.5 -42.5652 -27.6207
      vertex 36.5203 -44.5925 -27.1898
    endloop
  endfacet
  facet normal -2.09065e-06 -0.207885 -0.978153
    outer loop
      vertex 36.368 -67.6773 -22.283
      vertex 37.3135 -68.8061 -22.0431
      vertex 37.118 -68.8795 -22.0275
    endloop
  endfacet
  facet normal -2.40585e-05 -0.207833 -0.978164
    outer loop
      vertex 36.368 -44.3473 -27.242
      vertex 38.5 -42.5652 -27.6207
      vertex 36.4821 -44.5191 -27.2055
    endloop
  endfacet
  facet normal -0.000147781 -0.207981 -0.978133
    outer loop
      vertex 36.2893 -67.7723 -22.2628
      vertex 37.118 -68.8795 -22.0275
      vertex 36.9158 -68.9325 -22.0162
    endloop
  endfacet
  facet normal -1.01671e-06 -0.20786 -0.978159
    outer loop
      vertex 36.315 -44.2833 -27.2556
      vertex 38.5 -42.5652 -27.6207
      vertex 36.368 -44.3473 -27.242
    endloop
  endfacet
  facet normal -3.99008e-05 -0.207911 -0.978148
    outer loop
      vertex 38.5 -67.0189 -22.423
      vertex 36.75 -66.5274 -22.5274
      vertex 36.75 -45.4972 -26.9975
    endloop
  endfacet
  facet normal 7.8441e-05 -0.207508 -0.978233
    outer loop
      vertex 38.5 -67.0189 -22.423
      vertex 36.7435 -66.6495 -22.5015
      vertex 36.75 -66.5274 -22.5274
    endloop
  endfacet
  facet normal 2.60585e-05 -0.207747 -0.978183
    outer loop
      vertex 38.5 -67.0189 -22.423
      vertex 36.739 -66.7319 -22.484
      vertex 36.7435 -66.6495 -22.5015
    endloop
  endfacet
  facet normal 1.9948e-06 -0.207888 -0.978153
    outer loop
      vertex 38.5 -67.0189 -22.423
      vertex 36.7259 -66.8133 -22.4667
      vertex 36.739 -66.7319 -22.484
    endloop
  endfacet
  facet normal 9.9269e-06 -0.20792 -0.978146
    outer loop
      vertex 36.2363 -67.8364 -22.2492
      vertex 36.9158 -68.9325 -22.0162
      vertex 36.7091 -68.9645 -22.0094
    endloop
  endfacet
  facet normal -2.22195e-05 -0.208088 -0.97811
    outer loop
      vertex 38.5 -67.0189 -22.423
      vertex 36.7063 -66.9341 -22.441
      vertex 36.7259 -66.8133 -22.4667
    endloop
  endfacet
  facet normal 5.59395e-05 -0.207735 -0.978185
    outer loop
      vertex 38.4563 -67.4257 -22.3365
      vertex 36.6739 -67.0523 -22.4159
      vertex 36.7063 -66.9341 -22.441
    endloop
  endfacet
  facet normal -0.000306133 -0.208778 -0.977963
    outer loop
      vertex 38.4021 -67.6235 -22.2945
      vertex 36.6521 -67.1319 -22.3989
      vertex 36.6739 -67.0523 -22.4159
    endloop
  endfacet
  facet normal 0.000380886 -0.207242 -0.97829
    outer loop
      vertex 38.2321 -67.9971 -22.215
      vertex 36.6219 -67.2089 -22.3826
      vertex 36.6521 -67.1319 -22.3989
    endloop
  endfacet
  facet normal -7.93525e-05 -0.208095 -0.978109
    outer loop
      vertex 38.118 -68.1688 -22.1785
      vertex 36.5771 -67.3231 -22.3583
      vertex 36.6219 -67.2089 -22.3826
    endloop
  endfacet
  facet normal 2.31581e-05 -0.207902 -0.97815
    outer loop
      vertex 37.9863 -68.3279 -22.1447
      vertex 36.5388 -67.3965 -22.3427
      vertex 36.5771 -67.3231 -22.3583
    endloop
  endfacet
  facet normal -0.000116664 -0.207973 -0.978134
    outer loop
      vertex 36.1767 -67.8947 -22.2368
      vertex 36.7091 -68.9645 -22.0094
      vertex 36.5 -68.9752 -22.0071
    endloop
  endfacet
  facet normal -0.000138222 -0.208112 -0.978105
    outer loop
      vertex 37.8383 -68.4727 -22.1139
      vertex 36.4821 -67.5055 -22.3195
      vertex 36.5388 -67.3965 -22.3427
    endloop
  endfacet
  facet normal 7.40198e-05 -0.207865 -0.978158
    outer loop
      vertex 37.5 -68.7131 -22.0628
      vertex 36.368 -67.6773 -22.283
      vertex 36.4821 -67.5055 -22.3195
    endloop
  endfacet
  facet normal -7.04138e-05 -0.207926 -0.978145
    outer loop
      vertex 37.118 -68.8795 -22.0275
      vertex 36.2893 -67.7723 -22.2628
      vertex 36.368 -67.6773 -22.283
    endloop
  endfacet
  facet normal 0.000272718 -0.207764 -0.978179
    outer loop
      vertex 36.9158 -68.9325 -22.0162
      vertex 36.2363 -67.8364 -22.2492
      vertex 36.2893 -67.7723 -22.2628
    endloop
  endfacet
  facet normal -8.3576e-05 -0.207958 -0.978138
    outer loop
      vertex 36.7091 -68.9645 -22.0094
      vertex 36.1767 -67.8947 -22.2368
      vertex 36.2363 -67.8364 -22.2492
    endloop
  endfacet
  facet normal -9.62438e-05 -0.207968 -0.978136
    outer loop
      vertex 36.5 -68.9752 -22.0071
      vertex 36.0883 -67.9812 -22.2184
      vertex 36.1767 -67.8947 -22.2368
    endloop
  endfacet
  facet normal 0.000367292 -0.207784 -0.978175
    outer loop
      vertex 36.5 -68.9752 -22.0071
      vertex 36.0228 -68.0331 -22.2074
      vertex 36.0883 -67.9812 -22.2184
    endloop
  endfacet
  facet normal -0.000208404 -0.208063 -0.978115
    outer loop
      vertex 36.5 -68.9752 -22.0071
      vertex 35.9256 -68.1101 -22.191
      vertex 36.0228 -68.0331 -22.2074
    endloop
  endfacet
  facet normal 8.96811e-06 -0.207925 -0.978145
    outer loop
      vertex 36.5 -68.9752 -22.0071
      vertex 35.75 -68.2216 -22.1673
      vertex 35.9256 -68.1101 -22.191
    endloop
  endfacet
  facet normal -1.07491e-05 -0.207944 -0.978141
    outer loop
      vertex 36.5 -68.9752 -22.0071
      vertex 35.6386 -68.2771 -22.1555
      vertex 35.75 -68.2216 -22.1673
    endloop
  endfacet
  facet normal 0.000406467 -0.207451 -0.978245
    outer loop
      vertex 36.5 -68.9752 -22.0071
      vertex 35.5635 -68.3145 -22.1476
      vertex 35.6386 -68.2771 -22.1555
    endloop
  endfacet
  facet normal -4.42939e-05 -0.208062 -0.978116
    outer loop
      vertex 36.5 -68.9752 -22.0071
      vertex 35.4848 -68.3441 -22.1413
      vertex 35.5635 -68.3145 -22.1476
    endloop
  endfacet
  facet normal 7.22577e-05 -0.207883 -0.978154
    outer loop
      vertex 36.5 -68.9752 -22.0071
      vertex 35.368 -68.3879 -22.132
      vertex 35.4848 -68.3441 -22.1413
    endloop
  endfacet
  facet normal -0.000314099 -0.208595 -0.978002
    outer loop
      vertex 36.5 -68.9752 -22.0071
      vertex 35.2472 -68.4196 -22.1252
      vertex 35.368 -68.3879 -22.132
    endloop
  endfacet
  facet normal 0.000208543 -0.207468 -0.978242
    outer loop
      vertex 36.5 -68.9752 -22.0071
      vertex 35.1658 -68.4409 -22.1207
      vertex 35.2472 -68.4196 -22.1252
    endloop
  endfacet
  facet normal 8.50104e-05 -0.207763 -0.978179
    outer loop
      vertex 36.5 -68.9752 -22.0071
      vertex 34.9591 -68.473 -22.1139
      vertex 35.1658 -68.4409 -22.1207
    endloop
  endfacet
  facet normal 0.000145199 -0.207586 -0.978217
    outer loop
      vertex 36.5 -68.9752 -22.0071
      vertex 34.8749 -68.4773 -22.113
      vertex 34.9591 -68.473 -22.1139
    endloop
  endfacet
  facet normal -0.000260019 -0.208852 -0.977947
    outer loop
      vertex 36.5 -68.9752 -22.0071
      vertex 34.75 -68.4837 -22.1116
      vertex 34.8749 -68.4773 -22.113
    endloop
  endfacet
  facet normal 0 -0.207966 -0.978136
    outer loop
      vertex 36.5 -68.9752 -22.0071
      vertex 13.25 -68.4837 -22.1116
      vertex 34.75 -68.4837 -22.1116
    endloop
  endfacet
  facet normal -0.000272718 -0.207764 -0.978179
    outer loop
      vertex 11.0842 -68.9325 -22.0162
      vertex 11.7107 -67.7723 -22.2628
      vertex 11.7637 -67.8364 -22.2492
    endloop
  endfacet
  facet normal 0 -0.207966 -0.978136
    outer loop
      vertex 11.5 -68.9752 -22.0071
      vertex 13.25 -68.4837 -22.1116
      vertex 36.5 -68.9752 -22.0071
    endloop
  endfacet
  facet normal 0.000260019 -0.208852 -0.977947
    outer loop
      vertex 11.5 -68.9752 -22.0071
      vertex 13.1251 -68.4773 -22.113
      vertex 13.25 -68.4837 -22.1116
    endloop
  endfacet
  facet normal -0.000145199 -0.207586 -0.978217
    outer loop
      vertex 11.5 -68.9752 -22.0071
      vertex 13.0409 -68.473 -22.1139
      vertex 13.1251 -68.4773 -22.113
    endloop
  endfacet
  facet normal -8.50104e-05 -0.207763 -0.978179
    outer loop
      vertex 11.5 -68.9752 -22.0071
      vertex 12.8342 -68.4409 -22.1207
      vertex 13.0409 -68.473 -22.1139
    endloop
  endfacet
  facet normal -0.000208543 -0.207468 -0.978242
    outer loop
      vertex 11.5 -68.9752 -22.0071
      vertex 12.7528 -68.4196 -22.1252
      vertex 12.8342 -68.4409 -22.1207
    endloop
  endfacet
  facet normal 0.000314099 -0.208595 -0.978002
    outer loop
      vertex 11.5 -68.9752 -22.0071
      vertex 12.632 -68.3879 -22.132
      vertex 12.7528 -68.4196 -22.1252
    endloop
  endfacet
  facet normal -7.22577e-05 -0.207883 -0.978154
    outer loop
      vertex 11.5 -68.9752 -22.0071
      vertex 12.5152 -68.3441 -22.1413
      vertex 12.632 -68.3879 -22.132
    endloop
  endfacet
  facet normal 4.42939e-05 -0.208062 -0.978116
    outer loop
      vertex 11.5 -68.9752 -22.0071
      vertex 12.4365 -68.3145 -22.1476
      vertex 12.5152 -68.3441 -22.1413
    endloop
  endfacet
  facet normal -0.000406467 -0.207451 -0.978245
    outer loop
      vertex 11.5 -68.9752 -22.0071
      vertex 12.3614 -68.2771 -22.1555
      vertex 12.4365 -68.3145 -22.1476
    endloop
  endfacet
  facet normal 1.07491e-05 -0.207944 -0.978141
    outer loop
      vertex 11.5 -68.9752 -22.0071
      vertex 12.25 -68.2216 -22.1673
      vertex 12.3614 -68.2771 -22.1555
    endloop
  endfacet
  facet normal -8.96811e-06 -0.207925 -0.978145
    outer loop
      vertex 11.5 -68.9752 -22.0071
      vertex 12.0744 -68.1101 -22.191
      vertex 12.25 -68.2216 -22.1673
    endloop
  endfacet
  facet normal 0.000208404 -0.208063 -0.978115
    outer loop
      vertex 11.5 -68.9752 -22.0071
      vertex 11.9772 -68.0331 -22.2074
      vertex 12.0744 -68.1101 -22.191
    endloop
  endfacet
  facet normal -0.000367292 -0.207784 -0.978175
    outer loop
      vertex 11.5 -68.9752 -22.0071
      vertex 11.9117 -67.9812 -22.2184
      vertex 11.9772 -68.0331 -22.2074
    endloop
  endfacet
  facet normal 9.62438e-05 -0.207968 -0.978136
    outer loop
      vertex 11.5 -68.9752 -22.0071
      vertex 11.8233 -67.8947 -22.2368
      vertex 11.9117 -67.9812 -22.2184
    endloop
  endfacet
  facet normal 0.000116664 -0.207973 -0.978134
    outer loop
      vertex 11.2909 -68.9645 -22.0094
      vertex 11.8233 -67.8947 -22.2368
      vertex 11.5 -68.9752 -22.0071
    endloop
  endfacet
  facet normal 8.3576e-05 -0.207958 -0.978138
    outer loop
      vertex 11.8233 -67.8947 -22.2368
      vertex 11.2909 -68.9645 -22.0094
      vertex 11.7637 -67.8364 -22.2492
    endloop
  endfacet
  facet normal -9.9269e-06 -0.20792 -0.978146
    outer loop
      vertex 11.0842 -68.9325 -22.0162
      vertex 11.7637 -67.8364 -22.2492
      vertex 11.2909 -68.9645 -22.0094
    endloop
  endfacet
  facet normal 0.000147781 -0.207981 -0.978133
    outer loop
      vertex 11.7107 -67.7723 -22.2628
      vertex 11.0842 -68.9325 -22.0162
      vertex 10.882 -68.8795 -22.0275
    endloop
  endfacet
  facet normal 7.04138e-05 -0.207926 -0.978145
    outer loop
      vertex 11.7107 -67.7723 -22.2628
      vertex 10.882 -68.8795 -22.0275
      vertex 11.632 -67.6773 -22.283
    endloop
  endfacet
  facet normal 2.09065e-06 -0.207885 -0.978153
    outer loop
      vertex 10.6865 -68.8061 -22.0431
      vertex 11.632 -67.6773 -22.283
      vertex 10.882 -68.8795 -22.0275
    endloop
  endfacet
  facet normal -0.000240376 -0.207691 -0.978194
    outer loop
      vertex 10.5 -68.7131 -22.0628
      vertex 11.632 -67.6773 -22.283
      vertex 10.6865 -68.8061 -22.0431
    endloop
  endfacet
  facet normal -7.40198e-05 -0.207865 -0.978158
    outer loop
      vertex 11.632 -67.6773 -22.283
      vertex 10.5 -68.7131 -22.0628
      vertex 11.5179 -67.5055 -22.3195
    endloop
  endfacet
  facet normal -5.79886e-06 -0.20792 -0.978146
    outer loop
      vertex 10.3244 -68.6016 -22.0865
      vertex 11.5179 -67.5055 -22.3195
      vertex 10.5 -68.7131 -22.0628
    endloop
  endfacet
  facet normal -1.649e-06 -0.207924 -0.978145
    outer loop
      vertex 10.1617 -68.4727 -22.1139
      vertex 11.5179 -67.5055 -22.3195
      vertex 10.3244 -68.6016 -22.0865
    endloop
  endfacet
  facet normal 0.000138222 -0.208112 -0.978105
    outer loop
      vertex 11.5179 -67.5055 -22.3195
      vertex 10.1617 -68.4727 -22.1139
      vertex 11.4612 -67.3965 -22.3427
    endloop
  endfacet
  facet normal 4.70701e-05 -0.208007 -0.978127
    outer loop
      vertex 10.0137 -68.3279 -22.1447
      vertex 11.4612 -67.3965 -22.3427
      vertex 10.1617 -68.4727 -22.1139
    endloop
  endfacet
  facet normal -2.31581e-05 -0.207902 -0.97815
    outer loop
      vertex 11.4612 -67.3965 -22.3427
      vertex 10.0137 -68.3279 -22.1447
      vertex 11.4229 -67.3231 -22.3583
    endloop
  endfacet
  facet normal -5.90353e-05 -0.207854 -0.97816
    outer loop
      vertex 9.88197 -68.1688 -22.1785
      vertex 11.4229 -67.3231 -22.3583
      vertex 10.0137 -68.3279 -22.1447
    endloop
  endfacet
  facet normal -2.03455e-05 -0.207947 -0.97814
    outer loop
      vertex 9.76794 -67.9971 -22.215
      vertex 11.3781 -67.2089 -22.3826
      vertex 9.88197 -68.1688 -22.1785
    endloop
  endfacet
  facet normal 7.93513e-05 -0.208095 -0.978109
    outer loop
      vertex 11.4229 -67.3231 -22.3583
      vertex 9.88197 -68.1688 -22.1785
      vertex 11.3781 -67.2089 -22.3826
    endloop
  endfacet
  facet normal -4.38883e-05 -0.207807 -0.97817
    outer loop
      vertex 36.2363 -44.1882 -27.2758
      vertex 38.5 -42.5652 -27.6207
      vertex 36.315 -44.2833 -27.2556
    endloop
  endfacet
  facet normal 8.46143e-05 -0.207979 -0.978133
    outer loop
      vertex 36.1479 -44.1017 -27.2942
      vertex 38.5 -42.5652 -27.6207
      vertex 36.2363 -44.1882 -27.2758
    endloop
  endfacet
  facet normal 7.54871e-05 -0.207966 -0.978136
    outer loop
      vertex 36.0883 -44.0434 -27.3066
      vertex 38.5 -42.5652 -27.6207
      vertex 36.1479 -44.1017 -27.2942
    endloop
  endfacet
  facet normal -0.000270385 -0.207426 -0.978251
    outer loop
      vertex 35.9911 -43.9664 -27.3229
      vertex 38.5 -42.5652 -27.6207
      vertex 36.0883 -44.0434 -27.3066
    endloop
  endfacet
  facet normal -0.000187809 -0.207567 -0.978221
    outer loop
      vertex 35.9256 -43.9145 -27.3339
      vertex 38.5 -42.5652 -27.6207
      vertex 35.9911 -43.9664 -27.3229
    endloop
  endfacet
  facet normal 0.000131299 -0.20815 -0.978097
    outer loop
      vertex 38.5 -42.5652 -27.6207
      vertex 35.9256 -43.9145 -27.3339
      vertex 38.489 -42.3608 -27.6642
    endloop
  endfacet
  facet normal -1.81927e-05 -0.207914 -0.978147
    outer loop
      vertex 38.489 -42.3608 -27.6642
      vertex 35.9256 -43.9145 -27.3339
      vertex 38.4563 -42.1585 -27.7072
    endloop
  endfacet
  facet normal -0.000142422 -0.207742 -0.978184
    outer loop
      vertex 38.4563 -42.1585 -27.7072
      vertex 35.9256 -43.9145 -27.3339
      vertex 38.4021 -41.9607 -27.7492
    endloop
  endfacet
  facet normal 0.000180305 -0.208134 -0.9781
    outer loop
      vertex 38.4021 -41.9607 -27.7492
      vertex 35.9256 -43.9145 -27.3339
      vertex 38.3271 -41.7695 -27.7899
    endloop
  endfacet
  facet normal 7.8639e-05 -0.208025 -0.978124
    outer loop
      vertex 38.3271 -41.7695 -27.7899
      vertex 35.9256 -43.9145 -27.3339
      vertex 38.2321 -41.5871 -27.8287
    endloop
  endfacet
  facet normal -1.04381e-05 -0.20794 -0.978142
    outer loop
      vertex 38.2321 -41.5871 -27.8287
      vertex 35.9256 -43.9145 -27.3339
      vertex 38.118 -41.4154 -27.8652
    endloop
  endfacet
  facet normal -0.000163537 -0.207812 -0.978169
    outer loop
      vertex 38.118 -41.4154 -27.8652
      vertex 35.9256 -43.9145 -27.3339
      vertex 37.9863 -41.2562 -27.899
    endloop
  endfacet
  facet normal 0.000363522 -0.208203 -0.978086
    outer loop
      vertex 35.75 -43.803 -27.3577
      vertex 37.9863 -41.2562 -27.899
      vertex 35.9256 -43.9145 -27.3339
    endloop
  endfacet
  facet normal 8.54263e-05 -0.207969 -0.978135
    outer loop
      vertex 37.9863 -41.2562 -27.899
      vertex 35.75 -43.803 -27.3577
      vertex 37.8383 -41.1114 -27.9298
    endloop
  endfacet
  facet normal 8.76715e-05 -0.207971 -0.978135
    outer loop
      vertex 37.8383 -41.1114 -27.9298
      vertex 35.75 -43.803 -27.3577
      vertex 37.6756 -40.9826 -27.9572
    endloop
  endfacet
  facet normal -8.36345e-05 -0.207859 -0.978159
    outer loop
      vertex 37.6756 -40.9826 -27.9572
      vertex 35.75 -43.803 -27.3577
      vertex 37.5 -40.871 -27.9809
    endloop
  endfacet
  facet normal -0.000185984 -0.2078 -0.978171
    outer loop
      vertex 37.5 -40.871 -27.9809
      vertex 35.75 -43.803 -27.3577
      vertex 37.3135 -40.7781 -28.0006
    endloop
  endfacet
  facet normal -5.81797e-07 -0.207892 -0.978152
    outer loop
      vertex 37.3135 -40.7781 -28.0006
      vertex 35.75 -43.803 -27.3577
      vertex 37.118 -40.7047 -28.0162
    endloop
  endfacet
  facet normal 0.000154337 -0.207958 -0.978138
    outer loop
      vertex 37.118 -40.7047 -28.0162
      vertex 35.75 -43.803 -27.3577
      vertex 36.9158 -40.6517 -28.0275
    endloop
  endfacet
  facet normal -6.76076e-06 -0.207901 -0.97815
    outer loop
      vertex 36.9158 -40.6517 -28.0275
      vertex 35.75 -43.803 -27.3577
      vertex 36.7091 -40.6197 -28.0343
    endloop
  endfacet
  facet normal 2.07065e-05 -0.207908 -0.978148
    outer loop
      vertex 36.7091 -40.6197 -28.0343
      vertex 35.75 -43.803 -27.3577
      vertex 36.5 -40.6089 -28.0366
    endloop
  endfacet
  facet normal -0.000574909 -0.207775 -0.978177
    outer loop
      vertex 35.6749 -43.7656 -27.3656
      vertex 36.5 -40.6089 -28.0366
      vertex 35.75 -43.803 -27.3577
    endloop
  endfacet
  facet normal -0.000144042 -0.207882 -0.978154
    outer loop
      vertex 35.5635 -43.71 -27.3774
      vertex 36.5 -40.6089 -28.0366
      vertex 35.6749 -43.7656 -27.3656
    endloop
  endfacet
  facet normal -7.93965e-05 -0.207901 -0.97815
    outer loop
      vertex 35.4467 -43.6662 -27.3867
      vertex 36.5 -40.6089 -28.0366
      vertex 35.5635 -43.71 -27.3774
    endloop
  endfacet
  facet normal 0.000320206 -0.208033 -0.978122
    outer loop
      vertex 35.368 -43.6367 -27.393
      vertex 36.5 -40.6089 -28.0366
      vertex 35.4467 -43.6662 -27.3867
    endloop
  endfacet
  facet normal -0.000534612 -0.207727 -0.978187
    outer loop
      vertex 35.2866 -43.6153 -27.3975
      vertex 36.5 -40.6089 -28.0366
      vertex 35.368 -43.6367 -27.393
    endloop
  endfacet
  facet normal 0.00060403 -0.208167 -0.978093
    outer loop
      vertex 35.1658 -43.5837 -27.4043
      vertex 36.5 -40.6089 -28.0366
      vertex 35.2866 -43.6153 -27.3975
    endloop
  endfacet
  facet normal -0.000101412 -0.207864 -0.978158
    outer loop
      vertex 34.9591 -43.5516 -27.4111
      vertex 36.5 -40.6089 -28.0366
      vertex 35.1658 -43.5837 -27.4043
    endloop
  endfacet
  facet normal -0.000460555 -0.207684 -0.978196
    outer loop
      vertex 34.8342 -43.5452 -27.4124
      vertex 36.5 -40.6089 -28.0366
      vertex 34.9591 -43.5516 -27.4111
    endloop
  endfacet
  facet normal 0.000969729 -0.20846 -0.97803
    outer loop
      vertex 34.75 -43.5409 -27.4134
      vertex 36.5 -40.6089 -28.0366
      vertex 34.8342 -43.5452 -27.4124
    endloop
  endfacet
  facet normal 0 -0.207907 -0.978149
    outer loop
      vertex 13.25 -43.5409 -27.4134
      vertex 36.5 -40.6089 -28.0366
      vertex 34.75 -43.5409 -27.4134
    endloop
  endfacet
  facet normal -0.000969729 -0.20846 -0.97803
    outer loop
      vertex 11.5 -40.6089 -28.0366
      vertex 13.25 -43.5409 -27.4134
      vertex 13.1658 -43.5452 -27.4124
    endloop
  endfacet
  facet normal 0.000460555 -0.207684 -0.978196
    outer loop
      vertex 11.5 -40.6089 -28.0366
      vertex 13.1658 -43.5452 -27.4124
      vertex 13.0409 -43.5516 -27.4111
    endloop
  endfacet
  facet normal 7.93965e-05 -0.207901 -0.97815
    outer loop
      vertex 11.5 -40.6089 -28.0366
      vertex 12.5533 -43.6662 -27.3867
      vertex 12.4365 -43.71 -27.3774
    endloop
  endfacet
  facet normal 0.000574909 -0.207775 -0.978177
    outer loop
      vertex 11.5 -40.6089 -28.0366
      vertex 12.3251 -43.7656 -27.3656
      vertex 12.25 -43.803 -27.3577
    endloop
  endfacet
  facet normal 0.000270385 -0.207426 -0.978251
    outer loop
      vertex 9.5 -42.5652 -27.6207
      vertex 12.0089 -43.9664 -27.3229
      vertex 11.9117 -44.0434 -27.3066
    endloop
  endfacet
  facet normal -8.46143e-05 -0.207979 -0.978133
    outer loop
      vertex 9.5 -42.5652 -27.6207
      vertex 11.8521 -44.1017 -27.2942
      vertex 11.7637 -44.1882 -27.2758
    endloop
  endfacet
  facet normal 0 -0.207907 -0.978149
    outer loop
      vertex 13.25 -43.5409 -27.4134
      vertex 11.5 -40.6089 -28.0366
      vertex 36.5 -40.6089 -28.0366
    endloop
  endfacet
  facet normal 0.000101412 -0.207864 -0.978158
    outer loop
      vertex 12.8342 -43.5837 -27.4043
      vertex 11.5 -40.6089 -28.0366
      vertex 13.0409 -43.5516 -27.4111
    endloop
  endfacet
  facet normal -0.00060403 -0.208167 -0.978093
    outer loop
      vertex 12.7134 -43.6153 -27.3975
      vertex 11.5 -40.6089 -28.0366
      vertex 12.8342 -43.5837 -27.4043
    endloop
  endfacet
  facet normal 0.000534612 -0.207727 -0.978187
    outer loop
      vertex 12.632 -43.6367 -27.393
      vertex 11.5 -40.6089 -28.0366
      vertex 12.7134 -43.6153 -27.3975
    endloop
  endfacet
  facet normal -0.000320206 -0.208033 -0.978122
    outer loop
      vertex 12.5533 -43.6662 -27.3867
      vertex 11.5 -40.6089 -28.0366
      vertex 12.632 -43.6367 -27.393
    endloop
  endfacet
  facet normal 0.000144042 -0.207882 -0.978154
    outer loop
      vertex 12.3251 -43.7656 -27.3656
      vertex 11.5 -40.6089 -28.0366
      vertex 12.4365 -43.71 -27.3774
    endloop
  endfacet
  facet normal -0.000363522 -0.208203 -0.978086
    outer loop
      vertex 10.0137 -41.2562 -27.899
      vertex 12.25 -43.803 -27.3577
      vertex 12.0744 -43.9145 -27.3339
    endloop
  endfacet
  facet normal 0.000187809 -0.207567 -0.978221
    outer loop
      vertex 12.0089 -43.9664 -27.3229
      vertex 9.5 -42.5652 -27.6207
      vertex 12.0744 -43.9145 -27.3339
    endloop
  endfacet
  facet normal -7.54871e-05 -0.207966 -0.978136
    outer loop
      vertex 11.8521 -44.1017 -27.2942
      vertex 9.5 -42.5652 -27.6207
      vertex 11.9117 -44.0434 -27.3066
    endloop
  endfacet
  facet normal 4.38883e-05 -0.207807 -0.97817
    outer loop
      vertex 9.5 -42.5652 -27.6207
      vertex 11.7637 -44.1882 -27.2758
      vertex 11.685 -44.2833 -27.2556
    endloop
  endfacet
  facet normal 1.01671e-06 -0.20786 -0.978159
    outer loop
      vertex 9.5 -42.5652 -27.6207
      vertex 11.685 -44.2833 -27.2556
      vertex 11.632 -44.3473 -27.242
    endloop
  endfacet
  facet normal 2.40585e-05 -0.207833 -0.978164
    outer loop
      vertex 9.5 -42.5652 -27.6207
      vertex 11.632 -44.3473 -27.242
      vertex 11.5179 -44.5191 -27.2055
    endloop
  endfacet
  facet normal -0.000880494 -0.208727 -0.977974
    outer loop
      vertex 9.5 -42.5652 -27.6207
      vertex 11.5179 -44.5191 -27.2055
      vertex 11.4797 -44.5925 -27.1898
    endloop
  endfacet
  facet normal 0.000406352 -0.207525 -0.97823
    outer loop
      vertex 9.5 -42.5652 -27.6207
      vertex 11.4797 -44.5925 -27.1898
      vertex 11.4229 -44.7015 -27.1667
    endloop
  endfacet
  facet normal -0.000355754 -0.208181 -0.97809
    outer loop
      vertex 9.5 -42.5652 -27.6207
      vertex 11.4229 -44.7015 -27.1667
      vertex 11.3927 -44.7785 -27.1503
    endloop
  endfacet
  facet normal -0.000197018 -0.208051 -0.978118
    outer loop
      vertex 9.5 -42.5652 -27.6207
      vertex 11.3927 -44.7785 -27.1503
      vertex 11.3479 -44.8927 -27.126
    endloop
  endfacet
  facet normal 1.27246e-05 -0.207892 -0.978152
    outer loop
      vertex 9.5 -42.5652 -27.6207
      vertex 11.3479 -44.8927 -27.126
      vertex 11.3155 -45.0108 -27.1009
    endloop
  endfacet
  facet normal 0.000481282 -0.207559 -0.978222
    outer loop
      vertex 9.5 -42.5652 -27.6207
      vertex 11.3155 -45.0108 -27.1009
      vertex 11.2937 -45.0905 -27.084
    endloop
  endfacet
  facet normal -0.000131312 -0.20815 -0.978097
    outer loop
      vertex 12.0744 -43.9145 -27.3339
      vertex 9.5 -42.5652 -27.6207
      vertex 9.51096 -42.3608 -27.6642
    endloop
  endfacet
  facet normal -1.69079e-06 -0.207887 -0.978153
    outer loop
      vertex 9.5 -42.5652 -27.6207
      vertex 11.2937 -45.0905 -27.084
      vertex 11.2805 -45.1719 -27.0667
    endloop
  endfacet
  facet normal -0.000253767 -0.208052 -0.978118
    outer loop
      vertex 9.5 -42.5652 -27.6207
      vertex 11.2805 -45.1719 -27.0667
      vertex 11.261 -45.2927 -27.041
    endloop
  endfacet
  facet normal -0.000317346 -0.208091 -0.978109
    outer loop
      vertex 9.5 -42.5652 -27.6207
      vertex 11.261 -45.2927 -27.041
      vertex 11.2544 -45.4149 -27.015
    endloop
  endfacet
  facet normal -0.000128651 -0.20798 -0.978133
    outer loop
      vertex 9.5 -42.5652 -27.6207
      vertex 11.2544 -45.4149 -27.015
      vertex 11.25 -45.4972 -26.9975
    endloop
  endfacet
  facet normal -2.07065e-05 -0.207908 -0.978148
    outer loop
      vertex 12.25 -43.803 -27.3577
      vertex 11.2909 -40.6197 -28.0343
      vertex 11.5 -40.6089 -28.0366
    endloop
  endfacet
  facet normal 3.99008e-05 -0.207911 -0.978148
    outer loop
      vertex 11.25 -66.5274 -22.5274
      vertex 9.5 -67.0189 -22.423
      vertex 11.25 -45.4972 -26.9975
    endloop
  endfacet
  facet normal -0.000380894 -0.207242 -0.97829
    outer loop
      vertex 11.3781 -67.2089 -22.3826
      vertex 9.76794 -67.9971 -22.215
      vertex 11.3479 -67.1319 -22.3989
    endloop
  endfacet
  facet normal -2.52709e-06 -0.207908 -0.978148
    outer loop
      vertex 9.5 -42.5652 -27.6207
      vertex 11.25 -45.4972 -26.9975
      vertex 9.5 -67.0189 -22.423
    endloop
  endfacet
  facet normal 2.11433e-05 -0.207944 -0.978141
    outer loop
      vertex 9.67291 -67.8146 -22.2538
      vertex 11.3479 -67.1319 -22.3989
      vertex 9.76794 -67.9971 -22.215
    endloop
  endfacet
  facet normal 6.76076e-06 -0.207901 -0.97815
    outer loop
      vertex 12.25 -43.803 -27.3577
      vertex 11.0842 -40.6517 -28.0275
      vertex 11.2909 -40.6197 -28.0343
    endloop
  endfacet
  facet normal 0.000150884 -0.208249 -0.978076
    outer loop
      vertex 9.59789 -67.6235 -22.2945
      vertex 11.3479 -67.1319 -22.3989
      vertex 9.67291 -67.8146 -22.2538
    endloop
  endfacet
  facet normal -0.000154337 -0.207958 -0.978138
    outer loop
      vertex 12.25 -43.803 -27.3577
      vertex 10.882 -40.7047 -28.0162
      vertex 11.0842 -40.6517 -28.0275
    endloop
  endfacet
  facet normal 0.000306132 -0.208778 -0.977963
    outer loop
      vertex 11.3479 -67.1319 -22.3989
      vertex 9.59789 -67.6235 -22.2945
      vertex 11.3261 -67.0523 -22.4159
    endloop
  endfacet
  facet normal 5.81797e-07 -0.207892 -0.978152
    outer loop
      vertex 12.25 -43.803 -27.3577
      vertex 10.6865 -40.7781 -28.0006
      vertex 10.882 -40.7047 -28.0162
    endloop
  endfacet
  facet normal -5.90912e-05 -0.20772 -0.978188
    outer loop
      vertex 9.5437 -67.4257 -22.3365
      vertex 11.3261 -67.0523 -22.4159
      vertex 9.59789 -67.6235 -22.2945
    endloop
  endfacet
  facet normal 0.000185984 -0.2078 -0.978171
    outer loop
      vertex 12.25 -43.803 -27.3577
      vertex 10.5 -40.871 -27.9809
      vertex 10.6865 -40.7781 -28.0006
    endloop
  endfacet
  facet normal -5.59395e-05 -0.207735 -0.978185
    outer loop
      vertex 11.3261 -67.0523 -22.4159
      vertex 9.5437 -67.4257 -22.3365
      vertex 11.2937 -66.9341 -22.441
    endloop
  endfacet
  facet normal 8.36345e-05 -0.207859 -0.978159
    outer loop
      vertex 12.25 -43.803 -27.3577
      vertex 10.3244 -40.9826 -27.9572
      vertex 10.5 -40.871 -27.9809
    endloop
  endfacet
  facet normal -4.09632e-06 -0.207911 -0.978148
    outer loop
      vertex 9.51096 -67.2234 -22.3795
      vertex 11.2937 -66.9341 -22.441
      vertex 9.5437 -67.4257 -22.3365
    endloop
  endfacet
  facet normal -8.76715e-05 -0.207971 -0.978135
    outer loop
      vertex 12.25 -43.803 -27.3577
      vertex 10.1617 -41.1114 -27.9298
      vertex 10.3244 -40.9826 -27.9572
    endloop
  endfacet
  facet normal 2.07464e-05 -0.208058 -0.978117
    outer loop
      vertex 9.5 -67.0189 -22.423
      vertex 11.2937 -66.9341 -22.441
      vertex 9.51096 -67.2234 -22.3795
    endloop
  endfacet
  facet normal -8.54263e-05 -0.207969 -0.978135
    outer loop
      vertex 12.25 -43.803 -27.3577
      vertex 10.0137 -41.2562 -27.899
      vertex 10.1617 -41.1114 -27.9298
    endloop
  endfacet
  facet normal 2.22195e-05 -0.208088 -0.97811
    outer loop
      vertex 11.2937 -66.9341 -22.441
      vertex 9.5 -67.0189 -22.423
      vertex 11.2741 -66.8133 -22.4667
    endloop
  endfacet
  facet normal 0.000163518 -0.207812 -0.978169
    outer loop
      vertex 12.0744 -43.9145 -27.3339
      vertex 9.88197 -41.4154 -27.8652
      vertex 10.0137 -41.2562 -27.899
    endloop
  endfacet
  facet normal -1.9948e-06 -0.207888 -0.978153
    outer loop
      vertex 11.2741 -66.8133 -22.4667
      vertex 9.5 -67.0189 -22.423
      vertex 11.261 -66.7319 -22.484
    endloop
  endfacet
  facet normal 1.04408e-05 -0.20794 -0.978142
    outer loop
      vertex 12.0744 -43.9145 -27.3339
      vertex 9.76794 -41.5871 -27.8287
      vertex 9.88197 -41.4154 -27.8652
    endloop
  endfacet
  facet normal -2.60585e-05 -0.207747 -0.978183
    outer loop
      vertex 11.261 -66.7319 -22.484
      vertex 9.5 -67.0189 -22.423
      vertex 11.2565 -66.6495 -22.5015
    endloop
  endfacet
  facet normal -7.86313e-05 -0.208025 -0.978124
    outer loop
      vertex 12.0744 -43.9145 -27.3339
      vertex 9.67291 -41.7695 -27.7899
      vertex 9.76794 -41.5871 -27.8287
    endloop
  endfacet
  facet normal -7.8441e-05 -0.207508 -0.978233
    outer loop
      vertex 11.2565 -66.6495 -22.5015
      vertex 9.5 -67.0189 -22.423
      vertex 11.25 -66.5274 -22.5274
    endloop
  endfacet
  facet normal -0.000180293 -0.208134 -0.9781
    outer loop
      vertex 12.0744 -43.9145 -27.3339
      vertex 9.59789 -41.9607 -27.7492
      vertex 9.67291 -41.7695 -27.7899
    endloop
  endfacet
  facet normal 0.000142426 -0.207742 -0.978184
    outer loop
      vertex 12.0744 -43.9145 -27.3339
      vertex 9.5437 -42.1585 -27.7072
      vertex 9.59789 -41.9607 -27.7492
    endloop
  endfacet
  facet normal 1.81904e-05 -0.207914 -0.978147
    outer loop
      vertex 12.0744 -43.9145 -27.3339
      vertex 9.51096 -42.3608 -27.6642
      vertex 9.5437 -42.1585 -27.7072
    endloop
  endfacet
  facet normal 0.933611 -0.350457 0.0744978
    outer loop
      vertex 9.59789 -41.9607 -27.7492
      vertex 9.67291 -42.3413 -30.4798
      vertex 9.67291 -41.7695 -27.7899
    endloop
  endfacet
  facet normal 0.933611 -0.350457 0.0744978
    outer loop
      vertex 9.67291 -42.3413 -30.4798
      vertex 9.59789 -41.9607 -27.7492
      vertex 9.59789 -42.5325 -30.4391
    endloop
  endfacet
  facet normal 0.707201 -0.69156 0.147007
    outer loop
      vertex 10.0137 -41.2562 -27.899
      vertex 10.1617 -41.6832 -30.6197
      vertex 10.1617 -41.1114 -27.9298
    endloop
  endfacet
  facet normal 0.707201 -0.69156 0.147007
    outer loop
      vertex 10.1617 -41.6832 -30.6197
      vertex 10.0137 -41.2562 -27.899
      vertex 10.0137 -41.828 -30.5889
    endloop
  endfacet
  facet normal 0.544816 -0.820234 0.174329
    outer loop
      vertex 10.3244 -41.5543 -30.6471
      vertex 10.5 -40.871 -27.9809
      vertex 10.3244 -40.9826 -27.9572
    endloop
  endfacet
  facet normal 0.544488 -0.820437 0.174403
    outer loop
      vertex 10.5 -40.871 -27.9809
      vertex 10.3244 -41.5543 -30.6471
      vertex 10.5 -41.4428 -30.6708
    endloop
  endfacet
  facet normal 0.156325 -0.966126 0.205336
    outer loop
      vertex 11.0842 -41.2234 -30.7174
      vertex 11.2909 -40.6197 -28.0343
      vertex 11.0842 -40.6517 -28.0275
    endloop
  endfacet
  facet normal 0.156325 -0.966126 0.205336
    outer loop
      vertex 11.2909 -40.6197 -28.0343
      vertex 11.0842 -41.2234 -30.7174
      vertex 11.2909 -41.1914 -30.7242
    endloop
  endfacet
  facet normal 0.358343 -0.913193 0.194086
    outer loop
      vertex 10.6865 -41.3498 -30.6905
      vertex 10.882 -40.7047 -28.0162
      vertex 10.6865 -40.7781 -28.0006
    endloop
  endfacet
  facet normal 0.357936 -0.913339 0.194151
    outer loop
      vertex 10.882 -40.7047 -28.0162
      vertex 10.6865 -41.3498 -30.6905
      vertex 10.882 -41.2765 -30.7061
    endloop
  endfacet
  facet normal -0.629402 0.760098 -0.16157
    outer loop
      vertex 37.8383 -68.4727 -22.1139
      vertex 37.6756 -69.1734 -24.7765
      vertex 37.6756 -68.6016 -22.0865
    endloop
  endfacet
  facet normal -0.629342 0.760144 -0.161586
    outer loop
      vertex 37.6756 -69.1734 -24.7765
      vertex 37.8383 -68.4727 -22.1139
      vertex 37.8383 -69.0445 -24.8038
    endloop
  endfacet
  facet normal -0.544488 0.820437 -0.174403
    outer loop
      vertex 37.6756 -68.6016 -22.0865
      vertex 37.5 -69.2849 -24.7527
      vertex 37.5 -68.7131 -22.0628
    endloop
  endfacet
  facet normal -0.544558 0.820394 -0.174387
    outer loop
      vertex 37.5 -69.2849 -24.7527
      vertex 37.6756 -68.6016 -22.0865
      vertex 37.6756 -69.1734 -24.7765
    endloop
  endfacet
  facet normal -0.0522688 0.976807 -0.207643
    outer loop
      vertex 36.7091 -68.9645 -22.0094
      vertex 36.5 -69.547 -24.697
      vertex 36.5 -68.9752 -22.0071
    endloop
  endfacet
  facet normal -0.0522688 0.976807 -0.207643
    outer loop
      vertex 36.5 -69.547 -24.697
      vertex 36.7091 -68.9645 -22.0094
      vertex 36.7091 -69.5363 -24.6993
    endloop
  endfacet
  facet normal -0.156325 0.966119 -0.205371
    outer loop
      vertex 36.9158 -68.9325 -22.0162
      vertex 36.7091 -69.5363 -24.6993
      vertex 36.7091 -68.9645 -22.0094
    endloop
  endfacet
  facet normal -0.156781 0.966055 -0.205321
    outer loop
      vertex 36.7091 -69.5363 -24.6993
      vertex 36.9158 -68.9325 -22.0162
      vertex 36.9158 -69.5042 -24.7061
    endloop
  endfacet
  facet normal -0.358343 0.913193 -0.194086
    outer loop
      vertex 37.3135 -68.8061 -22.0431
      vertex 37.118 -69.4512 -24.7174
      vertex 37.118 -68.8795 -22.0275
    endloop
  endfacet
  facet normal -0.357936 0.913339 -0.194151
    outer loop
      vertex 37.118 -69.4512 -24.7174
      vertex 37.3135 -68.8061 -22.0431
      vertex 37.3135 -69.3779 -24.733
    endloop
  endfacet
  facet normal 0.0522688 0.976807 -0.207643
    outer loop
      vertex 11.5 -69.547 -24.697
      vertex 11.2909 -68.9645 -22.0094
      vertex 11.5 -68.9752 -22.0071
    endloop
  endfacet
  facet normal 0.0522688 0.976807 -0.207643
    outer loop
      vertex 11.2909 -68.9645 -22.0094
      vertex 11.5 -69.547 -24.697
      vertex 11.2909 -69.5363 -24.6993
    endloop
  endfacet
  facet normal -0.933643 -0.350376 0.0744804
    outer loop
      vertex 38.3271 -42.3413 -30.4798
      vertex 38.4021 -41.9607 -27.7492
      vertex 38.3271 -41.7695 -27.7899
    endloop
  endfacet
  facet normal -0.933643 -0.350376 0.0744804
    outer loop
      vertex 38.4021 -41.9607 -27.7492
      vertex 38.3271 -42.3413 -30.4798
      vertex 38.4021 -42.5325 -30.4391
    endloop
  endfacet
  facet normal -0.838441 -0.533085 0.1133
    outer loop
      vertex 38.118 -41.9871 -30.5551
      vertex 38.2321 -41.5871 -27.8287
      vertex 38.118 -41.4154 -27.8652
    endloop
  endfacet
  facet normal -0.83858 -0.532872 0.113274
    outer loop
      vertex 38.2321 -41.5871 -27.8287
      vertex 38.118 -41.9871 -30.5551
      vertex 38.2321 -42.1589 -30.5186
    endloop
  endfacet
  facet normal -0.965904 -0.253241 0.0538322
    outer loop
      vertex 38.4021 -42.5325 -30.4391
      vertex 38.4563 -42.1585 -27.7072
      vertex 38.4021 -41.9607 -27.7492
    endloop
  endfacet
  facet normal -0.965904 -0.253241 0.0538322
    outer loop
      vertex 38.4563 -42.1585 -27.7072
      vertex 38.4021 -42.5325 -30.4391
      vertex 38.4563 -42.7303 -30.3971
    endloop
  endfacet
  facet normal -0.629119 -0.76032 0.161623
    outer loop
      vertex 37.6756 -40.9826 -27.9572
      vertex 37.8383 -41.6832 -30.6197
      vertex 37.8383 -41.1114 -27.9298
    endloop
  endfacet
  facet normal -0.629402 -0.760102 0.161549
    outer loop
      vertex 37.8383 -41.6832 -30.6197
      vertex 37.6756 -40.9826 -27.9572
      vertex 37.6756 -41.5543 -30.6471
    endloop
  endfacet
  facet normal -0.933583 0.350531 -0.0745005
    outer loop
      vertex 38.4021 -68.1952 -24.9844
      vertex 38.3271 -67.8146 -22.2538
      vertex 38.4021 -67.6235 -22.2945
    endloop
  endfacet
  facet normal -0.933643 0.350376 -0.0744804
    outer loop
      vertex 38.3271 -67.8146 -22.2538
      vertex 38.4021 -68.1952 -24.9844
      vertex 38.3271 -68.3864 -24.9437
    endloop
  endfacet
  facet normal -0.891135 0.443821 -0.0943443
    outer loop
      vertex 38.3271 -68.3864 -24.9437
      vertex 38.2321 -67.9971 -22.215
      vertex 38.3271 -67.8146 -22.2538
    endloop
  endfacet
  facet normal -0.891019 0.444049 -0.0943728
    outer loop
      vertex 38.2321 -67.9971 -22.215
      vertex 38.3271 -68.3864 -24.9437
      vertex 38.2321 -68.5688 -24.905
    endloop
  endfacet
  facet normal -0.98773 0.152756 -0.0324718
    outer loop
      vertex 38.489 -67.7952 -25.0694
      vertex 38.4563 -67.4257 -22.3365
      vertex 38.489 -67.2234 -22.3795
    endloop
  endfacet
  facet normal -0.987719 0.152827 -0.0324813
    outer loop
      vertex 38.4563 -67.4257 -22.3365
      vertex 38.489 -67.7952 -25.0694
      vertex 38.4563 -67.9974 -25.0264
    endloop
  endfacet
  facet normal 0.838594 0.532856 -0.113247
    outer loop
      vertex 9.88197 -68.1688 -22.1785
      vertex 9.76794 -68.5688 -24.905
      vertex 9.76794 -67.9971 -22.215
    endloop
  endfacet
  facet normal 0.838762 0.532598 -0.113216
    outer loop
      vertex 9.76794 -68.5688 -24.905
      vertex 9.88197 -68.1688 -22.1785
      vertex 9.88197 -68.7406 -24.8684
    endloop
  endfacet
  facet normal 0.891077 0.443932 -0.094368
    outer loop
      vertex 9.76794 -67.9971 -22.215
      vertex 9.67291 -68.3864 -24.9437
      vertex 9.67291 -67.8146 -22.2538
    endloop
  endfacet
  facet normal 0.890961 0.44416 -0.0943965
    outer loop
      vertex 9.67291 -68.3864 -24.9437
      vertex 9.76794 -67.9971 -22.215
      vertex 9.76794 -68.5688 -24.905
    endloop
  endfacet
  facet normal 0.965916 0.253199 -0.0538139
    outer loop
      vertex 9.59789 -67.6235 -22.2945
      vertex 9.5437 -67.9974 -25.0264
      vertex 9.5437 -67.4257 -22.3365
    endloop
  endfacet
  facet normal 0.965916 0.253199 -0.0538139
    outer loop
      vertex 9.5437 -67.9974 -25.0264
      vertex 9.59789 -67.6235 -22.2945
      vertex 9.59789 -68.1952 -24.9844
    endloop
  endfacet
  facet normal 0.998629 0.0512053 -0.0108849
    outer loop
      vertex 9.51096 -67.2234 -22.3795
      vertex 9.5 -67.5907 -25.1129
      vertex 9.5 -67.0189 -22.423
    endloop
  endfacet
  facet normal 0.998629 0.0512053 -0.0108849
    outer loop
      vertex 9.5 -67.5907 -25.1129
      vertex 9.51096 -67.2234 -22.3795
      vertex 9.51096 -67.7952 -25.0694
    endloop
  endfacet
  facet normal 0.358343 0.913193 -0.194086
    outer loop
      vertex 10.882 -69.4512 -24.7174
      vertex 10.6865 -68.8061 -22.0431
      vertex 10.882 -68.8795 -22.0275
    endloop
  endfacet
  facet normal 0.357936 0.913339 -0.194151
    outer loop
      vertex 10.6865 -68.8061 -22.0431
      vertex 10.882 -69.4512 -24.7174
      vertex 10.6865 -69.3779 -24.733
    endloop
  endfacet
  facet normal 0.454131 0.871463 -0.185249
    outer loop
      vertex 10.6865 -69.3779 -24.733
      vertex 10.5 -68.7131 -22.0628
      vertex 10.6865 -68.8061 -22.0431
    endloop
  endfacet
  facet normal 0.454131 0.871463 -0.185249
    outer loop
      vertex 10.5 -68.7131 -22.0628
      vertex 10.6865 -69.3779 -24.733
      vertex 10.5 -69.2849 -24.7527
    endloop
  endfacet
  facet normal 0.998628 -0.0512296 0.0108881
    outer loop
      vertex 9.5 -42.5652 -27.6207
      vertex 9.51096 -42.9325 -30.3541
      vertex 9.51096 -42.3608 -27.6642
    endloop
  endfacet
  facet normal 0.998629 -0.0512104 0.0108856
    outer loop
      vertex 9.51096 -42.9325 -30.3541
      vertex 9.5 -42.5652 -27.6207
      vertex 9.5 -43.137 -30.3107
    endloop
  endfacet
  facet normal 0.838594 -0.532855 0.113251
    outer loop
      vertex 9.76794 -41.5871 -27.8287
      vertex 9.88197 -41.9871 -30.5551
      vertex 9.88197 -41.4154 -27.8652
    endloop
  endfacet
  facet normal 0.838733 -0.532642 0.113225
    outer loop
      vertex 9.88197 -41.9871 -30.5551
      vertex 9.76794 -41.5871 -27.8287
      vertex 9.76794 -42.1589 -30.5186
    endloop
  endfacet
  facet normal 0.965916 -0.253197 0.0538229
    outer loop
      vertex 9.5437 -42.1585 -27.7072
      vertex 9.59789 -42.5325 -30.4391
      vertex 9.59789 -41.9607 -27.7492
    endloop
  endfacet
  facet normal 0.965916 -0.253197 0.0538229
    outer loop
      vertex 9.59789 -42.5325 -30.4391
      vertex 9.5437 -42.1585 -27.7072
      vertex 9.5437 -42.7303 -30.3971
    endloop
  endfacet
  facet normal 0.629119 -0.76032 0.161623
    outer loop
      vertex 10.1617 -41.6832 -30.6197
      vertex 10.3244 -40.9826 -27.9572
      vertex 10.1617 -41.1114 -27.9298
    endloop
  endfacet
  facet normal 0.629402 -0.760102 0.161549
    outer loop
      vertex 10.3244 -40.9826 -27.9572
      vertex 10.1617 -41.6832 -30.6197
      vertex 10.3244 -41.5543 -30.6471
    endloop
  endfacet
  facet normal 0.45376 -0.871648 0.185289
    outer loop
      vertex 10.5 -41.4428 -30.6708
      vertex 10.6865 -40.7781 -28.0006
      vertex 10.5 -40.871 -27.9809
    endloop
  endfacet
  facet normal 0.454131 -0.871469 0.185218
    outer loop
      vertex 10.6865 -40.7781 -28.0006
      vertex 10.5 -41.4428 -30.6708
      vertex 10.6865 -41.3498 -30.6905
    endloop
  endfacet
  facet normal 0.0527347 -0.976791 0.207603
    outer loop
      vertex 11.2909 -41.1914 -30.7242
      vertex 11.5 -40.6089 -28.0366
      vertex 11.2909 -40.6197 -28.0343
    endloop
  endfacet
  facet normal 0.0522688 -0.976807 0.207643
    outer loop
      vertex 11.5 -40.6089 -28.0366
      vertex 11.2909 -41.1914 -30.7242
      vertex 11.5 -41.1807 -30.7265
    endloop
  endfacet
  facet normal 0.258872 -0.944801 0.200839
    outer loop
      vertex 10.882 -41.2765 -30.7061
      vertex 11.0842 -40.6517 -28.0275
      vertex 10.882 -40.7047 -28.0162
    endloop
  endfacet
  facet normal 0.259308 -0.944694 0.200781
    outer loop
      vertex 11.0842 -40.6517 -28.0275
      vertex 10.882 -41.2765 -30.7061
      vertex 11.0842 -41.2234 -30.7174
    endloop
  endfacet
  facet normal -0.891039 -0.444006 0.0943836
    outer loop
      vertex 38.2321 -42.1589 -30.5186
      vertex 38.3271 -41.7695 -27.7899
      vertex 38.2321 -41.5871 -27.8287
    endloop
  endfacet
  facet normal -0.891039 -0.444006 0.0943836
    outer loop
      vertex 38.3271 -41.7695 -27.7899
      vertex 38.2321 -42.1589 -30.5186
      vertex 38.3271 -42.3413 -30.4798
    endloop
  endfacet
  facet normal -0.98773 -0.152756 0.0324718
    outer loop
      vertex 38.4563 -42.7303 -30.3971
      vertex 38.489 -42.3608 -27.6642
      vertex 38.4563 -42.1585 -27.7072
    endloop
  endfacet
  facet normal -0.987719 -0.152827 0.0324813
    outer loop
      vertex 38.489 -42.3608 -27.6642
      vertex 38.4563 -42.7303 -30.3971
      vertex 38.489 -42.9325 -30.3541
    endloop
  endfacet
  facet normal -0.707201 -0.69156 0.147007
    outer loop
      vertex 37.8383 -41.6832 -30.6197
      vertex 37.9863 -41.2562 -27.899
      vertex 37.8383 -41.1114 -27.9298
    endloop
  endfacet
  facet normal -0.707201 -0.69156 0.147007
    outer loop
      vertex 37.9863 -41.2562 -27.899
      vertex 37.8383 -41.6832 -30.6197
      vertex 37.9863 -41.828 -30.5889
    endloop
  endfacet
  facet normal -0.544816 -0.820234 0.174329
    outer loop
      vertex 37.5 -40.871 -27.9809
      vertex 37.6756 -41.5543 -30.6471
      vertex 37.6756 -40.9826 -27.9572
    endloop
  endfacet
  facet normal -0.544488 -0.820437 0.174403
    outer loop
      vertex 37.6756 -41.5543 -30.6471
      vertex 37.5 -40.871 -27.9809
      vertex 37.5 -41.4428 -30.6708
    endloop
  endfacet
  facet normal -0.358343 -0.913193 0.194086
    outer loop
      vertex 37.118 -40.7047 -28.0162
      vertex 37.3135 -41.3498 -30.6905
      vertex 37.3135 -40.7781 -28.0006
    endloop
  endfacet
  facet normal -0.357936 -0.913339 0.194151
    outer loop
      vertex 37.3135 -41.3498 -30.6905
      vertex 37.118 -40.7047 -28.0162
      vertex 37.118 -41.2765 -30.7061
    endloop
  endfacet
  facet normal -0.965904 0.253243 -0.0538232
    outer loop
      vertex 38.4563 -67.9974 -25.0264
      vertex 38.4021 -67.6235 -22.2945
      vertex 38.4563 -67.4257 -22.3365
    endloop
  endfacet
  facet normal -0.965904 0.253243 -0.0538232
    outer loop
      vertex 38.4021 -67.6235 -22.2945
      vertex 38.4563 -67.9974 -25.0264
      vertex 38.4021 -68.1952 -24.9844
    endloop
  endfacet
  facet normal -0.998619 0.0513916 -0.0109245
    outer loop
      vertex 38.5 -67.5907 -25.1129
      vertex 38.489 -67.2234 -22.3795
      vertex 38.5 -67.0189 -22.423
    endloop
  endfacet
  facet normal -0.998619 0.0513916 -0.0109245
    outer loop
      vertex 38.489 -67.2234 -22.3795
      vertex 38.5 -67.5907 -25.1129
      vertex 38.489 -67.7952 -25.0694
    endloop
  endfacet
  facet normal -0.838441 0.533086 -0.113296
    outer loop
      vertex 38.2321 -68.5688 -24.905
      vertex 38.118 -68.1688 -22.1785
      vertex 38.2321 -67.9971 -22.215
    endloop
  endfacet
  facet normal -0.838609 0.532828 -0.113265
    outer loop
      vertex 38.118 -68.1688 -22.1785
      vertex 38.2321 -68.5688 -24.905
      vertex 38.118 -68.7406 -24.8684
    endloop
  endfacet
  facet normal -0.777174 0.615532 -0.130846
    outer loop
      vertex 38.118 -68.7406 -24.8684
      vertex 37.9863 -68.3279 -22.1447
      vertex 38.118 -68.1688 -22.1785
    endloop
  endfacet
  facet normal -0.777174 0.615532 -0.130846
    outer loop
      vertex 37.9863 -68.3279 -22.1447
      vertex 38.118 -68.7406 -24.8684
      vertex 37.9863 -68.8997 -24.8346
    endloop
  endfacet
  facet normal 0.933551 0.350613 -0.0745178
    outer loop
      vertex 9.67291 -67.8146 -22.2538
      vertex 9.59789 -68.1952 -24.9844
      vertex 9.59789 -67.6235 -22.2945
    endloop
  endfacet
  facet normal 0.933611 0.350457 -0.0744978
    outer loop
      vertex 9.59789 -68.1952 -24.9844
      vertex 9.67291 -67.8146 -22.2538
      vertex 9.67291 -68.3864 -24.9437
    endloop
  endfacet
  facet normal 0.987701 0.152938 -0.0325105
    outer loop
      vertex 9.5437 -67.4257 -22.3365
      vertex 9.51096 -67.7952 -25.0694
      vertex 9.51096 -67.2234 -22.3795
    endloop
  endfacet
  facet normal 0.987689 0.15301 -0.0325201
    outer loop
      vertex 9.51096 -67.7952 -25.0694
      vertex 9.5437 -67.4257 -22.3365
      vertex 9.5437 -67.9974 -25.0264
    endloop
  endfacet
  facet normal 0.707201 0.69156 -0.147007
    outer loop
      vertex 10.1617 -68.4727 -22.1139
      vertex 10.0137 -68.8997 -24.8346
      vertex 10.0137 -68.3279 -22.1447
    endloop
  endfacet
  facet normal 0.707201 0.69156 -0.147007
    outer loop
      vertex 10.0137 -68.8997 -24.8346
      vertex 10.1617 -68.4727 -22.1139
      vertex 10.1617 -69.0445 -24.8038
    endloop
  endfacet
  facet normal 0.777289 -0.615394 0.130816
    outer loop
      vertex 9.88197 -41.4154 -27.8652
      vertex 10.0137 -41.828 -30.5889
      vertex 10.0137 -41.2562 -27.899
    endloop
  endfacet
  facet normal 0.777104 -0.615622 0.130842
    outer loop
      vertex 10.0137 -41.828 -30.5889
      vertex 9.88197 -41.4154 -27.8652
      vertex 9.88197 -41.9871 -30.5551
    endloop
  endfacet
  facet normal 0.987701 -0.152938 0.0325105
    outer loop
      vertex 9.51096 -42.3608 -27.6642
      vertex 9.5437 -42.7303 -30.3971
      vertex 9.5437 -42.1585 -27.7072
    endloop
  endfacet
  facet normal 0.987689 -0.15301 0.0325201
    outer loop
      vertex 9.5437 -42.7303 -30.3971
      vertex 9.51096 -42.3608 -27.6642
      vertex 9.51096 -42.9325 -30.3541
    endloop
  endfacet
  facet normal -0.998618 -0.051416 0.0109277
    outer loop
      vertex 38.489 -42.9325 -30.3541
      vertex 38.5 -42.5652 -27.6207
      vertex 38.489 -42.3608 -27.6642
    endloop
  endfacet
  facet normal -0.998619 -0.0513968 0.0109252
    outer loop
      vertex 38.5 -42.5652 -27.6207
      vertex 38.489 -42.9325 -30.3541
      vertex 38.5 -43.137 -30.3107
    endloop
  endfacet
  facet normal -0.777359 -0.615309 0.130798
    outer loop
      vertex 37.9863 -41.828 -30.5889
      vertex 38.118 -41.4154 -27.8652
      vertex 37.9863 -41.2562 -27.899
    endloop
  endfacet
  facet normal -0.777174 -0.615537 0.130824
    outer loop
      vertex 38.118 -41.4154 -27.8652
      vertex 37.9863 -41.828 -30.5889
      vertex 38.118 -41.9871 -30.5551
    endloop
  endfacet
  facet normal -0.45376 -0.871648 0.185289
    outer loop
      vertex 37.3135 -40.7781 -28.0006
      vertex 37.5 -41.4428 -30.6708
      vertex 37.5 -40.871 -27.9809
    endloop
  endfacet
  facet normal -0.454131 -0.871469 0.185218
    outer loop
      vertex 37.5 -41.4428 -30.6708
      vertex 37.3135 -40.7781 -28.0006
      vertex 37.3135 -41.3498 -30.6905
    endloop
  endfacet
  facet normal 0.629402 0.760098 -0.16157
    outer loop
      vertex 10.3244 -69.1734 -24.7765
      vertex 10.1617 -68.4727 -22.1139
      vertex 10.3244 -68.6016 -22.0865
    endloop
  endfacet
  facet normal 0.629342 0.760144 -0.161586
    outer loop
      vertex 10.1617 -68.4727 -22.1139
      vertex 10.3244 -69.1734 -24.7765
      vertex 10.1617 -69.0445 -24.8038
    endloop
  endfacet
  facet normal 0.544488 0.820437 -0.174403
    outer loop
      vertex 10.5 -69.2849 -24.7527
      vertex 10.3244 -68.6016 -22.0865
      vertex 10.5 -68.7131 -22.0628
    endloop
  endfacet
  facet normal 0.544558 0.820394 -0.174387
    outer loop
      vertex 10.3244 -68.6016 -22.0865
      vertex 10.5 -69.2849 -24.7527
      vertex 10.3244 -69.1734 -24.7765
    endloop
  endfacet
  facet normal 0.777104 0.615617 -0.130864
    outer loop
      vertex 10.0137 -68.3279 -22.1447
      vertex 9.88197 -68.7406 -24.8684
      vertex 9.88197 -68.1688 -22.1785
    endloop
  endfacet
  facet normal 0.777104 0.615617 -0.130864
    outer loop
      vertex 9.88197 -68.7406 -24.8684
      vertex 10.0137 -68.3279 -22.1447
      vertex 10.0137 -68.8997 -24.8346
    endloop
  endfacet
  facet normal -1 0 0
    outer loop
      vertex 8.1 -39.1356 -19.8386
      vertex 8.1 -68.9932 -7.3581
      vertex 8.1 -37.8881 -13.9697
    endloop
  endfacet
  facet normal -1 0 -0
    outer loop
      vertex 8.1 -68.9932 -7.3581
      vertex 8.1 -39.1356 -19.8386
      vertex 8.1 -70.2407 -13.227
    endloop
  endfacet
  facet normal -2.64797e-05 -0.207912 -0.978148
    outer loop
      vertex 39.9 -70.2407 -13.227
      vertex 38.1 -68.48 -13.6012
      vertex 39.9 -39.1356 -19.8386
    endloop
  endfacet
  facet normal 0 -0.207886 -0.978153
    outer loop
      vertex 39.9 -70.2407 -13.227
      vertex 9.9 -68.48 -13.6012
      vertex 38.1 -68.48 -13.6012
    endloop
  endfacet
  facet normal 2.63915e-05 -0.207912 -0.978148
    outer loop
      vertex 9.9 -68.48 -13.6012
      vertex 8.1 -70.2407 -13.227
      vertex 9.9 -40.8963 -19.4643
    endloop
  endfacet
  facet normal 0 -0.207886 -0.978153
    outer loop
      vertex 8.1 -70.2407 -13.227
      vertex 9.9 -68.48 -13.6012
      vertex 39.9 -70.2407 -13.227
    endloop
  endfacet
  facet normal -2.795e-05 -0.207912 -0.978148
    outer loop
      vertex 38.1 -40.8963 -19.4643
      vertex 39.9 -39.1356 -19.8386
      vertex 38.1 -68.48 -13.6012
    endloop
  endfacet
  facet normal 0 -0.207939 -0.978142
    outer loop
      vertex 9.9 -40.8963 -19.4643
      vertex 39.9 -39.1356 -19.8386
      vertex 38.1 -40.8963 -19.4643
    endloop
  endfacet
  facet normal 0 -0.207939 -0.978142
    outer loop
      vertex 9.9 -40.8963 -19.4643
      vertex 8.1 -39.1356 -19.8386
      vertex 39.9 -39.1356 -19.8386
    endloop
  endfacet
  facet normal 2.78618e-05 -0.207912 -0.978148
    outer loop
      vertex 8.1 -39.1356 -19.8386
      vertex 9.9 -40.8963 -19.4643
      vertex 8.1 -70.2407 -13.227
    endloop
  endfacet
  facet normal 1 0 0
    outer loop
      vertex 39.9 -68.9932 -7.3581
      vertex 39.9 -39.1356 -19.8386
      vertex 39.9 -37.8881 -13.9697
    endloop
  endfacet
  facet normal 1 0 0
    outer loop
      vertex 39.9 -39.1356 -19.8386
      vertex 39.9 -68.9932 -7.3581
      vertex 39.9 -70.2407 -13.227
    endloop
  endfacet
  facet normal 0 -0.978147 0.207916
    outer loop
      vertex 8.1 -70.2407 -13.227
      vertex 39.9 -68.9932 -7.3581
      vertex 8.1 -68.9932 -7.3581
    endloop
  endfacet
  facet normal 0 -0.978147 0.207916
    outer loop
      vertex 39.9 -68.9932 -7.3581
      vertex 8.1 -70.2407 -13.227
      vertex 39.9 -70.2407 -13.227
    endloop
  endfacet
  facet normal 8.98705e-06 0.207916 0.978147
    outer loop
      vertex 36.739 -63.7535 -8.47183
      vertex 39.9 -68.9932 -7.3581
      vertex 36.7466 -63.6126 -8.50178
    endloop
  endfacet
  facet normal -0.000192166 0.207769 0.978178
    outer loop
      vertex 39.9 -68.9932 -7.3581
      vertex 36.7445 -64.8316 -8.24266
      vertex 36.75 -64.9339 -8.22093
    endloop
  endfacet
  facet normal 2.01867e-05 0.207923 0.978145
    outer loop
      vertex 39.9 -68.9932 -7.3581
      vertex 36.739 -63.7535 -8.47183
      vertex 36.7445 -64.8316 -8.24266
    endloop
  endfacet
  facet normal -0.000574785 0.20792 0.978146
    outer loop
      vertex 36.739 -63.7535 -8.47183
      vertex 36.7281 -64.7305 -8.26416
      vertex 36.7445 -64.8316 -8.24266
    endloop
  endfacet
  facet normal -0.000499899 0.207919 0.978146
    outer loop
      vertex 36.7165 -63.8929 -8.44221
      vertex 36.7281 -64.7305 -8.26416
      vertex 36.739 -63.7535 -8.47183
    endloop
  endfacet
  facet normal 0.00181154 0.207949 0.978138
    outer loop
      vertex 36.7063 -63.9557 -8.42884
      vertex 36.7281 -64.7305 -8.26416
      vertex 36.7165 -63.8929 -8.44221
    endloop
  endfacet
  facet normal 2.89844e-05 0.207902 0.97815
    outer loop
      vertex 36.7063 -63.9557 -8.42884
      vertex 36.7011 -64.6316 -8.28518
      vertex 36.7281 -64.7305 -8.26416
    endloop
  endfacet
  facet normal -9.54632e-05 0.207903 0.97815
    outer loop
      vertex 36.6895 -64.0172 -8.41577
      vertex 36.7011 -64.6316 -8.28518
      vertex 36.7063 -63.9557 -8.42884
    endloop
  endfacet
  facet normal -9.91705e-06 0.207904 0.978149
    outer loop
      vertex 36.6521 -64.1535 -8.3868
      vertex 36.7011 -64.6316 -8.28518
      vertex 36.6895 -64.0172 -8.41577
    endloop
  endfacet
  facet normal -8.83061e-06 0.207904 0.978149
    outer loop
      vertex 36.7011 -64.6316 -8.28518
      vertex 36.6521 -64.1535 -8.3868
      vertex 36.6635 -64.536 -8.3055
    endloop
  endfacet
  facet normal -0.000120776 0.207901 0.97815
    outer loop
      vertex 36.6521 -64.1535 -8.3868
      vertex 36.616 -64.4448 -8.32489
      vertex 36.6635 -64.536 -8.3055
    endloop
  endfacet
  facet normal -0.000316926 0.207924 0.978145
    outer loop
      vertex 36.6004 -64.2853 -8.3588
      vertex 36.616 -64.4448 -8.32489
      vertex 36.6521 -64.1535 -8.3868
    endloop
  endfacet
  facet normal 4.86647e-05 0.207959 0.978138
    outer loop
      vertex 36.5771 -64.3447 -8.34617
      vertex 36.616 -64.4448 -8.32489
      vertex 36.6004 -64.2853 -8.3588
    endloop
  endfacet
  facet normal 0.000369275 0.208078 0.978112
    outer loop
      vertex 36.616 -64.4448 -8.32489
      vertex 36.5771 -64.3447 -8.34617
      vertex 36.565 -64.3679 -8.34123
    endloop
  endfacet
  facet normal 0.00842495 0.207978 0.978097
    outer loop
      vertex 36.7445 -42.0497 -13.0851
      vertex 36.75 -42.5188 -12.9854
      vertex 36.75 -41.9474 -13.1069
    endloop
  endfacet
  facet normal -0.00901011 0.207782 0.978134
    outer loop
      vertex 36.7445 -42.0497 -13.0851
      vertex 36.7425 -42.3779 -13.0154
      vertex 36.75 -42.5188 -12.9854
    endloop
  endfacet
  facet normal 0.00170199 0.207727 0.978185
    outer loop
      vertex 36.7445 -42.0497 -13.0851
      vertex 36.739 -42.3143 -13.0289
      vertex 36.7425 -42.3779 -13.0154
    endloop
  endfacet
  facet normal 0.00183052 0.207725 0.978186
    outer loop
      vertex 36.7281 -42.1508 -13.0636
      vertex 36.739 -42.3143 -13.0289
      vertex 36.7445 -42.0497 -13.0851
    endloop
  endfacet
  facet normal 0.00466392 0.207904 0.978138
    outer loop
      vertex 36.739 -42.3143 -13.0289
      vertex 36.7281 -42.1508 -13.0636
      vertex 36.7289 -42.2515 -13.0422
    endloop
  endfacet
  facet normal -0.0007783 0.207864 0.978157
    outer loop
      vertex 36.7289 -42.2515 -13.0422
      vertex 36.7281 -42.1508 -13.0636
      vertex 36.7184 -42.1866 -13.056
    endloop
  endfacet
  facet normal -0.000109246 0.207986 0.978132
    outer loop
      vertex 36.75 -42.5188 -12.9854
      vertex 39.9 -37.8881 -13.9697
      vertex 36.75 -41.9474 -13.1069
    endloop
  endfacet
  facet normal 0.000259567 0.207712 0.97819
    outer loop
      vertex 39.9 -37.8881 -13.9697
      vertex 36.7445 -41.8452 -13.1286
      vertex 36.75 -41.9474 -13.1069
    endloop
  endfacet
  facet normal -0.000108127 0.207992 0.97813
    outer loop
      vertex 39.9 -37.8881 -13.9697
      vertex 36.7281 -41.7441 -13.1501
      vertex 36.7445 -41.8452 -13.1286
    endloop
  endfacet
  facet normal 0.000193008 0.207755 0.978181
    outer loop
      vertex 39.9 -37.8881 -13.9697
      vertex 36.7011 -41.6452 -13.1711
      vertex 36.7281 -41.7441 -13.1501
    endloop
  endfacet
  facet normal 0.000168535 0.207775 0.978177
    outer loop
      vertex 39.9 -37.8881 -13.9697
      vertex 36.6635 -41.5496 -13.1914
      vertex 36.7011 -41.6452 -13.1711
    endloop
  endfacet
  facet normal -0.00010872 0.20801 0.978127
    outer loop
      vertex 39.9 -37.8881 -13.9697
      vertex 36.616 -41.4584 -13.2108
      vertex 36.6635 -41.5496 -13.1914
    endloop
  endfacet
  facet normal -0.000296044 0.208175 0.978092
    outer loop
      vertex 39.9 -37.8881 -13.9697
      vertex 36.559 -41.3725 -13.2291
      vertex 36.616 -41.4584 -13.2108
    endloop
  endfacet
  facet normal 0.00012909 0.207785 0.978175
    outer loop
      vertex 39.9 -37.8881 -13.9697
      vertex 36.4931 -41.2929 -13.246
      vertex 36.559 -41.3725 -13.2291
    endloop
  endfacet
  facet normal -7.46231e-05 0.20798 0.978133
    outer loop
      vertex 39.9 -37.8881 -13.9697
      vertex 36.4191 -41.2205 -13.2614
      vertex 36.4931 -41.2929 -13.246
    endloop
  endfacet
  facet normal -7.77616e-05 0.207983 0.978132
    outer loop
      vertex 39.9 -37.8881 -13.9697
      vertex 36.3378 -41.1561 -13.2751
      vertex 36.4191 -41.2205 -13.2614
    endloop
  endfacet
  facet normal 0.000395322 0.207489 0.978237
    outer loop
      vertex 39.9 -37.8881 -13.9697
      vertex 36.25 -41.1003 -13.2869
      vertex 36.3378 -41.1561 -13.2751
    endloop
  endfacet
  facet normal -0.000105392 0.208034 0.978122
    outer loop
      vertex 39.9 -37.8881 -13.9697
      vertex 36.1567 -41.0538 -13.2968
      vertex 36.25 -41.1003 -13.2869
    endloop
  endfacet
  facet normal -7.89658e-06 0.207923 0.978145
    outer loop
      vertex 35.9256 -40.9362 -13.3218
      vertex 36.1567 -41.0538 -13.2968
      vertex 39.9 -37.8881 -13.9697
    endloop
  endfacet
  facet normal -0.000735942 0.206554 0.978435
    outer loop
      vertex 36.1567 -41.0538 -13.2968
      vertex 35.9256 -40.9362 -13.3218
      vertex 36.059 -41.0172 -13.3046
    endloop
  endfacet
  facet normal 0.000440027 0.208408 0.978042
    outer loop
      vertex 36.059 -41.0172 -13.3046
      vertex 35.9256 -40.9362 -13.3218
      vertex 36.0124 -41.0049 -13.3072
    endloop
  endfacet
  facet normal 6.56281e-05 0.207832 0.978165
    outer loop
      vertex 39.9 -37.8881 -13.9697
      vertex 35.75 -40.8246 -13.3455
      vertex 35.9256 -40.9362 -13.3218
    endloop
  endfacet
  facet normal 1.8865e-05 0.207895 0.978151
    outer loop
      vertex 39.9 -37.8881 -13.9697
      vertex 35.6215 -40.7606 -13.3591
      vertex 35.75 -40.8246 -13.3455
    endloop
  endfacet
  facet normal -0.00054975 0.208705 0.977978
    outer loop
      vertex 39.9 -37.8881 -13.9697
      vertex 35.5635 -40.7317 -13.3653
      vertex 35.6215 -40.7606 -13.3591
    endloop
  endfacet
  facet normal 0.000471719 0.207215 0.978295
    outer loop
      vertex 39.9 -37.8881 -13.9697
      vertex 35.5027 -40.7089 -13.3701
      vertex 35.5635 -40.7317 -13.3653
    endloop
  endfacet
  facet normal -0.000202738 0.208221 0.978082
    outer loop
      vertex 39.9 -37.8881 -13.9697
      vertex 35.368 -40.6583 -13.3809
      vertex 35.5027 -40.7089 -13.3701
    endloop
  endfacet
  facet normal 0.000285077 0.207457 0.978244
    outer loop
      vertex 39.9 -37.8881 -13.9697
      vertex 35.2287 -40.6218 -13.3886
      vertex 35.368 -40.6583 -13.3809
    endloop
  endfacet
  facet normal 7.93454e-05 0.207794 0.978173
    outer loop
      vertex 39.9 -37.8881 -13.9697
      vertex 35.1658 -40.6053 -13.3921
      vertex 35.2287 -40.6218 -13.3886
    endloop
  endfacet
  facet normal 8.55883e-06 0.207912 0.978148
    outer loop
      vertex 39.9 -37.8881 -13.9697
      vertex 34.9591 -40.5733 -13.3989
      vertex 35.1658 -40.6053 -13.3921
    endloop
  endfacet
  facet normal -0.00106003 0.209792 0.977745
    outer loop
      vertex 39.9 -37.8881 -13.9697
      vertex 34.8941 -40.5699 -13.3997
      vertex 34.9591 -40.5733 -13.3989
    endloop
  endfacet
  facet normal 0.000451169 0.207094 0.978321
    outer loop
      vertex 39.9 -37.8881 -13.9697
      vertex 34.75 -40.5625 -13.4012
      vertex 34.8941 -40.5699 -13.3997
    endloop
  endfacet
  facet normal 0 0.207925 0.978145
    outer loop
      vertex 39.9 -37.8881 -13.9697
      vertex 13.25 -40.5625 -13.4012
      vertex 34.75 -40.5625 -13.4012
    endloop
  endfacet
  facet normal -0 0.207925 0.978145
    outer loop
      vertex 8.1 -37.8881 -13.9697
      vertex 13.25 -40.5625 -13.4012
      vertex 39.9 -37.8881 -13.9697
    endloop
  endfacet
  facet normal -0.000451169 0.207094 0.978321
    outer loop
      vertex 13.25 -40.5625 -13.4012
      vertex 8.1 -37.8881 -13.9697
      vertex 13.1059 -40.5699 -13.3997
    endloop
  endfacet
  facet normal -0.000440027 0.208408 0.978042
    outer loop
      vertex 12.0744 -40.9362 -13.3218
      vertex 11.941 -41.0172 -13.3046
      vertex 11.9876 -41.0049 -13.3072
    endloop
  endfacet
  facet normal 0.000548165 0.206908 0.97836
    outer loop
      vertex 11.8433 -41.0538 -13.2968
      vertex 12.0744 -40.9362 -13.3218
      vertex 12.25 -40.8246 -13.3455
    endloop
  endfacet
  facet normal 0.000735942 0.206554 0.978435
    outer loop
      vertex 12.0744 -40.9362 -13.3218
      vertex 11.8433 -41.0538 -13.2968
      vertex 11.941 -41.0172 -13.3046
    endloop
  endfacet
  facet normal -2.69403e-05 0.207884 0.978153
    outer loop
      vertex 8.1 -37.8881 -13.9697
      vertex 11.8433 -41.0538 -13.2968
      vertex 12.25 -40.8246 -13.3455
    endloop
  endfacet
  facet normal 0.000109246 0.207986 0.978132
    outer loop
      vertex 8.1 -37.8881 -13.9697
      vertex 11.25 -42.5188 -12.9854
      vertex 11.25 -41.9474 -13.1069
    endloop
  endfacet
  facet normal -4.9286e-06 0.207911 0.978148
    outer loop
      vertex 11.25 -42.5188 -12.9854
      vertex 8.1 -37.8881 -13.9697
      vertex 11.25 -63.549 -8.5153
    endloop
  endfacet
  facet normal -5.09134e-07 0.207912 0.978148
    outer loop
      vertex 8.1 -68.9932 -7.3581
      vertex 11.25 -63.549 -8.5153
      vertex 8.1 -37.8881 -13.9697
    endloop
  endfacet
  facet normal -0.000259567 0.207712 0.97819
    outer loop
      vertex 11.2555 -41.8452 -13.1286
      vertex 8.1 -37.8881 -13.9697
      vertex 11.25 -41.9474 -13.1069
    endloop
  endfacet
  facet normal 0.000108127 0.207992 0.97813
    outer loop
      vertex 11.2719 -41.7441 -13.1501
      vertex 8.1 -37.8881 -13.9697
      vertex 11.2555 -41.8452 -13.1286
    endloop
  endfacet
  facet normal -0.000193008 0.207755 0.978181
    outer loop
      vertex 11.2989 -41.6452 -13.1711
      vertex 8.1 -37.8881 -13.9697
      vertex 11.2719 -41.7441 -13.1501
    endloop
  endfacet
  facet normal -0.000168535 0.207775 0.978177
    outer loop
      vertex 11.3365 -41.5496 -13.1914
      vertex 8.1 -37.8881 -13.9697
      vertex 11.2989 -41.6452 -13.1711
    endloop
  endfacet
  facet normal 0.00010872 0.20801 0.978127
    outer loop
      vertex 11.384 -41.4584 -13.2108
      vertex 8.1 -37.8881 -13.9697
      vertex 11.3365 -41.5496 -13.1914
    endloop
  endfacet
  facet normal 0.000296044 0.208175 0.978092
    outer loop
      vertex 11.441 -41.3725 -13.2291
      vertex 8.1 -37.8881 -13.9697
      vertex 11.384 -41.4584 -13.2108
    endloop
  endfacet
  facet normal -0.00012909 0.207785 0.978175
    outer loop
      vertex 11.5069 -41.2929 -13.246
      vertex 8.1 -37.8881 -13.9697
      vertex 11.441 -41.3725 -13.2291
    endloop
  endfacet
  facet normal 7.46231e-05 0.20798 0.978133
    outer loop
      vertex 11.5809 -41.2205 -13.2614
      vertex 8.1 -37.8881 -13.9697
      vertex 11.5069 -41.2929 -13.246
    endloop
  endfacet
  facet normal 7.77616e-05 0.207983 0.978132
    outer loop
      vertex 11.6622 -41.1561 -13.2751
      vertex 8.1 -37.8881 -13.9697
      vertex 11.5809 -41.2205 -13.2614
    endloop
  endfacet
  facet normal -0.000395322 0.207489 0.978237
    outer loop
      vertex 11.75 -41.1003 -13.2869
      vertex 8.1 -37.8881 -13.9697
      vertex 11.6622 -41.1561 -13.2751
    endloop
  endfacet
  facet normal 0.000105392 0.208034 0.978122
    outer loop
      vertex 11.8433 -41.0538 -13.2968
      vertex 8.1 -37.8881 -13.9697
      vertex 11.75 -41.1003 -13.2869
    endloop
  endfacet
  facet normal -1.8865e-05 0.207895 0.978151
    outer loop
      vertex 12.3785 -40.7606 -13.3591
      vertex 8.1 -37.8881 -13.9697
      vertex 12.25 -40.8246 -13.3455
    endloop
  endfacet
  facet normal 0.00054975 0.208705 0.977978
    outer loop
      vertex 12.4365 -40.7317 -13.3653
      vertex 8.1 -37.8881 -13.9697
      vertex 12.3785 -40.7606 -13.3591
    endloop
  endfacet
  facet normal -0.000471719 0.207215 0.978295
    outer loop
      vertex 12.4973 -40.7089 -13.3701
      vertex 8.1 -37.8881 -13.9697
      vertex 12.4365 -40.7317 -13.3653
    endloop
  endfacet
  facet normal 0.000202738 0.208221 0.978082
    outer loop
      vertex 12.632 -40.6583 -13.3809
      vertex 8.1 -37.8881 -13.9697
      vertex 12.4973 -40.7089 -13.3701
    endloop
  endfacet
  facet normal -0.000285077 0.207457 0.978244
    outer loop
      vertex 12.7713 -40.6218 -13.3886
      vertex 8.1 -37.8881 -13.9697
      vertex 12.632 -40.6583 -13.3809
    endloop
  endfacet
  facet normal -7.93454e-05 0.207794 0.978173
    outer loop
      vertex 12.8342 -40.6053 -13.3921
      vertex 8.1 -37.8881 -13.9697
      vertex 12.7713 -40.6218 -13.3886
    endloop
  endfacet
  facet normal -8.55883e-06 0.207912 0.978148
    outer loop
      vertex 13.0409 -40.5733 -13.3989
      vertex 8.1 -37.8881 -13.9697
      vertex 12.8342 -40.6053 -13.3921
    endloop
  endfacet
  facet normal 0.00106003 0.209792 0.977745
    outer loop
      vertex 13.1059 -40.5699 -13.3997
      vertex 8.1 -37.8881 -13.9697
      vertex 13.0409 -40.5733 -13.3989
    endloop
  endfacet
  facet normal 4.9286e-06 0.207911 0.978148
    outer loop
      vertex 36.75 -63.549 -8.5153
      vertex 39.9 -37.8881 -13.9697
      vertex 36.75 -42.5188 -12.9854
    endloop
  endfacet
  facet normal 5.09134e-07 0.207912 0.978148
    outer loop
      vertex 39.9 -37.8881 -13.9697
      vertex 36.75 -63.549 -8.5153
      vertex 39.9 -68.9932 -7.3581
    endloop
  endfacet
  facet normal 3.4254e-05 0.207931 0.978144
    outer loop
      vertex 36.7466 -63.6126 -8.50178
      vertex 39.9 -68.9932 -7.3581
      vertex 36.75 -63.549 -8.5153
    endloop
  endfacet
  facet normal 7.77465e-05 0.207969 0.978135
    outer loop
      vertex 36.7445 -65.0361 -8.1992
      vertex 39.9 -68.9932 -7.3581
      vertex 36.75 -64.9339 -8.22093
    endloop
  endfacet
  facet normal -0.000106082 0.207829 0.978165
    outer loop
      vertex 36.7281 -65.1373 -8.1777
      vertex 39.9 -68.9932 -7.3581
      vertex 36.7445 -65.0361 -8.1992
    endloop
  endfacet
  facet normal -1.73759e-05 0.207899 0.97815
    outer loop
      vertex 36.7011 -65.2362 -8.15668
      vertex 39.9 -68.9932 -7.3581
      vertex 36.7281 -65.1373 -8.1777
    endloop
  endfacet
  facet normal 0.000170442 0.208052 0.978118
    outer loop
      vertex 36.6635 -65.3317 -8.13636
      vertex 39.9 -68.9932 -7.3581
      vertex 36.7011 -65.2362 -8.15668
    endloop
  endfacet
  facet normal -0.000122222 0.207804 0.97817
    outer loop
      vertex 36.616 -65.423 -8.11697
      vertex 39.9 -68.9932 -7.3581
      vertex 36.6635 -65.3317 -8.13636
    endloop
  endfacet
  facet normal 9.09138e-05 0.207992 0.978131
    outer loop
      vertex 36.559 -65.5088 -8.09872
      vertex 39.9 -68.9932 -7.3581
      vertex 36.616 -65.423 -8.11697
    endloop
  endfacet
  facet normal -6.34546e-05 0.20785 0.978161
    outer loop
      vertex 36.4931 -65.5884 -8.08181
      vertex 39.9 -68.9932 -7.3581
      vertex 36.559 -65.5088 -8.09872
    endloop
  endfacet
  facet normal 6.41093e-06 0.207917 0.978146
    outer loop
      vertex 36.4191 -65.6608 -8.06642
      vertex 39.9 -68.9932 -7.3581
      vertex 36.4931 -65.5884 -8.08181
    endloop
  endfacet
  facet normal 9.38051e-06 0.20792 0.978146
    outer loop
      vertex 36.3378 -65.7252 -8.05273
      vertex 39.9 -68.9932 -7.3581
      vertex 36.4191 -65.6608 -8.06642
    endloop
  endfacet
  facet normal -3.77403e-06 0.207906 0.978149
    outer loop
      vertex 36.25 -65.781 -8.04087
      vertex 39.9 -68.9932 -7.3581
      vertex 36.3378 -65.7252 -8.05273
    endloop
  endfacet
  facet normal -2.55653e-05 0.207883 0.978154
    outer loop
      vertex 36.1567 -65.8275 -8.03099
      vertex 39.9 -68.9932 -7.3581
      vertex 36.25 -65.781 -8.04087
    endloop
  endfacet
  facet normal -7.50265e-05 0.207827 0.978166
    outer loop
      vertex 36.059 -65.8642 -8.0232
      vertex 39.9 -68.9932 -7.3581
      vertex 36.1567 -65.8275 -8.03099
    endloop
  endfacet
  facet normal 5.2424e-05 0.207976 0.978134
    outer loop
      vertex 35.9579 -65.8907 -8.01756
      vertex 39.9 -68.9932 -7.3581
      vertex 36.059 -65.8642 -8.0232
    endloop
  endfacet
  facet normal -7.2876e-06 0.207904 0.978149
    outer loop
      vertex 35.8545 -65.9067 -8.01416
      vertex 39.9 -68.9932 -7.3581
      vertex 35.9579 -65.8907 -8.01756
    endloop
  endfacet
  facet normal 0.000117983 0.208061 0.978116
    outer loop
      vertex 35.75 -65.912 -8.01302
      vertex 39.9 -68.9932 -7.3581
      vertex 35.8545 -65.9067 -8.01416
    endloop
  endfacet
  facet normal -0.000135294 0.207735 0.978185
    outer loop
      vertex 35.6455 -65.9067 -8.01416
      vertex 39.9 -68.9932 -7.3581
      vertex 35.75 -65.912 -8.01302
    endloop
  endfacet
  facet normal 1.11422e-05 0.207928 0.978144
    outer loop
      vertex 35.5421 -65.8907 -8.01756
      vertex 39.9 -68.9932 -7.3581
      vertex 35.6455 -65.9067 -8.01416
    endloop
  endfacet
  facet normal -0.000110612 0.207764 0.978179
    outer loop
      vertex 35.441 -65.8642 -8.0232
      vertex 39.9 -68.9932 -7.3581
      vertex 35.5421 -65.8907 -8.01756
    endloop
  endfacet
  facet normal 0.000235882 0.208236 0.978078
    outer loop
      vertex 35.3433 -65.8275 -8.03099
      vertex 39.9 -68.9932 -7.3581
      vertex 35.441 -65.8642 -8.0232
    endloop
  endfacet
  facet normal 0.000143763 0.20811 0.978106
    outer loop
      vertex 35.25 -65.781 -8.04087
      vertex 39.9 -68.9932 -7.3581
      vertex 35.3433 -65.8275 -8.03099
    endloop
  endfacet
  facet normal -2.06567e-05 0.20787 0.978157
    outer loop
      vertex 34.75 -65.5053 -8.09947
      vertex 35.25 -65.781 -8.04087
      vertex 35.1622 -65.7252 -8.05273
    endloop
  endfacet
  facet normal -3.52307e-05 0.209298 0.977852
    outer loop
      vertex 34.815 -65.502 -8.10018
      vertex 34.941 -65.5088 -8.09872
      vertex 34.9324 -65.496 -8.10146
    endloop
  endfacet
  facet normal -0.000125369 0.207701 0.978192
    outer loop
      vertex 34.815 -65.502 -8.10018
      vertex 35.0069 -65.5884 -8.08181
      vertex 34.941 -65.5088 -8.09872
    endloop
  endfacet
  facet normal 0.000113158 0.208208 0.978085
    outer loop
      vertex 34.75 -65.5053 -8.09947
      vertex 35.0069 -65.5884 -8.08181
      vertex 34.815 -65.502 -8.10018
    endloop
  endfacet
  facet normal 2.55334e-05 0.207948 0.97814
    outer loop
      vertex 35.0069 -65.5884 -8.08181
      vertex 34.75 -65.5053 -8.09947
      vertex 35.0809 -65.6608 -8.06642
    endloop
  endfacet
  facet normal 4.23175e-05 0.207983 0.978133
    outer loop
      vertex 35.0809 -65.6608 -8.06642
      vertex 34.75 -65.5053 -8.09947
      vertex 35.1622 -65.7252 -8.05273
    endloop
  endfacet
  facet normal 0 0.207905 0.978149
    outer loop
      vertex 35.25 -65.781 -8.04087
      vertex 34.75 -65.5053 -8.09947
      vertex 12.75 -65.781 -8.04087
    endloop
  endfacet
  facet normal 0 0.207905 0.978149
    outer loop
      vertex 12.75 -65.781 -8.04087
      vertex 34.75 -65.5053 -8.09947
      vertex 13.25 -65.5053 -8.09947
    endloop
  endfacet
  facet normal -0.000113158 0.208208 0.978085
    outer loop
      vertex 12.9931 -65.5884 -8.08181
      vertex 13.25 -65.5053 -8.09947
      vertex 13.185 -65.502 -8.10018
    endloop
  endfacet
  facet normal 3.52307e-05 0.209298 0.977852
    outer loop
      vertex 13.059 -65.5088 -8.09872
      vertex 13.185 -65.502 -8.10018
      vertex 13.0676 -65.496 -8.10146
    endloop
  endfacet
  facet normal 0.000125369 0.207701 0.978192
    outer loop
      vertex 12.9931 -65.5884 -8.08181
      vertex 13.185 -65.502 -8.10018
      vertex 13.059 -65.5088 -8.09872
    endloop
  endfacet
  facet normal -2.55334e-05 0.207948 0.97814
    outer loop
      vertex 13.25 -65.5053 -8.09947
      vertex 12.9931 -65.5884 -8.08181
      vertex 12.9191 -65.6608 -8.06642
    endloop
  endfacet
  facet normal -4.23175e-05 0.207983 0.978133
    outer loop
      vertex 13.25 -65.5053 -8.09947
      vertex 12.9191 -65.6608 -8.06642
      vertex 12.8378 -65.7252 -8.05273
    endloop
  endfacet
  facet normal 2.06567e-05 0.20787 0.978157
    outer loop
      vertex 12.75 -65.781 -8.04087
      vertex 13.25 -65.5053 -8.09947
      vertex 12.8378 -65.7252 -8.05273
    endloop
  endfacet
  facet normal 0 0.20791 0.978148
    outer loop
      vertex 35.25 -65.781 -8.04087
      vertex 12.75 -65.781 -8.04087
      vertex 39.9 -68.9932 -7.3581
    endloop
  endfacet
  facet normal -0.000143763 0.20811 0.978106
    outer loop
      vertex 8.1 -68.9932 -7.3581
      vertex 12.75 -65.781 -8.04087
      vertex 12.6567 -65.8275 -8.03099
    endloop
  endfacet
  facet normal -0.000235882 0.208236 0.978078
    outer loop
      vertex 8.1 -68.9932 -7.3581
      vertex 12.6567 -65.8275 -8.03099
      vertex 12.559 -65.8642 -8.0232
    endloop
  endfacet
  facet normal 0.000110612 0.207764 0.978179
    outer loop
      vertex 8.1 -68.9932 -7.3581
      vertex 12.559 -65.8642 -8.0232
      vertex 12.4579 -65.8907 -8.01756
    endloop
  endfacet
  facet normal -1.11422e-05 0.207928 0.978144
    outer loop
      vertex 8.1 -68.9932 -7.3581
      vertex 12.4579 -65.8907 -8.01756
      vertex 12.3545 -65.9067 -8.01416
    endloop
  endfacet
  facet normal 0.000135294 0.207735 0.978185
    outer loop
      vertex 8.1 -68.9932 -7.3581
      vertex 12.3545 -65.9067 -8.01416
      vertex 12.25 -65.912 -8.01302
    endloop
  endfacet
  facet normal -0.000117983 0.208061 0.978116
    outer loop
      vertex 8.1 -68.9932 -7.3581
      vertex 12.25 -65.912 -8.01302
      vertex 12.1455 -65.9067 -8.01416
    endloop
  endfacet
  facet normal -6.4441e-07 0.207912 0.978148
    outer loop
      vertex 11.25 -63.549 -8.5153
      vertex 8.1 -68.9932 -7.3581
      vertex 11.25 -64.9339 -8.22093
    endloop
  endfacet
  facet normal 0 0.20791 0.978148
    outer loop
      vertex 12.75 -65.781 -8.04087
      vertex 8.1 -68.9932 -7.3581
      vertex 39.9 -68.9932 -7.3581
    endloop
  endfacet
  facet normal 7.2876e-06 0.207904 0.978149
    outer loop
      vertex 12.0421 -65.8907 -8.01756
      vertex 8.1 -68.9932 -7.3581
      vertex 12.1455 -65.9067 -8.01416
    endloop
  endfacet
  facet normal -5.2424e-05 0.207976 0.978134
    outer loop
      vertex 11.941 -65.8642 -8.0232
      vertex 8.1 -68.9932 -7.3581
      vertex 12.0421 -65.8907 -8.01756
    endloop
  endfacet
  facet normal 7.50265e-05 0.207827 0.978166
    outer loop
      vertex 11.8433 -65.8275 -8.03099
      vertex 8.1 -68.9932 -7.3581
      vertex 11.941 -65.8642 -8.0232
    endloop
  endfacet
  facet normal 2.55653e-05 0.207883 0.978154
    outer loop
      vertex 11.75 -65.781 -8.04087
      vertex 8.1 -68.9932 -7.3581
      vertex 11.8433 -65.8275 -8.03099
    endloop
  endfacet
  facet normal 3.77403e-06 0.207906 0.978149
    outer loop
      vertex 11.6622 -65.7252 -8.05273
      vertex 8.1 -68.9932 -7.3581
      vertex 11.75 -65.781 -8.04087
    endloop
  endfacet
  facet normal -9.38051e-06 0.20792 0.978146
    outer loop
      vertex 11.5809 -65.6608 -8.06642
      vertex 8.1 -68.9932 -7.3581
      vertex 11.6622 -65.7252 -8.05273
    endloop
  endfacet
  facet normal -6.41093e-06 0.207917 0.978146
    outer loop
      vertex 11.5069 -65.5884 -8.08181
      vertex 8.1 -68.9932 -7.3581
      vertex 11.5809 -65.6608 -8.06642
    endloop
  endfacet
  facet normal 6.34546e-05 0.20785 0.978161
    outer loop
      vertex 11.441 -65.5088 -8.09872
      vertex 8.1 -68.9932 -7.3581
      vertex 11.5069 -65.5884 -8.08181
    endloop
  endfacet
  facet normal -9.09138e-05 0.207992 0.978131
    outer loop
      vertex 11.384 -65.423 -8.11697
      vertex 8.1 -68.9932 -7.3581
      vertex 11.441 -65.5088 -8.09872
    endloop
  endfacet
  facet normal 0.000122222 0.207804 0.97817
    outer loop
      vertex 11.3365 -65.3317 -8.13636
      vertex 8.1 -68.9932 -7.3581
      vertex 11.384 -65.423 -8.11697
    endloop
  endfacet
  facet normal -0.000170442 0.208052 0.978118
    outer loop
      vertex 11.2989 -65.2362 -8.15668
      vertex 8.1 -68.9932 -7.3581
      vertex 11.3365 -65.3317 -8.13636
    endloop
  endfacet
  facet normal 1.73759e-05 0.207899 0.97815
    outer loop
      vertex 11.2719 -65.1373 -8.1777
      vertex 8.1 -68.9932 -7.3581
      vertex 11.2989 -65.2362 -8.15668
    endloop
  endfacet
  facet normal 0.000106082 0.207829 0.978165
    outer loop
      vertex 11.2555 -65.0361 -8.1992
      vertex 8.1 -68.9932 -7.3581
      vertex 11.2719 -65.1373 -8.1777
    endloop
  endfacet
  facet normal -7.77465e-05 0.207969 0.978135
    outer loop
      vertex 11.25 -64.9339 -8.22093
      vertex 8.1 -68.9932 -7.3581
      vertex 11.2555 -65.0361 -8.1992
    endloop
  endfacet
  facet normal 0.0007783 0.207864 0.978157
    outer loop
      vertex 11.2719 -42.1508 -13.0636
      vertex 11.2711 -42.2515 -13.0422
      vertex 11.2816 -42.1866 -13.056
    endloop
  endfacet
  facet normal -0.00466392 0.207904 0.978138
    outer loop
      vertex 11.2719 -42.1508 -13.0636
      vertex 11.261 -42.3143 -13.0289
      vertex 11.2711 -42.2515 -13.0422
    endloop
  endfacet
  facet normal -0.00183052 0.207725 0.978186
    outer loop
      vertex 11.2555 -42.0497 -13.0851
      vertex 11.261 -42.3143 -13.0289
      vertex 11.2719 -42.1508 -13.0636
    endloop
  endfacet
  facet normal -0.00173804 0.207727 0.978185
    outer loop
      vertex 11.2555 -42.0497 -13.0851
      vertex 11.2576 -42.3779 -13.0154
      vertex 11.261 -42.3143 -13.0289
    endloop
  endfacet
  facet normal -0.0150379 0.207622 0.978094
    outer loop
      vertex 11.25 -41.9474 -13.1069
      vertex 11.2576 -42.3779 -13.0154
      vertex 11.2555 -42.0497 -13.0851
    endloop
  endfacet
  facet normal 0.0051016 0.207983 0.978119
    outer loop
      vertex 11.2576 -42.3779 -13.0154
      vertex 11.25 -41.9474 -13.1069
      vertex 11.25 -42.5188 -12.9854
    endloop
  endfacet
  facet normal -0.000369275 0.208078 0.978112
    outer loop
      vertex 11.4229 -64.3447 -8.34617
      vertex 11.384 -64.4448 -8.32489
      vertex 11.435 -64.3679 -8.34123
    endloop
  endfacet
  facet normal -4.86647e-05 0.207959 0.978138
    outer loop
      vertex 11.3996 -64.2853 -8.3588
      vertex 11.384 -64.4448 -8.32489
      vertex 11.4229 -64.3447 -8.34617
    endloop
  endfacet
  facet normal 0.000316926 0.207924 0.978145
    outer loop
      vertex 11.3479 -64.1535 -8.3868
      vertex 11.384 -64.4448 -8.32489
      vertex 11.3996 -64.2853 -8.3588
    endloop
  endfacet
  facet normal 0.000120776 0.207901 0.97815
    outer loop
      vertex 11.3479 -64.1535 -8.3868
      vertex 11.3365 -64.536 -8.3055
      vertex 11.384 -64.4448 -8.32489
    endloop
  endfacet
  facet normal 9.91705e-06 0.207904 0.978149
    outer loop
      vertex 11.2989 -64.6316 -8.28518
      vertex 11.3479 -64.1535 -8.3868
      vertex 11.3105 -64.0172 -8.41577
    endloop
  endfacet
  facet normal 8.83061e-06 0.207904 0.978149
    outer loop
      vertex 11.3479 -64.1535 -8.3868
      vertex 11.2989 -64.6316 -8.28518
      vertex 11.3365 -64.536 -8.3055
    endloop
  endfacet
  facet normal 9.54632e-05 0.207903 0.97815
    outer loop
      vertex 11.2937 -63.9557 -8.42884
      vertex 11.2989 -64.6316 -8.28518
      vertex 11.3105 -64.0172 -8.41577
    endloop
  endfacet
  facet normal -0.00181154 0.207949 0.978138
    outer loop
      vertex 11.2719 -64.7305 -8.26416
      vertex 11.2937 -63.9557 -8.42884
      vertex 11.2835 -63.8929 -8.44221
    endloop
  endfacet
  facet normal -2.89844e-05 0.207902 0.97815
    outer loop
      vertex 11.2937 -63.9557 -8.42884
      vertex 11.2719 -64.7305 -8.26416
      vertex 11.2989 -64.6316 -8.28518
    endloop
  endfacet
  facet normal 0.000499899 0.207919 0.978146
    outer loop
      vertex 11.261 -63.7535 -8.47183
      vertex 11.2719 -64.7305 -8.26416
      vertex 11.2835 -63.8929 -8.44221
    endloop
  endfacet
  facet normal 0.000574785 0.20792 0.978146
    outer loop
      vertex 11.261 -63.7535 -8.47183
      vertex 11.2555 -64.8316 -8.24266
      vertex 11.2719 -64.7305 -8.26416
    endloop
  endfacet
  facet normal 0.000104484 0.207922 0.978145
    outer loop
      vertex 11.2534 -63.6126 -8.50178
      vertex 11.2555 -64.8316 -8.24266
      vertex 11.261 -63.7535 -8.47183
    endloop
  endfacet
  facet normal -0.000206796 0.207922 0.978145
    outer loop
      vertex 11.25 -63.549 -8.5153
      vertex 11.2555 -64.8316 -8.24266
      vertex 11.2534 -63.6126 -8.50178
    endloop
  endfacet
  facet normal -0.00259068 0.207911 0.978144
    outer loop
      vertex 11.2555 -64.8316 -8.24266
      vertex 11.25 -63.549 -8.5153
      vertex 11.25 -64.9339 -8.22093
    endloop
  endfacet
  facet normal 0 0.978147 -0.207916
    outer loop
      vertex 39.9 -39.1356 -19.8386
      vertex 8.1 -37.8881 -13.9697
      vertex 39.9 -37.8881 -13.9697
    endloop
  endfacet
  facet normal 0 0.978147 -0.207916
    outer loop
      vertex 8.1 -37.8881 -13.9697
      vertex 39.9 -39.1356 -19.8386
      vertex 8.1 -39.1356 -19.8386
    endloop
  endfacet
  facet normal 1 0 0
    outer loop
      vertex 9.9 -66.5812 -11.909
      vertex 9.9 -68.0538 -11.596
      vertex 9.9 -66.7996 -12.9361
    endloop
  endfacet
  facet normal 1 0 0
    outer loop
      vertex 9.9 -43.5948 -16.7949
      vertex 9.9 -64.9291 -12.2602
      vertex 9.9 -43.8131 -17.822
    endloop
  endfacet
  facet normal 1 0 0
    outer loop
      vertex 9.9 -42.1609 -18.1732
      vertex 9.9 -40.47 -17.4591
      vertex 9.9 -41.9426 -17.1461
    endloop
  endfacet
  facet normal 1 0 0
    outer loop
      vertex 9.9 -40.47 -17.4591
      vertex 9.9 -42.1609 -18.1732
      vertex 9.9 -40.8963 -19.4643
    endloop
  endfacet
  facet normal 1 0 0
    outer loop
      vertex 9.9 -43.8131 -17.822
      vertex 9.9 -40.8963 -19.4643
      vertex 9.9 -42.1609 -18.1732
    endloop
  endfacet
  facet normal 1 -0 0
    outer loop
      vertex 9.9 -65.1474 -13.2873
      vertex 9.9 -43.8131 -17.822
      vertex 9.9 -64.9291 -12.2602
    endloop
  endfacet
  facet normal 1 0 0
    outer loop
      vertex 9.9 -43.8131 -17.822
      vertex 9.9 -65.1474 -13.2873
      vertex 9.9 -40.8963 -19.4643
    endloop
  endfacet
  facet normal 1 0 0
    outer loop
      vertex 9.9 -68.48 -13.6012
      vertex 9.9 -65.1474 -13.2873
      vertex 9.9 -66.7996 -12.9361
    endloop
  endfacet
  facet normal 1 0 0
    outer loop
      vertex 9.9 -65.1474 -13.2873
      vertex 9.9 -68.48 -13.6012
      vertex 9.9 -40.8963 -19.4643
    endloop
  endfacet
  facet normal 1 0 0
    outer loop
      vertex 9.9 -68.48 -13.6012
      vertex 9.9 -66.7996 -12.9361
      vertex 9.9 -68.0538 -11.596
    endloop
  endfacet
  facet normal -1 0 0
    outer loop
      vertex 38.1 -42.1609 -18.1732
      vertex 38.1 -40.47 -17.4591
      vertex 38.1 -40.8963 -19.4643
    endloop
  endfacet
  facet normal -1 -0 0
    outer loop
      vertex 38.1 -40.47 -17.4591
      vertex 38.1 -42.1609 -18.1732
      vertex 38.1 -41.9426 -17.1461
    endloop
  endfacet
  facet normal -1 0 0
    outer loop
      vertex 38.1 -40.8963 -19.4643
      vertex 38.1 -43.8131 -17.822
      vertex 38.1 -42.1609 -18.1732
    endloop
  endfacet
  facet normal -1 0 0
    outer loop
      vertex 38.1 -65.1474 -13.2873
      vertex 38.1 -43.8131 -17.822
      vertex 38.1 -40.8963 -19.4643
    endloop
  endfacet
  facet normal -1 0 0
    outer loop
      vertex 38.1 -43.8131 -17.822
      vertex 38.1 -65.1474 -13.2873
      vertex 38.1 -64.9291 -12.2602
    endloop
  endfacet
  facet normal -1 0 0
    outer loop
      vertex 38.1 -68.48 -13.6012
      vertex 38.1 -65.1474 -13.2873
      vertex 38.1 -40.8963 -19.4643
    endloop
  endfacet
  facet normal -1 -0 0
    outer loop
      vertex 38.1 -66.7996 -12.9361
      vertex 38.1 -68.48 -13.6012
      vertex 38.1 -68.0538 -11.596
    endloop
  endfacet
  facet normal -1 -0 0
    outer loop
      vertex 38.1 -65.1474 -13.2873
      vertex 38.1 -68.48 -13.6012
      vertex 38.1 -66.7996 -12.9361
    endloop
  endfacet
  facet normal -1 -0 0
    outer loop
      vertex 38.1 -43.5948 -16.7949
      vertex 38.1 -43.8131 -17.822
      vertex 38.1 -64.9291 -12.2602
    endloop
  endfacet
  facet normal -1 -0 0
    outer loop
      vertex 38.1 -66.5812 -11.909
      vertex 38.1 -66.7996 -12.9361
      vertex 38.1 -68.0538 -11.596
    endloop
  endfacet
  facet normal 0 0.978151 -0.207896
    outer loop
      vertex 38.1 -68.0538 -11.596
      vertex 36.5946 -68.2721 -12.6231
      vertex 36.5946 -68.0538 -11.596
    endloop
  endfacet
  facet normal 0 0.978148 -0.20791
    outer loop
      vertex 38.1 -68.48 -13.6012
      vertex 34.9054 -68.2721 -12.6231
      vertex 36.5946 -68.2721 -12.6231
    endloop
  endfacet
  facet normal 0 0.978148 -0.20791
    outer loop
      vertex 34.9054 -68.2721 -12.6231
      vertex 38.1 -68.48 -13.6012
      vertex 13.0946 -68.2721 -12.6231
    endloop
  endfacet
  facet normal 0 0.978148 -0.20791
    outer loop
      vertex 9.9 -68.48 -13.6012
      vertex 13.0946 -68.2721 -12.6231
      vertex 38.1 -68.48 -13.6012
    endloop
  endfacet
  facet normal 4.8152e-06 0.978149 -0.207903
    outer loop
      vertex 38.1 -68.48 -13.6012
      vertex 36.5946 -68.2721 -12.6231
      vertex 38.1 -68.0538 -11.596
    endloop
  endfacet
  facet normal 0 0.978151 -0.207896
    outer loop
      vertex 34.9054 -68.2721 -12.6231
      vertex 13.0946 -68.0538 -11.596
      vertex 34.9054 -68.0538 -11.596
    endloop
  endfacet
  facet normal 0 0.978151 -0.207896
    outer loop
      vertex 13.0946 -68.0538 -11.596
      vertex 34.9054 -68.2721 -12.6231
      vertex 13.0946 -68.2721 -12.6231
    endloop
  endfacet
  facet normal 0 0.978151 -0.207896
    outer loop
      vertex 11.4054 -68.2721 -12.6231
      vertex 9.9 -68.0538 -11.596
      vertex 11.4054 -68.0538 -11.596
    endloop
  endfacet
  facet normal -4.8152e-06 0.978149 -0.207903
    outer loop
      vertex 11.4054 -68.2721 -12.6231
      vertex 9.9 -68.48 -13.6012
      vertex 9.9 -68.0538 -11.596
    endloop
  endfacet
  facet normal 0 0.978148 -0.20791
    outer loop
      vertex 13.0946 -68.2721 -12.6231
      vertex 9.9 -68.48 -13.6012
      vertex 11.4054 -68.2721 -12.6231
    endloop
  endfacet
  facet normal 0 -0.207153 -0.978308
    outer loop
      vertex 11.2332 -40.5347 -17.4454
      vertex 9.9 -40.47 -17.4591
      vertex 11.4054 -40.47 -17.4591
    endloop
  endfacet
  facet normal -3.53852e-05 -0.207851 -0.97816
    outer loop
      vertex 11 -40.6509 -17.4207
      vertex 9.9 -40.47 -17.4591
      vertex 11.2332 -40.5347 -17.4454
    endloop
  endfacet
  facet normal -0.000100165 -0.208228 -0.97808
    outer loop
      vertex 10.7805 -40.7903 -17.391
      vertex 9.9 -40.47 -17.4591
      vertex 11 -40.6509 -17.4207
    endloop
  endfacet
  facet normal 7.86928e-05 -0.207758 -0.97818
    outer loop
      vertex 10.5772 -40.9514 -17.3568
      vertex 9.9 -40.47 -17.4591
      vertex 10.7805 -40.7903 -17.391
    endloop
  endfacet
  facet normal -8.13262e-05 -0.207973 -0.978135
    outer loop
      vertex 10.3921 -41.1324 -17.3183
      vertex 9.9 -40.47 -17.4591
      vertex 10.5772 -40.9514 -17.3568
    endloop
  endfacet
  facet normal 0.000245078 -0.207741 -0.978184
    outer loop
      vertex 10.2275 -41.3313 -17.2761
      vertex 9.9 -40.47 -17.4591
      vertex 10.3921 -41.1324 -17.3183
    endloop
  endfacet
  facet normal -0.00036115 -0.207962 -0.978137
    outer loop
      vertex 10.0849 -41.546 -17.2304
      vertex 9.9 -40.47 -17.4591
      vertex 10.2275 -41.3313 -17.2761
    endloop
  endfacet
  facet normal 0.000506863 -0.207819 -0.978167
    outer loop
      vertex 9.96614 -41.7741 -17.182
      vertex 9.9 -40.47 -17.4591
      vertex 10.0849 -41.546 -17.2304
    endloop
  endfacet
  facet normal -0.00126379 -0.207905 -0.978148
    outer loop
      vertex 9.9 -40.47 -17.4591
      vertex 9.96614 -41.7741 -17.182
      vertex 9.9 -41.9426 -17.1461
    endloop
  endfacet
  facet normal 0.000529778 -0.207905 -0.978149
    outer loop
      vertex 38.1 -68.0538 -11.596
      vertex 38.0339 -66.7498 -11.8732
      vertex 38.1 -66.5812 -11.909
    endloop
  endfacet
  facet normal -0.00024398 -0.207942 -0.978141
    outer loop
      vertex 38.1 -68.0538 -11.596
      vertex 37.9151 -66.9778 -11.8247
      vertex 38.0339 -66.7498 -11.8732
    endloop
  endfacet
  facet normal 0.000183795 -0.207872 -0.978156
    outer loop
      vertex 38.1 -68.0538 -11.596
      vertex 37.7725 -67.1925 -11.7791
      vertex 37.9151 -66.9778 -11.8247
    endloop
  endfacet
  facet normal -6.8074e-05 -0.207964 -0.978137
    outer loop
      vertex 38.1 -68.0538 -11.596
      vertex 37.6079 -67.3914 -11.7368
      vertex 37.7725 -67.1925 -11.7791
    endloop
  endfacet
  facet normal -8.13262e-05 -0.207973 -0.978135
    outer loop
      vertex 38.1 -68.0538 -11.596
      vertex 37.4228 -67.5724 -11.6983
      vertex 37.6079 -67.3914 -11.7368
    endloop
  endfacet
  facet normal 7.86928e-05 -0.207758 -0.97818
    outer loop
      vertex 38.1 -68.0538 -11.596
      vertex 37.2195 -67.7335 -11.6641
      vertex 37.4228 -67.5724 -11.6983
    endloop
  endfacet
  facet normal 6.21214e-05 -0.207801 -0.978171
    outer loop
      vertex 38.1 -68.0538 -11.596
      vertex 37 -67.8729 -11.6345
      vertex 37.2195 -67.7335 -11.6641
    endloop
  endfacet
  facet normal 3.14718e-05 -0.20798 -0.978133
    outer loop
      vertex 38.1 -68.0538 -11.596
      vertex 36.7668 -67.9891 -11.6098
      vertex 37 -67.8729 -11.6345
    endloop
  endfacet
  facet normal 0 -0.2086 -0.978001
    outer loop
      vertex 36.7668 -67.9891 -11.6098
      vertex 38.1 -68.0538 -11.596
      vertex 36.5946 -68.0538 -11.596
    endloop
  endfacet
  facet normal 0 -0.2086 -0.978001
    outer loop
      vertex 9.9 -68.0538 -11.596
      vertex 11.2332 -67.9891 -11.6098
      vertex 11.4054 -68.0538 -11.596
    endloop
  endfacet
  facet normal -3.14718e-05 -0.20798 -0.978133
    outer loop
      vertex 9.9 -68.0538 -11.596
      vertex 11 -67.8729 -11.6345
      vertex 11.2332 -67.9891 -11.6098
    endloop
  endfacet
  facet normal -6.21214e-05 -0.207801 -0.978171
    outer loop
      vertex 9.9 -68.0538 -11.596
      vertex 10.7805 -67.7335 -11.6641
      vertex 11 -67.8729 -11.6345
    endloop
  endfacet
  facet normal -7.86928e-05 -0.207758 -0.97818
    outer loop
      vertex 9.9 -68.0538 -11.596
      vertex 10.5772 -67.5724 -11.6983
      vertex 10.7805 -67.7335 -11.6641
    endloop
  endfacet
  facet normal 8.13262e-05 -0.207973 -0.978135
    outer loop
      vertex 9.9 -68.0538 -11.596
      vertex 10.3921 -67.3914 -11.7368
      vertex 10.5772 -67.5724 -11.6983
    endloop
  endfacet
  facet normal 6.8074e-05 -0.207964 -0.978137
    outer loop
      vertex 9.9 -68.0538 -11.596
      vertex 10.2275 -67.1925 -11.7791
      vertex 10.3921 -67.3914 -11.7368
    endloop
  endfacet
  facet normal -0.000183795 -0.207872 -0.978156
    outer loop
      vertex 9.9 -68.0538 -11.596
      vertex 10.0849 -66.9778 -11.8247
      vertex 10.2275 -67.1925 -11.7791
    endloop
  endfacet
  facet normal 0.000244042 -0.207942 -0.978141
    outer loop
      vertex 9.9 -68.0538 -11.596
      vertex 9.96614 -66.7498 -11.8732
      vertex 10.0849 -66.9778 -11.8247
    endloop
  endfacet
  facet normal -0.000529458 -0.207905 -0.978149
    outer loop
      vertex 9.96614 -66.7498 -11.8732
      vertex 9.9 -68.0538 -11.596
      vertex 9.9 -66.5812 -11.909
    endloop
  endfacet
  facet normal 0.00126455 -0.207905 -0.978148
    outer loop
      vertex 38.0339 -41.7741 -17.182
      vertex 38.1 -40.47 -17.4591
      vertex 38.1 -41.9426 -17.1461
    endloop
  endfacet
  facet normal -0.000506735 -0.207819 -0.978167
    outer loop
      vertex 37.9151 -41.546 -17.2304
      vertex 38.1 -40.47 -17.4591
      vertex 38.0339 -41.7741 -17.182
    endloop
  endfacet
  facet normal 0.00036115 -0.207962 -0.978137
    outer loop
      vertex 37.7725 -41.3313 -17.2761
      vertex 38.1 -40.47 -17.4591
      vertex 37.9151 -41.546 -17.2304
    endloop
  endfacet
  facet normal -0.000245078 -0.207741 -0.978184
    outer loop
      vertex 37.6079 -41.1324 -17.3183
      vertex 38.1 -40.47 -17.4591
      vertex 37.7725 -41.3313 -17.2761
    endloop
  endfacet
  facet normal 8.13262e-05 -0.207973 -0.978135
    outer loop
      vertex 37.4228 -40.9514 -17.3568
      vertex 38.1 -40.47 -17.4591
      vertex 37.6079 -41.1324 -17.3183
    endloop
  endfacet
  facet normal -7.86928e-05 -0.207758 -0.97818
    outer loop
      vertex 37.2195 -40.7903 -17.391
      vertex 38.1 -40.47 -17.4591
      vertex 37.4228 -40.9514 -17.3568
    endloop
  endfacet
  facet normal 0.000100165 -0.208228 -0.97808
    outer loop
      vertex 37 -40.6509 -17.4207
      vertex 38.1 -40.47 -17.4591
      vertex 37.2195 -40.7903 -17.391
    endloop
  endfacet
  facet normal 3.53852e-05 -0.207851 -0.97816
    outer loop
      vertex 36.7668 -40.5347 -17.4454
      vertex 38.1 -40.47 -17.4591
      vertex 37 -40.6509 -17.4207
    endloop
  endfacet
  facet normal -0 -0.207153 -0.978308
    outer loop
      vertex 38.1 -40.47 -17.4591
      vertex 36.7668 -40.5347 -17.4454
      vertex 36.5946 -40.47 -17.4591
    endloop
  endfacet
  facet normal 0.00227787 -0.207914 -0.978145
    outer loop
      vertex 11.2332 -63.5212 -12.5595
      vertex 11.25 -45.009 -16.4944
      vertex 11.25 -63.5149 -12.5608
    endloop
  endfacet
  facet normal -0.00351344 -0.207908 -0.978142
    outer loop
      vertex 11.2332 -63.5212 -12.5595
      vertex 11.2332 -45.0026 -16.4957
      vertex 11.25 -45.009 -16.4944
    endloop
  endfacet
  facet normal -5.20497e-06 -0.207909 -0.978148
    outer loop
      vertex 11 -63.6374 -12.5348
      vertex 11.2332 -45.0026 -16.4957
      vertex 11.2332 -63.5212 -12.5595
    endloop
  endfacet
  facet normal 5.14046e-06 -0.207909 -0.978148
    outer loop
      vertex 11 -63.6374 -12.5348
      vertex 11 -44.8864 -16.5204
      vertex 11.2332 -45.0026 -16.4957
    endloop
  endfacet
  facet normal -0.000311817 -0.207909 -0.978148
    outer loop
      vertex 10.7805 -63.7768 -12.5051
      vertex 11 -44.8864 -16.5204
      vertex 11 -63.6374 -12.5348
    endloop
  endfacet
  facet normal -0.000135113 -0.207911 -0.978148
    outer loop
      vertex 10.7805 -63.7768 -12.5051
      vertex 10.7805 -44.747 -16.55
      vertex 11 -44.8864 -16.5204
    endloop
  endfacet
  facet normal 0.000205864 -0.207911 -0.978148
    outer loop
      vertex 10.5772 -63.9379 -12.4709
      vertex 10.7805 -44.747 -16.55
      vertex 10.7805 -63.7768 -12.5051
    endloop
  endfacet
  facet normal 0.000274693 -0.207912 -0.978148
    outer loop
      vertex 10.5772 -63.9379 -12.4709
      vertex 10.5772 -44.5859 -16.5843
      vertex 10.7805 -44.747 -16.55
    endloop
  endfacet
  facet normal -0.000143798 -0.207912 -0.978148
    outer loop
      vertex 10.3921 -64.1189 -12.4324
      vertex 10.5772 -44.5859 -16.5843
      vertex 10.5772 -63.9379 -12.4709
    endloop
  endfacet
  facet normal -0.000382434 -0.20791 -0.978148
    outer loop
      vertex 10.3921 -64.1189 -12.4324
      vertex 10.3921 -44.4049 -16.6227
      vertex 10.5772 -44.5859 -16.5843
    endloop
  endfacet
  facet normal -0.000136109 -0.20791 -0.978148
    outer loop
      vertex 10.2275 -64.3178 -12.3901
      vertex 10.3921 -44.4049 -16.6227
      vertex 10.3921 -64.1189 -12.4324
    endloop
  endfacet
  facet normal 0.000133417 -0.207912 -0.978148
    outer loop
      vertex 10.2275 -64.3178 -12.3901
      vertex 10.2275 -44.206 -16.665
      vertex 10.3921 -44.4049 -16.6227
    endloop
  endfacet
  facet normal 0.000246571 -0.207912 -0.978148
    outer loop
      vertex 10.0849 -64.5325 -12.3445
      vertex 10.2275 -44.206 -16.665
      vertex 10.2275 -64.3178 -12.3901
    endloop
  endfacet
  facet normal -9.71416e-05 -0.20791 -0.978148
    outer loop
      vertex 10.0849 -64.5325 -12.3445
      vertex 10.0849 -43.9914 -16.7106
      vertex 10.2275 -44.206 -16.665
    endloop
  endfacet
  facet normal -0.000309769 -0.20791 -0.978148
    outer loop
      vertex 9.96614 -64.7605 -12.296
      vertex 10.0849 -43.9914 -16.7106
      vertex 10.0849 -64.5325 -12.3445
    endloop
  endfacet
  facet normal 0.000129873 -0.207912 -0.978148
    outer loop
      vertex 9.96614 -64.7605 -12.296
      vertex 9.96614 -43.7633 -16.7591
      vertex 10.0849 -43.9914 -16.7106
    endloop
  endfacet
  facet normal 0.000548606 -0.207912 -0.978147
    outer loop
      vertex 9.9 -64.9291 -12.2602
      vertex 9.96614 -43.7633 -16.7591
      vertex 9.96614 -64.7605 -12.296
    endloop
  endfacet
  facet normal -0.000228072 -0.20791 -0.978148
    outer loop
      vertex 9.96614 -43.7633 -16.7591
      vertex 9.9 -64.9291 -12.2602
      vertex 9.9 -43.5948 -16.7949
    endloop
  endfacet
  facet normal 0 -0.208638 -0.977993
    outer loop
      vertex 14.3074 -41.3838 -17.2649
      vertex 33.7275 -41.3313 -17.2761
      vertex 33.6926 -41.3838 -17.2649
    endloop
  endfacet
  facet normal 0 -0.208638 -0.977993
    outer loop
      vertex 14.2725 -41.3313 -17.2761
      vertex 33.7275 -41.3313 -17.2761
      vertex 14.3074 -41.3838 -17.2649
    endloop
  endfacet
  facet normal -0 -0.207547 -0.978225
    outer loop
      vertex 33.7275 -41.3313 -17.2761
      vertex 14.2725 -41.3313 -17.2761
      vertex 33.8921 -41.1324 -17.3183
    endloop
  endfacet
  facet normal 0 -0.207547 -0.978225
    outer loop
      vertex 14.1079 -41.1324 -17.3183
      vertex 33.8921 -41.1324 -17.3183
      vertex 14.2725 -41.3313 -17.2761
    endloop
  endfacet
  facet normal -0 -0.208053 -0.978118
    outer loop
      vertex 33.8921 -41.1324 -17.3183
      vertex 14.1079 -41.1324 -17.3183
      vertex 34.0772 -40.9514 -17.3568
    endloop
  endfacet
  facet normal 0 -0.208053 -0.978118
    outer loop
      vertex 13.9228 -40.9514 -17.3568
      vertex 34.0772 -40.9514 -17.3568
      vertex 14.1079 -41.1324 -17.3183
    endloop
  endfacet
  facet normal -0 -0.207663 -0.9782
    outer loop
      vertex 34.0772 -40.9514 -17.3568
      vertex 13.9228 -40.9514 -17.3568
      vertex 34.2805 -40.7903 -17.391
    endloop
  endfacet
  facet normal 0 -0.207663 -0.9782
    outer loop
      vertex 13.7195 -40.7903 -17.391
      vertex 34.2805 -40.7903 -17.391
      vertex 13.9228 -40.9514 -17.3568
    endloop
  endfacet
  facet normal -0 -0.208379 -0.978048
    outer loop
      vertex 34.2805 -40.7903 -17.391
      vertex 13.7195 -40.7903 -17.391
      vertex 34.5 -40.6509 -17.4207
    endloop
  endfacet
  facet normal 0 -0.208379 -0.978048
    outer loop
      vertex 13.5 -40.6509 -17.4207
      vertex 34.5 -40.6509 -17.4207
      vertex 13.7195 -40.7903 -17.391
    endloop
  endfacet
  facet normal -0 -0.207919 -0.978146
    outer loop
      vertex 34.5 -40.6509 -17.4207
      vertex 13.5 -40.6509 -17.4207
      vertex 34.7332 -40.5347 -17.4454
    endloop
  endfacet
  facet normal 0 -0.207919 -0.978146
    outer loop
      vertex 13.2668 -40.5347 -17.4454
      vertex 34.7332 -40.5347 -17.4454
      vertex 13.5 -40.6509 -17.4207
    endloop
  endfacet
  facet normal -0 -0.207153 -0.978308
    outer loop
      vertex 34.7332 -40.5347 -17.4454
      vertex 13.2668 -40.5347 -17.4454
      vertex 34.9054 -40.47 -17.4591
    endloop
  endfacet
  facet normal -0 -0.207153 -0.978308
    outer loop
      vertex 34.9054 -40.47 -17.4591
      vertex 13.2668 -40.5347 -17.4454
      vertex 13.0946 -40.47 -17.4591
    endloop
  endfacet
  facet normal 0 -0.208151 -0.978097
    outer loop
      vertex 33.3724 -66.5108 -11.924
      vertex 14.6781 -66.3266 -11.9632
      vertex 33.3219 -66.3266 -11.9632
    endloop
  endfacet
  facet normal 0 -0.207908 -0.978148
    outer loop
      vertex 14.6276 -66.5108 -11.924
      vertex 33.3724 -66.5108 -11.924
      vertex 33.4661 -66.7498 -11.8732
    endloop
  endfacet
  facet normal 0 -0.208064 -0.978115
    outer loop
      vertex 14.5339 -66.7498 -11.8732
      vertex 33.4661 -66.7498 -11.8732
      vertex 33.5849 -66.9778 -11.8247
    endloop
  endfacet
  facet normal 0 -0.207755 -0.978181
    outer loop
      vertex 14.4151 -66.9778 -11.8247
      vertex 33.5849 -66.9778 -11.8247
      vertex 33.7275 -67.1925 -11.7791
    endloop
  endfacet
  facet normal 0 -0.208018 -0.978125
    outer loop
      vertex 14.2725 -67.1925 -11.7791
      vertex 33.7275 -67.1925 -11.7791
      vertex 33.8921 -67.3914 -11.7368
    endloop
  endfacet
  facet normal 0 -0.208053 -0.978118
    outer loop
      vertex 14.1079 -67.3914 -11.7368
      vertex 33.8921 -67.3914 -11.7368
      vertex 34.0772 -67.5724 -11.6983
    endloop
  endfacet
  facet normal 0 -0.207663 -0.9782
    outer loop
      vertex 13.9228 -67.5724 -11.6983
      vertex 34.0772 -67.5724 -11.6983
      vertex 34.2805 -67.7335 -11.6641
    endloop
  endfacet
  facet normal 0 -0.207708 -0.978191
    outer loop
      vertex 13.7195 -67.7335 -11.6641
      vertex 34.2805 -67.7335 -11.6641
      vertex 34.5 -67.8729 -11.6345
    endloop
  endfacet
  facet normal 0 -0.207919 -0.978146
    outer loop
      vertex 13.5 -67.8729 -11.6345
      vertex 34.5 -67.8729 -11.6345
      vertex 34.7332 -67.9891 -11.6098
    endloop
  endfacet
  facet normal 0 -0.2086 -0.978001
    outer loop
      vertex 13.2668 -67.9891 -11.6098
      vertex 34.7332 -67.9891 -11.6098
      vertex 34.9054 -68.0538 -11.596
    endloop
  endfacet
  facet normal -0 -0.208151 -0.978097
    outer loop
      vertex 33.3724 -66.5108 -11.924
      vertex 14.6276 -66.5108 -11.924
      vertex 14.6781 -66.3266 -11.9632
    endloop
  endfacet
  facet normal -0 -0.207908 -0.978148
    outer loop
      vertex 33.4661 -66.7498 -11.8732
      vertex 14.5339 -66.7498 -11.8732
      vertex 14.6276 -66.5108 -11.924
    endloop
  endfacet
  facet normal -0 -0.208064 -0.978115
    outer loop
      vertex 33.5849 -66.9778 -11.8247
      vertex 14.4151 -66.9778 -11.8247
      vertex 14.5339 -66.7498 -11.8732
    endloop
  endfacet
  facet normal -0 -0.207755 -0.978181
    outer loop
      vertex 33.7275 -67.1925 -11.7791
      vertex 14.2725 -67.1925 -11.7791
      vertex 14.4151 -66.9778 -11.8247
    endloop
  endfacet
  facet normal -0 -0.208018 -0.978125
    outer loop
      vertex 33.8921 -67.3914 -11.7368
      vertex 14.1079 -67.3914 -11.7368
      vertex 14.2725 -67.1925 -11.7791
    endloop
  endfacet
  facet normal -0 -0.208053 -0.978118
    outer loop
      vertex 34.0772 -67.5724 -11.6983
      vertex 13.9228 -67.5724 -11.6983
      vertex 14.1079 -67.3914 -11.7368
    endloop
  endfacet
  facet normal -0 -0.207663 -0.9782
    outer loop
      vertex 34.2805 -67.7335 -11.6641
      vertex 13.7195 -67.7335 -11.6641
      vertex 13.9228 -67.5724 -11.6983
    endloop
  endfacet
  facet normal -0 -0.207708 -0.978191
    outer loop
      vertex 34.5 -67.8729 -11.6345
      vertex 13.5 -67.8729 -11.6345
      vertex 13.7195 -67.7335 -11.6641
    endloop
  endfacet
  facet normal -0 -0.207919 -0.978146
    outer loop
      vertex 34.7332 -67.9891 -11.6098
      vertex 13.2668 -67.9891 -11.6098
      vertex 13.5 -67.8729 -11.6345
    endloop
  endfacet
  facet normal 0 -0.2086 -0.978001
    outer loop
      vertex 13.2668 -67.9891 -11.6098
      vertex 34.9054 -68.0538 -11.596
      vertex 13.0946 -68.0538 -11.596
    endloop
  endfacet
  facet normal -0.000542748 -0.20791 -0.978148
    outer loop
      vertex 38.0339 -64.7605 -12.296
      vertex 38.1 -43.5948 -16.7949
      vertex 38.1 -64.9291 -12.2602
    endloop
  endfacet
  facet normal 0.000234396 -0.207912 -0.978148
    outer loop
      vertex 38.0339 -64.7605 -12.296
      vertex 38.0339 -43.7633 -16.7591
      vertex 38.1 -43.5948 -16.7949
    endloop
  endfacet
  facet normal 0.000304839 -0.207912 -0.978147
    outer loop
      vertex 37.9151 -64.5325 -12.3445
      vertex 38.0339 -43.7633 -16.7591
      vertex 38.0339 -64.7605 -12.296
    endloop
  endfacet
  facet normal -0.000134656 -0.20791 -0.978148
    outer loop
      vertex 37.9151 -64.5325 -12.3445
      vertex 37.9151 -43.9914 -16.7106
      vertex 38.0339 -43.7633 -16.7591
    endloop
  endfacet
  facet normal -0.000242941 -0.20791 -0.978148
    outer loop
      vertex 37.7725 -64.3178 -12.3901
      vertex 37.9151 -43.9914 -16.7106
      vertex 37.9151 -64.5325 -12.3445
    endloop
  endfacet
  facet normal 0.00010077 -0.207912 -0.978148
    outer loop
      vertex 37.7725 -64.3178 -12.3901
      vertex 37.7725 -44.206 -16.665
      vertex 37.9151 -43.9914 -16.7106
    endloop
  endfacet
  facet normal 0.000133417 -0.207912 -0.978148
    outer loop
      vertex 37.6079 -64.1189 -12.4324
      vertex 37.7725 -44.206 -16.665
      vertex 37.7725 -64.3178 -12.3901
    endloop
  endfacet
  facet normal -0.000136109 -0.20791 -0.978148
    outer loop
      vertex 37.6079 -64.1189 -12.4324
      vertex 37.6079 -44.4049 -16.6227
      vertex 37.7725 -44.206 -16.665
    endloop
  endfacet
  facet normal 0.000146009 -0.20791 -0.978148
    outer loop
      vertex 37.4228 -63.9379 -12.4709
      vertex 37.6079 -44.4049 -16.6227
      vertex 37.6079 -64.1189 -12.4324
    endloop
  endfacet
  facet normal 0.000384645 -0.207912 -0.978147
    outer loop
      vertex 37.4228 -63.9379 -12.4709
      vertex 37.4228 -44.5859 -16.5843
      vertex 37.6079 -44.4049 -16.6227
    endloop
  endfacet
  facet normal -0.000206442 -0.207912 -0.978148
    outer loop
      vertex 37.2195 -63.7768 -12.5051
      vertex 37.4228 -44.5859 -16.5843
      vertex 37.4228 -63.9379 -12.4709
    endloop
  endfacet
  facet normal -0.000275271 -0.207911 -0.978148
    outer loop
      vertex 37.2195 -63.7768 -12.5051
      vertex 37.2195 -44.747 -16.55
      vertex 37.4228 -44.5859 -16.5843
    endloop
  endfacet
  facet normal 0.000310513 -0.207911 -0.978148
    outer loop
      vertex 37 -63.6374 -12.5348
      vertex 37.2195 -44.747 -16.55
      vertex 37.2195 -63.7768 -12.5051
    endloop
  endfacet
  facet normal 0.000133809 -0.207909 -0.978148
    outer loop
      vertex 37 -63.6374 -12.5348
      vertex 37 -44.8864 -16.5204
      vertex 37.2195 -44.747 -16.55
    endloop
  endfacet
  facet normal 5.14046e-06 -0.207909 -0.978148
    outer loop
      vertex 36.7668 -63.5212 -12.5595
      vertex 37 -44.8864 -16.5204
      vertex 37 -63.6374 -12.5348
    endloop
  endfacet
  facet normal -5.20497e-06 -0.207909 -0.978148
    outer loop
      vertex 36.7668 -63.5212 -12.5595
      vertex 36.7668 -45.0026 -16.4957
      vertex 37 -44.8864 -16.5204
    endloop
  endfacet
  facet normal -0.0022759 -0.207909 -0.978146
    outer loop
      vertex 36.75 -63.5149 -12.5608
      vertex 36.7668 -45.0026 -16.4957
      vertex 36.7668 -63.5212 -12.5595
    endloop
  endfacet
  facet normal 0.00351543 -0.207913 -0.978141
    outer loop
      vertex 36.7668 -45.0026 -16.4957
      vertex 36.75 -63.5149 -12.5608
      vertex 36.75 -45.009 -16.4944
    endloop
  endfacet
  facet normal 0 -0.978151 0.207896
    outer loop
      vertex 9.9 -40.47 -17.4591
      vertex 11.4054 -40.6883 -18.4862
      vertex 11.4054 -40.47 -17.4591
    endloop
  endfacet
  facet normal 0 -0.978128 0.208006
    outer loop
      vertex 9.9 -40.8963 -19.4643
      vertex 13.0946 -40.6883 -18.4862
      vertex 11.4054 -40.6883 -18.4862
    endloop
  endfacet
  facet normal 0 -0.978128 0.208006
    outer loop
      vertex 13.0946 -40.6883 -18.4862
      vertex 9.9 -40.8963 -19.4643
      vertex 34.9054 -40.6883 -18.4862
    endloop
  endfacet
  facet normal 0 -0.978128 0.208006
    outer loop
      vertex 38.1 -40.8963 -19.4643
      vertex 34.9054 -40.6883 -18.4862
      vertex 9.9 -40.8963 -19.4643
    endloop
  endfacet
  facet normal 3.80967e-05 -0.97814 0.20795
    outer loop
      vertex 9.9 -40.8963 -19.4643
      vertex 11.4054 -40.6883 -18.4862
      vertex 9.9 -40.47 -17.4591
    endloop
  endfacet
  facet normal 0 -0.978151 0.207896
    outer loop
      vertex 13.0946 -40.6883 -18.4862
      vertex 34.9054 -40.47 -17.4591
      vertex 13.0946 -40.47 -17.4591
    endloop
  endfacet
  facet normal 0 -0.978151 0.207896
    outer loop
      vertex 34.9054 -40.47 -17.4591
      vertex 13.0946 -40.6883 -18.4862
      vertex 34.9054 -40.6883 -18.4862
    endloop
  endfacet
  facet normal 0 -0.978151 0.207896
    outer loop
      vertex 36.5946 -40.6883 -18.4862
      vertex 38.1 -40.47 -17.4591
      vertex 36.5946 -40.47 -17.4591
    endloop
  endfacet
  facet normal -3.80967e-05 -0.97814 0.20795
    outer loop
      vertex 36.5946 -40.6883 -18.4862
      vertex 38.1 -40.8963 -19.4643
      vertex 38.1 -40.47 -17.4591
    endloop
  endfacet
  facet normal 0 -0.978128 0.208006
    outer loop
      vertex 34.9054 -40.6883 -18.4862
      vertex 38.1 -40.8963 -19.4643
      vertex 36.5946 -40.6883 -18.4862
    endloop
  endfacet
  facet normal -0.453914 -0.871577 0.185245
    outer loop
      vertex 11 -44.8864 -16.5204
      vertex 11.2332 -45.2209 -17.5228
      vertex 11.2332 -45.0026 -16.4957
    endloop
  endfacet
  facet normal -0.453914 -0.871577 0.185245
    outer loop
      vertex 11.2332 -45.2209 -17.5228
      vertex 11 -44.8864 -16.5204
      vertex 11 -45.1047 -17.5475
    endloop
  endfacet
  facet normal -0.933553 -0.350608 0.0745183
    outer loop
      vertex 9.9 -43.8131 -17.822
      vertex 9.96614 -43.7633 -16.7591
      vertex 9.9 -43.5948 -16.7949
    endloop
  endfacet
  facet normal -0.933553 -0.350608 0.0745183
    outer loop
      vertex 9.96614 -43.7633 -16.7591
      vertex 9.9 -43.8131 -17.822
      vertex 9.96614 -43.9816 -17.7862
    endloop
  endfacet
  facet normal -0.933567 0.35057 -0.0745174
    outer loop
      vertex 9.96614 -41.9924 -18.209
      vertex 9.9 -41.9426 -17.1461
      vertex 9.96614 -41.7741 -17.182
    endloop
  endfacet
  facet normal -0.933553 0.350608 -0.0745183
    outer loop
      vertex 9.9 -41.9426 -17.1461
      vertex 9.96614 -41.9924 -18.209
      vertex 9.9 -42.1609 -18.1732
    endloop
  endfacet
  facet normal -0.453914 0.871573 -0.185262
    outer loop
      vertex 11.2332 -40.5347 -17.4454
      vertex 11 -40.8692 -18.4477
      vertex 11 -40.6509 -17.4207
    endloop
  endfacet
  facet normal -0.453914 0.871573 -0.185262
    outer loop
      vertex 11 -40.8692 -18.4477
      vertex 11.2332 -40.5347 -17.4454
      vertex 11.2332 -40.753 -18.4724
    endloop
  endfacet
  facet normal -0.777273 -0.615416 0.130801
    outer loop
      vertex 10.2275 -44.4243 -17.6921
      vertex 10.3921 -44.4049 -16.6227
      vertex 10.2275 -44.206 -16.665
    endloop
  endfacet
  facet normal -0.777421 -0.615225 0.13082
    outer loop
      vertex 10.3921 -44.4049 -16.6227
      vertex 10.2275 -44.4243 -17.6921
      vertex 10.3921 -44.6233 -17.6498
    endloop
  endfacet
  facet normal -0.70697 -0.691777 0.147098
    outer loop
      vertex 10.3921 -44.6233 -17.6498
      vertex 10.5772 -44.5859 -16.5843
      vertex 10.3921 -44.4049 -16.6227
    endloop
  endfacet
  facet normal -0.706823 -0.691932 0.147078
    outer loop
      vertex 10.5772 -44.5859 -16.5843
      vertex 10.3921 -44.6233 -17.6498
      vertex 10.5772 -44.8042 -17.6113
    endloop
  endfacet
  facet normal 0.777242 0.615454 -0.130809
    outer loop
      vertex 14.2725 -41.3313 -17.2761
      vertex 14.1079 -41.3507 -18.3454
      vertex 14.1079 -41.1324 -17.3183
    endloop
  endfacet
  facet normal 0.777273 0.615414 -0.130813
    outer loop
      vertex 14.1079 -41.3507 -18.3454
      vertex 14.2725 -41.3313 -17.2761
      vertex 14.2725 -41.5496 -18.3031
    endloop
  endfacet
  facet normal -0.70701 0.691752 -0.147025
    outer loop
      vertex 10.5772 -41.1697 -18.3839
      vertex 10.3921 -41.1324 -17.3183
      vertex 10.5772 -40.9514 -17.3568
    endloop
  endfacet
  facet normal -0.70701 0.691752 -0.147025
    outer loop
      vertex 10.3921 -41.1324 -17.3183
      vertex 10.5772 -41.1697 -18.3839
      vertex 10.3921 -41.3507 -18.3454
    endloop
  endfacet
  facet normal -0.891084 0.443922 -0.0943512
    outer loop
      vertex 10.0849 -41.7643 -18.2575
      vertex 9.96614 -41.7741 -17.182
      vertex 10.0849 -41.546 -17.2304
    endloop
  endfacet
  facet normal -0.891101 0.443889 -0.0943533
    outer loop
      vertex 9.96614 -41.7741 -17.182
      vertex 10.0849 -41.7643 -18.2575
      vertex 9.96614 -41.9924 -18.209
    endloop
  endfacet
  facet normal -0.891101 -0.44389 0.0943445
    outer loop
      vertex 9.96614 -43.9816 -17.7862
      vertex 10.0849 -43.9914 -16.7106
      vertex 9.96614 -43.7633 -16.7591
    endloop
  endfacet
  facet normal -0.891101 -0.44389 0.0943445
    outer loop
      vertex 10.0849 -43.9914 -16.7106
      vertex 9.96614 -43.9816 -17.7862
      vertex 10.0849 -44.2097 -17.7377
    endloop
  endfacet
  facet normal -0.838451 -0.533069 0.113299
    outer loop
      vertex 10.0849 -44.2097 -17.7377
      vertex 10.2275 -44.206 -16.665
      vertex 10.0849 -43.9914 -16.7106
    endloop
  endfacet
  facet normal -0.838451 -0.533069 0.113299
    outer loop
      vertex 10.2275 -44.206 -16.665
      vertex 10.0849 -44.2097 -17.7377
      vertex 10.2275 -44.4243 -17.6921
    endloop
  endfacet
  facet normal -0.362306 -0.911691 0.19379
    outer loop
      vertex 11.2332 -45.0026 -16.4957
      vertex 11.25 -45.2273 -17.5214
      vertex 11.25 -45.009 -16.4944
    endloop
  endfacet
  facet normal -0.363308 -0.911313 0.193691
    outer loop
      vertex 11.25 -45.2273 -17.5214
      vertex 11.2332 -45.0026 -16.4957
      vertex 11.2332 -45.2209 -17.5228
    endloop
  endfacet
  facet normal -0.629509 -0.760016 0.161534
    outer loop
      vertex 10.5772 -44.5859 -16.5843
      vertex 10.7805 -44.9653 -17.5771
      vertex 10.7805 -44.747 -16.55
    endloop
  endfacet
  facet normal -0.629461 -0.760051 0.161557
    outer loop
      vertex 10.7805 -44.9653 -17.5771
      vertex 10.5772 -44.5859 -16.5843
      vertex 10.5772 -44.8042 -17.6113
    endloop
  endfacet
  facet normal -0.54454 -0.82041 0.17437
    outer loop
      vertex 10.7805 -44.747 -16.55
      vertex 11 -45.1047 -17.5475
      vertex 11 -44.8864 -16.5204
    endloop
  endfacet
  facet normal -0.54454 -0.82041 0.17437
    outer loop
      vertex 11 -45.1047 -17.5475
      vertex 10.7805 -44.747 -16.55
      vertex 10.7805 -44.9653 -17.5771
    endloop
  endfacet
  facet normal 0.629461 0.760054 -0.161542
    outer loop
      vertex 13.9228 -41.1697 -18.3839
      vertex 13.7195 -40.7903 -17.391
      vertex 13.9228 -40.9514 -17.3568
    endloop
  endfacet
  facet normal 0.629461 0.760054 -0.161542
    outer loop
      vertex 13.7195 -40.7903 -17.391
      vertex 13.9228 -41.1697 -18.3839
      vertex 13.7195 -41.0086 -18.4181
    endloop
  endfacet
  facet normal 0.453914 0.871573 -0.185262
    outer loop
      vertex 13.5 -40.8692 -18.4477
      vertex 13.2668 -40.5347 -17.4454
      vertex 13.5 -40.6509 -17.4207
    endloop
  endfacet
  facet normal 0.453914 0.871573 -0.185262
    outer loop
      vertex 13.2668 -40.5347 -17.4454
      vertex 13.5 -40.8692 -18.4477
      vertex 13.2668 -40.753 -18.4724
    endloop
  endfacet
  facet normal -0.358525 0.91312 -0.194094
    outer loop
      vertex 11.4054 -40.47 -17.4591
      vertex 11.2332 -40.753 -18.4724
      vertex 11.2332 -40.5347 -17.4454
    endloop
  endfacet
  facet normal -0.358623 0.913087 -0.194068
    outer loop
      vertex 11.2332 -40.753 -18.4724
      vertex 11.4054 -40.47 -17.4591
      vertex 11.4054 -40.6883 -18.4862
    endloop
  endfacet
  facet normal -0.544595 0.820374 -0.174362
    outer loop
      vertex 11 -40.6509 -17.4207
      vertex 10.7805 -41.0086 -18.4181
      vertex 10.7805 -40.7903 -17.391
    endloop
  endfacet
  facet normal -0.54454 0.820406 -0.174386
    outer loop
      vertex 10.7805 -41.0086 -18.4181
      vertex 11 -40.6509 -17.4207
      vertex 11 -40.8692 -18.4477
    endloop
  endfacet
  facet normal -0.838586 0.532865 -0.113266
    outer loop
      vertex 10.2275 -41.5496 -18.3031
      vertex 10.0849 -41.546 -17.2304
      vertex 10.2275 -41.3313 -17.2761
    endloop
  endfacet
  facet normal -0.838562 0.532902 -0.113263
    outer loop
      vertex 10.0849 -41.546 -17.2304
      vertex 10.2275 -41.5496 -18.3031
      vertex 10.0849 -41.7643 -18.2575
    endloop
  endfacet
  facet normal 0.00231581 -0.207891 -0.978149
    outer loop
      vertex 11.2332 -45.2209 -17.5228
      vertex 11.25 -43.5584 -17.8761
      vertex 11.25 -45.2273 -17.5214
    endloop
  endfacet
  facet normal 2.58317e-05 -0.20787 -0.978157
    outer loop
      vertex 11 -45.1047 -17.5475
      vertex 11.25 -43.5584 -17.8761
      vertex 11.2332 -45.2209 -17.5228
    endloop
  endfacet
  facet normal 0.00080728 -0.208009 -0.978127
    outer loop
      vertex 11.2744 -43.2708 -17.9373
      vertex 11.2719 -43.1904 -17.9544
      vertex 11.2816 -43.2261 -17.9468
    endloop
  endfacet
  facet normal -0.0015755 -0.20808 -0.978111
    outer loop
      vertex 11.261 -43.3539 -17.9196
      vertex 11.2719 -43.1904 -17.9544
      vertex 11.2744 -43.2708 -17.9373
    endloop
  endfacet
  facet normal -0.00168253 -0.208073 -0.978112
    outer loop
      vertex 11.261 -43.3539 -17.9196
      vertex 11.2555 -43.0892 -17.9759
      vertex 11.2719 -43.1904 -17.9544
    endloop
  endfacet
  facet normal -0.00528342 -0.208142 -0.978084
    outer loop
      vertex 11.2565 -43.4379 -17.9017
      vertex 11.2555 -43.0892 -17.9759
      vertex 11.261 -43.3539 -17.9196
    endloop
  endfacet
  facet normal 0.00589217 -0.208111 -0.978088
    outer loop
      vertex 11.25 -43.5584 -17.8761
      vertex 11.2555 -43.0892 -17.9759
      vertex 11.2565 -43.4379 -17.9017
    endloop
  endfacet
  facet normal -0.00557732 -0.207982 -0.978117
    outer loop
      vertex 11.2555 -43.0892 -17.9759
      vertex 11.25 -43.5584 -17.8761
      vertex 11.25 -42.987 -17.9976
    endloop
  endfacet
  facet normal 0 -0.206856 -0.978371
    outer loop
      vertex 13.25 -41.6021 -18.292
      vertex 14.2725 -41.5496 -18.3031
      vertex 14.3074 -41.6021 -18.292
    endloop
  endfacet
  facet normal 5.97907e-05 -0.20797 -0.978135
    outer loop
      vertex 14.2725 -41.5496 -18.3031
      vertex 13.25 -41.6021 -18.292
      vertex 14.1079 -41.3507 -18.3454
    endloop
  endfacet
  facet normal 6.54304e-05 -0.207989 -0.978131
    outer loop
      vertex 14.1079 -41.3507 -18.3454
      vertex 13.25 -41.6021 -18.292
      vertex 13.9228 -41.1697 -18.3839
    endloop
  endfacet
  facet normal -8.47644e-05 -0.207765 -0.978179
    outer loop
      vertex 13.9228 -41.1697 -18.3839
      vertex 13.25 -41.6021 -18.292
      vertex 13.7195 -41.0086 -18.4181
    endloop
  endfacet
  facet normal -5.36762e-05 -0.207789 -0.978174
    outer loop
      vertex 13.7195 -41.0086 -18.4181
      vertex 13.25 -41.6021 -18.292
      vertex 13.5 -40.8692 -18.4477
    endloop
  endfacet
  facet normal 5.03362e-05 -0.207823 -0.978167
    outer loop
      vertex 13.5 -40.8692 -18.4477
      vertex 13.25 -41.6021 -18.292
      vertex 13.2668 -40.753 -18.4724
    endloop
  endfacet
  facet normal -0.000488788 -0.207812 -0.978169
    outer loop
      vertex 13.1268 -41.6084 -18.2906
      vertex 13.2668 -40.753 -18.4724
      vertex 13.25 -41.6021 -18.292
    endloop
  endfacet
  facet normal 0.000403537 -0.207952 -0.978139
    outer loop
      vertex 13.0409 -41.6128 -18.2897
      vertex 13.2668 -40.753 -18.4724
      vertex 13.1268 -41.6084 -18.2906
    endloop
  endfacet
  facet normal 0.000267877 -0.207918 -0.978146
    outer loop
      vertex 13.2668 -40.753 -18.4724
      vertex 13.0409 -41.6128 -18.2897
      vertex 13.0946 -40.6883 -18.4862
    endloop
  endfacet
  facet normal 7.23117e-06 -0.207903 -0.978149
    outer loop
      vertex 12.8342 -41.6448 -18.2829
      vertex 13.0946 -40.6883 -18.4862
      vertex 13.0409 -41.6128 -18.2897
    endloop
  endfacet
  facet normal -0.000843034 -0.207682 -0.978196
    outer loop
      vertex 12.7511 -41.6666 -18.2782
      vertex 13.0946 -40.6883 -18.4862
      vertex 12.8342 -41.6448 -18.2829
    endloop
  endfacet
  facet normal 0.000303424 -0.208067 -0.978115
    outer loop
      vertex 12.632 -41.6978 -18.2716
      vertex 13.0946 -40.6883 -18.4862
      vertex 12.7511 -41.6666 -18.2782
    endloop
  endfacet
  facet normal 4.85697e-05 -0.207955 -0.978138
    outer loop
      vertex 12.5168 -41.7411 -18.2624
      vertex 13.0946 -40.6883 -18.4862
      vertex 12.632 -41.6978 -18.2716
    endloop
  endfacet
  facet normal -1.27663e-05 -0.207943 -0.978141
    outer loop
      vertex 11.4054 -40.6883 -18.4862
      vertex 12.5168 -41.7411 -18.2624
      vertex 12.4365 -41.7712 -18.256
    endloop
  endfacet
  facet normal 0.000177104 -0.20777 -0.978178
    outer loop
      vertex 11.4054 -40.6883 -18.4862
      vertex 12.4365 -41.7712 -18.256
      vertex 12.3599 -41.8094 -18.2479
    endloop
  endfacet
  facet normal 0.000301404 -0.207669 -0.978199
    outer loop
      vertex 11.4054 -40.6883 -18.4862
      vertex 12.3599 -41.8094 -18.2479
      vertex 12.25 -41.8642 -18.2363
    endloop
  endfacet
  facet normal -0.000398739 -0.20815 -0.978097
    outer loop
      vertex 11.4054 -40.6883 -18.4862
      vertex 12.25 -41.8642 -18.2363
      vertex 12.0744 -41.9757 -18.2125
    endloop
  endfacet
  facet normal -0.000346283 -0.207169 -0.978305
    outer loop
      vertex 11.941 -42.0567 -18.1953
      vertex 12.0744 -41.9757 -18.2125
      vertex 11.9876 -42.0445 -18.1979
    endloop
  endfacet
  facet normal 0.000114385 -0.207895 -0.978151
    outer loop
      vertex 12.0744 -41.9757 -18.2125
      vertex 11.941 -42.0567 -18.1953
      vertex 11.4054 -40.6883 -18.4862
    endloop
  endfacet
  facet normal 1.60101e-05 -0.207931 -0.978143
    outer loop
      vertex 11.4054 -40.6883 -18.4862
      vertex 11.941 -42.0567 -18.1953
      vertex 11.8433 -42.0934 -18.1875
    endloop
  endfacet
  facet normal 0.000713631 -0.207593 -0.978215
    outer loop
      vertex 11.2332 -40.753 -18.4724
      vertex 11.8433 -42.0934 -18.1875
      vertex 11.75 -42.1399 -18.1777
    endloop
  endfacet
  facet normal -0.000525144 -0.208138 -0.978099
    outer loop
      vertex 11 -40.8692 -18.4477
      vertex 11.75 -42.1399 -18.1777
      vertex 11.6622 -42.1956 -18.1658
    endloop
  endfacet
  facet normal 7.30242e-05 -0.207856 -0.978159
    outer loop
      vertex 10.7805 -41.0086 -18.4181
      vertex 11.6622 -42.1956 -18.1658
      vertex 11.5809 -42.2601 -18.1521
    endloop
  endfacet
  facet normal -6.27606e-05 -0.207991 -0.978131
    outer loop
      vertex 10.5772 -41.1697 -18.3839
      vertex 11.5809 -42.2601 -18.1521
      vertex 11.5069 -42.3325 -18.1367
    endloop
  endfacet
  facet normal 0 -0.20793 -0.978144
    outer loop
      vertex 12.5168 -41.7411 -18.2624
      vertex 11.4054 -40.6883 -18.4862
      vertex 13.0946 -40.6883 -18.4862
    endloop
  endfacet
  facet normal -4.91218e-06 -0.207928 -0.978144
    outer loop
      vertex 10.3921 -41.3507 -18.3454
      vertex 11.5069 -42.3325 -18.1367
      vertex 11.441 -42.412 -18.1198
    endloop
  endfacet
  facet normal -0.000232412 -0.208215 -0.978083
    outer loop
      vertex 10.2275 -41.5496 -18.3031
      vertex 11.441 -42.412 -18.1198
      vertex 11.384 -42.4979 -18.1015
    endloop
  endfacet
  facet normal 0.000438469 -0.207256 -0.978287
    outer loop
      vertex 10.0849 -41.7643 -18.2575
      vertex 11.384 -42.4979 -18.1015
      vertex 11.3365 -42.5891 -18.0822
    endloop
  endfacet
  facet normal -0.000227433 -0.208605 -0.978
    outer loop
      vertex 9.9 -42.1609 -18.1732
      vertex 11.3365 -42.5891 -18.0822
      vertex 11.2989 -42.6847 -18.0618
    endloop
  endfacet
  facet normal 0.000113282 -0.207735 -0.978185
    outer loop
      vertex 9.9 -42.1609 -18.1732
      vertex 11.2989 -42.6847 -18.0618
      vertex 11.2719 -42.7836 -18.0408
    endloop
  endfacet
  facet normal -1.58301e-05 -0.208007 -0.978127
    outer loop
      vertex 9.9 -42.1609 -18.1732
      vertex 11.2719 -42.7836 -18.0408
      vertex 11.2555 -42.8847 -18.0193
    endloop
  endfacet
  facet normal -0.000233377 -0.208006 -0.978128
    outer loop
      vertex 11.8433 -42.0934 -18.1875
      vertex 11.2332 -40.753 -18.4724
      vertex 11.4054 -40.6883 -18.4862
    endloop
  endfacet
  facet normal 0.00025723 -0.207517 -0.978231
    outer loop
      vertex 9.9 -42.1609 -18.1732
      vertex 11.2555 -42.8847 -18.0193
      vertex 11.25 -42.987 -17.9976
    endloop
  endfacet
  facet normal -9.50292e-05 -0.207851 -0.978161
    outer loop
      vertex 10.7805 -44.9653 -17.5771
      vertex 11.25 -43.5584 -17.8761
      vertex 11 -45.1047 -17.5475
    endloop
  endfacet
  facet normal -0.00014313 -0.207836 -0.978164
    outer loop
      vertex 10.5772 -44.8042 -17.6113
      vertex 11.25 -43.5584 -17.8761
      vertex 10.7805 -44.9653 -17.5771
    endloop
  endfacet
  facet normal -3.13489e-05 -0.207859 -0.978159
    outer loop
      vertex 11.75 -42.1399 -18.1777
      vertex 11 -40.8692 -18.4477
      vertex 11.2332 -40.753 -18.4724
    endloop
  endfacet
  facet normal 0.000169302 -0.207997 -0.978129
    outer loop
      vertex 10.3921 -44.6233 -17.6498
      vertex 11.25 -43.5584 -17.8761
      vertex 10.5772 -44.8042 -17.6113
    endloop
  endfacet
  facet normal 9.03534e-05 -0.207844 -0.978162
    outer loop
      vertex 11.6622 -42.1956 -18.1658
      vertex 10.7805 -41.0086 -18.4181
      vertex 11 -40.8692 -18.4477
    endloop
  endfacet
  facet normal 3.27083e-05 -0.207892 -0.978152
    outer loop
      vertex 10.2275 -44.4243 -17.6921
      vertex 11.25 -43.5584 -17.8761
      vertex 10.3921 -44.6233 -17.6498
    endloop
  endfacet
  facet normal 0.00013089 -0.207821 -0.978167
    outer loop
      vertex 11.5809 -42.2601 -18.1521
      vertex 10.5772 -41.1697 -18.3839
      vertex 10.7805 -41.0086 -18.4181
    endloop
  endfacet
  facet normal -3.87949e-06 -0.20785 -0.978161
    outer loop
      vertex 10.0849 -44.2097 -17.7377
      vertex 11.25 -43.5584 -17.8761
      vertex 10.2275 -44.4243 -17.6921
    endloop
  endfacet
  facet normal -6.27416e-05 -0.207991 -0.978131
    outer loop
      vertex 11.5069 -42.3325 -18.1367
      vertex 10.3921 -41.3507 -18.3454
      vertex 10.5772 -41.1697 -18.3839
    endloop
  endfacet
  facet normal 5.41942e-05 -0.20795 -0.97814
    outer loop
      vertex 9.96614 -43.9816 -17.7862
      vertex 11.25 -43.5584 -17.8761
      vertex 10.0849 -44.2097 -17.7377
    endloop
  endfacet
  facet normal -5.39699e-05 -0.207975 -0.978134
    outer loop
      vertex 11.441 -42.412 -18.1198
      vertex 10.2275 -41.5496 -18.3031
      vertex 10.3921 -41.3507 -18.3454
    endloop
  endfacet
  facet normal 9.64872e-06 -0.20782 -0.978167
    outer loop
      vertex 9.9 -43.8131 -17.822
      vertex 11.25 -43.5584 -17.8761
      vertex 9.96614 -43.9816 -17.7862
    endloop
  endfacet
  facet normal 0.00010467 -0.207822 -0.978167
    outer loop
      vertex 11.384 -42.4979 -18.1015
      vertex 10.0849 -41.7643 -18.2575
      vertex 10.2275 -41.5496 -18.3031
    endloop
  endfacet
  facet normal 4.22375e-05 -0.207986 -0.978132
    outer loop
      vertex 11.25 -43.5584 -17.8761
      vertex 9.9 -43.8131 -17.822
      vertex 11.25 -42.987 -17.9976
    endloop
  endfacet
  facet normal 7.30313e-16 -0.20792 -0.978146
    outer loop
      vertex 9.9 -42.1609 -18.1732
      vertex 11.25 -42.987 -17.9976
      vertex 9.9 -43.8131 -17.822
    endloop
  endfacet
  facet normal 1.42544e-05 -0.207829 -0.978165
    outer loop
      vertex 11.3365 -42.5891 -18.0822
      vertex 9.9 -42.1609 -18.1732
      vertex 9.96614 -41.9924 -18.209
    endloop
  endfacet
  facet normal -4.30343e-05 -0.207955 -0.978138
    outer loop
      vertex 11.3365 -42.5891 -18.0822
      vertex 9.96614 -41.9924 -18.209
      vertex 10.0849 -41.7643 -18.2575
    endloop
  endfacet
  facet normal 0.358525 0.91312 -0.194094
    outer loop
      vertex 13.2668 -40.753 -18.4724
      vertex 13.0946 -40.47 -17.4591
      vertex 13.2668 -40.5347 -17.4454
    endloop
  endfacet
  facet normal 0.358623 0.913087 -0.194068
    outer loop
      vertex 13.0946 -40.47 -17.4591
      vertex 13.2668 -40.753 -18.4724
      vertex 13.0946 -40.6883 -18.4862
    endloop
  endfacet
  facet normal 0.70701 0.691752 -0.147025
    outer loop
      vertex 14.1079 -41.1324 -17.3183
      vertex 13.9228 -41.1697 -18.3839
      vertex 13.9228 -40.9514 -17.3568
    endloop
  endfacet
  facet normal 0.70701 0.691752 -0.147025
    outer loop
      vertex 13.9228 -41.1697 -18.3839
      vertex 14.1079 -41.1324 -17.3183
      vertex 14.1079 -41.3507 -18.3454
    endloop
  endfacet
  facet normal 0.544595 0.820374 -0.174362
    outer loop
      vertex 13.7195 -41.0086 -18.4181
      vertex 13.5 -40.6509 -17.4207
      vertex 13.7195 -40.7903 -17.391
    endloop
  endfacet
  facet normal 0.54454 0.820406 -0.174386
    outer loop
      vertex 13.5 -40.6509 -17.4207
      vertex 13.7195 -41.0086 -18.4181
      vertex 13.5 -40.8692 -18.4477
    endloop
  endfacet
  facet normal 0.838393 0.533155 -0.113328
    outer loop
      vertex 14.3074 -41.3838 -17.2649
      vertex 14.2725 -41.5496 -18.3031
      vertex 14.2725 -41.3313 -17.2761
    endloop
  endfacet
  facet normal 0.838296 0.533302 -0.113348
    outer loop
      vertex 14.2725 -41.5496 -18.3031
      vertex 14.3074 -41.3838 -17.2649
      vertex 14.3074 -41.6021 -18.292
    endloop
  endfacet
  facet normal -0.629461 0.760054 -0.161542
    outer loop
      vertex 10.7805 -40.7903 -17.391
      vertex 10.5772 -41.1697 -18.3839
      vertex 10.5772 -40.9514 -17.3568
    endloop
  endfacet
  facet normal -0.629461 0.760054 -0.161542
    outer loop
      vertex 10.5772 -41.1697 -18.3839
      vertex 10.7805 -40.7903 -17.391
      vertex 10.7805 -41.0086 -18.4181
    endloop
  endfacet
  facet normal -0.777242 0.615454 -0.130809
    outer loop
      vertex 10.3921 -41.3507 -18.3454
      vertex 10.2275 -41.3313 -17.2761
      vertex 10.3921 -41.1324 -17.3183
    endloop
  endfacet
  facet normal -0.777273 0.615414 -0.130813
    outer loop
      vertex 10.2275 -41.3313 -17.2761
      vertex 10.3921 -41.3507 -18.3454
      vertex 10.2275 -41.5496 -18.3031
    endloop
  endfacet
  facet normal 0.838451 -0.533069 0.113299
    outer loop
      vertex 37.7725 -44.206 -16.665
      vertex 37.9151 -44.2097 -17.7377
      vertex 37.9151 -43.9914 -16.7106
    endloop
  endfacet
  facet normal 0.838451 -0.533069 0.113299
    outer loop
      vertex 37.9151 -44.2097 -17.7377
      vertex 37.7725 -44.206 -16.665
      vertex 37.7725 -44.4243 -17.6921
    endloop
  endfacet
  facet normal 0.453914 -0.871577 0.185245
    outer loop
      vertex 36.7668 -45.2209 -17.5228
      vertex 37 -44.8864 -16.5204
      vertex 36.7668 -45.0026 -16.4957
    endloop
  endfacet
  facet normal 0.453914 -0.871577 0.185245
    outer loop
      vertex 37 -44.8864 -16.5204
      vertex 36.7668 -45.2209 -17.5228
      vertex 37 -45.1047 -17.5475
    endloop
  endfacet
  facet normal 0.544595 0.820374 -0.174362
    outer loop
      vertex 37.2195 -41.0086 -18.4181
      vertex 37 -40.6509 -17.4207
      vertex 37.2195 -40.7903 -17.391
    endloop
  endfacet
  facet normal 0.54454 0.820406 -0.174386
    outer loop
      vertex 37 -40.6509 -17.4207
      vertex 37.2195 -41.0086 -18.4181
      vertex 37 -40.8692 -18.4477
    endloop
  endfacet
  facet normal -0.70701 0.691752 -0.147025
    outer loop
      vertex 34.0772 -41.1697 -18.3839
      vertex 33.8921 -41.1324 -17.3183
      vertex 34.0772 -40.9514 -17.3568
    endloop
  endfacet
  facet normal -0.70701 0.691752 -0.147025
    outer loop
      vertex 33.8921 -41.1324 -17.3183
      vertex 34.0772 -41.1697 -18.3839
      vertex 33.8921 -41.3507 -18.3454
    endloop
  endfacet
  facet normal 0.777273 -0.615416 0.130801
    outer loop
      vertex 37.6079 -44.4049 -16.6227
      vertex 37.7725 -44.4243 -17.6921
      vertex 37.7725 -44.206 -16.665
    endloop
  endfacet
  facet normal 0.777421 -0.615225 0.13082
    outer loop
      vertex 37.7725 -44.4243 -17.6921
      vertex 37.6079 -44.4049 -16.6227
      vertex 37.6079 -44.6233 -17.6498
    endloop
  endfacet
  facet normal 0.629509 -0.760016 0.161534
    outer loop
      vertex 37.2195 -44.9653 -17.5771
      vertex 37.4228 -44.5859 -16.5843
      vertex 37.2195 -44.747 -16.55
    endloop
  endfacet
  facet normal 0.629461 -0.760051 0.161557
    outer loop
      vertex 37.4228 -44.5859 -16.5843
      vertex 37.2195 -44.9653 -17.5771
      vertex 37.4228 -44.8042 -17.6113
    endloop
  endfacet
  facet normal 0.362306 -0.911691 0.19379
    outer loop
      vertex 36.75 -45.2273 -17.5214
      vertex 36.7668 -45.0026 -16.4957
      vertex 36.75 -45.009 -16.4944
    endloop
  endfacet
  facet normal 0.363308 -0.911313 0.193691
    outer loop
      vertex 36.7668 -45.0026 -16.4957
      vertex 36.75 -45.2273 -17.5214
      vertex 36.7668 -45.2209 -17.5228
    endloop
  endfacet
  facet normal 0.54454 -0.82041 0.17437
    outer loop
      vertex 37 -45.1047 -17.5475
      vertex 37.2195 -44.747 -16.55
      vertex 37 -44.8864 -16.5204
    endloop
  endfacet
  facet normal 0.54454 -0.82041 0.17437
    outer loop
      vertex 37.2195 -44.747 -16.55
      vertex 37 -45.1047 -17.5475
      vertex 37.2195 -44.9653 -17.5771
    endloop
  endfacet
  facet normal 0.891039 -0.444009 0.0943698
    outer loop
      vertex 37.9151 -43.9914 -16.7106
      vertex 38.0339 -43.9816 -17.7862
      vertex 38.0339 -43.7633 -16.7591
    endloop
  endfacet
  facet normal 0.891039 -0.444009 0.0943698
    outer loop
      vertex 38.0339 -43.9816 -17.7862
      vertex 37.9151 -43.9914 -16.7106
      vertex 37.9151 -44.2097 -17.7377
    endloop
  endfacet
  facet normal 0.933625 -0.350423 0.074479
    outer loop
      vertex 38.0339 -43.7633 -16.7591
      vertex 38.1 -43.8131 -17.822
      vertex 38.1 -43.5948 -16.7949
    endloop
  endfacet
  facet normal 0.933625 -0.350423 0.074479
    outer loop
      vertex 38.1 -43.8131 -17.822
      vertex 38.0339 -43.7633 -16.7591
      vertex 38.0339 -43.9816 -17.7862
    endloop
  endfacet
  facet normal 0.70697 -0.691777 0.147098
    outer loop
      vertex 37.4228 -44.5859 -16.5843
      vertex 37.6079 -44.6233 -17.6498
      vertex 37.6079 -44.4049 -16.6227
    endloop
  endfacet
  facet normal 0.706823 -0.691932 0.147078
    outer loop
      vertex 37.6079 -44.6233 -17.6498
      vertex 37.4228 -44.5859 -16.5843
      vertex 37.4228 -44.8042 -17.6113
    endloop
  endfacet
  facet normal 0.000136934 -0.207706 -0.978191
    outer loop
      vertex 38.1 -43.8131 -17.822
      vertex 36.7445 -43.0892 -17.9759
      vertex 36.75 -42.987 -17.9976
    endloop
  endfacet
  facet normal -0.000185401 -0.208425 -0.978038
    outer loop
      vertex 36.739 -43.3539 -17.9196
      vertex 38.1 -43.8131 -17.822
      vertex 36.7435 -43.4379 -17.9017
    endloop
  endfacet
  facet normal -4.9178e-05 -0.208039 -0.978121
    outer loop
      vertex 38.1 -43.8131 -17.822
      vertex 36.739 -43.3539 -17.9196
      vertex 36.7445 -43.0892 -17.9759
    endloop
  endfacet
  facet normal 0.00168253 -0.208073 -0.978112
    outer loop
      vertex 36.739 -43.3539 -17.9196
      vertex 36.7281 -43.1904 -17.9544
      vertex 36.7445 -43.0892 -17.9759
    endloop
  endfacet
  facet normal 0.0015755 -0.20808 -0.978111
    outer loop
      vertex 36.7256 -43.2708 -17.9373
      vertex 36.7281 -43.1904 -17.9544
      vertex 36.739 -43.3539 -17.9196
    endloop
  endfacet
  facet normal -0.00080728 -0.208009 -0.978127
    outer loop
      vertex 36.7281 -43.1904 -17.9544
      vertex 36.7256 -43.2708 -17.9373
      vertex 36.7184 -43.2261 -17.9468
    endloop
  endfacet
  facet normal -9.64912e-06 -0.20782 -0.978167
    outer loop
      vertex 36.75 -43.5584 -17.8761
      vertex 38.1 -43.8131 -17.822
      vertex 38.0339 -43.9816 -17.7862
    endloop
  endfacet
  facet normal -7.54656e-16 -0.20792 -0.978146
    outer loop
      vertex 38.1 -43.8131 -17.822
      vertex 36.75 -42.987 -17.9976
      vertex 38.1 -42.1609 -18.1732
    endloop
  endfacet
  facet normal -5.419e-05 -0.20795 -0.97814
    outer loop
      vertex 36.75 -43.5584 -17.8761
      vertex 38.0339 -43.9816 -17.7862
      vertex 37.9151 -44.2097 -17.7377
    endloop
  endfacet
  facet normal -0.00025723 -0.207517 -0.978231
    outer loop
      vertex 36.7445 -42.8847 -18.0193
      vertex 38.1 -42.1609 -18.1732
      vertex 36.75 -42.987 -17.9976
    endloop
  endfacet
  facet normal 3.87949e-06 -0.20785 -0.978161
    outer loop
      vertex 36.75 -43.5584 -17.8761
      vertex 37.9151 -44.2097 -17.7377
      vertex 37.7725 -44.4243 -17.6921
    endloop
  endfacet
  facet normal 1.58301e-05 -0.208007 -0.978127
    outer loop
      vertex 36.7281 -42.7836 -18.0408
      vertex 38.1 -42.1609 -18.1732
      vertex 36.7445 -42.8847 -18.0193
    endloop
  endfacet
  facet normal -3.27083e-05 -0.207892 -0.978152
    outer loop
      vertex 36.75 -43.5584 -17.8761
      vertex 37.7725 -44.4243 -17.6921
      vertex 37.6079 -44.6233 -17.6498
    endloop
  endfacet
  facet normal -0.000113282 -0.207735 -0.978185
    outer loop
      vertex 36.7011 -42.6847 -18.0618
      vertex 38.1 -42.1609 -18.1732
      vertex 36.7281 -42.7836 -18.0408
    endloop
  endfacet
  facet normal -0.000169302 -0.207997 -0.978129
    outer loop
      vertex 36.75 -43.5584 -17.8761
      vertex 37.6079 -44.6233 -17.6498
      vertex 37.4228 -44.8042 -17.6113
    endloop
  endfacet
  facet normal 0.000227433 -0.208605 -0.978
    outer loop
      vertex 36.6635 -42.5891 -18.0822
      vertex 38.1 -42.1609 -18.1732
      vertex 36.7011 -42.6847 -18.0618
    endloop
  endfacet
  facet normal 0.00014313 -0.207836 -0.978164
    outer loop
      vertex 36.75 -43.5584 -17.8761
      vertex 37.4228 -44.8042 -17.6113
      vertex 37.2195 -44.9653 -17.5771
    endloop
  endfacet
  facet normal -1.42553e-05 -0.207829 -0.978165
    outer loop
      vertex 38.1 -42.1609 -18.1732
      vertex 36.6635 -42.5891 -18.0822
      vertex 38.0339 -41.9924 -18.209
    endloop
  endfacet
  facet normal 9.50292e-05 -0.207851 -0.978161
    outer loop
      vertex 36.75 -43.5584 -17.8761
      vertex 37.2195 -44.9653 -17.5771
      vertex 37 -45.1047 -17.5475
    endloop
  endfacet
  facet normal -7.71506e-06 -0.207811 -0.978169
    outer loop
      vertex 36.7435 -43.4379 -17.9017
      vertex 38.1 -43.8131 -17.822
      vertex 36.75 -43.5584 -17.8761
    endloop
  endfacet
  facet normal -2.58317e-05 -0.20787 -0.978157
    outer loop
      vertex 36.75 -43.5584 -17.8761
      vertex 37 -45.1047 -17.5475
      vertex 36.7668 -45.2209 -17.5228
    endloop
  endfacet
  facet normal 4.30306e-05 -0.207955 -0.978138
    outer loop
      vertex 38.0339 -41.9924 -18.209
      vertex 36.6635 -42.5891 -18.0822
      vertex 37.9151 -41.7643 -18.2575
    endloop
  endfacet
  facet normal -0.00231581 -0.207891 -0.978149
    outer loop
      vertex 36.75 -43.5584 -17.8761
      vertex 36.7668 -45.2209 -17.5228
      vertex 36.75 -45.2273 -17.5214
    endloop
  endfacet
  facet normal -0.000438469 -0.207256 -0.978287
    outer loop
      vertex 36.616 -42.4979 -18.1015
      vertex 37.9151 -41.7643 -18.2575
      vertex 36.6635 -42.5891 -18.0822
    endloop
  endfacet
  facet normal -0.00010467 -0.207822 -0.978167
    outer loop
      vertex 37.9151 -41.7643 -18.2575
      vertex 36.616 -42.4979 -18.1015
      vertex 37.7725 -41.5496 -18.3031
    endloop
  endfacet
  facet normal 0.000232412 -0.208215 -0.978083
    outer loop
      vertex 36.559 -42.412 -18.1198
      vertex 37.7725 -41.5496 -18.3031
      vertex 36.616 -42.4979 -18.1015
    endloop
  endfacet
  facet normal 5.39699e-05 -0.207975 -0.978134
    outer loop
      vertex 37.7725 -41.5496 -18.3031
      vertex 36.559 -42.412 -18.1198
      vertex 37.6079 -41.3507 -18.3454
    endloop
  endfacet
  facet normal 4.91218e-06 -0.207928 -0.978144
    outer loop
      vertex 36.4931 -42.3325 -18.1367
      vertex 37.6079 -41.3507 -18.3454
      vertex 36.559 -42.412 -18.1198
    endloop
  endfacet
  facet normal 6.27416e-05 -0.207991 -0.978131
    outer loop
      vertex 37.6079 -41.3507 -18.3454
      vertex 36.4931 -42.3325 -18.1367
      vertex 37.4228 -41.1697 -18.3839
    endloop
  endfacet
  facet normal 6.27606e-05 -0.207991 -0.978131
    outer loop
      vertex 36.4191 -42.2601 -18.1521
      vertex 37.4228 -41.1697 -18.3839
      vertex 36.4931 -42.3325 -18.1367
    endloop
  endfacet
  facet normal -0.00013089 -0.207821 -0.978167
    outer loop
      vertex 37.4228 -41.1697 -18.3839
      vertex 36.4191 -42.2601 -18.1521
      vertex 37.2195 -41.0086 -18.4181
    endloop
  endfacet
  facet normal -7.30242e-05 -0.207856 -0.978159
    outer loop
      vertex 36.3378 -42.1956 -18.1658
      vertex 37.2195 -41.0086 -18.4181
      vertex 36.4191 -42.2601 -18.1521
    endloop
  endfacet
  facet normal -9.03534e-05 -0.207844 -0.978162
    outer loop
      vertex 37.2195 -41.0086 -18.4181
      vertex 36.3378 -42.1956 -18.1658
      vertex 37 -40.8692 -18.4477
    endloop
  endfacet
  facet normal 0.000525144 -0.208138 -0.978099
    outer loop
      vertex 36.25 -42.1399 -18.1777
      vertex 37 -40.8692 -18.4477
      vertex 36.3378 -42.1956 -18.1658
    endloop
  endfacet
  facet normal 3.13489e-05 -0.207859 -0.978159
    outer loop
      vertex 37 -40.8692 -18.4477
      vertex 36.25 -42.1399 -18.1777
      vertex 36.7668 -40.753 -18.4724
    endloop
  endfacet
  facet normal -0.000713631 -0.207593 -0.978215
    outer loop
      vertex 36.1567 -42.0934 -18.1875
      vertex 36.7668 -40.753 -18.4724
      vertex 36.25 -42.1399 -18.1777
    endloop
  endfacet
  facet normal 0.000233377 -0.208006 -0.978128
    outer loop
      vertex 36.7668 -40.753 -18.4724
      vertex 36.1567 -42.0934 -18.1875
      vertex 36.5946 -40.6883 -18.4862
    endloop
  endfacet
  facet normal -1.60101e-05 -0.207931 -0.978143
    outer loop
      vertex 36.059 -42.0567 -18.1953
      vertex 36.5946 -40.6883 -18.4862
      vertex 36.1567 -42.0934 -18.1875
    endloop
  endfacet
  facet normal 0.000346283 -0.207169 -0.978305
    outer loop
      vertex 35.9256 -41.9757 -18.2125
      vertex 36.059 -42.0567 -18.1953
      vertex 36.0124 -42.0445 -18.1979
    endloop
  endfacet
  facet normal -0.000114385 -0.207895 -0.978151
    outer loop
      vertex 36.059 -42.0567 -18.1953
      vertex 35.9256 -41.9757 -18.2125
      vertex 36.5946 -40.6883 -18.4862
    endloop
  endfacet
  facet normal 0.000398739 -0.20815 -0.978097
    outer loop
      vertex 35.75 -41.8642 -18.2363
      vertex 36.5946 -40.6883 -18.4862
      vertex 35.9256 -41.9757 -18.2125
    endloop
  endfacet
  facet normal -0.000301404 -0.207669 -0.978199
    outer loop
      vertex 35.6401 -41.8094 -18.2479
      vertex 36.5946 -40.6883 -18.4862
      vertex 35.75 -41.8642 -18.2363
    endloop
  endfacet
  facet normal -0.000177104 -0.20777 -0.978178
    outer loop
      vertex 35.5635 -41.7712 -18.256
      vertex 36.5946 -40.6883 -18.4862
      vertex 35.6401 -41.8094 -18.2479
    endloop
  endfacet
  facet normal 1.27663e-05 -0.207943 -0.978141
    outer loop
      vertex 35.4832 -41.7411 -18.2624
      vertex 36.5946 -40.6883 -18.4862
      vertex 35.5635 -41.7712 -18.256
    endloop
  endfacet
  facet normal -4.85697e-05 -0.207955 -0.978138
    outer loop
      vertex 34.9054 -40.6883 -18.4862
      vertex 35.4832 -41.7411 -18.2624
      vertex 35.368 -41.6978 -18.2716
    endloop
  endfacet
  facet normal -0.000303424 -0.208067 -0.978115
    outer loop
      vertex 34.9054 -40.6883 -18.4862
      vertex 35.368 -41.6978 -18.2716
      vertex 35.2489 -41.6666 -18.2782
    endloop
  endfacet
  facet normal 0.000843034 -0.207682 -0.978196
    outer loop
      vertex 34.9054 -40.6883 -18.4862
      vertex 35.2489 -41.6666 -18.2782
      vertex 35.1658 -41.6448 -18.2829
    endloop
  endfacet
  facet normal -7.23117e-06 -0.207903 -0.978149
    outer loop
      vertex 34.9054 -40.6883 -18.4862
      vertex 35.1658 -41.6448 -18.2829
      vertex 34.9591 -41.6128 -18.2897
    endloop
  endfacet
  facet normal 0 -0.20793 -0.978144
    outer loop
      vertex 35.4832 -41.7411 -18.2624
      vertex 34.9054 -40.6883 -18.4862
      vertex 36.5946 -40.6883 -18.4862
    endloop
  endfacet
  facet normal -0.000403537 -0.207952 -0.978139
    outer loop
      vertex 34.7332 -40.753 -18.4724
      vertex 34.9591 -41.6128 -18.2897
      vertex 34.8732 -41.6084 -18.2906
    endloop
  endfacet
  facet normal 0.000488788 -0.207812 -0.978169
    outer loop
      vertex 34.7332 -40.753 -18.4724
      vertex 34.8732 -41.6084 -18.2906
      vertex 34.75 -41.6021 -18.292
    endloop
  endfacet
  facet normal -0.000267877 -0.207918 -0.978146
    outer loop
      vertex 34.9591 -41.6128 -18.2897
      vertex 34.7332 -40.753 -18.4724
      vertex 34.9054 -40.6883 -18.4862
    endloop
  endfacet
  facet normal -5.03362e-05 -0.207823 -0.978167
    outer loop
      vertex 34.75 -41.6021 -18.292
      vertex 34.5 -40.8692 -18.4477
      vertex 34.7332 -40.753 -18.4724
    endloop
  endfacet
  facet normal 5.36762e-05 -0.207789 -0.978174
    outer loop
      vertex 34.75 -41.6021 -18.292
      vertex 34.2805 -41.0086 -18.4181
      vertex 34.5 -40.8692 -18.4477
    endloop
  endfacet
  facet normal 8.47644e-05 -0.207765 -0.978179
    outer loop
      vertex 34.75 -41.6021 -18.292
      vertex 34.0772 -41.1697 -18.3839
      vertex 34.2805 -41.0086 -18.4181
    endloop
  endfacet
  facet normal -6.54304e-05 -0.207989 -0.978131
    outer loop
      vertex 34.75 -41.6021 -18.292
      vertex 33.8921 -41.3507 -18.3454
      vertex 34.0772 -41.1697 -18.3839
    endloop
  endfacet
  facet normal -5.97907e-05 -0.20797 -0.978135
    outer loop
      vertex 34.75 -41.6021 -18.292
      vertex 33.7275 -41.5496 -18.3031
      vertex 33.8921 -41.3507 -18.3454
    endloop
  endfacet
  facet normal 0 -0.206856 -0.978371
    outer loop
      vertex 33.7275 -41.5496 -18.3031
      vertex 34.75 -41.6021 -18.292
      vertex 33.6926 -41.6021 -18.292
    endloop
  endfacet
  facet normal 0.93364 0.350385 -0.0744781
    outer loop
      vertex 38.1 -41.9426 -17.1461
      vertex 38.0339 -41.9924 -18.209
      vertex 38.0339 -41.7741 -17.182
    endloop
  endfacet
  facet normal 0.933625 0.350423 -0.074479
    outer loop
      vertex 38.0339 -41.9924 -18.209
      vertex 38.1 -41.9426 -17.1461
      vertex 38.1 -42.1609 -18.1732
    endloop
  endfacet
  facet normal 0.891022 0.444041 -0.0943765
    outer loop
      vertex 38.0339 -41.7741 -17.182
      vertex 37.9151 -41.7643 -18.2575
      vertex 37.9151 -41.546 -17.2304
    endloop
  endfacet
  facet normal 0.891039 0.444007 -0.0943786
    outer loop
      vertex 37.9151 -41.7643 -18.2575
      vertex 38.0339 -41.7741 -17.182
      vertex 38.0339 -41.9924 -18.209
    endloop
  endfacet
  facet normal 0.453914 0.871573 -0.185262
    outer loop
      vertex 37 -40.8692 -18.4477
      vertex 36.7668 -40.5347 -17.4454
      vertex 37 -40.6509 -17.4207
    endloop
  endfacet
  facet normal 0.453914 0.871573 -0.185262
    outer loop
      vertex 36.7668 -40.5347 -17.4454
      vertex 37 -40.8692 -18.4477
      vertex 36.7668 -40.753 -18.4724
    endloop
  endfacet
  facet normal 0.838586 0.532865 -0.113266
    outer loop
      vertex 37.9151 -41.546 -17.2304
      vertex 37.7725 -41.5496 -18.3031
      vertex 37.7725 -41.3313 -17.2761
    endloop
  endfacet
  facet normal 0.838562 0.532902 -0.113263
    outer loop
      vertex 37.7725 -41.5496 -18.3031
      vertex 37.9151 -41.546 -17.2304
      vertex 37.9151 -41.7643 -18.2575
    endloop
  endfacet
  facet normal -0.544595 0.820374 -0.174362
    outer loop
      vertex 34.5 -40.6509 -17.4207
      vertex 34.2805 -41.0086 -18.4181
      vertex 34.2805 -40.7903 -17.391
    endloop
  endfacet
  facet normal -0.54454 0.820406 -0.174386
    outer loop
      vertex 34.2805 -41.0086 -18.4181
      vertex 34.5 -40.6509 -17.4207
      vertex 34.5 -40.8692 -18.4477
    endloop
  endfacet
  facet normal -0.453914 0.871573 -0.185262
    outer loop
      vertex 34.7332 -40.5347 -17.4454
      vertex 34.5 -40.8692 -18.4477
      vertex 34.5 -40.6509 -17.4207
    endloop
  endfacet
  facet normal -0.453914 0.871573 -0.185262
    outer loop
      vertex 34.5 -40.8692 -18.4477
      vertex 34.7332 -40.5347 -17.4454
      vertex 34.7332 -40.753 -18.4724
    endloop
  endfacet
  facet normal -0.838393 0.533155 -0.113328
    outer loop
      vertex 33.7275 -41.5496 -18.3031
      vertex 33.6926 -41.3838 -17.2649
      vertex 33.7275 -41.3313 -17.2761
    endloop
  endfacet
  facet normal -0.838296 0.533302 -0.113348
    outer loop
      vertex 33.6926 -41.3838 -17.2649
      vertex 33.7275 -41.5496 -18.3031
      vertex 33.6926 -41.6021 -18.292
    endloop
  endfacet
  facet normal -0.629461 0.760054 -0.161542
    outer loop
      vertex 34.2805 -40.7903 -17.391
      vertex 34.0772 -41.1697 -18.3839
      vertex 34.0772 -40.9514 -17.3568
    endloop
  endfacet
  facet normal -0.629461 0.760054 -0.161542
    outer loop
      vertex 34.0772 -41.1697 -18.3839
      vertex 34.2805 -40.7903 -17.391
      vertex 34.2805 -41.0086 -18.4181
    endloop
  endfacet
  facet normal 0.629461 0.760054 -0.161542
    outer loop
      vertex 37.4228 -41.1697 -18.3839
      vertex 37.2195 -40.7903 -17.391
      vertex 37.4228 -40.9514 -17.3568
    endloop
  endfacet
  facet normal 0.629461 0.760054 -0.161542
    outer loop
      vertex 37.2195 -40.7903 -17.391
      vertex 37.4228 -41.1697 -18.3839
      vertex 37.2195 -41.0086 -18.4181
    endloop
  endfacet
  facet normal 0.777242 0.615454 -0.130809
    outer loop
      vertex 37.7725 -41.3313 -17.2761
      vertex 37.6079 -41.3507 -18.3454
      vertex 37.6079 -41.1324 -17.3183
    endloop
  endfacet
  facet normal 0.777273 0.615414 -0.130813
    outer loop
      vertex 37.6079 -41.3507 -18.3454
      vertex 37.7725 -41.3313 -17.2761
      vertex 37.7725 -41.5496 -18.3031
    endloop
  endfacet
  facet normal 0.70701 0.691752 -0.147025
    outer loop
      vertex 37.6079 -41.1324 -17.3183
      vertex 37.4228 -41.1697 -18.3839
      vertex 37.4228 -40.9514 -17.3568
    endloop
  endfacet
  facet normal 0.70701 0.691752 -0.147025
    outer loop
      vertex 37.4228 -41.1697 -18.3839
      vertex 37.6079 -41.1324 -17.3183
      vertex 37.6079 -41.3507 -18.3454
    endloop
  endfacet
  facet normal -0.358525 0.91312 -0.194094
    outer loop
      vertex 34.9054 -40.47 -17.4591
      vertex 34.7332 -40.753 -18.4724
      vertex 34.7332 -40.5347 -17.4454
    endloop
  endfacet
  facet normal -0.358623 0.913087 -0.194068
    outer loop
      vertex 34.7332 -40.753 -18.4724
      vertex 34.9054 -40.47 -17.4591
      vertex 34.9054 -40.6883 -18.4862
    endloop
  endfacet
  facet normal -0.777242 0.615454 -0.130809
    outer loop
      vertex 33.8921 -41.3507 -18.3454
      vertex 33.7275 -41.3313 -17.2761
      vertex 33.8921 -41.1324 -17.3183
    endloop
  endfacet
  facet normal -0.777273 0.615414 -0.130813
    outer loop
      vertex 33.7275 -41.3313 -17.2761
      vertex 33.8921 -41.3507 -18.3454
      vertex 33.7275 -41.5496 -18.3031
    endloop
  endfacet
  facet normal 0.358525 0.91312 -0.194094
    outer loop
      vertex 36.7668 -40.753 -18.4724
      vertex 36.5946 -40.47 -17.4591
      vertex 36.7668 -40.5347 -17.4454
    endloop
  endfacet
  facet normal 0.358623 0.913087 -0.194068
    outer loop
      vertex 36.5946 -40.47 -17.4591
      vertex 36.7668 -40.753 -18.4724
      vertex 36.5946 -40.6883 -18.4862
    endloop
  endfacet
  facet normal 0.838562 -0.532902 0.113263
    outer loop
      vertex 14.2725 -67.1925 -11.7791
      vertex 14.4151 -67.1961 -12.8518
      vertex 14.4151 -66.9778 -11.8247
    endloop
  endfacet
  facet normal 0.838562 -0.532902 0.113263
    outer loop
      vertex 14.4151 -67.1961 -12.8518
      vertex 14.2725 -67.1925 -11.7791
      vertex 14.2725 -67.4108 -12.8062
    endloop
  endfacet
  facet normal 0.358623 -0.913087 0.194068
    outer loop
      vertex 13.0946 -68.2721 -12.6231
      vertex 13.2668 -67.9891 -11.6098
      vertex 13.0946 -68.0538 -11.596
    endloop
  endfacet
  facet normal 0.358525 -0.91312 0.194094
    outer loop
      vertex 13.2668 -67.9891 -11.6098
      vertex 13.0946 -68.2721 -12.6231
      vertex 13.2668 -68.2074 -12.6368
    endloop
  endfacet
  facet normal -0.358623 -0.913087 0.194068
    outer loop
      vertex 11.2332 -67.9891 -11.6098
      vertex 11.4054 -68.2721 -12.6231
      vertex 11.4054 -68.0538 -11.596
    endloop
  endfacet
  facet normal -0.358525 -0.91312 0.194094
    outer loop
      vertex 11.4054 -68.2721 -12.6231
      vertex 11.2332 -67.9891 -11.6098
      vertex 11.2332 -68.2074 -12.6368
    endloop
  endfacet
  facet normal -0.891024 -0.444038 0.094376
    outer loop
      vertex 9.96614 -66.9681 -12.9003
      vertex 10.0849 -66.9778 -11.8247
      vertex 9.96614 -66.7498 -11.8732
    endloop
  endfacet
  facet normal -0.891024 -0.444038 0.094376
    outer loop
      vertex 10.0849 -66.9778 -11.8247
      vertex 9.96614 -66.9681 -12.9003
      vertex 10.0849 -67.1961 -12.8518
    endloop
  endfacet
  facet normal 0.70701 -0.691752 0.147025
    outer loop
      vertex 13.9228 -67.5724 -11.6983
      vertex 14.1079 -67.6097 -12.7639
      vertex 14.1079 -67.3914 -11.7368
    endloop
  endfacet
  facet normal 0.70701 -0.691752 0.147025
    outer loop
      vertex 14.1079 -67.6097 -12.7639
      vertex 13.9228 -67.5724 -11.6983
      vertex 13.9228 -67.7907 -12.7254
    endloop
  endfacet
  facet normal 0.54454 -0.820406 0.174386
    outer loop
      vertex 13.5 -68.0912 -12.6615
      vertex 13.7195 -67.7335 -11.6641
      vertex 13.5 -67.8729 -11.6345
    endloop
  endfacet
  facet normal 0.544595 -0.820374 0.174362
    outer loop
      vertex 13.7195 -67.7335 -11.6641
      vertex 13.5 -68.0912 -12.6615
      vertex 13.7195 -67.9518 -12.6912
    endloop
  endfacet
  facet normal -0.70701 -0.691752 0.147025
    outer loop
      vertex 10.3921 -67.6097 -12.7639
      vertex 10.5772 -67.5724 -11.6983
      vertex 10.3921 -67.3914 -11.7368
    endloop
  endfacet
  facet normal -0.70701 -0.691752 0.147025
    outer loop
      vertex 10.5772 -67.5724 -11.6983
      vertex 10.3921 -67.6097 -12.7639
      vertex 10.5772 -67.7907 -12.7254
    endloop
  endfacet
  facet normal -0.453914 -0.871573 0.185262
    outer loop
      vertex 11 -67.8729 -11.6345
      vertex 11.2332 -68.2074 -12.6368
      vertex 11.2332 -67.9891 -11.6098
    endloop
  endfacet
  facet normal -0.453914 -0.871573 0.185262
    outer loop
      vertex 11.2332 -68.2074 -12.6368
      vertex 11 -67.8729 -11.6345
      vertex 11 -68.0912 -12.6615
    endloop
  endfacet
  facet normal 0.777273 -0.615416 0.130801
    outer loop
      vertex 14.1079 -67.3914 -11.7368
      vertex 14.2725 -67.4108 -12.8062
      vertex 14.2725 -67.1925 -11.7791
    endloop
  endfacet
  facet normal 0.777273 -0.615416 0.130801
    outer loop
      vertex 14.2725 -67.4108 -12.8062
      vertex 14.1079 -67.3914 -11.7368
      vertex 14.1079 -67.6097 -12.7639
    endloop
  endfacet
  facet normal 0.453914 -0.871573 0.185262
    outer loop
      vertex 13.2668 -68.2074 -12.6368
      vertex 13.5 -67.8729 -11.6345
      vertex 13.2668 -67.9891 -11.6098
    endloop
  endfacet
  facet normal 0.453914 -0.871573 0.185262
    outer loop
      vertex 13.5 -67.8729 -11.6345
      vertex 13.2668 -68.2074 -12.6368
      vertex 13.5 -68.0912 -12.6615
    endloop
  endfacet
  facet normal 0.629461 -0.760054 0.161542
    outer loop
      vertex 13.7195 -67.9518 -12.6912
      vertex 13.9228 -67.5724 -11.6983
      vertex 13.7195 -67.7335 -11.6641
    endloop
  endfacet
  facet normal 0.629461 -0.760054 0.161542
    outer loop
      vertex 13.9228 -67.5724 -11.6983
      vertex 13.7195 -67.9518 -12.6912
      vertex 13.9228 -67.7907 -12.7254
    endloop
  endfacet
  facet normal -0.933621 -0.350428 0.0745141
    outer loop
      vertex 9.9 -66.7996 -12.9361
      vertex 9.96614 -66.7498 -11.8732
      vertex 9.9 -66.5812 -11.909
    endloop
  endfacet
  facet normal -0.933553 -0.350608 0.0745183
    outer loop
      vertex 9.96614 -66.7498 -11.8732
      vertex 9.9 -66.7996 -12.9361
      vertex 9.96614 -66.9681 -12.9003
    endloop
  endfacet
  facet normal -0.838562 -0.532902 0.113263
    outer loop
      vertex 10.0849 -67.1961 -12.8518
      vertex 10.2275 -67.1925 -11.7791
      vertex 10.0849 -66.9778 -11.8247
    endloop
  endfacet
  facet normal -0.838562 -0.532902 0.113263
    outer loop
      vertex 10.2275 -67.1925 -11.7791
      vertex 10.0849 -67.1961 -12.8518
      vertex 10.2275 -67.4108 -12.8062
    endloop
  endfacet
  facet normal -0.777273 -0.615416 0.130801
    outer loop
      vertex 10.2275 -67.4108 -12.8062
      vertex 10.3921 -67.3914 -11.7368
      vertex 10.2275 -67.1925 -11.7791
    endloop
  endfacet
  facet normal -0.777273 -0.615416 0.130801
    outer loop
      vertex 10.3921 -67.3914 -11.7368
      vertex 10.2275 -67.4108 -12.8062
      vertex 10.3921 -67.6097 -12.7639
    endloop
  endfacet
  facet normal -0.54454 -0.820406 0.174386
    outer loop
      vertex 10.7805 -67.7335 -11.6641
      vertex 11 -68.0912 -12.6615
      vertex 11 -67.8729 -11.6345
    endloop
  endfacet
  facet normal -0.544595 -0.820374 0.174362
    outer loop
      vertex 11 -68.0912 -12.6615
      vertex 10.7805 -67.7335 -11.6641
      vertex 10.7805 -67.9518 -12.6912
    endloop
  endfacet
  facet normal -0.629461 -0.760054 0.161542
    outer loop
      vertex 10.5772 -67.5724 -11.6983
      vertex 10.7805 -67.9518 -12.6912
      vertex 10.7805 -67.7335 -11.6641
    endloop
  endfacet
  facet normal -0.629461 -0.760054 0.161542
    outer loop
      vertex 10.7805 -67.9518 -12.6912
      vertex 10.5772 -67.5724 -11.6983
      vertex 10.5772 -67.7907 -12.7254
    endloop
  endfacet
  facet normal 0.890962 -0.444157 0.0944012
    outer loop
      vertex 14.4151 -66.9778 -11.8247
      vertex 14.5339 -66.9681 -12.9003
      vertex 14.5339 -66.7498 -11.8732
    endloop
  endfacet
  facet normal 0.890962 -0.444157 0.0944012
    outer loop
      vertex 14.5339 -66.9681 -12.9003
      vertex 14.4151 -66.9778 -11.8247
      vertex 14.4151 -67.1961 -12.8518
    endloop
  endfacet
  facet normal 0.933699 -0.350233 0.0744459
    outer loop
      vertex 14.5339 -66.7498 -11.8732
      vertex 14.6276 -66.7291 -12.951
      vertex 14.6276 -66.5108 -11.924
    endloop
  endfacet
  facet normal 0.933689 -0.350261 0.0744445
    outer loop
      vertex 14.6276 -66.7291 -12.951
      vertex 14.5339 -66.7498 -11.8732
      vertex 14.5339 -66.9681 -12.9003
    endloop
  endfacet
  facet normal 8.42981e-05 -0.207548 -0.978225
    outer loop
      vertex 13.25 -66.5449 -12.9902
      vertex 14.6276 -66.7291 -12.951
      vertex 14.5339 -66.9681 -12.9003
    endloop
  endfacet
  facet normal -7.98456e-05 -0.208024 -0.978124
    outer loop
      vertex 13.25 -66.5449 -12.9902
      vertex 14.5339 -66.9681 -12.9003
      vertex 14.4151 -67.1961 -12.8518
    endloop
  endfacet
  facet normal 5.63506e-05 -0.207791 -0.978173
    outer loop
      vertex 13.25 -66.5449 -12.9902
      vertex 14.4151 -67.1961 -12.8518
      vertex 14.2725 -67.4108 -12.8062
    endloop
  endfacet
  facet normal -8.47489e-05 -0.20795 -0.978139
    outer loop
      vertex 13.25 -66.5449 -12.9902
      vertex 14.2725 -67.4108 -12.8062
      vertex 14.1079 -67.6097 -12.7639
    endloop
  endfacet
  facet normal -9.57667e-05 -0.207959 -0.978138
    outer loop
      vertex 13.25 -66.5449 -12.9902
      vertex 14.1079 -67.6097 -12.7639
      vertex 13.9228 -67.7907 -12.7254
    endloop
  endfacet
  facet normal 0.000139623 -0.207831 -0.978165
    outer loop
      vertex 12.9191 -66.7004 -12.9572
      vertex 13.9228 -67.7907 -12.7254
      vertex 13.7195 -67.9518 -12.6912
    endloop
  endfacet
  facet normal -0.00021243 -0.208059 -0.978116
    outer loop
      vertex 12.8378 -66.7648 -12.9435
      vertex 13.7195 -67.9518 -12.6912
      vertex 13.5 -68.0912 -12.6615
    endloop
  endfacet
  facet normal 4.59158e-06 -0.207928 -0.978144
    outer loop
      vertex 12.75 -66.8206 -12.9316
      vertex 13.5 -68.0912 -12.6615
      vertex 13.2668 -68.2074 -12.6368
    endloop
  endfacet
  facet normal 0 -0.208151 -0.978097
    outer loop
      vertex 14.6276 -66.7291 -12.951
      vertex 13.25 -66.5449 -12.9902
      vertex 14.6781 -66.5449 -12.9902
    endloop
  endfacet
  facet normal 0.000123014 -0.207846 -0.978162
    outer loop
      vertex 13.9228 -67.7907 -12.7254
      vertex 12.9191 -66.7004 -12.9572
      vertex 13.25 -66.5449 -12.9902
    endloop
  endfacet
  facet normal 0.000251699 -0.207795 -0.978172
    outer loop
      vertex 12.6567 -66.867 -12.9217
      vertex 13.2668 -68.2074 -12.6368
      vertex 13.0946 -68.2721 -12.6231
    endloop
  endfacet
  facet normal -0.000789907 -0.205987 -0.978554
    outer loop
      vertex 12.9931 -66.628 -12.9725
      vertex 13.25 -66.5449 -12.9902
      vertex 12.9191 -66.7004 -12.9572
    endloop
  endfacet
  facet normal 0.000524376 -0.205198 -0.97872
    outer loop
      vertex 13.1641 -66.5405 -12.9911
      vertex 13.059 -66.5484 -12.9895
      vertex 13.0676 -66.5355 -12.9922
    endloop
  endfacet
  facet normal 0.000864962 -0.209543 -0.977799
    outer loop
      vertex 13.1641 -66.5405 -12.9911
      vertex 12.9931 -66.628 -12.9725
      vertex 13.059 -66.5484 -12.9895
    endloop
  endfacet
  facet normal -0.000365587 -0.207242 -0.97829
    outer loop
      vertex 13.25 -66.5449 -12.9902
      vertex 12.9931 -66.628 -12.9725
      vertex 13.1641 -66.5405 -12.9911
    endloop
  endfacet
  facet normal -8.79325e-05 -0.207971 -0.978135
    outer loop
      vertex 13.7195 -67.9518 -12.6912
      vertex 12.8378 -66.7648 -12.9435
      vertex 12.9191 -66.7004 -12.9572
    endloop
  endfacet
  facet normal -0.00030961 -0.208105 -0.978106
    outer loop
      vertex 13.5 -68.0912 -12.6615
      vertex 12.75 -66.8206 -12.9316
      vertex 12.8378 -66.7648 -12.9435
    endloop
  endfacet
  facet normal -0.000322706 -0.208045 -0.978119
    outer loop
      vertex 13.2668 -68.2074 -12.6368
      vertex 12.6567 -66.867 -12.9217
      vertex 12.75 -66.8206 -12.9316
    endloop
  endfacet
  facet normal -7.3992e-06 -0.207872 -0.978156
    outer loop
      vertex 13.0946 -68.2721 -12.6231
      vertex 12.559 -66.9037 -12.9139
      vertex 12.6567 -66.867 -12.9217
    endloop
  endfacet
  facet normal 0.00027677 -0.207765 -0.978179
    outer loop
      vertex 13.0946 -68.2721 -12.6231
      vertex 12.4579 -66.9302 -12.9083
      vertex 12.559 -66.9037 -12.9139
    endloop
  endfacet
  facet normal 4.85991e-06 -0.207889 -0.978152
    outer loop
      vertex 13.0946 -68.2721 -12.6231
      vertex 12.3545 -66.9462 -12.9049
      vertex 12.4579 -66.9302 -12.9083
    endloop
  endfacet
  facet normal 0.000433885 -0.20766 -0.978201
    outer loop
      vertex 13.0946 -68.2721 -12.6231
      vertex 12.25 -66.9516 -12.9038
      vertex 12.3545 -66.9462 -12.9049
    endloop
  endfacet
  facet normal 0 -0.207925 -0.978145
    outer loop
      vertex 11.4054 -68.2721 -12.6231
      vertex 12.25 -66.9516 -12.9038
      vertex 13.0946 -68.2721 -12.6231
    endloop
  endfacet
  facet normal -0.000433885 -0.20766 -0.978201
    outer loop
      vertex 12.25 -66.9516 -12.9038
      vertex 11.4054 -68.2721 -12.6231
      vertex 12.1455 -66.9462 -12.9049
    endloop
  endfacet
  facet normal -4.85991e-06 -0.207889 -0.978152
    outer loop
      vertex 12.1455 -66.9462 -12.9049
      vertex 11.4054 -68.2721 -12.6231
      vertex 12.0421 -66.9302 -12.9083
    endloop
  endfacet
  facet normal -0.00027677 -0.207765 -0.978179
    outer loop
      vertex 12.0421 -66.9302 -12.9083
      vertex 11.4054 -68.2721 -12.6231
      vertex 11.941 -66.9037 -12.9139
    endloop
  endfacet
  facet normal 7.3992e-06 -0.207872 -0.978156
    outer loop
      vertex 11.941 -66.9037 -12.9139
      vertex 11.4054 -68.2721 -12.6231
      vertex 11.8433 -66.867 -12.9217
    endloop
  endfacet
  facet normal -0.000251699 -0.207795 -0.978172
    outer loop
      vertex 11.2332 -68.2074 -12.6368
      vertex 11.8433 -66.867 -12.9217
      vertex 11.4054 -68.2721 -12.6231
    endloop
  endfacet
  facet normal 0.000322706 -0.208045 -0.978119
    outer loop
      vertex 11.8433 -66.867 -12.9217
      vertex 11.2332 -68.2074 -12.6368
      vertex 11.75 -66.8206 -12.9316
    endloop
  endfacet
  facet normal -4.59158e-06 -0.207928 -0.978144
    outer loop
      vertex 11 -68.0912 -12.6615
      vertex 11.75 -66.8206 -12.9316
      vertex 11.2332 -68.2074 -12.6368
    endloop
  endfacet
  facet normal 0.00030961 -0.208105 -0.978106
    outer loop
      vertex 11.75 -66.8206 -12.9316
      vertex 11 -68.0912 -12.6615
      vertex 11.6622 -66.7648 -12.9435
    endloop
  endfacet
  facet normal 0.00021243 -0.208059 -0.978116
    outer loop
      vertex 10.7805 -67.9518 -12.6912
      vertex 11.6622 -66.7648 -12.9435
      vertex 11 -68.0912 -12.6615
    endloop
  endfacet
  facet normal 8.79325e-05 -0.207971 -0.978135
    outer loop
      vertex 11.6622 -66.7648 -12.9435
      vertex 10.7805 -67.9518 -12.6912
      vertex 11.5809 -66.7004 -12.9572
    endloop
  endfacet
  facet normal -0.000139623 -0.207831 -0.978165
    outer loop
      vertex 10.5772 -67.7907 -12.7254
      vertex 11.5809 -66.7004 -12.9572
      vertex 10.7805 -67.9518 -12.6912
    endloop
  endfacet
  facet normal -0.000642582 -0.207388 -0.978259
    outer loop
      vertex 11.5809 -66.7004 -12.9572
      vertex 10.5772 -67.7907 -12.7254
      vertex 11.5069 -66.628 -12.9725
    endloop
  endfacet
  facet normal 9.90913e-05 -0.207956 -0.978138
    outer loop
      vertex 10.3921 -67.6097 -12.7639
      vertex 11.5069 -66.628 -12.9725
      vertex 10.5772 -67.7907 -12.7254
    endloop
  endfacet
  facet normal 0.000537616 -0.208432 -0.978037
    outer loop
      vertex 11.5069 -66.628 -12.9725
      vertex 10.3921 -67.6097 -12.7639
      vertex 11.441 -66.5484 -12.9895
    endloop
  endfacet
  facet normal -0.000206434 -0.208607 -0.977999
    outer loop
      vertex 11.2802 -64.9122 -13.3372
      vertex 10.2275 -64.5361 -13.4172
      vertex 11.261 -64.7931 -13.3626
    endloop
  endfacet
  facet normal 5.39699e-05 -0.207975 -0.978134
    outer loop
      vertex 10.2275 -67.4108 -12.8062
      vertex 11.441 -66.5484 -12.9895
      vertex 10.3921 -67.6097 -12.7639
    endloop
  endfacet
  facet normal -0.000317521 -0.207475 -0.97824
    outer loop
      vertex 11.441 -66.5484 -12.9895
      vertex 10.2275 -67.4108 -12.8062
      vertex 11.384 -66.4625 -13.0077
    endloop
  endfacet
  facet normal -4.99126e-05 -0.207787 -0.978174
    outer loop
      vertex 10.0849 -67.1961 -12.8518
      vertex 11.384 -66.4625 -13.0077
      vertex 10.2275 -67.4108 -12.8062
    endloop
  endfacet
  facet normal 8.77814e-05 -0.20802 -0.978125
    outer loop
      vertex 11.384 -66.4625 -13.0077
      vertex 10.0849 -67.1961 -12.8518
      vertex 11.3365 -66.3713 -13.0271
    endloop
  endfacet
  facet normal 6.50588e-06 -0.207932 -0.978143
    outer loop
      vertex 11.25 -64.5886 -13.406
      vertex 11 -63.8557 -13.5618
      vertex 11.2332 -63.7395 -13.5865
    endloop
  endfacet
  facet normal -0.0035114 -0.207997 -0.978123
    outer loop
      vertex 11.25 -64.5886 -13.406
      vertex 11.2332 -63.7395 -13.5865
      vertex 11.25 -63.7332 -13.5879
    endloop
  endfacet
  facet normal 8.77795e-05 -0.20802 -0.978125
    outer loop
      vertex 9.96614 -66.9681 -12.9003
      vertex 11.3365 -66.3713 -13.0271
      vertex 10.0849 -67.1961 -12.8518
    endloop
  endfacet
  facet normal 0.000123342 -0.207894 -0.978151
    outer loop
      vertex 11.25 -64.5886 -13.406
      vertex 10.7805 -63.9951 -13.5322
      vertex 11 -63.8557 -13.5618
    endloop
  endfacet
  facet normal -1.3024e-06 -0.207825 -0.978166
    outer loop
      vertex 9.9 -66.7996 -12.9361
      vertex 11.3365 -66.3713 -13.0271
      vertex 9.96614 -66.9681 -12.9003
    endloop
  endfacet
  facet normal -0.0001307 -0.208086 -0.978111
    outer loop
      vertex 11.25 -64.5886 -13.406
      vertex 10.5772 -64.1562 -13.4979
      vertex 10.7805 -63.9951 -13.5322
    endloop
  endfacet
  facet normal -3.25779e-05 -0.207724 -0.978187
    outer loop
      vertex 11.3365 -66.3713 -13.0271
      vertex 9.9 -66.7996 -12.9361
      vertex 11.2989 -66.2757 -13.0474
    endloop
  endfacet
  facet normal 0.00014415 -0.207677 -0.978198
    outer loop
      vertex 11.25 -64.5886 -13.406
      vertex 10.3921 -64.3372 -13.4595
      vertex 10.5772 -64.1562 -13.4979
    endloop
  endfacet
  facet normal -3.63702e-05 -0.207714 -0.978189
    outer loop
      vertex 11.2989 -66.2757 -13.0474
      vertex 9.9 -66.7996 -12.9361
      vertex 11.2719 -66.1768 -13.0684
    endloop
  endfacet
  facet normal 0.000263146 -0.207288 -0.97828
    outer loop
      vertex 11.2545 -64.6726 -13.3882
      vertex 10.3921 -64.3372 -13.4595
      vertex 11.25 -64.5886 -13.406
    endloop
  endfacet
  facet normal 9.63594e-05 -0.207994 -0.97813
    outer loop
      vertex 11.2719 -66.1768 -13.0684
      vertex 9.9 -66.7996 -12.9361
      vertex 11.2555 -66.0757 -13.0899
    endloop
  endfacet
  facet normal 5.20144e-05 -0.207808 -0.97817
    outer loop
      vertex 11.261 -64.7931 -13.3626
      vertex 10.3921 -64.3372 -13.4595
      vertex 11.2545 -64.6726 -13.3882
    endloop
  endfacet
  facet normal 0.000430006 -0.208592 -0.978003
    outer loop
      vertex 11.2555 -66.0757 -13.0899
      vertex 9.9 -66.7996 -12.9361
      vertex 11.25 -65.9735 -13.1117
    endloop
  endfacet
  facet normal -6.32938e-16 -0.20792 -0.978146
    outer loop
      vertex 9.9 -65.1474 -13.2873
      vertex 11.25 -65.9735 -13.1117
      vertex 9.9 -66.7996 -12.9361
    endloop
  endfacet
  facet normal 0.000110139 -0.207747 -0.978182
    outer loop
      vertex 9.96614 -64.9788 -13.3231
      vertex 11.25 -65.9735 -13.1117
      vertex 9.9 -65.1474 -13.2873
    endloop
  endfacet
  facet normal -4.40399e-05 -0.207983 -0.978133
    outer loop
      vertex 10.3921 -64.3372 -13.4595
      vertex 11.261 -64.7931 -13.3626
      vertex 10.2275 -64.5361 -13.4172
    endloop
  endfacet
  facet normal -0.00169851 -0.207496 -0.978234
    outer loop
      vertex 11.384 -65.4844 -13.2156
      vertex 11.4229 -65.3843 -13.2369
      vertex 11.435 -65.4075 -13.232
    endloop
  endfacet
  facet normal -0.000399815 -0.207979 -0.978133
    outer loop
      vertex 11.384 -65.4844 -13.2156
      vertex 11.3921 -65.3057 -13.2536
      vertex 11.4229 -65.3843 -13.2369
    endloop
  endfacet
  facet normal -0.000148937 -0.20799 -0.978131
    outer loop
      vertex 11.3365 -65.5756 -13.1962
      vertex 11.3921 -65.3057 -13.2536
      vertex 11.384 -65.4844 -13.2156
    endloop
  endfacet
  facet normal -0.000679163 -0.207885 -0.978153
    outer loop
      vertex 11.3921 -65.3057 -13.2536
      vertex 11.3365 -65.5756 -13.1962
      vertex 11.3479 -65.1931 -13.2775
    endloop
  endfacet
  facet normal 0.000554119 -0.20792 -0.978146
    outer loop
      vertex 11.2989 -65.6712 -13.1759
      vertex 11.3479 -65.1931 -13.2775
      vertex 11.3365 -65.5756 -13.1962
    endloop
  endfacet
  facet normal 4.15095e-05 -0.20787 -0.978156
    outer loop
      vertex 9.96614 -64.9788 -13.3231
      vertex 11.3479 -65.1931 -13.2775
      vertex 11.2989 -65.6712 -13.1759
    endloop
  endfacet
  facet normal -1.42138e-05 -0.208214 -0.978083
    outer loop
      vertex 11.3479 -65.1931 -13.2775
      vertex 9.96614 -64.9788 -13.3231
      vertex 11.316 -65.0766 -13.3023
    endloop
  endfacet
  facet normal 0.000114909 -0.207735 -0.978185
    outer loop
      vertex 9.96614 -64.9788 -13.3231
      vertex 11.2989 -65.6712 -13.1759
      vertex 11.2719 -65.7701 -13.1549
    endloop
  endfacet
  facet normal -8.18397e-06 -0.208134 -0.9781
    outer loop
      vertex 11.316 -65.0766 -13.3023
      vertex 9.96614 -64.9788 -13.3231
      vertex 11.2937 -64.9953 -13.3196
    endloop
  endfacet
  facet normal -7.22406e-06 -0.20806 -0.978116
    outer loop
      vertex 10.0849 -64.7508 -13.3716
      vertex 11.2937 -64.9953 -13.3196
      vertex 9.96614 -64.9788 -13.3231
    endloop
  endfacet
  facet normal -5.34973e-05 -0.208001 -0.978129
    outer loop
      vertex 9.96614 -64.9788 -13.3231
      vertex 11.2719 -65.7701 -13.1549
      vertex 11.2555 -65.8712 -13.1334
    endloop
  endfacet
  facet normal 0.00018126 -0.207169 -0.978305
    outer loop
      vertex 11.2937 -64.9953 -13.3196
      vertex 10.0849 -64.7508 -13.3716
      vertex 11.2802 -64.9122 -13.3372
    endloop
  endfacet
  facet normal 0.000294807 -0.207519 -0.978231
    outer loop
      vertex 9.96614 -64.9788 -13.3231
      vertex 11.2555 -65.8712 -13.1334
      vertex 11.25 -65.9735 -13.1117
    endloop
  endfacet
  facet normal 9.03851e-05 -0.207813 -0.978169
    outer loop
      vertex 10.2275 -64.5361 -13.4172
      vertex 11.2802 -64.9122 -13.3372
      vertex 10.0849 -64.7508 -13.3716
    endloop
  endfacet
  facet normal -0.777273 0.615416 -0.130801
    outer loop
      vertex 10.3921 -64.3372 -13.4595
      vertex 10.2275 -64.3178 -12.3901
      vertex 10.3921 -64.1189 -12.4324
    endloop
  endfacet
  facet normal -0.777273 0.615416 -0.130801
    outer loop
      vertex 10.2275 -64.3178 -12.3901
      vertex 10.3921 -64.3372 -13.4595
      vertex 10.2275 -64.5361 -13.4172
    endloop
  endfacet
  facet normal -0.933621 0.350435 -0.0744814
    outer loop
      vertex 9.96614 -64.9788 -13.3231
      vertex 9.9 -64.9291 -12.2602
      vertex 9.96614 -64.7605 -12.296
    endloop
  endfacet
  facet normal -0.933621 0.350435 -0.0744814
    outer loop
      vertex 9.9 -64.9291 -12.2602
      vertex 9.96614 -64.9788 -13.3231
      vertex 9.9 -65.1474 -13.2873
    endloop
  endfacet
  facet normal -0.70701 0.691749 -0.147039
    outer loop
      vertex 10.5772 -64.1562 -13.4979
      vertex 10.3921 -64.1189 -12.4324
      vertex 10.5772 -63.9379 -12.4709
    endloop
  endfacet
  facet normal -0.70697 0.691791 -0.147033
    outer loop
      vertex 10.3921 -64.1189 -12.4324
      vertex 10.5772 -64.1562 -13.4979
      vertex 10.3921 -64.3372 -13.4595
    endloop
  endfacet
  facet normal 0.965876 -0.253343 0.0538508
    outer loop
      vertex 14.6276 -66.5108 -11.924
      vertex 14.6781 -66.5449 -12.9902
      vertex 14.6781 -66.3266 -11.9632
    endloop
  endfacet
  facet normal 0.965876 -0.253343 0.0538508
    outer loop
      vertex 14.6781 -66.5449 -12.9902
      vertex 14.6276 -66.5108 -11.924
      vertex 14.6276 -66.7291 -12.951
    endloop
  endfacet
  facet normal -0.629461 0.760051 -0.161557
    outer loop
      vertex 10.7805 -63.7768 -12.5051
      vertex 10.5772 -64.1562 -13.4979
      vertex 10.5772 -63.9379 -12.4709
    endloop
  endfacet
  facet normal -0.629509 0.760016 -0.161534
    outer loop
      vertex 10.5772 -64.1562 -13.4979
      vertex 10.7805 -63.7768 -12.5051
      vertex 10.7805 -63.9951 -13.5322
    endloop
  endfacet
  facet normal -0.544595 0.820374 -0.174362
    outer loop
      vertex 11 -63.6374 -12.5348
      vertex 10.7805 -63.9951 -13.5322
      vertex 10.7805 -63.7768 -12.5051
    endloop
  endfacet
  facet normal -0.54454 0.820406 -0.174386
    outer loop
      vertex 10.7805 -63.9951 -13.5322
      vertex 11 -63.6374 -12.5348
      vertex 11 -63.8557 -13.5618
    endloop
  endfacet
  facet normal -0.891024 0.444038 -0.094376
    outer loop
      vertex 10.0849 -64.7508 -13.3716
      vertex 9.96614 -64.7605 -12.296
      vertex 10.0849 -64.5325 -12.3445
    endloop
  endfacet
  facet normal -0.891024 0.444038 -0.094376
    outer loop
      vertex 9.96614 -64.7605 -12.296
      vertex 10.0849 -64.7508 -13.3716
      vertex 9.96614 -64.9788 -13.3231
    endloop
  endfacet
  facet normal -0.838562 0.532902 -0.113263
    outer loop
      vertex 10.2275 -64.5361 -13.4172
      vertex 10.0849 -64.5325 -12.3445
      vertex 10.2275 -64.3178 -12.3901
    endloop
  endfacet
  facet normal -0.838562 0.532902 -0.113263
    outer loop
      vertex 10.0849 -64.5325 -12.3445
      vertex 10.2275 -64.5361 -13.4172
      vertex 10.0849 -64.7508 -13.3716
    endloop
  endfacet
  facet normal -0.453914 0.871573 -0.185262
    outer loop
      vertex 11.2332 -63.5212 -12.5595
      vertex 11 -63.8557 -13.5618
      vertex 11 -63.6374 -12.5348
    endloop
  endfacet
  facet normal -0.453914 0.871573 -0.185262
    outer loop
      vertex 11 -63.8557 -13.5618
      vertex 11.2332 -63.5212 -12.5595
      vertex 11.2332 -63.7395 -13.5865
    endloop
  endfacet
  facet normal -0.357578 0.913475 -0.194169
    outer loop
      vertex 11.25 -63.5149 -12.5608
      vertex 11.2332 -63.7395 -13.5865
      vertex 11.2332 -63.5212 -12.5595
    endloop
  endfacet
  facet normal -0.358585 0.913101 -0.194071
    outer loop
      vertex 11.2332 -63.7395 -13.5865
      vertex 11.25 -63.5149 -12.5608
      vertex 11.25 -63.7332 -13.5879
    endloop
  endfacet
  facet normal 0.629461 -0.760054 0.161542
    outer loop
      vertex 37.2195 -67.9518 -12.6912
      vertex 37.4228 -67.5724 -11.6983
      vertex 37.2195 -67.7335 -11.6641
    endloop
  endfacet
  facet normal 0.629461 -0.760054 0.161542
    outer loop
      vertex 37.4228 -67.5724 -11.6983
      vertex 37.2195 -67.9518 -12.6912
      vertex 37.4228 -67.7907 -12.7254
    endloop
  endfacet
  facet normal -0.777273 -0.615416 0.130801
    outer loop
      vertex 33.7275 -67.4108 -12.8062
      vertex 33.8921 -67.3914 -11.7368
      vertex 33.7275 -67.1925 -11.7791
    endloop
  endfacet
  facet normal -0.777273 -0.615416 0.130801
    outer loop
      vertex 33.8921 -67.3914 -11.7368
      vertex 33.7275 -67.4108 -12.8062
      vertex 33.8921 -67.6097 -12.7639
    endloop
  endfacet
  facet normal -0.453914 -0.871573 0.185262
    outer loop
      vertex 34.5 -67.8729 -11.6345
      vertex 34.7332 -68.2074 -12.6368
      vertex 34.7332 -67.9891 -11.6098
    endloop
  endfacet
  facet normal -0.453914 -0.871573 0.185262
    outer loop
      vertex 34.7332 -68.2074 -12.6368
      vertex 34.5 -67.8729 -11.6345
      vertex 34.5 -68.0912 -12.6615
    endloop
  endfacet
  facet normal 0.890962 -0.444157 0.0944012
    outer loop
      vertex 37.9151 -66.9778 -11.8247
      vertex 38.0339 -66.9681 -12.9003
      vertex 38.0339 -66.7498 -11.8732
    endloop
  endfacet
  facet normal 0.890962 -0.444157 0.0944012
    outer loop
      vertex 38.0339 -66.9681 -12.9003
      vertex 37.9151 -66.9778 -11.8247
      vertex 37.9151 -67.1961 -12.8518
    endloop
  endfacet
  facet normal -0.933699 -0.350233 0.0744459
    outer loop
      vertex 33.3724 -66.7291 -12.951
      vertex 33.4661 -66.7498 -11.8732
      vertex 33.3724 -66.5108 -11.924
    endloop
  endfacet
  facet normal -0.933689 -0.350261 0.0744445
    outer loop
      vertex 33.4661 -66.7498 -11.8732
      vertex 33.3724 -66.7291 -12.951
      vertex 33.4661 -66.9681 -12.9003
    endloop
  endfacet
  facet normal -0.890962 -0.444157 0.0944012
    outer loop
      vertex 33.4661 -66.9681 -12.9003
      vertex 33.5849 -66.9778 -11.8247
      vertex 33.4661 -66.7498 -11.8732
    endloop
  endfacet
  facet normal -0.890962 -0.444157 0.0944012
    outer loop
      vertex 33.5849 -66.9778 -11.8247
      vertex 33.4661 -66.9681 -12.9003
      vertex 33.5849 -67.1961 -12.8518
    endloop
  endfacet
  facet normal 0.357578 0.913475 -0.194169
    outer loop
      vertex 36.7668 -63.7395 -13.5865
      vertex 36.75 -63.5149 -12.5608
      vertex 36.7668 -63.5212 -12.5595
    endloop
  endfacet
  facet normal 0.358585 0.913101 -0.194071
    outer loop
      vertex 36.75 -63.5149 -12.5608
      vertex 36.7668 -63.7395 -13.5865
      vertex 36.75 -63.7332 -13.5879
    endloop
  endfacet
  facet normal 0.777273 0.615416 -0.130801
    outer loop
      vertex 37.7725 -64.3178 -12.3901
      vertex 37.6079 -64.3372 -13.4595
      vertex 37.6079 -64.1189 -12.4324
    endloop
  endfacet
  facet normal 0.777273 0.615416 -0.130801
    outer loop
      vertex 37.6079 -64.3372 -13.4595
      vertex 37.7725 -64.3178 -12.3901
      vertex 37.7725 -64.5361 -13.4172
    endloop
  endfacet
  facet normal 0.933693 0.35025 -0.0744421
    outer loop
      vertex 38.1 -64.9291 -12.2602
      vertex 38.0339 -64.9788 -13.3231
      vertex 38.0339 -64.7605 -12.296
    endloop
  endfacet
  facet normal 0.933693 0.35025 -0.0744421
    outer loop
      vertex 38.0339 -64.9788 -13.3231
      vertex 38.1 -64.9291 -12.2602
      vertex 38.1 -65.1474 -13.2873
    endloop
  endfacet
  facet normal 0.933693 -0.350243 0.0744748
    outer loop
      vertex 38.0339 -66.7498 -11.8732
      vertex 38.1 -66.7996 -12.9361
      vertex 38.1 -66.5812 -11.909
    endloop
  endfacet
  facet normal 0.933625 -0.350423 0.074479
    outer loop
      vertex 38.1 -66.7996 -12.9361
      vertex 38.0339 -66.7498 -11.8732
      vertex 38.0339 -66.9681 -12.9003
    endloop
  endfacet
  facet normal 0.777273 -0.615416 0.130801
    outer loop
      vertex 37.6079 -67.3914 -11.7368
      vertex 37.7725 -67.4108 -12.8062
      vertex 37.7725 -67.1925 -11.7791
    endloop
  endfacet
  facet normal 0.777273 -0.615416 0.130801
    outer loop
      vertex 37.7725 -67.4108 -12.8062
      vertex 37.6079 -67.3914 -11.7368
      vertex 37.6079 -67.6097 -12.7639
    endloop
  endfacet
  facet normal 0.838562 -0.532902 0.113263
    outer loop
      vertex 37.7725 -67.1925 -11.7791
      vertex 37.9151 -67.1961 -12.8518
      vertex 37.9151 -66.9778 -11.8247
    endloop
  endfacet
  facet normal 0.838562 -0.532902 0.113263
    outer loop
      vertex 37.9151 -67.1961 -12.8518
      vertex 37.7725 -67.1925 -11.7791
      vertex 37.7725 -67.4108 -12.8062
    endloop
  endfacet
  facet normal 0.453914 -0.871573 0.185262
    outer loop
      vertex 36.7668 -68.2074 -12.6368
      vertex 37 -67.8729 -11.6345
      vertex 36.7668 -67.9891 -11.6098
    endloop
  endfacet
  facet normal 0.453914 -0.871573 0.185262
    outer loop
      vertex 37 -67.8729 -11.6345
      vertex 36.7668 -68.2074 -12.6368
      vertex 37 -68.0912 -12.6615
    endloop
  endfacet
  facet normal 0.54454 -0.820406 0.174386
    outer loop
      vertex 37 -68.0912 -12.6615
      vertex 37.2195 -67.7335 -11.6641
      vertex 37 -67.8729 -11.6345
    endloop
  endfacet
  facet normal 0.544595 -0.820374 0.174362
    outer loop
      vertex 37.2195 -67.7335 -11.6641
      vertex 37 -68.0912 -12.6615
      vertex 37.2195 -67.9518 -12.6912
    endloop
  endfacet
  facet normal -0.965876 -0.253343 0.0538508
    outer loop
      vertex 33.3219 -66.5449 -12.9902
      vertex 33.3724 -66.5108 -11.924
      vertex 33.3219 -66.3266 -11.9632
    endloop
  endfacet
  facet normal -0.965876 -0.253343 0.0538508
    outer loop
      vertex 33.3724 -66.5108 -11.924
      vertex 33.3219 -66.5449 -12.9902
      vertex 33.3724 -66.7291 -12.951
    endloop
  endfacet
  facet normal -0.000263146 -0.207288 -0.97828
    outer loop
      vertex 37.6079 -64.3372 -13.4595
      vertex 36.7455 -64.6726 -13.3882
      vertex 36.75 -64.5886 -13.406
    endloop
  endfacet
  facet normal -0.000113282 -0.207735 -0.978185
    outer loop
      vertex 36.7011 -65.6712 -13.1759
      vertex 38.1 -65.1474 -13.2873
      vertex 36.7281 -65.7701 -13.1549
    endloop
  endfacet
  facet normal 3.62671e-05 -0.207812 -0.978169
    outer loop
      vertex 38.0339 -64.9788 -13.3231
      vertex 36.739 -64.7931 -13.3626
      vertex 36.7455 -64.6726 -13.3882
    endloop
  endfacet
  facet normal -5.9522e-05 -0.207872 -0.978156
    outer loop
      vertex 36.6521 -65.1931 -13.2775
      vertex 38.1 -65.1474 -13.2873
      vertex 36.7011 -65.6712 -13.1759
    endloop
  endfacet
  facet normal -7.64244e-05 -0.208564 -0.978009
    outer loop
      vertex 38.0339 -64.9788 -13.3231
      vertex 36.7198 -64.9122 -13.3372
      vertex 36.739 -64.7931 -13.3626
    endloop
  endfacet
  facet normal -3.99847e-06 -0.207196 -0.978299
    outer loop
      vertex 38.0339 -64.9788 -13.3231
      vertex 36.7063 -64.9953 -13.3196
      vertex 36.7198 -64.9122 -13.3372
    endloop
  endfacet
  facet normal -6.42e-05 -0.20773 -0.978186
    outer loop
      vertex 38.1 -65.1474 -13.2873
      vertex 36.6521 -65.1931 -13.2775
      vertex 38.0339 -64.9788 -13.3231
    endloop
  endfacet
  facet normal 8.18373e-06 -0.208134 -0.9781
    outer loop
      vertex 38.0339 -64.9788 -13.3231
      vertex 36.684 -65.0766 -13.3023
      vertex 36.7063 -64.9953 -13.3196
    endloop
  endfacet
  facet normal -0.000554119 -0.20792 -0.978146
    outer loop
      vertex 36.6521 -65.1931 -13.2775
      vertex 36.7011 -65.6712 -13.1759
      vertex 36.6635 -65.5756 -13.1962
    endloop
  endfacet
  facet normal 1.42134e-05 -0.208214 -0.978083
    outer loop
      vertex 38.0339 -64.9788 -13.3231
      vertex 36.6521 -65.1931 -13.2775
      vertex 36.684 -65.0766 -13.3023
    endloop
  endfacet
  facet normal 0.000148937 -0.20799 -0.978131
    outer loop
      vertex 36.6079 -65.3057 -13.2536
      vertex 36.6635 -65.5756 -13.1962
      vertex 36.616 -65.4844 -13.2156
    endloop
  endfacet
  facet normal 0.000679163 -0.207885 -0.978153
    outer loop
      vertex 36.6635 -65.5756 -13.1962
      vertex 36.6079 -65.3057 -13.2536
      vertex 36.6521 -65.1931 -13.2775
    endloop
  endfacet
  facet normal 0.000399815 -0.207979 -0.978133
    outer loop
      vertex 36.616 -65.4844 -13.2156
      vertex 36.5771 -65.3843 -13.2369
      vertex 36.6079 -65.3057 -13.2536
    endloop
  endfacet
  facet normal 0.00169851 -0.207496 -0.978234
    outer loop
      vertex 36.5771 -65.3843 -13.2369
      vertex 36.616 -65.4844 -13.2156
      vertex 36.565 -65.4075 -13.232
    endloop
  endfacet
  facet normal 1.30248e-06 -0.207825 -0.978166
    outer loop
      vertex 36.6635 -66.3713 -13.0271
      vertex 38.1 -66.7996 -12.9361
      vertex 38.0339 -66.9681 -12.9003
    endloop
  endfacet
  facet normal 6.57281e-16 -0.20792 -0.978146
    outer loop
      vertex 38.1 -66.7996 -12.9361
      vertex 36.75 -65.9735 -13.1117
      vertex 38.1 -65.1474 -13.2873
    endloop
  endfacet
  facet normal -8.7772e-05 -0.20802 -0.978125
    outer loop
      vertex 36.6635 -66.3713 -13.0271
      vertex 38.0339 -66.9681 -12.9003
      vertex 37.9151 -67.1961 -12.8518
    endloop
  endfacet
  facet normal -0.00025723 -0.207517 -0.978231
    outer loop
      vertex 36.7445 -65.8712 -13.1334
      vertex 38.1 -65.1474 -13.2873
      vertex 36.75 -65.9735 -13.1117
    endloop
  endfacet
  facet normal 4.99126e-05 -0.207787 -0.978174
    outer loop
      vertex 36.616 -66.4625 -13.0077
      vertex 37.9151 -67.1961 -12.8518
      vertex 37.7725 -67.4108 -12.8062
    endloop
  endfacet
  facet normal 1.58301e-05 -0.208007 -0.978127
    outer loop
      vertex 36.7281 -65.7701 -13.1549
      vertex 38.1 -65.1474 -13.2873
      vertex 36.7445 -65.8712 -13.1334
    endloop
  endfacet
  facet normal -5.39699e-05 -0.207975 -0.978134
    outer loop
      vertex 36.559 -66.5484 -12.9895
      vertex 37.7725 -67.4108 -12.8062
      vertex 37.6079 -67.6097 -12.7639
    endloop
  endfacet
  facet normal -3.00222e-05 -0.208079 -0.978112
    outer loop
      vertex 36.7455 -64.6726 -13.3882
      vertex 37.9151 -64.7508 -13.3716
      vertex 38.0339 -64.9788 -13.3231
    endloop
  endfacet
  facet normal -9.90913e-05 -0.207956 -0.978138
    outer loop
      vertex 36.4931 -66.628 -12.9725
      vertex 37.6079 -67.6097 -12.7639
      vertex 37.4228 -67.7907 -12.7254
    endloop
  endfacet
  facet normal -7.74516e-06 -0.20776 -0.97818
    outer loop
      vertex 36.7455 -64.6726 -13.3882
      vertex 37.7725 -64.5361 -13.4172
      vertex 37.9151 -64.7508 -13.3716
    endloop
  endfacet
  facet normal 0.000139623 -0.207831 -0.978165
    outer loop
      vertex 36.4191 -66.7004 -12.9572
      vertex 37.4228 -67.7907 -12.7254
      vertex 37.2195 -67.9518 -12.6912
    endloop
  endfacet
  facet normal 2.52364e-05 -0.207998 -0.978129
    outer loop
      vertex 36.7455 -64.6726 -13.3882
      vertex 37.6079 -64.3372 -13.4595
      vertex 37.7725 -64.5361 -13.4172
    endloop
  endfacet
  facet normal -0.00021243 -0.208059 -0.978116
    outer loop
      vertex 36.3378 -66.7648 -12.9435
      vertex 37.2195 -67.9518 -12.6912
      vertex 37 -68.0912 -12.6615
    endloop
  endfacet
  facet normal -0.00014415 -0.207677 -0.978198
    outer loop
      vertex 37.6079 -64.3372 -13.4595
      vertex 36.75 -64.5886 -13.406
      vertex 37.4228 -64.1562 -13.4979
    endloop
  endfacet
  facet normal 4.59158e-06 -0.207928 -0.978144
    outer loop
      vertex 36.25 -66.8206 -12.9316
      vertex 37 -68.0912 -12.6615
      vertex 36.7668 -68.2074 -12.6368
    endloop
  endfacet
  facet normal 0.0001307 -0.208086 -0.978111
    outer loop
      vertex 37.4228 -64.1562 -13.4979
      vertex 36.75 -64.5886 -13.406
      vertex 37.2195 -63.9951 -13.5322
    endloop
  endfacet
  facet normal -0.000123342 -0.207894 -0.978151
    outer loop
      vertex 37.2195 -63.9951 -13.5322
      vertex 36.75 -64.5886 -13.406
      vertex 37 -63.8557 -13.5618
    endloop
  endfacet
  facet normal -0.000430006 -0.208592 -0.978003
    outer loop
      vertex 38.1 -66.7996 -12.9361
      vertex 36.7445 -66.0757 -13.0899
      vertex 36.75 -65.9735 -13.1117
    endloop
  endfacet
  facet normal -9.63594e-05 -0.207994 -0.97813
    outer loop
      vertex 38.1 -66.7996 -12.9361
      vertex 36.7281 -66.1768 -13.0684
      vertex 36.7445 -66.0757 -13.0899
    endloop
  endfacet
  facet normal 3.63702e-05 -0.207714 -0.978189
    outer loop
      vertex 38.1 -66.7996 -12.9361
      vertex 36.7011 -66.2757 -13.0474
      vertex 36.7281 -66.1768 -13.0684
    endloop
  endfacet
  facet normal 3.25779e-05 -0.207724 -0.978187
    outer loop
      vertex 38.1 -66.7996 -12.9361
      vertex 36.6635 -66.3713 -13.0271
      vertex 36.7011 -66.2757 -13.0474
    endloop
  endfacet
  facet normal -8.77814e-05 -0.20802 -0.978125
    outer loop
      vertex 37.9151 -67.1961 -12.8518
      vertex 36.616 -66.4625 -13.0077
      vertex 36.6635 -66.3713 -13.0271
    endloop
  endfacet
  facet normal 0.000251699 -0.207795 -0.978172
    outer loop
      vertex 36.1567 -66.867 -12.9217
      vertex 36.7668 -68.2074 -12.6368
      vertex 36.5946 -68.2721 -12.6231
    endloop
  endfacet
  facet normal 0.000317521 -0.207475 -0.97824
    outer loop
      vertex 37.7725 -67.4108 -12.8062
      vertex 36.559 -66.5484 -12.9895
      vertex 36.616 -66.4625 -13.0077
    endloop
  endfacet
  facet normal -0.000537616 -0.208432 -0.978037
    outer loop
      vertex 37.6079 -67.6097 -12.7639
      vertex 36.4931 -66.628 -12.9725
      vertex 36.559 -66.5484 -12.9895
    endloop
  endfacet
  facet normal 0.000642582 -0.207388 -0.978259
    outer loop
      vertex 37.4228 -67.7907 -12.7254
      vertex 36.4191 -66.7004 -12.9572
      vertex 36.4931 -66.628 -12.9725
    endloop
  endfacet
  facet normal -8.79325e-05 -0.207971 -0.978135
    outer loop
      vertex 37.2195 -67.9518 -12.6912
      vertex 36.3378 -66.7648 -12.9435
      vertex 36.4191 -66.7004 -12.9572
    endloop
  endfacet
  facet normal -0.00030961 -0.208105 -0.978106
    outer loop
      vertex 37 -68.0912 -12.6615
      vertex 36.25 -66.8206 -12.9316
      vertex 36.3378 -66.7648 -12.9435
    endloop
  endfacet
  facet normal -0.000322706 -0.208045 -0.978119
    outer loop
      vertex 36.7668 -68.2074 -12.6368
      vertex 36.1567 -66.867 -12.9217
      vertex 36.25 -66.8206 -12.9316
    endloop
  endfacet
  facet normal -7.3992e-06 -0.207872 -0.978156
    outer loop
      vertex 36.5946 -68.2721 -12.6231
      vertex 36.059 -66.9037 -12.9139
      vertex 36.1567 -66.867 -12.9217
    endloop
  endfacet
  facet normal 0.00027677 -0.207765 -0.978179
    outer loop
      vertex 36.5946 -68.2721 -12.6231
      vertex 35.9579 -66.9302 -12.9083
      vertex 36.059 -66.9037 -12.9139
    endloop
  endfacet
  facet normal 4.85991e-06 -0.207889 -0.978152
    outer loop
      vertex 36.5946 -68.2721 -12.6231
      vertex 35.8545 -66.9462 -12.9049
      vertex 35.9579 -66.9302 -12.9083
    endloop
  endfacet
  facet normal 0.000433885 -0.20766 -0.978201
    outer loop
      vertex 36.5946 -68.2721 -12.6231
      vertex 35.75 -66.9516 -12.9038
      vertex 35.8545 -66.9462 -12.9049
    endloop
  endfacet
  facet normal 0 -0.207925 -0.978145
    outer loop
      vertex 34.9054 -68.2721 -12.6231
      vertex 35.75 -66.9516 -12.9038
      vertex 36.5946 -68.2721 -12.6231
    endloop
  endfacet
  facet normal -0.000433885 -0.20766 -0.978201
    outer loop
      vertex 35.75 -66.9516 -12.9038
      vertex 34.9054 -68.2721 -12.6231
      vertex 35.6455 -66.9462 -12.9049
    endloop
  endfacet
  facet normal -4.85991e-06 -0.207889 -0.978152
    outer loop
      vertex 35.6455 -66.9462 -12.9049
      vertex 34.9054 -68.2721 -12.6231
      vertex 35.5421 -66.9302 -12.9083
    endloop
  endfacet
  facet normal -0.00027677 -0.207765 -0.978179
    outer loop
      vertex 35.5421 -66.9302 -12.9083
      vertex 34.9054 -68.2721 -12.6231
      vertex 35.441 -66.9037 -12.9139
    endloop
  endfacet
  facet normal 7.3992e-06 -0.207872 -0.978156
    outer loop
      vertex 35.441 -66.9037 -12.9139
      vertex 34.9054 -68.2721 -12.6231
      vertex 35.3433 -66.867 -12.9217
    endloop
  endfacet
  facet normal -0.000251699 -0.207795 -0.978172
    outer loop
      vertex 34.7332 -68.2074 -12.6368
      vertex 35.3433 -66.867 -12.9217
      vertex 34.9054 -68.2721 -12.6231
    endloop
  endfacet
  facet normal 0.000322706 -0.208045 -0.978119
    outer loop
      vertex 35.3433 -66.867 -12.9217
      vertex 34.7332 -68.2074 -12.6368
      vertex 35.25 -66.8206 -12.9316
    endloop
  endfacet
  facet normal -4.59158e-06 -0.207928 -0.978144
    outer loop
      vertex 34.5 -68.0912 -12.6615
      vertex 35.25 -66.8206 -12.9316
      vertex 34.7332 -68.2074 -12.6368
    endloop
  endfacet
  facet normal 0.00030961 -0.208105 -0.978106
    outer loop
      vertex 35.25 -66.8206 -12.9316
      vertex 34.5 -68.0912 -12.6615
      vertex 35.1622 -66.7648 -12.9435
    endloop
  endfacet
  facet normal 0.00021243 -0.208059 -0.978116
    outer loop
      vertex 34.2805 -67.9518 -12.6912
      vertex 35.1622 -66.7648 -12.9435
      vertex 34.5 -68.0912 -12.6615
    endloop
  endfacet
  facet normal 8.79325e-05 -0.207971 -0.978135
    outer loop
      vertex 35.1622 -66.7648 -12.9435
      vertex 34.2805 -67.9518 -12.6912
      vertex 35.0809 -66.7004 -12.9572
    endloop
  endfacet
  facet normal -0.000139623 -0.207831 -0.978165
    outer loop
      vertex 34.0772 -67.7907 -12.7254
      vertex 35.0809 -66.7004 -12.9572
      vertex 34.2805 -67.9518 -12.6912
    endloop
  endfacet
  facet normal -0.000864962 -0.209543 -0.977799
    outer loop
      vertex 35.0069 -66.628 -12.9725
      vertex 34.8359 -66.5405 -12.9911
      vertex 34.941 -66.5484 -12.9895
    endloop
  endfacet
  facet normal -0.000524376 -0.205198 -0.97872
    outer loop
      vertex 34.941 -66.5484 -12.9895
      vertex 34.8359 -66.5405 -12.9911
      vertex 34.9324 -66.5355 -12.9922
    endloop
  endfacet
  facet normal 0.000365587 -0.207242 -0.97829
    outer loop
      vertex 35.0069 -66.628 -12.9725
      vertex 34.75 -66.5449 -12.9902
      vertex 34.8359 -66.5405 -12.9911
    endloop
  endfacet
  facet normal 0.000789907 -0.205987 -0.978554
    outer loop
      vertex 35.0809 -66.7004 -12.9572
      vertex 34.75 -66.5449 -12.9902
      vertex 35.0069 -66.628 -12.9725
    endloop
  endfacet
  facet normal -0.000123014 -0.207846 -0.978162
    outer loop
      vertex 35.0809 -66.7004 -12.9572
      vertex 34.0772 -67.7907 -12.7254
      vertex 34.75 -66.5449 -12.9902
    endloop
  endfacet
  facet normal 9.57667e-05 -0.207959 -0.978138
    outer loop
      vertex 33.8921 -67.6097 -12.7639
      vertex 34.75 -66.5449 -12.9902
      vertex 34.0772 -67.7907 -12.7254
    endloop
  endfacet
  facet normal 8.47489e-05 -0.20795 -0.978139
    outer loop
      vertex 33.7275 -67.4108 -12.8062
      vertex 34.75 -66.5449 -12.9902
      vertex 33.8921 -67.6097 -12.7639
    endloop
  endfacet
  facet normal -5.63506e-05 -0.207791 -0.978173
    outer loop
      vertex 33.5849 -67.1961 -12.8518
      vertex 34.75 -66.5449 -12.9902
      vertex 33.7275 -67.4108 -12.8062
    endloop
  endfacet
  facet normal 7.98456e-05 -0.208024 -0.978124
    outer loop
      vertex 33.4661 -66.9681 -12.9003
      vertex 34.75 -66.5449 -12.9902
      vertex 33.5849 -67.1961 -12.8518
    endloop
  endfacet
  facet normal -8.42981e-05 -0.207548 -0.978225
    outer loop
      vertex 33.3724 -66.7291 -12.951
      vertex 34.75 -66.5449 -12.9902
      vertex 33.4661 -66.9681 -12.9003
    endloop
  endfacet
  facet normal -0 -0.208151 -0.978097
    outer loop
      vertex 34.75 -66.5449 -12.9902
      vertex 33.3724 -66.7291 -12.951
      vertex 33.3219 -66.5449 -12.9902
    endloop
  endfacet
  facet normal -6.50588e-06 -0.207932 -0.978143
    outer loop
      vertex 37 -63.8557 -13.5618
      vertex 36.75 -64.5886 -13.406
      vertex 36.7668 -63.7395 -13.5865
    endloop
  endfacet
  facet normal 0.0035114 -0.207997 -0.978123
    outer loop
      vertex 36.7668 -63.7395 -13.5865
      vertex 36.75 -64.5886 -13.406
      vertex 36.75 -63.7332 -13.5879
    endloop
  endfacet
  facet normal -0.629461 -0.760054 0.161542
    outer loop
      vertex 34.0772 -67.5724 -11.6983
      vertex 34.2805 -67.9518 -12.6912
      vertex 34.2805 -67.7335 -11.6641
    endloop
  endfacet
  facet normal -0.629461 -0.760054 0.161542
    outer loop
      vertex 34.2805 -67.9518 -12.6912
      vertex 34.0772 -67.5724 -11.6983
      vertex 34.0772 -67.7907 -12.7254
    endloop
  endfacet
  facet normal -0.358623 -0.913087 0.194068
    outer loop
      vertex 34.7332 -67.9891 -11.6098
      vertex 34.9054 -68.2721 -12.6231
      vertex 34.9054 -68.0538 -11.596
    endloop
  endfacet
  facet normal -0.358525 -0.91312 0.194094
    outer loop
      vertex 34.9054 -68.2721 -12.6231
      vertex 34.7332 -67.9891 -11.6098
      vertex 34.7332 -68.2074 -12.6368
    endloop
  endfacet
  facet normal 0.544595 0.820374 -0.174362
    outer loop
      vertex 37.2195 -63.9951 -13.5322
      vertex 37 -63.6374 -12.5348
      vertex 37.2195 -63.7768 -12.5051
    endloop
  endfacet
  facet normal 0.54454 0.820406 -0.174386
    outer loop
      vertex 37 -63.6374 -12.5348
      vertex 37.2195 -63.9951 -13.5322
      vertex 37 -63.8557 -13.5618
    endloop
  endfacet
  facet normal 0.70701 0.691749 -0.147039
    outer loop
      vertex 37.6079 -64.1189 -12.4324
      vertex 37.4228 -64.1562 -13.4979
      vertex 37.4228 -63.9379 -12.4709
    endloop
  endfacet
  facet normal 0.70697 0.691791 -0.147033
    outer loop
      vertex 37.4228 -64.1562 -13.4979
      vertex 37.6079 -64.1189 -12.4324
      vertex 37.6079 -64.3372 -13.4595
    endloop
  endfacet
  facet normal 0.629461 0.760051 -0.161557
    outer loop
      vertex 37.4228 -64.1562 -13.4979
      vertex 37.2195 -63.7768 -12.5051
      vertex 37.4228 -63.9379 -12.4709
    endloop
  endfacet
  facet normal 0.629509 0.760016 -0.161534
    outer loop
      vertex 37.2195 -63.7768 -12.5051
      vertex 37.4228 -64.1562 -13.4979
      vertex 37.2195 -63.9951 -13.5322
    endloop
  endfacet
  facet normal 0.838562 0.532902 -0.113263
    outer loop
      vertex 37.9151 -64.5325 -12.3445
      vertex 37.7725 -64.5361 -13.4172
      vertex 37.7725 -64.3178 -12.3901
    endloop
  endfacet
  facet normal 0.838562 0.532902 -0.113263
    outer loop
      vertex 37.7725 -64.5361 -13.4172
      vertex 37.9151 -64.5325 -12.3445
      vertex 37.9151 -64.7508 -13.3716
    endloop
  endfacet
  facet normal 0.890962 0.444157 -0.0944012
    outer loop
      vertex 38.0339 -64.7605 -12.296
      vertex 37.9151 -64.7508 -13.3716
      vertex 37.9151 -64.5325 -12.3445
    endloop
  endfacet
  facet normal 0.890962 0.444157 -0.0944012
    outer loop
      vertex 37.9151 -64.7508 -13.3716
      vertex 38.0339 -64.7605 -12.296
      vertex 38.0339 -64.9788 -13.3231
    endloop
  endfacet
  facet normal 0.70701 -0.691752 0.147025
    outer loop
      vertex 37.4228 -67.5724 -11.6983
      vertex 37.6079 -67.6097 -12.7639
      vertex 37.6079 -67.3914 -11.7368
    endloop
  endfacet
  facet normal 0.70701 -0.691752 0.147025
    outer loop
      vertex 37.6079 -67.6097 -12.7639
      vertex 37.4228 -67.5724 -11.6983
      vertex 37.4228 -67.7907 -12.7254
    endloop
  endfacet
  facet normal 0.358623 -0.913087 0.194068
    outer loop
      vertex 36.5946 -68.2721 -12.6231
      vertex 36.7668 -67.9891 -11.6098
      vertex 36.5946 -68.0538 -11.596
    endloop
  endfacet
  facet normal 0.358525 -0.91312 0.194094
    outer loop
      vertex 36.7668 -67.9891 -11.6098
      vertex 36.5946 -68.2721 -12.6231
      vertex 36.7668 -68.2074 -12.6368
    endloop
  endfacet
  facet normal -0.838562 -0.532902 0.113263
    outer loop
      vertex 33.5849 -67.1961 -12.8518
      vertex 33.7275 -67.1925 -11.7791
      vertex 33.5849 -66.9778 -11.8247
    endloop
  endfacet
  facet normal -0.838562 -0.532902 0.113263
    outer loop
      vertex 33.7275 -67.1925 -11.7791
      vertex 33.5849 -67.1961 -12.8518
      vertex 33.7275 -67.4108 -12.8062
    endloop
  endfacet
  facet normal -0.70701 -0.691752 0.147025
    outer loop
      vertex 33.8921 -67.6097 -12.7639
      vertex 34.0772 -67.5724 -11.6983
      vertex 33.8921 -67.3914 -11.7368
    endloop
  endfacet
  facet normal -0.70701 -0.691752 0.147025
    outer loop
      vertex 34.0772 -67.5724 -11.6983
      vertex 33.8921 -67.6097 -12.7639
      vertex 34.0772 -67.7907 -12.7254
    endloop
  endfacet
  facet normal -0.54454 -0.820406 0.174386
    outer loop
      vertex 34.2805 -67.7335 -11.6641
      vertex 34.5 -68.0912 -12.6615
      vertex 34.5 -67.8729 -11.6345
    endloop
  endfacet
  facet normal -0.544595 -0.820374 0.174362
    outer loop
      vertex 34.5 -68.0912 -12.6615
      vertex 34.2805 -67.7335 -11.6641
      vertex 34.2805 -67.9518 -12.6912
    endloop
  endfacet
  facet normal 0.453914 0.871573 -0.185262
    outer loop
      vertex 37 -63.8557 -13.5618
      vertex 36.7668 -63.5212 -12.5595
      vertex 37 -63.6374 -12.5348
    endloop
  endfacet
  facet normal 0.453914 0.871573 -0.185262
    outer loop
      vertex 36.7668 -63.5212 -12.5595
      vertex 37 -63.8557 -13.5618
      vertex 36.7668 -63.7395 -13.5865
    endloop
  endfacet
  facet normal 0 -1 0
    outer loop
      vertex 2.10001 -38 -13
      vertex 2.10001 -38 -10
      vertex 1.30001 -38 -13
    endloop
  endfacet
  facet normal 0 -1 0
    outer loop
      vertex 2.10001 -38 -10
      vertex 2.10001 -38 -13
      vertex 3.29999 -38 -10
    endloop
  endfacet
  facet normal 0 -1 0
    outer loop
      vertex 3.29999 -38 -18
      vertex 2.10001 -38 -13
      vertex 2.10001 -38 -18
    endloop
  endfacet
  facet normal 0 -1 0
    outer loop
      vertex 2.10001 -38 -13
      vertex 3.29999 -38 -18
      vertex 3.29999 -38 -10
    endloop
  endfacet
  facet normal 0 1 0
    outer loop
      vertex 3.29999 -32 -10
      vertex 2.10001 -32 -13
      vertex 2.10001 -32 -10
    endloop
  endfacet
  facet normal 0 1 -0
    outer loop
      vertex 3.29999 -32 -18
      vertex 2.10001 -32 -13
      vertex 3.29999 -32 -10
    endloop
  endfacet
  facet normal 0 1 0
    outer loop
      vertex 2.10001 -32 -13
      vertex 3.29999 -32 -18
      vertex 2.10001 -32 -18
    endloop
  endfacet
  facet normal 0 1 0
    outer loop
      vertex 2.10001 -32 -10
      vertex 2.10001 -32 -13
      vertex 1.30001 -32 -13
    endloop
  endfacet
  facet normal 0 0 -1
    outer loop
      vertex 2.10001 -38 -18
      vertex 3.29999 -32 -18
      vertex 3.29999 -38 -18
    endloop
  endfacet
  facet normal -0 0 -1
    outer loop
      vertex 3.29999 -32 -18
      vertex 2.10001 -38 -18
      vertex 2.10001 -32 -18
    endloop
  endfacet
  facet normal -1 0 0
    outer loop
      vertex 2.10001 -38 -18
      vertex 2.10001 -32 -13
      vertex 2.10001 -32 -18
    endloop
  endfacet
  facet normal -1 -0 0
    outer loop
      vertex 2.10001 -32 -13
      vertex 2.10001 -38 -18
      vertex 2.10001 -38 -13
    endloop
  endfacet
  facet normal 0 0 -1
    outer loop
      vertex 1.30001 -38 -13
      vertex 2.10001 -32 -13
      vertex 2.10001 -38 -13
    endloop
  endfacet
  facet normal -0 0 -1
    outer loop
      vertex 2.10001 -32 -13
      vertex 1.30001 -38 -13
      vertex 1.30001 -32 -13
    endloop
  endfacet
  facet normal -0.966235 0 0.257663
    outer loop
      vertex 1.30001 -38 -13
      vertex 2.10001 -32 -10
      vertex 1.30001 -32 -13
    endloop
  endfacet
  facet normal -0.966235 0 0.257663
    outer loop
      vertex 2.10001 -32 -10
      vertex 1.30001 -38 -13
      vertex 2.10001 -38 -10
    endloop
  endfacet
  facet normal -0 0 1
    outer loop
      vertex 2.10001 -32 -10
      vertex 3.29999 -38 -10
      vertex 3.29999 -32 -10
    endloop
  endfacet
  facet normal 0 0 1
    outer loop
      vertex 3.29999 -38 -10
      vertex 2.10001 -32 -10
      vertex 2.10001 -38 -10
    endloop
  endfacet
  facet normal 1 -0 0
    outer loop
      vertex 3.29999 -38 -10
      vertex 3.29999 -32 -18
      vertex 3.29999 -32 -10
    endloop
  endfacet
  facet normal 1 0 0
    outer loop
      vertex 3.29999 -32 -18
      vertex 3.29999 -38 -10
      vertex 3.29999 -38 -18
    endloop
  endfacet
  facet normal 0 -1 0
    outer loop
      vertex 2.10001 -83 -13
      vertex 2.10001 -83 -10
      vertex 1.30001 -83 -13
    endloop
  endfacet
  facet normal 0 -1 0
    outer loop
      vertex 2.10001 -83 -10
      vertex 2.10001 -83 -13
      vertex 3.29999 -83 -10
    endloop
  endfacet
  facet normal 0 -1 0
    outer loop
      vertex 2.77368 -83 -18
      vertex 2.10001 -83 -13
      vertex 2.10001 -83 -18
    endloop
  endfacet
  facet normal 0 -1 0
    outer loop
      vertex 3.29999 -83 -18
      vertex 2.10001 -83 -13
      vertex 2.77368 -83 -18
    endloop
  endfacet
  facet normal 0 -1 0
    outer loop
      vertex 2.10001 -83 -13
      vertex 3.29999 -83 -18
      vertex 3.29999 -83 -10
    endloop
  endfacet
  facet normal 0 1 0
    outer loop
      vertex 3.29999 -77 -10
      vertex 2.10001 -77 -13
      vertex 2.10001 -77 -10
    endloop
  endfacet
  facet normal 0 1 -0
    outer loop
      vertex 3.29999 -77 -17.9
      vertex 2.10001 -77 -13
      vertex 3.29999 -77 -10
    endloop
  endfacet
  facet normal 0 1 -0
    outer loop
      vertex 3.26021 -77 -17.9
      vertex 2.10001 -77 -13
      vertex 3.29999 -77 -17.9
    endloop
  endfacet
  facet normal 0 1 0
    outer loop
      vertex 2.23521 -77 -18
      vertex 3.26021 -77 -17.9
      vertex 3.26021 -77 -18
    endloop
  endfacet
  facet normal 0 1 0
    outer loop
      vertex 3.26021 -77 -17.9
      vertex 2.23521 -77 -18
      vertex 2.10001 -77 -13
    endloop
  endfacet
  facet normal 0 1 0
    outer loop
      vertex 2.10001 -77 -13
      vertex 2.23521 -77 -18
      vertex 2.10001 -77 -18
    endloop
  endfacet
  facet normal 0 1 0
    outer loop
      vertex 2.10001 -77 -10
      vertex 2.10001 -77 -13
      vertex 1.30001 -77 -13
    endloop
  endfacet
  facet normal -1 0 0
    outer loop
      vertex 2.10001 -83 -18
      vertex 2.10001 -77 -13
      vertex 2.10001 -77 -18
    endloop
  endfacet
  facet normal -1 -0 0
    outer loop
      vertex 2.10001 -77 -13
      vertex 2.10001 -83 -18
      vertex 2.10001 -83 -13
    endloop
  endfacet
  facet normal 0 0 -1
    outer loop
      vertex 1.30001 -83 -13
      vertex 2.10001 -77 -13
      vertex 2.10001 -83 -13
    endloop
  endfacet
  facet normal -0 0 -1
    outer loop
      vertex 2.10001 -77 -13
      vertex 1.30001 -83 -13
      vertex 1.30001 -77 -13
    endloop
  endfacet
  facet normal -0.966235 0 0.257663
    outer loop
      vertex 1.30001 -83 -13
      vertex 2.10001 -77 -10
      vertex 1.30001 -77 -13
    endloop
  endfacet
  facet normal -0.966235 0 0.257663
    outer loop
      vertex 2.10001 -77 -10
      vertex 1.30001 -83 -13
      vertex 2.10001 -83 -10
    endloop
  endfacet
  facet normal -0 0 1
    outer loop
      vertex 2.10001 -77 -10
      vertex 3.29999 -83 -10
      vertex 3.29999 -77 -10
    endloop
  endfacet
  facet normal 0 0 1
    outer loop
      vertex 3.29999 -83 -10
      vertex 2.10001 -77 -10
      vertex 2.10001 -83 -10
    endloop
  endfacet
  facet normal 1 0 0
    outer loop
      vertex 3.29999 -77 -10
      vertex 3.29999 -77.4587 -17.9
      vertex 3.29999 -77 -17.9
    endloop
  endfacet
  facet normal 1 -0 0
    outer loop
      vertex 3.29999 -83 -10
      vertex 3.29999 -77.4587 -17.9
      vertex 3.29999 -77 -10
    endloop
  endfacet
  facet normal 1 0 0
    outer loop
      vertex 3.29999 -83 -18
      vertex 3.29999 -77.4587 -17.9
      vertex 3.29999 -83 -10
    endloop
  endfacet
  facet normal 1 0 0
    outer loop
      vertex 3.29999 -77.4587 -17.9
      vertex 3.29999 -83 -18
      vertex 3.29999 -77.4587 -18
    endloop
  endfacet
  facet normal 0 -1 0
    outer loop
      vertex 44.7 -38 -10
      vertex 45.9 -38 -13
      vertex 45.9 -38 -10
    endloop
  endfacet
  facet normal 0 -1 0
    outer loop
      vertex 44.7 -38 -18
      vertex 45.9 -38 -13
      vertex 44.7 -38 -10
    endloop
  endfacet
  facet normal 0 -1 -0
    outer loop
      vertex 45.9 -38 -13
      vertex 44.7 -38 -18
      vertex 45.9 -38 -18
    endloop
  endfacet
  facet normal 0 -1 0
    outer loop
      vertex 45.9 -38 -10
      vertex 45.9 -38 -13
      vertex 46.7 -38 -13
    endloop
  endfacet
  facet normal 0 1 0
    outer loop
      vertex 45.9 -32 -13
      vertex 45.9 -32 -10
      vertex 46.7 -32 -13
    endloop
  endfacet
  facet normal 0 1 0
    outer loop
      vertex 45.9 -32 -10
      vertex 45.9 -32 -13
      vertex 44.7 -32 -10
    endloop
  endfacet
  facet normal 0 1 0
    outer loop
      vertex 44.7 -32 -18
      vertex 45.9 -32 -13
      vertex 45.9 -32 -18
    endloop
  endfacet
  facet normal 0 1 0
    outer loop
      vertex 45.9 -32 -13
      vertex 44.7 -32 -18
      vertex 44.7 -32 -10
    endloop
  endfacet
  facet normal 0 0 -1
    outer loop
      vertex 45.9 -38 -13
      vertex 46.7 -32 -13
      vertex 46.7 -38 -13
    endloop
  endfacet
  facet normal -0 0 -1
    outer loop
      vertex 46.7 -32 -13
      vertex 45.9 -38 -13
      vertex 45.9 -32 -13
    endloop
  endfacet
  facet normal 1 -0 0
    outer loop
      vertex 45.9 -38 -13
      vertex 45.9 -32 -18
      vertex 45.9 -32 -13
    endloop
  endfacet
  facet normal 1 0 0
    outer loop
      vertex 45.9 -32 -18
      vertex 45.9 -38 -13
      vertex 45.9 -38 -18
    endloop
  endfacet
  facet normal 0 0 -1
    outer loop
      vertex 44.7 -38 -18
      vertex 45.9 -32 -18
      vertex 45.9 -38 -18
    endloop
  endfacet
  facet normal -0 0 -1
    outer loop
      vertex 45.9 -32 -18
      vertex 44.7 -38 -18
      vertex 44.7 -32 -18
    endloop
  endfacet
  facet normal -1 0 0
    outer loop
      vertex 44.7 -38 -18
      vertex 44.7 -32 -10
      vertex 44.7 -32 -18
    endloop
  endfacet
  facet normal -1 -0 0
    outer loop
      vertex 44.7 -32 -10
      vertex 44.7 -38 -18
      vertex 44.7 -38 -10
    endloop
  endfacet
  facet normal -0 0 1
    outer loop
      vertex 44.7 -32 -10
      vertex 45.9 -38 -10
      vertex 45.9 -32 -10
    endloop
  endfacet
  facet normal 0 0 1
    outer loop
      vertex 45.9 -38 -10
      vertex 44.7 -32 -10
      vertex 44.7 -38 -10
    endloop
  endfacet
  facet normal 0.966235 -0 0.257663
    outer loop
      vertex 45.9 -38 -10
      vertex 46.7 -32 -13
      vertex 45.9 -32 -10
    endloop
  endfacet
  facet normal 0.966235 0 0.257663
    outer loop
      vertex 46.7 -32 -13
      vertex 45.9 -38 -10
      vertex 46.7 -38 -13
    endloop
  endfacet
  facet normal 0 -1 0
    outer loop
      vertex 44.7 -83 -10
      vertex 45.9 -83 -13
      vertex 45.9 -83 -10
    endloop
  endfacet
  facet normal 0 -1 0
    outer loop
      vertex 44.7 -83 -18
      vertex 45.9 -83 -13
      vertex 44.7 -83 -10
    endloop
  endfacet
  facet normal 0 -1 0
    outer loop
      vertex 45.2263 -83 -18
      vertex 45.9 -83 -13
      vertex 44.7 -83 -18
    endloop
  endfacet
  facet normal 0 -1 -0
    outer loop
      vertex 45.9 -83 -13
      vertex 45.2263 -83 -18
      vertex 45.9 -83 -18
    endloop
  endfacet
  facet normal 0 -1 0
    outer loop
      vertex 45.9 -83 -10
      vertex 45.9 -83 -13
      vertex 46.7 -83 -13
    endloop
  endfacet
  facet normal 0 1 0
    outer loop
      vertex 45.7648 -77 -18
      vertex 45.9 -77 -13
      vertex 45.9 -77 -18
    endloop
  endfacet
  facet normal 0 1 0
    outer loop
      vertex 45.9 -77 -13
      vertex 45.7648 -77 -18
      vertex 44.7398 -77 -17.9
    endloop
  endfacet
  facet normal 0 1 0
    outer loop
      vertex 44.7398 -77 -17.9
      vertex 45.7648 -77 -18
      vertex 44.7398 -77 -18
    endloop
  endfacet
  facet normal 0 1 0
    outer loop
      vertex 45.9 -77 -13
      vertex 45.9 -77 -10
      vertex 46.7 -77 -13
    endloop
  endfacet
  facet normal 0 1 0
    outer loop
      vertex 45.9 -77 -10
      vertex 45.9 -77 -13
      vertex 44.7 -77 -10
    endloop
  endfacet
  facet normal 0 1 0
    outer loop
      vertex 44.7 -77 -17.9
      vertex 45.9 -77 -13
      vertex 44.7398 -77 -17.9
    endloop
  endfacet
  facet normal 0 1 0
    outer loop
      vertex 45.9 -77 -13
      vertex 44.7 -77 -17.9
      vertex 44.7 -77 -10
    endloop
  endfacet
  facet normal 0 0 -1
    outer loop
      vertex 45.9 -83 -13
      vertex 46.7 -77 -13
      vertex 46.7 -83 -13
    endloop
  endfacet
  facet normal -0 0 -1
    outer loop
      vertex 46.7 -77 -13
      vertex 45.9 -83 -13
      vertex 45.9 -77 -13
    endloop
  endfacet
  facet normal 1 -0 0
    outer loop
      vertex 45.9 -83 -13
      vertex 45.9 -77 -18
      vertex 45.9 -77 -13
    endloop
  endfacet
  facet normal 1 0 0
    outer loop
      vertex 45.9 -77 -18
      vertex 45.9 -83 -13
      vertex 45.9 -83 -18
    endloop
  endfacet
  facet normal -1 0 0
    outer loop
      vertex 44.7 -77.4587 -18
      vertex 44.7 -83 -18
      vertex 44.7 -77.4587 -17.9
    endloop
  endfacet
  facet normal -1 0 0
    outer loop
      vertex 44.7 -77.4587 -17.9
      vertex 44.7 -77 -10
      vertex 44.7 -77 -17.9
    endloop
  endfacet
  facet normal -1 0 0
    outer loop
      vertex 44.7 -83 -10
      vertex 44.7 -77.4587 -17.9
      vertex 44.7 -83 -18
    endloop
  endfacet
  facet normal -1 0 0
    outer loop
      vertex 44.7 -77.4587 -17.9
      vertex 44.7 -83 -10
      vertex 44.7 -77 -10
    endloop
  endfacet
  facet normal -0 0 1
    outer loop
      vertex 44.7 -77 -10
      vertex 45.9 -83 -10
      vertex 45.9 -77 -10
    endloop
  endfacet
  facet normal 0 0 1
    outer loop
      vertex 45.9 -83 -10
      vertex 44.7 -77 -10
      vertex 44.7 -83 -10
    endloop
  endfacet
  facet normal 0.966235 -0 0.257663
    outer loop
      vertex 45.9 -83 -10
      vertex 46.7 -77 -13
      vertex 45.9 -77 -10
    endloop
  endfacet
  facet normal 0.966235 0 0.257663
    outer loop
      vertex 46.7 -77 -13
      vertex 45.9 -83 -10
      vertex 46.7 -83 -13
    endloop
  endfacet
  facet normal -0.999451 -0.0331218 0
    outer loop
      vertex 47.975 -38.7 -19.675
      vertex 46.975 -8.525 -18
      vertex 46.975 -8.525 -19.675
    endloop
  endfacet
  facet normal -0.999451 -0.0331218 0
    outer loop
      vertex 46.975 -8.525 -18
      vertex 47.975 -38.7 -19.675
      vertex 47.975 -38.7 -18
    endloop
  endfacet
  facet normal -0.993867 0.0975661 0.0520425
    outer loop
      vertex 43.9497 -85.123 -19.675
      vertex 44.575 -78.9 -19.4
      vertex 44.5606 -78.9 -19.675
    endloop
  endfacet
  facet normal -0.993867 0.0975654 0.0520565
    outer loop
      vertex 43.9497 -85.123 -19.675
      vertex 42.8371 -97.3504 -18
      vertex 44.575 -78.9 -19.4
    endloop
  endfacet
  facet normal -0.993848 0.0976025 0.0523396
    outer loop
      vertex 42.8371 -97.3504 -18
      vertex 43.9497 -85.123 -19.675
      vertex 42.4943 -100.841 -18
    endloop
  endfacet
  facet normal -0.994525 0.0909735 0.0514259
    outer loop
      vertex 44.8347 -75.9055 -19.675
      vertex 44.7685 -76.6292 -19.675
      vertex 44.575 -78.9 -19.4
    endloop
  endfacet
  facet normal 0 1 0
    outer loop
      vertex 41.1849 -109.475 -19.675
      vertex 41.6265 -109.475 -18
      vertex 41.5426 -109.475 -18.5302
    endloop
  endfacet
  facet normal 0 1 0
    outer loop
      vertex 41.6265 -109.475 -18
      vertex 41.1849 -109.475 -19.675
      vertex 6.37347 -109.475 -18
    endloop
  endfacet
  facet normal 0 1 0
    outer loop
      vertex 41.1849 -109.475 -19.675
      vertex 41.5426 -109.475 -18.5302
      vertex 41.3536 -109.475 -19.2354
    endloop
  endfacet
  facet normal 0 1 -0
    outer loop
      vertex 6.81515 -109.475 -19.675
      vertex 6.37347 -109.475 -18
      vertex 41.1849 -109.475 -19.675
    endloop
  endfacet
  facet normal 0 1 0
    outer loop
      vertex 6.37347 -109.475 -18
      vertex 6.81515 -109.475 -19.675
      vertex 6.45743 -109.475 -18.5302
    endloop
  endfacet
  facet normal 0 1 0
    outer loop
      vertex 6.45743 -109.475 -18.5302
      vertex 6.81515 -109.475 -19.675
      vertex 6.64639 -109.475 -19.2354
    endloop
  endfacet
  facet normal 0.99626 0.0864106 0
    outer loop
      vertex 0.0249939 -39.7 -18
      vertex 3.16528 -75.9055 -19.675
      vertex 0.0249939 -39.7 -19.675
    endloop
  endfacet
  facet normal 0.99626 0.0864106 8.77366e-07
    outer loop
      vertex 3.26021 -77 -18
      vertex 3.16528 -75.9055 -19.675
      vertex 0.0249939 -39.7 -18
    endloop
  endfacet
  facet normal 0.996261 0.0863991 -0
    outer loop
      vertex 3.29999 -77.4587 -18
      vertex 3.26021 -77 -18
      vertex 3.29999 -77.4587 -17.9
    endloop
  endfacet
  facet normal 0.996261 0.0863991 -6.71805e-06
    outer loop
      vertex 3.26021 -77 -18
      vertex 3.29999 -77.4587 -18
      vertex 3.16528 -75.9055 -19.675
    endloop
  endfacet
  facet normal 0.99626 0.0864098 -0
    outer loop
      vertex 3.425 -78.9 -19.4
      vertex 3.29999 -77.4587 -18
      vertex 3.425 -78.9 -18
    endloop
  endfacet
  facet normal 0.99626 0.0864081 1.73886e-06
    outer loop
      vertex 3.29999 -77.4587 -18
      vertex 3.425 -78.9 -19.4
      vertex 3.16528 -75.9055 -19.675
    endloop
  endfacet
  facet normal 0.996261 0.0863991 0
    outer loop
      vertex 3.26021 -77 -17.9
      vertex 3.29999 -77.4587 -17.9
      vertex 3.26021 -77 -18
    endloop
  endfacet
  facet normal 0 -1 0
    outer loop
      vertex 1.02499 -8.525 -19.675
      vertex 46.975 -8.525 -18
      vertex 1.02499 -8.525 -18
    endloop
  endfacet
  facet normal 0 -1 -0
    outer loop
      vertex 46.975 -8.525 -18
      vertex 1.02499 -8.525 -19.675
      vertex 46.975 -8.525 -19.675
    endloop
  endfacet
  facet normal -1 0 0
    outer loop
      vertex 47.975 -39.7 -19.675
      vertex 47.975 -38.7 -18
      vertex 47.975 -38.7 -19.675
    endloop
  endfacet
  facet normal -1 -0 0
    outer loop
      vertex 47.975 -38.7 -18
      vertex 47.975 -39.7 -19.675
      vertex 47.975 -39.7 -18
    endloop
  endfacet
  facet normal -0.982236 0.105028 0.155503
    outer loop
      vertex 43.4316 -90.1145 -19.675
      vertex 41.8734 -107.167 -18
      vertex 43.7735 -86.917 -19.675
    endloop
  endfacet
  facet normal -0.982221 0.105036 0.155595
    outer loop
      vertex 41.5426 -109.475 -18.5302
      vertex 41.8734 -107.167 -18
      vertex 43.4316 -90.1145 -19.675
    endloop
  endfacet
  facet normal -0.982242 0.105076 0.155432
    outer loop
      vertex 41.8734 -107.167 -18
      vertex 41.5426 -109.475 -18.5302
      vertex 41.6265 -109.475 -18
    endloop
  endfacet
  facet normal -0.99626 0.086411 0
    outer loop
      vertex 44.8347 -75.9055 -19.675
      vertex 47.975 -39.7 -18
      vertex 47.975 -39.7 -19.675
    endloop
  endfacet
  facet normal -0.99626 0.0864102 1.84398e-05
    outer loop
      vertex 44.8347 -75.9055 -19.675
      vertex 44.7398 -77 -18
      vertex 47.975 -39.7 -18
    endloop
  endfacet
  facet normal -0.996257 0.0864422 0
    outer loop
      vertex 44.7398 -77 -18
      vertex 44.7 -77.4587 -18
      vertex 44.7398 -77 -17.9
    endloop
  endfacet
  facet normal -0.996257 0.0864422 3.95094e-05
    outer loop
      vertex 44.8347 -75.9055 -19.675
      vertex 44.7 -77.4587 -18
      vertex 44.7398 -77 -18
    endloop
  endfacet
  facet normal -0.99626 0.0864015 1.49591e-06
    outer loop
      vertex 44.575 -78.9 -19.4
      vertex 44.7 -77.4587 -18
      vertex 44.8347 -75.9055 -19.675
    endloop
  endfacet
  facet normal -0.99626 0.0864029 0
    outer loop
      vertex 44.7 -77.4587 -18
      vertex 44.575 -78.9 -19.4
      vertex 44.575 -78.9 -18
    endloop
  endfacet
  facet normal -0.996257 0.0864422 0
    outer loop
      vertex 44.7398 -77 -17.9
      vertex 44.7 -77.4587 -18
      vertex 44.7 -77.4587 -17.9
    endloop
  endfacet
  facet normal -0.994484 0.0910486 0.0520748
    outer loop
      vertex 44.575 -78.9 -19.4
      vertex 44.7685 -76.6292 -19.675
      vertex 44.5606 -78.9 -19.675
    endloop
  endfacet
  facet normal 0.994484 0.0910385 0.0520997
    outer loop
      vertex 3.425 -78.9 -19.4
      vertex 3.23153 -76.6292 -19.675
      vertex 3.16528 -75.9055 -19.675
    endloop
  endfacet
  facet normal 0.982224 0.105036 0.155574
    outer loop
      vertex 6.45743 -109.475 -18.5302
      vertex 5.27057 -96.6807 -19.675
      vertex 4.5684 -90.1145 -19.675
    endloop
  endfacet
  facet normal 0.993863 0.0975704 0.0521146
    outer loop
      vertex 3.425 -78.9 -19.4
      vertex 4.05035 -85.123 -19.675
      vertex 3.43942 -78.9 -19.675
    endloop
  endfacet
  facet normal 0.993863 0.0975707 0.0521094
    outer loop
      vertex 5.16293 -97.3504 -18
      vertex 4.05035 -85.123 -19.675
      vertex 3.425 -78.9 -19.4
    endloop
  endfacet
  facet normal 0.993857 0.0975834 0.0522065
    outer loop
      vertex 4.05035 -85.123 -19.675
      vertex 5.16293 -97.3504 -18
      vertex 5.50566 -100.841 -18
    endloop
  endfacet
  facet normal 0.999451 -0.0331217 0
    outer loop
      vertex 0.0249939 -38.7 -18
      vertex 1.02499 -8.525 -19.675
      vertex 1.02499 -8.525 -18
    endloop
  endfacet
  facet normal 0.999451 -0.0331217 0
    outer loop
      vertex 1.02499 -8.525 -19.675
      vertex 0.0249939 -38.7 -18
      vertex 0.0249939 -38.7 -19.675
    endloop
  endfacet
  facet normal 1 -0 0
    outer loop
      vertex 0.0249939 -39.7 -18
      vertex 0.0249939 -38.7 -19.675
      vertex 0.0249939 -38.7 -18
    endloop
  endfacet
  facet normal 1 0 0
    outer loop
      vertex 0.0249939 -38.7 -19.675
      vertex 0.0249939 -39.7 -18
      vertex 0.0249939 -39.7 -19.675
    endloop
  endfacet
  facet normal -0.982208 0.105039 0.155673
    outer loop
      vertex 43.4316 -90.1145 -19.675
      vertex 42.7294 -96.6807 -19.675
      vertex 41.5426 -109.475 -18.5302
    endloop
  endfacet
  facet normal -0.959834 0.11205 0.257223
    outer loop
      vertex 42.7294 -96.6807 -19.675
      vertex 42.3574 -99.8673 -19.675
      vertex 41.5426 -109.475 -18.5302
    endloop
  endfacet
  facet normal -0.995593 0.093778 0
    outer loop
      vertex 44.575 -78.9 -18
      vertex 44.575 -78.9 -19.4
      vertex 42.8371 -97.3504 -18
    endloop
  endfacet
  facet normal 0.995593 0.0937796 0
    outer loop
      vertex 5.16293 -97.3504 -18
      vertex 3.425 -78.9 -19.4
      vertex 3.425 -78.9 -18
    endloop
  endfacet
  facet normal 0.994481 0.0910439 0.0521469
    outer loop
      vertex 3.425 -78.9 -19.4
      vertex 3.43942 -78.9 -19.675
      vertex 3.23153 -76.6292 -19.675
    endloop
  endfacet
  facet normal 0.926988 0.118541 0.355866
    outer loop
      vertex 6.64639 -109.475 -19.2354
      vertex 6.81515 -109.475 -19.675
      vertex 6.23011 -104.9 -19.675
    endloop
  endfacet
  facet normal 0.959846 0.112051 0.257176
    outer loop
      vertex 6.45743 -109.475 -18.5302
      vertex 5.64257 -99.8673 -19.675
      vertex 5.27057 -96.6807 -19.675
    endloop
  endfacet
  facet normal 0.959834 0.112055 0.257219
    outer loop
      vertex 6.45743 -109.475 -18.5302
      vertex 6.23011 -104.9 -19.675
      vertex 5.64257 -99.8673 -19.675
    endloop
  endfacet
  facet normal 0.959842 0.112049 0.257192
    outer loop
      vertex 6.23011 -104.9 -19.675
      vertex 6.45743 -109.475 -18.5302
      vertex 6.64639 -109.475 -19.2354
    endloop
  endfacet
  facet normal -0.993843 0.0976115 0.0524295
    outer loop
      vertex 43.7735 -86.917 -19.675
      vertex 42.4943 -100.841 -18
      vertex 43.9497 -85.123 -19.675
    endloop
  endfacet
  facet normal -0.993877 0.0975495 0.0518878
    outer loop
      vertex 42.4943 -100.841 -18
      vertex 43.7735 -86.917 -19.675
      vertex 41.8734 -107.167 -18
    endloop
  endfacet
  facet normal -0.959828 0.112057 0.257243
    outer loop
      vertex 41.5426 -109.475 -18.5302
      vertex 41.7699 -104.9 -19.675
      vertex 41.3536 -109.475 -19.2354
    endloop
  endfacet
  facet normal -0.959839 0.112048 0.257206
    outer loop
      vertex 41.7699 -104.9 -19.675
      vertex 41.5426 -109.475 -18.5302
      vertex 42.3574 -99.8673 -19.675
    endloop
  endfacet
  facet normal 0.982225 0.105036 0.155571
    outer loop
      vertex 6.12664 -107.167 -18
      vertex 4.5684 -90.1145 -19.675
      vertex 4.22647 -86.917 -19.675
    endloop
  endfacet
  facet normal 0.982228 0.105045 0.155541
    outer loop
      vertex 6.45743 -109.475 -18.5302
      vertex 6.12664 -107.167 -18
      vertex 6.37347 -109.475 -18
    endloop
  endfacet
  facet normal 0.982224 0.105036 0.155576
    outer loop
      vertex 6.12664 -107.167 -18
      vertex 6.45743 -109.475 -18.5302
      vertex 4.5684 -90.1145 -19.675
    endloop
  endfacet
  facet normal 0.993866 0.0975695 0.0520682
    outer loop
      vertex 5.50566 -100.841 -18
      vertex 4.22647 -86.917 -19.675
      vertex 4.05035 -85.123 -19.675
    endloop
  endfacet
  facet normal 0.99387 0.0975614 0.0519978
    outer loop
      vertex 4.22647 -86.917 -19.675
      vertex 5.50566 -100.841 -18
      vertex 6.12664 -107.167 -18
    endloop
  endfacet
  facet normal -0.927031 0.118538 0.355756
    outer loop
      vertex 41.3536 -109.475 -19.2354
      vertex 41.7699 -104.9 -19.675
      vertex 41.1849 -109.475 -19.675
    endloop
  endfacet
  facet normal 0 0 1
    outer loop
      vertex 47.975 -38.7 -19.675
      vertex 45.5 -10 -19.675
      vertex 46.5 -38.7 -19.675
    endloop
  endfacet
  facet normal 0 0 1
    outer loop
      vertex 46.975 -8.525 -19.675
      vertex 2.5 -10 -19.675
      vertex 45.5 -10 -19.675
    endloop
  endfacet
  facet normal 0 0 1
    outer loop
      vertex 2.5 -10 -19.675
      vertex 0.0249939 -38.7 -19.675
      vertex 1.5 -38.7 -19.675
    endloop
  endfacet
  facet normal 0 0 1
    outer loop
      vertex 0.0249939 -38.7 -19.675
      vertex 2.5 -10 -19.675
      vertex 1.02499 -8.525 -19.675
    endloop
  endfacet
  facet normal -0 0 1
    outer loop
      vertex 1.02499 -8.525 -19.675
      vertex 2.5 -10 -19.675
      vertex 46.975 -8.525 -19.675
    endloop
  endfacet
  facet normal -0 0 1
    outer loop
      vertex 45.5 -10 -19.675
      vertex 47.975 -38.7 -19.675
      vertex 46.975 -8.525 -19.675
    endloop
  endfacet
  facet normal 0 0 1
    outer loop
      vertex 47.975 -38.7 -19.675
      vertex 46.5 -38.7 -19.675
      vertex 47.975 -39.7 -19.675
    endloop
  endfacet
  facet normal 0 0 1
    outer loop
      vertex 46.5 -39.7 -19.675
      vertex 47.975 -39.7 -19.675
      vertex 46.5 -38.7 -19.675
    endloop
  endfacet
  facet normal -0 0 1
    outer loop
      vertex 46.5 -39.7 -19.675
      vertex 44.8347 -75.9055 -19.675
      vertex 47.975 -39.7 -19.675
    endloop
  endfacet
  facet normal 0 0 1
    outer loop
      vertex 43.3597 -75.9055 -19.675
      vertex 44.8347 -75.9055 -19.675
      vertex 46.5 -39.7 -19.675
    endloop
  endfacet
  facet normal 0 0 1
    outer loop
      vertex 44.8347 -75.9055 -19.675
      vertex 43.3597 -75.9055 -19.675
      vertex 44.7685 -76.6292 -19.675
    endloop
  endfacet
  facet normal -0 0 1
    outer loop
      vertex 43.3004 -76.5529 -19.675
      vertex 44.7685 -76.6292 -19.675
      vertex 43.3597 -75.9055 -19.675
    endloop
  endfacet
  facet normal 0 0 1
    outer loop
      vertex 44.7685 -76.6292 -19.675
      vertex 43.3004 -76.5529 -19.675
      vertex 44.5606 -78.9 -19.675
    endloop
  endfacet
  facet normal 0 0 1
    outer loop
      vertex 43.0856 -78.9 -19.675
      vertex 44.5606 -78.9 -19.675
      vertex 43.3004 -76.5529 -19.675
    endloop
  endfacet
  facet normal 0 0 1
    outer loop
      vertex 42.5934 -83.6716 -19.675
      vertex 44.5606 -78.9 -19.675
      vertex 43.0856 -78.9 -19.675
    endloop
  endfacet
  facet normal 0 0 1
    outer loop
      vertex 44.5606 -78.9 -19.675
      vertex 42.5934 -83.6716 -19.675
      vertex 43.9497 -85.123 -19.675
    endloop
  endfacet
  facet normal -0 0 1
    outer loop
      vertex 42.4815 -84.7563 -19.675
      vertex 43.9497 -85.123 -19.675
      vertex 42.5934 -83.6716 -19.675
    endloop
  endfacet
  facet normal 0 0 1
    outer loop
      vertex 43.9497 -85.123 -19.675
      vertex 42.4815 -84.7563 -19.675
      vertex 43.7735 -86.917 -19.675
    endloop
  endfacet
  facet normal 0 0 1
    outer loop
      vertex 41.8687 -90.2103 -19.675
      vertex 43.7735 -86.917 -19.675
      vertex 42.4815 -84.7563 -19.675
    endloop
  endfacet
  facet normal 0 0 1
    outer loop
      vertex 43.7735 -86.917 -19.675
      vertex 41.8687 -90.2103 -19.675
      vertex 43.4316 -90.1145 -19.675
    endloop
  endfacet
  facet normal 0 0 1
    outer loop
      vertex 41.6046 -92.561 -19.675
      vertex 43.4316 -90.1145 -19.675
      vertex 41.8687 -90.2103 -19.675
    endloop
  endfacet
  facet normal 0 0 1
    outer loop
      vertex 43.4316 -90.1145 -19.675
      vertex 41.6046 -92.561 -19.675
      vertex 42.7294 -96.6807 -19.675
    endloop
  endfacet
  facet normal -0 0 1
    outer loop
      vertex 41.1771 -96.0462 -19.675
      vertex 42.7294 -96.6807 -19.675
      vertex 41.6046 -92.561 -19.675
    endloop
  endfacet
  facet normal 0 0 1
    outer loop
      vertex 40.7987 -99.1314 -19.675
      vertex 42.7294 -96.6807 -19.675
      vertex 41.1771 -96.0462 -19.675
    endloop
  endfacet
  facet normal 0 0 1
    outer loop
      vertex 42.7294 -96.6807 -19.675
      vertex 40.7987 -99.1314 -19.675
      vertex 42.3574 -99.8673 -19.675
    endloop
  endfacet
  facet normal 0 0 1
    outer loop
      vertex 40.1901 -103.661 -19.675
      vertex 42.3574 -99.8673 -19.675
      vertex 40.7987 -99.1314 -19.675
    endloop
  endfacet
  facet normal 0 0 1
    outer loop
      vertex 42.3574 -99.8673 -19.675
      vertex 40.1901 -103.661 -19.675
      vertex 41.7699 -104.9 -19.675
    endloop
  endfacet
  facet normal -0 0 1
    outer loop
      vertex 40.0537 -104.676 -19.675
      vertex 41.7699 -104.9 -19.675
      vertex 40.1901 -103.661 -19.675
    endloop
  endfacet
  facet normal 0 0 1
    outer loop
      vertex 39.964 -105.282 -19.675
      vertex 41.7699 -104.9 -19.675
      vertex 40.0537 -104.676 -19.675
    endloop
  endfacet
  facet normal 0 0 1
    outer loop
      vertex 39.5621 -108 -19.675
      vertex 41.7699 -104.9 -19.675
      vertex 39.964 -105.282 -19.675
    endloop
  endfacet
  facet normal 0 0 1
    outer loop
      vertex 41.7699 -104.9 -19.675
      vertex 39.5621 -108 -19.675
      vertex 41.1849 -109.475 -19.675
    endloop
  endfacet
  facet normal -0 0 1
    outer loop
      vertex 8.4379 -108 -19.675
      vertex 41.1849 -109.475 -19.675
      vertex 39.5621 -108 -19.675
    endloop
  endfacet
  facet normal -0 0 1
    outer loop
      vertex 5.64257 -99.8673 -19.675
      vertex 7.80989 -103.661 -19.675
      vertex 7.20132 -99.1314 -19.675
    endloop
  endfacet
  facet normal 0 0 1
    outer loop
      vertex 8.4379 -108 -19.675
      vertex 6.81515 -109.475 -19.675
      vertex 41.1849 -109.475 -19.675
    endloop
  endfacet
  facet normal 0 0 1
    outer loop
      vertex 6.23011 -104.9 -19.675
      vertex 8.4379 -108 -19.675
      vertex 8.03598 -105.282 -19.675
    endloop
  endfacet
  facet normal -0 0 1
    outer loop
      vertex 6.23011 -104.9 -19.675
      vertex 8.03598 -105.282 -19.675
      vertex 7.94626 -104.676 -19.675
    endloop
  endfacet
  facet normal 0 -0 1
    outer loop
      vertex 6.23011 -104.9 -19.675
      vertex 7.80989 -103.661 -19.675
      vertex 5.64257 -99.8673 -19.675
    endloop
  endfacet
  facet normal -0 0 1
    outer loop
      vertex 5.27057 -96.6807 -19.675
      vertex 7.20132 -99.1314 -19.675
      vertex 6.82289 -96.0462 -19.675
    endloop
  endfacet
  facet normal 0 0 1
    outer loop
      vertex 5.27057 -96.6807 -19.675
      vertex 6.82289 -96.0462 -19.675
      vertex 6.39541 -92.561 -19.675
    endloop
  endfacet
  facet normal 0 0 1
    outer loop
      vertex 8.4379 -108 -19.675
      vertex 6.23011 -104.9 -19.675
      vertex 6.81515 -109.475 -19.675
    endloop
  endfacet
  facet normal 0 0 1
    outer loop
      vertex 4.5684 -90.1145 -19.675
      vertex 6.39541 -92.561 -19.675
      vertex 6.13129 -90.2103 -19.675
    endloop
  endfacet
  facet normal 0 0 1
    outer loop
      vertex 7.80989 -103.661 -19.675
      vertex 6.23011 -104.9 -19.675
      vertex 7.94626 -104.676 -19.675
    endloop
  endfacet
  facet normal -0 0 1
    outer loop
      vertex 4.22647 -86.917 -19.675
      vertex 6.13129 -90.2103 -19.675
      vertex 5.51849 -84.7563 -19.675
    endloop
  endfacet
  facet normal 0 0 1
    outer loop
      vertex 4.05035 -85.123 -19.675
      vertex 5.51849 -84.7563 -19.675
      vertex 5.4066 -83.6716 -19.675
    endloop
  endfacet
  facet normal 0 0 1
    outer loop
      vertex 7.20132 -99.1314 -19.675
      vertex 5.27057 -96.6807 -19.675
      vertex 5.64257 -99.8673 -19.675
    endloop
  endfacet
  facet normal -0 0 1
    outer loop
      vertex 3.43942 -78.9 -19.675
      vertex 5.4066 -83.6716 -19.675
      vertex 4.91442 -78.9 -19.675
    endloop
  endfacet
  facet normal 0 0 1
    outer loop
      vertex 3.43942 -78.9 -19.675
      vertex 4.91442 -78.9 -19.675
      vertex 4.69955 -76.5529 -19.675
    endloop
  endfacet
  facet normal 0 0 1
    outer loop
      vertex 3.23153 -76.6292 -19.675
      vertex 4.69955 -76.5529 -19.675
      vertex 4.64028 -75.9055 -19.675
    endloop
  endfacet
  facet normal 0 0 1
    outer loop
      vertex 6.39541 -92.561 -19.675
      vertex 4.5684 -90.1145 -19.675
      vertex 5.27057 -96.6807 -19.675
    endloop
  endfacet
  facet normal 0 0 1
    outer loop
      vertex 6.13129 -90.2103 -19.675
      vertex 4.22647 -86.917 -19.675
      vertex 4.5684 -90.1145 -19.675
    endloop
  endfacet
  facet normal 0 0 1
    outer loop
      vertex 5.51849 -84.7563 -19.675
      vertex 4.05035 -85.123 -19.675
      vertex 4.22647 -86.917 -19.675
    endloop
  endfacet
  facet normal 0 0 1
    outer loop
      vertex 5.4066 -83.6716 -19.675
      vertex 3.43942 -78.9 -19.675
      vertex 4.05035 -85.123 -19.675
    endloop
  endfacet
  facet normal 0 0 1
    outer loop
      vertex 4.69955 -76.5529 -19.675
      vertex 3.23153 -76.6292 -19.675
      vertex 3.43942 -78.9 -19.675
    endloop
  endfacet
  facet normal 0 0 1
    outer loop
      vertex 4.64028 -75.9055 -19.675
      vertex 3.16528 -75.9055 -19.675
      vertex 3.23153 -76.6292 -19.675
    endloop
  endfacet
  facet normal 0 0 1
    outer loop
      vertex 1.5 -39.7 -19.675
      vertex 3.16528 -75.9055 -19.675
      vertex 4.64028 -75.9055 -19.675
    endloop
  endfacet
  facet normal 0 0 1
    outer loop
      vertex 1.5 -38.7 -19.675
      vertex 0.0249939 -38.7 -19.675
      vertex 1.5 -39.7 -19.675
    endloop
  endfacet
  facet normal 0 0 1
    outer loop
      vertex 0.0249939 -39.7 -19.675
      vertex 1.5 -39.7 -19.675
      vertex 0.0249939 -38.7 -19.675
    endloop
  endfacet
  facet normal 0 0 1
    outer loop
      vertex 1.5 -39.7 -19.675
      vertex 0.0249939 -39.7 -19.675
      vertex 3.16528 -75.9055 -19.675
    endloop
  endfacet
  facet normal -0 -0 -1
    outer loop
      vertex 3.29999 -77 -17.9
      vertex 3.29999 -77.4587 -17.9
      vertex 3.26021 -77 -17.9
    endloop
  endfacet
  facet normal -0 0 -1
    outer loop
      vertex 44.7398 -77 -17.9
      vertex 44.7 -77.4587 -17.9
      vertex 44.7 -77 -17.9
    endloop
  endfacet
  facet normal 0.99862 0.0513627 -0.010918
    outer loop
      vertex 11.2555 -42.0497 -13.0851
      vertex 11.25 -42.987 -17.9976
      vertex 11.25 -41.9474 -13.1069
    endloop
  endfacet
  facet normal 0.998617 0.0514211 -0.0109291
    outer loop
      vertex 11.25 -42.987 -17.9976
      vertex 11.2555 -42.0497 -13.0851
      vertex 11.2555 -43.0892 -17.9759
    endloop
  endfacet
  facet normal 0.838827 -0.532502 0.113181
    outer loop
      vertex 11.384 -41.4584 -13.2108
      vertex 11.441 -42.412 -18.1198
      vertex 11.441 -41.3725 -13.2291
    endloop
  endfacet
  facet normal 0.838827 -0.532502 0.113181
    outer loop
      vertex 11.441 -42.412 -18.1198
      vertex 11.384 -41.4584 -13.2108
      vertex 11.384 -42.4979 -18.1015
    endloop
  endfacet
  facet normal 0.966625 0.250598 -0.0532678
    outer loop
      vertex 11.2816 -42.1866 -13.056
      vertex 11.2719 -43.1904 -17.9544
      vertex 11.2719 -42.1508 -13.0636
    endloop
  endfacet
  facet normal 0.966454 0.251227 -0.0533962
    outer loop
      vertex 11.2719 -43.1904 -17.9544
      vertex 11.2816 -42.1866 -13.056
      vertex 11.2816 -43.2261 -17.9468
    endloop
  endfacet
  facet normal 0.357688 -0.913433 0.194165
    outer loop
      vertex 11.8433 -42.0934 -18.1875
      vertex 11.941 -41.0172 -13.3046
      vertex 11.8433 -41.0538 -13.2968
    endloop
  endfacet
  facet normal 0.358503 -0.913131 0.194083
    outer loop
      vertex 11.941 -41.0172 -13.3046
      vertex 11.8433 -42.0934 -18.1875
      vertex 11.941 -42.0567 -18.1953
    endloop
  endfacet
  facet normal 0.544747 -0.820277 0.174347
    outer loop
      vertex 11.6622 -42.1956 -18.1658
      vertex 11.75 -41.1003 -13.2869
      vertex 11.6622 -41.1561 -13.2751
    endloop
  endfacet
  facet normal 0.544229 -0.820603 0.174429
    outer loop
      vertex 11.75 -41.1003 -13.2869
      vertex 11.6622 -42.1956 -18.1658
      vertex 11.75 -42.1399 -18.1777
    endloop
  endfacet
  facet normal 0.987645 0.153283 -0.0325791
    outer loop
      vertex 11.2719 -42.1508 -13.0636
      vertex 11.2555 -43.0892 -17.9759
      vertex 11.2555 -42.0497 -13.0851
    endloop
  endfacet
  facet normal 0.987668 0.153141 -0.032552
    outer loop
      vertex 11.2555 -43.0892 -17.9759
      vertex 11.2719 -42.1508 -13.0636
      vertex 11.2719 -43.1904 -17.9544
    endloop
  endfacet
  facet normal 0.707201 -0.691561 0.147003
    outer loop
      vertex 11.5069 -41.2929 -13.246
      vertex 11.5809 -42.2601 -18.1521
      vertex 11.5809 -41.2205 -13.2614
    endloop
  endfacet
  facet normal 0.707201 -0.691561 0.147003
    outer loop
      vertex 11.5809 -42.2601 -18.1521
      vertex 11.5069 -41.2929 -13.246
      vertex 11.5069 -42.3325 -18.1367
    endloop
  endfacet
  facet normal 0.629353 -0.760136 0.16158
    outer loop
      vertex 11.5809 -42.2601 -18.1521
      vertex 11.6622 -41.1561 -13.2751
      vertex 11.5809 -41.2205 -13.2614
    endloop
  endfacet
  facet normal 0.629917 -0.759692 0.16147
    outer loop
      vertex 11.6622 -41.1561 -13.2751
      vertex 11.5809 -42.2601 -18.1521
      vertex 11.6622 -42.1956 -18.1658
    endloop
  endfacet
  facet normal 0.777125 -0.615592 0.130854
    outer loop
      vertex 11.441 -41.3725 -13.2291
      vertex 11.5069 -42.3325 -18.1367
      vertex 11.5069 -41.2929 -13.246
    endloop
  endfacet
  facet normal 0.776755 -0.616042 0.130937
    outer loop
      vertex 11.5069 -42.3325 -18.1367
      vertex 11.441 -41.3725 -13.2291
      vertex 11.441 -42.412 -18.1198
    endloop
  endfacet
  facet normal 0.933311 -0.351225 0.07465
    outer loop
      vertex 11.2989 -41.6452 -13.1711
      vertex 11.3365 -42.5891 -18.0822
      vertex 11.3365 -41.5496 -13.1914
    endloop
  endfacet
  facet normal 0.933336 -0.351159 0.0746376
    outer loop
      vertex 11.3365 -42.5891 -18.0822
      vertex 11.2989 -41.6452 -13.1711
      vertex 11.2989 -42.6847 -18.0618
    endloop
  endfacet
  facet normal 0.966143 -0.25237 0.0536403
    outer loop
      vertex 11.2719 -41.7441 -13.1501
      vertex 11.2989 -42.6847 -18.0618
      vertex 11.2989 -41.6452 -13.1711
    endloop
  endfacet
  facet normal 0.966143 -0.25237 0.0536403
    outer loop
      vertex 11.2989 -42.6847 -18.0618
      vertex 11.2719 -41.7441 -13.1501
      vertex 11.2719 -42.7836 -18.0408
    endloop
  endfacet
  facet normal 0.998617 -0.051421 0.0109293
    outer loop
      vertex 11.25 -41.9474 -13.1069
      vertex 11.2555 -42.8847 -18.0193
      vertex 11.2555 -41.8452 -13.1286
    endloop
  endfacet
  facet normal 0.99862 -0.0513728 0.0109202
    outer loop
      vertex 11.2555 -42.8847 -18.0193
      vertex 11.25 -41.9474 -13.1069
      vertex 11.25 -42.987 -17.9976
    endloop
  endfacet
  facet normal 0.260469 -0.944386 0.200726
    outer loop
      vertex 11.941 -42.0567 -18.1953
      vertex 11.9876 -41.0049 -13.3072
      vertex 11.941 -41.0172 -13.3046
    endloop
  endfacet
  facet normal 0.258578 -0.944879 0.20085
    outer loop
      vertex 11.9876 -41.0049 -13.3072
      vertex 11.941 -42.0567 -18.1953
      vertex 11.9876 -42.0445 -18.1979
    endloop
  endfacet
  facet normal 0.454017 -0.871522 0.185253
    outer loop
      vertex 11.75 -42.1399 -18.1777
      vertex 11.8433 -41.0538 -13.2968
      vertex 11.75 -41.1003 -13.2869
    endloop
  endfacet
  facet normal 0.453859 -0.8716 0.185273
    outer loop
      vertex 11.8433 -41.0538 -13.2968
      vertex 11.75 -42.1399 -18.1777
      vertex 11.8433 -42.0934 -18.1875
    endloop
  endfacet
  facet normal 0.891039 -0.444008 0.0943723
    outer loop
      vertex 11.3365 -41.5496 -13.1914
      vertex 11.384 -42.4979 -18.1015
      vertex 11.384 -41.4584 -13.2108
    endloop
  endfacet
  facet normal 0.890998 -0.444087 0.0943871
    outer loop
      vertex 11.384 -42.4979 -18.1015
      vertex 11.3365 -41.5496 -13.1914
      vertex 11.3365 -42.5891 -18.0822
    endloop
  endfacet
  facet normal 0.987645 -0.153283 0.0325797
    outer loop
      vertex 11.2555 -41.8452 -13.1286
      vertex 11.2719 -42.7836 -18.0408
      vertex 11.2719 -41.7441 -13.1501
    endloop
  endfacet
  facet normal 0.987645 -0.153283 0.0325797
    outer loop
      vertex 11.2719 -42.7836 -18.0408
      vertex 11.2555 -41.8452 -13.1286
      vertex 11.2555 -42.8847 -18.0193
    endloop
  endfacet
  facet normal -0.99862 0.0513627 -0.010918
    outer loop
      vertex 36.75 -42.987 -17.9976
      vertex 36.7445 -42.0497 -13.0851
      vertex 36.75 -41.9474 -13.1069
    endloop
  endfacet
  facet normal -0.998617 0.0514211 -0.0109291
    outer loop
      vertex 36.7445 -42.0497 -13.0851
      vertex 36.75 -42.987 -17.9976
      vertex 36.7445 -43.0892 -17.9759
    endloop
  endfacet
  facet normal -0.707201 -0.691561 0.147003
    outer loop
      vertex 36.4191 -42.2601 -18.1521
      vertex 36.4931 -41.2929 -13.246
      vertex 36.4191 -41.2205 -13.2614
    endloop
  endfacet
  facet normal -0.707201 -0.691561 0.147003
    outer loop
      vertex 36.4931 -41.2929 -13.246
      vertex 36.4191 -42.2601 -18.1521
      vertex 36.4931 -42.3325 -18.1367
    endloop
  endfacet
  facet normal -0.966625 0.250598 -0.0532678
    outer loop
      vertex 36.7281 -43.1904 -17.9544
      vertex 36.7184 -42.1866 -13.056
      vertex 36.7281 -42.1508 -13.0636
    endloop
  endfacet
  facet normal -0.966454 0.251227 -0.0533962
    outer loop
      vertex 36.7184 -42.1866 -13.056
      vertex 36.7281 -43.1904 -17.9544
      vertex 36.7184 -43.2261 -17.9468
    endloop
  endfacet
  facet normal -0.987645 0.153283 -0.0325791
    outer loop
      vertex 36.7445 -43.0892 -17.9759
      vertex 36.7281 -42.1508 -13.0636
      vertex 36.7445 -42.0497 -13.0851
    endloop
  endfacet
  facet normal -0.987668 0.153141 -0.032552
    outer loop
      vertex 36.7281 -42.1508 -13.0636
      vertex 36.7445 -43.0892 -17.9759
      vertex 36.7281 -43.1904 -17.9544
    endloop
  endfacet
  facet normal -0.998617 -0.051421 0.0109293
    outer loop
      vertex 36.7445 -42.8847 -18.0193
      vertex 36.75 -41.9474 -13.1069
      vertex 36.7445 -41.8452 -13.1286
    endloop
  endfacet
  facet normal -0.99862 -0.0513728 0.0109202
    outer loop
      vertex 36.75 -41.9474 -13.1069
      vertex 36.7445 -42.8847 -18.0193
      vertex 36.75 -42.987 -17.9976
    endloop
  endfacet
  facet normal -0.454017 -0.871522 0.185253
    outer loop
      vertex 36.1567 -41.0538 -13.2968
      vertex 36.25 -42.1399 -18.1777
      vertex 36.25 -41.1003 -13.2869
    endloop
  endfacet
  facet normal -0.453859 -0.8716 0.185273
    outer loop
      vertex 36.25 -42.1399 -18.1777
      vertex 36.1567 -41.0538 -13.2968
      vertex 36.1567 -42.0934 -18.1875
    endloop
  endfacet
  facet normal -0.260469 -0.944386 0.200726
    outer loop
      vertex 36.0124 -41.0049 -13.3072
      vertex 36.059 -42.0567 -18.1953
      vertex 36.059 -41.0172 -13.3046
    endloop
  endfacet
  facet normal -0.258578 -0.944879 0.20085
    outer loop
      vertex 36.059 -42.0567 -18.1953
      vertex 36.0124 -41.0049 -13.3072
      vertex 36.0124 -42.0445 -18.1979
    endloop
  endfacet
  facet normal -0.629353 -0.760136 0.16158
    outer loop
      vertex 36.3378 -41.1561 -13.2751
      vertex 36.4191 -42.2601 -18.1521
      vertex 36.4191 -41.2205 -13.2614
    endloop
  endfacet
  facet normal -0.629917 -0.759692 0.16147
    outer loop
      vertex 36.4191 -42.2601 -18.1521
      vertex 36.3378 -41.1561 -13.2751
      vertex 36.3378 -42.1956 -18.1658
    endloop
  endfacet
  facet normal -0.777125 -0.615592 0.130854
    outer loop
      vertex 36.4931 -42.3325 -18.1367
      vertex 36.559 -41.3725 -13.2291
      vertex 36.4931 -41.2929 -13.246
    endloop
  endfacet
  facet normal -0.776755 -0.616042 0.130937
    outer loop
      vertex 36.559 -41.3725 -13.2291
      vertex 36.4931 -42.3325 -18.1367
      vertex 36.559 -42.412 -18.1198
    endloop
  endfacet
  facet normal -0.966143 -0.25237 0.0536403
    outer loop
      vertex 36.7011 -42.6847 -18.0618
      vertex 36.7281 -41.7441 -13.1501
      vertex 36.7011 -41.6452 -13.1711
    endloop
  endfacet
  facet normal -0.966143 -0.25237 0.0536403
    outer loop
      vertex 36.7281 -41.7441 -13.1501
      vertex 36.7011 -42.6847 -18.0618
      vertex 36.7281 -42.7836 -18.0408
    endloop
  endfacet
  facet normal -0.987645 -0.153283 0.0325797
    outer loop
      vertex 36.7281 -42.7836 -18.0408
      vertex 36.7445 -41.8452 -13.1286
      vertex 36.7281 -41.7441 -13.1501
    endloop
  endfacet
  facet normal -0.987645 -0.153283 0.0325797
    outer loop
      vertex 36.7445 -41.8452 -13.1286
      vertex 36.7281 -42.7836 -18.0408
      vertex 36.7445 -42.8847 -18.0193
    endloop
  endfacet
  facet normal -0.544747 -0.820277 0.174347
    outer loop
      vertex 36.25 -41.1003 -13.2869
      vertex 36.3378 -42.1956 -18.1658
      vertex 36.3378 -41.1561 -13.2751
    endloop
  endfacet
  facet normal -0.544229 -0.820603 0.174429
    outer loop
      vertex 36.3378 -42.1956 -18.1658
      vertex 36.25 -41.1003 -13.2869
      vertex 36.25 -42.1399 -18.1777
    endloop
  endfacet
  facet normal -0.357688 -0.913433 0.194165
    outer loop
      vertex 36.059 -41.0172 -13.3046
      vertex 36.1567 -42.0934 -18.1875
      vertex 36.1567 -41.0538 -13.2968
    endloop
  endfacet
  facet normal -0.358503 -0.913131 0.194083
    outer loop
      vertex 36.1567 -42.0934 -18.1875
      vertex 36.059 -41.0172 -13.3046
      vertex 36.059 -42.0567 -18.1953
    endloop
  endfacet
  facet normal -0.933311 -0.351225 0.07465
    outer loop
      vertex 36.6635 -42.5891 -18.0822
      vertex 36.7011 -41.6452 -13.1711
      vertex 36.6635 -41.5496 -13.1914
    endloop
  endfacet
  facet normal -0.933336 -0.351159 0.0746376
    outer loop
      vertex 36.7011 -41.6452 -13.1711
      vertex 36.6635 -42.5891 -18.0822
      vertex 36.7011 -42.6847 -18.0618
    endloop
  endfacet
  facet normal -0.891039 -0.444008 0.0943723
    outer loop
      vertex 36.616 -42.4979 -18.1015
      vertex 36.6635 -41.5496 -13.1914
      vertex 36.616 -41.4584 -13.2108
    endloop
  endfacet
  facet normal -0.890998 -0.444087 0.0943871
    outer loop
      vertex 36.6635 -41.5496 -13.1914
      vertex 36.616 -42.4979 -18.1015
      vertex 36.6635 -42.5891 -18.0822
    endloop
  endfacet
  facet normal -0.838827 -0.532502 0.113181
    outer loop
      vertex 36.559 -42.412 -18.1198
      vertex 36.616 -41.4584 -13.2108
      vertex 36.559 -41.3725 -13.2291
    endloop
  endfacet
  facet normal -0.838827 -0.532502 0.113181
    outer loop
      vertex 36.616 -41.4584 -13.2108
      vertex 36.559 -42.412 -18.1198
      vertex 36.616 -42.4979 -18.1015
    endloop
  endfacet
  facet normal 0.998617 0.0514178 -0.0109296
    outer loop
      vertex 11.2555 -65.0361 -8.1992
      vertex 11.25 -65.9735 -13.1117
      vertex 11.25 -64.9339 -8.22093
    endloop
  endfacet
  facet normal 0.998618 0.0514106 -0.0109282
    outer loop
      vertex 11.25 -65.9735 -13.1117
      vertex 11.2555 -65.0361 -8.1992
      vertex 11.2555 -66.0757 -13.0899
    endloop
  endfacet
  facet normal -0.0518079 0.976833 -0.207639
    outer loop
      vertex 12.3545 -65.9067 -8.01416
      vertex 12.25 -66.9516 -12.9038
      vertex 12.25 -65.912 -8.01302
    endloop
  endfacet
  facet normal -0.0526608 0.976793 -0.207612
    outer loop
      vertex 12.25 -66.9516 -12.9038
      vertex 12.3545 -65.9067 -8.01416
      vertex 12.3545 -66.9462 -12.9049
    endloop
  endfacet
  facet normal -0.707191 0.691571 -0.147005
    outer loop
      vertex 12.9931 -66.628 -12.9725
      vertex 12.9191 -65.6608 -8.06642
      vertex 12.9931 -65.5884 -8.08181
    endloop
  endfacet
  facet normal -0.707102 0.691659 -0.147021
    outer loop
      vertex 12.9191 -65.6608 -8.06642
      vertex 12.9931 -66.628 -12.9725
      vertex 12.9191 -66.7004 -12.9572
    endloop
  endfacet
  facet normal 0.629341 0.760146 -0.161579
    outer loop
      vertex 11.6622 -66.7648 -12.9435
      vertex 11.5809 -65.6608 -8.06642
      vertex 11.6622 -65.7252 -8.05273
    endloop
  endfacet
  facet normal 0.629353 0.760137 -0.161577
    outer loop
      vertex 11.5809 -65.6608 -8.06642
      vertex 11.6622 -66.7648 -12.9435
      vertex 11.5809 -66.7004 -12.9572
    endloop
  endfacet
  facet normal 0.258854 0.944811 -0.200814
    outer loop
      vertex 12.0421 -66.9302 -12.9083
      vertex 11.941 -65.8642 -8.0232
      vertex 12.0421 -65.8907 -8.01756
    endloop
  endfacet
  facet normal 0.258779 0.94483 -0.20082
    outer loop
      vertex 11.941 -65.8642 -8.0232
      vertex 12.0421 -66.9302 -12.9083
      vertex 11.941 -66.9037 -12.9139
    endloop
  endfacet
  facet normal -0.358486 0.913137 -0.194084
    outer loop
      vertex 12.6567 -65.8275 -8.03099
      vertex 12.559 -66.9037 -12.9139
      vertex 12.559 -65.8642 -8.0232
    endloop
  endfacet
  facet normal -0.358503 0.913131 -0.194082
    outer loop
      vertex 12.559 -66.9037 -12.9139
      vertex 12.6567 -65.8275 -8.03099
      vertex 12.6567 -66.867 -12.9217
    endloop
  endfacet
  facet normal -0.258854 0.944811 -0.200814
    outer loop
      vertex 12.559 -65.8642 -8.0232
      vertex 12.4579 -66.9302 -12.9083
      vertex 12.4579 -65.8907 -8.01756
    endloop
  endfacet
  facet normal -0.258779 0.94483 -0.20082
    outer loop
      vertex 12.4579 -66.9302 -12.9083
      vertex 12.559 -65.8642 -8.0232
      vertex 12.559 -66.9037 -12.9139
    endloop
  endfacet
  facet normal 0.838521 0.532964 -0.113279
    outer loop
      vertex 11.441 -65.5088 -8.09872
      vertex 11.384 -66.4625 -13.0077
      vertex 11.384 -65.423 -8.11697
    endloop
  endfacet
  facet normal 0.838769 0.532589 -0.113209
    outer loop
      vertex 11.384 -66.4625 -13.0077
      vertex 11.441 -65.5088 -8.09872
      vertex 11.441 -66.5484 -12.9895
    endloop
  endfacet
  facet normal 0.777133 0.615583 -0.13085
    outer loop
      vertex 11.5069 -65.5884 -8.08181
      vertex 11.441 -66.5484 -12.9895
      vertex 11.441 -65.5088 -8.09872
    endloop
  endfacet
  facet normal 0.777204 0.615497 -0.130834
    outer loop
      vertex 11.441 -66.5484 -12.9895
      vertex 11.5069 -65.5884 -8.08181
      vertex 11.5069 -66.628 -12.9725
    endloop
  endfacet
  facet normal 0.0518079 0.976833 -0.207639
    outer loop
      vertex 12.25 -66.9516 -12.9038
      vertex 12.1455 -65.9067 -8.01416
      vertex 12.25 -65.912 -8.01302
    endloop
  endfacet
  facet normal 0.0526608 0.976793 -0.207612
    outer loop
      vertex 12.1455 -65.9067 -8.01416
      vertex 12.25 -66.9516 -12.9038
      vertex 12.1455 -66.9462 -12.9049
    endloop
  endfacet
  facet normal 0.933316 -0.35121 0.0746555
    outer loop
      vertex 11.2989 -64.6316 -8.28518
      vertex 11.3365 -65.5756 -13.1962
      vertex 11.3365 -64.536 -8.3055
    endloop
  endfacet
  facet normal 0.933311 -0.351223 0.074658
    outer loop
      vertex 11.3365 -65.5756 -13.1962
      vertex 11.2989 -64.6316 -8.28518
      vertex 11.2989 -65.6712 -13.1759
    endloop
  endfacet
  facet normal -0.777133 0.615583 -0.13085
    outer loop
      vertex 13.059 -66.5484 -12.9895
      vertex 12.9931 -65.5884 -8.08181
      vertex 13.059 -65.5088 -8.09872
    endloop
  endfacet
  facet normal -0.777204 0.615497 -0.130834
    outer loop
      vertex 12.9931 -65.5884 -8.08181
      vertex 13.059 -66.5484 -12.9895
      vertex 12.9931 -66.628 -12.9725
    endloop
  endfacet
  facet normal -0.835763 0.537092 -0.114156
    outer loop
      vertex 13.0676 -66.5355 -12.9922
      vertex 13.059 -65.5088 -8.09872
      vertex 13.0676 -65.496 -8.10146
    endloop
  endfacet
  facet normal -0.837474 0.534535 -0.113622
    outer loop
      vertex 13.059 -65.5088 -8.09872
      vertex 13.0676 -66.5355 -12.9922
      vertex 13.059 -66.5484 -12.9895
    endloop
  endfacet
  facet normal -0.629341 0.760146 -0.161579
    outer loop
      vertex 12.9191 -65.6608 -8.06642
      vertex 12.8378 -66.7648 -12.9435
      vertex 12.8378 -65.7252 -8.05273
    endloop
  endfacet
  facet normal -0.629353 0.760137 -0.161577
    outer loop
      vertex 12.8378 -66.7648 -12.9435
      vertex 12.9191 -65.6608 -8.06642
      vertex 12.9191 -66.7004 -12.9572
    endloop
  endfacet
  facet normal -0.453985 0.87154 -0.185242
    outer loop
      vertex 12.75 -65.781 -8.04087
      vertex 12.6567 -66.867 -12.9217
      vertex 12.6567 -65.8275 -8.03099
    endloop
  endfacet
  facet normal -0.453275 0.871891 -0.185334
    outer loop
      vertex 12.6567 -66.867 -12.9217
      vertex 12.75 -65.781 -8.04087
      vertex 12.75 -66.8206 -12.9316
    endloop
  endfacet
  facet normal -0.54483 0.820221 -0.174351
    outer loop
      vertex 12.8378 -65.7252 -8.05273
      vertex 12.75 -66.8206 -12.9316
      vertex 12.75 -65.781 -8.04087
    endloop
  endfacet
  facet normal -0.544886 0.820185 -0.174342
    outer loop
      vertex 12.75 -66.8206 -12.9316
      vertex 12.8378 -65.7252 -8.05273
      vertex 12.8378 -66.7648 -12.9435
    endloop
  endfacet
  facet normal 0.891227 0.443645 -0.0943033
    outer loop
      vertex 11.384 -65.423 -8.11697
      vertex 11.3365 -66.3713 -13.0271
      vertex 11.3365 -65.3317 -8.13636
    endloop
  endfacet
  facet normal 0.891039 0.444008 -0.0943717
    outer loop
      vertex 11.3365 -66.3713 -13.0271
      vertex 11.384 -65.423 -8.11697
      vertex 11.384 -66.4625 -13.0077
    endloop
  endfacet
  facet normal 0.966145 0.25236 -0.0536383
    outer loop
      vertex 11.2989 -65.2362 -8.15668
      vertex 11.2719 -66.1768 -13.0684
      vertex 11.2719 -65.1373 -8.1777
    endloop
  endfacet
  facet normal 0.966143 0.25237 -0.0536401
    outer loop
      vertex 11.2719 -66.1768 -13.0684
      vertex 11.2989 -65.2362 -8.15668
      vertex 11.2989 -66.2757 -13.0474
    endloop
  endfacet
  facet normal 0.453985 0.87154 -0.185242
    outer loop
      vertex 11.8433 -66.867 -12.9217
      vertex 11.75 -65.781 -8.04087
      vertex 11.8433 -65.8275 -8.03099
    endloop
  endfacet
  facet normal 0.453275 0.871891 -0.185334
    outer loop
      vertex 11.75 -65.781 -8.04087
      vertex 11.8433 -66.867 -12.9217
      vertex 11.75 -66.8206 -12.9316
    endloop
  endfacet
  facet normal 0.156251 0.966136 -0.205347
    outer loop
      vertex 12.1455 -66.9462 -12.9049
      vertex 12.0421 -65.8907 -8.01756
      vertex 12.1455 -65.9067 -8.01416
    endloop
  endfacet
  facet normal 0.156251 0.966136 -0.205347
    outer loop
      vertex 12.0421 -65.8907 -8.01756
      vertex 12.1455 -66.9462 -12.9049
      vertex 12.0421 -66.9302 -12.9083
    endloop
  endfacet
  facet normal 0.966145 -0.252359 0.053643
    outer loop
      vertex 11.2719 -64.7305 -8.26416
      vertex 11.2989 -65.6712 -13.1759
      vertex 11.2989 -64.6316 -8.28518
    endloop
  endfacet
  facet normal 0.966143 -0.252369 0.0536449
    outer loop
      vertex 11.2989 -65.6712 -13.1759
      vertex 11.2719 -64.7305 -8.26416
      vertex 11.2719 -65.7701 -13.1549
    endloop
  endfacet
  facet normal -0.156251 0.966136 -0.205347
    outer loop
      vertex 12.4579 -65.8907 -8.01756
      vertex 12.3545 -66.9462 -12.9049
      vertex 12.3545 -65.9067 -8.01416
    endloop
  endfacet
  facet normal -0.156251 0.966136 -0.205347
    outer loop
      vertex 12.3545 -66.9462 -12.9049
      vertex 12.4579 -65.8907 -8.01756
      vertex 12.4579 -66.9302 -12.9083
    endloop
  endfacet
  facet normal 0.707191 0.691571 -0.147005
    outer loop
      vertex 11.5809 -65.6608 -8.06642
      vertex 11.5069 -66.628 -12.9725
      vertex 11.5069 -65.5884 -8.08181
    endloop
  endfacet
  facet normal 0.707102 0.691659 -0.147021
    outer loop
      vertex 11.5069 -66.628 -12.9725
      vertex 11.5809 -65.6608 -8.06642
      vertex 11.5809 -66.7004 -12.9572
    endloop
  endfacet
  facet normal 0.987668 0.153141 -0.0325527
    outer loop
      vertex 11.2719 -65.1373 -8.1777
      vertex 11.2555 -66.0757 -13.0899
      vertex 11.2555 -65.0361 -8.1992
    endloop
  endfacet
  facet normal 0.987645 0.153283 -0.0325797
    outer loop
      vertex 11.2555 -66.0757 -13.0899
      vertex 11.2719 -65.1373 -8.1777
      vertex 11.2719 -66.1768 -13.0684
    endloop
  endfacet
  facet normal 0.933195 0.351518 -0.0747135
    outer loop
      vertex 11.3365 -65.3317 -8.13636
      vertex 11.2989 -66.2757 -13.0474
      vertex 11.2989 -65.2362 -8.15668
    endloop
  endfacet
  facet normal 0.933311 0.351223 -0.0746577
    outer loop
      vertex 11.2989 -66.2757 -13.0474
      vertex 11.3365 -65.3317 -8.13636
      vertex 11.3365 -66.3713 -13.0271
    endloop
  endfacet
  facet normal 0.54483 0.820221 -0.174351
    outer loop
      vertex 11.75 -66.8206 -12.9316
      vertex 11.6622 -65.7252 -8.05273
      vertex 11.75 -65.781 -8.04087
    endloop
  endfacet
  facet normal 0.544886 0.820185 -0.174342
    outer loop
      vertex 11.6622 -65.7252 -8.05273
      vertex 11.75 -66.8206 -12.9316
      vertex 11.6622 -66.7648 -12.9435
    endloop
  endfacet
  facet normal 0.358486 0.913137 -0.194084
    outer loop
      vertex 11.941 -66.9037 -12.9139
      vertex 11.8433 -65.8275 -8.03099
      vertex 11.941 -65.8642 -8.0232
    endloop
  endfacet
  facet normal 0.358503 0.913131 -0.194082
    outer loop
      vertex 11.8433 -65.8275 -8.03099
      vertex 11.941 -66.9037 -12.9139
      vertex 11.8433 -66.867 -12.9217
    endloop
  endfacet
  facet normal 0.99862 -0.0513698 0.0109194
    outer loop
      vertex 11.25 -64.9339 -8.22093
      vertex 11.2555 -65.8712 -13.1334
      vertex 11.2555 -64.8316 -8.24266
    endloop
  endfacet
  facet normal 0.99862 -0.0513729 0.01092
    outer loop
      vertex 11.2555 -65.8712 -13.1334
      vertex 11.25 -64.9339 -8.22093
      vertex 11.25 -65.9735 -13.1117
    endloop
  endfacet
  facet normal 0.987645 -0.153282 0.0325825
    outer loop
      vertex 11.2555 -64.8316 -8.24266
      vertex 11.2719 -65.7701 -13.1549
      vertex 11.2719 -64.7305 -8.26416
    endloop
  endfacet
  facet normal 0.987645 -0.153282 0.0325825
    outer loop
      vertex 11.2719 -65.7701 -13.1549
      vertex 11.2555 -64.8316 -8.24266
      vertex 11.2555 -65.8712 -13.1334
    endloop
  endfacet
  facet normal 0.891035 -0.444014 0.0943824
    outer loop
      vertex 11.3365 -64.536 -8.3055
      vertex 11.384 -65.4844 -13.2156
      vertex 11.384 -64.4448 -8.32489
    endloop
  endfacet
  facet normal 0.891039 -0.444006 0.0943809
    outer loop
      vertex 11.384 -65.4844 -13.2156
      vertex 11.3365 -64.536 -8.3055
      vertex 11.3365 -65.5756 -13.1962
    endloop
  endfacet
  facet normal 0.838935 -0.532337 0.113156
    outer loop
      vertex 11.384 -64.4448 -8.32489
      vertex 11.435 -65.4075 -13.232
      vertex 11.435 -64.3679 -8.34123
    endloop
  endfacet
  facet normal 0.838975 -0.532278 0.113144
    outer loop
      vertex 11.435 -65.4075 -13.232
      vertex 11.384 -64.4448 -8.32489
      vertex 11.384 -65.4844 -13.2156
    endloop
  endfacet
  facet normal -0.998617 0.0514178 -0.0109296
    outer loop
      vertex 36.75 -65.9735 -13.1117
      vertex 36.7445 -65.0361 -8.1992
      vertex 36.75 -64.9339 -8.22093
    endloop
  endfacet
  facet normal -0.998618 0.0514106 -0.0109282
    outer loop
      vertex 36.7445 -65.0361 -8.1992
      vertex 36.75 -65.9735 -13.1117
      vertex 36.7445 -66.0757 -13.0899
    endloop
  endfacet
  facet normal 0.0518079 0.976833 -0.207639
    outer loop
      vertex 35.75 -66.9516 -12.9038
      vertex 35.6455 -65.9067 -8.01416
      vertex 35.75 -65.912 -8.01302
    endloop
  endfacet
  facet normal 0.0526608 0.976793 -0.207612
    outer loop
      vertex 35.6455 -65.9067 -8.01416
      vertex 35.75 -66.9516 -12.9038
      vertex 35.6455 -66.9462 -12.9049
    endloop
  endfacet
  facet normal -0.707191 0.691571 -0.147005
    outer loop
      vertex 36.4931 -66.628 -12.9725
      vertex 36.4191 -65.6608 -8.06642
      vertex 36.4931 -65.5884 -8.08181
    endloop
  endfacet
  facet normal -0.707102 0.691659 -0.147021
    outer loop
      vertex 36.4191 -65.6608 -8.06642
      vertex 36.4931 -66.628 -12.9725
      vertex 36.4191 -66.7004 -12.9572
    endloop
  endfacet
  facet normal 0.707191 0.691571 -0.147005
    outer loop
      vertex 35.0809 -65.6608 -8.06642
      vertex 35.0069 -66.628 -12.9725
      vertex 35.0069 -65.5884 -8.08181
    endloop
  endfacet
  facet normal 0.707102 0.691659 -0.147021
    outer loop
      vertex 35.0069 -66.628 -12.9725
      vertex 35.0809 -65.6608 -8.06642
      vertex 35.0809 -66.7004 -12.9572
    endloop
  endfacet
  facet normal 0.453985 0.87154 -0.185242
    outer loop
      vertex 35.3433 -66.867 -12.9217
      vertex 35.25 -65.781 -8.04087
      vertex 35.3433 -65.8275 -8.03099
    endloop
  endfacet
  facet normal 0.453275 0.871891 -0.185334
    outer loop
      vertex 35.25 -65.781 -8.04087
      vertex 35.3433 -66.867 -12.9217
      vertex 35.25 -66.8206 -12.9316
    endloop
  endfacet
  facet normal -0.891227 0.443645 -0.0943033
    outer loop
      vertex 36.6635 -66.3713 -13.0271
      vertex 36.616 -65.423 -8.11697
      vertex 36.6635 -65.3317 -8.13636
    endloop
  endfacet
  facet normal -0.891039 0.444008 -0.0943717
    outer loop
      vertex 36.616 -65.423 -8.11697
      vertex 36.6635 -66.3713 -13.0271
      vertex 36.616 -66.4625 -13.0077
    endloop
  endfacet
  facet normal -0.358486 0.913137 -0.194084
    outer loop
      vertex 36.1567 -65.8275 -8.03099
      vertex 36.059 -66.9037 -12.9139
      vertex 36.059 -65.8642 -8.0232
    endloop
  endfacet
  facet normal -0.358503 0.913131 -0.194082
    outer loop
      vertex 36.059 -66.9037 -12.9139
      vertex 36.1567 -65.8275 -8.03099
      vertex 36.1567 -66.867 -12.9217
    endloop
  endfacet
  facet normal 0.835763 0.537092 -0.114156
    outer loop
      vertex 34.941 -65.5088 -8.09872
      vertex 34.9324 -66.5355 -12.9922
      vertex 34.9324 -65.496 -8.10146
    endloop
  endfacet
  facet normal 0.837474 0.534535 -0.113622
    outer loop
      vertex 34.9324 -66.5355 -12.9922
      vertex 34.941 -65.5088 -8.09872
      vertex 34.941 -66.5484 -12.9895
    endloop
  endfacet
  facet normal 0.629341 0.760146 -0.161579
    outer loop
      vertex 35.1622 -66.7648 -12.9435
      vertex 35.0809 -65.6608 -8.06642
      vertex 35.1622 -65.7252 -8.05273
    endloop
  endfacet
  facet normal 0.629353 0.760137 -0.161577
    outer loop
      vertex 35.0809 -65.6608 -8.06642
      vertex 35.1622 -66.7648 -12.9435
      vertex 35.0809 -66.7004 -12.9572
    endloop
  endfacet
  facet normal 0.258854 0.944811 -0.200814
    outer loop
      vertex 35.5421 -66.9302 -12.9083
      vertex 35.441 -65.8642 -8.0232
      vertex 35.5421 -65.8907 -8.01756
    endloop
  endfacet
  facet normal 0.258779 0.94483 -0.20082
    outer loop
      vertex 35.441 -65.8642 -8.0232
      vertex 35.5421 -66.9302 -12.9083
      vertex 35.441 -66.9037 -12.9139
    endloop
  endfacet
  facet normal -0.891035 -0.444014 0.0943824
    outer loop
      vertex 36.616 -65.4844 -13.2156
      vertex 36.6635 -64.536 -8.3055
      vertex 36.616 -64.4448 -8.32489
    endloop
  endfacet
  facet normal -0.891039 -0.444006 0.0943809
    outer loop
      vertex 36.6635 -64.536 -8.3055
      vertex 36.616 -65.4844 -13.2156
      vertex 36.6635 -65.5756 -13.1962
    endloop
  endfacet
  facet normal -0.966145 -0.252359 0.053643
    outer loop
      vertex 36.7011 -65.6712 -13.1759
      vertex 36.7281 -64.7305 -8.26416
      vertex 36.7011 -64.6316 -8.28518
    endloop
  endfacet
  facet normal -0.966143 -0.252369 0.0536449
    outer loop
      vertex 36.7281 -64.7305 -8.26416
      vertex 36.7011 -65.6712 -13.1759
      vertex 36.7281 -65.7701 -13.1549
    endloop
  endfacet
  facet normal -0.966145 0.25236 -0.0536383
    outer loop
      vertex 36.7281 -66.1768 -13.0684
      vertex 36.7011 -65.2362 -8.15668
      vertex 36.7281 -65.1373 -8.1777
    endloop
  endfacet
  facet normal -0.966143 0.25237 -0.0536401
    outer loop
      vertex 36.7011 -65.2362 -8.15668
      vertex 36.7281 -66.1768 -13.0684
      vertex 36.7011 -66.2757 -13.0474
    endloop
  endfacet
  facet normal -0.987668 0.153141 -0.0325527
    outer loop
      vertex 36.7445 -66.0757 -13.0899
      vertex 36.7281 -65.1373 -8.1777
      vertex 36.7445 -65.0361 -8.1992
    endloop
  endfacet
  facet normal -0.987645 0.153283 -0.0325797
    outer loop
      vertex 36.7281 -65.1373 -8.1777
      vertex 36.7445 -66.0757 -13.0899
      vertex 36.7281 -66.1768 -13.0684
    endloop
  endfacet
  facet normal -0.933195 0.351518 -0.0747135
    outer loop
      vertex 36.7011 -66.2757 -13.0474
      vertex 36.6635 -65.3317 -8.13636
      vertex 36.7011 -65.2362 -8.15668
    endloop
  endfacet
  facet normal -0.933311 0.351223 -0.0746577
    outer loop
      vertex 36.6635 -65.3317 -8.13636
      vertex 36.7011 -66.2757 -13.0474
      vertex 36.6635 -66.3713 -13.0271
    endloop
  endfacet
  facet normal -0.777133 0.615583 -0.13085
    outer loop
      vertex 36.559 -66.5484 -12.9895
      vertex 36.4931 -65.5884 -8.08181
      vertex 36.559 -65.5088 -8.09872
    endloop
  endfacet
  facet normal -0.777204 0.615497 -0.130834
    outer loop
      vertex 36.4931 -65.5884 -8.08181
      vertex 36.559 -66.5484 -12.9895
      vertex 36.4931 -66.628 -12.9725
    endloop
  endfacet
  facet normal -0.838521 0.532964 -0.113279
    outer loop
      vertex 36.616 -66.4625 -13.0077
      vertex 36.559 -65.5088 -8.09872
      vertex 36.616 -65.423 -8.11697
    endloop
  endfacet
  facet normal -0.838769 0.532589 -0.113209
    outer loop
      vertex 36.559 -65.5088 -8.09872
      vertex 36.616 -66.4625 -13.0077
      vertex 36.559 -66.5484 -12.9895
    endloop
  endfacet
  facet normal -0.156251 0.966136 -0.205347
    outer loop
      vertex 35.9579 -65.8907 -8.01756
      vertex 35.8545 -66.9462 -12.9049
      vertex 35.8545 -65.9067 -8.01416
    endloop
  endfacet
  facet normal -0.156251 0.966136 -0.205347
    outer loop
      vertex 35.8545 -66.9462 -12.9049
      vertex 35.9579 -65.8907 -8.01756
      vertex 35.9579 -66.9302 -12.9083
    endloop
  endfacet
  facet normal -0.0518079 0.976833 -0.207639
    outer loop
      vertex 35.8545 -65.9067 -8.01416
      vertex 35.75 -66.9516 -12.9038
      vertex 35.75 -65.912 -8.01302
    endloop
  endfacet
  facet normal -0.0526608 0.976793 -0.207612
    outer loop
      vertex 35.75 -66.9516 -12.9038
      vertex 35.8545 -65.9067 -8.01416
      vertex 35.8545 -66.9462 -12.9049
    endloop
  endfacet
  facet normal -0.54483 0.820221 -0.174351
    outer loop
      vertex 36.3378 -65.7252 -8.05273
      vertex 36.25 -66.8206 -12.9316
      vertex 36.25 -65.781 -8.04087
    endloop
  endfacet
  facet normal -0.544886 0.820185 -0.174342
    outer loop
      vertex 36.25 -66.8206 -12.9316
      vertex 36.3378 -65.7252 -8.05273
      vertex 36.3378 -66.7648 -12.9435
    endloop
  endfacet
  facet normal -0.629341 0.760146 -0.161579
    outer loop
      vertex 36.4191 -65.6608 -8.06642
      vertex 36.3378 -66.7648 -12.9435
      vertex 36.3378 -65.7252 -8.05273
    endloop
  endfacet
  facet normal -0.629353 0.760137 -0.161577
    outer loop
      vertex 36.3378 -66.7648 -12.9435
      vertex 36.4191 -65.6608 -8.06642
      vertex 36.4191 -66.7004 -12.9572
    endloop
  endfacet
  facet normal 0.156251 0.966136 -0.205347
    outer loop
      vertex 35.6455 -66.9462 -12.9049
      vertex 35.5421 -65.8907 -8.01756
      vertex 35.6455 -65.9067 -8.01416
    endloop
  endfacet
  facet normal 0.156251 0.966136 -0.205347
    outer loop
      vertex 35.5421 -65.8907 -8.01756
      vertex 35.6455 -66.9462 -12.9049
      vertex 35.5421 -66.9302 -12.9083
    endloop
  endfacet
  facet normal -0.99862 -0.0513698 0.0109194
    outer loop
      vertex 36.7445 -65.8712 -13.1334
      vertex 36.75 -64.9339 -8.22093
      vertex 36.7445 -64.8316 -8.24266
    endloop
  endfacet
  facet normal -0.99862 -0.0513729 0.01092
    outer loop
      vertex 36.75 -64.9339 -8.22093
      vertex 36.7445 -65.8712 -13.1334
      vertex 36.75 -65.9735 -13.1117
    endloop
  endfacet
  facet normal -0.838935 -0.532337 0.113156
    outer loop
      vertex 36.565 -65.4075 -13.232
      vertex 36.616 -64.4448 -8.32489
      vertex 36.565 -64.3679 -8.34123
    endloop
  endfacet
  facet normal -0.838975 -0.532278 0.113144
    outer loop
      vertex 36.616 -64.4448 -8.32489
      vertex 36.565 -65.4075 -13.232
      vertex 36.616 -65.4844 -13.2156
    endloop
  endfacet
  facet normal -0.258854 0.944811 -0.200814
    outer loop
      vertex 36.059 -65.8642 -8.0232
      vertex 35.9579 -66.9302 -12.9083
      vertex 35.9579 -65.8907 -8.01756
    endloop
  endfacet
  facet normal -0.258779 0.94483 -0.20082
    outer loop
      vertex 35.9579 -66.9302 -12.9083
      vertex 36.059 -65.8642 -8.0232
      vertex 36.059 -66.9037 -12.9139
    endloop
  endfacet
  facet normal -0.453985 0.87154 -0.185242
    outer loop
      vertex 36.25 -65.781 -8.04087
      vertex 36.1567 -66.867 -12.9217
      vertex 36.1567 -65.8275 -8.03099
    endloop
  endfacet
  facet normal -0.453275 0.871891 -0.185334
    outer loop
      vertex 36.1567 -66.867 -12.9217
      vertex 36.25 -65.781 -8.04087
      vertex 36.25 -66.8206 -12.9316
    endloop
  endfacet
  facet normal 0.777133 0.615583 -0.13085
    outer loop
      vertex 35.0069 -65.5884 -8.08181
      vertex 34.941 -66.5484 -12.9895
      vertex 34.941 -65.5088 -8.09872
    endloop
  endfacet
  facet normal 0.777204 0.615497 -0.130834
    outer loop
      vertex 34.941 -66.5484 -12.9895
      vertex 35.0069 -65.5884 -8.08181
      vertex 35.0069 -66.628 -12.9725
    endloop
  endfacet
  facet normal 0.54483 0.820221 -0.174351
    outer loop
      vertex 35.25 -66.8206 -12.9316
      vertex 35.1622 -65.7252 -8.05273
      vertex 35.25 -65.781 -8.04087
    endloop
  endfacet
  facet normal 0.544886 0.820185 -0.174342
    outer loop
      vertex 35.1622 -65.7252 -8.05273
      vertex 35.25 -66.8206 -12.9316
      vertex 35.1622 -66.7648 -12.9435
    endloop
  endfacet
  facet normal 0.358486 0.913137 -0.194084
    outer loop
      vertex 35.441 -66.9037 -12.9139
      vertex 35.3433 -65.8275 -8.03099
      vertex 35.441 -65.8642 -8.0232
    endloop
  endfacet
  facet normal 0.358503 0.913131 -0.194082
    outer loop
      vertex 35.3433 -65.8275 -8.03099
      vertex 35.441 -66.9037 -12.9139
      vertex 35.3433 -66.867 -12.9217
    endloop
  endfacet
  facet normal -0.933316 -0.35121 0.0746555
    outer loop
      vertex 36.6635 -65.5756 -13.1962
      vertex 36.7011 -64.6316 -8.28518
      vertex 36.6635 -64.536 -8.3055
    endloop
  endfacet
  facet normal -0.933311 -0.351223 0.074658
    outer loop
      vertex 36.7011 -64.6316 -8.28518
      vertex 36.6635 -65.5756 -13.1962
      vertex 36.7011 -65.6712 -13.1759
    endloop
  endfacet
  facet normal -0.987645 -0.153282 0.0325825
    outer loop
      vertex 36.7281 -65.7701 -13.1549
      vertex 36.7445 -64.8316 -8.24266
      vertex 36.7281 -64.7305 -8.26416
    endloop
  endfacet
  facet normal -0.987645 -0.153282 0.0325825
    outer loop
      vertex 36.7445 -64.8316 -8.24266
      vertex 36.7281 -65.7701 -13.1549
      vertex 36.7445 -65.8712 -13.1334
    endloop
  endfacet
  facet normal -0.258677 -0.944857 0.200826
    outer loop
      vertex 35.2287 -40.6218 -13.3886
      vertex 35.368 -41.6978 -18.2716
      vertex 35.368 -40.6583 -13.3809
    endloop
  endfacet
  facet normal -0.25865 -0.944864 0.200828
    outer loop
      vertex 35.368 -41.6978 -18.2716
      vertex 35.2287 -40.6218 -13.3886
      vertex 35.2489 -41.6666 -18.2782
    endloop
  endfacet
  facet normal -0.258598 -0.944858 0.200924
    outer loop
      vertex 35.2836 -43.4586 -26.6641
      vertex 35.368 -43.6367 -27.393
      vertex 35.368 -43.4807 -26.6594
    endloop
  endfacet
  facet normal -0.259449 -0.944656 0.200776
    outer loop
      vertex 35.368 -43.6367 -27.393
      vertex 35.2836 -43.4586 -26.6641
      vertex 35.2866 -43.6153 -27.3975
    endloop
  endfacet
  facet normal -0.258783 -0.944826 0.200834
    outer loop
      vertex 35.3048 -44.5574 -31.8061
      vertex 35.368 -45.093 -34.2444
      vertex 35.368 -44.5742 -31.8037
    endloop
  endfacet
  facet normal -0.260133 -0.944479 0.200723
    outer loop
      vertex 35.368 -45.093 -34.2444
      vertex 35.3048 -44.5574 -31.8061
      vertex 35.3149 -45.0788 -34.2464
    endloop
  endfacet
  facet normal -0.0536462 -0.976742 0.207599
    outer loop
      vertex 34.8941 -40.5699 -13.3997
      vertex 34.9591 -41.6128 -18.2897
      vertex 34.9591 -40.5733 -13.3989
    endloop
  endfacet
  facet normal -0.0522101 -0.976813 0.207633
    outer loop
      vertex 34.9591 -41.6128 -18.2897
      vertex 34.8941 -40.5699 -13.3997
      vertex 34.8732 -41.6084 -18.2906
    endloop
  endfacet
  facet normal -0.0519397 -0.976836 0.207591
    outer loop
      vertex 34.8373 -43.3895 -26.6788
      vertex 34.9591 -43.5516 -27.4111
      vertex 34.9591 -43.3957 -26.6775
    endloop
  endfacet
  facet normal -0.052214 -0.976831 0.207544
    outer loop
      vertex 34.9591 -43.5516 -27.4111
      vertex 34.8373 -43.3895 -26.6788
      vertex 34.8342 -43.5452 -27.4124
    endloop
  endfacet
  facet normal -0.0518563 -0.976827 0.207653
    outer loop
      vertex 34.8153 -44.4805 -31.8171
      vertex 34.9591 -45.0067 -34.2565
      vertex 34.9591 -44.4879 -31.816
    endloop
  endfacet
  facet normal -0.0527909 -0.97679 0.20759
    outer loop
      vertex 34.9591 -45.0067 -34.2565
      vertex 34.8153 -44.4805 -31.8171
      vertex 34.8049 -44.9986 -34.2576
    endloop
  endfacet
  facet normal 0 0.978146 -0.207921
    outer loop
      vertex 34.75 -65.5053 -8.09947
      vertex 33.3219 -66.3266 -11.9632
      vertex 13.25 -65.5053 -8.09947
    endloop
  endfacet
  facet normal -3.1988e-06 0.978146 -0.20792
    outer loop
      vertex 34.75 -66.5449 -12.9902
      vertex 33.3219 -66.3266 -11.9632
      vertex 34.75 -65.5053 -8.09947
    endloop
  endfacet
  facet normal 0 0.978147 -0.207916
    outer loop
      vertex 33.3219 -66.3266 -11.9632
      vertex 34.75 -66.5449 -12.9902
      vertex 33.3219 -66.5449 -12.9902
    endloop
  endfacet
  facet normal 0 0.978146 -0.207921
    outer loop
      vertex 14.6781 -66.3266 -11.9632
      vertex 13.25 -65.5053 -8.09947
      vertex 33.3219 -66.3266 -11.9632
    endloop
  endfacet
  facet normal 0 0.978147 -0.207916
    outer loop
      vertex 13.25 -66.5449 -12.9902
      vertex 14.6781 -66.3266 -11.9632
      vertex 14.6781 -66.5449 -12.9902
    endloop
  endfacet
  facet normal 3.1988e-06 0.978146 -0.20792
    outer loop
      vertex 14.6781 -66.3266 -11.9632
      vertex 13.25 -66.5449 -12.9902
      vertex 13.25 -65.5053 -8.09947
    endloop
  endfacet
  facet normal 0 0.978129 -0.207999
    outer loop
      vertex 34.75 -68.4837 -22.1116
      vertex 13.25 -68.3277 -21.378
      vertex 34.75 -68.3277 -21.378
    endloop
  endfacet
  facet normal 0 0.978129 -0.207999
    outer loop
      vertex 13.25 -68.3277 -21.378
      vertex 34.75 -68.4837 -22.1116
      vertex 13.25 -68.4837 -22.1116
    endloop
  endfacet
  facet normal 0 0.978152 -0.207893
    outer loop
      vertex 34.75 -70.3115 -30.7109
      vertex 13.25 -69.7785 -28.2031
      vertex 34.75 -69.7785 -28.2031
    endloop
  endfacet
  facet normal 0 0.978152 -0.207893
    outer loop
      vertex 13.25 -69.7785 -28.2031
      vertex 34.75 -70.3115 -30.7109
      vertex 13.25 -70.3115 -30.7109
    endloop
  endfacet
  facet normal -0.156325 -0.966125 0.205342
    outer loop
      vertex 34.9591 -40.5733 -13.3989
      vertex 35.1658 -41.6448 -18.2829
      vertex 35.1658 -40.6053 -13.3921
    endloop
  endfacet
  facet normal -0.156325 -0.966125 0.205342
    outer loop
      vertex 35.1658 -41.6448 -18.2829
      vertex 34.9591 -40.5733 -13.3989
      vertex 34.9591 -41.6128 -18.2897
    endloop
  endfacet
  facet normal -0.156325 -0.966104 0.205442
    outer loop
      vertex 34.9591 -43.3957 -26.6775
      vertex 35.1658 -43.5837 -27.4043
      vertex 35.1658 -43.4277 -26.6707
    endloop
  endfacet
  facet normal -0.156781 -0.96606 0.205301
    outer loop
      vertex 35.1658 -43.5837 -27.4043
      vertex 34.9591 -43.3957 -26.6775
      vertex 34.9591 -43.5516 -27.4111
    endloop
  endfacet
  facet normal -0.156472 -0.966095 0.205372
    outer loop
      vertex 34.9591 -44.4879 -31.816
      vertex 35.1658 -45.0392 -34.2519
      vertex 35.1658 -44.5204 -31.8114
    endloop
  endfacet
  facet normal -0.156472 -0.966095 0.205372
    outer loop
      vertex 35.1658 -45.0392 -34.2519
      vertex 34.9591 -44.4879 -31.816
      vertex 34.9591 -45.0067 -34.2565
    endloop
  endfacet
  facet normal -0.259007 -0.944771 0.200807
    outer loop
      vertex 35.1658 -40.6053 -13.3921
      vertex 35.2489 -41.6666 -18.2782
      vertex 35.2287 -40.6218 -13.3886
    endloop
  endfacet
  facet normal -0.25919 -0.944724 0.200793
    outer loop
      vertex 35.2489 -41.6666 -18.2782
      vertex 35.1658 -40.6053 -13.3921
      vertex 35.1658 -41.6448 -18.2829
    endloop
  endfacet
  facet normal -0.259068 -0.944756 0.200799
    outer loop
      vertex 35.1658 -43.4277 -26.6707
      vertex 35.2866 -43.6153 -27.3975
      vertex 35.2836 -43.4586 -26.6641
    endloop
  endfacet
  facet normal -0.258483 -0.944888 0.20093
    outer loop
      vertex 35.2866 -43.6153 -27.3975
      vertex 35.1658 -43.4277 -26.6707
      vertex 35.1658 -43.5837 -27.4043
    endloop
  endfacet
  facet normal -0.259134 -0.944741 0.200783
    outer loop
      vertex 35.1658 -44.5204 -31.8114
      vertex 35.3149 -45.0788 -34.2464
      vertex 35.3048 -44.5574 -31.8061
    endloop
  endfacet
  facet normal -0.258377 -0.944929 0.200873
    outer loop
      vertex 35.3149 -45.0788 -34.2464
      vertex 35.1658 -44.5204 -31.8114
      vertex 35.1658 -45.0392 -34.2519
    endloop
  endfacet
  facet normal -0.998611 0.0515355 -0.0109547
    outer loop
      vertex 36.7455 -64.6726 -13.3882
      vertex 36.739 -63.7535 -8.47183
      vertex 36.7466 -63.6126 -8.50178
    endloop
  endfacet
  facet normal -0.998611 0.0515395 -0.0109554
    outer loop
      vertex 36.739 -63.7535 -8.47183
      vertex 36.7455 -64.6726 -13.3882
      vertex 36.739 -64.7931 -13.3626
    endloop
  endfacet
  facet normal -0.998615 0.0514529 -0.0110248
    outer loop
      vertex 36.7435 -66.6495 -22.5015
      vertex 36.739 -66.5759 -21.7504
      vertex 36.7436 -66.4905 -21.7685
    endloop
  endfacet
  facet normal -0.998576 0.0521774 -0.0110955
    outer loop
      vertex 36.739 -66.5759 -21.7504
      vertex 36.7435 -66.6495 -22.5015
      vertex 36.739 -66.7319 -22.484
    endloop
  endfacet
  facet normal -0.998615 0.0514509 -0.0109611
    outer loop
      vertex 36.7416 -68.4785 -30.9327
      vertex 36.739 -67.9934 -28.4188
      vertex 36.7421 -67.935 -28.4271
    endloop
  endfacet
  facet normal -0.998544 0.0527656 -0.0112148
    outer loop
      vertex 36.739 -67.9934 -28.4188
      vertex 36.7416 -68.4785 -30.9327
      vertex 36.739 -68.5263 -30.9261
    endloop
  endfacet
  facet normal 0 -0.978145 0.207923
    outer loop
      vertex 13.25 -40.5625 -13.4012
      vertex 14.3074 -41.3838 -17.2649
      vertex 34.75 -40.5625 -13.4012
    endloop
  endfacet
  facet normal -2.1093e-05 -0.978146 0.207917
    outer loop
      vertex 13.25 -41.6021 -18.292
      vertex 14.3074 -41.3838 -17.2649
      vertex 13.25 -40.5625 -13.4012
    endloop
  endfacet
  facet normal 0 -0.978151 0.207896
    outer loop
      vertex 14.3074 -41.3838 -17.2649
      vertex 13.25 -41.6021 -18.292
      vertex 14.3074 -41.6021 -18.292
    endloop
  endfacet
  facet normal 0 -0.978145 0.207923
    outer loop
      vertex 33.6926 -41.3838 -17.2649
      vertex 34.75 -40.5625 -13.4012
      vertex 14.3074 -41.3838 -17.2649
    endloop
  endfacet
  facet normal 0 -0.978151 0.207896
    outer loop
      vertex 34.75 -41.6021 -18.292
      vertex 33.6926 -41.3838 -17.2649
      vertex 33.6926 -41.6021 -18.292
    endloop
  endfacet
  facet normal 2.1093e-05 -0.978146 0.207917
    outer loop
      vertex 33.6926 -41.3838 -17.2649
      vertex 34.75 -41.6021 -18.292
      vertex 34.75 -40.5625 -13.4012
    endloop
  endfacet
  facet normal 0 -0.978156 0.207872
    outer loop
      vertex 13.25 -43.5409 -27.4134
      vertex 34.75 -43.385 -26.6798
      vertex 13.25 -43.385 -26.6798
    endloop
  endfacet
  facet normal 0 -0.978156 0.207872
    outer loop
      vertex 34.75 -43.385 -26.6798
      vertex 13.25 -43.5409 -27.4134
      vertex 34.75 -43.5409 -27.4134
    endloop
  endfacet
  facet normal 0 -0.978149 0.207903
    outer loop
      vertex 13.25 -44.9958 -34.258
      vertex 34.75 -44.4771 -31.8176
      vertex 13.25 -44.4771 -31.8176
    endloop
  endfacet
  facet normal 0 -0.978149 0.207903
    outer loop
      vertex 34.75 -44.4771 -31.8176
      vertex 13.25 -44.9958 -34.258
      vertex 34.75 -44.9958 -34.258
    endloop
  endfacet
  facet normal 0.629023 -0.760397 0.161635
    outer loop
      vertex 11.9876 -42.0445 -18.1979
      vertex 12.0744 -40.9362 -13.3218
      vertex 11.9876 -41.0049 -13.3072
    endloop
  endfacet
  facet normal 0.629552 -0.759982 0.161531
    outer loop
      vertex 12.0744 -40.9362 -13.3218
      vertex 11.9876 -42.0445 -18.1979
      vertex 12.0744 -41.9757 -18.2125
    endloop
  endfacet
  facet normal 0.629391 -0.760114 0.161537
    outer loop
      vertex 12.0089 -43.9664 -27.3229
      vertex 12.0744 -43.7586 -26.6003
      vertex 12.0065 -43.8124 -26.5889
    endloop
  endfacet
  facet normal 0.629407 -0.760102 0.161532
    outer loop
      vertex 12.0744 -43.7586 -26.6003
      vertex 12.0089 -43.9664 -27.3229
      vertex 12.0744 -43.9145 -27.3339
    endloop
  endfacet
  facet normal 0.628954 -0.760452 0.161648
    outer loop
      vertex 12.0318 -45.4093 -34.2001
      vertex 12.0744 -44.8561 -31.7634
      vertex 12.0237 -44.8968 -31.7576
    endloop
  endfacet
  facet normal 0.629889 -0.759716 0.161465
    outer loop
      vertex 12.0744 -44.8561 -31.7634
      vertex 12.0318 -45.4093 -34.2001
      vertex 12.0744 -45.375 -34.2049
    endloop
  endfacet
  facet normal -0.777413 0.615254 -0.130732
    outer loop
      vertex 36.2893 -67.7723 -22.2628
      vertex 36.2363 -67.6805 -21.5156
      vertex 36.2913 -67.614 -21.5297
    endloop
  endfacet
  facet normal -0.777509 0.615135 -0.130724
    outer loop
      vertex 36.2363 -67.6805 -21.5156
      vertex 36.2893 -67.7723 -22.2628
      vertex 36.2363 -67.8364 -22.2492
    endloop
  endfacet
  facet normal -0.777268 0.615425 -0.130788
    outer loop
      vertex 36.2663 -69.6152 -30.7964
      vertex 36.2363 -69.1188 -28.2823
      vertex 36.2731 -69.0733 -28.2869
    endloop
  endfacet
  facet normal -0.777881 0.61468 -0.130649
    outer loop
      vertex 36.2363 -69.1188 -28.2823
      vertex 36.2663 -69.6152 -30.7964
      vertex 36.2363 -69.6524 -30.7928
    endloop
  endfacet
  facet normal -0.707424 -0.691342 0.146962
    outer loop
      vertex 36.1479 -44.1017 -27.2942
      vertex 36.2363 -44.0323 -26.5422
      vertex 36.1501 -43.9479 -26.5601
    endloop
  endfacet
  facet normal -0.707248 -0.691523 0.146958
    outer loop
      vertex 36.2363 -44.0323 -26.5422
      vertex 36.1479 -44.1017 -27.2942
      vertex 36.2363 -44.1882 -27.2758
    endloop
  endfacet
  facet normal -0.706714 -0.692039 0.147098
    outer loop
      vertex 36.127 -45.5443 -34.1811
      vertex 36.2363 -45.1336 -31.7238
      vertex 36.1344 -45.0326 -31.7382
    endloop
  endfacet
  facet normal -0.706755 -0.691998 0.147093
    outer loop
      vertex 36.2363 -45.1336 -31.7238
      vertex 36.127 -45.5443 -34.1811
      vertex 36.2363 -45.6527 -34.1659
    endloop
  endfacet
  facet normal 0.706771 -0.691993 0.147038
    outer loop
      vertex 11.8499 -43.9479 -26.5601
      vertex 11.9117 -44.0434 -27.3066
      vertex 11.9117 -43.8875 -26.5729
    endloop
  endfacet
  facet normal 0.707131 -0.691629 0.147021
    outer loop
      vertex 11.9117 -44.0434 -27.3066
      vertex 11.8499 -43.9479 -26.5601
      vertex 11.8521 -44.1017 -27.2942
    endloop
  endfacet
  facet normal 0.707495 -0.691276 0.14693
    outer loop
      vertex 11.8656 -45.0326 -31.7382
      vertex 11.9117 -45.5058 -34.1865
      vertex 11.9117 -44.9868 -31.7447
    endloop
  endfacet
  facet normal 0.707849 -0.690926 0.146869
    outer loop
      vertex 11.9117 -45.5058 -34.1865
      vertex 11.8656 -45.0326 -31.7382
      vertex 11.873 -45.5443 -34.1811
    endloop
  endfacet
  facet normal 0.965994 -0.252911 0.0537719
    outer loop
      vertex 11.2937 -44.9345 -26.3504
      vertex 11.3155 -45.0108 -27.1009
      vertex 11.3163 -44.8519 -26.3679
    endloop
  endfacet
  facet normal 0.966016 -0.25283 0.0537642
    outer loop
      vertex 11.3155 -45.0108 -27.1009
      vertex 11.2937 -44.9345 -26.3504
      vertex 11.2937 -45.0905 -27.084
    endloop
  endfacet
  facet normal 0.966019 -0.252823 0.0537377
    outer loop
      vertex 11.2937 -46.0489 -31.593
      vertex 11.3078 -46.5162 -34.045
      vertex 11.3105 -45.9866 -31.6019
    endloop
  endfacet
  facet normal 0.966016 -0.252833 0.0537396
    outer loop
      vertex 11.3078 -46.5162 -34.045
      vertex 11.2937 -46.0489 -31.593
      vertex 11.2937 -46.5685 -34.0376
    endloop
  endfacet
  facet normal 0.998611 0.0515355 -0.0109547
    outer loop
      vertex 11.261 -63.7535 -8.47183
      vertex 11.2545 -64.6726 -13.3882
      vertex 11.2534 -63.6126 -8.50178
    endloop
  endfacet
  facet normal 0.998611 0.0515395 -0.0109554
    outer loop
      vertex 11.2545 -64.6726 -13.3882
      vertex 11.261 -63.7535 -8.47183
      vertex 11.261 -64.7931 -13.3626
    endloop
  endfacet
  facet normal 0.998615 0.0514529 -0.0110248
    outer loop
      vertex 11.261 -66.5759 -21.7504
      vertex 11.2565 -66.6495 -22.5015
      vertex 11.2564 -66.4905 -21.7685
    endloop
  endfacet
  facet normal 0.998576 0.0521774 -0.0110955
    outer loop
      vertex 11.2565 -66.6495 -22.5015
      vertex 11.261 -66.5759 -21.7504
      vertex 11.261 -66.7319 -22.484
    endloop
  endfacet
  facet normal 0.998615 0.0514509 -0.0109611
    outer loop
      vertex 11.261 -67.9934 -28.4188
      vertex 11.2584 -68.4785 -30.9327
      vertex 11.2579 -67.935 -28.4271
    endloop
  endfacet
  facet normal 0.998544 0.0527656 -0.0112148
    outer loop
      vertex 11.2584 -68.4785 -30.9327
      vertex 11.261 -67.9934 -28.4188
      vertex 11.261 -68.5263 -30.9261
    endloop
  endfacet
  facet normal -0.631497 0.758438 -0.161193
    outer loop
      vertex 35.9397 -69.3881 -28.2588
      vertex 35.9256 -69.9323 -30.7641
      vertex 35.9256 -69.3995 -28.2572
    endloop
  endfacet
  facet normal -0.629359 0.760133 -0.161574
    outer loop
      vertex 36.0429 -69.3041 -28.2656
      vertex 35.9256 -69.9323 -30.7641
      vertex 35.9397 -69.3881 -28.2588
    endloop
  endfacet
  facet normal -0.629234 0.76023 -0.161604
    outer loop
      vertex 36.0429 -69.3041 -28.2656
      vertex 36.0291 -69.8491 -30.7757
      vertex 35.9256 -69.9323 -30.7641
    endloop
  endfacet
  facet normal -0.631423 0.758495 -0.161215
    outer loop
      vertex 36.0291 -69.8491 -30.7757
      vertex 36.0429 -69.3041 -28.2656
      vertex 36.0512 -69.831 -30.7771
    endloop
  endfacet
  facet normal -0.629326 0.760145 -0.161645
    outer loop
      vertex 36.0203 -67.8791 -21.4734
      vertex 35.9256 -68.1101 -22.191
      vertex 35.9256 -67.9541 -21.4574
    endloop
  endfacet
  facet normal -0.629398 0.760091 -0.161618
    outer loop
      vertex 35.9256 -68.1101 -22.191
      vertex 36.0203 -67.8791 -21.4734
      vertex 36.0228 -68.0331 -22.2074
    endloop
  endfacet
  facet normal -0.0521861 0.976814 -0.207632
    outer loop
      vertex 34.9324 -65.496 -8.10146
      vertex 34.8359 -66.5405 -12.9911
      vertex 34.815 -65.502 -8.10018
    endloop
  endfacet
  facet normal -0.0529767 0.976776 -0.207608
    outer loop
      vertex 34.8359 -66.5405 -12.9911
      vertex 34.9324 -65.496 -8.10146
      vertex 34.9324 -66.5355 -12.9922
    endloop
  endfacet
  facet normal -0.0527281 0.976783 -0.207641
    outer loop
      vertex 34.9591 -68.317 -21.3803
      vertex 34.8749 -68.4773 -22.113
      vertex 34.8718 -68.3215 -21.3793
    endloop
  endfacet
  facet normal -0.0521044 0.9768 -0.207717
    outer loop
      vertex 34.8749 -68.4773 -22.113
      vertex 34.9591 -68.317 -21.3803
      vertex 34.9591 -68.473 -22.1139
    endloop
  endfacet
  facet normal -0.0517794 0.976836 -0.207632
    outer loop
      vertex 34.9591 -69.7676 -28.2046
      vertex 34.9116 -70.3031 -30.7121
      vertex 34.9009 -69.7706 -28.2042
    endloop
  endfacet
  facet normal -0.0531571 0.97677 -0.207591
    outer loop
      vertex 34.9116 -70.3031 -30.7121
      vertex 34.9591 -69.7676 -28.2046
      vertex 34.9591 -70.3006 -30.7125
    endloop
  endfacet
  facet normal -0.777507 -0.615124 0.130788
    outer loop
      vertex 36.315 -44.2833 -27.2556
      vertex 36.368 -44.1914 -26.5083
      vertex 36.313 -44.1249 -26.5225
    endloop
  endfacet
  facet normal -0.77705 -0.615694 0.130825
    outer loop
      vertex 36.368 -44.1914 -26.5083
      vertex 36.315 -44.2833 -27.2556
      vertex 36.368 -44.3473 -27.242
    endloop
  endfacet
  facet normal -0.777553 -0.615079 0.130725
    outer loop
      vertex 36.3336 -45.772 -34.1492
      vertex 36.368 -45.2951 -31.7007
      vertex 36.327 -45.2448 -31.7079
    endloop
  endfacet
  facet normal -0.778027 -0.614503 0.130619
    outer loop
      vertex 36.368 -45.2951 -31.7007
      vertex 36.3336 -45.772 -34.1492
      vertex 36.368 -45.8143 -34.1433
    endloop
  endfacet
  facet normal -0.70689 0.691873 -0.147032
    outer loop
      vertex 36.2363 -67.8364 -22.2492
      vertex 36.1745 -67.7409 -21.5027
      vertex 36.2363 -67.6805 -21.5156
    endloop
  endfacet
  facet normal -0.707131 0.691629 -0.147021
    outer loop
      vertex 36.1745 -67.7409 -21.5027
      vertex 36.2363 -67.8364 -22.2492
      vertex 36.1767 -67.8947 -22.2368
    endloop
  endfacet
  facet normal -0.70716 0.691604 -0.146999
    outer loop
      vertex 36.2363 -69.6524 -30.7928
      vertex 36.195 -69.1602 -28.2784
      vertex 36.2363 -69.1188 -28.2823
    endloop
  endfacet
  facet normal -0.707169 0.691595 -0.146997
    outer loop
      vertex 36.195 -69.1602 -28.2784
      vertex 36.2363 -69.6524 -30.7928
      vertex 36.2026 -69.6862 -30.7897
    endloop
  endfacet
  facet normal -0.628831 0.76054 -0.16171
    outer loop
      vertex 36.0883 -67.8253 -21.4848
      vertex 36.0228 -68.0331 -22.2074
      vertex 36.0203 -67.8791 -21.4734
    endloop
  endfacet
  facet normal -0.629407 0.760102 -0.161532
    outer loop
      vertex 36.0228 -68.0331 -22.2074
      vertex 36.0883 -67.8253 -21.4848
      vertex 36.0883 -67.9812 -22.2184
    endloop
  endfacet
  facet normal -0.628837 0.76055 -0.161638
    outer loop
      vertex 36.0883 -69.2672 -28.2686
      vertex 36.0512 -69.831 -30.7771
      vertex 36.0429 -69.3041 -28.2656
    endloop
  endfacet
  facet normal -0.628031 0.761184 -0.161792
    outer loop
      vertex 36.0512 -69.831 -30.7771
      vertex 36.0883 -69.2672 -28.2686
      vertex 36.0883 -69.8009 -30.7795
    endloop
  endfacet
  facet normal -0.965994 -0.252911 0.0537719
    outer loop
      vertex 36.6845 -45.0108 -27.1009
      vertex 36.7063 -44.9345 -26.3504
      vertex 36.6837 -44.8519 -26.3679
    endloop
  endfacet
  facet normal -0.966016 -0.25283 0.0537642
    outer loop
      vertex 36.7063 -44.9345 -26.3504
      vertex 36.6845 -45.0108 -27.1009
      vertex 36.7063 -45.0905 -27.084
    endloop
  endfacet
  facet normal -0.966019 -0.252823 0.0537377
    outer loop
      vertex 36.6922 -46.5162 -34.045
      vertex 36.7063 -46.0489 -31.593
      vertex 36.6895 -45.9866 -31.6019
    endloop
  endfacet
  facet normal -0.966016 -0.252833 0.0537396
    outer loop
      vertex 36.7063 -46.0489 -31.593
      vertex 36.6922 -46.5162 -34.045
      vertex 36.7063 -46.5685 -34.0376
    endloop
  endfacet
  facet normal 0.0523235 -0.976807 0.207632
    outer loop
      vertex 13.1268 -41.6084 -18.2906
      vertex 13.25 -40.5625 -13.4012
      vertex 13.1059 -40.5699 -13.3997
    endloop
  endfacet
  facet normal 0.0523098 -0.976807 0.207632
    outer loop
      vertex 13.25 -40.5625 -13.4012
      vertex 13.1268 -41.6084 -18.2906
      vertex 13.25 -41.6021 -18.292
    endloop
  endfacet
  facet normal 0.0527281 -0.976804 0.207541
    outer loop
      vertex 13.1658 -43.5452 -27.4124
      vertex 13.25 -43.385 -26.6798
      vertex 13.1627 -43.3895 -26.6788
    endloop
  endfacet
  facet normal 0.0523502 -0.976815 0.207586
    outer loop
      vertex 13.25 -43.385 -26.6798
      vertex 13.1658 -43.5452 -27.4124
      vertex 13.25 -43.5409 -27.4134
    endloop
  endfacet
  facet normal 0.0524494 -0.976808 0.207593
    outer loop
      vertex 13.1951 -44.9986 -34.2576
      vertex 13.25 -44.4771 -31.8176
      vertex 13.1847 -44.4805 -31.8171
    endloop
  endfacet
  facet normal 0.0513344 -0.97686 0.207629
    outer loop
      vertex 13.25 -44.4771 -31.8176
      vertex 13.1951 -44.9986 -34.2576
      vertex 13.25 -44.9958 -34.258
    endloop
  endfacet
  facet normal -0.0523235 -0.976807 0.207632
    outer loop
      vertex 34.75 -40.5625 -13.4012
      vertex 34.8732 -41.6084 -18.2906
      vertex 34.8941 -40.5699 -13.3997
    endloop
  endfacet
  facet normal -0.0523098 -0.976807 0.207632
    outer loop
      vertex 34.8732 -41.6084 -18.2906
      vertex 34.75 -40.5625 -13.4012
      vertex 34.75 -41.6021 -18.292
    endloop
  endfacet
  facet normal -0.0527281 -0.976804 0.207541
    outer loop
      vertex 34.75 -43.385 -26.6798
      vertex 34.8342 -43.5452 -27.4124
      vertex 34.8373 -43.3895 -26.6788
    endloop
  endfacet
  facet normal -0.0523502 -0.976815 0.207586
    outer loop
      vertex 34.8342 -43.5452 -27.4124
      vertex 34.75 -43.385 -26.6798
      vertex 34.75 -43.5409 -27.4134
    endloop
  endfacet
  facet normal -0.0524494 -0.976808 0.207593
    outer loop
      vertex 34.75 -44.4771 -31.8176
      vertex 34.8049 -44.9986 -34.2576
      vertex 34.8153 -44.4805 -31.8171
    endloop
  endfacet
  facet normal -0.0513344 -0.97686 0.207629
    outer loop
      vertex 34.8049 -44.9986 -34.2576
      vertex 34.75 -44.4771 -31.8176
      vertex 34.75 -44.9958 -34.258
    endloop
  endfacet
  facet normal 0.838441 0.533087 -0.113288
    outer loop
      vertex 11.632 -67.5213 -21.5494
      vertex 11.5179 -67.5055 -22.3195
      vertex 11.5179 -67.3496 -21.5859
    endloop
  endfacet
  facet normal 0.83858 0.532864 -0.113313
    outer loop
      vertex 11.5179 -67.5055 -22.3195
      vertex 11.632 -67.5213 -21.5494
      vertex 11.632 -67.6773 -22.283
    endloop
  endfacet
  facet normal 0.838532 0.532947 -0.113275
    outer loop
      vertex 11.632 -68.956 -28.2989
      vertex 11.5179 -69.314 -30.8279
      vertex 11.5179 -68.7806 -28.3183
    endloop
  endfacet
  facet normal 0.838553 0.532916 -0.113271
    outer loop
      vertex 11.5179 -69.314 -30.8279
      vertex 11.632 -68.956 -28.2989
      vertex 11.632 -69.4895 -30.8089
    endloop
  endfacet
  facet normal 0.544816 -0.820233 0.174337
    outer loop
      vertex 12.0744 -41.9757 -18.2125
      vertex 12.25 -40.8246 -13.3455
      vertex 12.0744 -40.9362 -13.3218
    endloop
  endfacet
  facet normal 0.544558 -0.820394 0.174385
    outer loop
      vertex 12.25 -40.8246 -13.3455
      vertex 12.0744 -41.9757 -18.2125
      vertex 12.25 -41.8642 -18.2363
    endloop
  endfacet
  facet normal 0.544488 -0.820447 0.174356
    outer loop
      vertex 12.0744 -43.9145 -27.3339
      vertex 12.25 -43.6471 -26.624
      vertex 12.0744 -43.7586 -26.6003
    endloop
  endfacet
  facet normal 0.544558 -0.820407 0.174324
    outer loop
      vertex 12.25 -43.6471 -26.624
      vertex 12.0744 -43.9145 -27.3339
      vertex 12.25 -43.803 -27.3577
    endloop
  endfacet
  facet normal 0.544836 -0.820222 0.174325
    outer loop
      vertex 12.0744 -45.375 -34.2049
      vertex 12.25 -44.7429 -31.7796
      vertex 12.0744 -44.8561 -31.7634
    endloop
  endfacet
  facet normal 0.544556 -0.820394 0.17439
    outer loop
      vertex 12.25 -44.7429 -31.7796
      vertex 12.0744 -45.375 -34.2049
      vertex 12.25 -45.2618 -34.2207
    endloop
  endfacet
  facet normal 0.051861 0.97683 -0.20764
    outer loop
      vertex 13.25 -66.5449 -12.9902
      vertex 13.185 -65.502 -8.10018
      vertex 13.25 -65.5053 -8.09947
    endloop
  endfacet
  facet normal 0.0522101 0.976813 -0.207632
    outer loop
      vertex 13.185 -65.502 -8.10018
      vertex 13.25 -66.5449 -12.9902
      vertex 13.1641 -66.5405 -12.9911
    endloop
  endfacet
  facet normal 0.0519396 0.976809 -0.207718
    outer loop
      vertex 13.25 -68.4837 -22.1116
      vertex 13.1282 -68.3215 -21.3793
      vertex 13.25 -68.3277 -21.378
    endloop
  endfacet
  facet normal 0.0523797 0.976801 -0.207643
    outer loop
      vertex 13.1282 -68.3215 -21.3793
      vertex 13.25 -68.4837 -22.1116
      vertex 13.1251 -68.4773 -22.113
    endloop
  endfacet
  facet normal 0.0526511 0.976795 -0.207605
    outer loop
      vertex 13.25 -70.3115 -30.7109
      vertex 13.0991 -69.7706 -28.2042
      vertex 13.25 -69.7785 -28.2031
    endloop
  endfacet
  facet normal 0.0523165 0.976808 -0.207628
    outer loop
      vertex 13.0991 -69.7706 -28.2042
      vertex 13.25 -70.3115 -30.7109
      vertex 13.0884 -70.3031 -30.7121
    endloop
  endfacet
  facet normal -0.051861 0.97683 -0.20764
    outer loop
      vertex 34.815 -65.502 -8.10018
      vertex 34.75 -66.5449 -12.9902
      vertex 34.75 -65.5053 -8.09947
    endloop
  endfacet
  facet normal -0.0522101 0.976813 -0.207632
    outer loop
      vertex 34.75 -66.5449 -12.9902
      vertex 34.815 -65.502 -8.10018
      vertex 34.8359 -66.5405 -12.9911
    endloop
  endfacet
  facet normal -0.0519396 0.976809 -0.207718
    outer loop
      vertex 34.8718 -68.3215 -21.3793
      vertex 34.75 -68.4837 -22.1116
      vertex 34.75 -68.3277 -21.378
    endloop
  endfacet
  facet normal -0.0523797 0.976801 -0.207643
    outer loop
      vertex 34.75 -68.4837 -22.1116
      vertex 34.8718 -68.3215 -21.3793
      vertex 34.8749 -68.4773 -22.113
    endloop
  endfacet
  facet normal -0.0526511 0.976795 -0.207605
    outer loop
      vertex 34.9009 -69.7706 -28.2042
      vertex 34.75 -70.3115 -30.7109
      vertex 34.75 -69.7785 -28.2031
    endloop
  endfacet
  facet normal -0.0523165 0.976808 -0.207628
    outer loop
      vertex 34.75 -70.3115 -30.7109
      vertex 34.9009 -69.7706 -28.2042
      vertex 34.9116 -70.3031 -30.7121
    endloop
  endfacet
  facet normal -0.156325 0.966104 -0.205442
    outer loop
      vertex 35.1658 -68.285 -21.3871
      vertex 34.9591 -68.473 -22.1139
      vertex 34.9591 -68.317 -21.3803
    endloop
  endfacet
  facet normal -0.156781 0.96606 -0.205301
    outer loop
      vertex 34.9591 -68.473 -22.1139
      vertex 35.1658 -68.285 -21.3871
      vertex 35.1658 -68.4409 -22.1207
    endloop
  endfacet
  facet normal -0.15657 0.96609 -0.205321
    outer loop
      vertex 35.1658 -69.7351 -28.2093
      vertex 34.9591 -70.3006 -30.7125
      vertex 34.9591 -69.7676 -28.2046
    endloop
  endfacet
  facet normal -0.156376 0.966116 -0.205344
    outer loop
      vertex 34.9591 -70.3006 -30.7125
      vertex 35.1658 -69.7351 -28.2093
      vertex 35.1658 -70.2681 -30.717
    endloop
  endfacet
  facet normal 0.0536462 -0.976742 0.207599
    outer loop
      vertex 13.0409 -41.6128 -18.2897
      vertex 13.1059 -40.5699 -13.3997
      vertex 13.0409 -40.5733 -13.3989
    endloop
  endfacet
  facet normal 0.0522101 -0.976813 0.207633
    outer loop
      vertex 13.1059 -40.5699 -13.3997
      vertex 13.0409 -41.6128 -18.2897
      vertex 13.1268 -41.6084 -18.2906
    endloop
  endfacet
  facet normal 0.0519397 -0.976836 0.207591
    outer loop
      vertex 13.0409 -43.5516 -27.4111
      vertex 13.1627 -43.3895 -26.6788
      vertex 13.0409 -43.3957 -26.6775
    endloop
  endfacet
  facet normal 0.052214 -0.976831 0.207544
    outer loop
      vertex 13.1627 -43.3895 -26.6788
      vertex 13.0409 -43.5516 -27.4111
      vertex 13.1658 -43.5452 -27.4124
    endloop
  endfacet
  facet normal 0.0518563 -0.976827 0.207653
    outer loop
      vertex 13.0409 -45.0067 -34.2565
      vertex 13.1847 -44.4805 -31.8171
      vertex 13.0409 -44.4879 -31.816
    endloop
  endfacet
  facet normal 0.0527909 -0.97679 0.20759
    outer loop
      vertex 13.1847 -44.4805 -31.8171
      vertex 13.0409 -45.0067 -34.2565
      vertex 13.1951 -44.9986 -34.2576
    endloop
  endfacet
  facet normal 0.707465 0.691299 -0.146967
    outer loop
      vertex 11.7974 -69.6862 -30.7897
      vertex 11.8055 -69.1606 -28.2784
      vertex 11.9117 -69.2672 -28.2686
    endloop
  endfacet
  facet normal 0.616317 0.770396 -0.163227
    outer loop
      vertex 11.8055 -69.1606 -28.2784
      vertex 11.7974 -69.6862 -30.7897
      vertex 11.805 -69.1602 -28.2784
    endloop
  endfacet
  facet normal 0.707151 0.691612 -0.147004
    outer loop
      vertex 11.7974 -69.6862 -30.7897
      vertex 11.9117 -69.2672 -28.2686
      vertex 11.9117 -69.8009 -30.7795
    endloop
  endfacet
  facet normal 0.707424 0.691342 -0.146962
    outer loop
      vertex 11.9117 -67.8253 -21.4848
      vertex 11.8233 -67.8947 -22.2368
      vertex 11.8255 -67.7409 -21.5027
    endloop
  endfacet
  facet normal 0.707248 0.691523 -0.146958
    outer loop
      vertex 11.8233 -67.8947 -22.2368
      vertex 11.9117 -67.8253 -21.4848
      vertex 11.9117 -67.9812 -22.2184
    endloop
  endfacet
  facet normal 0.357768 0.913413 -0.194113
    outer loop
      vertex 12.632 -68.3879 -22.132
      vertex 12.5181 -68.1893 -21.4074
      vertex 12.632 -68.232 -21.3984
    endloop
  endfacet
  facet normal 0.357958 0.913348 -0.194065
    outer loop
      vertex 12.5181 -68.1893 -21.4074
      vertex 12.632 -68.3879 -22.132
      vertex 12.5152 -68.3441 -22.1413
    endloop
  endfacet
  facet normal 0.358162 0.913257 -0.194116
    outer loop
      vertex 12.632 -70.2143 -30.7245
      vertex 12.4909 -69.6276 -28.2246
      vertex 12.632 -69.6813 -28.2169
    endloop
  endfacet
  facet normal 0.357968 0.913328 -0.194144
    outer loop
      vertex 12.4909 -69.6276 -28.2246
      vertex 12.632 -70.2143 -30.7245
      vertex 12.4809 -70.1568 -30.7326
    endloop
  endfacet
  facet normal 0.77732 0.615346 -0.130853
    outer loop
      vertex 11.7087 -67.614 -21.5297
      vertex 11.632 -67.6773 -22.283
      vertex 11.632 -67.5213 -21.5494
    endloop
  endfacet
  facet normal 0.776948 0.615816 -0.130855
    outer loop
      vertex 11.632 -67.6773 -22.283
      vertex 11.7087 -67.614 -21.5297
      vertex 11.7107 -67.7723 -22.2628
    endloop
  endfacet
  facet normal 0.777251 0.615442 -0.130812
    outer loop
      vertex 11.7269 -69.0733 -28.2869
      vertex 11.632 -69.4895 -30.8089
      vertex 11.632 -68.956 -28.2989
    endloop
  endfacet
  facet normal 0.777056 0.615681 -0.130844
    outer loop
      vertex 11.632 -69.4895 -30.8089
      vertex 11.7269 -69.0733 -28.2869
      vertex 11.7337 -69.6152 -30.7964
    endloop
  endfacet
  facet normal 0.777413 0.615254 -0.130732
    outer loop
      vertex 11.7637 -67.6805 -21.5156
      vertex 11.7107 -67.7723 -22.2628
      vertex 11.7087 -67.614 -21.5297
    endloop
  endfacet
  facet normal 0.777509 0.615135 -0.130724
    outer loop
      vertex 11.7107 -67.7723 -22.2628
      vertex 11.7637 -67.6805 -21.5156
      vertex 11.7637 -67.8364 -22.2492
    endloop
  endfacet
  facet normal 0.777268 0.615425 -0.130788
    outer loop
      vertex 11.7637 -69.1188 -28.2823
      vertex 11.7337 -69.6152 -30.7964
      vertex 11.7269 -69.0733 -28.2869
    endloop
  endfacet
  facet normal 0.777881 0.61468 -0.130649
    outer loop
      vertex 11.7337 -69.6152 -30.7964
      vertex 11.7637 -69.1188 -28.2823
      vertex 11.7637 -69.6524 -30.7928
    endloop
  endfacet
  facet normal 0.631497 0.758438 -0.161193
    outer loop
      vertex 12.0744 -69.9323 -30.7641
      vertex 12.0603 -69.3881 -28.2588
      vertex 12.0744 -69.3995 -28.2572
    endloop
  endfacet
  facet normal 0.629359 0.760133 -0.161574
    outer loop
      vertex 12.0744 -69.9323 -30.7641
      vertex 11.9571 -69.3041 -28.2656
      vertex 12.0603 -69.3881 -28.2588
    endloop
  endfacet
  facet normal 0.629234 0.76023 -0.161604
    outer loop
      vertex 11.9709 -69.8491 -30.7757
      vertex 11.9571 -69.3041 -28.2656
      vertex 12.0744 -69.9323 -30.7641
    endloop
  endfacet
  facet normal 0.631423 0.758495 -0.161215
    outer loop
      vertex 11.9571 -69.3041 -28.2656
      vertex 11.9709 -69.8491 -30.7757
      vertex 11.9488 -69.831 -30.7771
    endloop
  endfacet
  facet normal 0.629326 0.760145 -0.161645
    outer loop
      vertex 12.0744 -68.1101 -22.191
      vertex 11.9797 -67.8791 -21.4734
      vertex 12.0744 -67.9541 -21.4574
    endloop
  endfacet
  facet normal 0.629398 0.760091 -0.161618
    outer loop
      vertex 11.9797 -67.8791 -21.4734
      vertex 12.0744 -68.1101 -22.191
      vertex 11.9772 -68.0331 -22.2074
    endloop
  endfacet
  facet normal 0.998611 -0.0515317 0.0109541
    outer loop
      vertex 11.25 -42.5188 -12.9854
      vertex 11.2565 -43.4379 -17.9017
      vertex 11.2576 -42.3779 -13.0154
    endloop
  endfacet
  facet normal 0.998611 -0.0515395 0.0109556
    outer loop
      vertex 11.2565 -43.4379 -17.9017
      vertex 11.25 -42.5188 -12.9854
      vertex 11.25 -43.5584 -17.8761
    endloop
  endfacet
  facet normal 0.998615 -0.0514681 0.0108933
    outer loop
      vertex 11.25 -45.3413 -26.2639
      vertex 11.2544 -45.4149 -27.015
      vertex 11.2546 -45.2559 -26.2821
    endloop
  endfacet
  facet normal 0.998635 -0.0510817 0.0108556
    outer loop
      vertex 11.2544 -45.4149 -27.015
      vertex 11.25 -45.3413 -26.2639
      vertex 11.25 -45.4972 -26.9975
    endloop
  endfacet
  facet normal 0.998627 -0.0512489 0.0108723
    outer loop
      vertex 11.25 -46.4615 -31.5341
      vertex 11.2528 -46.9274 -33.9874
      vertex 11.2534 -46.3972 -31.5433
    endloop
  endfacet
  facet normal 0.998673 -0.0503697 0.0107054
    outer loop
      vertex 11.2528 -46.9274 -33.9874
      vertex 11.25 -46.4615 -31.5341
      vertex 11.25 -46.9813 -33.9798
    endloop
  endfacet
  facet normal 1 0 0
    outer loop
      vertex 11.25 -42.5188 -12.9854
      vertex 11.25 -45.009 -16.4944
      vertex 11.25 -43.5584 -17.8761
    endloop
  endfacet
  facet normal 1 0 0
    outer loop
      vertex 11.25 -63.549 -8.5153
      vertex 11.25 -45.009 -16.4944
      vertex 11.25 -42.5188 -12.9854
    endloop
  endfacet
  facet normal 1 0 0
    outer loop
      vertex 11.25 -45.009 -16.4944
      vertex 11.25 -63.549 -8.5153
      vertex 11.25 -63.5149 -12.5608
    endloop
  endfacet
  facet normal 1 0 0
    outer loop
      vertex 11.25 -64.5886 -13.406
      vertex 11.25 -63.5149 -12.5608
      vertex 11.25 -63.549 -8.5153
    endloop
  endfacet
  facet normal 1 0 0
    outer loop
      vertex 11.25 -63.5149 -12.5608
      vertex 11.25 -64.5886 -13.406
      vertex 11.25 -63.7332 -13.5879
    endloop
  endfacet
  facet normal 1 0 0
    outer loop
      vertex 11.25 -43.5584 -17.8761
      vertex 11.25 -45.009 -16.4944
      vertex 11.25 -45.2273 -17.5214
    endloop
  endfacet
  facet normal 1 0 0
    outer loop
      vertex 11.25 -46.7 -31.5
      vertex 11.25 -46.9813 -33.9798
      vertex 11.25 -46.4615 -31.5341
    endloop
  endfacet
  facet normal 1 0 0
    outer loop
      vertex 11.25 -46.7 -31.5
      vertex 11.25 -47.4631 -33.9123
      vertex 11.25 -46.9813 -33.9798
    endloop
  endfacet
  facet normal 1 0 0
    outer loop
      vertex 11.25 -60.0619 -29.5661
      vertex 11.25 -47.4631 -33.9123
      vertex 11.25 -46.7 -31.5
    endloop
  endfacet
  facet normal 1 0 0
    outer loop
      vertex 11.25 -68.3187 -30.9549
      vertex 11.25 -60.0619 -29.5661
      vertex 11.25 -67.7859 -28.4483
    endloop
  endfacet
  facet normal 1 0 0
    outer loop
      vertex 11.25 -60.0619 -29.5661
      vertex 11.25 -68.3187 -30.9549
      vertex 11.25 -47.4631 -33.9123
    endloop
  endfacet
  facet normal 1 0 0
    outer loop
      vertex 11.25 -66.3715 -21.7938
      vertex 11.25 -45.4972 -26.9975
      vertex 11.25 -45.3413 -26.2639
    endloop
  endfacet
  facet normal 1 0 0
    outer loop
      vertex 11.25 -45.4972 -26.9975
      vertex 11.25 -66.3715 -21.7938
      vertex 11.25 -66.5274 -22.5274
    endloop
  endfacet
  facet normal 0.987765 0.152542 -0.0324248
    outer loop
      vertex 11.2835 -63.8929 -8.44221
      vertex 11.261 -64.7931 -13.3626
      vertex 11.261 -63.7535 -8.47183
    endloop
  endfacet
  facet normal 0.987798 0.152335 -0.0323871
    outer loop
      vertex 11.261 -64.7931 -13.3626
      vertex 11.2835 -63.8929 -8.44221
      vertex 11.2802 -64.9122 -13.3372
    endloop
  endfacet
  facet normal 0.987836 0.152099 -0.0323439
    outer loop
      vertex 11.2746 -66.6604 -21.7324
      vertex 11.261 -66.7319 -22.484
      vertex 11.261 -66.5759 -21.7504
    endloop
  endfacet
  facet normal 0.987835 0.152102 -0.0323441
    outer loop
      vertex 11.261 -66.7319 -22.484
      vertex 11.2746 -66.6604 -21.7324
      vertex 11.2741 -66.8133 -22.4667
    endloop
  endfacet
  facet normal 0.987686 0.153029 -0.0325247
    outer loop
      vertex 11.2702 -68.0511 -28.4109
      vertex 11.261 -68.5263 -30.9261
      vertex 11.261 -67.9934 -28.4188
    endloop
  endfacet
  facet normal 0.987801 0.152314 -0.03239
    outer loop
      vertex 11.261 -68.5263 -30.9261
      vertex 11.2702 -68.0511 -28.4109
      vertex 11.2685 -68.5736 -30.9198
    endloop
  endfacet
  facet normal 0.156325 0.966104 -0.205442
    outer loop
      vertex 13.0409 -68.473 -22.1139
      vertex 12.8342 -68.285 -21.3871
      vertex 13.0409 -68.317 -21.3803
    endloop
  endfacet
  facet normal 0.156781 0.96606 -0.205301
    outer loop
      vertex 12.8342 -68.285 -21.3871
      vertex 13.0409 -68.473 -22.1139
      vertex 12.8342 -68.4409 -22.1207
    endloop
  endfacet
  facet normal 0.15657 0.96609 -0.205321
    outer loop
      vertex 13.0409 -70.3006 -30.7125
      vertex 12.8342 -69.7351 -28.2093
      vertex 13.0409 -69.7676 -28.2046
    endloop
  endfacet
  facet normal 0.156376 0.966116 -0.205344
    outer loop
      vertex 12.8342 -69.7351 -28.2093
      vertex 13.0409 -70.3006 -30.7125
      vertex 12.8342 -70.2681 -30.717
    endloop
  endfacet
  facet normal 0.0521861 0.976814 -0.207632
    outer loop
      vertex 13.1641 -66.5405 -12.9911
      vertex 13.0676 -65.496 -8.10146
      vertex 13.185 -65.502 -8.10018
    endloop
  endfacet
  facet normal 0.0529767 0.976776 -0.207608
    outer loop
      vertex 13.0676 -65.496 -8.10146
      vertex 13.1641 -66.5405 -12.9911
      vertex 13.0676 -66.5355 -12.9922
    endloop
  endfacet
  facet normal 0.0527281 0.976783 -0.207641
    outer loop
      vertex 13.1251 -68.4773 -22.113
      vertex 13.0409 -68.317 -21.3803
      vertex 13.1282 -68.3215 -21.3793
    endloop
  endfacet
  facet normal 0.0521044 0.9768 -0.207717
    outer loop
      vertex 13.0409 -68.317 -21.3803
      vertex 13.1251 -68.4773 -22.113
      vertex 13.0409 -68.473 -22.1139
    endloop
  endfacet
  facet normal 0.0517794 0.976836 -0.207632
    outer loop
      vertex 13.0884 -70.3031 -30.7121
      vertex 13.0409 -69.7676 -28.2046
      vertex 13.0991 -69.7706 -28.2042
    endloop
  endfacet
  facet normal 0.0531571 0.97677 -0.207591
    outer loop
      vertex 13.0409 -69.7676 -28.2046
      vertex 13.0884 -70.3031 -30.7121
      vertex 13.0409 -70.3006 -30.7125
    endloop
  endfacet
  facet normal -0.998554 -0.0525795 0.0111766
    outer loop
      vertex 36.739 -43.3539 -17.9196
      vertex 36.7425 -42.3779 -13.0154
      vertex 36.739 -42.3143 -13.0289
    endloop
  endfacet
  facet normal -0.99863 -0.0511759 0.0108974
    outer loop
      vertex 36.7425 -42.3779 -13.0154
      vertex 36.739 -43.3539 -17.9196
      vertex 36.7435 -43.4379 -17.9017
    endloop
  endfacet
  facet normal -0.998621 -0.0513444 0.0109114
    outer loop
      vertex 36.739 -45.2927 -27.041
      vertex 36.7454 -45.2559 -26.2821
      vertex 36.739 -45.1368 -26.3074
    endloop
  endfacet
  facet normal -0.998608 -0.0516103 0.0109242
    outer loop
      vertex 36.7454 -45.2559 -26.2821
      vertex 36.739 -45.2927 -27.041
      vertex 36.7456 -45.4149 -27.015
    endloop
  endfacet
  facet normal -0.998616 -0.0514413 0.0109354
    outer loop
      vertex 36.739 -46.7738 -34.0089
      vertex 36.7466 -46.3972 -31.5433
      vertex 36.739 -46.254 -31.5637
    endloop
  endfacet
  facet normal -0.998598 -0.0517728 0.010986
    outer loop
      vertex 36.7466 -46.3972 -31.5433
      vertex 36.739 -46.7738 -34.0089
      vertex 36.7472 -46.9274 -33.9874
    endloop
  endfacet
  facet normal -0.998648 -0.050852 0.0108271
    outer loop
      vertex 36.7435 -43.4379 -17.9017
      vertex 36.75 -42.5188 -12.9854
      vertex 36.7425 -42.3779 -13.0154
    endloop
  endfacet
  facet normal -0.998611 -0.0515395 0.0109556
    outer loop
      vertex 36.75 -42.5188 -12.9854
      vertex 36.7435 -43.4379 -17.9017
      vertex 36.75 -43.5584 -17.8761
    endloop
  endfacet
  facet normal -0.998615 -0.0514681 0.0108933
    outer loop
      vertex 36.7456 -45.4149 -27.015
      vertex 36.75 -45.3413 -26.2639
      vertex 36.7454 -45.2559 -26.2821
    endloop
  endfacet
  facet normal -0.998635 -0.0510817 0.0108556
    outer loop
      vertex 36.75 -45.3413 -26.2639
      vertex 36.7456 -45.4149 -27.015
      vertex 36.75 -45.4972 -26.9975
    endloop
  endfacet
  facet normal -0.998627 -0.0512489 0.0108723
    outer loop
      vertex 36.7472 -46.9274 -33.9874
      vertex 36.75 -46.4615 -31.5341
      vertex 36.7466 -46.3972 -31.5433
    endloop
  endfacet
  facet normal -0.998673 -0.0503697 0.0107054
    outer loop
      vertex 36.75 -46.4615 -31.5341
      vertex 36.7472 -46.9274 -33.9874
      vertex 36.75 -46.9813 -33.9798
    endloop
  endfacet
  facet normal -0.357843 -0.913378 0.194135
    outer loop
      vertex 35.5027 -40.7089 -13.3701
      vertex 35.5635 -41.7712 -18.256
      vertex 35.5635 -40.7317 -13.3653
    endloop
  endfacet
  facet normal -0.357847 -0.913377 0.194135
    outer loop
      vertex 35.5635 -41.7712 -18.256
      vertex 35.5027 -40.7089 -13.3701
      vertex 35.4832 -41.7411 -18.2624
    endloop
  endfacet
  facet normal -0.357916 -0.913357 0.194101
    outer loop
      vertex 35.4496 -43.5114 -26.6529
      vertex 35.5635 -43.71 -27.3774
      vertex 35.5635 -43.5541 -26.6438
    endloop
  endfacet
  facet normal -0.357958 -0.913343 0.19409
    outer loop
      vertex 35.5635 -43.71 -27.3774
      vertex 35.4496 -43.5114 -26.6529
      vertex 35.4467 -43.6662 -27.3867
    endloop
  endfacet
  facet normal -0.358414 -0.913163 0.194096
    outer loop
      vertex 35.4291 -44.5974 -31.8004
      vertex 35.5635 -45.1674 -34.2339
      vertex 35.5635 -44.6486 -31.7931
    endloop
  endfacet
  facet normal -0.358074 -0.913286 0.194143
    outer loop
      vertex 35.5635 -45.1674 -34.2339
      vertex 35.4291 -44.5974 -31.8004
      vertex 35.4193 -45.1125 -34.2416
    endloop
  endfacet
  facet normal -0.454052 -0.871507 0.185238
    outer loop
      vertex 35.5635 -40.7317 -13.3653
      vertex 35.6401 -41.8094 -18.2479
      vertex 35.6215 -40.7606 -13.3591
    endloop
  endfacet
  facet normal -0.454172 -0.871447 0.185223
    outer loop
      vertex 35.6401 -41.8094 -18.2479
      vertex 35.5635 -40.7317 -13.3653
      vertex 35.5635 -41.7712 -18.256
    endloop
  endfacet
  facet normal -0.453823 -0.871601 0.185353
    outer loop
      vertex 35.5635 -43.5541 -26.6438
      vertex 35.6749 -43.7656 -27.3656
      vertex 35.6721 -43.6082 -26.6323
    endloop
  endfacet
  facet normal -0.454481 -0.871299 0.185163
    outer loop
      vertex 35.6749 -43.7656 -27.3656
      vertex 35.5635 -43.5541 -26.6438
      vertex 35.5635 -43.71 -27.3774
    endloop
  endfacet
  facet normal -0.45423 -0.871422 0.185201
    outer loop
      vertex 35.5635 -44.6486 -31.7931
      vertex 35.7011 -45.237 -34.2242
      vertex 35.6918 -44.7135 -31.7838
    endloop
  endfacet
  facet normal -0.453914 -0.871575 0.185256
    outer loop
      vertex 35.7011 -45.237 -34.2242
      vertex 35.5635 -44.6486 -31.7931
      vertex 35.5635 -45.1674 -34.2339
    endloop
  endfacet
  facet normal -0.358569 -0.913105 0.19408
    outer loop
      vertex 35.368 -40.6583 -13.3809
      vertex 35.4832 -41.7411 -18.2624
      vertex 35.5027 -40.7089 -13.3701
    endloop
  endfacet
  facet normal -0.358689 -0.913061 0.194068
    outer loop
      vertex 35.4832 -41.7411 -18.2624
      vertex 35.368 -40.6583 -13.3809
      vertex 35.368 -41.6978 -18.2716
    endloop
  endfacet
  facet normal -0.358939 -0.912974 0.194016
    outer loop
      vertex 35.368 -43.4807 -26.6594
      vertex 35.4467 -43.6662 -27.3867
      vertex 35.4496 -43.5114 -26.6529
    endloop
  endfacet
  facet normal -0.357904 -0.913336 0.194221
    outer loop
      vertex 35.4467 -43.6662 -27.3867
      vertex 35.368 -43.4807 -26.6594
      vertex 35.368 -43.6367 -27.393
    endloop
  endfacet
  facet normal -0.357369 -0.913551 0.194196
    outer loop
      vertex 35.368 -44.5742 -31.8037
      vertex 35.4193 -45.1125 -34.2416
      vertex 35.4291 -44.5974 -31.8004
    endloop
  endfacet
  facet normal -0.357794 -0.913394 0.194153
    outer loop
      vertex 35.4193 -45.1125 -34.2416
      vertex 35.368 -44.5742 -31.8037
      vertex 35.368 -45.093 -34.2444
    endloop
  endfacet
  facet normal -0.965786 -0.253676 0.0539095
    outer loop
      vertex 36.6521 -44.8927 -27.126
      vertex 36.6837 -44.8519 -26.3679
      vertex 36.6521 -44.7368 -26.3924
    endloop
  endfacet
  facet normal -0.965829 -0.253513 0.0539026
    outer loop
      vertex 36.6837 -44.8519 -26.3679
      vertex 36.6521 -44.8927 -27.126
      vertex 36.6845 -45.0108 -27.1009
    endloop
  endfacet
  facet normal -0.96584 -0.253476 0.0538769
    outer loop
      vertex 36.6521 -46.3678 -34.0658
      vertex 36.6895 -45.9866 -31.6019
      vertex 36.6521 -45.8483 -31.6217
    endloop
  endfacet
  facet normal -0.965851 -0.253437 0.0538711
    outer loop
      vertex 36.6895 -45.9866 -31.6019
      vertex 36.6521 -46.3678 -34.0658
      vertex 36.6922 -46.5162 -34.045
    endloop
  endfacet
  facet normal -0.259273 0.944709 -0.200753
    outer loop
      vertex 35.368 -68.232 -21.3984
      vertex 35.2472 -68.4196 -22.1252
      vertex 35.2503 -68.2629 -21.3918
    endloop
  endfacet
  facet normal -0.259213 0.944723 -0.200767
    outer loop
      vertex 35.2472 -68.4196 -22.1252
      vertex 35.368 -68.232 -21.3984
      vertex 35.368 -68.3879 -22.132
    endloop
  endfacet
  facet normal -0.25883 0.944814 -0.200829
    outer loop
      vertex 35.368 -69.6813 -28.2169
      vertex 35.2117 -70.2559 -30.7187
      vertex 35.2221 -69.7201 -28.2114
    endloop
  endfacet
  facet normal -0.258913 0.944794 -0.20082
    outer loop
      vertex 35.2117 -70.2559 -30.7187
      vertex 35.368 -69.6813 -28.2169
      vertex 35.368 -70.2143 -30.7245
    endloop
  endfacet
  facet normal -0.258313 0.944959 -0.200817
    outer loop
      vertex 35.2503 -68.2629 -21.3918
      vertex 35.1658 -68.4409 -22.1207
      vertex 35.1658 -68.285 -21.3871
    endloop
  endfacet
  facet normal -0.258366 0.944946 -0.200807
    outer loop
      vertex 35.1658 -68.4409 -22.1207
      vertex 35.2503 -68.2629 -21.3918
      vertex 35.2472 -68.4196 -22.1252
    endloop
  endfacet
  facet normal -0.259192 0.944722 -0.200796
    outer loop
      vertex 35.2221 -69.7201 -28.2114
      vertex 35.1658 -70.2681 -30.717
      vertex 35.1658 -69.7351 -28.2093
    endloop
  endfacet
  facet normal -0.258583 0.944879 -0.200844
    outer loop
      vertex 35.1658 -70.2681 -30.717
      vertex 35.2221 -69.7201 -28.2114
      vertex 35.2117 -70.2559 -30.7187
    endloop
  endfacet
  facet normal -0.544816 0.820238 -0.174312
    outer loop
      vertex 35.9256 -67.9541 -21.4574
      vertex 35.75 -68.2216 -22.1673
      vertex 35.75 -68.0657 -21.4337
    endloop
  endfacet
  facet normal -0.544488 0.820424 -0.174463
    outer loop
      vertex 35.75 -68.2216 -22.1673
      vertex 35.9256 -67.9541 -21.4574
      vertex 35.9256 -68.1101 -22.191
    endloop
  endfacet
  facet normal -0.544437 0.820472 -0.174397
    outer loop
      vertex 35.9256 -69.3995 -28.2572
      vertex 35.75 -70.0455 -30.7482
      vertex 35.75 -69.5126 -28.2411
    endloop
  endfacet
  facet normal -0.544627 0.820355 -0.174353
    outer loop
      vertex 35.75 -70.0455 -30.7482
      vertex 35.9256 -69.3995 -28.2572
      vertex 35.9256 -69.9323 -30.7641
    endloop
  endfacet
  facet normal 0.777507 -0.615124 0.130788
    outer loop
      vertex 11.632 -44.1914 -26.5083
      vertex 11.685 -44.2833 -27.2556
      vertex 11.687 -44.1249 -26.5225
    endloop
  endfacet
  facet normal 0.77705 -0.615694 0.130825
    outer loop
      vertex 11.685 -44.2833 -27.2556
      vertex 11.632 -44.1914 -26.5083
      vertex 11.632 -44.3473 -27.242
    endloop
  endfacet
  facet normal 0.777553 -0.615079 0.130725
    outer loop
      vertex 11.632 -45.2951 -31.7007
      vertex 11.6664 -45.772 -34.1492
      vertex 11.673 -45.2448 -31.7079
    endloop
  endfacet
  facet normal 0.778027 -0.614503 0.130619
    outer loop
      vertex 11.6664 -45.772 -34.1492
      vertex 11.632 -45.2951 -31.7007
      vertex 11.632 -45.8143 -34.1433
    endloop
  endfacet
  facet normal 0.891439 -0.443232 0.0942405
    outer loop
      vertex 11.4783 -44.4393 -26.4556
      vertex 11.5179 -44.5191 -27.2055
      vertex 11.5179 -44.3631 -26.4718
    endloop
  endfacet
  facet normal 0.891223 -0.44366 0.0942745
    outer loop
      vertex 11.5179 -44.5191 -27.2055
      vertex 11.4783 -44.4393 -26.4556
      vertex 11.4797 -44.5925 -27.1898
    endloop
  endfacet
  facet normal 0.891478 -0.443163 0.0941977
    outer loop
      vertex 11.4884 -45.5269 -31.6676
      vertex 11.5179 -45.9886 -34.1189
      vertex 11.5179 -45.4693 -31.6758
    endloop
  endfacet
  facet normal 0.890953 -0.444179 0.0943827
    outer loop
      vertex 11.5179 -45.9886 -34.1189
      vertex 11.4884 -45.5269 -31.6676
      vertex 11.4931 -46.0369 -34.1121
    endloop
  endfacet
  facet normal 0.358569 -0.913105 0.19408
    outer loop
      vertex 12.5168 -41.7411 -18.2624
      vertex 12.632 -40.6583 -13.3809
      vertex 12.4973 -40.7089 -13.3701
    endloop
  endfacet
  facet normal 0.358689 -0.913061 0.194068
    outer loop
      vertex 12.632 -40.6583 -13.3809
      vertex 12.5168 -41.7411 -18.2624
      vertex 12.632 -41.6978 -18.2716
    endloop
  endfacet
  facet normal 0.358556 -0.913108 0.194092
    outer loop
      vertex 12.5533 -43.6662 -27.3867
      vertex 12.632 -43.4807 -26.6594
      vertex 12.5503 -43.5114 -26.6529
    endloop
  endfacet
  facet normal 0.357904 -0.913336 0.194221
    outer loop
      vertex 12.632 -43.4807 -26.6594
      vertex 12.5533 -43.6662 -27.3867
      vertex 12.632 -43.6367 -27.393
    endloop
  endfacet
  facet normal 0.357369 -0.913551 0.194196
    outer loop
      vertex 12.5807 -45.1125 -34.2416
      vertex 12.632 -44.5742 -31.8037
      vertex 12.5709 -44.5974 -31.8004
    endloop
  endfacet
  facet normal 0.357794 -0.913394 0.194153
    outer loop
      vertex 12.632 -44.5742 -31.8037
      vertex 12.5807 -45.1125 -34.2416
      vertex 12.632 -45.093 -34.2444
    endloop
  endfacet
  facet normal 0.628831 0.76054 -0.16171
    outer loop
      vertex 11.9772 -68.0331 -22.2074
      vertex 11.9117 -67.8253 -21.4848
      vertex 11.9797 -67.8791 -21.4734
    endloop
  endfacet
  facet normal 0.629407 0.760102 -0.161532
    outer loop
      vertex 11.9117 -67.8253 -21.4848
      vertex 11.9772 -68.0331 -22.2074
      vertex 11.9117 -67.9812 -22.2184
    endloop
  endfacet
  facet normal 0.628837 0.76055 -0.161638
    outer loop
      vertex 11.9488 -69.831 -30.7771
      vertex 11.9117 -69.2672 -28.2686
      vertex 11.9571 -69.3041 -28.2656
    endloop
  endfacet
  facet normal 0.628031 0.761184 -0.161792
    outer loop
      vertex 11.9117 -69.2672 -28.2686
      vertex 11.9488 -69.831 -30.7771
      vertex 11.9117 -69.8009 -30.7795
    endloop
  endfacet
  facet normal 0.544816 0.820238 -0.174312
    outer loop
      vertex 12.25 -68.2216 -22.1673
      vertex 12.0744 -67.9541 -21.4574
      vertex 12.25 -68.0657 -21.4337
    endloop
  endfacet
  facet normal 0.544488 0.820424 -0.174463
    outer loop
      vertex 12.0744 -67.9541 -21.4574
      vertex 12.25 -68.2216 -22.1673
      vertex 12.0744 -68.1101 -22.191
    endloop
  endfacet
  facet normal 0.544437 0.820472 -0.174397
    outer loop
      vertex 12.25 -70.0455 -30.7482
      vertex 12.0744 -69.3995 -28.2572
      vertex 12.25 -69.5126 -28.2411
    endloop
  endfacet
  facet normal 0.544627 0.820355 -0.174353
    outer loop
      vertex 12.0744 -69.3995 -28.2572
      vertex 12.25 -70.0455 -30.7482
      vertex 12.0744 -69.9323 -30.7641
    endloop
  endfacet
  facet normal 0.359146 0.912901 -0.193975
    outer loop
      vertex 12.5152 -68.3441 -22.1413
      vertex 12.4365 -68.1586 -21.414
      vertex 12.5181 -68.1893 -21.4074
    endloop
  endfacet
  facet normal 0.358915 0.912982 -0.194021
    outer loop
      vertex 12.4365 -68.1586 -21.414
      vertex 12.5152 -68.3441 -22.1413
      vertex 12.4365 -68.3145 -22.1476
    endloop
  endfacet
  facet normal 0.358206 0.913238 -0.194126
    outer loop
      vertex 12.4809 -70.1568 -30.7326
      vertex 12.4365 -69.6069 -28.2276
      vertex 12.4909 -69.6276 -28.2246
    endloop
  endfacet
  facet normal 0.358113 0.913272 -0.194135
    outer loop
      vertex 12.4365 -69.6069 -28.2276
      vertex 12.4809 -70.1568 -30.7326
      vertex 12.4365 -70.1399 -30.735
    endloop
  endfacet
  facet normal 0.966106 0.252505 -0.0536735
    outer loop
      vertex 11.3105 -64.0172 -8.41577
      vertex 11.2937 -64.9953 -13.3196
      vertex 11.2937 -63.9557 -8.42884
    endloop
  endfacet
  facet normal 0.965844 0.253462 -0.0538636
    outer loop
      vertex 11.2937 -64.9953 -13.3196
      vertex 11.3105 -64.0172 -8.41577
      vertex 11.316 -65.0766 -13.3023
    endloop
  endfacet
  facet normal 0.96584 0.253479 -0.0538677
    outer loop
      vertex 11.3253 -66.8934 -21.6829
      vertex 11.2937 -66.9341 -22.441
      vertex 11.2937 -66.7782 -21.7074
    endloop
  endfacet
  facet normal 0.965881 0.253322 -0.053861
    outer loop
      vertex 11.2937 -66.9341 -22.441
      vertex 11.3253 -66.8934 -21.6829
      vertex 11.3261 -67.0523 -22.4159
    endloop
  endfacet
  facet normal 0.965889 0.253298 -0.053833
    outer loop
      vertex 11.3327 -68.3435 -28.3719
      vertex 11.2937 -68.7318 -30.8987
      vertex 11.2937 -68.1988 -28.3908
    endloop
  endfacet
  facet normal 0.965855 0.253426 -0.0538522
    outer loop
      vertex 11.2937 -68.7318 -30.8987
      vertex 11.3327 -68.3435 -28.3719
      vertex 11.3355 -68.8869 -30.8789
    endloop
  endfacet
  facet normal -0.933656 -0.350347 0.0744536
    outer loop
      vertex 36.5771 -44.7015 -27.1667
      vertex 36.6084 -44.6254 -26.4161
      vertex 36.5771 -44.5456 -26.4331
    endloop
  endfacet
  facet normal -0.933662 -0.350332 0.0744523
    outer loop
      vertex 36.6084 -44.6254 -26.4161
      vertex 36.5771 -44.7015 -27.1667
      vertex 36.6073 -44.7785 -27.1503
    endloop
  endfacet
  facet normal -0.933722 -0.350175 0.0744347
    outer loop
      vertex 36.5771 -46.1737 -34.0929
      vertex 36.6004 -45.7146 -31.6408
      vertex 36.5771 -45.6543 -31.6494
    endloop
  endfacet
  facet normal -0.933601 -0.350487 0.0744918
    outer loop
      vertex 36.6004 -45.7146 -31.6408
      vertex 36.5771 -46.1737 -34.0929
      vertex 36.5967 -46.2244 -34.0858
    endloop
  endfacet
  facet normal -0.933638 0.35039 -0.074475
    outer loop
      vertex 36.6079 -65.3057 -13.2536
      vertex 36.5771 -64.3447 -8.34617
      vertex 36.6004 -64.2853 -8.3588
    endloop
  endfacet
  facet normal -0.933756 0.350088 -0.0744166
    outer loop
      vertex 36.5771 -64.3447 -8.34617
      vertex 36.6079 -65.3057 -13.2536
      vertex 36.5771 -65.3843 -13.2369
    endloop
  endfacet
  facet normal -0.933634 0.350403 -0.0744671
    outer loop
      vertex 36.6219 -67.2089 -22.3826
      vertex 36.5771 -67.1672 -21.6247
      vertex 36.6208 -67.0558 -21.6484
    endloop
  endfacet
  facet normal -0.93363 0.350412 -0.0744674
    outer loop
      vertex 36.5771 -67.1672 -21.6247
      vertex 36.6219 -67.2089 -22.3826
      vertex 36.5771 -67.3231 -22.3583
    endloop
  endfacet
  facet normal -0.933565 0.350578 -0.07451
    outer loop
      vertex 36.6349 -68.9778 -30.8675
      vertex 36.5771 -68.5946 -28.3403
      vertex 36.6311 -68.4545 -28.3577
    endloop
  endfacet
  facet normal -0.933604 0.350476 -0.0744954
    outer loop
      vertex 36.5771 -68.5946 -28.3403
      vertex 36.6349 -68.9778 -30.8675
      vertex 36.5771 -69.1279 -30.8493
    endloop
  endfacet
  facet normal -0.987709 -0.152889 0.0324954
    outer loop
      vertex 36.7184 -43.2261 -17.9468
      vertex 36.7289 -42.2515 -13.0422
      vertex 36.7184 -42.1866 -13.056
    endloop
  endfacet
  facet normal -0.987815 -0.152233 0.0323651
    outer loop
      vertex 36.7289 -42.2515 -13.0422
      vertex 36.7184 -43.2261 -17.9468
      vertex 36.7256 -43.2708 -17.9373
    endloop
  endfacet
  facet normal -0.98766 -0.15319 0.0325759
    outer loop
      vertex 36.7063 -45.0905 -27.084
      vertex 36.72 -45.019 -26.3324
      vertex 36.7063 -44.9345 -26.3504
    endloop
  endfacet
  facet normal -0.987652 -0.153236 0.0325801
    outer loop
      vertex 36.72 -45.019 -26.3324
      vertex 36.7063 -45.0905 -27.084
      vertex 36.7195 -45.1719 -27.0667
    endloop
  endfacet
  facet normal -0.987613 -0.153482 0.0326226
    outer loop
      vertex 36.7063 -46.5685 -34.0376
      vertex 36.7165 -46.1126 -31.5839
      vertex 36.7063 -46.0489 -31.593
    endloop
  endfacet
  facet normal -0.987788 -0.152393 0.0324211
    outer loop
      vertex 36.7165 -46.1126 -31.5839
      vertex 36.7063 -46.5685 -34.0376
      vertex 36.7148 -46.622 -34.0301
    endloop
  endfacet
  facet normal -0.987848 -0.152028 0.0323226
    outer loop
      vertex 36.7256 -43.2708 -17.9373
      vertex 36.739 -42.3143 -13.0289
      vertex 36.7289 -42.2515 -13.0422
    endloop
  endfacet
  facet normal -0.987791 -0.152383 0.0323916
    outer loop
      vertex 36.739 -42.3143 -13.0289
      vertex 36.7256 -43.2708 -17.9373
      vertex 36.739 -43.3539 -17.9196
    endloop
  endfacet
  facet normal -0.987781 -0.15244 0.0324146
    outer loop
      vertex 36.7195 -45.1719 -27.0667
      vertex 36.739 -45.1368 -26.3074
      vertex 36.72 -45.019 -26.3324
    endloop
  endfacet
  facet normal -0.987764 -0.152551 0.0324193
    outer loop
      vertex 36.739 -45.1368 -26.3074
      vertex 36.7195 -45.1719 -27.0667
      vertex 36.739 -45.2927 -27.041
    endloop
  endfacet
  facet normal -0.987764 -0.15254 0.0324516
    outer loop
      vertex 36.7148 -46.622 -34.0301
      vertex 36.739 -46.254 -31.5637
      vertex 36.7165 -46.1126 -31.5839
    endloop
  endfacet
  facet normal -0.987704 -0.15292 0.0325077
    outer loop
      vertex 36.739 -46.254 -31.5637
      vertex 36.7148 -46.622 -34.0301
      vertex 36.739 -46.7738 -34.0089
    endloop
  endfacet
  facet normal -0.359146 0.912901 -0.193975
    outer loop
      vertex 35.5635 -68.1586 -21.414
      vertex 35.4848 -68.3441 -22.1413
      vertex 35.4819 -68.1893 -21.4074
    endloop
  endfacet
  facet normal -0.358915 0.912982 -0.194021
    outer loop
      vertex 35.4848 -68.3441 -22.1413
      vertex 35.5635 -68.1586 -21.414
      vertex 35.5635 -68.3145 -22.1476
    endloop
  endfacet
  facet normal -0.358206 0.913238 -0.194126
    outer loop
      vertex 35.5635 -69.6069 -28.2276
      vertex 35.5191 -70.1568 -30.7326
      vertex 35.5091 -69.6276 -28.2246
    endloop
  endfacet
  facet normal -0.358113 0.913272 -0.194135
    outer loop
      vertex 35.5191 -70.1568 -30.7326
      vertex 35.5635 -69.6069 -28.2276
      vertex 35.5635 -70.1399 -30.735
    endloop
  endfacet
  facet normal -0.453672 0.871702 -0.185249
    outer loop
      vertex 35.6414 -68.1198 -21.4222
      vertex 35.5635 -68.3145 -22.1476
      vertex 35.5635 -68.1586 -21.414
    endloop
  endfacet
  facet normal -0.453612 0.87173 -0.185263
    outer loop
      vertex 35.5635 -68.3145 -22.1476
      vertex 35.6414 -68.1198 -21.4222
      vertex 35.6386 -68.2771 -22.1555
    endloop
  endfacet
  facet normal -0.453341 0.871857 -0.185331
    outer loop
      vertex 35.6154 -69.5807 -28.2313
      vertex 35.5635 -70.1399 -30.735
      vertex 35.5635 -69.6069 -28.2276
    endloop
  endfacet
  facet normal -0.455678 0.870703 -0.185025
    outer loop
      vertex 35.5635 -70.1399 -30.735
      vertex 35.6154 -69.5807 -28.2313
      vertex 35.6058 -70.1184 -30.738
    endloop
  endfacet
  facet normal -0.998636 0.0510781 -0.0108575
    outer loop
      vertex 36.75 -64.5886 -13.406
      vertex 36.7466 -63.6126 -8.50178
      vertex 36.75 -63.549 -8.5153
    endloop
  endfacet
  facet normal -0.99863 0.0511924 -0.0108803
    outer loop
      vertex 36.7466 -63.6126 -8.50178
      vertex 36.75 -64.5886 -13.406
      vertex 36.7455 -64.6726 -13.3882
    endloop
  endfacet
  facet normal -0.998619 0.0513856 -0.0109201
    outer loop
      vertex 36.75 -66.5274 -22.5274
      vertex 36.7436 -66.4905 -21.7685
      vertex 36.75 -66.3715 -21.7938
    endloop
  endfacet
  facet normal -0.998647 0.0508521 -0.0108944
    outer loop
      vertex 36.7436 -66.4905 -21.7685
      vertex 36.75 -66.5274 -22.5274
      vertex 36.7435 -66.6495 -22.5015
    endloop
  endfacet
  facet normal -0.998621 0.0513593 -0.0109169
    outer loop
      vertex 36.75 -68.3187 -30.9549
      vertex 36.7421 -67.935 -28.4271
      vertex 36.75 -67.7859 -28.4483
    endloop
  endfacet
  facet normal -0.99864 0.0509855 -0.0108602
    outer loop
      vertex 36.7421 -67.935 -28.4271
      vertex 36.75 -68.3187 -30.9549
      vertex 36.7416 -68.4785 -30.9327
    endloop
  endfacet
  facet normal -1 0 0
    outer loop
      vertex 36.75 -43.5584 -17.8761
      vertex 36.75 -45.2273 -17.5214
      vertex 36.75 -45.009 -16.4944
    endloop
  endfacet
  facet normal -1 0 0
    outer loop
      vertex 36.75 -45.009 -16.4944
      vertex 36.75 -42.5188 -12.9854
      vertex 36.75 -43.5584 -17.8761
    endloop
  endfacet
  facet normal -1 0 0
    outer loop
      vertex 36.75 -63.549 -8.5153
      vertex 36.75 -45.009 -16.4944
      vertex 36.75 -63.5149 -12.5608
    endloop
  endfacet
  facet normal -1 0 0
    outer loop
      vertex 36.75 -45.009 -16.4944
      vertex 36.75 -63.549 -8.5153
      vertex 36.75 -42.5188 -12.9854
    endloop
  endfacet
  facet normal -1 0 0
    outer loop
      vertex 36.75 -64.5886 -13.406
      vertex 36.75 -63.5149 -12.5608
      vertex 36.75 -63.7332 -13.5879
    endloop
  endfacet
  facet normal -1 -0 0
    outer loop
      vertex 36.75 -63.5149 -12.5608
      vertex 36.75 -64.5886 -13.406
      vertex 36.75 -63.549 -8.5153
    endloop
  endfacet
  facet normal -1 0 0
    outer loop
      vertex 36.75 -46.9813 -33.9798
      vertex 36.75 -46.7 -31.5
      vertex 36.75 -46.4615 -31.5341
    endloop
  endfacet
  facet normal -1 0 0
    outer loop
      vertex 36.75 -47.4631 -33.9123
      vertex 36.75 -46.7 -31.5
      vertex 36.75 -46.9813 -33.9798
    endloop
  endfacet
  facet normal -1 0 0
    outer loop
      vertex 36.75 -47.4631 -33.9123
      vertex 36.75 -60.0619 -29.5661
      vertex 36.75 -46.7 -31.5
    endloop
  endfacet
  facet normal -1 0 0
    outer loop
      vertex 36.75 -68.3187 -30.9549
      vertex 36.75 -60.0619 -29.5661
      vertex 36.75 -47.4631 -33.9123
    endloop
  endfacet
  facet normal -1 -0 0
    outer loop
      vertex 36.75 -60.0619 -29.5661
      vertex 36.75 -68.3187 -30.9549
      vertex 36.75 -67.7859 -28.4483
    endloop
  endfacet
  facet normal -1 0 0
    outer loop
      vertex 36.75 -45.4972 -26.9975
      vertex 36.75 -66.3715 -21.7938
      vertex 36.75 -45.3413 -26.2639
    endloop
  endfacet
  facet normal -1 0 -0
    outer loop
      vertex 36.75 -66.3715 -21.7938
      vertex 36.75 -45.4972 -26.9975
      vertex 36.75 -66.5274 -22.5274
    endloop
  endfacet
  facet normal -0.987616 0.153464 -0.0326221
    outer loop
      vertex 36.7198 -64.9122 -13.3372
      vertex 36.7063 -63.9557 -8.42884
      vertex 36.7165 -63.8929 -8.44221
    endloop
  endfacet
  facet normal -0.987605 0.153529 -0.0326348
    outer loop
      vertex 36.7063 -63.9557 -8.42884
      vertex 36.7198 -64.9122 -13.3372
      vertex 36.7063 -64.9953 -13.3196
    endloop
  endfacet
  facet normal -0.987654 0.153224 -0.0325776
    outer loop
      vertex 36.7259 -66.8133 -22.4667
      vertex 36.7063 -66.7782 -21.7074
      vertex 36.7254 -66.6604 -21.7324
    endloop
  endfacet
  facet normal -0.98764 0.153315 -0.0325814
    outer loop
      vertex 36.7063 -66.7782 -21.7074
      vertex 36.7259 -66.8133 -22.4667
      vertex 36.7063 -66.9341 -22.441
    endloop
  endfacet
  facet normal -0.987733 0.152735 -0.0324776
    outer loop
      vertex 36.7315 -68.5736 -30.9198
      vertex 36.7063 -68.1988 -28.3908
      vertex 36.7298 -68.0511 -28.4109
    endloop
  endfacet
  facet normal -0.987692 0.152995 -0.0325157
    outer loop
      vertex 36.7063 -68.1988 -28.3908
      vertex 36.7315 -68.5736 -30.9198
      vertex 36.7063 -68.7318 -30.8987
    endloop
  endfacet
  facet normal 0.890882 -0.444315 0.0944106
    outer loop
      vertex 11.4229 -44.5456 -26.4331
      vertex 11.4797 -44.5925 -27.1898
      vertex 11.4783 -44.4393 -26.4556
    endloop
  endfacet
  facet normal 0.890915 -0.444249 0.094409
    outer loop
      vertex 11.4797 -44.5925 -27.1898
      vertex 11.4229 -44.5456 -26.4331
      vertex 11.4229 -44.7015 -27.1667
    endloop
  endfacet
  facet normal 0.890791 -0.444489 0.0944472
    outer loop
      vertex 11.4229 -45.6543 -31.6494
      vertex 11.4931 -46.0369 -34.1121
      vertex 11.4884 -45.5269 -31.6676
    endloop
  endfacet
  facet normal 0.891043 -0.444 0.0943783
    outer loop
      vertex 11.4931 -46.0369 -34.1121
      vertex 11.4229 -45.6543 -31.6494
      vertex 11.4229 -46.1737 -34.0929
    endloop
  endfacet
  facet normal 0.933634 -0.350403 0.0744671
    outer loop
      vertex 11.3479 -44.7368 -26.3924
      vertex 11.3927 -44.7785 -27.1503
      vertex 11.3916 -44.6254 -26.4161
    endloop
  endfacet
  facet normal 0.93363 -0.350412 0.0744674
    outer loop
      vertex 11.3927 -44.7785 -27.1503
      vertex 11.3479 -44.7368 -26.3924
      vertex 11.3479 -44.8927 -27.126
    endloop
  endfacet
  facet normal 0.93364 -0.350387 0.0744711
    outer loop
      vertex 11.3479 -45.8483 -31.6217
      vertex 11.4033 -46.2244 -34.0858
      vertex 11.3996 -45.7146 -31.6408
    endloop
  endfacet
  facet normal 0.933666 -0.35032 0.0744614
    outer loop
      vertex 11.4033 -46.2244 -34.0858
      vertex 11.3479 -45.8483 -31.6217
      vertex 11.3479 -46.3678 -34.0658
    endloop
  endfacet
  facet normal 0.453743 -0.871658 0.185282
    outer loop
      vertex 12.25 -41.8642 -18.2363
      vertex 12.3785 -40.7606 -13.3591
      vertex 12.25 -40.8246 -13.3455
    endloop
  endfacet
  facet normal 0.454103 -0.871481 0.185232
    outer loop
      vertex 12.3785 -40.7606 -13.3591
      vertex 12.25 -41.8642 -18.2363
      vertex 12.3599 -41.8094 -18.2479
    endloop
  endfacet
  facet normal 0.454749 -0.87117 0.18511
    outer loop
      vertex 12.25 -43.803 -27.3577
      vertex 12.3279 -43.6082 -26.6323
      vertex 12.25 -43.6471 -26.624
    endloop
  endfacet
  facet normal 0.453612 -0.871706 0.185376
    outer loop
      vertex 12.3279 -43.6082 -26.6323
      vertex 12.25 -43.803 -27.3577
      vertex 12.3251 -43.7656 -27.3656
    endloop
  endfacet
  facet normal 0.453703 -0.871677 0.185291
    outer loop
      vertex 12.25 -45.2618 -34.2207
      vertex 12.3082 -44.7135 -31.7838
      vertex 12.25 -44.7429 -31.7796
    endloop
  endfacet
  facet normal 0.455002 -0.871037 0.185116
    outer loop
      vertex 12.3082 -44.7135 -31.7838
      vertex 12.25 -45.2618 -34.2207
      vertex 12.2989 -45.237 -34.2242
    endloop
  endfacet
  facet normal 0.156325 -0.966125 0.205342
    outer loop
      vertex 12.8342 -41.6448 -18.2829
      vertex 13.0409 -40.5733 -13.3989
      vertex 12.8342 -40.6053 -13.3921
    endloop
  endfacet
  facet normal 0.156325 -0.966125 0.205342
    outer loop
      vertex 13.0409 -40.5733 -13.3989
      vertex 12.8342 -41.6448 -18.2829
      vertex 13.0409 -41.6128 -18.2897
    endloop
  endfacet
  facet normal 0.156325 -0.966104 0.205442
    outer loop
      vertex 12.8342 -43.5837 -27.4043
      vertex 13.0409 -43.3957 -26.6775
      vertex 12.8342 -43.4277 -26.6707
    endloop
  endfacet
  facet normal 0.156781 -0.96606 0.205301
    outer loop
      vertex 13.0409 -43.3957 -26.6775
      vertex 12.8342 -43.5837 -27.4043
      vertex 13.0409 -43.5516 -27.4111
    endloop
  endfacet
  facet normal 0.156472 -0.966095 0.205372
    outer loop
      vertex 12.8342 -45.0392 -34.2519
      vertex 13.0409 -44.4879 -31.816
      vertex 12.8342 -44.5204 -31.8114
    endloop
  endfacet
  facet normal 0.156472 -0.966095 0.205372
    outer loop
      vertex 13.0409 -44.4879 -31.816
      vertex 12.8342 -45.0392 -34.2519
      vertex 13.0409 -45.0067 -34.2565
    endloop
  endfacet
  facet normal 0.259273 0.944709 -0.200753
    outer loop
      vertex 12.7528 -68.4196 -22.1252
      vertex 12.632 -68.232 -21.3984
      vertex 12.7497 -68.2629 -21.3918
    endloop
  endfacet
  facet normal 0.259213 0.944723 -0.200767
    outer loop
      vertex 12.632 -68.232 -21.3984
      vertex 12.7528 -68.4196 -22.1252
      vertex 12.632 -68.3879 -22.132
    endloop
  endfacet
  facet normal 0.25883 0.944814 -0.200829
    outer loop
      vertex 12.7883 -70.2559 -30.7187
      vertex 12.632 -69.6813 -28.2169
      vertex 12.7779 -69.7201 -28.2114
    endloop
  endfacet
  facet normal 0.258913 0.944794 -0.20082
    outer loop
      vertex 12.632 -69.6813 -28.2169
      vertex 12.7883 -70.2559 -30.7187
      vertex 12.632 -70.2143 -30.7245
    endloop
  endfacet
  facet normal 0.258313 0.944959 -0.200817
    outer loop
      vertex 12.8342 -68.4409 -22.1207
      vertex 12.7497 -68.2629 -21.3918
      vertex 12.8342 -68.285 -21.3871
    endloop
  endfacet
  facet normal 0.258366 0.944946 -0.200807
    outer loop
      vertex 12.7497 -68.2629 -21.3918
      vertex 12.8342 -68.4409 -22.1207
      vertex 12.7528 -68.4196 -22.1252
    endloop
  endfacet
  facet normal 0.259192 0.944722 -0.200796
    outer loop
      vertex 12.8342 -70.2681 -30.717
      vertex 12.7779 -69.7201 -28.2114
      vertex 12.8342 -69.7351 -28.2093
    endloop
  endfacet
  facet normal 0.258583 0.944879 -0.200844
    outer loop
      vertex 12.7779 -69.7201 -28.2114
      vertex 12.8342 -70.2681 -30.717
      vertex 12.7883 -70.2559 -30.7187
    endloop
  endfacet
  facet normal 0.453823 0.871625 -0.185239
    outer loop
      vertex 12.3614 -68.2771 -22.1555
      vertex 12.25 -68.0657 -21.4337
      vertex 12.3586 -68.1198 -21.4222
    endloop
  endfacet
  facet normal 0.45386 0.871609 -0.185229
    outer loop
      vertex 12.25 -68.0657 -21.4337
      vertex 12.3614 -68.2771 -22.1555
      vertex 12.25 -68.2216 -22.1673
    endloop
  endfacet
  facet normal 0.454345 0.871368 -0.185173
    outer loop
      vertex 12.3942 -70.1184 -30.738
      vertex 12.25 -69.5126 -28.2411
      vertex 12.3846 -69.5807 -28.2313
    endloop
  endfacet
  facet normal 0.453765 0.871648 -0.185274
    outer loop
      vertex 12.25 -69.5126 -28.2411
      vertex 12.3942 -70.1184 -30.738
      vertex 12.25 -70.0455 -30.7482
    endloop
  endfacet
  facet normal 0.70689 0.691873 -0.147032
    outer loop
      vertex 11.8255 -67.7409 -21.5027
      vertex 11.7637 -67.8364 -22.2492
      vertex 11.7637 -67.6805 -21.5156
    endloop
  endfacet
  facet normal 0.707131 0.691629 -0.147021
    outer loop
      vertex 11.7637 -67.8364 -22.2492
      vertex 11.8255 -67.7409 -21.5027
      vertex 11.8233 -67.8947 -22.2368
    endloop
  endfacet
  facet normal 0.70716 0.691604 -0.146999
    outer loop
      vertex 11.805 -69.1602 -28.2784
      vertex 11.7637 -69.6524 -30.7928
      vertex 11.7637 -69.1188 -28.2823
    endloop
  endfacet
  facet normal 0.707169 0.691595 -0.146997
    outer loop
      vertex 11.7637 -69.6524 -30.7928
      vertex 11.805 -69.1602 -28.2784
      vertex 11.7974 -69.6862 -30.7897
    endloop
  endfacet
  facet normal 0.707424 -0.691342 0.146962
    outer loop
      vertex 11.7637 -44.0323 -26.5422
      vertex 11.8521 -44.1017 -27.2942
      vertex 11.8499 -43.9479 -26.5601
    endloop
  endfacet
  facet normal 0.707248 -0.691523 0.146958
    outer loop
      vertex 11.8521 -44.1017 -27.2942
      vertex 11.7637 -44.0323 -26.5422
      vertex 11.7637 -44.1882 -27.2758
    endloop
  endfacet
  facet normal 0.706714 -0.692039 0.147098
    outer loop
      vertex 11.7637 -45.1336 -31.7238
      vertex 11.873 -45.5443 -34.1811
      vertex 11.8656 -45.0326 -31.7382
    endloop
  endfacet
  facet normal 0.706755 -0.691998 0.147093
    outer loop
      vertex 11.873 -45.5443 -34.1811
      vertex 11.7637 -45.1336 -31.7238
      vertex 11.7637 -45.6527 -34.1659
    endloop
  endfacet
  facet normal 0.777002 -0.615747 0.130855
    outer loop
      vertex 11.687 -44.1249 -26.5225
      vertex 11.7637 -44.1882 -27.2758
      vertex 11.7637 -44.0323 -26.5422
    endloop
  endfacet
  facet normal 0.777258 -0.615425 0.130854
    outer loop
      vertex 11.7637 -44.1882 -27.2758
      vertex 11.687 -44.1249 -26.5225
      vertex 11.685 -44.2833 -27.2556
    endloop
  endfacet
  facet normal 0.77734 -0.615333 0.130797
    outer loop
      vertex 11.673 -45.2448 -31.7079
      vertex 11.7637 -45.6527 -34.1659
      vertex 11.7637 -45.1336 -31.7238
    endloop
  endfacet
  facet normal 0.777171 -0.61554 0.130825
    outer loop
      vertex 11.7637 -45.6527 -34.1659
      vertex 11.673 -45.2448 -31.7079
      vertex 11.6664 -45.772 -34.1492
    endloop
  endfacet
  facet normal 0.454052 -0.871507 0.185238
    outer loop
      vertex 12.3599 -41.8094 -18.2479
      vertex 12.4365 -40.7317 -13.3653
      vertex 12.3785 -40.7606 -13.3591
    endloop
  endfacet
  facet normal 0.454172 -0.871447 0.185223
    outer loop
      vertex 12.4365 -40.7317 -13.3653
      vertex 12.3599 -41.8094 -18.2479
      vertex 12.4365 -41.7712 -18.256
    endloop
  endfacet
  facet normal 0.453823 -0.871601 0.185353
    outer loop
      vertex 12.3251 -43.7656 -27.3656
      vertex 12.4365 -43.5541 -26.6438
      vertex 12.3279 -43.6082 -26.6323
    endloop
  endfacet
  facet normal 0.454481 -0.871299 0.185163
    outer loop
      vertex 12.4365 -43.5541 -26.6438
      vertex 12.3251 -43.7656 -27.3656
      vertex 12.4365 -43.71 -27.3774
    endloop
  endfacet
  facet normal 0.45423 -0.871422 0.185201
    outer loop
      vertex 12.2989 -45.237 -34.2242
      vertex 12.4365 -44.6486 -31.7931
      vertex 12.3082 -44.7135 -31.7838
    endloop
  endfacet
  facet normal 0.453914 -0.871575 0.185256
    outer loop
      vertex 12.4365 -44.6486 -31.7931
      vertex 12.2989 -45.237 -34.2242
      vertex 12.4365 -45.1674 -34.2339
    endloop
  endfacet
  facet normal 0.987616 0.153464 -0.0326221
    outer loop
      vertex 11.2937 -63.9557 -8.42884
      vertex 11.2802 -64.9122 -13.3372
      vertex 11.2835 -63.8929 -8.44221
    endloop
  endfacet
  facet normal 0.987605 0.153529 -0.0326348
    outer loop
      vertex 11.2802 -64.9122 -13.3372
      vertex 11.2937 -63.9557 -8.42884
      vertex 11.2937 -64.9953 -13.3196
    endloop
  endfacet
  facet normal 0.987654 0.153224 -0.0325776
    outer loop
      vertex 11.2937 -66.7782 -21.7074
      vertex 11.2741 -66.8133 -22.4667
      vertex 11.2746 -66.6604 -21.7324
    endloop
  endfacet
  facet normal 0.98764 0.153315 -0.0325814
    outer loop
      vertex 11.2741 -66.8133 -22.4667
      vertex 11.2937 -66.7782 -21.7074
      vertex 11.2937 -66.9341 -22.441
    endloop
  endfacet
  facet normal 0.987733 0.152735 -0.0324776
    outer loop
      vertex 11.2937 -68.1988 -28.3908
      vertex 11.2685 -68.5736 -30.9198
      vertex 11.2702 -68.0511 -28.4109
    endloop
  endfacet
  facet normal 0.987692 0.152995 -0.0325157
    outer loop
      vertex 11.2685 -68.5736 -30.9198
      vertex 11.2937 -68.1988 -28.3908
      vertex 11.2937 -68.7318 -30.8987
    endloop
  endfacet
  facet normal 0.933632 0.350404 -0.0744842
    outer loop
      vertex 11.3996 -64.2853 -8.3588
      vertex 11.3479 -65.1931 -13.2775
      vertex 11.3479 -64.1535 -8.3868
    endloop
  endfacet
  facet normal 0.933542 0.350634 -0.0745258
    outer loop
      vertex 11.3479 -65.1931 -13.2775
      vertex 11.3996 -64.2853 -8.3588
      vertex 11.3921 -65.3057 -13.2536
    endloop
  endfacet
  facet normal 0.933625 0.350425 -0.0744701
    outer loop
      vertex 11.3792 -67.0558 -21.6484
      vertex 11.3479 -67.1319 -22.3989
      vertex 11.3479 -66.976 -21.6653
    endloop
  endfacet
  facet normal 0.93363 0.350413 -0.0744691
    outer loop
      vertex 11.3479 -67.1319 -22.3989
      vertex 11.3792 -67.0558 -21.6484
      vertex 11.3781 -67.2089 -22.3826
    endloop
  endfacet
  facet normal 0.933829 0.349902 -0.0743743
    outer loop
      vertex 11.3689 -68.4545 -28.3577
      vertex 11.3479 -68.9331 -30.873
      vertex 11.3479 -68.3999 -28.3645
    endloop
  endfacet
  facet normal 0.933739 0.350134 -0.0744177
    outer loop
      vertex 11.3479 -68.9331 -30.873
      vertex 11.3689 -68.4545 -28.3577
      vertex 11.3651 -68.9778 -30.8675
    endloop
  endfacet
  facet normal -0.616317 0.770396 -0.163227
    outer loop
      vertex 36.2026 -69.6862 -30.7897
      vertex 36.1945 -69.1606 -28.2784
      vertex 36.195 -69.1602 -28.2784
    endloop
  endfacet
  facet normal -0.707465 0.691299 -0.146967
    outer loop
      vertex 36.1945 -69.1606 -28.2784
      vertex 36.2026 -69.6862 -30.7897
      vertex 36.0883 -69.2672 -28.2686
    endloop
  endfacet
  facet normal -0.707151 0.691612 -0.147004
    outer loop
      vertex 36.0883 -69.2672 -28.2686
      vertex 36.2026 -69.6862 -30.7897
      vertex 36.0883 -69.8009 -30.7795
    endloop
  endfacet
  facet normal -0.707424 0.691342 -0.146962
    outer loop
      vertex 36.1767 -67.8947 -22.2368
      vertex 36.0883 -67.8253 -21.4848
      vertex 36.1745 -67.7409 -21.5027
    endloop
  endfacet
  facet normal -0.707248 0.691523 -0.146958
    outer loop
      vertex 36.0883 -67.8253 -21.4848
      vertex 36.1767 -67.8947 -22.2368
      vertex 36.0883 -67.9812 -22.2184
    endloop
  endfacet
  facet normal -0.453823 0.871625 -0.185239
    outer loop
      vertex 35.75 -68.0657 -21.4337
      vertex 35.6386 -68.2771 -22.1555
      vertex 35.6414 -68.1198 -21.4222
    endloop
  endfacet
  facet normal -0.45386 0.871609 -0.185229
    outer loop
      vertex 35.6386 -68.2771 -22.1555
      vertex 35.75 -68.0657 -21.4337
      vertex 35.75 -68.2216 -22.1673
    endloop
  endfacet
  facet normal -0.454345 0.871368 -0.185173
    outer loop
      vertex 35.75 -69.5126 -28.2411
      vertex 35.6058 -70.1184 -30.738
      vertex 35.6154 -69.5807 -28.2313
    endloop
  endfacet
  facet normal -0.453765 0.871648 -0.185274
    outer loop
      vertex 35.6058 -70.1184 -30.738
      vertex 35.75 -69.5126 -28.2411
      vertex 35.75 -70.0455 -30.7482
    endloop
  endfacet
  facet normal -0.777002 -0.615747 0.130855
    outer loop
      vertex 36.2363 -44.1882 -27.2758
      vertex 36.313 -44.1249 -26.5225
      vertex 36.2363 -44.0323 -26.5422
    endloop
  endfacet
  facet normal -0.777258 -0.615425 0.130854
    outer loop
      vertex 36.313 -44.1249 -26.5225
      vertex 36.2363 -44.1882 -27.2758
      vertex 36.315 -44.2833 -27.2556
    endloop
  endfacet
  facet normal -0.77734 -0.615333 0.130797
    outer loop
      vertex 36.2363 -45.6527 -34.1659
      vertex 36.327 -45.2448 -31.7079
      vertex 36.2363 -45.1336 -31.7238
    endloop
  endfacet
  facet normal -0.777171 -0.61554 0.130825
    outer loop
      vertex 36.327 -45.2448 -31.7079
      vertex 36.2363 -45.6527 -34.1659
      vertex 36.3336 -45.772 -34.1492
    endloop
  endfacet
  facet normal -0.838441 -0.533091 0.113274
    outer loop
      vertex 36.368 -44.3473 -27.242
      vertex 36.4821 -44.3631 -26.4718
      vertex 36.368 -44.1914 -26.5083
    endloop
  endfacet
  facet normal -0.83858 -0.532867 0.113299
    outer loop
      vertex 36.4821 -44.3631 -26.4718
      vertex 36.368 -44.3473 -27.242
      vertex 36.4821 -44.5191 -27.2055
    endloop
  endfacet
  facet normal -0.838489 -0.533011 0.113297
    outer loop
      vertex 36.368 -45.8143 -34.1433
      vertex 36.4821 -45.4693 -31.6758
      vertex 36.368 -45.2951 -31.7007
    endloop
  endfacet
  facet normal -0.83848 -0.533024 0.113298
    outer loop
      vertex 36.4821 -45.4693 -31.6758
      vertex 36.368 -45.8143 -34.1433
      vertex 36.4821 -45.9886 -34.1189
    endloop
  endfacet
  facet normal -0.933634 -0.350403 0.0744671
    outer loop
      vertex 36.6073 -44.7785 -27.1503
      vertex 36.6521 -44.7368 -26.3924
      vertex 36.6084 -44.6254 -26.4161
    endloop
  endfacet
  facet normal -0.93363 -0.350412 0.0744674
    outer loop
      vertex 36.6521 -44.7368 -26.3924
      vertex 36.6073 -44.7785 -27.1503
      vertex 36.6521 -44.8927 -27.126
    endloop
  endfacet
  facet normal -0.93364 -0.350387 0.0744711
    outer loop
      vertex 36.5967 -46.2244 -34.0858
      vertex 36.6521 -45.8483 -31.6217
      vertex 36.6004 -45.7146 -31.6408
    endloop
  endfacet
  facet normal -0.933666 -0.35032 0.0744614
    outer loop
      vertex 36.6521 -45.8483 -31.6217
      vertex 36.5967 -46.2244 -34.0858
      vertex 36.6521 -46.3678 -34.0658
    endloop
  endfacet
  facet normal -0.838441 0.533087 -0.113288
    outer loop
      vertex 36.4821 -67.5055 -22.3195
      vertex 36.368 -67.5213 -21.5494
      vertex 36.4821 -67.3496 -21.5859
    endloop
  endfacet
  facet normal -0.83858 0.532864 -0.113313
    outer loop
      vertex 36.368 -67.5213 -21.5494
      vertex 36.4821 -67.5055 -22.3195
      vertex 36.368 -67.6773 -22.283
    endloop
  endfacet
  facet normal -0.838532 0.532947 -0.113275
    outer loop
      vertex 36.4821 -69.314 -30.8279
      vertex 36.368 -68.956 -28.2989
      vertex 36.4821 -68.7806 -28.3183
    endloop
  endfacet
  facet normal -0.838553 0.532916 -0.113271
    outer loop
      vertex 36.368 -68.956 -28.2989
      vertex 36.4821 -69.314 -30.8279
      vertex 36.368 -69.4895 -30.8089
    endloop
  endfacet
  facet normal -0.891249 0.44361 -0.0942642
    outer loop
      vertex 36.5388 -67.3965 -22.3427
      vertex 36.4821 -67.3496 -21.5859
      vertex 36.5374 -67.2433 -21.6085
    endloop
  endfacet
  facet normal -0.891273 0.443562 -0.094263
    outer loop
      vertex 36.4821 -67.3496 -21.5859
      vertex 36.5388 -67.3965 -22.3427
      vertex 36.4821 -67.5055 -22.3195
    endloop
  endfacet
  facet normal -0.89103 0.44403 -0.0943552
    outer loop
      vertex 36.5553 -69.1705 -30.8444
      vertex 36.4821 -68.7806 -28.3183
      vertex 36.5505 -68.6467 -28.3341
    endloop
  endfacet
  facet normal -0.891175 0.443748 -0.0943158
    outer loop
      vertex 36.4821 -68.7806 -28.3183
      vertex 36.5553 -69.1705 -30.8444
      vertex 36.4821 -69.314 -30.8279
    endloop
  endfacet
  facet normal -0.933632 0.350404 -0.0744842
    outer loop
      vertex 36.6521 -65.1931 -13.2775
      vertex 36.6004 -64.2853 -8.3588
      vertex 36.6521 -64.1535 -8.3868
    endloop
  endfacet
  facet normal -0.933542 0.350634 -0.0745258
    outer loop
      vertex 36.6004 -64.2853 -8.3588
      vertex 36.6521 -65.1931 -13.2775
      vertex 36.6079 -65.3057 -13.2536
    endloop
  endfacet
  facet normal -0.933625 0.350425 -0.0744701
    outer loop
      vertex 36.6521 -67.1319 -22.3989
      vertex 36.6208 -67.0558 -21.6484
      vertex 36.6521 -66.976 -21.6653
    endloop
  endfacet
  facet normal -0.93363 0.350413 -0.0744691
    outer loop
      vertex 36.6208 -67.0558 -21.6484
      vertex 36.6521 -67.1319 -22.3989
      vertex 36.6219 -67.2089 -22.3826
    endloop
  endfacet
  facet normal -0.933829 0.349902 -0.0743743
    outer loop
      vertex 36.6521 -68.9331 -30.873
      vertex 36.6311 -68.4545 -28.3577
      vertex 36.6521 -68.3999 -28.3645
    endloop
  endfacet
  facet normal -0.933739 0.350134 -0.0744177
    outer loop
      vertex 36.6311 -68.4545 -28.3577
      vertex 36.6521 -68.9331 -30.873
      vertex 36.6349 -68.9778 -30.8675
    endloop
  endfacet
  facet normal -0.987765 0.152542 -0.0324248
    outer loop
      vertex 36.739 -64.7931 -13.3626
      vertex 36.7165 -63.8929 -8.44221
      vertex 36.739 -63.7535 -8.47183
    endloop
  endfacet
  facet normal -0.987798 0.152335 -0.0323871
    outer loop
      vertex 36.7165 -63.8929 -8.44221
      vertex 36.739 -64.7931 -13.3626
      vertex 36.7198 -64.9122 -13.3372
    endloop
  endfacet
  facet normal -0.987836 0.152099 -0.0323439
    outer loop
      vertex 36.739 -66.7319 -22.484
      vertex 36.7254 -66.6604 -21.7324
      vertex 36.739 -66.5759 -21.7504
    endloop
  endfacet
  facet normal -0.987835 0.152102 -0.0323441
    outer loop
      vertex 36.7254 -66.6604 -21.7324
      vertex 36.739 -66.7319 -22.484
      vertex 36.7259 -66.8133 -22.4667
    endloop
  endfacet
  facet normal -0.987686 0.153029 -0.0325247
    outer loop
      vertex 36.739 -68.5263 -30.9261
      vertex 36.7298 -68.0511 -28.4109
      vertex 36.739 -67.9934 -28.4188
    endloop
  endfacet
  facet normal -0.987801 0.152314 -0.03239
    outer loop
      vertex 36.7298 -68.0511 -28.4109
      vertex 36.739 -68.5263 -30.9261
      vertex 36.7315 -68.5736 -30.9198
    endloop
  endfacet
  facet normal 0.838441 -0.533091 0.113274
    outer loop
      vertex 11.5179 -44.3631 -26.4718
      vertex 11.632 -44.3473 -27.242
      vertex 11.632 -44.1914 -26.5083
    endloop
  endfacet
  facet normal 0.83858 -0.532867 0.113299
    outer loop
      vertex 11.632 -44.3473 -27.242
      vertex 11.5179 -44.3631 -26.4718
      vertex 11.5179 -44.5191 -27.2055
    endloop
  endfacet
  facet normal 0.838489 -0.533011 0.113297
    outer loop
      vertex 11.5179 -45.4693 -31.6758
      vertex 11.632 -45.8143 -34.1433
      vertex 11.632 -45.2951 -31.7007
    endloop
  endfacet
  facet normal 0.83848 -0.533024 0.113298
    outer loop
      vertex 11.632 -45.8143 -34.1433
      vertex 11.5179 -45.4693 -31.6758
      vertex 11.5179 -45.9886 -34.1189
    endloop
  endfacet
  facet normal 0.357843 -0.913378 0.194135
    outer loop
      vertex 12.4365 -41.7712 -18.256
      vertex 12.4973 -40.7089 -13.3701
      vertex 12.4365 -40.7317 -13.3653
    endloop
  endfacet
  facet normal 0.357847 -0.913377 0.194135
    outer loop
      vertex 12.4973 -40.7089 -13.3701
      vertex 12.4365 -41.7712 -18.256
      vertex 12.5168 -41.7411 -18.2624
    endloop
  endfacet
  facet normal 0.35819 -0.913254 0.194079
    outer loop
      vertex 12.4365 -43.71 -27.3774
      vertex 12.5503 -43.5114 -26.6529
      vertex 12.4365 -43.5541 -26.6438
    endloop
  endfacet
  facet normal 0.357958 -0.913333 0.194137
    outer loop
      vertex 12.5503 -43.5114 -26.6529
      vertex 12.4365 -43.71 -27.3774
      vertex 12.5533 -43.6662 -27.3867
    endloop
  endfacet
  facet normal 0.358414 -0.913163 0.194096
    outer loop
      vertex 12.4365 -45.1674 -34.2339
      vertex 12.5709 -44.5974 -31.8004
      vertex 12.4365 -44.6486 -31.7931
    endloop
  endfacet
  facet normal 0.358074 -0.913286 0.194143
    outer loop
      vertex 12.5709 -44.5974 -31.8004
      vertex 12.4365 -45.1674 -34.2339
      vertex 12.5807 -45.1125 -34.2416
    endloop
  endfacet
  facet normal 0.629409 -0.760104 0.16151
    outer loop
      vertex 11.9117 -44.0434 -27.3066
      vertex 12.0065 -43.8124 -26.5889
      vertex 11.9117 -43.8875 -26.5729
    endloop
  endfacet
  facet normal 0.629298 -0.760188 0.161552
    outer loop
      vertex 12.0065 -43.8124 -26.5889
      vertex 11.9117 -44.0434 -27.3066
      vertex 12.0089 -43.9664 -27.3229
    endloop
  endfacet
  facet normal 0.629402 -0.7601 0.161558
    outer loop
      vertex 11.9117 -45.5058 -34.1865
      vertex 12.0237 -44.8968 -31.7576
      vertex 11.9117 -44.9868 -31.7447
    endloop
  endfacet
  facet normal 0.629178 -0.760274 0.161612
    outer loop
      vertex 12.0237 -44.8968 -31.7576
      vertex 11.9117 -45.5058 -34.1865
      vertex 12.0318 -45.4093 -34.2001
    endloop
  endfacet
  facet normal 0.891249 0.44361 -0.0942642
    outer loop
      vertex 11.5179 -67.3496 -21.5859
      vertex 11.4612 -67.3965 -22.3427
      vertex 11.4626 -67.2433 -21.6085
    endloop
  endfacet
  facet normal 0.891273 0.443562 -0.094263
    outer loop
      vertex 11.4612 -67.3965 -22.3427
      vertex 11.5179 -67.3496 -21.5859
      vertex 11.5179 -67.5055 -22.3195
    endloop
  endfacet
  facet normal 0.89103 0.44403 -0.0943552
    outer loop
      vertex 11.5179 -68.7806 -28.3183
      vertex 11.4447 -69.1705 -30.8444
      vertex 11.4495 -68.6467 -28.3341
    endloop
  endfacet
  facet normal 0.891175 0.443748 -0.0943158
    outer loop
      vertex 11.4447 -69.1705 -30.8444
      vertex 11.5179 -68.7806 -28.3183
      vertex 11.5179 -69.314 -30.8279
    endloop
  endfacet
  facet normal 0.998635 -0.0510814 0.0108582
    outer loop
      vertex 11.2576 -42.3779 -13.0154
      vertex 11.261 -43.3539 -17.9196
      vertex 11.261 -42.3143 -13.0289
    endloop
  endfacet
  facet normal 0.99863 -0.05118 0.0108778
    outer loop
      vertex 11.261 -43.3539 -17.9196
      vertex 11.2576 -42.3779 -13.0154
      vertex 11.2565 -43.4379 -17.9017
    endloop
  endfacet
  facet normal 0.998621 -0.0513444 0.0109114
    outer loop
      vertex 11.2546 -45.2559 -26.2821
      vertex 11.261 -45.2927 -27.041
      vertex 11.261 -45.1368 -26.3074
    endloop
  endfacet
  facet normal 0.998608 -0.0516103 0.0109242
    outer loop
      vertex 11.261 -45.2927 -27.041
      vertex 11.2546 -45.2559 -26.2821
      vertex 11.2544 -45.4149 -27.015
    endloop
  endfacet
  facet normal 0.998616 -0.0514413 0.0109354
    outer loop
      vertex 11.2534 -46.3972 -31.5433
      vertex 11.261 -46.7738 -34.0089
      vertex 11.261 -46.254 -31.5637
    endloop
  endfacet
  facet normal 0.998598 -0.0517728 0.010986
    outer loop
      vertex 11.261 -46.7738 -34.0089
      vertex 11.2534 -46.3972 -31.5433
      vertex 11.2528 -46.9274 -33.9874
    endloop
  endfacet
  facet normal 0.965786 -0.253676 0.0539095
    outer loop
      vertex 11.3163 -44.8519 -26.3679
      vertex 11.3479 -44.8927 -27.126
      vertex 11.3479 -44.7368 -26.3924
    endloop
  endfacet
  facet normal 0.965829 -0.253513 0.0539026
    outer loop
      vertex 11.3479 -44.8927 -27.126
      vertex 11.3163 -44.8519 -26.3679
      vertex 11.3155 -45.0108 -27.1009
    endloop
  endfacet
  facet normal 0.96584 -0.253476 0.0538769
    outer loop
      vertex 11.3105 -45.9866 -31.6019
      vertex 11.3479 -46.3678 -34.0658
      vertex 11.3479 -45.8483 -31.6217
    endloop
  endfacet
  facet normal 0.965851 -0.253437 0.0538711
    outer loop
      vertex 11.3479 -46.3678 -34.0658
      vertex 11.3105 -45.9866 -31.6019
      vertex 11.3078 -46.5162 -34.045
    endloop
  endfacet
  facet normal 0.965817 0.253562 -0.0538852
    outer loop
      vertex 11.3479 -64.1535 -8.3868
      vertex 11.316 -65.0766 -13.3023
      vertex 11.3105 -64.0172 -8.41577
    endloop
  endfacet
  facet normal 0.965957 0.253048 -0.0537895
    outer loop
      vertex 11.316 -65.0766 -13.3023
      vertex 11.3479 -64.1535 -8.3868
      vertex 11.3479 -65.1931 -13.2775
    endloop
  endfacet
  facet normal 0.96601 0.252853 -0.0537593
    outer loop
      vertex 11.3479 -66.976 -21.6653
      vertex 11.3261 -67.0523 -22.4159
      vertex 11.3253 -66.8934 -21.6829
    endloop
  endfacet
  facet normal 0.965955 0.25306 -0.0537787
    outer loop
      vertex 11.3261 -67.0523 -22.4159
      vertex 11.3479 -66.976 -21.6653
      vertex 11.3479 -67.1319 -22.3989
    endloop
  endfacet
  facet normal 0.965902 0.253253 -0.0538146
    outer loop
      vertex 11.3479 -68.3999 -28.3645
      vertex 11.3355 -68.8869 -30.8789
      vertex 11.3327 -68.3435 -28.3719
    endloop
  endfacet
  facet normal 0.96612 0.252452 -0.0536606
    outer loop
      vertex 11.3355 -68.8869 -30.8789
      vertex 11.3479 -68.3999 -28.3645
      vertex 11.3479 -68.9331 -30.873
    endloop
  endfacet
  facet normal 0.998636 0.0510781 -0.0108575
    outer loop
      vertex 11.2534 -63.6126 -8.50178
      vertex 11.25 -64.5886 -13.406
      vertex 11.25 -63.549 -8.5153
    endloop
  endfacet
  facet normal 0.99863 0.0511924 -0.0108803
    outer loop
      vertex 11.25 -64.5886 -13.406
      vertex 11.2534 -63.6126 -8.50178
      vertex 11.2545 -64.6726 -13.3882
    endloop
  endfacet
  facet normal 0.998619 0.0513856 -0.0109201
    outer loop
      vertex 11.2564 -66.4905 -21.7685
      vertex 11.25 -66.5274 -22.5274
      vertex 11.25 -66.3715 -21.7938
    endloop
  endfacet
  facet normal 0.998647 0.0508521 -0.0108944
    outer loop
      vertex 11.25 -66.5274 -22.5274
      vertex 11.2564 -66.4905 -21.7685
      vertex 11.2565 -66.6495 -22.5015
    endloop
  endfacet
  facet normal 0.998621 0.0513593 -0.0109169
    outer loop
      vertex 11.2579 -67.935 -28.4271
      vertex 11.25 -68.3187 -30.9549
      vertex 11.25 -67.7859 -28.4483
    endloop
  endfacet
  facet normal 0.99864 0.0509855 -0.0108602
    outer loop
      vertex 11.25 -68.3187 -30.9549
      vertex 11.2579 -67.935 -28.4271
      vertex 11.2584 -68.4785 -30.9327
    endloop
  endfacet
  facet normal -0.357768 0.913413 -0.194113
    outer loop
      vertex 35.4819 -68.1893 -21.4074
      vertex 35.368 -68.3879 -22.132
      vertex 35.368 -68.232 -21.3984
    endloop
  endfacet
  facet normal -0.357958 0.913348 -0.194065
    outer loop
      vertex 35.368 -68.3879 -22.132
      vertex 35.4819 -68.1893 -21.4074
      vertex 35.4848 -68.3441 -22.1413
    endloop
  endfacet
  facet normal -0.358162 0.913257 -0.194116
    outer loop
      vertex 35.5091 -69.6276 -28.2246
      vertex 35.368 -70.2143 -30.7245
      vertex 35.368 -69.6813 -28.2169
    endloop
  endfacet
  facet normal -0.357968 0.913328 -0.194144
    outer loop
      vertex 35.368 -70.2143 -30.7245
      vertex 35.5091 -69.6276 -28.2246
      vertex 35.5191 -70.1568 -30.7326
    endloop
  endfacet
  facet normal -0.706771 -0.691993 0.147038
    outer loop
      vertex 36.0883 -44.0434 -27.3066
      vertex 36.1501 -43.9479 -26.5601
      vertex 36.0883 -43.8875 -26.5729
    endloop
  endfacet
  facet normal -0.707131 -0.691629 0.147021
    outer loop
      vertex 36.1501 -43.9479 -26.5601
      vertex 36.0883 -44.0434 -27.3066
      vertex 36.1479 -44.1017 -27.2942
    endloop
  endfacet
  facet normal -0.707495 -0.691276 0.14693
    outer loop
      vertex 36.0883 -45.5058 -34.1865
      vertex 36.1344 -45.0326 -31.7382
      vertex 36.0883 -44.9868 -31.7447
    endloop
  endfacet
  facet normal -0.707849 -0.690926 0.146869
    outer loop
      vertex 36.1344 -45.0326 -31.7382
      vertex 36.0883 -45.5058 -34.1865
      vertex 36.127 -45.5443 -34.1811
    endloop
  endfacet
  facet normal -0.544816 -0.820233 0.174337
    outer loop
      vertex 35.75 -40.8246 -13.3455
      vertex 35.9256 -41.9757 -18.2125
      vertex 35.9256 -40.9362 -13.3218
    endloop
  endfacet
  facet normal -0.544558 -0.820394 0.174385
    outer loop
      vertex 35.9256 -41.9757 -18.2125
      vertex 35.75 -40.8246 -13.3455
      vertex 35.75 -41.8642 -18.2363
    endloop
  endfacet
  facet normal -0.544488 -0.820447 0.174356
    outer loop
      vertex 35.75 -43.6471 -26.624
      vertex 35.9256 -43.9145 -27.3339
      vertex 35.9256 -43.7586 -26.6003
    endloop
  endfacet
  facet normal -0.544558 -0.820407 0.174324
    outer loop
      vertex 35.9256 -43.9145 -27.3339
      vertex 35.75 -43.6471 -26.624
      vertex 35.75 -43.803 -27.3577
    endloop
  endfacet
  facet normal -0.544836 -0.820222 0.174325
    outer loop
      vertex 35.75 -44.7429 -31.7796
      vertex 35.9256 -45.375 -34.2049
      vertex 35.9256 -44.8561 -31.7634
    endloop
  endfacet
  facet normal -0.544556 -0.820394 0.17439
    outer loop
      vertex 35.9256 -45.375 -34.2049
      vertex 35.75 -44.7429 -31.7796
      vertex 35.75 -45.2618 -34.2207
    endloop
  endfacet
  facet normal -0.77732 0.615346 -0.130853
    outer loop
      vertex 36.368 -67.6773 -22.283
      vertex 36.2913 -67.614 -21.5297
      vertex 36.368 -67.5213 -21.5494
    endloop
  endfacet
  facet normal -0.776948 0.615816 -0.130855
    outer loop
      vertex 36.2913 -67.614 -21.5297
      vertex 36.368 -67.6773 -22.283
      vertex 36.2893 -67.7723 -22.2628
    endloop
  endfacet
  facet normal -0.777251 0.615442 -0.130812
    outer loop
      vertex 36.368 -69.4895 -30.8089
      vertex 36.2731 -69.0733 -28.2869
      vertex 36.368 -68.956 -28.2989
    endloop
  endfacet
  facet normal -0.777056 0.615681 -0.130844
    outer loop
      vertex 36.2731 -69.0733 -28.2869
      vertex 36.368 -69.4895 -30.8089
      vertex 36.2663 -69.6152 -30.7964
    endloop
  endfacet
  facet normal -0.965817 0.253562 -0.0538852
    outer loop
      vertex 36.684 -65.0766 -13.3023
      vertex 36.6521 -64.1535 -8.3868
      vertex 36.6895 -64.0172 -8.41577
    endloop
  endfacet
  facet normal -0.965957 0.253048 -0.0537895
    outer loop
      vertex 36.6521 -64.1535 -8.3868
      vertex 36.684 -65.0766 -13.3023
      vertex 36.6521 -65.1931 -13.2775
    endloop
  endfacet
  facet normal -0.96601 0.252853 -0.0537593
    outer loop
      vertex 36.6739 -67.0523 -22.4159
      vertex 36.6521 -66.976 -21.6653
      vertex 36.6747 -66.8934 -21.6829
    endloop
  endfacet
  facet normal -0.965955 0.25306 -0.0537787
    outer loop
      vertex 36.6521 -66.976 -21.6653
      vertex 36.6739 -67.0523 -22.4159
      vertex 36.6521 -67.1319 -22.3989
    endloop
  endfacet
  facet normal -0.965902 0.253253 -0.0538146
    outer loop
      vertex 36.6645 -68.8869 -30.8789
      vertex 36.6521 -68.3999 -28.3645
      vertex 36.6673 -68.3435 -28.3719
    endloop
  endfacet
  facet normal -0.96612 0.252452 -0.0536606
    outer loop
      vertex 36.6521 -68.3999 -28.3645
      vertex 36.6645 -68.8869 -30.8789
      vertex 36.6521 -68.9331 -30.873
    endloop
  endfacet
  facet normal -0.966106 0.252505 -0.0536735
    outer loop
      vertex 36.7063 -64.9953 -13.3196
      vertex 36.6895 -64.0172 -8.41577
      vertex 36.7063 -63.9557 -8.42884
    endloop
  endfacet
  facet normal -0.965844 0.253462 -0.0538636
    outer loop
      vertex 36.6895 -64.0172 -8.41577
      vertex 36.7063 -64.9953 -13.3196
      vertex 36.684 -65.0766 -13.3023
    endloop
  endfacet
  facet normal -0.96584 0.253479 -0.0538677
    outer loop
      vertex 36.7063 -66.9341 -22.441
      vertex 36.6747 -66.8934 -21.6829
      vertex 36.7063 -66.7782 -21.7074
    endloop
  endfacet
  facet normal -0.965881 0.253322 -0.053861
    outer loop
      vertex 36.6747 -66.8934 -21.6829
      vertex 36.7063 -66.9341 -22.441
      vertex 36.6739 -67.0523 -22.4159
    endloop
  endfacet
  facet normal -0.965889 0.253298 -0.053833
    outer loop
      vertex 36.7063 -68.7318 -30.8987
      vertex 36.6673 -68.3435 -28.3719
      vertex 36.7063 -68.1988 -28.3908
    endloop
  endfacet
  facet normal -0.965855 0.253426 -0.0538522
    outer loop
      vertex 36.6673 -68.3435 -28.3719
      vertex 36.7063 -68.7318 -30.8987
      vertex 36.6645 -68.8869 -30.8789
    endloop
  endfacet
  facet normal -0.890794 0.444477 -0.0944805
    outer loop
      vertex 36.5771 -65.3843 -13.2369
      vertex 36.565 -64.3679 -8.34123
      vertex 36.5771 -64.3447 -8.34617
    endloop
  endfacet
  facet normal -0.890729 0.444601 -0.094506
    outer loop
      vertex 36.565 -64.3679 -8.34123
      vertex 36.5771 -65.3843 -13.2369
      vertex 36.565 -65.4075 -13.232
    endloop
  endfacet
  facet normal -0.890746 0.444574 -0.094478
    outer loop
      vertex 36.5771 -67.3231 -22.3583
      vertex 36.5374 -67.2433 -21.6085
      vertex 36.5771 -67.1672 -21.6247
    endloop
  endfacet
  facet normal -0.890692 0.44468 -0.0944864
    outer loop
      vertex 36.5374 -67.2433 -21.6085
      vertex 36.5771 -67.3231 -22.3583
      vertex 36.5388 -67.3965 -22.3427
    endloop
  endfacet
  facet normal -0.891165 0.443765 -0.0943245
    outer loop
      vertex 36.5771 -69.1279 -30.8493
      vertex 36.5505 -68.6467 -28.3341
      vertex 36.5771 -68.5946 -28.3403
    endloop
  endfacet
  facet normal -0.89059 0.444875 -0.0945306
    outer loop
      vertex 36.5505 -68.6467 -28.3341
      vertex 36.5771 -69.1279 -30.8493
      vertex 36.5553 -69.1705 -30.8444
    endloop
  endfacet
  facet normal 0.933656 -0.350347 0.0744536
    outer loop
      vertex 11.3916 -44.6254 -26.4161
      vertex 11.4229 -44.7015 -27.1667
      vertex 11.4229 -44.5456 -26.4331
    endloop
  endfacet
  facet normal 0.933662 -0.350332 0.0744523
    outer loop
      vertex 11.4229 -44.7015 -27.1667
      vertex 11.3916 -44.6254 -26.4161
      vertex 11.3927 -44.7785 -27.1503
    endloop
  endfacet
  facet normal 0.933722 -0.350175 0.0744347
    outer loop
      vertex 11.3996 -45.7146 -31.6408
      vertex 11.4229 -46.1737 -34.0929
      vertex 11.4229 -45.6543 -31.6494
    endloop
  endfacet
  facet normal 0.933601 -0.350487 0.0744918
    outer loop
      vertex 11.4229 -46.1737 -34.0929
      vertex 11.3996 -45.7146 -31.6408
      vertex 11.4033 -46.2244 -34.0858
    endloop
  endfacet
  facet normal 0.453672 0.871702 -0.185249
    outer loop
      vertex 12.4365 -68.3145 -22.1476
      vertex 12.3586 -68.1198 -21.4222
      vertex 12.4365 -68.1586 -21.414
    endloop
  endfacet
  facet normal 0.453612 0.87173 -0.185263
    outer loop
      vertex 12.3586 -68.1198 -21.4222
      vertex 12.4365 -68.3145 -22.1476
      vertex 12.3614 -68.2771 -22.1555
    endloop
  endfacet
  facet normal 0.453341 0.871857 -0.185331
    outer loop
      vertex 12.4365 -70.1399 -30.735
      vertex 12.3846 -69.5807 -28.2313
      vertex 12.4365 -69.6069 -28.2276
    endloop
  endfacet
  facet normal 0.455678 0.870703 -0.185025
    outer loop
      vertex 12.3846 -69.5807 -28.2313
      vertex 12.4365 -70.1399 -30.735
      vertex 12.3942 -70.1184 -30.738
    endloop
  endfacet
  facet normal 0.258677 -0.944857 0.200826
    outer loop
      vertex 12.632 -41.6978 -18.2716
      vertex 12.7713 -40.6218 -13.3886
      vertex 12.632 -40.6583 -13.3809
    endloop
  endfacet
  facet normal 0.25865 -0.944864 0.200828
    outer loop
      vertex 12.7713 -40.6218 -13.3886
      vertex 12.632 -41.6978 -18.2716
      vertex 12.7511 -41.6666 -18.2782
    endloop
  endfacet
  facet normal 0.258598 -0.944858 0.200924
    outer loop
      vertex 12.632 -43.6367 -27.393
      vertex 12.7164 -43.4586 -26.6641
      vertex 12.632 -43.4807 -26.6594
    endloop
  endfacet
  facet normal 0.259449 -0.944656 0.200776
    outer loop
      vertex 12.7164 -43.4586 -26.6641
      vertex 12.632 -43.6367 -27.393
      vertex 12.7134 -43.6153 -27.3975
    endloop
  endfacet
  facet normal 0.258783 -0.944826 0.200834
    outer loop
      vertex 12.632 -45.093 -34.2444
      vertex 12.6952 -44.5574 -31.8061
      vertex 12.632 -44.5742 -31.8037
    endloop
  endfacet
  facet normal 0.260133 -0.944479 0.200723
    outer loop
      vertex 12.6952 -44.5574 -31.8061
      vertex 12.632 -45.093 -34.2444
      vertex 12.6851 -45.0788 -34.2464
    endloop
  endfacet
  facet normal 0.259007 -0.944771 0.200807
    outer loop
      vertex 12.7511 -41.6666 -18.2782
      vertex 12.8342 -40.6053 -13.3921
      vertex 12.7713 -40.6218 -13.3886
    endloop
  endfacet
  facet normal 0.25919 -0.944724 0.200793
    outer loop
      vertex 12.8342 -40.6053 -13.3921
      vertex 12.7511 -41.6666 -18.2782
      vertex 12.8342 -41.6448 -18.2829
    endloop
  endfacet
  facet normal 0.259068 -0.944756 0.200799
    outer loop
      vertex 12.7134 -43.6153 -27.3975
      vertex 12.8342 -43.4277 -26.6707
      vertex 12.7164 -43.4586 -26.6641
    endloop
  endfacet
  facet normal 0.258483 -0.944888 0.20093
    outer loop
      vertex 12.8342 -43.4277 -26.6707
      vertex 12.7134 -43.6153 -27.3975
      vertex 12.8342 -43.5837 -27.4043
    endloop
  endfacet
  facet normal 0.259134 -0.944741 0.200783
    outer loop
      vertex 12.6851 -45.0788 -34.2464
      vertex 12.8342 -44.5204 -31.8114
      vertex 12.6952 -44.5574 -31.8061
    endloop
  endfacet
  facet normal 0.258377 -0.944929 0.200873
    outer loop
      vertex 12.8342 -44.5204 -31.8114
      vertex 12.6851 -45.0788 -34.2464
      vertex 12.8342 -45.0392 -34.2519
    endloop
  endfacet
  facet normal 0.933638 0.35039 -0.074475
    outer loop
      vertex 11.4229 -64.3447 -8.34617
      vertex 11.3921 -65.3057 -13.2536
      vertex 11.3996 -64.2853 -8.3588
    endloop
  endfacet
  facet normal 0.933756 0.350088 -0.0744166
    outer loop
      vertex 11.3921 -65.3057 -13.2536
      vertex 11.4229 -64.3447 -8.34617
      vertex 11.4229 -65.3843 -13.2369
    endloop
  endfacet
  facet normal 0.933634 0.350403 -0.0744671
    outer loop
      vertex 11.4229 -67.1672 -21.6247
      vertex 11.3781 -67.2089 -22.3826
      vertex 11.3792 -67.0558 -21.6484
    endloop
  endfacet
  facet normal 0.93363 0.350412 -0.0744674
    outer loop
      vertex 11.3781 -67.2089 -22.3826
      vertex 11.4229 -67.1672 -21.6247
      vertex 11.4229 -67.3231 -22.3583
    endloop
  endfacet
  facet normal 0.933565 0.350578 -0.07451
    outer loop
      vertex 11.4229 -68.5946 -28.3403
      vertex 11.3651 -68.9778 -30.8675
      vertex 11.3689 -68.4545 -28.3577
    endloop
  endfacet
  facet normal 0.933604 0.350476 -0.0744954
    outer loop
      vertex 11.3651 -68.9778 -30.8675
      vertex 11.4229 -68.5946 -28.3403
      vertex 11.4229 -69.1279 -30.8493
    endloop
  endfacet
  facet normal 0.890794 0.444477 -0.0944805
    outer loop
      vertex 11.435 -64.3679 -8.34123
      vertex 11.4229 -65.3843 -13.2369
      vertex 11.4229 -64.3447 -8.34617
    endloop
  endfacet
  facet normal 0.890729 0.444601 -0.094506
    outer loop
      vertex 11.4229 -65.3843 -13.2369
      vertex 11.435 -64.3679 -8.34123
      vertex 11.435 -65.4075 -13.232
    endloop
  endfacet
  facet normal 0.890746 0.444574 -0.094478
    outer loop
      vertex 11.4626 -67.2433 -21.6085
      vertex 11.4229 -67.3231 -22.3583
      vertex 11.4229 -67.1672 -21.6247
    endloop
  endfacet
  facet normal 0.890692 0.44468 -0.0944864
    outer loop
      vertex 11.4229 -67.3231 -22.3583
      vertex 11.4626 -67.2433 -21.6085
      vertex 11.4612 -67.3965 -22.3427
    endloop
  endfacet
  facet normal 0.891165 0.443765 -0.0943245
    outer loop
      vertex 11.4495 -68.6467 -28.3341
      vertex 11.4229 -69.1279 -30.8493
      vertex 11.4229 -68.5946 -28.3403
    endloop
  endfacet
  facet normal 0.89059 0.444875 -0.0945306
    outer loop
      vertex 11.4229 -69.1279 -30.8493
      vertex 11.4495 -68.6467 -28.3341
      vertex 11.4447 -69.1705 -30.8444
    endloop
  endfacet
  facet normal 0.987848 -0.152028 0.0323226
    outer loop
      vertex 11.261 -42.3143 -13.0289
      vertex 11.2744 -43.2708 -17.9373
      vertex 11.2711 -42.2515 -13.0422
    endloop
  endfacet
  facet normal 0.987791 -0.152383 0.0323916
    outer loop
      vertex 11.2744 -43.2708 -17.9373
      vertex 11.261 -42.3143 -13.0289
      vertex 11.261 -43.3539 -17.9196
    endloop
  endfacet
  facet normal 0.987781 -0.15244 0.0324146
    outer loop
      vertex 11.261 -45.1368 -26.3074
      vertex 11.2805 -45.1719 -27.0667
      vertex 11.28 -45.019 -26.3324
    endloop
  endfacet
  facet normal 0.987764 -0.152551 0.0324193
    outer loop
      vertex 11.2805 -45.1719 -27.0667
      vertex 11.261 -45.1368 -26.3074
      vertex 11.261 -45.2927 -27.041
    endloop
  endfacet
  facet normal 0.987764 -0.15254 0.0324516
    outer loop
      vertex 11.261 -46.254 -31.5637
      vertex 11.2852 -46.622 -34.0301
      vertex 11.2835 -46.1126 -31.5839
    endloop
  endfacet
  facet normal 0.987704 -0.15292 0.0325077
    outer loop
      vertex 11.2852 -46.622 -34.0301
      vertex 11.261 -46.254 -31.5637
      vertex 11.261 -46.7738 -34.0089
    endloop
  endfacet
  facet normal 0.987709 -0.152889 0.0324954
    outer loop
      vertex 11.2711 -42.2515 -13.0422
      vertex 11.2816 -43.2261 -17.9468
      vertex 11.2816 -42.1866 -13.056
    endloop
  endfacet
  facet normal 0.987815 -0.152233 0.0323651
    outer loop
      vertex 11.2816 -43.2261 -17.9468
      vertex 11.2711 -42.2515 -13.0422
      vertex 11.2744 -43.2708 -17.9373
    endloop
  endfacet
  facet normal 0.98766 -0.15319 0.0325759
    outer loop
      vertex 11.28 -45.019 -26.3324
      vertex 11.2937 -45.0905 -27.084
      vertex 11.2937 -44.9345 -26.3504
    endloop
  endfacet
  facet normal 0.987652 -0.153236 0.0325801
    outer loop
      vertex 11.2937 -45.0905 -27.084
      vertex 11.28 -45.019 -26.3324
      vertex 11.2805 -45.1719 -27.0667
    endloop
  endfacet
  facet normal 0.987613 -0.153482 0.0326226
    outer loop
      vertex 11.2835 -46.1126 -31.5839
      vertex 11.2937 -46.5685 -34.0376
      vertex 11.2937 -46.0489 -31.593
    endloop
  endfacet
  facet normal 0.987788 -0.152393 0.0324211
    outer loop
      vertex 11.2937 -46.5685 -34.0376
      vertex 11.2835 -46.1126 -31.5839
      vertex 11.2852 -46.622 -34.0301
    endloop
  endfacet
  facet normal -0.453743 -0.871658 0.185282
    outer loop
      vertex 35.6215 -40.7606 -13.3591
      vertex 35.75 -41.8642 -18.2363
      vertex 35.75 -40.8246 -13.3455
    endloop
  endfacet
  facet normal -0.454103 -0.871481 0.185232
    outer loop
      vertex 35.75 -41.8642 -18.2363
      vertex 35.6215 -40.7606 -13.3591
      vertex 35.6401 -41.8094 -18.2479
    endloop
  endfacet
  facet normal -0.454749 -0.87117 0.18511
    outer loop
      vertex 35.6721 -43.6082 -26.6323
      vertex 35.75 -43.803 -27.3577
      vertex 35.75 -43.6471 -26.624
    endloop
  endfacet
  facet normal -0.453612 -0.871706 0.185376
    outer loop
      vertex 35.75 -43.803 -27.3577
      vertex 35.6721 -43.6082 -26.6323
      vertex 35.6749 -43.7656 -27.3656
    endloop
  endfacet
  facet normal -0.453703 -0.871677 0.185291
    outer loop
      vertex 35.6918 -44.7135 -31.7838
      vertex 35.75 -45.2618 -34.2207
      vertex 35.75 -44.7429 -31.7796
    endloop
  endfacet
  facet normal -0.455002 -0.871037 0.185116
    outer loop
      vertex 35.75 -45.2618 -34.2207
      vertex 35.6918 -44.7135 -31.7838
      vertex 35.7011 -45.237 -34.2242
    endloop
  endfacet
  facet normal -0.629023 -0.760397 0.161635
    outer loop
      vertex 35.9256 -40.9362 -13.3218
      vertex 36.0124 -42.0445 -18.1979
      vertex 36.0124 -41.0049 -13.3072
    endloop
  endfacet
  facet normal -0.629552 -0.759982 0.161531
    outer loop
      vertex 36.0124 -42.0445 -18.1979
      vertex 35.9256 -40.9362 -13.3218
      vertex 35.9256 -41.9757 -18.2125
    endloop
  endfacet
  facet normal -0.629391 -0.760114 0.161537
    outer loop
      vertex 35.9256 -43.7586 -26.6003
      vertex 35.9911 -43.9664 -27.3229
      vertex 35.9935 -43.8124 -26.5889
    endloop
  endfacet
  facet normal -0.629407 -0.760102 0.161532
    outer loop
      vertex 35.9911 -43.9664 -27.3229
      vertex 35.9256 -43.7586 -26.6003
      vertex 35.9256 -43.9145 -27.3339
    endloop
  endfacet
  facet normal -0.628954 -0.760452 0.161648
    outer loop
      vertex 35.9256 -44.8561 -31.7634
      vertex 35.9682 -45.4093 -34.2001
      vertex 35.9763 -44.8968 -31.7576
    endloop
  endfacet
  facet normal -0.629889 -0.759716 0.161465
    outer loop
      vertex 35.9682 -45.4093 -34.2001
      vertex 35.9256 -44.8561 -31.7634
      vertex 35.9256 -45.375 -34.2049
    endloop
  endfacet
  facet normal -0.629409 -0.760104 0.16151
    outer loop
      vertex 35.9935 -43.8124 -26.5889
      vertex 36.0883 -44.0434 -27.3066
      vertex 36.0883 -43.8875 -26.5729
    endloop
  endfacet
  facet normal -0.629298 -0.760188 0.161552
    outer loop
      vertex 36.0883 -44.0434 -27.3066
      vertex 35.9935 -43.8124 -26.5889
      vertex 35.9911 -43.9664 -27.3229
    endloop
  endfacet
  facet normal -0.629402 -0.7601 0.161558
    outer loop
      vertex 35.9763 -44.8968 -31.7576
      vertex 36.0883 -45.5058 -34.1865
      vertex 36.0883 -44.9868 -31.7447
    endloop
  endfacet
  facet normal -0.629178 -0.760274 0.161612
    outer loop
      vertex 36.0883 -45.5058 -34.1865
      vertex 35.9763 -44.8968 -31.7576
      vertex 35.9682 -45.4093 -34.2001
    endloop
  endfacet
  facet normal -0.890882 -0.444315 0.0944106
    outer loop
      vertex 36.5203 -44.5925 -27.1898
      vertex 36.5771 -44.5456 -26.4331
      vertex 36.5217 -44.4393 -26.4556
    endloop
  endfacet
  facet normal -0.890915 -0.444249 0.094409
    outer loop
      vertex 36.5771 -44.5456 -26.4331
      vertex 36.5203 -44.5925 -27.1898
      vertex 36.5771 -44.7015 -27.1667
    endloop
  endfacet
  facet normal -0.890791 -0.444489 0.0944472
    outer loop
      vertex 36.5069 -46.0369 -34.1121
      vertex 36.5771 -45.6543 -31.6494
      vertex 36.5116 -45.5269 -31.6676
    endloop
  endfacet
  facet normal -0.891043 -0.444 0.0943783
    outer loop
      vertex 36.5771 -45.6543 -31.6494
      vertex 36.5069 -46.0369 -34.1121
      vertex 36.5771 -46.1737 -34.0929
    endloop
  endfacet
  facet normal -0.891439 -0.443232 0.0942405
    outer loop
      vertex 36.4821 -44.5191 -27.2055
      vertex 36.5217 -44.4393 -26.4556
      vertex 36.4821 -44.3631 -26.4718
    endloop
  endfacet
  facet normal -0.891223 -0.44366 0.0942745
    outer loop
      vertex 36.5217 -44.4393 -26.4556
      vertex 36.4821 -44.5191 -27.2055
      vertex 36.5203 -44.5925 -27.1898
    endloop
  endfacet
  facet normal -0.891478 -0.443163 0.0941977
    outer loop
      vertex 36.4821 -45.9886 -34.1189
      vertex 36.5116 -45.5269 -31.6676
      vertex 36.4821 -45.4693 -31.6758
    endloop
  endfacet
  facet normal -0.890953 -0.444179 0.0943827
    outer loop
      vertex 36.5116 -45.5269 -31.6676
      vertex 36.4821 -45.9886 -34.1189
      vertex 36.5069 -46.0369 -34.1121
    endloop
  endfacet
endsolid OpenSCAD_Model
