solid OpenSCAD_Model
  facet normal 0.998342 -0.0239424 0.0523382
    outer loop
      vertex 58.9343 49.2 41.2543
      vertex 57.9452 7.5 41.0453
      vertex 58 7.5 40
    endloop
  endfacet
  facet normal 0.258592 -0.041653 0.965088
    outer loop
      vertex 50.7082 49.2 51.4127
      vertex 49.4949 49.2 51.7378
      vertex 50.0791 7.5 49.7815
    endloop
  endfacet
  facet normal 0.998631 -0 0.0523081
    outer loop
      vertex 58.9343 49.2 41.2543
      vertex 59 50.2 40
      vertex 58.9343 50.2 41.2543
    endloop
  endfacet
  facet normal 0.998631 0 0.0523081
    outer loop
      vertex 59 50.2 40
      vertex 58.9343 49.2 41.2543
      vertex 59 49.2 40
    endloop
  endfacet
  facet normal 0.933255 -0.0254976 0.358308
    outer loop
      vertex 57.9625 49.2 44.8808
      vertex 57.1355 7.5 44.0674
      vertex 58.4127 49.2 43.7082
    endloop
  endfacet
  facet normal 0.998345 -0.0239411 0.0522931
    outer loop
      vertex 58.9343 49.2 41.2543
      vertex 58 7.5 40
      vertex 59 49.2 40
    endloop
  endfacet
  facet normal 0.997971 0.0362861 0.0523188
    outer loop
      vertex 58 99.9 40
      vertex 56.55 140.5 39.5
      vertex 57.9452 99.9 41.0453
    endloop
  endfacet
  facet normal 0.777085 0.00766366 -0.629349
    outer loop
      vertex 55.4314 99.9 3.3087
      vertex 55.0221 140.5 3.29771
      vertex 56.0902 99.9 4.12215
    endloop
  endfacet
  facet normal 0.777104 0.00766385 -0.629326
    outer loop
      vertex 55.0221 140.5 3.29771
      vertex 55.4314 99.9 3.3087
      vertex 54.4951 140.5 2.64696
    endloop
  endfacet
  facet normal 1 -0 0
    outer loop
      vertex 59 49.2 40
      vertex 59 50.2 12
      vertex 59 50.2 40
    endloop
  endfacet
  facet normal 1 0 0
    outer loop
      vertex 59 50.2 12
      vertex 59 49.2 40
      vertex 59 49.2 12
    endloop
  endfacet
  facet normal 0.707107 -0 0.707107
    outer loop
      vertex 55.0296 49.2 48.9177
      vertex 55.9177 50.2 48.0296
      vertex 55.0296 50.2 48.9177
    endloop
  endfacet
  facet normal 0.707107 0 0.707107
    outer loop
      vertex 55.9177 50.2 48.0296
      vertex 55.0296 49.2 48.9177
      vertex 55.9177 49.2 48.0296
    endloop
  endfacet
  facet normal 0.453418 0.0539352 0.889665
    outer loop
      vertex 52.55 140.5 46.4282
      vertex 52.0674 99.9 49.1355
      vertex 53 99.9 48.6602
    endloop
  endfacet
  facet normal 0 -0.0479024 0.998852
    outer loop
      vertex 44.5 44.5 51.7746
      vertex 47 49.2 52
      vertex 44.5 49.2 52
    endloop
  endfacet
  facet normal 7.51775e-06 -0.0479064 0.998852
    outer loop
      vertex 47 49.2 52
      vertex 44.5 44.5 51.7746
      vertex 48 7.5 50
    endloop
  endfacet
  facet normal 0 -0.0479071 0.998852
    outer loop
      vertex 29 7.5 50
      vertex 44.5 44.5 51.7746
      vertex 29 44.5 51.7746
    endloop
  endfacet
  facet normal 0 -0.0479071 0.998852
    outer loop
      vertex 44.5 44.5 51.7746
      vertex 29 7.5 50
      vertex 48 7.5 50
    endloop
  endfacet
  facet normal 0.838656 0.0110035 -0.544551
    outer loop
      vertex 56.0902 99.9 4.12215
      vertex 55.4782 140.5 4
      vertex 56.6602 99.9 5
    endloop
  endfacet
  facet normal 0.933563 0.0069809 -0.358346
    outer loop
      vertex 58.4127 50.2 8.29179
      vertex 57.1355 99.9 5.93263
      vertex 57.5106 99.9 6.90984
    endloop
  endfacet
  facet normal 0.987305 0.0280973 -0.156333
    outer loop
      vertex 57.7815 99.9 7.92088
      vertex 56.5062 140.5 7.16377
      vertex 57.9452 99.9 8.95471
    endloop
  endfacet
  facet normal 0.999713 -0.0239743 0
    outer loop
      vertex 59 49.2 40
      vertex 58.1079 12 15
      vertex 59 49.2 12
    endloop
  endfacet
  facet normal 0.999713 -0.0239739 -5.46605e-07
    outer loop
      vertex 58 7.5 40
      vertex 58.1079 12 15
      vertex 59 49.2 40
    endloop
  endfacet
  facet normal 0.999713 -0.0239709 0
    outer loop
      vertex 58.1079 12 15
      vertex 58 7.5 40
      vertex 58 7.5 15
    endloop
  endfacet
  facet normal 0.999713 -0.0239743 0
    outer loop
      vertex 59 49.2 12
      vertex 58.1079 12 15
      vertex 58.1079 12 10.2158
    endloop
  endfacet
  facet normal 0.997973 0.0362845 0.0522737
    outer loop
      vertex 56.55 140.5 39.5
      vertex 56.5062 140.5 40.3362
      vertex 57.9452 99.9 41.0453
    endloop
  endfacet
  facet normal 0.156161 0.0591344 0.98596
    outer loop
      vertex 50.2133 140.5 47.3252
      vertex 49.3862 140.5 47.4562
      vertex 50.0791 99.9 49.7815
    endloop
  endfacet
  facet normal 0.358424 0 0.933559
    outer loop
      vertex 50.7082 50.2 51.4127
      vertex 51.8808 49.2 50.9625
      vertex 51.8808 50.2 50.9625
    endloop
  endfacet
  facet normal 0.358424 0 0.933559
    outer loop
      vertex 51.8808 49.2 50.9625
      vertex 50.7082 50.2 51.4127
      vertex 50.7082 49.2 51.4127
    endloop
  endfacet
  facet normal 0.156441 0 0.987687
    outer loop
      vertex 48.2543 50.2 51.9343
      vertex 49.4949 49.2 51.7378
      vertex 49.4949 50.2 51.7378
    endloop
  endfacet
  facet normal 0.156441 0 0.987687
    outer loop
      vertex 49.4949 49.2 51.7378
      vertex 48.2543 50.2 51.9343
      vertex 48.2543 49.2 51.9343
    endloop
  endfacet
  facet normal 0.0523333 -0.000218056 -0.99863
    outer loop
      vertex 49.0453 7.5 0.0547791
      vertex 48 7.5 0
      vertex 48.55 139.5 0
    endloop
  endfacet
  facet normal 0 0 -1
    outer loop
      vertex 48 7.5 0
      vertex 45.4023 83.8974 0
      vertex 45.4956 85.426 0
    endloop
  endfacet
  facet normal 0 0 -1
    outer loop
      vertex 48 7.5 0
      vertex 45.3865 83.6374 0
      vertex 45.4023 83.8974 0
    endloop
  endfacet
  facet normal 0 0 -1
    outer loop
      vertex 48 7.5 0
      vertex 45.1387 82.1192 0
      vertex 45.3865 83.6374 0
    endloop
  endfacet
  facet normal 0 0 -1
    outer loop
      vertex 48 7.5 0
      vertex 45.0984 81.8725 0
      vertex 45.1387 82.1192 0
    endloop
  endfacet
  facet normal 0 0 -1
    outer loop
      vertex 48 7.5 0
      vertex 45.0343 81.6339 0
      vertex 45.0984 81.8725 0
    endloop
  endfacet
  facet normal 0 0 -1
    outer loop
      vertex 48 7.5 0
      vertex 44.6353 80.1503 0
      vertex 45.0343 81.6339 0
    endloop
  endfacet
  facet normal 0 0 -1
    outer loop
      vertex 48 7.5 0
      vertex 44.0843 78.7039 0
      vertex 44.6353 80.1503 0
    endloop
  endfacet
  facet normal 0 0 -1
    outer loop
      vertex 48 7.5 0
      vertex 44.0026 78.4894 0
      vertex 44.0843 78.7039 0
    endloop
  endfacet
  facet normal 0 0 -1
    outer loop
      vertex 48 7.5 0
      vertex 43.9008 78.2868 0
      vertex 44.0026 78.4894 0
    endloop
  endfacet
  facet normal 0 0 -1
    outer loop
      vertex 48 7.5 0
      vertex 43.2077 76.9075 0
      vertex 43.9008 78.2868 0
    endloop
  endfacet
  facet normal 0 0 -1
    outer loop
      vertex 48 7.5 0
      vertex 43.091 76.7245 0
      vertex 43.2077 76.9075 0
    endloop
  endfacet
  facet normal 0 0 -1
    outer loop
      vertex 48 7.5 0
      vertex 42.2597 75.4215 0
      vertex 43.091 76.7245 0
    endloop
  endfacet
  facet normal 0 0 -1
    outer loop
      vertex 48 7.5 0
      vertex 41.2948 74.2051 0
      vertex 42.2597 75.4215 0
    endloop
  endfacet
  facet normal 0 0 -1
    outer loop
      vertex 48 7.5 0
      vertex 41.1693 74.047 0
      vertex 41.2948 74.2051 0
    endloop
  endfacet
  facet normal 0 0 -1
    outer loop
      vertex 48 7.5 0
      vertex 41.0298 73.9044 0
      vertex 41.1693 74.047 0
    endloop
  endfacet
  facet normal 0 0 -1
    outer loop
      vertex 48 7.5 0
      vertex 39.9485 72.7985 0
      vertex 41.0298 73.9044 0
    endloop
  endfacet
  facet normal 0 0 -1
    outer loop
      vertex 48 7.5 0
      vertex 38.7544 71.8084 0
      vertex 39.9485 72.7985 0
    endloop
  endfacet
  facet normal 0 0 -1
    outer loop
      vertex 48 7.5 0
      vertex 38.6106 71.6891 0
      vertex 38.7544 71.8084 0
    endloop
  endfacet
  facet normal 0 0 -1
    outer loop
      vertex 48 7.5 0
      vertex 38.4566 71.5866 0
      vertex 38.6106 71.6891 0
    endloop
  endfacet
  facet normal 0 0 -1
    outer loop
      vertex 48 7.5 0
      vertex 37.1702 70.7302 0
      vertex 38.4566 71.5866 0
    endloop
  endfacet
  facet normal 0 0 -1
    outer loop
      vertex 48 7.5 0
      vertex 35.7983 70.0131 0
      vertex 37.1702 70.7302 0
    endloop
  endfacet
  facet normal 0 0 -1
    outer loop
      vertex 48 7.5 0
      vertex 35.6428 69.9318 0
      vertex 35.7983 70.0131 0
    endloop
  endfacet
  facet normal 0 0 -1
    outer loop
      vertex 48 7.5 0
      vertex 35.4807 69.868 0
      vertex 35.6428 69.9318 0
    endloop
  endfacet
  facet normal 0 0 -1
    outer loop
      vertex 48 7.5 0
      vertex 34.0448 69.3022 0
      vertex 35.4807 69.868 0
    endloop
  endfacet
  facet normal 0 0 -1
    outer loop
      vertex 48 7.5 0
      vertex 32.5556 68.8925 0
      vertex 34.0448 69.3022 0
    endloop
  endfacet
  facet normal 0 0 -1
    outer loop
      vertex 48 7.5 0
      vertex 32.3932 68.8478 0
      vertex 32.5556 68.8925 0
    endloop
  endfacet
  facet normal 0 0 -1
    outer loop
      vertex 29 7.5 0
      vertex 32.3932 68.8478 0
      vertex 48 7.5 0
    endloop
  endfacet
  facet normal 0 0 -1
    outer loop
      vertex 32.3932 68.8478 0
      vertex 29 7.5 0
      vertex 30.87 68.6 0
    endloop
  endfacet
  facet normal 0 0 -1
    outer loop
      vertex 30.87 68.6 0
      vertex 29 7.5 0
      vertex 30.7057 68.5733 0
    endloop
  endfacet
  facet normal 0 0 -1
    outer loop
      vertex 30.7057 68.5733 0
      vertex 29 7.5 0
      vertex 30.5397 68.5643 0
    endloop
  endfacet
  facet normal 0 0 -1
    outer loop
      vertex 30.5397 68.5643 0
      vertex 29 7.5 0
      vertex 29 68.4814 0
    endloop
  endfacet
  facet normal 0 0 -1
    outer loop
      vertex 45.4956 85.426 0
      vertex 48.55 139.5 0
      vertex 48 7.5 0
    endloop
  endfacet
  facet normal 0 0 -1
    outer loop
      vertex 45.4848 85.6966 0
      vertex 48.55 139.5 0
      vertex 45.4956 85.426 0
    endloop
  endfacet
  facet normal 0 0 -1
    outer loop
      vertex 45.4241 87.2187 0
      vertex 48.55 139.5 0
      vertex 45.4848 85.6966 0
    endloop
  endfacet
  facet normal 0 0 -1
    outer loop
      vertex 45.2125 88.7104 0
      vertex 48.55 139.5 0
      vertex 45.4241 87.2187 0
    endloop
  endfacet
  facet normal 0 0 -1
    outer loop
      vertex 45.1721 88.9958 0
      vertex 48.55 139.5 0
      vertex 45.2125 88.7104 0
    endloop
  endfacet
  facet normal 0 0 -1
    outer loop
      vertex 44.8131 90.4486 0
      vertex 48.55 139.5 0
      vertex 45.1721 88.9958 0
    endloop
  endfacet
  facet normal 0 0 -1
    outer loop
      vertex 44.7417 90.7376 0
      vertex 48.55 139.5 0
      vertex 44.8131 90.4486 0
    endloop
  endfacet
  facet normal 0 0 -1
    outer loop
      vertex 44.4477 91.9021 0
      vertex 48.55 139.5 0
      vertex 44.7417 90.7376 0
    endloop
  endfacet
  facet normal 0 0 -1
    outer loop
      vertex 44.1462 92.7488 0
      vertex 48.55 139.5 0
      vertex 44.4477 91.9021 0
    endloop
  endfacet
  facet normal 0 0 -1
    outer loop
      vertex 43.8454 93.5937 0
      vertex 48.55 139.5 0
      vertex 44.1462 92.7488 0
    endloop
  endfacet
  facet normal 0 0 -1
    outer loop
      vertex 43.4744 94.3766 0
      vertex 48.55 139.5 0
      vertex 43.8454 93.5937 0
    endloop
  endfacet
  facet normal 0 0 -1
    outer loop
      vertex 43.0795 95.2097 0
      vertex 48.55 139.5 0
      vertex 43.4744 94.3766 0
    endloop
  endfacet
  facet normal 0 0 -1
    outer loop
      vertex 42.5911 96.0168 0
      vertex 48.55 139.5 0
      vertex 43.0795 95.2097 0
    endloop
  endfacet
  facet normal 0 0 -1
    outer loop
      vertex 42.1583 96.732 0
      vertex 48.55 139.5 0
      vertex 42.5911 96.0168 0
    endloop
  endfacet
  facet normal 0 0 -1
    outer loop
      vertex 41.5784 97.4996 0
      vertex 48.55 139.5 0
      vertex 42.1583 96.732 0
    endloop
  endfacet
  facet normal 0 0 -1
    outer loop
      vertex 41.0917 98.1439 0
      vertex 48.55 139.5 0
      vertex 41.5784 97.4996 0
    endloop
  endfacet
  facet normal 0 0 -1
    outer loop
      vertex 40.4243 98.8586 0
      vertex 48.55 139.5 0
      vertex 41.0917 98.1439 0
    endloop
  endfacet
  facet normal 0 0 -1
    outer loop
      vertex 39.8913 99.4294 0
      vertex 48.55 139.5 0
      vertex 40.4243 98.8586 0
    endloop
  endfacet
  facet normal 0 0 -1
    outer loop
      vertex 39.3178 99.9265 0
      vertex 48.55 139.5 0
      vertex 39.8913 99.4294 0
    endloop
  endfacet
  facet normal 0 0 -1
    outer loop
      vertex 38.5703 100.574 0
      vertex 48.55 139.5 0
      vertex 39.3178 99.9265 0
    endloop
  endfacet
  facet normal 0 0 -1
    outer loop
      vertex 37.9646 100.995 0
      vertex 48.55 139.5 0
      vertex 38.5703 100.574 0
    endloop
  endfacet
  facet normal 0 0 -1
    outer loop
      vertex 37.1433 101.566 0
      vertex 48.55 139.5 0
      vertex 37.9646 100.995 0
    endloop
  endfacet
  facet normal 0 0 -1
    outer loop
      vertex 36.2557 102.049 0
      vertex 48.55 139.5 0
      vertex 37.1433 101.566 0
    endloop
  endfacet
  facet normal 0 0 -1
    outer loop
      vertex 35.6259 102.393 0
      vertex 48.55 139.5 0
      vertex 36.2557 102.049 0
    endloop
  endfacet
  facet normal 0 0 -1
    outer loop
      vertex 34.9744 102.66 0
      vertex 48.55 139.5 0
      vertex 35.6259 102.393 0
    endloop
  endfacet
  facet normal 0 0 -1
    outer loop
      vertex 34.0349 103.046 0
      vertex 48.55 139.5 0
      vertex 34.9744 102.66 0
    endloop
  endfacet
  facet normal 0 0 -1
    outer loop
      vertex 33.3691 103.236 0
      vertex 48.55 139.5 0
      vertex 34.0349 103.046 0
    endloop
  endfacet
  facet normal 0 0 -1
    outer loop
      vertex 32.388 103.517 0
      vertex 48.55 139.5 0
      vertex 33.3691 103.236 0
    endloop
  endfacet
  facet normal -0 0 -1
    outer loop
      vertex 48.55 139.5 0
      vertex 32.388 103.517 0
      vertex 29 140.5 0
    endloop
  endfacet
  facet normal 0 0 -1
    outer loop
      vertex 29 140.5 0
      vertex 32.388 103.517 0
      vertex 31.3777 103.688 0
    endloop
  endfacet
  facet normal 0 0 -1
    outer loop
      vertex 29 140.5 0
      vertex 31.3777 103.688 0
      vertex 30.7035 103.803 0
    endloop
  endfacet
  facet normal 0 0 -1
    outer loop
      vertex 29 140.5 0
      vertex 30.7035 103.803 0
      vertex 30.0241 103.841 0
    endloop
  endfacet
  facet normal 0 0 -1
    outer loop
      vertex 29 140.5 0
      vertex 30.0241 103.841 0
      vertex 29 103.898 0
    endloop
  endfacet
  facet normal 0 0 -1
    outer loop
      vertex 48.55 139.5 0
      vertex 29 140.5 0
      vertex 48.55 140.5 0
    endloop
  endfacet
  facet normal 0.965874 0.0103353 -0.258807
    outer loop
      vertex 58.4127 50.2 8.29179
      vertex 57.7815 99.9 7.92088
      vertex 58.7378 50.2 9.50507
    endloop
  endfacet
  facet normal 0.89102 0.00398682 -0.453946
    outer loop
      vertex 56.9902 77.5 5.4507
      vertex 57.1355 99.9 5.93263
      vertex 57.2512 77.5 5.963
    endloop
  endfacet
  facet normal 0.89096 0.00398975 -0.454064
    outer loop
      vertex 57.1355 99.9 5.93263
      vertex 56.9902 77.5 5.4507
      vertex 56.6602 99.9 5
    endloop
  endfacet
  facet normal 0.890927 0.00398684 -0.454129
    outer loop
      vertex 57.3923 50.2 6
      vertex 57.0638 72.5 5.55131
      vertex 57.2771 72.5 5.96977
    endloop
  endfacet
  facet normal 0.987298 0.0280962 -0.156379
    outer loop
      vertex 57.7815 99.9 7.92088
      vertex 56.3752 140.5 6.3367
      vertex 56.5062 140.5 7.16377
    endloop
  endfacet
  facet normal 0.544622 0.000501156 -0.838681
    outer loop
      vertex 53 99.9 1.33975
      vertex 52.55 140.5 1.07179
      vertex 53.8779 99.9 1.90984
    endloop
  endfacet
  facet normal 0.998404 -0.0214359 -0.0522478
    outer loop
      vertex 58.1008 12 10.0805
      vertex 58.052 12 9.14798
      vertex 58.9343 49.2 10.7457
    endloop
  endfacet
  facet normal 0.987484 0.02031 0.156409
    outer loop
      vertex 58.9343 50.2 41.2543
      vertex 57.9452 99.9 41.0453
      vertex 58.7378 50.2 42.4949
    endloop
  endfacet
  facet normal 0.998427 0.0200902 0.0523427
    outer loop
      vertex 58 99.9 40
      vertex 57.9452 99.9 41.0453
      vertex 58.9343 50.2 41.2543
    endloop
  endfacet
  facet normal 0.998429 0.0200891 0.0522975
    outer loop
      vertex 59 50.2 40
      vertex 58 99.9 40
      vertex 58.9343 50.2 41.2543
    endloop
  endfacet
  facet normal 0.965718 0.0207467 0.258761
    outer loop
      vertex 58.7378 50.2 42.4949
      vertex 57.7815 99.9 42.0791
      vertex 58.4127 50.2 43.7082
    endloop
  endfacet
  facet normal 0.890741 0.0222551 0.453966
    outer loop
      vertex 57.1355 99.9 44.0674
      vertex 56.6602 99.9 45
      vertex 57.3923 50.2 46
    endloop
  endfacet
  facet normal 0.543823 0.052074 0.837583
    outer loop
      vertex 53.8779 99.9 48.0902
      vertex 52.55 140.5 46.4282
      vertex 53 99.9 48.6602
    endloop
  endfacet
  facet normal 0.358082 -0.0392713 0.932864
    outer loop
      vertex 52.0674 7.5 49.1355
      vertex 50.7082 49.2 51.4127
      vertex 51.0902 7.5 49.5106
    endloop
  endfacet
  facet normal 0.706283 0.0482655 0.706283
    outer loop
      vertex 55.4314 99.9 46.6913
      vertex 53.903 140.5 45.4452
      vertex 54.6913 99.9 47.4314
    endloop
  endfacet
  facet normal 0.706342 0.048266 0.706223
    outer loop
      vertex 53.903 140.5 45.4452
      vertex 55.4314 99.9 46.6913
      vertex 54.4951 140.5 44.853
    endloop
  endfacet
  facet normal 0.453733 0.0310353 0.890597
    outer loop
      vertex 52.0674 99.9 49.1355
      vertex 51.8808 50.2 50.9625
      vertex 53 50.2 50.3923
    endloop
  endfacet
  facet normal 0.933345 0.0213954 0.358342
    outer loop
      vertex 58.4127 50.2 43.7082
      vertex 57.1355 99.9 44.0674
      vertex 57.9625 50.2 44.8808
    endloop
  endfacet
  facet normal 0.358364 -0.000507523 -0.933582
    outer loop
      vertex 51.0902 7.5 0.489441
      vertex 51.0221 139.5 0.391541
      vertex 52.0674 7.5 0.864548
    endloop
  endfacet
  facet normal 0.258823 -0.000582924 -0.965925
    outer loop
      vertex 51.0221 139.5 0.391541
      vertex 50.0791 7.5 0.218521
      vertex 50.2133 139.5 0.17482
    endloop
  endfacet
  facet normal 0 1 -0
    outer loop
      vertex 56.55 140.5 8
      vertex 35.5 140.5 14
      vertex 56.55 140.5 39.5
    endloop
  endfacet
  facet normal 0 1 0
    outer loop
      vertex 48.55 140.5 0
      vertex 56.55 140.5 8
      vertex 56.5062 140.5 7.16377
    endloop
  endfacet
  facet normal 0 1 0
    outer loop
      vertex 48.55 140.5 0
      vertex 56.5062 140.5 7.16377
      vertex 56.3752 140.5 6.3367
    endloop
  endfacet
  facet normal 0 1 0
    outer loop
      vertex 48.55 140.5 0
      vertex 56.3752 140.5 6.3367
      vertex 56.1584 140.5 5.52786
    endloop
  endfacet
  facet normal 0 1 0
    outer loop
      vertex 56.55 140.5 8
      vertex 48.55 140.5 0
      vertex 35.5 140.5 14
    endloop
  endfacet
  facet normal 0 1 0
    outer loop
      vertex 48.55 140.5 0
      vertex 56.1584 140.5 5.52786
      vertex 55.8584 140.5 4.74611
    endloop
  endfacet
  facet normal 0 1 0
    outer loop
      vertex 35.5 140.5 14
      vertex 48.55 140.5 0
      vertex 35.5 140.5 5.5
    endloop
  endfacet
  facet normal 0 1 0
    outer loop
      vertex 48.55 140.5 0
      vertex 55.8584 140.5 4.74611
      vertex 55.4782 140.5 4
    endloop
  endfacet
  facet normal 0 1 0
    outer loop
      vertex 48.55 140.5 0
      vertex 55.4782 140.5 4
      vertex 55.0221 140.5 3.29771
    endloop
  endfacet
  facet normal 0 1 0
    outer loop
      vertex 48.55 140.5 0
      vertex 55.0221 140.5 3.29771
      vertex 54.4951 140.5 2.64696
    endloop
  endfacet
  facet normal 0 1 0
    outer loop
      vertex 48.55 140.5 0
      vertex 54.4951 140.5 2.64696
      vertex 53.903 140.5 2.05484
    endloop
  endfacet
  facet normal 0 1 0
    outer loop
      vertex 48.55 140.5 0
      vertex 53.903 140.5 2.05484
      vertex 53.2523 140.5 1.52786
    endloop
  endfacet
  facet normal 0 1 0
    outer loop
      vertex 48.55 140.5 0
      vertex 53.2523 140.5 1.52786
      vertex 52.55 140.5 1.07179
    endloop
  endfacet
  facet normal 0 1 0
    outer loop
      vertex 48.55 140.5 0
      vertex 52.55 140.5 1.07179
      vertex 51.8039 140.5 0.691635
    endloop
  endfacet
  facet normal 0 1 0
    outer loop
      vertex 48.55 140.5 0
      vertex 51.8039 140.5 0.691635
      vertex 51.0221 140.5 0.391541
    endloop
  endfacet
  facet normal 0 1 0
    outer loop
      vertex 48.55 140.5 0
      vertex 51.0221 140.5 0.391541
      vertex 50.2133 140.5 0.17482
    endloop
  endfacet
  facet normal 0 1 0
    outer loop
      vertex 48.55 140.5 0
      vertex 50.2133 140.5 0.17482
      vertex 49.3862 140.5 0.0438232
    endloop
  endfacet
  facet normal 0 1 0
    outer loop
      vertex 29 140.5 0
      vertex 35.5 140.5 5.5
      vertex 48.55 140.5 0
    endloop
  endfacet
  facet normal 0 1 0
    outer loop
      vertex 35.5 140.5 5.5
      vertex 29 140.5 0
      vertex 29 140.5 5.5
    endloop
  endfacet
  facet normal 0 1 0
    outer loop
      vertex 56.55 140.5 39.5
      vertex 48.55 140.5 47.5
      vertex 49.3862 140.5 47.4562
    endloop
  endfacet
  facet normal 0 1 0
    outer loop
      vertex 56.55 140.5 39.5
      vertex 49.3862 140.5 47.4562
      vertex 50.2133 140.5 47.3252
    endloop
  endfacet
  facet normal 0 1 0
    outer loop
      vertex 56.55 140.5 39.5
      vertex 50.2133 140.5 47.3252
      vertex 51.0221 140.5 47.1085
    endloop
  endfacet
  facet normal 0 1 0
    outer loop
      vertex 56.55 140.5 39.5
      vertex 51.0221 140.5 47.1085
      vertex 51.8039 140.5 46.8084
    endloop
  endfacet
  facet normal 0 1 0
    outer loop
      vertex 56.55 140.5 39.5
      vertex 51.8039 140.5 46.8084
      vertex 52.55 140.5 46.4282
    endloop
  endfacet
  facet normal 0 1 0
    outer loop
      vertex 56.55 140.5 39.5
      vertex 52.55 140.5 46.4282
      vertex 53.2523 140.5 45.9721
    endloop
  endfacet
  facet normal 0 1 0
    outer loop
      vertex 56.55 140.5 39.5
      vertex 53.2523 140.5 45.9721
      vertex 53.903 140.5 45.4452
    endloop
  endfacet
  facet normal 0 1 0
    outer loop
      vertex 56.55 140.5 39.5
      vertex 53.903 140.5 45.4452
      vertex 54.4951 140.5 44.853
    endloop
  endfacet
  facet normal 0 1 0
    outer loop
      vertex 56.55 140.5 39.5
      vertex 54.4951 140.5 44.853
      vertex 55.0221 140.5 44.2023
    endloop
  endfacet
  facet normal 0 1 0
    outer loop
      vertex 56.55 140.5 39.5
      vertex 55.0221 140.5 44.2023
      vertex 55.4782 140.5 43.5
    endloop
  endfacet
  facet normal 0 1 0
    outer loop
      vertex 56.55 140.5 39.5
      vertex 55.4782 140.5 43.5
      vertex 55.8584 140.5 42.7539
    endloop
  endfacet
  facet normal 0 1 0
    outer loop
      vertex 56.55 140.5 39.5
      vertex 55.8584 140.5 42.7539
      vertex 56.1584 140.5 41.9721
    endloop
  endfacet
  facet normal 0 1 0
    outer loop
      vertex 56.55 140.5 39.5
      vertex 56.1584 140.5 41.9721
      vertex 56.3752 140.5 41.1633
    endloop
  endfacet
  facet normal 0 1 0
    outer loop
      vertex 56.55 140.5 39.5
      vertex 56.3752 140.5 41.1633
      vertex 56.5062 140.5 40.3362
    endloop
  endfacet
  facet normal 0 1 0
    outer loop
      vertex 48.55 140.5 47.5
      vertex 56.55 140.5 39.5
      vertex 35.5 140.5 14
    endloop
  endfacet
  facet normal 0 1 0
    outer loop
      vertex 48.55 140.5 47.5
      vertex 35.5 140.5 14
      vertex 29 140.5 47.5
    endloop
  endfacet
  facet normal 0 1 0
    outer loop
      vertex 29 140.5 47.5
      vertex 35.5 140.5 14
      vertex 29 140.5 14
    endloop
  endfacet
  facet normal 0.777108 0 -0.629367
    outer loop
      vertex 56.0902 77.5 4.12215
      vertex 55.4314 99.9 3.3087
      vertex 56.0902 99.9 4.12215
    endloop
  endfacet
  facet normal 0.777108 0 -0.629367
    outer loop
      vertex 55.4314 99.9 3.3087
      vertex 56.0902 77.5 4.12215
      vertex 55.4314 77.5 3.3087
    endloop
  endfacet
  facet normal 0.777108 0 -0.629367
    outer loop
      vertex 56.0902 12 4.12215
      vertex 55.4314 72.5 3.3087
      vertex 56.0902 72.5 4.12215
    endloop
  endfacet
  facet normal 0.77715 1.16263e-06 -0.629315
    outer loop
      vertex 55.5864 12 3.5
      vertex 55.4314 72.5 3.3087
      vertex 56.0902 12 4.12215
    endloop
  endfacet
  facet normal 0.776971 0 -0.629537
    outer loop
      vertex 55.4314 7.5 3.3087
      vertex 55.5864 12 3.5
      vertex 55.5864 7.5 3.5
    endloop
  endfacet
  facet normal 0.776971 0 -0.629537
    outer loop
      vertex 55.5864 12 3.5
      vertex 55.4314 7.5 3.3087
      vertex 55.4314 72.5 3.3087
    endloop
  endfacet
  facet normal 0.890891 0.0147563 -0.453977
    outer loop
      vertex 57.1355 99.9 5.93263
      vertex 55.4782 140.5 4
      vertex 55.8584 140.5 4.74611
    endloop
  endfacet
  facet normal 0.998082 0.0330682 -0.0523251
    outer loop
      vertex 57.9452 99.9 8.95471
      vertex 56.55 140.5 8
      vertex 58 99.9 10
    endloop
  endfacet
  facet normal 0.629352 0 -0.77712
    outer loop
      vertex 54.6913 7.5 2.56856
      vertex 53.9899 72.5 2.00053
      vertex 54.6913 72.5 2.56856
    endloop
  endfacet
  facet normal 0.629296 0 -0.777166
    outer loop
      vertex 53.9899 72.5 2.00053
      vertex 53.8779 7.5 1.90984
      vertex 53.9899 77.5 2.00053
    endloop
  endfacet
  facet normal 0.629344 -1.38078e-07 -0.777126
    outer loop
      vertex 53.8779 7.5 1.90984
      vertex 53.9899 72.5 2.00053
      vertex 54.6913 7.5 2.56856
    endloop
  endfacet
  facet normal 0.629352 0 -0.77712
    outer loop
      vertex 53.9899 77.5 2.00053
      vertex 54.6913 99.9 2.56856
      vertex 54.6913 77.5 2.56856
    endloop
  endfacet
  facet normal 0.629344 4.00673e-07 -0.777126
    outer loop
      vertex 53.9899 77.5 2.00053
      vertex 53.8779 99.9 1.90984
      vertex 54.6913 99.9 2.56856
    endloop
  endfacet
  facet normal 0.629296 0 -0.777166
    outer loop
      vertex 53.8779 99.9 1.90984
      vertex 53.9899 77.5 2.00053
      vertex 53.8779 7.5 1.90984
    endloop
  endfacet
  facet normal 0.544622 0 -0.838681
    outer loop
      vertex 53 7.5 1.33975
      vertex 53.8779 99.9 1.90984
      vertex 53.8779 7.5 1.90984
    endloop
  endfacet
  facet normal 0.544622 0 -0.838681
    outer loop
      vertex 53.8779 99.9 1.90984
      vertex 53 7.5 1.33975
      vertex 53 99.9 1.33975
    endloop
  endfacet
  facet normal 0.511629 0 -0.859207
    outer loop
      vertex 52.55 139.5 1.07179
      vertex 53 99.9 1.33975
      vertex 53 7.5 1.33975
    endloop
  endfacet
  facet normal 0.511629 0 -0.859207
    outer loop
      vertex 53 99.9 1.33975
      vertex 52.55 139.5 1.07179
      vertex 52.55 140.5 1.07179
    endloop
  endfacet
  facet normal 0.454005 -0.000260986 -0.890999
    outer loop
      vertex 53 7.5 1.33975
      vertex 52.0674 7.5 0.864548
      vertex 52.55 139.5 1.07179
    endloop
  endfacet
  facet normal 0.999798 0.0201167 -0
    outer loop
      vertex 59 50.2 12
      vertex 58 99.9 40
      vertex 59 50.2 40
    endloop
  endfacet
  facet normal 0.999798 0.0201167 0
    outer loop
      vertex 58 99.9 40
      vertex 59 50.2 12
      vertex 58 99.9 10
    endloop
  endfacet
  facet normal 0.965186 0.0392676 0.258599
    outer loop
      vertex 57.7815 99.9 42.0791
      vertex 56.1584 140.5 41.9721
      vertex 57.5106 99.9 43.0902
    endloop
  endfacet
  facet normal 0.98749 0.0203089 0.156367
    outer loop
      vertex 57.9452 99.9 41.0453
      vertex 57.7815 99.9 42.0791
      vertex 58.7378 50.2 42.4949
    endloop
  endfacet
  facet normal 0.987687 -0 0.156441
    outer loop
      vertex 58.7378 49.2 42.4949
      vertex 58.9343 50.2 41.2543
      vertex 58.7378 50.2 42.4949
    endloop
  endfacet
  facet normal 0.987687 0 0.156441
    outer loop
      vertex 58.9343 50.2 41.2543
      vertex 58.7378 49.2 42.4949
      vertex 58.9343 49.2 41.2543
    endloop
  endfacet
  facet normal 0.986991 0.0377119 0.156288
    outer loop
      vertex 57.9452 99.9 41.0453
      vertex 56.5062 140.5 40.3362
      vertex 57.7815 99.9 42.0791
    endloop
  endfacet
  facet normal 0.0522513 -0.0465909 0.997547
    outer loop
      vertex 48.2543 49.2 51.9343
      vertex 47 49.2 52
      vertex 48 7.5 50
    endloop
  endfacet
  facet normal 0.453952 0 0.891026
    outer loop
      vertex 51.8808 50.2 50.9625
      vertex 53 49.2 50.3923
      vertex 53 50.2 50.3923
    endloop
  endfacet
  facet normal 0.453952 0 0.891026
    outer loop
      vertex 53 49.2 50.3923
      vertex 51.8808 50.2 50.9625
      vertex 51.8808 49.2 50.9625
    endloop
  endfacet
  facet normal 0.358148 -0.0392678 0.932839
    outer loop
      vertex 51.8808 49.2 50.9625
      vertex 50.7082 49.2 51.4127
      vertex 52.0674 7.5 49.1355
    endloop
  endfacet
  facet normal 0.357801 0.0557498 0.932132
    outer loop
      vertex 52.0674 99.9 49.1355
      vertex 51.0221 140.5 47.1085
      vertex 51.0902 99.9 49.5106
    endloop
  endfacet
  facet normal 0.629152 0.0275129 0.776795
    outer loop
      vertex 54.6913 99.9 47.4314
      vertex 53.8779 99.9 48.0902
      vertex 55.0296 50.2 48.9177
    endloop
  endfacet
  facet normal 0.89015 0.0426762 0.453665
    outer loop
      vertex 57.1355 99.9 44.0674
      vertex 55.4782 140.5 43.5
      vertex 56.6602 99.9 45
    endloop
  endfacet
  facet normal 0.0522568 0.0606707 0.996789
    outer loop
      vertex 48.55 140.5 47.5
      vertex 48 99.9 50
      vertex 49.0453 99.9 49.9452
    endloop
  endfacet
  facet normal 0.258659 0.0349573 0.965336
    outer loop
      vertex 50.0791 99.9 49.7815
      vertex 49.4949 50.2 51.7378
      vertex 50.7082 50.2 51.4127
    endloop
  endfacet
  facet normal -0 0.0614599 0.99811
    outer loop
      vertex 29 140.5 47.5
      vertex 48 99.9 50
      vertex 48.55 140.5 47.5
    endloop
  endfacet
  facet normal 0 0.0614599 0.99811
    outer loop
      vertex 48 99.9 50
      vertex 29 140.5 47.5
      vertex 29 99.9 50
    endloop
  endfacet
  facet normal 0.358357 0 -0.933585
    outer loop
      vertex 51.0221 139.5 0.391541
      vertex 51.8039 140.5 0.691635
      vertex 51.8039 139.5 0.691635
    endloop
  endfacet
  facet normal 0.358357 0 -0.933585
    outer loop
      vertex 51.8039 140.5 0.691635
      vertex 51.0221 139.5 0.391541
      vertex 51.0221 140.5 0.391541
    endloop
  endfacet
  facet normal 0.358357 -0.000507591 -0.933585
    outer loop
      vertex 52.0674 7.5 0.864548
      vertex 51.0221 139.5 0.391541
      vertex 51.8039 139.5 0.691635
    endloop
  endfacet
  facet normal 0.156431 -0.00048603 -0.987689
    outer loop
      vertex 50.0791 7.5 0.218521
      vertex 49.3862 139.5 0.0438232
      vertex 50.2133 139.5 0.17482
    endloop
  endfacet
  facet normal 0.156438 -0.000485991 -0.987688
    outer loop
      vertex 50.0791 7.5 0.218521
      vertex 49.0453 7.5 0.0547791
      vertex 49.3862 139.5 0.0438232
    endloop
  endfacet
  facet normal 0 -1 0
    outer loop
      vertex 29 7.5 15
      vertex 48 7.5 50
      vertex 29 7.5 50
    endloop
  endfacet
  facet normal -0 -1 0
    outer loop
      vertex 58 7.5 40
      vertex 48 7.5 50
      vertex 29 7.5 15
    endloop
  endfacet
  facet normal 0 -1 0
    outer loop
      vertex 49.0453 7.5 49.9452
      vertex 58 7.5 40
      vertex 50.0791 7.5 49.7815
    endloop
  endfacet
  facet normal 0 -1 0
    outer loop
      vertex 50.0791 7.5 49.7815
      vertex 58 7.5 40
      vertex 51.0902 7.5 49.5106
    endloop
  endfacet
  facet normal 0 -1 0
    outer loop
      vertex 51.0902 7.5 49.5106
      vertex 58 7.5 40
      vertex 52.0674 7.5 49.1355
    endloop
  endfacet
  facet normal 0 -1 0
    outer loop
      vertex 52.0674 7.5 49.1355
      vertex 58 7.5 40
      vertex 53 7.5 48.6602
    endloop
  endfacet
  facet normal 0 -1 0
    outer loop
      vertex 53 7.5 48.6602
      vertex 58 7.5 40
      vertex 53.8779 7.5 48.0902
    endloop
  endfacet
  facet normal 0 -1 0
    outer loop
      vertex 53.8779 7.5 48.0902
      vertex 58 7.5 40
      vertex 54.6913 7.5 47.4314
    endloop
  endfacet
  facet normal 0 -1 0
    outer loop
      vertex 54.6913 7.5 47.4314
      vertex 58 7.5 40
      vertex 55.4314 7.5 46.6913
    endloop
  endfacet
  facet normal 0 -1 0
    outer loop
      vertex 55.4314 7.5 46.6913
      vertex 58 7.5 40
      vertex 56.0902 7.5 45.8779
    endloop
  endfacet
  facet normal 0 -1 0
    outer loop
      vertex 56.0902 7.5 45.8779
      vertex 58 7.5 40
      vertex 56.6602 7.5 45
    endloop
  endfacet
  facet normal 0 -1 0
    outer loop
      vertex 56.6602 7.5 45
      vertex 58 7.5 40
      vertex 57.1355 7.5 44.0674
    endloop
  endfacet
  facet normal 0 -1 0
    outer loop
      vertex 57.1355 7.5 44.0674
      vertex 58 7.5 40
      vertex 57.5106 7.5 43.0902
    endloop
  endfacet
  facet normal 0 -1 0
    outer loop
      vertex 57.5106 7.5 43.0902
      vertex 58 7.5 40
      vertex 57.7815 7.5 42.0791
    endloop
  endfacet
  facet normal 0 -1 0
    outer loop
      vertex 57.7815 7.5 42.0791
      vertex 58 7.5 40
      vertex 57.9452 7.5 41.0453
    endloop
  endfacet
  facet normal 0 -1 0
    outer loop
      vertex 48 7.5 50
      vertex 58 7.5 40
      vertex 49.0453 7.5 49.9452
    endloop
  endfacet
  facet normal 0 -1 -0
    outer loop
      vertex 58 7.5 40
      vertex 29 7.5 15
      vertex 58 7.5 15
    endloop
  endfacet
  facet normal 0 -1 0
    outer loop
      vertex 48 7.5 0
      vertex 55.5864 7.5 3.5
      vertex 29 7.5 3.5
    endloop
  endfacet
  facet normal -0 -1 0
    outer loop
      vertex 54.6913 7.5 2.56856
      vertex 55.5864 7.5 3.5
      vertex 48 7.5 0
    endloop
  endfacet
  facet normal 0 -1 0
    outer loop
      vertex 55.5864 7.5 3.5
      vertex 54.6913 7.5 2.56856
      vertex 55.4314 7.5 3.3087
    endloop
  endfacet
  facet normal 0 -1 0
    outer loop
      vertex 54.6913 7.5 2.56856
      vertex 48 7.5 0
      vertex 53.8779 7.5 1.90984
    endloop
  endfacet
  facet normal 0 -1 0
    outer loop
      vertex 53.8779 7.5 1.90984
      vertex 48 7.5 0
      vertex 53 7.5 1.33975
    endloop
  endfacet
  facet normal 0 -1 0
    outer loop
      vertex 53 7.5 1.33975
      vertex 48 7.5 0
      vertex 52.0674 7.5 0.864548
    endloop
  endfacet
  facet normal 0 -1 0
    outer loop
      vertex 52.0674 7.5 0.864548
      vertex 48 7.5 0
      vertex 51.0902 7.5 0.489441
    endloop
  endfacet
  facet normal 0 -1 0
    outer loop
      vertex 51.0902 7.5 0.489441
      vertex 48 7.5 0
      vertex 50.0791 7.5 0.218521
    endloop
  endfacet
  facet normal 0 -1 0
    outer loop
      vertex 48 7.5 0
      vertex 29 7.5 3.5
      vertex 29 7.5 0
    endloop
  endfacet
  facet normal 0 -1 0
    outer loop
      vertex 50.0791 7.5 0.218521
      vertex 48 7.5 0
      vertex 49.0453 7.5 0.0547791
    endloop
  endfacet
  facet normal 0.89087 0.0147535 -0.454018
    outer loop
      vertex 56.6602 99.9 5
      vertex 55.4782 140.5 4
      vertex 57.1355 99.9 5.93263
    endloop
  endfacet
  facet normal 0.891009 -0.0047547 -0.45396
    outer loop
      vertex 57.2247 12 6.06067
      vertex 57.3923 49.2 6
      vertex 57.9625 49.2 7.11916
    endloop
  endfacet
  facet normal 0.891102 -0.00475482 -0.453778
    outer loop
      vertex 57.3923 49.2 6
      vertex 57.2247 12 6.06067
      vertex 57.1632 12 5.9399
    endloop
  endfacet
  facet normal 0.933448 0.0188935 -0.358215
    outer loop
      vertex 57.1355 99.9 5.93263
      vertex 55.8584 140.5 4.74611
      vertex 56.1584 140.5 5.52786
    endloop
  endfacet
  facet normal 0.453989 -0.000260915 -0.891007
    outer loop
      vertex 52.0674 7.5 0.864548
      vertex 51.8039 139.5 0.691635
      vertex 52.55 139.5 1.07179
    endloop
  endfacet
  facet normal 0.453989 0 -0.891007
    outer loop
      vertex 51.8039 139.5 0.691635
      vertex 52.55 140.5 1.07179
      vertex 52.55 139.5 1.07179
    endloop
  endfacet
  facet normal 0.453989 0 -0.891007
    outer loop
      vertex 52.55 140.5 1.07179
      vertex 51.8039 139.5 0.691635
      vertex 51.8039 140.5 0.691635
    endloop
  endfacet
  facet normal 0.965641 0.0233485 -0.258829
    outer loop
      vertex 57.7815 99.9 7.92088
      vertex 56.1584 140.5 5.52786
      vertex 56.3752 140.5 6.3367
    endloop
  endfacet
  facet normal 0.999363 0.0356787 1.58586e-05
    outer loop
      vertex 56.8723 131.475 33.5296
      vertex 56.55 140.5 39.5
      vertex 56.8714 131.5 34
    endloop
  endfacet
  facet normal 0.999363 0.0356974 -1.48609e-05
    outer loop
      vertex 56.55 140.5 39.5
      vertex 56.8723 131.475 34.4704
      vertex 56.8714 131.5 34
    endloop
  endfacet
  facet normal 0.999363 0.0356815 1.37682e-05
    outer loop
      vertex 56.55 140.5 39.5
      vertex 56.8749 131.402 34.9356
      vertex 56.8723 131.475 34.4704
    endloop
  endfacet
  facet normal 0.999361 0.0357303 -8.3712e-05
    outer loop
      vertex 56.55 140.5 39.5
      vertex 56.8793 131.28 35.3906
      vertex 56.8749 131.402 34.9356
    endloop
  endfacet
  facet normal 0.999364 0.035662 6.98089e-05
    outer loop
      vertex 56.55 140.5 39.5
      vertex 56.8853 131.111 35.8303
      vertex 56.8793 131.28 35.3906
    endloop
  endfacet
  facet normal 0.999361 0.0357339 -0.000114424
    outer loop
      vertex 56.55 140.5 39.5
      vertex 56.893 130.897 36.25
      vertex 56.8853 131.111 35.8303
    endloop
  endfacet
  facet normal 0.999364 0.0356645 9.09007e-05
    outer loop
      vertex 56.55 140.5 39.5
      vertex 56.9021 130.641 36.645
      vertex 56.893 130.897 36.25
    endloop
  endfacet
  facet normal 0.999363 0.0356864 1.53134e-05
    outer loop
      vertex 56.55 140.5 39.5
      vertex 56.9127 130.344 37.0111
      vertex 56.9021 130.641 36.645
    endloop
  endfacet
  facet normal 0.999363 0.0356946 -1.83416e-05
    outer loop
      vertex 56.55 140.5 39.5
      vertex 56.9246 130.011 37.3442
      vertex 56.9127 130.344 37.0111
    endloop
  endfacet
  facet normal 0.999362 0.0357068 -7.75039e-05
    outer loop
      vertex 56.55 140.5 39.5
      vertex 56.9377 129.645 37.6406
      vertex 56.9246 130.011 37.3442
    endloop
  endfacet
  facet normal 0.999363 0.0356893 2.44248e-05
    outer loop
      vertex 56.55 140.5 39.5
      vertex 56.9518 129.25 37.8971
      vertex 56.9377 129.645 37.6406
    endloop
  endfacet
  facet normal 0.999363 0.0356925 1.94707e-06
    outer loop
      vertex 56.55 140.5 39.5
      vertex 56.9668 128.83 38.111
      vertex 56.9518 129.25 37.8971
    endloop
  endfacet
  facet normal 0.999362 0.035704 -9.44481e-05
    outer loop
      vertex 56.55 140.5 39.5
      vertex 56.9825 128.391 38.2798
      vertex 56.9668 128.83 38.111
    endloop
  endfacet
  facet normal 0.999364 0.0356637 0.000305869
    outer loop
      vertex 56.55 140.5 39.5
      vertex 56.9987 127.936 38.4017
      vertex 56.9825 128.391 38.2798
    endloop
  endfacet
  facet normal 0.999364 0.0356581 0.000369965
    outer loop
      vertex 56.55 140.5 39.5
      vertex 57.0153 127.47 38.4753
      vertex 56.9987 127.936 38.4017
    endloop
  endfacet
  facet normal 0.999362 0.035708 -0.000264938
    outer loop
      vertex 56.55 140.5 39.5
      vertex 57.0321 127 38.5
      vertex 57.0153 127.47 38.4753
    endloop
  endfacet
  facet normal 0.999363 0.0356911 -3.67242e-05
    outer loop
      vertex 58 99.9 40
      vertex 57.0321 127 38.5
      vertex 56.55 140.5 39.5
    endloop
  endfacet
  facet normal 0.999363 0.0356936 1.50632e-05
    outer loop
      vertex 57.192 122.525 34.4704
      vertex 58 99.9 40
      vertex 57.1929 122.5 34
    endloop
  endfacet
  facet normal 0.999361 0.0357369 0.00019235
    outer loop
      vertex 57.1893 122.598 34.9356
      vertex 58 99.9 40
      vertex 57.192 122.525 34.4704
    endloop
  endfacet
  facet normal 0.999364 0.0356675 -0.00011906
    outer loop
      vertex 57.185 122.72 35.3906
      vertex 58 99.9 40
      vertex 57.1893 122.598 34.9356
    endloop
  endfacet
  facet normal 0.999363 0.0356763 -7.53247e-05
    outer loop
      vertex 57.179 122.889 35.8303
      vertex 58 99.9 40
      vertex 57.185 122.72 35.3906
    endloop
  endfacet
  facet normal 0.999362 0.0357127 0.000125271
    outer loop
      vertex 57.1713 123.103 36.25
      vertex 58 99.9 40
      vertex 57.179 122.889 35.8303
    endloop
  endfacet
  facet normal 0.999363 0.0356765 -9.86909e-05
    outer loop
      vertex 57.1622 123.359 36.645
      vertex 58 99.9 40
      vertex 57.1713 123.103 36.25
    endloop
  endfacet
  facet normal 0.999363 0.0356882 -1.68076e-05
    outer loop
      vertex 57.1516 123.656 37.0111
      vertex 58 99.9 40
      vertex 57.1622 123.359 36.645
    endloop
  endfacet
  facet normal 0.999363 0.0356929 2.0103e-05
    outer loop
      vertex 57.1397 123.989 37.3442
      vertex 58 99.9 40
      vertex 57.1516 123.656 37.0111
    endloop
  endfacet
  facet normal 0.999363 0.0357001 8.57564e-05
    outer loop
      vertex 57.1266 124.355 37.6406
      vertex 58 99.9 40
      vertex 57.1397 123.989 37.3442
    endloop
  endfacet
  facet normal 0.999363 0.0356894 -2.46211e-05
    outer loop
      vertex 57.1125 124.75 37.8971
      vertex 58 99.9 40
      vertex 57.1266 124.355 37.6406
    endloop
  endfacet
  facet normal 0.999363 0.0356915 1.82573e-15
    outer loop
      vertex 57.0975 125.17 38.111
      vertex 58 99.9 40
      vertex 57.1125 124.75 37.8971
    endloop
  endfacet
  facet normal 0.999363 0.0356995 0.000106216
    outer loop
      vertex 57.0818 125.609 38.2798
      vertex 58 99.9 40
      vertex 57.0975 125.17 38.111
    endloop
  endfacet
  facet normal 0.999362 0.0357141 0.000325507
    outer loop
      vertex 57.0655 126.064 38.4017
      vertex 58 99.9 40
      vertex 57.0818 125.609 38.2798
    endloop
  endfacet
  facet normal 0.999364 0.0356679 -0.000432082
    outer loop
      vertex 57.0489 126.53 38.4753
      vertex 58 99.9 40
      vertex 57.0655 126.064 38.4017
    endloop
  endfacet
  facet normal 0.999362 0.0357079 0.000266861
    outer loop
      vertex 57.0321 127 38.5
      vertex 58 99.9 40
      vertex 57.0489 126.53 38.4753
    endloop
  endfacet
  facet normal 0.999363 0.0357002 -1.67065e-05
    outer loop
      vertex 56.8749 131.402 33.0644
      vertex 56.55 140.5 39.5
      vertex 56.8723 131.475 33.5296
    endloop
  endfacet
  facet normal 0.999366 0.0356056 0.000117203
    outer loop
      vertex 56.8793 131.28 32.6094
      vertex 56.55 140.5 39.5
      vertex 56.8749 131.402 33.0644
    endloop
  endfacet
  facet normal 0.99936 0.0357787 -0.000114721
    outer loop
      vertex 56.8853 131.111 32.1697
      vertex 56.55 140.5 39.5
      vertex 56.8793 131.28 32.6094
    endloop
  endfacet
  facet normal 0.999369 0.0355115 0.000227987
    outer loop
      vertex 56.893 130.897 31.75
      vertex 56.55 140.5 39.5
      vertex 56.8853 131.111 32.1697
    endloop
  endfacet
  facet normal 0.999363 0.0356952 0
    outer loop
      vertex 56.55 140.5 39.5
      vertex 56.893 130.897 31.75
      vertex 56.55 140.5 8
    endloop
  endfacet
  facet normal 0.999366 0.0355901 -4.25834e-05
    outer loop
      vertex 56.9021 130.641 31.355
      vertex 56.55 140.5 8
      vertex 56.893 130.897 31.75
    endloop
  endfacet
  facet normal 0.999363 0.0356755 -6.47238e-06
    outer loop
      vertex 56.9127 130.344 30.9889
      vertex 56.55 140.5 8
      vertex 56.9021 130.641 31.355
    endloop
  endfacet
  facet normal 0.999362 0.0357059 6.99845e-06
    outer loop
      vertex 56.9246 130.011 30.6558
      vertex 56.55 140.5 8
      vertex 56.9127 130.344 30.9889
    endloop
  endfacet
  facet normal 0.999361 0.035748 2.64984e-05
    outer loop
      vertex 56.9377 129.645 30.3594
      vertex 56.55 140.5 8
      vertex 56.9246 130.011 30.6558
    endloop
  endfacet
  facet normal 0.999363 0.0356783 -7.3987e-06
    outer loop
      vertex 56.9518 129.25 30.1029
      vertex 56.55 140.5 8
      vertex 56.9377 129.645 30.3594
    endloop
  endfacet
  facet normal 0.999363 0.0356918 -5.1295e-07
    outer loop
      vertex 56.9668 128.83 29.889
      vertex 56.55 140.5 8
      vertex 56.9518 129.25 30.1029
    endloop
  endfacet
  facet normal 0.999361 0.0357322 2.10416e-05
    outer loop
      vertex 56.9825 128.391 29.7202
      vertex 56.55 140.5 8
      vertex 56.9668 128.83 29.889
    endloop
  endfacet
  facet normal 0.999366 0.0355965 -5.46983e-05
    outer loop
      vertex 56.9987 127.936 29.5983
      vertex 56.55 140.5 8
      vertex 56.9825 128.391 29.7202
    endloop
  endfacet
  facet normal 0.999366 0.0356074 -4.83609e-05
    outer loop
      vertex 57.0153 127.47 29.5247
      vertex 56.55 140.5 8
      vertex 56.9987 127.936 29.5983
    endloop
  endfacet
  facet normal 0.999362 0.0357208 2.03923e-05
    outer loop
      vertex 57.0321 127 29.5
      vertex 56.55 140.5 8
      vertex 57.0153 127.47 29.5247
    endloop
  endfacet
  facet normal 0.999362 0.035723 2.17841e-05
    outer loop
      vertex 57.0489 126.53 29.5247
      vertex 56.55 140.5 8
      vertex 57.0321 127 29.5
    endloop
  endfacet
  facet normal 0.999366 0.0355895 -6.49865e-05
    outer loop
      vertex 57.0655 126.064 29.5983
      vertex 56.55 140.5 8
      vertex 57.0489 126.53 29.5247
    endloop
  endfacet
  facet normal 0.999358 0.0358262 9.34388e-05
    outer loop
      vertex 57.0818 125.609 29.7202
      vertex 56.55 140.5 8
      vertex 57.0655 126.064 29.5983
    endloop
  endfacet
  facet normal 0.999362 0.0357243 -4.16374e-05
    outer loop
      vertex 58 99.9 10
      vertex 57.0818 125.609 29.7202
      vertex 57.0975 125.17 29.889
    endloop
  endfacet
  facet normal 0.999363 0.0356915 -7.74158e-16
    outer loop
      vertex 58 99.9 10
      vertex 57.0975 125.17 29.889
      vertex 57.1125 124.75 30.1029
    endloop
  endfacet
  facet normal 0.999363 0.0356815 1.2392e-05
    outer loop
      vertex 58 99.9 10
      vertex 57.1125 124.75 30.1029
      vertex 57.1266 124.355 30.3594
    endloop
  endfacet
  facet normal 0.999361 0.0357312 -4.73235e-05
    outer loop
      vertex 58 99.9 10
      vertex 57.1266 124.355 30.3594
      vertex 57.1397 123.989 30.6558
    endloop
  endfacet
  facet normal 0.999363 0.0357009 -1.20172e-05
    outer loop
      vertex 58 99.9 10
      vertex 57.1397 123.989 30.6558
      vertex 57.1516 123.656 30.9889
    endloop
  endfacet
  facet normal 0.999363 0.0356808 1.07896e-05
    outer loop
      vertex 58 99.9 10
      vertex 57.1516 123.656 30.9889
      vertex 57.1622 123.359 31.355
    endloop
  endfacet
  facet normal 0.999363 0.0356855 -1.54943e-05
    outer loop
      vertex 58 99.9 40
      vertex 57.192 122.525 33.5296
      vertex 57.1929 122.5 34
    endloop
  endfacet
  facet normal 0.999365 0.0356302 -0.000209112
    outer loop
      vertex 58 99.9 40
      vertex 57.1893 122.598 33.0644
      vertex 57.192 122.525 33.5296
    endloop
  endfacet
  facet normal 0.999361 0.035736 0.000137444
    outer loop
      vertex 58 99.9 40
      vertex 57.185 122.72 32.6094
      vertex 57.1893 122.598 33.0644
    endloop
  endfacet
  facet normal 0.999362 0.0357215 9.27132e-05
    outer loop
      vertex 58 99.9 40
      vertex 57.179 122.889 32.1697
      vertex 57.185 122.72 32.6094
    endloop
  endfacet
  facet normal 0.999363 0.03569 -0
    outer loop
      vertex 58 99.9 10
      vertex 57.179 122.889 32.1697
      vertex 58 99.9 40
    endloop
  endfacet
  facet normal 0.99936 0.0357783 -9.17441e-05
    outer loop
      vertex 57.179 122.889 32.1697
      vertex 58 99.9 10
      vertex 57.1713 123.103 31.75
    endloop
  endfacet
  facet normal 0.999365 0.035629 6.78241e-05
    outer loop
      vertex 57.1713 123.103 31.75
      vertex 58 99.9 10
      vertex 57.1622 123.359 31.355
    endloop
  endfacet
  facet normal 0.999363 0.0356916 1.02041e-06
    outer loop
      vertex 57.0818 125.609 29.7202
      vertex 58 99.9 10
      vertex 56.55 140.5 8
    endloop
  endfacet
  facet normal 0.998085 0.0330694 -0.0522776
    outer loop
      vertex 57.9452 99.9 8.95471
      vertex 56.5062 140.5 7.16377
      vertex 56.55 140.5 8
    endloop
  endfacet
  facet normal 0.891026 -0 0.453952
    outer loop
      vertex 57.3923 49.2 46
      vertex 57.9625 50.2 44.8808
      vertex 57.3923 50.2 46
    endloop
  endfacet
  facet normal 0.891026 0 0.453952
    outer loop
      vertex 57.9625 50.2 44.8808
      vertex 57.3923 49.2 46
      vertex 57.9625 49.2 44.8808
    endloop
  endfacet
  facet normal 0.965724 0.0207461 0.258742
    outer loop
      vertex 57.7815 99.9 42.0791
      vertex 57.5106 99.9 43.0902
      vertex 58.4127 50.2 43.7082
    endloop
  endfacet
  facet normal 0.965156 0.0392667 0.258712
    outer loop
      vertex 56.3752 140.5 41.1633
      vertex 56.1584 140.5 41.9721
      vertex 57.7815 99.9 42.0791
    endloop
  endfacet
  facet normal 2.87297e-06 0.0402088 0.999191
    outer loop
      vertex 48 99.9 50
      vertex 44.5 75.5 50.9819
      vertex 47 50.2 52
    endloop
  endfacet
  facet normal -0 0.0402093 0.999191
    outer loop
      vertex 29 99.9 50
      vertex 44.5 75.5 50.9819
      vertex 48 99.9 50
    endloop
  endfacet
  facet normal 0 0.0402093 0.999191
    outer loop
      vertex 44.5 75.5 50.9819
      vertex 29 99.9 50
      vertex 29 75.5 50.9819
    endloop
  endfacet
  facet normal 0 0.0402086 0.999191
    outer loop
      vertex 47 50.2 52
      vertex 44.5 75.5 50.9819
      vertex 44.5 50.2 52
    endloop
  endfacet
  facet normal 0.0523081 0 0.998631
    outer loop
      vertex 47 50.2 52
      vertex 48.2543 49.2 51.9343
      vertex 48.2543 50.2 51.9343
    endloop
  endfacet
  facet normal 0.0523081 0 0.998631
    outer loop
      vertex 48.2543 49.2 51.9343
      vertex 47 50.2 52
      vertex 47 49.2 52
    endloop
  endfacet
  facet normal 0.0522681 0.0391039 0.997867
    outer loop
      vertex 48 99.9 50
      vertex 47 50.2 52
      vertex 48.2543 50.2 51.9343
    endloop
  endfacet
  facet normal 0.156289 -0.0441025 0.986726
    outer loop
      vertex 49.4949 49.2 51.7378
      vertex 48.2543 49.2 51.9343
      vertex 49.0453 7.5 49.9452
    endloop
  endfacet
  facet normal 0.0522964 -0.0465911 0.997544
    outer loop
      vertex 48.2543 49.2 51.9343
      vertex 48 7.5 50
      vertex 49.0453 7.5 49.9452
    endloop
  endfacet
  facet normal 0.25864 0.0349572 0.965341
    outer loop
      vertex 51.0902 99.9 49.5106
      vertex 50.0791 99.9 49.7815
      vertex 50.7082 50.2 51.4127
    endloop
  endfacet
  facet normal 0.258817 0 0.965926
    outer loop
      vertex 49.4949 50.2 51.7378
      vertex 50.7082 49.2 51.4127
      vertex 50.7082 50.2 51.4127
    endloop
  endfacet
  facet normal 0.258817 0 0.965926
    outer loop
      vertex 50.7082 49.2 51.4127
      vertex 49.4949 50.2 51.7378
      vertex 49.4949 49.2 51.7378
    endloop
  endfacet
  facet normal 0.629077 0.0275122 0.776856
    outer loop
      vertex 55.0296 50.2 48.9177
      vertex 53.8779 99.9 48.0902
      vertex 54.0534 50.2 49.7082
    endloop
  endfacet
  facet normal 0.628977 -0.0327851 0.776733
    outer loop
      vertex 54.0534 49.2 49.7082
      vertex 53.8779 7.5 48.0902
      vertex 55.0296 49.2 48.9177
    endloop
  endfacet
  facet normal 0.706769 -0.0309249 0.706769
    outer loop
      vertex 54.6913 7.5 47.4314
      vertex 55.9177 49.2 48.0296
      vertex 55.0296 49.2 48.9177
    endloop
  endfacet
  facet normal 0.706769 -0.0309249 0.706769
    outer loop
      vertex 55.9177 49.2 48.0296
      vertex 54.6913 7.5 47.4314
      vertex 55.4314 7.5 46.6913
    endloop
  endfacet
  facet normal 0.544329 0.0292153 0.838363
    outer loop
      vertex 53.8779 99.9 48.0902
      vertex 53 99.9 48.6602
      vertex 54.0534 50.2 49.7082
    endloop
  endfacet
  facet normal 0.706869 0.0259508 0.706869
    outer loop
      vertex 55.9177 50.2 48.0296
      vertex 54.6913 99.9 47.4314
      vertex 55.0296 50.2 48.9177
    endloop
  endfacet
  facet normal 0.706869 0.0259508 0.706869
    outer loop
      vertex 54.6913 99.9 47.4314
      vertex 55.9177 50.2 48.0296
      vertex 55.4314 99.9 46.6913
    endloop
  endfacet
  facet normal 0.890806 0.0222505 0.45384
    outer loop
      vertex 57.9625 50.2 44.8808
      vertex 57.1355 99.9 44.0674
      vertex 57.3923 50.2 46
    endloop
  endfacet
  facet normal 0.838438 0.0233062 0.544499
    outer loop
      vertex 57.3923 50.2 46
      vertex 56.6602 99.9 45
      vertex 56.7082 50.2 47.0534
    endloop
  endfacet
  facet normal 0.837828 0.0444977 0.544117
    outer loop
      vertex 55.4782 140.5 43.5
      vertex 55.0221 140.5 44.2023
      vertex 56.0902 99.9 45.8779
    endloop
  endfacet
  facet normal 0.0523132 0.0391041 0.997865
    outer loop
      vertex 49.0453 99.9 49.9452
      vertex 48 99.9 50
      vertex 48.2543 50.2 51.9343
    endloop
  endfacet
  facet normal 0.156292 0.037014 0.987017
    outer loop
      vertex 50.0791 99.9 49.7815
      vertex 49.0453 99.9 49.9452
      vertex 49.4949 50.2 51.7378
    endloop
  endfacet
  facet normal 0.258816 -0.00058287 -0.965926
    outer loop
      vertex 51.0902 7.5 0.489441
      vertex 50.0791 7.5 0.218521
      vertex 51.0221 139.5 0.391541
    endloop
  endfacet
  facet normal 0.0523357 0 -0.99863
    outer loop
      vertex 48.55 139.5 0
      vertex 49.3862 140.5 0.0438232
      vertex 49.3862 139.5 0.0438232
    endloop
  endfacet
  facet normal 0.0523357 0 -0.99863
    outer loop
      vertex 49.3862 140.5 0.0438232
      vertex 48.55 139.5 0
      vertex 48.55 140.5 0
    endloop
  endfacet
  facet normal 0.0523357 -0.000218046 -0.99863
    outer loop
      vertex 49.0453 7.5 0.0547791
      vertex 48.55 139.5 0
      vertex 49.3862 139.5 0.0438232
    endloop
  endfacet
  facet normal 0.707126 0 -0.707088
    outer loop
      vertex 55.4314 77.5 3.3087
      vertex 54.6913 99.9 2.56856
      vertex 55.4314 99.9 3.3087
    endloop
  endfacet
  facet normal 0.707126 0 -0.707088
    outer loop
      vertex 54.6913 99.9 2.56856
      vertex 55.4314 77.5 3.3087
      vertex 54.6913 77.5 2.56856
    endloop
  endfacet
  facet normal 0.707126 0 -0.707088
    outer loop
      vertex 55.4314 7.5 3.3087
      vertex 54.6913 72.5 2.56856
      vertex 55.4314 72.5 3.3087
    endloop
  endfacet
  facet normal 0.707126 0 -0.707088
    outer loop
      vertex 54.6913 72.5 2.56856
      vertex 55.4314 7.5 3.3087
      vertex 54.6913 7.5 2.56856
    endloop
  endfacet
  facet normal 0.838605 0.0110025 -0.544629
    outer loop
      vertex 56.0902 99.9 4.12215
      vertex 55.0221 140.5 3.29771
      vertex 55.4782 140.5 4
    endloop
  endfacet
  facet normal 0.89102 0 -0.453965
    outer loop
      vertex 57.9625 49.2 7.11916
      vertex 57.3923 50.2 6
      vertex 57.9625 50.2 7.11916
    endloop
  endfacet
  facet normal 0.89102 0 -0.453965
    outer loop
      vertex 57.3923 50.2 6
      vertex 57.9625 49.2 7.11916
      vertex 57.3923 49.2 6
    endloop
  endfacet
  facet normal 0.933539 0.00697738 -0.358407
    outer loop
      vertex 57.9625 50.2 7.11916
      vertex 57.1355 99.9 5.93263
      vertex 58.4127 50.2 8.29179
    endloop
  endfacet
  facet normal 0.890951 0.00398462 -0.454081
    outer loop
      vertex 57.9625 50.2 7.11916
      vertex 57.4106 77.5 6.27584
      vertex 57.1355 99.9 5.93263
    endloop
  endfacet
  facet normal 0.890984 0.00398726 -0.454017
    outer loop
      vertex 57.9625 50.2 7.11916
      vertex 57.4183 72.5 6.24704
      vertex 57.4106 77.5 6.27584
    endloop
  endfacet
  facet normal 0.891012 0.00399015 -0.453961
    outer loop
      vertex 57.3923 50.2 6
      vertex 57.4183 72.5 6.24704
      vertex 57.9625 50.2 7.11916
    endloop
  endfacet
  facet normal 0.891098 0.00398818 -0.453793
    outer loop
      vertex 57.4183 72.5 6.24704
      vertex 57.3923 50.2 6
      vertex 57.2771 72.5 5.96977
    endloop
  endfacet
  facet normal 0.890999 0.00398665 -0.453987
    outer loop
      vertex 57.1355 99.9 5.93263
      vertex 57.4106 77.5 6.27584
      vertex 57.2512 77.5 5.963
    endloop
  endfacet
  facet normal 0.933419 0.0188921 -0.358291
    outer loop
      vertex 57.1355 99.9 5.93263
      vertex 56.1584 140.5 5.52786
      vertex 57.5106 99.9 6.90984
    endloop
  endfacet
  facet normal 0.965925 0 -0.258821
    outer loop
      vertex 58.7378 49.2 9.50507
      vertex 58.4127 50.2 8.29179
      vertex 58.7378 50.2 9.50507
    endloop
  endfacet
  facet normal 0.965925 0 -0.258821
    outer loop
      vertex 58.4127 50.2 8.29179
      vertex 58.7378 49.2 9.50507
      vertex 58.4127 49.2 8.29179
    endloop
  endfacet
  facet normal 0.933559 -0 0.358424
    outer loop
      vertex 57.9625 49.2 44.8808
      vertex 58.4127 50.2 43.7082
      vertex 57.9625 50.2 44.8808
    endloop
  endfacet
  facet normal 0.933559 0 0.358424
    outer loop
      vertex 58.4127 50.2 43.7082
      vertex 57.9625 49.2 44.8808
      vertex 58.4127 49.2 43.7082
    endloop
  endfacet
  facet normal 0.776916 0.0245407 0.629125
    outer loop
      vertex 56.0902 99.9 45.8779
      vertex 55.9177 50.2 48.0296
      vertex 56.7082 50.2 47.0534
    endloop
  endfacet
  facet normal 0.890174 0.0426766 0.453618
    outer loop
      vertex 55.8584 140.5 42.7539
      vertex 55.4782 140.5 43.5
      vertex 57.1355 99.9 44.0674
    endloop
  endfacet
  facet normal 0.93284 0.0409239 0.357959
    outer loop
      vertex 56.1584 140.5 41.9721
      vertex 55.8584 140.5 42.7539
      vertex 57.1355 99.9 44.0674
    endloop
  endfacet
  facet normal 0.932802 0.0409281 0.358058
    outer loop
      vertex 57.5106 99.9 43.0902
      vertex 56.1584 140.5 41.9721
      vertex 57.1355 99.9 44.0674
    endloop
  endfacet
  facet normal 0.933371 0.0213965 0.358276
    outer loop
      vertex 57.5106 99.9 43.0902
      vertex 57.1355 99.9 44.0674
      vertex 58.4127 50.2 43.7082
    endloop
  endfacet
  facet normal 0.986986 0.0377133 0.156323
    outer loop
      vertex 56.5062 140.5 40.3362
      vertex 56.3752 140.5 41.1633
      vertex 57.7815 99.9 42.0791
    endloop
  endfacet
  facet normal -0 0 1
    outer loop
      vertex 44.5 50.2 52
      vertex 47 49.2 52
      vertex 47 50.2 52
    endloop
  endfacet
  facet normal 0 0 1
    outer loop
      vertex 47 49.2 52
      vertex 44.5 50.2 52
      vertex 44.5 49.2 52
    endloop
  endfacet
  facet normal 0.156247 -0.0441023 0.986733
    outer loop
      vertex 49.4949 49.2 51.7378
      vertex 49.0453 7.5 49.9452
      vertex 50.0791 7.5 49.7815
    endloop
  endfacet
  facet normal 0.453768 -0.0369827 0.890352
    outer loop
      vertex 53 49.2 50.3923
      vertex 52.0674 7.5 49.1355
      vertex 53 7.5 48.6602
    endloop
  endfacet
  facet normal 0.453641 -0.0369818 0.890417
    outer loop
      vertex 53 49.2 50.3923
      vertex 51.8808 49.2 50.9625
      vertex 52.0674 7.5 49.1355
    endloop
  endfacet
  facet normal 0.357806 0.0557498 0.93213
    outer loop
      vertex 51.8039 140.5 46.8084
      vertex 51.0221 140.5 47.1085
      vertex 52.0674 99.9 49.1355
    endloop
  endfacet
  facet normal 0.156334 0.0370141 0.987011
    outer loop
      vertex 49.0453 99.9 49.9452
      vertex 48.2543 50.2 51.9343
      vertex 49.4949 50.2 51.7378
    endloop
  endfacet
  facet normal 0.629052 -0.032786 0.776671
    outer loop
      vertex 55.0296 49.2 48.9177
      vertex 53.8779 7.5 48.0902
      vertex 54.6913 7.5 47.4314
    endloop
  endfacet
  facet normal 0.544647 0 0.838665
    outer loop
      vertex 53 50.2 50.3923
      vertex 54.0534 49.2 49.7082
      vertex 54.0534 50.2 49.7082
    endloop
  endfacet
  facet normal 0.544647 0 0.838665
    outer loop
      vertex 54.0534 49.2 49.7082
      vertex 53 50.2 50.3923
      vertex 53 49.2 50.3923
    endloop
  endfacet
  facet normal 0.629315 0 0.77715
    outer loop
      vertex 54.0534 50.2 49.7082
      vertex 55.0296 49.2 48.9177
      vertex 55.0296 50.2 48.9177
    endloop
  endfacet
  facet normal 0.629315 0 0.77715
    outer loop
      vertex 55.0296 49.2 48.9177
      vertex 54.0534 50.2 49.7082
      vertex 54.0534 49.2 49.7082
    endloop
  endfacet
  facet normal 0.776757 -0.0292492 0.629121
    outer loop
      vertex 55.9177 49.2 48.0296
      vertex 55.4314 7.5 46.6913
      vertex 56.0902 7.5 45.8779
    endloop
  endfacet
  facet normal 0.77715 -0 0.629315
    outer loop
      vertex 55.9177 49.2 48.0296
      vertex 56.7082 50.2 47.0534
      vertex 55.9177 50.2 48.0296
    endloop
  endfacet
  facet normal 0.77715 0 0.629315
    outer loop
      vertex 56.7082 50.2 47.0534
      vertex 55.9177 49.2 48.0296
      vertex 56.7082 49.2 47.0534
    endloop
  endfacet
  facet normal 0.258372 0.0574882 0.964334
    outer loop
      vertex 50.2133 140.5 47.3252
      vertex 50.0791 99.9 49.7815
      vertex 51.0221 140.5 47.1085
    endloop
  endfacet
  facet normal 0.25837 0.0574882 0.964334
    outer loop
      vertex 51.0221 140.5 47.1085
      vertex 50.0791 99.9 49.7815
      vertex 51.0902 99.9 49.5106
    endloop
  endfacet
  facet normal 0.45386 0.031036 0.890532
    outer loop
      vertex 53 99.9 48.6602
      vertex 52.0674 99.9 49.1355
      vertex 53 50.2 50.3923
    endloop
  endfacet
  facet normal 0.544414 0.0292159 0.838307
    outer loop
      vertex 53 99.9 48.6602
      vertex 53 50.2 50.3923
      vertex 54.0534 50.2 49.7082
    endloop
  endfacet
  facet normal 0.543918 0.0520746 0.837521
    outer loop
      vertex 53.2523 140.5 45.9721
      vertex 52.55 140.5 46.4282
      vertex 53.8779 99.9 48.0902
    endloop
  endfacet
  facet normal 0.628598 0.0501733 0.77611
    outer loop
      vertex 53.903 140.5 45.4452
      vertex 53.8779 99.9 48.0902
      vertex 54.6913 99.9 47.4314
    endloop
  endfacet
  facet normal 0.628509 0.050178 0.776182
    outer loop
      vertex 53.8779 99.9 48.0902
      vertex 53.903 140.5 45.4452
      vertex 53.2523 140.5 45.9721
    endloop
  endfacet
  facet normal 0.776855 0.0245442 0.629201
    outer loop
      vertex 56.0902 99.9 45.8779
      vertex 55.4314 99.9 46.6913
      vertex 55.9177 50.2 48.0296
    endloop
  endfacet
  facet normal 0.776253 0.0463687 0.628714
    outer loop
      vertex 56.0902 99.9 45.8779
      vertex 54.4951 140.5 44.853
      vertex 55.4314 99.9 46.6913
    endloop
  endfacet
  facet normal 0.776267 0.0463688 0.628696
    outer loop
      vertex 54.4951 140.5 44.853
      vertex 56.0902 99.9 45.8779
      vertex 55.0221 140.5 44.2023
    endloop
  endfacet
  facet normal 0.838665 -0 0.544647
    outer loop
      vertex 56.7082 49.2 47.0534
      vertex 57.3923 50.2 46
      vertex 56.7082 50.2 47.0534
    endloop
  endfacet
  facet normal 0.838665 0 0.544647
    outer loop
      vertex 57.3923 50.2 46
      vertex 56.7082 49.2 47.0534
      vertex 57.3923 49.2 46
    endloop
  endfacet
  facet normal 0.83789 0.0444931 0.544023
    outer loop
      vertex 56.6602 99.9 45
      vertex 55.4782 140.5 43.5
      vertex 56.0902 99.9 45.8779
    endloop
  endfacet
  facet normal 0.838493 0.0233028 0.544414
    outer loop
      vertex 56.6602 99.9 45
      vertex 56.0902 99.9 45.8779
      vertex 56.7082 50.2 47.0534
    endloop
  endfacet
  facet normal 0.0522117 0.0606703 0.996791
    outer loop
      vertex 49.3862 140.5 47.4562
      vertex 48.55 140.5 47.5
      vertex 49.0453 99.9 49.9452
    endloop
  endfacet
  facet normal 0.156126 0.0591341 0.985966
    outer loop
      vertex 49.3862 140.5 47.4562
      vertex 49.0453 99.9 49.9452
      vertex 50.0791 99.9 49.7815
    endloop
  endfacet
  facet normal 0.156431 0 -0.987689
    outer loop
      vertex 49.3862 139.5 0.0438232
      vertex 50.2133 140.5 0.17482
      vertex 50.2133 139.5 0.17482
    endloop
  endfacet
  facet normal 0.156431 0 -0.987689
    outer loop
      vertex 50.2133 140.5 0.17482
      vertex 49.3862 139.5 0.0438232
      vertex 49.3862 140.5 0.0438232
    endloop
  endfacet
  facet normal 0.258823 0 -0.965925
    outer loop
      vertex 50.2133 139.5 0.17482
      vertex 51.0221 140.5 0.391541
      vertex 51.0221 139.5 0.391541
    endloop
  endfacet
  facet normal 0.258823 0 -0.965925
    outer loop
      vertex 51.0221 140.5 0.391541
      vertex 50.2133 139.5 0.17482
      vertex 50.2133 140.5 0.17482
    endloop
  endfacet
  facet normal 0.890962 -0.00475351 -0.454053
    outer loop
      vertex 57.1632 12 5.9399
      vertex 56.7392 12 5.10791
      vertex 57.3923 49.2 6
    endloop
  endfacet
  facet normal 0.629343 0.00238637 -0.777124
    outer loop
      vertex 53.8779 99.9 1.90984
      vertex 53.903 140.5 2.05484
      vertex 54.6913 99.9 2.56856
    endloop
  endfacet
  facet normal 0.629357 0.00238632 -0.777112
    outer loop
      vertex 53.903 140.5 2.05484
      vertex 53.8779 99.9 1.90984
      vertex 53.2523 140.5 1.52786
    endloop
  endfacet
  facet normal 0.544631 0.000501582 -0.838675
    outer loop
      vertex 53.8779 99.9 1.90984
      vertex 52.55 140.5 1.07179
      vertex 53.2523 140.5 1.52786
    endloop
  endfacet
  facet normal 0.83867 0 -0.54464
    outer loop
      vertex 57.3923 49.2 6
      vertex 56.7082 50.2 4.94658
      vertex 57.3923 50.2 6
    endloop
  endfacet
  facet normal 0.83867 0 -0.54464
    outer loop
      vertex 56.7082 50.2 4.94658
      vertex 57.3923 49.2 6
      vertex 56.7082 49.2 4.94658
    endloop
  endfacet
  facet normal 0.800183 0 -0.599755
    outer loop
      vertex 56.3687 77.5 4.49372
      vertex 56.0902 77.5 4.12215
      vertex 56.0902 99.9 4.12215
    endloop
  endfacet
  facet normal 0.800154 3.06228e-07 -0.599794
    outer loop
      vertex 56.7082 50.2 4.94658
      vertex 56.0902 72.5 4.12215
      vertex 56.4309 72.5 4.57666
    endloop
  endfacet
  facet normal 0.80015 0 -0.5998
    outer loop
      vertex 56.7082 49.2 4.94658
      vertex 56.0902 72.5 4.12215
      vertex 56.7082 50.2 4.94658
    endloop
  endfacet
  facet normal 0.800086 2.94981e-06 -0.599885
    outer loop
      vertex 56.0902 12 4.12215
      vertex 56.7082 49.2 4.94658
      vertex 56.1569 12 4.21111
    endloop
  endfacet
  facet normal 0.80015 0 -0.5998
    outer loop
      vertex 56.7082 49.2 4.94658
      vertex 56.0902 12 4.12215
      vertex 56.0902 72.5 4.12215
    endloop
  endfacet
  facet normal 0.965852 -0.0123178 -0.258801
    outer loop
      vertex 57.8847 12 8.09184
      vertex 58.4127 49.2 8.29179
      vertex 58.7378 49.2 9.50507
    endloop
  endfacet
  facet normal 0.96582 -0.0123167 -0.258919
    outer loop
      vertex 58.4127 49.2 8.29179
      vertex 57.8847 12 8.09184
      vertex 57.8496 12 7.96091
    endloop
  endfacet
  facet normal 0.987598 0.0140182 -0.156379
    outer loop
      vertex 58.7378 50.2 9.50507
      vertex 57.7815 99.9 7.92088
      vertex 57.9452 99.9 8.95471
    endloop
  endfacet
  facet normal 0.998469 0.0179853 -0.0522996
    outer loop
      vertex 58.9343 50.2 10.7457
      vertex 58 99.9 10
      vertex 59 50.2 12
    endloop
  endfacet
  facet normal 0.965876 0.0103354 -0.258799
    outer loop
      vertex 58.4127 50.2 8.29179
      vertex 57.5106 99.9 6.90984
      vertex 57.7815 99.9 7.92088
    endloop
  endfacet
  facet normal 0.965664 0.0233546 -0.258742
    outer loop
      vertex 57.5106 99.9 6.90984
      vertex 56.1584 140.5 5.52786
      vertex 57.7815 99.9 7.92088
    endloop
  endfacet
  facet normal 0.998631 0 -0.0523081
    outer loop
      vertex 59 49.2 12
      vertex 58.9343 50.2 10.7457
      vertex 59 50.2 12
    endloop
  endfacet
  facet normal 0.998631 0 -0.0523081
    outer loop
      vertex 58.9343 50.2 10.7457
      vertex 59 49.2 12
      vertex 58.9343 49.2 10.7457
    endloop
  endfacet
  facet normal 0.987688 0 -0.156437
    outer loop
      vertex 58.9343 49.2 10.7457
      vertex 58.7378 50.2 9.50507
      vertex 58.9343 50.2 10.7457
    endloop
  endfacet
  facet normal 0.987688 0 -0.156437
    outer loop
      vertex 58.7378 50.2 9.50507
      vertex 58.9343 49.2 10.7457
      vertex 58.7378 49.2 9.50507
    endloop
  endfacet
  facet normal 0.258574 -0.041653 0.965093
    outer loop
      vertex 50.7082 49.2 51.4127
      vertex 50.0791 7.5 49.7815
      vertex 51.0902 7.5 49.5106
    endloop
  endfacet
  facet normal 0.358229 0.0329545 0.933052
    outer loop
      vertex 52.0674 99.9 49.1355
      vertex 50.7082 50.2 51.4127
      vertex 51.8808 50.2 50.9625
    endloop
  endfacet
  facet normal 0.358163 0.0329575 0.933077
    outer loop
      vertex 51.0902 99.9 49.5106
      vertex 50.7082 50.2 51.4127
      vertex 52.0674 99.9 49.1355
    endloop
  endfacet
  facet normal 0.544317 -0.0348147 0.838157
    outer loop
      vertex 53 49.2 50.3923
      vertex 53 7.5 48.6602
      vertex 54.0534 49.2 49.7082
    endloop
  endfacet
  facet normal 0.544232 -0.0348139 0.838212
    outer loop
      vertex 54.0534 49.2 49.7082
      vertex 53 7.5 48.6602
      vertex 53.8779 7.5 48.0902
    endloop
  endfacet
  facet normal 0.45337 0.0539374 0.889689
    outer loop
      vertex 52.55 140.5 46.4282
      vertex 51.8039 140.5 46.8084
      vertex 52.0674 99.9 49.1355
    endloop
  endfacet
  facet normal 0.776818 -0.029245 0.629046
    outer loop
      vertex 56.7082 49.2 47.0534
      vertex 55.9177 49.2 48.0296
      vertex 56.0902 7.5 45.8779
    endloop
  endfacet
  facet normal 0.838397 -0.0277701 0.544352
    outer loop
      vertex 56.7082 49.2 47.0534
      vertex 56.0902 7.5 45.8779
      vertex 56.6602 7.5 45
    endloop
  endfacet
  facet normal 0.838626 0.00139798 -0.544707
    outer loop
      vertex 56.3687 77.5 4.49372
      vertex 56.6602 99.9 5
      vertex 56.6819 77.5 4.97592
    endloop
  endfacet
  facet normal 0.838706 0.00139414 -0.544583
    outer loop
      vertex 56.6602 99.9 5
      vertex 56.3687 77.5 4.49372
      vertex 56.0902 99.9 4.12215
    endloop
  endfacet
  facet normal 0.838665 0.00139401 -0.544646
    outer loop
      vertex 56.7082 50.2 4.94658
      vertex 56.4309 72.5 4.57666
      vertex 56.6867 72.5 4.97055
    endloop
  endfacet
  facet normal 0.838691 0.00139793 -0.544607
    outer loop
      vertex 56.6819 77.5 4.97592
      vertex 56.6602 99.9 5
      vertex 56.9902 77.5 5.4507
    endloop
  endfacet
  facet normal 0.838669 0.00139591 -0.544639
    outer loop
      vertex 56.7082 50.2 4.94658
      vertex 57.0638 72.5 5.55131
      vertex 57.3923 50.2 6
    endloop
  endfacet
  facet normal 0.838703 0.00139399 -0.544588
    outer loop
      vertex 57.0638 72.5 5.55131
      vertex 56.7082 50.2 4.94658
      vertex 56.6867 72.5 4.97055
    endloop
  endfacet
  facet normal 0.707118 0.00478255 -0.70708
    outer loop
      vertex 54.6913 99.9 2.56856
      vertex 54.4951 140.5 2.64696
      vertex 55.4314 99.9 3.3087
    endloop
  endfacet
  facet normal 0.707111 0.00478253 -0.707087
    outer loop
      vertex 54.4951 140.5 2.64696
      vertex 54.6913 99.9 2.56856
      vertex 53.903 140.5 2.05484
    endloop
  endfacet
  facet normal 0.933562 0 -0.358416
    outer loop
      vertex 58.4127 49.2 8.29179
      vertex 57.9625 50.2 7.11916
      vertex 58.4127 50.2 8.29179
    endloop
  endfacet
  facet normal 0.933562 0 -0.358416
    outer loop
      vertex 57.9625 50.2 7.11916
      vertex 58.4127 49.2 8.29179
      vertex 57.9625 49.2 7.11916
    endloop
  endfacet
  facet normal 0.93353 -0.00831661 -0.358404
    outer loop
      vertex 57.2733 12 6.18722
      vertex 57.9625 49.2 7.11916
      vertex 58.4127 49.2 8.29179
    endloop
  endfacet
  facet normal 0.933494 -0.00831361 -0.358497
    outer loop
      vertex 57.9625 49.2 7.11916
      vertex 57.2733 12 6.18722
      vertex 57.2247 12 6.06067
    endloop
  endfacet
  facet normal 0.93356 -0.00832204 -0.358324
    outer loop
      vertex 57.6079 12 7.05897
      vertex 57.2733 12 6.18722
      vertex 58.4127 49.2 8.29179
    endloop
  endfacet
  facet normal 0.965846 -0.0123179 -0.258825
    outer loop
      vertex 57.8496 12 7.96091
      vertex 57.6079 12 7.05897
      vertex 58.4127 49.2 8.29179
    endloop
  endfacet
  facet normal 0.998402 -0.0214346 -0.0522961
    outer loop
      vertex 58.1079 12 10.2158
      vertex 58.9343 49.2 10.7457
      vertex 59 49.2 12
    endloop
  endfacet
  facet normal 0.998397 -0.0214331 -0.0523918
    outer loop
      vertex 58.9343 49.2 10.7457
      vertex 58.1079 12 10.2158
      vertex 58.1008 12 10.0805
    endloop
  endfacet
  facet normal 0.987546 -0.0167039 -0.156442
    outer loop
      vertex 58.0308 12 9.0141
      vertex 57.8847 12 8.09184
      vertex 58.7378 49.2 9.50507
    endloop
  endfacet
  facet normal 0.998467 0.0179846 -0.0523453
    outer loop
      vertex 58.9343 50.2 10.7457
      vertex 57.9452 99.9 8.95471
      vertex 58 99.9 10
    endloop
  endfacet
  facet normal 0.987591 0.0140176 -0.156422
    outer loop
      vertex 58.7378 50.2 9.50507
      vertex 57.9452 99.9 8.95471
      vertex 58.9343 50.2 10.7457
    endloop
  endfacet
  facet normal 0.98755 -0.0167045 -0.156415
    outer loop
      vertex 58.052 12 9.14798
      vertex 58.7378 49.2 9.50507
      vertex 58.9343 49.2 10.7457
    endloop
  endfacet
  facet normal 0.987556 -0.0167049 -0.15638
    outer loop
      vertex 58.7378 49.2 9.50507
      vertex 58.052 12 9.14798
      vertex 58.0308 12 9.0141
    endloop
  endfacet
  facet normal 0.987405 -0.024203 0.156353
    outer loop
      vertex 58.7378 49.2 42.4949
      vertex 57.7815 7.5 42.0791
      vertex 57.9452 7.5 41.0453
    endloop
  endfacet
  facet normal 0.987398 -0.0242044 0.156395
    outer loop
      vertex 58.7378 49.2 42.4949
      vertex 57.9452 7.5 41.0453
      vertex 58.9343 49.2 41.2543
    endloop
  endfacet
  facet normal 0.965636 -0.024724 0.258719
    outer loop
      vertex 58.4127 49.2 43.7082
      vertex 57.5106 7.5 43.0902
      vertex 57.7815 7.5 42.0791
    endloop
  endfacet
  facet normal 0.933281 -0.0254989 0.358241
    outer loop
      vertex 58.4127 49.2 43.7082
      vertex 57.1355 7.5 44.0674
      vertex 57.5106 7.5 43.0902
    endloop
  endfacet
  facet normal 0.838342 -0.0277743 0.544437
    outer loop
      vertex 56.7082 49.2 47.0534
      vertex 56.6602 7.5 45
      vertex 57.3923 49.2 46
    endloop
  endfacet
  facet normal 0.838669 -0.00166311 -0.544639
    outer loop
      vertex 56.7392 12 5.10791
      vertex 56.7082 49.2 4.94658
      vertex 57.3923 49.2 6
    endloop
  endfacet
  facet normal 0.838731 -0.00166265 -0.544544
    outer loop
      vertex 56.7082 49.2 4.94658
      vertex 56.7392 12 5.10791
      vertex 56.6654 12 4.99424
    endloop
  endfacet
  facet normal 0.838704 -0.00166267 -0.544585
    outer loop
      vertex 56.6654 12 4.99424
      vertex 56.1569 12 4.21111
      vertex 56.7082 49.2 4.94658
    endloop
  endfacet
  facet normal 0.965631 -0.0247246 0.258738
    outer loop
      vertex 58.4127 49.2 43.7082
      vertex 57.7815 7.5 42.0791
      vertex 58.7378 49.2 42.4949
    endloop
  endfacet
  facet normal 0.965926 -0 0.258817
    outer loop
      vertex 58.4127 49.2 43.7082
      vertex 58.7378 50.2 42.4949
      vertex 58.4127 50.2 43.7082
    endloop
  endfacet
  facet normal 0.965926 0 0.258817
    outer loop
      vertex 58.7378 50.2 42.4949
      vertex 58.4127 49.2 43.7082
      vertex 58.7378 49.2 42.4949
    endloop
  endfacet
  facet normal 0.890713 -0.0265164 0.453792
    outer loop
      vertex 57.3923 49.2 46
      vertex 57.1355 7.5 44.0674
      vertex 57.9625 49.2 44.8808
    endloop
  endfacet
  facet normal 0.890648 -0.0265219 0.453919
    outer loop
      vertex 57.3923 49.2 46
      vertex 56.6602 7.5 45
      vertex 57.1355 7.5 44.0674
    endloop
  endfacet
  facet normal 0 0.309035 -0.951051
    outer loop
      vertex 29 96.9097 -104.151
      vertex 33.1582 94.777 -104.844
      vertex 29 94.777 -104.844
    endloop
  endfacet
  facet normal 0 0.309035 -0.951051
    outer loop
      vertex 33.1582 94.777 -104.844
      vertex 29 96.9097 -104.151
      vertex 39 96.9097 -104.151
    endloop
  endfacet
  facet normal 0.890533 0.422184 0.169443
    outer loop
      vertex 43.0795 95.2097 0
      vertex 44.0735 99.5069 -15.931
      vertex 43.2894 100.97 -15.4555
    endloop
  endfacet
  facet normal 0.890558 0.422136 0.169432
    outer loop
      vertex 44.0735 99.5069 -15.931
      vertex 43.0795 95.2097 0
      vertex 43.4744 94.3766 0
    endloop
  endfacet
  facet normal 0.155967 -0.959154 -0.236005
    outer loop
      vertex 31.197 75.1741 -26.5021
      vertex 33.1582 94.7461 -104.749
      vertex 31.446 75.1812 -26.3664
    endloop
  endfacet
  facet normal 0.155794 -0.959179 -0.236016
    outer loop
      vertex 31.0337 75.1695 -26.5912
      vertex 33.1582 94.7461 -104.749
      vertex 31.197 75.1741 -26.5021
    endloop
  endfacet
  facet normal 0.155968 -0.959154 -0.236005
    outer loop
      vertex 30.8036 75.156 -26.6884
      vertex 33.1582 94.7461 -104.749
      vertex 31.0337 75.1695 -26.5912
    endloop
  endfacet
  facet normal 0.156031 -0.959144 -0.236001
    outer loop
      vertex 33.1582 94.7461 -104.749
      vertex 30.8036 75.156 -26.6884
      vertex 31.0906 94.4346 -104.85
    endloop
  endfacet
  facet normal 0.155872 -0.959168 -0.236008
    outer loop
      vertex 30.7703 72.9171 -17.6111
      vertex 30.87 68.6 0
      vertex 30.7057 68.5733 0
    endloop
  endfacet
  facet normal 0.155635 -0.959205 -0.236016
    outer loop
      vertex 31.0337 72.9809 -17.6967
      vertex 30.87 68.6 0
      vertex 30.7703 72.9171 -17.6111
    endloop
  endfacet
  facet normal 0.156151 -0.959127 -0.235992
    outer loop
      vertex 30.87 68.6 0
      vertex 31.0337 72.9809 -17.6967
      vertex 31.2588 73.0423 -17.7973
    endloop
  endfacet
  facet normal 0.964975 -0.259571 -0.0380174
    outer loop
      vertex 45.0984 81.8725 0
      vertex 48.0211 107.474 -100.614
      vertex 48.563 109.397 -99.9889
    endloop
  endfacet
  facet normal 0.965061 -0.259264 -0.0379367
    outer loop
      vertex 48.0211 107.474 -100.614
      vertex 45.0984 81.8725 0
      vertex 45.0343 81.6339 0
    endloop
  endfacet
  facet normal 0.965915 -0.246115 -0.0802268
    outer loop
      vertex 48.563 109.397 -99.9889
      vertex 48.0211 107.474 -100.614
      vertex 48.563 109.428 -100.084
    endloop
  endfacet
  facet normal 0.000975765 0.308994 -0.951063
    outer loop
      vertex 49 113.382 -98.7991
      vertex 48.8904 111.394 -99.4451
      vertex 48.8904 115.371 -98.153
    endloop
  endfacet
  facet normal 0.543374 -0.816386 -0.195597
    outer loop
      vertex 38.4566 71.5866 0
      vertex 40.7557 97.9632 -103.704
      vertex 38.6106 71.6891 0
    endloop
  endfacet
  facet normal 0.543429 -0.816352 -0.195587
    outer loop
      vertex 40.7557 97.9632 -103.704
      vertex 38.4566 71.5866 0
      vertex 39 96.8788 -104.056
    endloop
  endfacet
  facet normal 0.998628 -0.0499363 -0.0157528
    outer loop
      vertex 49 113.352 -98.704
      vertex 48.8904 111.394 -99.4451
      vertex 49 113.382 -98.7991
    endloop
  endfacet
  facet normal 0.453017 -0.866471 -0.209771
    outer loop
      vertex 35.6428 69.9318 0
      vertex 39 96.8788 -104.056
      vertex 35.7983 70.0131 0
    endloop
  endfacet
  facet normal 0.452959 -0.866499 -0.20978
    outer loop
      vertex 39 96.8788 -104.056
      vertex 35.6428 69.9318 0
      vertex 37.1347 95.9749 -104.35
    endloop
  endfacet
  facet normal 0.998116 0.039804 0.046698
    outer loop
      vertex 48.8904 115.34 -98.0579
      vertex 45.4241 87.2187 0
      vertex 45.4848 85.6966 0
    endloop
  endfacet
  facet normal 0.0521936 0.933167 0.355633
    outer loop
      vertex 30.7247 108.731 -12.934
      vertex 30.0241 103.841 0
      vertex 30.7035 103.803 0
    endloop
  endfacet
  facet normal 0.258759 -0.918573 -0.298778
    outer loop
      vertex 35.1803 95.2614 -104.582
      vertex 33.1582 94.777 -104.844
      vertex 35.1803 95.2923 -104.677
    endloop
  endfacet
  facet normal -0.143912 0.965201 0.218349
    outer loop
      vertex 31.5 75.1828 -26.337
      vertex 31.9389 75.1806 -26.038
      vertex 31.7801 75.1814 -26.1462
    endloop
  endfacet
  facet normal 0.155922 -0.959161 -0.236006
    outer loop
      vertex 32.3457 75.163 -25.6974
      vertex 33.1582 94.7461 -104.749
      vertex 32.5792 75.1422 -25.4586
    endloop
  endfacet
  facet normal 0.156097 -0.959134 -0.235998
    outer loop
      vertex 31.9389 75.1806 -26.038
      vertex 33.1582 94.7461 -104.749
      vertex 32.3457 75.163 -25.6974
    endloop
  endfacet
  facet normal 0.15597 -0.959153 -0.236004
    outer loop
      vertex 31.5 75.1828 -26.337
      vertex 33.1582 94.7461 -104.749
      vertex 31.9389 75.1806 -26.038
    endloop
  endfacet
  facet normal 0.156878 -0.959018 -0.235952
    outer loop
      vertex 33.1582 94.7461 -104.749
      vertex 31.5 75.1828 -26.337
      vertex 31.446 75.1812 -26.3664
    endloop
  endfacet
  facet normal 0.156037 -0.959144 -0.235999
    outer loop
      vertex 31.2588 73.0423 -17.7973
      vertex 32.3932 68.8478 0
      vertex 30.87 68.6 0
    endloop
  endfacet
  facet normal 0.156081 -0.959136 -0.236
    outer loop
      vertex 31.5 73.1081 -17.9052
      vertex 32.3932 68.8478 0
      vertex 31.2588 73.0423 -17.7973
    endloop
  endfacet
  facet normal 0.156304 -0.9591 -0.236002
    outer loop
      vertex 31.685 73.1648 -18.0131
      vertex 32.3932 68.8478 0
      vertex 31.5 73.1081 -17.9052
    endloop
  endfacet
  facet normal 0.155871 -0.95917 -0.236002
    outer loop
      vertex 31.9389 73.2425 -18.1612
      vertex 32.3932 68.8478 0
      vertex 31.685 73.1648 -18.0131
    endloop
  endfacet
  facet normal 0.156054 -0.959141 -0.235999
    outer loop
      vertex 32.3457 73.3827 -18.462
      vertex 32.3932 68.8478 0
      vertex 31.9389 73.2425 -18.1612
    endloop
  endfacet
  facet normal 0.15579 -0.959182 -0.236009
    outer loop
      vertex 32.3932 68.8478 0
      vertex 32.3457 73.3827 -18.462
      vertex 32.5293 73.4543 -18.6318
    endloop
  endfacet
  facet normal 0.837439 -0.534139 -0.115719
    outer loop
      vertex 43.2077 76.9075 0
      vertex 45.1803 102.171 -102.337
      vertex 46.3205 103.841 -101.794
    endloop
  endfacet
  facet normal 0.837486 -0.534069 -0.1157
    outer loop
      vertex 45.1803 102.171 -102.337
      vertex 43.2077 76.9075 0
      vertex 43.091 76.7245 0
    endloop
  endfacet
  facet normal 0.987689 -0.148726 -0.0484806
    outer loop
      vertex 48.8904 111.363 -99.35
      vertex 48.563 109.428 -100.084
      vertex 48.8904 111.394 -99.4451
    endloop
  endfacet
  facet normal 0.987689 -0.148726 -0.0484806
    outer loop
      vertex 48.563 109.428 -100.084
      vertex 48.8904 111.363 -99.35
      vertex 48.563 109.397 -99.9889
    endloop
  endfacet
  facet normal 0.997977 -0.0609128 0.0181985
    outer loop
      vertex 45.4956 85.426 0
      vertex 45.4023 83.8974 0
      vertex 49 113.352 -98.704
    endloop
  endfacet
  facet normal 0.99863 0.0497587 0.01622
    outer loop
      vertex 48.8904 115.371 -98.153
      vertex 48.8904 115.34 -98.0579
      vertex 49 113.382 -98.7991
    endloop
  endfacet
  facet normal 0.628538 0.72561 0.280054
    outer loop
      vertex 39.3178 99.9265 0
      vertex 38.6985 105.82 -13.8799
      vertex 38.5703 100.574 0
    endloop
  endfacet
  facet normal 0.628853 0.72538 0.279943
    outer loop
      vertex 38.6985 105.82 -13.8799
      vertex 39.3178 99.9265 0
      vertex 40.0407 104.786 -14.2157
    endloop
  endfacet
  facet normal 0.052356 -0.950599 -0.305974
    outer loop
      vertex 31.0906 94.4346 -104.85
      vertex 29 94.3304 -104.884
      vertex 31.0906 94.4655 -104.946
    endloop
  endfacet
  facet normal -2.11871e-05 0.309007 -0.95106
    outer loop
      vertex 48.8904 115.371 -98.153
      vertex 39 96.9097 -104.151
      vertex 42.3826 127.518 -94.2062
    endloop
  endfacet
  facet normal 0.998113 0.0398458 0.0467106
    outer loop
      vertex 45.4848 85.6966 0
      vertex 49 113.352 -98.704
      vertex 48.8904 115.34 -98.0579
    endloop
  endfacet
  facet normal 0.998114 0.039836 0.0467078
    outer loop
      vertex 49 113.352 -98.704
      vertex 45.4848 85.6966 0
      vertex 45.4956 85.426 0
    endloop
  endfacet
  facet normal 0.93253 -0.35518 -0.0650742
    outer loop
      vertex 44.0843 78.7039 0
      vertex 47.2709 105.615 -101.218
      vertex 48.0211 107.474 -100.614
    endloop
  endfacet
  facet normal 0.932528 -0.355186 -0.065076
    outer loop
      vertex 47.2709 105.615 -101.218
      vertex 44.0843 78.7039 0
      vertex 44.0026 78.4894 0
    endloop
  endfacet
  facet normal 0.837374 -0.534236 -0.115744
    outer loop
      vertex 43.091 76.7245 0
      vertex 42.2597 75.4215 0
      vertex 45.1803 102.171 -102.337
    endloop
  endfacet
  facet normal 0.156464 0.939052 0.306105
    outer loop
      vertex 30.7247 108.762 -13.0291
      vertex 30.7247 108.731 -12.934
      vertex 32.4305 108.505 -13.1126
    endloop
  endfacet
  facet normal 0 0.308994 -0.951064
    outer loop
      vertex 29 96.9097 -104.151
      vertex 35.75 114.096 -98.5673
      vertex 39 96.9097 -104.151
    endloop
  endfacet
  facet normal 0 0.308994 -0.951064
    outer loop
      vertex 35.75 114.096 -98.5673
      vertex 29 96.9097 -104.151
      vertex 29 114.096 -98.5673
    endloop
  endfacet
  facet normal 4.07402e-05 0.309001 -0.951062
    outer loop
      vertex 35.75 114.096 -98.5673
      vertex 42.3826 127.518 -94.2062
      vertex 39 96.9097 -104.151
    endloop
  endfacet
  facet normal 1.80742e-05 0.309011 -0.951059
    outer loop
      vertex 35.75 121.229 -96.2497
      vertex 42.3826 127.518 -94.2062
      vertex 35.75 114.096 -98.5673
    endloop
  endfacet
  facet normal 0 0.309028 -0.951053
    outer loop
      vertex 29 127.518 -94.2062
      vertex 35.75 121.229 -96.2497
      vertex 29 121.229 -96.2497
    endloop
  endfacet
  facet normal 0 0.309028 -0.951053
    outer loop
      vertex 35.75 121.229 -96.2497
      vertex 29 127.518 -94.2062
      vertex 42.3826 127.518 -94.2062
    endloop
  endfacet
  facet normal 0.705823 -0.690115 -0.159861
    outer loop
      vertex 41.1693 74.047 0
      vertex 42.3826 99.2161 -103.297
      vertex 43.8629 100.624 -102.839
    endloop
  endfacet
  facet normal 0.705636 -0.690296 -0.159908
    outer loop
      vertex 42.3826 99.2161 -103.297
      vertex 41.1693 74.047 0
      vertex 41.0298 73.9044 0
    endloop
  endfacet
  facet normal -0.000126912 0.309058 -0.951043
    outer loop
      vertex 45.1803 102.202 -102.432
      vertex 39 96.9097 -104.151
      vertex 48.8904 115.371 -98.153
    endloop
  endfacet
  facet normal 0.707109 -0.672429 -0.218716
    outer loop
      vertex 43.8629 100.655 -102.935
      vertex 42.3826 99.2161 -103.297
      vertex 42.3826 99.247 -103.392
    endloop
  endfacet
  facet normal -0.00100401 0.309984 -0.950741
    outer loop
      vertex 43.8629 100.655 -102.935
      vertex 39 96.9097 -104.151
      vertex 45.1803 102.202 -102.432
    endloop
  endfacet
  facet normal 0.156572 -0.940164 -0.302615
    outer loop
      vertex 33.1582 94.777 -104.844
      vertex 31.0906 94.4346 -104.85
      vertex 31.0906 94.4655 -104.946
    endloop
  endfacet
  facet normal 0.156429 -0.939253 -0.305505
    outer loop
      vertex 33.1582 94.7461 -104.749
      vertex 31.0906 94.4346 -104.85
      vertex 33.1582 94.777 -104.844
    endloop
  endfacet
  facet normal -0.000861809 0.311356 -0.950293
    outer loop
      vertex 35.1803 95.2923 -104.677
      vertex 33.1582 94.777 -104.844
      vertex 37.1347 96.0058 -104.445
    endloop
  endfacet
  facet normal 0.986894 -0.161054 -0.0101388
    outer loop
      vertex 45.1387 82.1192 0
      vertex 48.563 109.397 -99.9889
      vertex 48.8904 111.363 -99.35
    endloop
  endfacet
  facet normal 0.986867 -0.161211 -0.0101826
    outer loop
      vertex 48.563 109.397 -99.9889
      vertex 45.1387 82.1192 0
      vertex 45.0984 81.8725 0
    endloop
  endfacet
  facet normal 0.986889 -0.16108 -0.0101466
    outer loop
      vertex 45.3865 83.6374 0
      vertex 45.1387 82.1192 0
      vertex 48.8904 111.363 -99.35
    endloop
  endfacet
  facet normal 0.99863 -0.0497594 -0.0162202
    outer loop
      vertex 49 113.352 -98.704
      vertex 48.8904 111.363 -99.35
      vertex 48.8904 111.394 -99.4451
    endloop
  endfacet
  facet normal 0.998628 0.0499356 0.0157525
    outer loop
      vertex 49 113.382 -98.7991
      vertex 48.8904 115.34 -98.0579
      vertex 49 113.352 -98.704
    endloop
  endfacet
  facet normal 0.997978 -0.0609032 0.0182013
    outer loop
      vertex 45.4023 83.8974 0
      vertex 48.8904 111.363 -99.35
      vertex 49 113.352 -98.704
    endloop
  endfacet
  facet normal 0.997992 -0.0606472 0.0182726
    outer loop
      vertex 48.8904 111.363 -99.35
      vertex 45.4023 83.8974 0
      vertex 45.3865 83.6374 0
    endloop
  endfacet
  facet normal 0.838714 -0.517706 -0.168936
    outer loop
      vertex 46.3205 103.872 -101.889
      vertex 45.1803 102.171 -102.337
      vertex 45.1803 102.202 -102.432
    endloop
  endfacet
  facet normal 0.889817 -0.447132 -0.0910957
    outer loop
      vertex 44.0026 78.4894 0
      vertex 46.3205 103.841 -101.794
      vertex 47.2709 105.615 -101.218
    endloop
  endfacet
  facet normal 0.889829 -0.44711 -0.0910901
    outer loop
      vertex 46.3205 103.841 -101.794
      vertex 44.0026 78.4894 0
      vertex 43.9008 78.2868 0
    endloop
  endfacet
  facet normal 0.628103 0.743454 0.229704
    outer loop
      vertex 40.4341 108.631 -27.7338
      vertex 40.5005 120.22 -65.424
      vertex 40.1617 108.873 -27.7722
    endloop
  endfacet
  facet normal 0.62865 0.743031 0.229575
    outer loop
      vertex 40.4341 108.631 -27.7338
      vertex 40.7581 120.119 -65.8025
      vertex 40.5005 120.22 -65.424
    endloop
  endfacet
  facet normal 0.629828 0.742115 0.229309
    outer loop
      vertex 40.4341 108.631 -27.7338
      vertex 41.0147 120.045 -66.2678
      vertex 40.7581 120.119 -65.8025
    endloop
  endfacet
  facet normal 0.629993 0.741986 0.229273
    outer loop
      vertex 40.4341 108.631 -27.7338
      vertex 41.2153 120.02 -66.7381
      vertex 41.0147 120.045 -66.2678
    endloop
  endfacet
  facet normal 0.628134 0.743441 0.22966
    outer loop
      vertex 40.4341 108.631 -27.7338
      vertex 41.3577 120.045 -67.2085
      vertex 41.2153 120.02 -66.7381
    endloop
  endfacet
  facet normal 0.627626 0.743838 0.229763
    outer loop
      vertex 40.4341 108.631 -27.7338
      vertex 41.4403 120.119 -67.6737
      vertex 41.3577 120.045 -67.2085
    endloop
  endfacet
  facet normal 0.663258 0.714626 0.222259
    outer loop
      vertex 40.4341 108.631 -27.7338
      vertex 41.4624 120.24 -68.1287
      vertex 41.4403 120.119 -67.6737
    endloop
  endfacet
  facet normal 0.630547 0.741516 0.229269
    outer loop
      vertex 42.3826 127.518 -94.2062
      vertex 40.5435 121.661 -70.2051
      vertex 40.6776 121.509 -70.0823
    endloop
  endfacet
  facet normal 0.629137 0.742656 0.229453
    outer loop
      vertex 42.3826 127.518 -94.2062
      vertex 40.6776 121.509 -70.0823
      vertex 40.9492 121.176 -69.7492
    endloop
  endfacet
  facet normal 0.628545 0.74313 0.229541
    outer loop
      vertex 42.3826 127.518 -94.2062
      vertex 40.9492 121.176 -69.7492
      vertex 41.1655 120.88 -69.3832
    endloop
  endfacet
  facet normal 0.630361 0.741682 0.229243
    outer loop
      vertex 42.3826 127.518 -94.2062
      vertex 41.1655 120.88 -69.3832
      vertex 41.3242 120.623 -68.9881
    endloop
  endfacet
  facet normal 0.630028 0.741947 0.229301
    outer loop
      vertex 42.3826 127.518 -94.2062
      vertex 41.3242 120.623 -68.9881
      vertex 41.4235 120.409 -68.5685
    endloop
  endfacet
  facet normal 0.630397 0.741654 0.229234
    outer loop
      vertex 42.3826 127.518 -94.2062
      vertex 41.4235 120.409 -68.5685
      vertex 41.4624 120.24 -68.1287
    endloop
  endfacet
  facet normal 0.629291 0.742535 0.229421
    outer loop
      vertex 40.5435 121.661 -70.2051
      vertex 42.3826 127.518 -94.2062
      vertex 40.7557 128.771 -93.7991
    endloop
  endfacet
  facet normal 0.6277 0.743785 0.229733
    outer loop
      vertex 42.3826 127.518 -94.2062
      vertex 41.4624 120.24 -68.1287
      vertex 40.4341 108.631 -27.7338
    endloop
  endfacet
  facet normal 0.627655 0.743826 0.229722
    outer loop
      vertex 40.0904 106.483 -19.841
      vertex 40.0407 104.817 -14.3108
      vertex 40.2046 106.406 -19.9037
    endloop
  endfacet
  facet normal 0 0.308916 -0.951089
    outer loop
      vertex 37.1347 130.759 -93.153
      vertex 29 130.759 -93.153
      vertex 29 132.404 -92.6187
    endloop
  endfacet
  facet normal 8.06277e-06 0.308952 -0.951078
    outer loop
      vertex 37.1347 130.759 -93.153
      vertex 29 132.404 -92.6187
      vertex 33.1582 131.988 -92.7538
    endloop
  endfacet
  facet normal 0.0523502 0.949458 0.309497
    outer loop
      vertex 30.7247 108.762 -13.0291
      vertex 29 108.848 -13.0012
      vertex 30.7247 108.731 -12.934
    endloop
  endfacet
  facet normal 0.777035 0.598464 0.195083
    outer loop
      vertex 42.3488 102.379 -15.103
      vertex 41.2619 103.624 -14.5931
      vertex 42.3488 102.348 -15.0079
    endloop
  endfacet
  facet normal 0.964286 0.243452 0.104328
    outer loop
      vertex 44.7417 90.7376 0
      vertex 44.6924 97.9734 -16.4293
      vertex 44.4477 91.9021 0
    endloop
  endfacet
  facet normal 0.96428 0.243469 0.104335
    outer loop
      vertex 44.6924 97.9734 -16.4293
      vertex 44.7417 90.7376 0
      vertex 48.0211 119.229 -96.7941
    endloop
  endfacet
  facet normal 0.890997 -0.431611 -0.140842
    outer loop
      vertex 47.2709 105.615 -101.218
      vertex 46.3205 103.841 -101.794
      vertex 46.3205 103.872 -101.889
    endloop
  endfacet
  facet normal 4.06426e-05 0.309015 -0.951057
    outer loop
      vertex 48.563 109.428 -100.084
      vertex 45.1803 102.202 -102.432
      vertex 48.8904 115.371 -98.153
    endloop
  endfacet
  facet normal 0.000384 0.308354 -0.951272
    outer loop
      vertex 42.3826 99.247 -103.392
      vertex 39 96.9097 -104.151
      vertex 43.8629 100.655 -102.935
    endloop
  endfacet
  facet normal 0.357512 -0.907303 -0.221328
    outer loop
      vertex 35.4807 69.868 0
      vertex 34.0448 69.3022 0
      vertex 35.1803 95.2614 -104.582
    endloop
  endfacet
  facet normal 0.258141 -0.938306 -0.230098
    outer loop
      vertex 33.0364 73.7226 -19.157
      vertex 34.0448 69.3022 0
      vertex 32.5556 68.8925 0
    endloop
  endfacet
  facet normal 0.260773 -0.937585 -0.230071
    outer loop
      vertex 33.0451 73.7274 -19.1667
      vertex 34.0448 69.3022 0
      vertex 33.0364 73.7226 -19.157
    endloop
  endfacet
  facet normal 0.258268 -0.938271 -0.230098
    outer loop
      vertex 33.3301 73.9049 -19.5706
      vertex 34.0448 69.3022 0
      vertex 33.0451 73.7274 -19.1667
    endloop
  endfacet
  facet normal 0.258061 -0.938326 -0.230104
    outer loop
      vertex 33.4359 73.9814 -19.7639
      vertex 34.0448 69.3022 0
      vertex 33.3301 73.9049 -19.5706
    endloop
  endfacet
  facet normal 0.258234 -0.93828 -0.230098
    outer loop
      vertex 33.5677 74.0768 -20.005
      vertex 34.0448 69.3022 0
      vertex 33.4359 73.9814 -19.7639
    endloop
  endfacet
  facet normal 0.258012 -0.938339 -0.230107
    outer loop
      vertex 33.6714 74.1677 -20.2594
      vertex 34.0448 69.3022 0
      vertex 33.5677 74.0768 -20.005
    endloop
  endfacet
  facet normal 0.25839 -0.93824 -0.23009
    outer loop
      vertex 33.7553 74.2413 -20.4653
      vertex 34.0448 69.3022 0
      vertex 33.6714 74.1677 -20.2594
    endloop
  endfacet
  facet normal 0.258533 -0.938202 -0.230083
    outer loop
      vertex 33.816 74.3109 -20.6809
      vertex 34.0448 69.3022 0
      vertex 33.7553 74.2413 -20.4653
    endloop
  endfacet
  facet normal 0.258586 -0.938188 -0.23008
    outer loop
      vertex 33.8907 74.3966 -20.9464
      vertex 34.0448 69.3022 0
      vertex 33.816 74.3109 -20.6809
    endloop
  endfacet
  facet normal 0.25621 -0.938807 -0.230213
    outer loop
      vertex 33.936 74.4763 -21.221
      vertex 34.0448 69.3022 0
      vertex 33.8907 74.3966 -20.9464
    endloop
  endfacet
  facet normal 0.259652 -0.93791 -0.230012
    outer loop
      vertex 33.9726 74.5409 -21.4431
      vertex 34.0448 69.3022 0
      vertex 33.936 74.4763 -21.221
    endloop
  endfacet
  facet normal 0.255978 -0.938865 -0.230233
    outer loop
      vertex 33.9848 74.5995 -21.6685
      vertex 34.0448 69.3022 0
      vertex 33.9726 74.5409 -21.4431
    endloop
  endfacet
  facet normal 0.260032 -0.937811 -0.229987
    outer loop
      vertex 34 74.6727 -21.9498
      vertex 34.0448 69.3022 0
      vertex 33.9848 74.5995 -21.6685
    endloop
  endfacet
  facet normal 0.419123 0.906932 0.0425587
    outer loop
      vertex 33.7553 74.9793 -23.4747
      vertex 33.8907 74.8931 -22.9712
      vertex 33.8326 74.9301 -23.1875
    endloop
  endfacet
  facet normal 0.575449 0.810941 -0.105984
    outer loop
      vertex 33.5677 75.0482 -23.9661
      vertex 33.7553 74.9793 -23.4747
      vertex 33.6466 75.0192 -23.7596
    endloop
  endfacet
  facet normal -0.831027 -0.224016 0.509127
    outer loop
      vertex 33.1751 75.1165 -24.6852
      vertex 33.3301 75.099 -24.4399
      vertex 33.2154 75.112 -24.6214
    endloop
  endfacet
  facet normal 0.258013 -0.938338 -0.230112
    outer loop
      vertex 34 74.6727 -21.9498
      vertex 35.1803 95.2614 -104.582
      vertex 34.0448 69.3022 0
    endloop
  endfacet
  facet normal 0.258747 -0.93815 -0.230054
    outer loop
      vertex 33.9726 74.7905 -22.461
      vertex 35.1803 95.2614 -104.582
      vertex 34 74.6727 -21.9498
    endloop
  endfacet
  facet normal 0.257996 -0.938342 -0.230113
    outer loop
      vertex 33.8907 74.8931 -22.9712
      vertex 35.1803 95.2614 -104.582
      vertex 33.9726 74.7905 -22.461
    endloop
  endfacet
  facet normal 0.258284 -0.938268 -0.23009
    outer loop
      vertex 33.7553 74.9793 -23.4747
      vertex 35.1803 95.2614 -104.582
      vertex 33.8907 74.8931 -22.9712
    endloop
  endfacet
  facet normal 0.25812 -0.93831 -0.230104
    outer loop
      vertex 33.5677 75.0482 -23.9661
      vertex 35.1803 95.2614 -104.582
      vertex 33.7553 74.9793 -23.4747
    endloop
  endfacet
  facet normal 0.258476 -0.93822 -0.230074
    outer loop
      vertex 33.4278 75.0781 -24.2452
      vertex 35.1803 95.2614 -104.582
      vertex 33.5677 75.0482 -23.9661
    endloop
  endfacet
  facet normal 0.257866 -0.938375 -0.230126
    outer loop
      vertex 33.3301 75.099 -24.4399
      vertex 35.1803 95.2614 -104.582
      vertex 33.4278 75.0781 -24.2452
    endloop
  endfacet
  facet normal 0.25821 -0.938287 -0.230096
    outer loop
      vertex 35.1803 95.2614 -104.582
      vertex 33.3301 75.099 -24.4399
      vertex 33.1751 75.1165 -24.6852
    endloop
  endfacet
  facet normal 0.0522972 -0.969619 -0.238965
    outer loop
      vertex 30.5451 75.1669 -26.7892
      vertex 31.0906 94.4346 -104.85
      vertex 30.8036 75.156 -26.6884
    endloop
  endfacet
  facet normal 0.0521551 -0.969626 -0.238968
    outer loop
      vertex 30.1448 75.1727 -26.9001
      vertex 31.0906 94.4346 -104.85
      vertex 30.5451 75.1669 -26.7892
    endloop
  endfacet
  facet normal 0.0522145 -0.969623 -0.238966
    outer loop
      vertex 31.0906 94.4346 -104.85
      vertex 30.1448 75.1727 -26.9001
      vertex 29 94.3304 -104.884
    endloop
  endfacet
  facet normal 0.0525689 -0.969604 -0.238968
    outer loop
      vertex 30.2833 72.8552 -17.4666
      vertex 30.7057 68.5733 0
      vertex 30.5397 68.5643 0
    endloop
  endfacet
  facet normal 0.0528401 -0.969588 -0.23897
    outer loop
      vertex 30.3383 72.8615 -17.48
      vertex 30.7057 68.5733 0
      vertex 30.2833 72.8552 -17.4666
    endloop
  endfacet
  facet normal 0.0521832 -0.969625 -0.238966
    outer loop
      vertex 30.5451 72.8851 -17.5306
      vertex 30.7057 68.5733 0
      vertex 30.3383 72.8615 -17.48
    endloop
  endfacet
  facet normal 0.052358 -0.969616 -0.238965
    outer loop
      vertex 30.7057 68.5733 0
      vertex 30.5451 72.8851 -17.5306
      vertex 30.7703 72.9171 -17.6111
    endloop
  endfacet
  facet normal 0.358387 -0.887791 -0.288766
    outer loop
      vertex 37.1347 96.0058 -104.445
      vertex 35.1803 95.2614 -104.582
      vertex 35.1803 95.2923 -104.677
    endloop
  endfacet
  facet normal 0.258759 -0.918573 -0.298778
    outer loop
      vertex 35.1803 95.2614 -104.582
      vertex 33.1582 94.7461 -104.749
      vertex 33.1582 94.777 -104.844
    endloop
  endfacet
  facet normal 0.775869 -0.615452 -0.138728
    outer loop
      vertex 42.2597 75.4215 0
      vertex 41.2948 74.2051 0
      vertex 45.1803 102.171 -102.337
    endloop
  endfacet
  facet normal 0.964988 -0.259524 -0.0380057
    outer loop
      vertex 45.0343 81.6339 0
      vertex 44.6353 80.1503 0
      vertex 48.0211 107.474 -100.614
    endloop
  endfacet
  facet normal 0.258166 -0.938299 -0.2301
    outer loop
      vertex 33.0451 75.1312 -24.891
      vertex 35.1803 95.2614 -104.582
      vertex 33.1751 75.1165 -24.6852
    endloop
  endfacet
  facet normal 0.2581 -0.938315 -0.230106
    outer loop
      vertex 32.7157 75.1444 -25.3143
      vertex 35.1803 95.2614 -104.582
      vertex 33.0451 75.1312 -24.891
    endloop
  endfacet
  facet normal 0.258352 -0.938252 -0.230082
    outer loop
      vertex 32.5792 75.1422 -25.4586
      vertex 35.1803 95.2614 -104.582
      vertex 32.7157 75.1444 -25.3143
    endloop
  endfacet
  facet normal 0.258117 -0.938311 -0.230105
    outer loop
      vertex 35.1803 95.2614 -104.582
      vertex 32.5792 75.1422 -25.4586
      vertex 33.1582 94.7461 -104.749
    endloop
  endfacet
  facet normal 0.258257 -0.938276 -0.230091
    outer loop
      vertex 32.5293 73.4543 -18.6318
      vertex 32.5556 68.8925 0
      vertex 32.3932 68.8478 0
    endloop
  endfacet
  facet normal 0.25846 -0.938223 -0.230079
    outer loop
      vertex 32.5564 73.4677 -18.656
      vertex 32.5556 68.8925 0
      vertex 32.5293 73.4543 -18.6318
    endloop
  endfacet
  facet normal 0.258561 -0.938197 -0.230072
    outer loop
      vertex 32.7157 73.5464 -18.7979
      vertex 32.5556 68.8925 0
      vertex 32.5564 73.4677 -18.656
    endloop
  endfacet
  facet normal 0.257887 -0.93837 -0.230121
    outer loop
      vertex 32.5556 68.8925 0
      vertex 32.7157 73.5464 -18.7979
      vertex 33.0364 73.7226 -19.157
    endloop
  endfacet
  facet normal 0.454026 -0.847295 -0.275594
    outer loop
      vertex 37.1347 95.9749 -104.35
      vertex 39 96.9097 -104.151
      vertex 39 96.8788 -104.056
    endloop
  endfacet
  facet normal 0.454026 -0.847295 -0.275594
    outer loop
      vertex 39 96.9097 -104.151
      vertex 37.1347 95.9749 -104.35
      vertex 37.1347 96.0058 -104.445
    endloop
  endfacet
  facet normal 0.628204 -0.757215 -0.178846
    outer loop
      vertex 38.6106 71.6891 0
      vertex 42.3826 99.2161 -103.297
      vertex 38.7544 71.8084 0
    endloop
  endfacet
  facet normal 0.628011 -0.757364 -0.178893
    outer loop
      vertex 42.3826 99.2161 -103.297
      vertex 38.6106 71.6891 0
      vertex 40.7557 97.9632 -103.704
    endloop
  endfacet
  facet normal 0.544617 -0.797556 -0.259416
    outer loop
      vertex 40.7557 97.9941 -103.799
      vertex 39 96.8788 -104.056
      vertex 39 96.9097 -104.151
    endloop
  endfacet
  facet normal 0.838714 -0.517706 -0.168936
    outer loop
      vertex 46.3205 103.841 -101.794
      vertex 45.1803 102.171 -102.337
      vertex 46.3205 103.872 -101.889
    endloop
  endfacet
  facet normal -0.00017003 0.309104 -0.951028
    outer loop
      vertex 47.2709 105.646 -101.313
      vertex 45.1803 102.202 -102.432
      vertex 48.563 109.428 -100.084
    endloop
  endfacet
  facet normal 0.258732 0.9212 0.290599
    outer loop
      vertex 34.0988 108.079 -13.2507
      vertex 32.4305 108.474 -13.0175
      vertex 34.0988 108.049 -13.1556
    endloop
  endfacet
  facet normal 0.25834 0.925967 0.275401
    outer loop
      vertex 33.5294 125.456 -71.1398
      vertex 33.1582 131.988 -92.7538
      vertex 32.9604 125.603 -71.1003
    endloop
  endfacet
  facet normal 0.259044 0.92579 0.275336
    outer loop
      vertex 34.4312 125.215 -71.1779
      vertex 33.1582 131.988 -92.7538
      vertex 33.5294 125.456 -71.1398
    endloop
  endfacet
  facet normal 0.25861 0.925894 0.275394
    outer loop
      vertex 33.1582 131.988 -92.7538
      vertex 34.4312 125.215 -71.1779
      vertex 35.1803 131.473 -92.9212
    endloop
  endfacet
  facet normal 0.260304 0.925486 0.275168
    outer loop
      vertex 32.4833 110.206 -18.8836
      vertex 32.4305 108.505 -13.1126
      vertex 32.6291 110.163 -18.8769
    endloop
  endfacet
  facet normal 0.259335 0.925708 0.275336
    outer loop
      vertex 32.8958 112.391 -26.6171
      vertex 32.8817 123.063 -62.4842
      vertex 32.5533 112.465 -26.5433
    endloop
  endfacet
  facet normal 0.259037 0.925785 0.275359
    outer loop
      vertex 32.8817 123.063 -62.4842
      vertex 32.8958 112.391 -26.6171
      vertex 34.1358 122.748 -62.6049
    endloop
  endfacet
  facet normal -0.000318969 0.307995 -0.951388
    outer loop
      vertex 37.1347 130.759 -93.153
      vertex 33.1582 131.988 -92.7538
      vertex 35.1803 131.473 -92.9212
    endloop
  endfacet
  facet normal 0.000182396 0.310528 -0.950564
    outer loop
      vertex 33.1582 131.988 -92.7538
      vertex 29 132.404 -92.6187
      vertex 31.0906 132.299 -92.6526
    endloop
  endfacet
  facet normal 0.793828 0.578257 0.188298
    outer loop
      vertex 42.3488 102.379 -15.103
      vertex 45.1803 124.532 -95.0712
      vertex 45.1803 124.563 -95.1664
    endloop
  endfacet
  facet normal 0.795853 0.575677 0.187655
    outer loop
      vertex 45.1803 124.532 -95.0712
      vertex 42.3488 102.379 -15.103
      vertex 42.3488 102.348 -15.0079
    endloop
  endfacet
  facet normal 0.965631 0.238655 0.102964
    outer loop
      vertex 44.7417 90.7376 0
      vertex 48.563 117.306 -97.419
      vertex 48.0211 119.229 -96.7941
    endloop
  endfacet
  facet normal 0.965653 0.238573 0.102942
    outer loop
      vertex 48.563 117.306 -97.419
      vertex 44.7417 90.7376 0
      vertex 44.8131 90.4486 0
    endloop
  endfacet
  facet normal 0.838687 0.516483 0.172768
    outer loop
      vertex 45.1803 124.532 -95.0712
      vertex 42.3488 102.348 -15.0079
      vertex 46.3205 122.862 -95.6138
    endloop
  endfacet
  facet normal 0.933448 0.335343 0.127358
    outer loop
      vertex 48.0211 119.229 -96.7941
      vertex 44.0735 99.5069 -15.931
      vertex 44.6924 97.9734 -16.4293
    endloop
  endfacet
  facet normal 0 0.309053 -0.951045
    outer loop
      vertex 29 127.518 -94.2062
      vertex 37.1347 130.759 -93.153
      vertex 42.3826 127.518 -94.2062
    endloop
  endfacet
  facet normal 0 0.309053 -0.951045
    outer loop
      vertex 37.1347 130.759 -93.153
      vertex 29 127.518 -94.2062
      vertex 29 130.759 -93.153
    endloop
  endfacet
  facet normal 0.000465061 0.308994 -0.951064
    outer loop
      vertex 48.8904 111.394 -99.4451
      vertex 48.563 109.428 -100.084
      vertex 48.8904 115.371 -98.153
    endloop
  endfacet
  facet normal 0.777121 -0.598303 -0.195236
    outer loop
      vertex 45.1803 102.171 -102.337
      vertex 43.8629 100.655 -102.935
      vertex 45.1803 102.202 -102.432
    endloop
  endfacet
  facet normal 0.707159 -0.672844 -0.217272
    outer loop
      vertex 43.8629 100.624 -102.839
      vertex 42.3826 99.2161 -103.297
      vertex 43.8629 100.655 -102.935
    endloop
  endfacet
  facet normal -0.000446116 0.31014 -0.950691
    outer loop
      vertex 37.1347 96.0058 -104.445
      vertex 33.1582 94.777 -104.844
      vertex 39 96.9097 -104.151
    endloop
  endfacet
  facet normal 0.357152 -0.907435 -0.221367
    outer loop
      vertex 35.4807 69.868 0
      vertex 37.1347 95.9749 -104.35
      vertex 35.6428 69.9318 0
    endloop
  endfacet
  facet normal 0.357506 -0.907305 -0.221328
    outer loop
      vertex 37.1347 95.9749 -104.35
      vertex 35.4807 69.868 0
      vertex 35.1803 95.2614 -104.582
    endloop
  endfacet
  facet normal 0.0525039 -0.969607 -0.238967
    outer loop
      vertex 30.0396 75.1742 -26.9293
      vertex 29 94.3304 -104.884
      vertex 30.1448 75.1727 -26.9001
    endloop
  endfacet
  facet normal 0.0521157 -0.969628 -0.238967
    outer loop
      vertex 29.5226 75.1681 -27.0173
      vertex 29 94.3304 -104.884
      vertex 30.0396 75.1742 -26.9293
    endloop
  endfacet
  facet normal 0.0522755 -0.96962 -0.238966
    outer loop
      vertex 29 94.3304 -104.884
      vertex 29.5226 75.1681 -27.0173
      vertex 29 75.1486 -27.0525
    endloop
  endfacet
  facet normal 0.0521859 -0.969623 -0.238971
    outer loop
      vertex 29.311 72.7688 -17.3282
      vertex 29 68.4814 0
      vertex 29 72.7494 -17.3174
    endloop
  endfacet
  facet normal 0.0522061 -0.969622 -0.23897
    outer loop
      vertex 29 68.4814 0
      vertex 29.311 72.7688 -17.3282
      vertex 30.5397 68.5643 0
    endloop
  endfacet
  facet normal 0.0521301 -0.969628 -0.238966
    outer loop
      vertex 29.5226 72.782 -17.3356
      vertex 30.5397 68.5643 0
      vertex 29.311 72.7688 -17.3282
    endloop
  endfacet
  facet normal 0.0523177 -0.969616 -0.238974
    outer loop
      vertex 29.733 72.8005 -17.3646
      vertex 30.5397 68.5643 0
      vertex 29.5226 72.782 -17.3356
    endloop
  endfacet
  facet normal 0.0521027 -0.969629 -0.238967
    outer loop
      vertex 30.0396 72.8274 -17.4069
      vertex 30.5397 68.5643 0
      vertex 29.733 72.8005 -17.3646
    endloop
  endfacet
  facet normal 0.0520698 -0.969631 -0.238967
    outer loop
      vertex 30.5397 68.5643 0
      vertex 30.0396 72.8274 -17.4069
      vertex 30.2833 72.8552 -17.4666
    endloop
  endfacet
  facet normal 0 0.308941 -0.951081
    outer loop
      vertex 33.1582 94.777 -104.844
      vertex 29 94.3614 -104.979
      vertex 29 94.777 -104.844
    endloop
  endfacet
  facet normal 0.358387 -0.887791 -0.288766
    outer loop
      vertex 37.1347 95.9749 -104.35
      vertex 35.1803 95.2614 -104.582
      vertex 37.1347 96.0058 -104.445
    endloop
  endfacet
  facet normal 0.544617 -0.797556 -0.259416
    outer loop
      vertex 40.7557 97.9632 -103.704
      vertex 39 96.8788 -104.056
      vertex 40.7557 97.9941 -103.799
    endloop
  endfacet
  facet normal -0.000720459 0.3098 -0.950801
    outer loop
      vertex 40.7557 97.9941 -103.799
      vertex 39 96.9097 -104.151
      vertex 42.3826 99.247 -103.392
    endloop
  endfacet
  facet normal 0.629295 -0.739055 -0.240387
    outer loop
      vertex 40.7557 97.9632 -103.704
      vertex 42.3826 99.247 -103.392
      vertex 42.3826 99.2161 -103.297
    endloop
  endfacet
  facet normal 0.629295 -0.739055 -0.240387
    outer loop
      vertex 42.3826 99.247 -103.392
      vertex 40.7557 97.9632 -103.704
      vertex 40.7557 97.9941 -103.799
    endloop
  endfacet
  facet normal 0.627989 -0.75738 -0.178898
    outer loop
      vertex 39.9485 72.7985 0
      vertex 38.7544 71.8084 0
      vertex 42.3826 99.2161 -103.297
    endloop
  endfacet
  facet normal 0.705819 -0.690119 -0.159862
    outer loop
      vertex 41.0298 73.9044 0
      vertex 39.9485 72.7985 0
      vertex 42.3826 99.2161 -103.297
    endloop
  endfacet
  facet normal -0.000836816 0.30931 -0.950961
    outer loop
      vertex 48.0211 107.505 -100.709
      vertex 47.2709 105.646 -101.313
      vertex 48.563 109.428 -100.084
    endloop
  endfacet
  facet normal 0.9336 -0.340639 -0.111156
    outer loop
      vertex 48.0211 107.474 -100.614
      vertex 47.2709 105.615 -101.218
      vertex 47.2709 105.646 -101.313
    endloop
  endfacet
  facet normal 0.157082 0.946907 0.280522
    outer loop
      vertex 32.0001 110.29 -18.8969
      vertex 32.4305 108.505 -13.1126
      vertex 32.3333 110.232 -18.8877
    endloop
  endfacet
  facet normal 0.156412 0.946995 0.280599
    outer loop
      vertex 32.4305 108.505 -13.1126
      vertex 32.0001 110.29 -18.8969
      vertex 30.7247 108.762 -13.0291
    endloop
  endfacet
  facet normal 0.156468 0.946983 0.280608
    outer loop
      vertex 30.7247 108.762 -13.0291
      vertex 32.0001 110.29 -18.8969
      vertex 30.752 110.514 -18.9569
    endloop
  endfacet
  facet normal 0.156561 0.946955 0.280652
    outer loop
      vertex 31.0906 132.299 -92.6526
      vertex 30.9912 125.904 -71.0196
      vertex 31.4547 125.833 -71.0386
    endloop
  endfacet
  facet normal 0.156527 0.946957 0.280663
    outer loop
      vertex 32.205 112.509 -26.499
      vertex 30.9516 123.356 -62.3978
      vertex 30.7858 112.69 -26.3182
    endloop
  endfacet
  facet normal 0.157581 0.946807 0.28058
    outer loop
      vertex 30.9516 123.356 -62.3978
      vertex 32.205 112.509 -26.499
      vertex 31.5998 123.256 -62.4244
    endloop
  endfacet
  facet normal 0.0519389 0.933169 0.355666
    outer loop
      vertex 30.0241 103.841 0
      vertex 29 108.817 -12.9061
      vertex 29 103.898 0
    endloop
  endfacet
  facet normal 0.0522839 0.933161 0.355635
    outer loop
      vertex 29 108.817 -12.9061
      vertex 30.0241 103.841 0
      vertex 30.7247 108.731 -12.934
    endloop
  endfacet
  facet normal 0.357699 0.894689 0.26755
    outer loop
      vertex 35.7112 107.491 -13.442
      vertex 35.6753 109.111 -18.8113
      vertex 35.058 109.354 -18.7986
    endloop
  endfacet
  facet normal 0.357972 0.894599 0.267485
    outer loop
      vertex 35.058 109.354 -18.7986
      vertex 34.0988 108.079 -13.2507
      vertex 35.7112 107.491 -13.442
    endloop
  endfacet
  facet normal 0.358669 0.894304 0.267538
    outer loop
      vertex 34.0988 108.079 -13.2507
      vertex 35.058 109.354 -18.7986
      vertex 34.1744 109.714 -18.8174
    endloop
  endfacet
  facet normal 0.357345 0.894815 0.267602
    outer loop
      vertex 35.1556 124.991 -71.2135
      vertex 35.1803 131.473 -92.9212
      vertex 34.8854 125.094 -71.1971
    endloop
  endfacet
  facet normal 0.358617 0.894347 0.267463
    outer loop
      vertex 35.1803 131.473 -92.9212
      vertex 35.1556 124.991 -71.2135
      vertex 35.3253 124.924 -71.217
    endloop
  endfacet
  facet normal 0.360637 0.893595 0.267263
    outer loop
      vertex 34.5325 111.999 -26.9391
      vertex 34.7698 122.592 -62.677
      vertex 34.2837 112.08 -26.8742
    endloop
  endfacet
  facet normal 0.357893 0.894612 0.267547
    outer loop
      vertex 35.6194 111.635 -27.1759
      vertex 34.7698 122.592 -62.677
      vertex 34.5325 111.999 -26.9391
    endloop
  endfacet
  facet normal 0.357429 0.894779 0.267609
    outer loop
      vertex 34.7698 122.592 -62.677
      vertex 35.6194 111.635 -27.1759
      vertex 35.3816 122.38 -62.7853
    endloop
  endfacet
  facet normal 0.157393 0.922736 0.351831
    outer loop
      vertex 30.7247 108.731 -12.934
      vertex 30.7035 103.803 0
      vertex 31.3777 103.688 0
    endloop
  endfacet
  facet normal 0.706709 0.659584 0.255951
    outer loop
      vertex 40.4243 98.8586 0
      vertex 41.2619 103.624 -14.5931
      vertex 40.0407 104.786 -14.2157
    endloop
  endfacet
  facet normal 0.706523 0.659764 0.255999
    outer loop
      vertex 41.2619 103.624 -14.5931
      vertex 40.4243 98.8586 0
      vertex 41.0917 98.1439 0
    endloop
  endfacet
  facet normal 0.544398 0.797525 0.259971
    outer loop
      vertex 38.6985 105.851 -13.975
      vertex 37.25 106.745 -13.6843
      vertex 38.6985 105.82 -13.8799
    endloop
  endfacet
  facet normal 0.000154265 0.309279 -0.950971
    outer loop
      vertex 42.3826 127.518 -94.2062
      vertex 37.1347 130.759 -93.153
      vertex 39 129.855 -93.4467
    endloop
  endfacet
  facet normal 0.544272 0.783054 0.300988
    outer loop
      vertex 38.6985 105.82 -13.8799
      vertex 37.9646 100.995 0
      vertex 38.5703 100.574 0
    endloop
  endfacet
  facet normal 0.15616 0.947014 0.280676
    outer loop
      vertex 32.9604 125.603 -71.1003
      vertex 31.0906 132.299 -92.6526
      vertex 31.4547 125.833 -71.0386
    endloop
  endfacet
  facet normal 0.156183 0.947011 0.280673
    outer loop
      vertex 31.0906 132.299 -92.6526
      vertex 32.9604 125.603 -71.1003
      vertex 33.1582 131.988 -92.7538
    endloop
  endfacet
  facet normal 0.156477 0.946996 0.280558
    outer loop
      vertex 32.4833 110.206 -18.8836
      vertex 32.3333 110.232 -18.8877
      vertex 32.4305 108.505 -13.1126
    endloop
  endfacet
  facet normal 0.155354 0.947135 0.280716
    outer loop
      vertex 32.5533 112.465 -26.5433
      vertex 31.5998 123.256 -62.4244
      vertex 32.205 112.509 -26.499
    endloop
  endfacet
  facet normal 0.155447 0.947121 0.280709
    outer loop
      vertex 32.5533 112.465 -26.5433
      vertex 32.4289 123.13 -62.4584
      vertex 31.5998 123.256 -62.4244
    endloop
  endfacet
  facet normal 0.156121 0.94702 0.280677
    outer loop
      vertex 32.4289 123.13 -62.4584
      vertex 32.5533 112.465 -26.5433
      vertex 32.8817 123.063 -62.4842
    endloop
  endfacet
  facet normal 0.454275 0.852963 0.257076
    outer loop
      vertex 37.3161 124.05 -71.2135
      vertex 37.1347 130.759 -93.153
      vertex 36.7432 124.36 -71.2297
    endloop
  endfacet
  facet normal 0.454266 0.852967 0.257078
    outer loop
      vertex 38.0832 123.621 -71.1456
      vertex 37.1347 130.759 -93.153
      vertex 37.3161 124.05 -71.2135
    endloop
  endfacet
  facet normal 0.453944 0.85312 0.257141
    outer loop
      vertex 37.1347 130.759 -93.153
      vertex 38.0832 123.621 -71.1456
      vertex 39 129.855 -93.4467
    endloop
  endfacet
  facet normal 0.456873 0.851674 0.256746
    outer loop
      vertex 35.8071 109.059 -18.814
      vertex 35.7112 107.491 -13.442
      vertex 35.9321 108.993 -18.8175
    endloop
  endfacet
  facet normal 0.453087 0.853541 0.257256
    outer loop
      vertex 36.2815 111.369 -27.3156
      vertex 36.5969 121.968 -63.0372
      vertex 35.9576 111.518 -27.2395
    endloop
  endfacet
  facet normal 0.454278 0.852956 0.257093
    outer loop
      vertex 36.2815 111.369 -27.3156
      vertex 36.8057 121.875 -63.0976
      vertex 36.5969 121.968 -63.0372
    endloop
  endfacet
  facet normal 0.453876 0.853155 0.257145
    outer loop
      vertex 36.2815 111.369 -27.3156
      vertex 37.6616 121.509 -63.394
      vertex 36.8057 121.875 -63.0976
    endloop
  endfacet
  facet normal 0.455182 0.852499 0.257011
    outer loop
      vertex 37.6616 121.509 -63.394
      vertex 36.2815 111.369 -27.3156
      vertex 37.7663 121.466 -63.4368
    endloop
  endfacet
  facet normal 0.454131 0.847067 0.276121
    outer loop
      vertex 37.25 106.714 -13.5892
      vertex 35.7112 107.491 -13.442
      vertex 35.7112 107.46 -13.3469
    endloop
  endfacet
  facet normal 0.454131 0.847067 0.276121
    outer loop
      vertex 35.7112 107.491 -13.442
      vertex 37.25 106.714 -13.5892
      vertex 37.25 106.745 -13.6843
    endloop
  endfacet
  facet normal 0.358291 0.872058 0.333379
    outer loop
      vertex 34.9744 102.66 0
      vertex 34.0988 108.049 -13.1556
      vertex 34.0349 103.046 0
    endloop
  endfacet
  facet normal 0.358134 0.872111 0.333411
    outer loop
      vertex 34.0988 108.049 -13.1556
      vertex 34.9744 102.66 0
      vertex 35.7112 107.46 -13.3469
    endloop
  endfacet
  facet normal 0.987689 0.148726 0.0484806
    outer loop
      vertex 48.8904 115.371 -98.153
      vertex 48.563 117.306 -97.419
      vertex 48.8904 115.34 -98.0579
    endloop
  endfacet
  facet normal 0.890899 0.428469 0.150707
    outer loop
      vertex 46.3205 122.862 -95.6138
      vertex 43.2894 100.97 -15.4555
      vertex 44.0735 99.5069 -15.931
    endloop
  endfacet
  facet normal 3.99784e-05 0.309036 -0.95105
    outer loop
      vertex 48.8904 115.371 -98.153
      vertex 42.3826 127.518 -94.2062
      vertex 47.2709 121.119 -96.2853
    endloop
  endfacet
  facet normal 0.62879 0.725429 0.279956
    outer loop
      vertex 40.0407 104.786 -14.2157
      vertex 39.3178 99.9265 0
      vertex 39.8913 99.4294 0
    endloop
  endfacet
  facet normal 0.933455 0.335325 0.127354
    outer loop
      vertex 47.2709 121.088 -96.1902
      vertex 44.0735 99.5069 -15.931
      vertex 48.0211 119.229 -96.7941
    endloop
  endfacet
  facet normal 0.987295 0.140049 0.0750641
    outer loop
      vertex 48.8904 115.34 -98.0579
      vertex 45.2125 88.7104 0
      vertex 45.4241 87.2187 0
    endloop
  endfacet
  facet normal 0.933242 0.332232 0.136677
    outer loop
      vertex 44.1462 92.7488 0
      vertex 44.6924 97.9734 -16.4293
      vertex 44.0735 99.5069 -15.931
    endloop
  endfacet
  facet normal 0.933213 0.332306 0.1367
    outer loop
      vertex 44.6924 97.9734 -16.4293
      vertex 44.1462 92.7488 0
      vertex 44.4477 91.9021 0
    endloop
  endfacet
  facet normal 0.777062 -0.59897 -0.193417
    outer loop
      vertex 45.1803 102.171 -102.337
      vertex 43.8629 100.624 -102.839
      vertex 43.8629 100.655 -102.935
    endloop
  endfacet
  facet normal 0.775754 -0.615588 -0.13877
    outer loop
      vertex 41.2948 74.2051 0
      vertex 43.8629 100.624 -102.839
      vertex 45.1803 102.171 -102.337
    endloop
  endfacet
  facet normal 0.77565 -0.615712 -0.138804
    outer loop
      vertex 43.8629 100.624 -102.839
      vertex 41.2948 74.2051 0
      vertex 41.1693 74.047 0
    endloop
  endfacet
  facet normal -0.000737157 0.315605 -0.94889
    outer loop
      vertex 31.0906 94.4655 -104.946
      vertex 29 94.3614 -104.979
      vertex 33.1582 94.777 -104.844
    endloop
  endfacet
  facet normal 0.0521634 -0.949371 -0.309795
    outer loop
      vertex 31.0906 94.4655 -104.946
      vertex 29 94.3304 -104.884
      vertex 29 94.3614 -104.979
    endloop
  endfacet
  facet normal 0.932508 -0.355235 -0.0650908
    outer loop
      vertex 44.6353 80.1503 0
      vertex 44.0843 78.7039 0
      vertex 48.0211 107.474 -100.614
    endloop
  endfacet
  facet normal 0.54346 -0.816332 -0.195582
    outer loop
      vertex 38.4566 71.5866 0
      vertex 37.1702 70.7302 0
      vertex 39 96.8788 -104.056
    endloop
  endfacet
  facet normal 0.452931 -0.866513 -0.209784
    outer loop
      vertex 37.1702 70.7302 0
      vertex 35.7983 70.0131 0
      vertex 39 96.8788 -104.056
    endloop
  endfacet
  facet normal 0.0029757 0.307375 -0.951584
    outer loop
      vertex 46.3205 103.872 -101.889
      vertex 45.1803 102.202 -102.432
      vertex 47.2709 105.646 -101.313
    endloop
  endfacet
  facet normal 0.890997 -0.431611 -0.140842
    outer loop
      vertex 47.2709 105.615 -101.218
      vertex 46.3205 103.872 -101.889
      vertex 47.2709 105.646 -101.313
    endloop
  endfacet
  facet normal 0.965914 -0.246094 -0.0803043
    outer loop
      vertex 48.563 109.428 -100.084
      vertex 48.0211 107.474 -100.614
      vertex 48.0211 107.505 -100.709
    endloop
  endfacet
  facet normal 0.9336 -0.340639 -0.111156
    outer loop
      vertex 48.0211 107.474 -100.614
      vertex 47.2709 105.646 -101.313
      vertex 48.0211 107.505 -100.709
    endloop
  endfacet
  facet normal 0.0507766 0.95769 0.283286
    outer loop
      vertex 30.752 110.514 -18.9569
      vertex 30.5962 110.523 -18.9594
      vertex 30.7247 108.762 -13.0291
    endloop
  endfacet
  facet normal 0.051995 0.957603 0.283359
    outer loop
      vertex 30.8644 125.911 -71.0179
      vertex 29 132.404 -92.6187
      vertex 29.4687 125.979 -70.9916
    endloop
  endfacet
  facet normal 0.0566492 0.957366 0.28327
    outer loop
      vertex 31.0906 132.299 -92.6526
      vertex 30.8644 125.911 -71.0179
      vertex 30.9912 125.904 -71.0196
    endloop
  endfacet
  facet normal 0.0526883 0.957585 0.283294
    outer loop
      vertex 30.8644 125.911 -71.0179
      vertex 31.0906 132.299 -92.6526
      vertex 29 132.404 -92.6187
    endloop
  endfacet
  facet normal 0.0467837 0.957827 0.283511
    outer loop
      vertex 30.5831 112.699 -26.3096
      vertex 29.6553 123.421 -62.3802
      vertex 30.4371 112.704 -26.3024
    endloop
  endfacet
  facet normal 0.0545298 0.957505 0.283216
    outer loop
      vertex 30.7858 112.69 -26.3182
      vertex 29.6553 123.421 -62.3802
      vertex 30.5831 112.699 -26.3096
    endloop
  endfacet
  facet normal 0.0518644 0.957618 0.283333
    outer loop
      vertex 29.6553 123.421 -62.3802
      vertex 30.7858 112.69 -26.3182
      vertex 30.9516 123.356 -62.3978
    endloop
  endfacet
  facet normal 0.0523324 0.957623 0.283232
    outer loop
      vertex 30.5962 110.523 -18.9594
      vertex 29 108.848 -13.0012
      vertex 30.7247 108.762 -13.0291
    endloop
  endfacet
  facet normal 0.0525031 0.957602 0.283271
    outer loop
      vertex 29 108.848 -13.0012
      vertex 30.5962 110.523 -18.9594
      vertex 29 110.618 -18.9847
    endloop
  endfacet
  facet normal 0.0523107 0.957589 0.283348
    outer loop
      vertex 29 132.404 -92.6187
      vertex 29 126.002 -70.9828
      vertex 29.4687 125.979 -70.9916
    endloop
  endfacet
  facet normal 0.0526438 0.957585 0.283302
    outer loop
      vertex 30.4371 112.704 -26.3024
      vertex 29 123.454 -62.3713
      vertex 29 112.762 -26.2314
    endloop
  endfacet
  facet normal 0.0520719 0.957607 0.283331
    outer loop
      vertex 29 123.454 -62.3713
      vertex 30.4371 112.704 -26.3024
      vertex 29.6553 123.421 -62.3802
    endloop
  endfacet
  facet normal 0.0523502 0.949458 0.309497
    outer loop
      vertex 29 108.848 -13.0012
      vertex 29 108.817 -12.9061
      vertex 30.7247 108.731 -12.934
    endloop
  endfacet
  facet normal -0.000568588 0.308332 -0.951279
    outer loop
      vertex 42.3826 127.518 -94.2062
      vertex 39 129.855 -93.4467
      vertex 40.7557 128.771 -93.7991
    endloop
  endfacet
  facet normal 0.707266 0.672139 0.219099
    outer loop
      vertex 40.0407 104.786 -14.2157
      vertex 41.2619 103.655 -14.6882
      vertex 40.0407 104.817 -14.3108
    endloop
  endfacet
  facet normal 0.707266 0.672139 0.219099
    outer loop
      vertex 41.2619 103.655 -14.6882
      vertex 40.0407 104.786 -14.2157
      vertex 41.2619 103.624 -14.5931
    endloop
  endfacet
  facet normal 0.454048 0.853098 0.257028
    outer loop
      vertex 37.25 106.745 -13.6843
      vertex 35.9321 108.993 -18.8175
      vertex 35.7112 107.491 -13.442
    endloop
  endfacet
  facet normal 0.452311 0.853795 0.257779
    outer loop
      vertex 37.25 106.745 -13.6843
      vertex 36.1411 108.884 -18.8232
      vertex 35.9321 108.993 -18.8175
    endloop
  endfacet
  facet normal 0.453723 0.85321 0.257231
    outer loop
      vertex 37.25 106.745 -13.6843
      vertex 37.0573 108.419 -18.8969
      vertex 36.1411 108.884 -18.8232
    endloop
  endfacet
  facet normal 0.454715 0.852739 0.257043
    outer loop
      vertex 37.0573 108.419 -18.8969
      vertex 37.25 106.745 -13.6843
      vertex 37.3653 108.267 -18.9375
    endloop
  endfacet
  facet normal 0.447219 0.856466 0.2578
    outer loop
      vertex 38.1488 123.585 -71.1398
      vertex 39 129.855 -93.4467
      vertex 38.0832 123.621 -71.1456
    endloop
  endfacet
  facet normal 0.454463 0.852867 0.257065
    outer loop
      vertex 39 129.855 -93.4467
      vertex 38.1488 123.585 -71.1398
      vertex 38.5094 123.376 -71.0839
    endloop
  endfacet
  facet normal 0.453301 0.853444 0.257198
    outer loop
      vertex 36.6812 111.185 -27.4095
      vertex 37.7663 121.466 -63.4368
      vertex 36.2815 111.369 -27.3156
    endloop
  endfacet
  facet normal 0.454301 0.852946 0.257086
    outer loop
      vertex 37.5546 110.768 -27.5694
      vertex 37.7663 121.466 -63.4368
      vertex 36.6812 111.185 -27.4095
    endloop
  endfacet
  facet normal 0.453524 0.853327 0.257195
    outer loop
      vertex 37.7663 121.466 -63.4368
      vertex 37.5546 110.768 -27.5694
      vertex 38.3468 121.229 -63.6741
    endloop
  endfacet
  facet normal 0.54438 0.783012 0.300903
    outer loop
      vertex 37.9646 100.995 0
      vertex 37.25 106.714 -13.5892
      vertex 37.1433 101.566 0
    endloop
  endfacet
  facet normal 0.543869 0.783309 0.301055
    outer loop
      vertex 37.25 106.714 -13.5892
      vertex 37.9646 100.995 0
      vertex 38.6985 105.82 -13.8799
    endloop
  endfacet
  facet normal 0.257612 0.902728 0.344554
    outer loop
      vertex 34.0988 108.049 -13.1556
      vertex 33.3691 103.236 0
      vertex 34.0349 103.046 0
    endloop
  endfacet
  facet normal 0.356906 0.894945 0.267752
    outer loop
      vertex 36.7432 124.36 -71.2297
      vertex 35.1803 131.473 -92.9212
      vertex 36.3483 124.52 -71.2381
    endloop
  endfacet
  facet normal 0.358475 0.894405 0.267462
    outer loop
      vertex 35.1803 131.473 -92.9212
      vertex 36.7432 124.36 -71.2297
      vertex 37.1347 130.759 -93.153
    endloop
  endfacet
  facet normal 0.358698 0.894318 0.267454
    outer loop
      vertex 35.3253 124.924 -71.217
      vertex 36.3483 124.52 -71.2381
      vertex 35.1803 131.473 -92.9212
    endloop
  endfacet
  facet normal 0.358371 0.894444 0.267471
    outer loop
      vertex 35.8071 109.059 -18.814
      vertex 35.6753 109.111 -18.8113
      vertex 35.7112 107.491 -13.442
    endloop
  endfacet
  facet normal 0.362653 0.892859 0.266995
    outer loop
      vertex 35.7103 111.604 -27.1957
      vertex 35.3816 122.38 -62.7853
      vertex 35.6194 111.635 -27.1759
    endloop
  endfacet
  facet normal 0.358417 0.894415 0.267505
    outer loop
      vertex 35.9576 111.518 -27.2395
      vertex 35.3816 122.38 -62.7853
      vertex 35.7103 111.604 -27.1957
    endloop
  endfacet
  facet normal 0.359976 0.893848 0.267307
    outer loop
      vertex 35.9576 111.518 -27.2395
      vertex 35.6961 122.27 -62.841
      vertex 35.3816 122.38 -62.7853
    endloop
  endfacet
  facet normal 0.35816 0.894513 0.267521
    outer loop
      vertex 35.6961 122.27 -62.841
      vertex 35.9576 111.518 -27.2395
      vertex 36.5969 121.968 -63.0372
    endloop
  endfacet
  facet normal 0.891009 0.431632 0.1407
    outer loop
      vertex 46.3205 122.893 -95.7089
      vertex 46.3205 122.862 -95.6138
      vertex 47.2709 121.088 -96.1902
    endloop
  endfacet
  facet normal 0.890956 0.428362 0.150678
    outer loop
      vertex 46.3205 122.862 -95.6138
      vertex 44.0735 99.5069 -15.931
      vertex 47.2709 121.088 -96.1902
    endloop
  endfacet
  facet normal 0.838692 0.517843 0.168625
    outer loop
      vertex 45.1803 124.532 -95.0712
      vertex 46.3205 122.893 -95.7089
      vertex 45.1803 124.563 -95.1664
    endloop
  endfacet
  facet normal 0.838696 0.517784 0.168784
    outer loop
      vertex 46.3205 122.893 -95.7089
      vertex 45.1803 124.532 -95.0712
      vertex 46.3205 122.862 -95.6138
    endloop
  endfacet
  facet normal 0.629414 0.738809 0.240831
    outer loop
      vertex 40.0407 104.817 -14.3108
      vertex 38.6985 105.82 -13.8799
      vertex 40.0407 104.786 -14.2157
    endloop
  endfacet
  facet normal 0.707124 0.674448 0.212358
    outer loop
      vertex 41.4408 107.464 -27.3787
      vertex 43.8629 126.11 -94.6636
      vertex 42.3826 127.518 -94.2062
    endloop
  endfacet
  facet normal 0.707017 0.674552 0.212383
    outer loop
      vertex 43.8629 126.11 -94.6636
      vertex 41.4408 107.464 -27.3787
      vertex 41.6699 107.178 -27.233
    endloop
  endfacet
  facet normal 0.698653 0.682575 0.214419
    outer loop
      vertex 41.4534 105.457 -21.0486
      vertex 41.2619 103.655 -14.6882
      vertex 41.4694 105.447 -21.0689
    endloop
  endfacet
  facet normal 0.706821 0.674738 0.212445
    outer loop
      vertex 41.2619 103.655 -14.6882
      vertex 41.4534 105.457 -21.0486
      vertex 41.3499 105.53 -20.9361
    endloop
  endfacet
  facet normal 0.706533 0.659745 0.256023
    outer loop
      vertex 40.0407 104.786 -14.2157
      vertex 39.8913 99.4294 0
      vertex 40.4243 98.8586 0
    endloop
  endfacet
  facet normal 0.776656 0.586681 0.229372
    outer loop
      vertex 41.2619 103.624 -14.5931
      vertex 41.0917 98.1439 0
      vertex 41.5784 97.4996 0
    endloop
  endfacet
  facet normal 0.838182 0.507222 0.200443
    outer loop
      vertex 42.3488 102.348 -15.0079
      vertex 42.1583 96.732 0
      vertex 42.5911 96.0168 0
    endloop
  endfacet
  facet normal 0.77651 0.586845 0.229445
    outer loop
      vertex 41.5784 97.4996 0
      vertex 42.3488 102.348 -15.0079
      vertex 41.2619 103.624 -14.5931
    endloop
  endfacet
  facet normal 0.77662 0.586714 0.229408
    outer loop
      vertex 42.3488 102.348 -15.0079
      vertex 41.5784 97.4996 0
      vertex 42.1583 96.732 0
    endloop
  endfacet
  facet normal 0.000850812 0.309269 -0.950974
    outer loop
      vertex 48.563 117.337 -97.5141
      vertex 47.2709 121.119 -96.2853
      vertex 48.0211 119.26 -96.8892
    endloop
  endfacet
  facet normal 0.933598 0.340678 0.111052
    outer loop
      vertex 47.2709 121.119 -96.2853
      vertex 47.2709 121.088 -96.1902
      vertex 48.0211 119.26 -96.8892
    endloop
  endfacet
  facet normal 0.933235 0.332249 0.136685
    outer loop
      vertex 44.0735 99.5069 -15.931
      vertex 43.8454 93.5937 0
      vertex 44.1462 92.7488 0
    endloop
  endfacet
  facet normal 0.890609 0.422041 0.169403
    outer loop
      vertex 44.0735 99.5069 -15.931
      vertex 43.4744 94.3766 0
      vertex 43.8454 93.5937 0
    endloop
  endfacet
  facet normal 0.965913 0.246122 0.0802291
    outer loop
      vertex 48.563 117.337 -97.5141
      vertex 48.0211 119.26 -96.8892
      vertex 48.563 117.306 -97.419
    endloop
  endfacet
  facet normal 0.965913 0.246122 0.0802291
    outer loop
      vertex 48.0211 119.26 -96.8892
      vertex 48.0211 119.229 -96.7941
      vertex 48.563 117.306 -97.419
    endloop
  endfacet
  facet normal 0.889816 -0.447134 -0.0910963
    outer loop
      vertex 43.9008 78.2868 0
      vertex 43.2077 76.9075 0
      vertex 46.3205 103.841 -101.794
    endloop
  endfacet
  facet normal 0.544332 0.802449 0.244496
    outer loop
      vertex 38.6985 105.851 -13.975
      vertex 37.4807 108.195 -18.9569
      vertex 37.25 106.745 -13.6843
    endloop
  endfacet
  facet normal 0.544689 0.80226 0.24432
    outer loop
      vertex 38.6985 105.851 -13.975
      vertex 37.8487 107.964 -19.0188
      vertex 37.4807 108.195 -18.9569
    endloop
  endfacet
  facet normal 0.544784 0.802207 0.244281
    outer loop
      vertex 38.6985 105.851 -13.975
      vertex 38.5723 107.524 -19.1876
      vertex 37.8487 107.964 -19.0188
    endloop
  endfacet
  facet normal 0.544075 0.802641 0.244438
    outer loop
      vertex 38.5723 107.524 -19.1876
      vertex 38.6985 105.851 -13.975
      vertex 38.8348 107.37 -19.2662
    endloop
  endfacet
  facet normal 0.545047 0.802008 0.24435
    outer loop
      vertex 39.937 122.27 -70.6353
      vertex 40.7557 128.771 -93.7991
      vertex 39.7455 122.424 -70.7136
    endloop
  endfacet
  facet normal 0.544587 0.8023 0.244416
    outer loop
      vertex 40.7557 128.771 -93.7991
      vertex 39.937 122.27 -70.6353
      vertex 40.1556 122.085 -70.5151
    endloop
  endfacet
  facet normal 0.544148 0.802581 0.244473
    outer loop
      vertex 38.3178 110.29 -27.7002
      vertex 39.4689 120.686 -64.3914
      vertex 37.8599 110.577 -27.6232
    endloop
  endfacet
  facet normal 0.54439 0.802428 0.244437
    outer loop
      vertex 39.0363 109.825 -27.7739
      vertex 39.4689 120.686 -64.3914
      vertex 38.3178 110.29 -27.7002
    endloop
  endfacet
  facet normal 0.547756 0.800313 0.243849
    outer loop
      vertex 39.0541 109.813 -27.7745
      vertex 39.4689 120.686 -64.3914
      vertex 39.0363 109.825 -27.7739
    endloop
  endfacet
  facet normal 0.54547 0.801751 0.244251
    outer loop
      vertex 39.0541 109.813 -27.7745
      vertex 39.6048 120.623 -64.4881
      vertex 39.4689 120.686 -64.3914
    endloop
  endfacet
  facet normal 0.545004 0.802043 0.24433
    outer loop
      vertex 39.6048 120.623 -64.4881
      vertex 39.0541 109.813 -27.7745
      vertex 40.009 120.451 -64.8251
    endloop
  endfacet
  facet normal 0.542523 0.803601 0.244733
    outer loop
      vertex 37.3653 108.267 -18.9375
      vertex 37.25 106.745 -13.6843
      vertex 37.4807 108.195 -18.9569
    endloop
  endfacet
  facet normal 0.544129 0.802596 0.244467
    outer loop
      vertex 38.8426 123.13 -71.0179
      vertex 39 129.855 -93.4467
      vertex 38.5094 123.376 -71.0839
    endloop
  endfacet
  facet normal 0.544826 0.80215 0.244378
    outer loop
      vertex 40.7557 128.771 -93.7991
      vertex 38.8426 123.13 -71.0179
      vertex 39.4147 122.69 -70.8491
    endloop
  endfacet
  facet normal 0.544888 0.80211 0.244371
    outer loop
      vertex 40.7557 128.771 -93.7991
      vertex 39.4147 122.69 -70.8491
      vertex 39.7455 122.424 -70.7136
    endloop
  endfacet
  facet normal 0.544464 0.802386 0.244407
    outer loop
      vertex 38.8426 123.13 -71.0179
      vertex 40.7557 128.771 -93.7991
      vertex 39 129.855 -93.4467
    endloop
  endfacet
  facet normal 0.541349 0.804334 0.244926
    outer loop
      vertex 37.5928 110.745 -27.5783
      vertex 38.3468 121.229 -63.6741
      vertex 37.5546 110.768 -27.5694
    endloop
  endfacet
  facet normal 0.54538 0.801804 0.244276
    outer loop
      vertex 37.8599 110.577 -27.6232
      vertex 38.3468 121.229 -63.6741
      vertex 37.5928 110.745 -27.5783
    endloop
  endfacet
  facet normal 0.544673 0.802248 0.244397
    outer loop
      vertex 37.8599 110.577 -27.6232
      vertex 38.4486 121.176 -63.727
      vertex 38.3468 121.229 -63.6741
    endloop
  endfacet
  facet normal 0.54419 0.80255 0.244478
    outer loop
      vertex 37.8599 110.577 -27.6232
      vertex 39.0496 120.88 -64.0931
      vertex 38.4486 121.176 -63.727
    endloop
  endfacet
  facet normal 0.544947 0.80207 0.244367
    outer loop
      vertex 39.0496 120.88 -64.0931
      vertex 37.8599 110.577 -27.6232
      vertex 39.4689 120.686 -64.3914
    endloop
  endfacet
  facet normal 0.358062 0.887724 0.289374
    outer loop
      vertex 35.7112 107.491 -13.442
      vertex 34.0988 108.079 -13.2507
      vertex 35.7112 107.46 -13.3469
    endloop
  endfacet
  facet normal 0.357509 0.872348 0.333462
    outer loop
      vertex 35.7112 107.46 -13.3469
      vertex 34.9744 102.66 0
      vertex 35.6259 102.393 0
    endloop
  endfacet
  facet normal 0.259181 0.925727 0.275416
    outer loop
      vertex 33.7841 109.825 -18.8232
      vertex 34.0988 108.079 -13.2507
      vertex 34.1744 109.714 -18.8174
    endloop
  endfacet
  facet normal 0.258166 0.925971 0.27555
    outer loop
      vertex 32.6291 110.163 -18.8769
      vertex 34.0988 108.079 -13.2507
      vertex 33.7841 109.825 -18.8232
    endloop
  endfacet
  facet normal 0.259181 0.925787 0.275216
    outer loop
      vertex 34.0988 108.079 -13.2507
      vertex 32.6291 110.163 -18.8769
      vertex 32.4305 108.505 -13.1126
    endloop
  endfacet
  facet normal 0.258323 0.92597 0.275406
    outer loop
      vertex 35.1803 131.473 -92.9212
      vertex 34.4312 125.215 -71.1779
      vertex 34.8854 125.094 -71.1971
    endloop
  endfacet
  facet normal 0.261764 0.925052 0.275242
    outer loop
      vertex 33.0146 112.365 -26.6427
      vertex 34.1358 122.748 -62.6049
      vertex 32.8958 112.391 -26.6171
    endloop
  endfacet
  facet normal 0.25819 0.926007 0.275406
    outer loop
      vertex 34.2837 112.08 -26.8742
      vertex 34.1358 122.748 -62.6049
      vertex 33.0146 112.365 -26.6427
    endloop
  endfacet
  facet normal 0.258613 0.925899 0.275372
    outer loop
      vertex 34.2837 112.08 -26.8742
      vertex 34.3672 122.69 -62.6272
      vertex 34.1358 122.748 -62.6049
    endloop
  endfacet
  facet normal 0.259387 0.9257 0.275315
    outer loop
      vertex 34.3672 122.69 -62.6272
      vertex 34.2837 112.08 -26.8742
      vertex 34.7698 122.592 -62.677
    endloop
  endfacet
  facet normal 0.358531 0.890271 0.280843
    outer loop
      vertex 34.0988 108.079 -13.2507
      vertex 34.0988 108.049 -13.1556
      vertex 35.7112 107.46 -13.3469
    endloop
  endfacet
  facet normal 0.453004 0.832476 0.319016
    outer loop
      vertex 37.1433 101.566 0
      vertex 35.7112 107.46 -13.3469
      vertex 36.2557 102.049 0
    endloop
  endfacet
  facet normal 0.453647 0.832199 0.318824
    outer loop
      vertex 35.7112 107.46 -13.3469
      vertex 37.1433 101.566 0
      vertex 37.25 106.714 -13.5892
    endloop
  endfacet
  facet normal 0.454363 0.831853 0.318708
    outer loop
      vertex 35.7112 107.46 -13.3469
      vertex 35.6259 102.393 0
      vertex 36.2557 102.049 0
    endloop
  endfacet
  facet normal 0.933598 0.340678 0.111052
    outer loop
      vertex 48.0211 119.26 -96.8892
      vertex 47.2709 121.088 -96.1902
      vertex 48.0211 119.229 -96.7941
    endloop
  endfacet
  facet normal 0.891009 0.431632 0.1407
    outer loop
      vertex 47.2709 121.119 -96.2853
      vertex 46.3205 122.893 -95.7089
      vertex 47.2709 121.088 -96.1902
    endloop
  endfacet
  facet normal 0.000753024 0.30968 -0.950841
    outer loop
      vertex 45.1803 124.563 -95.1664
      vertex 42.3826 127.518 -94.2062
      vertex 43.8629 126.11 -94.6636
    endloop
  endfacet
  facet normal 0.777108 0.598907 0.193424
    outer loop
      vertex 41.6699 107.178 -27.233
      vertex 45.1803 124.563 -95.1664
      vertex 43.8629 126.11 -94.6636
    endloop
  endfacet
  facet normal 0.781042 0.594101 0.192398
    outer loop
      vertex 41.717 107.104 -27.1957
      vertex 45.1803 124.563 -95.1664
      vertex 41.6699 107.178 -27.233
    endloop
  endfacet
  facet normal 0.776783 0.599299 0.193516
    outer loop
      vertex 45.1803 124.563 -95.1664
      vertex 41.717 107.104 -27.1957
      vertex 41.8633 106.864 -27.0397
    endloop
  endfacet
  facet normal 0.777991 0.597832 0.1932
    outer loop
      vertex 41.4694 105.447 -21.0689
      vertex 41.2619 103.655 -14.6882
      vertex 41.581 105.358 -21.2429
    endloop
  endfacet
  facet normal 0.629213 0.742592 0.229452
    outer loop
      vertex 40.3537 121.875 -70.3787
      vertex 40.7557 128.771 -93.7991
      vertex 40.1556 122.085 -70.5151
    endloop
  endfacet
  facet normal 0.628141 0.743428 0.22968
    outer loop
      vertex 40.7557 128.771 -93.7991
      vertex 40.3537 121.875 -70.3787
      vertex 40.5435 121.661 -70.2051
    endloop
  endfacet
  facet normal 0.629375 0.742482 0.229365
    outer loop
      vertex 40.0407 104.817 -14.3108
      vertex 38.8348 107.37 -19.2662
      vertex 38.6985 105.851 -13.975
    endloop
  endfacet
  facet normal 0.629959 0.742092 0.229022
    outer loop
      vertex 40.0407 104.817 -14.3108
      vertex 39.1973 107.104 -19.4014
      vertex 38.8348 107.37 -19.2662
    endloop
  endfacet
  facet normal 0.629235 0.742599 0.229369
    outer loop
      vertex 40.0407 104.817 -14.3108
      vertex 39.757 106.709 -19.658
      vertex 39.1973 107.104 -19.4014
    endloop
  endfacet
  facet normal 0.629262 0.742579 0.229361
    outer loop
      vertex 39.757 106.709 -19.658
      vertex 40.0407 104.817 -14.3108
      vertex 40.0904 106.483 -19.841
    endloop
  endfacet
  facet normal 0.628995 0.742765 0.229491
    outer loop
      vertex 40.1499 108.884 -27.7739
      vertex 40.009 120.451 -64.8251
      vertex 39.6039 109.354 -27.7986
    endloop
  endfacet
  facet normal 0.646847 0.728666 0.225022
    outer loop
      vertex 40.1617 108.873 -27.7722
      vertex 40.009 120.451 -64.8251
      vertex 40.1499 108.884 -27.7739
    endloop
  endfacet
  facet normal 0.628383 0.743233 0.22965
    outer loop
      vertex 40.1617 108.873 -27.7722
      vertex 40.0889 120.409 -64.9078
      vertex 40.009 120.451 -64.8251
    endloop
  endfacet
  facet normal 0.629562 0.742323 0.229365
    outer loop
      vertex 40.1617 108.873 -27.7722
      vertex 40.4484 120.24 -65.3476
      vertex 40.0889 120.409 -64.9078
    endloop
  endfacet
  facet normal 0.62449 0.746242 0.230512
    outer loop
      vertex 40.4484 120.24 -65.3476
      vertex 40.1617 108.873 -27.7722
      vertex 40.5005 120.22 -65.424
    endloop
  endfacet
  facet normal 0.629694 0.74222 0.229336
    outer loop
      vertex 39.0541 109.813 -27.7745
      vertex 39.6039 109.354 -27.7986
      vertex 40.009 120.451 -64.8251
    endloop
  endfacet
  facet normal 0.629414 0.738809 0.240831
    outer loop
      vertex 38.6985 105.851 -13.975
      vertex 38.6985 105.82 -13.8799
      vertex 40.0407 104.817 -14.3108
    endloop
  endfacet
  facet normal 0.838743 0.516399 0.17275
    outer loop
      vertex 46.3205 122.862 -95.6138
      vertex 42.3488 102.348 -15.0079
      vertex 43.2894 100.97 -15.4555
    endloop
  endfacet
  facet normal 0.838269 0.507098 0.20039
    outer loop
      vertex 42.5911 96.0168 0
      vertex 43.2894 100.97 -15.4555
      vertex 42.3488 102.348 -15.0079
    endloop
  endfacet
  facet normal 0.838191 0.507214 0.200423
    outer loop
      vertex 43.2894 100.97 -15.4555
      vertex 42.5911 96.0168 0
      vertex 43.0795 95.2097 0
    endloop
  endfacet
  facet normal 0.777035 0.598464 0.195083
    outer loop
      vertex 41.2619 103.655 -14.6882
      vertex 41.2619 103.624 -14.5931
      vertex 42.3488 102.379 -15.103
    endloop
  endfacet
  facet normal 0.777713 0.5982 0.193184
    outer loop
      vertex 42.1723 104.953 -22.3629
      vertex 42.3488 102.379 -15.103
      vertex 42.3448 104.879 -22.8282
    endloop
  endfacet
  facet normal 0.777196 0.598798 0.193409
    outer loop
      vertex 41.9651 105.075 -21.908
      vertex 42.3488 102.379 -15.103
      vertex 42.1723 104.953 -22.3629
    endloop
  endfacet
  facet normal 0.776462 0.59963 0.19378
    outer loop
      vertex 41.7256 105.243 -21.4682
      vertex 42.3488 102.379 -15.103
      vertex 41.9651 105.075 -21.908
    endloop
  endfacet
  facet normal 0.777299 0.598705 0.193282
    outer loop
      vertex 41.581 105.358 -21.2429
      vertex 42.3488 102.379 -15.103
      vertex 41.7256 105.243 -21.4682
    endloop
  endfacet
  facet normal 0.777035 0.598992 0.193454
    outer loop
      vertex 42.3488 102.379 -15.103
      vertex 41.581 105.358 -21.2429
      vertex 41.2619 103.655 -14.6882
    endloop
  endfacet
  facet normal 0.777765 0.598109 0.193254
    outer loop
      vertex 41.9575 106.709 -26.9391
      vertex 45.1803 124.563 -95.1664
      vertex 41.8633 106.864 -27.0397
    endloop
  endfacet
  facet normal 0.776962 0.599081 0.193471
    outer loop
      vertex 42.1659 106.343 -26.6427
      vertex 45.1803 124.563 -95.1664
      vertex 41.9575 106.709 -26.9391
    endloop
  endfacet
  facet normal 0.77715 0.598855 0.193419
    outer loop
      vertex 42.3396 106.01 -26.3096
      vertex 45.1803 124.563 -95.1664
      vertex 42.1659 106.343 -26.6427
    endloop
  endfacet
  facet normal 0.776553 0.599574 0.193588
    outer loop
      vertex 42.4769 105.714 -25.9436
      vertex 45.1803 124.563 -95.1664
      vertex 42.3396 106.01 -26.3096
    endloop
  endfacet
  facet normal 0.778024 0.597801 0.193163
    outer loop
      vertex 42.5763 105.457 -25.5486
      vertex 45.1803 124.563 -95.1664
      vertex 42.4769 105.714 -25.9436
    endloop
  endfacet
  facet normal 0.777738 0.598146 0.193247
    outer loop
      vertex 42.6366 105.243 -25.1289
      vertex 45.1803 124.563 -95.1664
      vertex 42.5763 105.457 -25.5486
    endloop
  endfacet
  facet normal 0.771233 0.605901 0.19515
    outer loop
      vertex 42.6573 105.075 -24.6891
      vertex 45.1803 124.563 -95.1664
      vertex 42.6366 105.243 -25.1289
    endloop
  endfacet
  facet normal 0.777661 0.59826 0.193204
    outer loop
      vertex 42.3448 104.879 -22.8282
      vertex 42.3488 102.379 -15.103
      vertex 42.4809 104.854 -23.2986
    endloop
  endfacet
  facet normal 0.779235 0.596341 0.192793
    outer loop
      vertex 42.6573 105.075 -24.6891
      vertex 42.3488 102.379 -15.103
      vertex 45.1803 124.563 -95.1664
    endloop
  endfacet
  facet normal 0.771443 0.605633 0.195155
    outer loop
      vertex 42.638 104.953 -24.2342
      vertex 42.3488 102.379 -15.103
      vertex 42.6573 105.075 -24.6891
    endloop
  endfacet
  facet normal 0.775672 0.600621 0.193876
    outer loop
      vertex 42.579 104.879 -23.7689
      vertex 42.3488 102.379 -15.103
      vertex 42.638 104.953 -24.2342
    endloop
  endfacet
  facet normal 0.775999 0.600232 0.193773
    outer loop
      vertex 42.4809 104.854 -23.2986
      vertex 42.3488 102.379 -15.103
      vertex 42.579 104.879 -23.7689
    endloop
  endfacet
  facet normal 0.987299 0.140024 0.0750567
    outer loop
      vertex 45.1721 88.9958 0
      vertex 48.8904 115.34 -98.0579
      vertex 48.563 117.306 -97.419
    endloop
  endfacet
  facet normal 0.987341 0.139764 0.0749883
    outer loop
      vertex 48.8904 115.34 -98.0579
      vertex 45.1721 88.9958 0
      vertex 45.2125 88.7104 0
    endloop
  endfacet
  facet normal 0.965641 0.238618 0.102955
    outer loop
      vertex 48.563 117.306 -97.419
      vertex 44.8131 90.4486 0
      vertex 45.1721 88.9958 0
    endloop
  endfacet
  facet normal 0.987689 0.148726 0.0484806
    outer loop
      vertex 48.563 117.337 -97.5141
      vertex 48.563 117.306 -97.419
      vertex 48.8904 115.371 -98.153
    endloop
  endfacet
  facet normal 0.000364474 0.309119 -0.951023
    outer loop
      vertex 48.8904 115.371 -98.153
      vertex 47.2709 121.119 -96.2853
      vertex 48.563 117.337 -97.5141
    endloop
  endfacet
  facet normal 0.544398 0.797525 0.259971
    outer loop
      vertex 37.25 106.745 -13.6843
      vertex 37.25 106.714 -13.5892
      vertex 38.6985 105.82 -13.8799
    endloop
  endfacet
  facet normal 0.156206 0.922892 0.351952
    outer loop
      vertex 32.388 103.517 0
      vertex 30.7247 108.731 -12.934
      vertex 31.3777 103.688 0
    endloop
  endfacet
  facet normal 0.156272 0.922885 0.35194
    outer loop
      vertex 30.7247 108.731 -12.934
      vertex 32.388 103.517 0
      vertex 32.4305 108.474 -13.0175
    endloop
  endfacet
  facet normal 0.258487 0.902495 0.34451
    outer loop
      vertex 33.3691 103.236 0
      vertex 32.4305 108.474 -13.0175
      vertex 32.388 103.517 0
    endloop
  endfacet
  facet normal 0.258433 0.902507 0.344518
    outer loop
      vertex 32.4305 108.474 -13.0175
      vertex 33.3691 103.236 0
      vertex 34.0988 108.049 -13.1556
    endloop
  endfacet
  facet normal -0.000159352 0.308899 -0.951095
    outer loop
      vertex 47.2709 121.119 -96.2853
      vertex 42.3826 127.518 -94.2062
      vertex 45.1803 124.563 -95.1664
    endloop
  endfacet
  facet normal 0.000421404 0.309218 -0.950991
    outer loop
      vertex 47.2709 121.119 -96.2853
      vertex 45.1803 124.563 -95.1664
      vertex 46.3205 122.893 -95.7089
    endloop
  endfacet
  facet normal 0.707252 0.674329 0.21231
    outer loop
      vertex 41.2619 103.655 -14.6882
      vertex 40.2046 106.406 -19.9037
      vertex 40.0407 104.817 -14.3108
    endloop
  endfacet
  facet normal 0.70851 0.673264 0.211493
    outer loop
      vertex 40.2046 106.406 -19.9037
      vertex 41.2619 103.655 -14.6882
      vertex 40.2796 106.343 -19.9544
    endloop
  endfacet
  facet normal 0.707082 0.674485 0.212382
    outer loop
      vertex 40.2796 106.343 -19.9544
      vertex 41.2619 103.655 -14.6882
      vertex 40.6973 106.01 -20.2875
    endloop
  endfacet
  facet normal 0.706732 0.674798 0.21255
    outer loop
      vertex 40.6973 106.01 -20.2875
      vertex 41.2619 103.655 -14.6882
      vertex 41.09 105.714 -20.6535
    endloop
  endfacet
  facet normal 0.707765 0.673829 0.212185
    outer loop
      vertex 41.09 105.714 -20.6535
      vertex 41.2619 103.655 -14.6882
      vertex 41.3499 105.53 -20.9361
    endloop
  endfacet
  facet normal 0.707147 0.674425 0.212355
    outer loop
      vertex 40.6262 108.419 -27.7002
      vertex 42.3826 127.518 -94.2062
      vertex 40.4341 108.631 -27.7338
    endloop
  endfacet
  facet normal 0.707094 0.674476 0.212368
    outer loop
      vertex 41.0236 107.964 -27.5783
      vertex 42.3826 127.518 -94.2062
      vertex 40.6262 108.419 -27.7002
    endloop
  endfacet
  facet normal 0.707288 0.674289 0.212317
    outer loop
      vertex 41.3924 107.524 -27.4095
      vertex 42.3826 127.518 -94.2062
      vertex 41.0236 107.964 -27.5783
    endloop
  endfacet
  facet normal 0.70406 0.677382 0.213195
    outer loop
      vertex 42.3826 127.518 -94.2062
      vertex 41.3924 107.524 -27.4095
      vertex 41.4408 107.464 -27.3787
    endloop
  endfacet
  facet normal 0.259254 0.918255 0.299326
    outer loop
      vertex 32.4305 108.505 -13.1126
      vertex 32.4305 108.474 -13.0175
      vertex 34.0988 108.079 -13.2507
    endloop
  endfacet
  facet normal 0.156464 0.939052 0.306105
    outer loop
      vertex 32.4305 108.505 -13.1126
      vertex 30.7247 108.731 -12.934
      vertex 32.4305 108.474 -13.0175
    endloop
  endfacet
  facet normal -0.258825 0.000605867 0.965924
    outer loop
      vertex 50.2496 137 2.7692
      vertex 49.6935 137 2.62019
      vertex 49.5593 10 2.66389
    endloop
  endfacet
  facet normal -0.156422 0.000505149 0.98769
    outer loop
      vertex 49.5593 10 2.66389
      vertex 49.6935 137 2.62019
      vertex 49.1249 137 2.53014
    endloop
  endfacet
  facet normal -0.15644 0.000505083 0.987687
    outer loop
      vertex 49.5593 10 2.66389
      vertex 49.1249 137 2.53014
      vertex 48.784 10 2.54109
    endloop
  endfacet
  facet normal -0.890975 -0.00398709 0.454035
    outer loop
      vertex 55.2272 50.2 7.25
      vertex 55.6787 50.2 8.136
      vertex 54.4952 99.9 6.25
    endloop
  endfacet
  facet normal -0.987484 -0.0203095 -0.156408
    outer loop
      vertex 55.4589 99.9 40.784
      vertex 56.2924 50.2 41.9752
      vertex 55.3361 99.9 41.5593
    endloop
  endfacet
  facet normal -0.998308 0.025467 -0.052278
    outer loop
      vertex 56.448 49.2 40.993
      vertex 56.5 49.2 40
      vertex 55.5 10 40
    endloop
  endfacet
  facet normal -0.776195 -0.0494022 -0.628555
    outer loop
      vertex 52.9996 138 42.7328
      vertex 53.5736 99.9 45.0185
      vertex 52.6373 138 43.1802
    endloop
  endfacet
  facet normal -0.0523546 0.000226635 0.998629
    outer loop
      vertex 48.784 10 2.54109
      vertex 49.1249 137 2.53014
      vertex 48.55 137 2.5
    endloop
  endfacet
  facet normal -0.629276 0 0.777182
    outer loop
      vertex 52.5933 72.5 4.08213
      vertex 53.0185 99.9 4.42641
      vertex 52.5933 77.5 4.08213
    endloop
  endfacet
  facet normal -0.629313 1.17031e-06 0.777152
    outer loop
      vertex 52.4084 99.9 3.93237
      vertex 52.5933 77.5 4.08213
      vertex 53.0185 99.9 4.42641
    endloop
  endfacet
  facet normal -0.629399 0 0.777082
    outer loop
      vertex 52.5933 77.5 4.08213
      vertex 52.4084 99.9 3.93237
      vertex 52.4084 77.5 3.93237
    endloop
  endfacet
  facet normal -0.629276 0 0.777182
    outer loop
      vertex 53.0185 99.9 4.42641
      vertex 52.5933 72.5 4.08213
      vertex 53.0185 12 4.42641
    endloop
  endfacet
  facet normal -0.629399 -1.42962e-06 0.777082
    outer loop
      vertex 52.4084 72.5 3.93237
      vertex 53.0185 12 4.42641
      vertex 52.5933 72.5 4.08213
    endloop
  endfacet
  facet normal -0.629313 0 0.777152
    outer loop
      vertex 53.0185 12 4.42641
      vertex 52.4084 72.5 3.93237
      vertex 52.4084 12 3.93237
    endloop
  endfacet
  facet normal -0.706171 -0.0514263 -0.706171
    outer loop
      vertex 53.0185 99.9 45.5736
      vertex 52.6373 138 43.1802
      vertex 53.5736 99.9 45.0185
    endloop
  endfacet
  facet normal -0.706171 -0.0514263 -0.706171
    outer loop
      vertex 52.6373 138 43.1802
      vertex 53.0185 99.9 45.5736
      vertex 52.2302 138 43.5873
    endloop
  endfacet
  facet normal -0.998467 -0.0179846 0.0523451
    outer loop
      vertex 56.448 50.2 11.007
      vertex 55.5 99.9 10
      vertex 55.4589 99.9 9.21603
    endloop
  endfacet
  facet normal 7.4834e-05 -0.0401501 -0.999194
    outer loop
      vertex 47 50.2 49.5
      vertex 41.6418 57.1632 49.2198
      vertex 41.65 57.32 49.2135
    endloop
  endfacet
  facet normal 0.000286277 -0.0399876 -0.9992
    outer loop
      vertex 47 50.2 49.5
      vertex 41.6172 57.0081 49.226
      vertex 41.6418 57.1632 49.2198
    endloop
  endfacet
  facet normal 8.22262e-06 -0.0402071 -0.999191
    outer loop
      vertex 47 50.2 49.5
      vertex 41.5766 56.8565 49.2321
      vertex 41.6172 57.0081 49.226
    endloop
  endfacet
  facet normal 6.74765e-07 -0.0402133 -0.999191
    outer loop
      vertex 47 50.2 49.5
      vertex 41.5203 56.7099 49.238
      vertex 41.5766 56.8565 49.2321
    endloop
  endfacet
  facet normal -0.000513339 -0.0404484 -0.999181
    outer loop
      vertex 44.5 50.2 49.5
      vertex 41.449 56.57 49.2437
      vertex 41.5203 56.7099 49.238
    endloop
  endfacet
  facet normal -6.6405e-06 -0.0402061 -0.999191
    outer loop
      vertex 44.5 50.2 49.5
      vertex 41.3635 56.4383 49.249
      vertex 41.449 56.57 49.2437
    endloop
  endfacet
  facet normal 5.43406e-05 -0.0401755 -0.999193
    outer loop
      vertex 44.5 50.2 49.5
      vertex 41.2647 56.3163 49.2539
      vertex 41.3635 56.4383 49.249
    endloop
  endfacet
  facet normal 0.000390217 -0.0399981 -0.9992
    outer loop
      vertex 44.5 50.2 49.5
      vertex 41.1537 56.2053 49.2583
      vertex 41.2647 56.3163 49.2539
    endloop
  endfacet
  facet normal -0.000132729 -0.0402891 -0.999188
    outer loop
      vertex 44.5 50.2 49.5
      vertex 41.0317 56.1065 49.2623
      vertex 41.1537 56.2053 49.2583
    endloop
  endfacet
  facet normal -0.000324931 -0.0404017 -0.999183
    outer loop
      vertex 44.5 50.2 49.5
      vertex 40.9 56.021 49.2658
      vertex 41.0317 56.1065 49.2623
    endloop
  endfacet
  facet normal 0.000372854 -0.0399709 -0.999201
    outer loop
      vertex 44.5 50.2 49.5
      vertex 40.7601 55.9497 49.2686
      vertex 40.9 56.021 49.2658
    endloop
  endfacet
  facet normal -0.000186367 -0.040334 -0.999186
    outer loop
      vertex 44.5 50.2 49.5
      vertex 40.6135 55.8934 49.2709
      vertex 40.7601 55.9497 49.2686
    endloop
  endfacet
  facet normal 0.000187936 -0.040079 -0.999196
    outer loop
      vertex 44.5 50.2 49.5
      vertex 40.4619 55.8528 49.2725
      vertex 40.6135 55.8934 49.2709
    endloop
  endfacet
  facet normal -5.76326e-05 -0.0402541 -0.999189
    outer loop
      vertex 44.5 50.2 49.5
      vertex 40.3068 55.8282 49.2735
      vertex 40.4619 55.8528 49.2725
    endloop
  endfacet
  facet normal 0.000183997 -0.0400744 -0.999197
    outer loop
      vertex 44.5 50.2 49.5
      vertex 40.15 55.82 49.2738
      vertex 40.3068 55.8282 49.2735
    endloop
  endfacet
  facet normal 0 -0.0402165 -0.999191
    outer loop
      vertex 29 50.2 49.5
      vertex 40.15 55.82 49.2738
      vertex 44.5 50.2 49.5
    endloop
  endfacet
  facet normal -0 -0.0402165 -0.999191
    outer loop
      vertex 40.15 55.82 49.2738
      vertex 29 50.2 49.5
      vertex 29 55.82 49.2738
    endloop
  endfacet
  facet normal 0 -0.0402138 -0.999191
    outer loop
      vertex 41.5203 56.7099 49.238
      vertex 47 50.2 49.5
      vertex 44.5 50.2 49.5
    endloop
  endfacet
  facet normal -3.47769e-06 -0.0402088 -0.999191
    outer loop
      vertex 47 50.2 49.5
      vertex 41.65 57.32 49.2135
      vertex 41.65 71.82 48.63
    endloop
  endfacet
  facet normal -3.47527e-06 -0.0402088 -0.999191
    outer loop
      vertex 47 50.2 49.5
      vertex 41.65 71.82 48.63
      vertex 48 99.9 47.5
    endloop
  endfacet
  facet normal -0.000228213 -0.0401581 -0.999193
    outer loop
      vertex 41.6418 71.9768 48.6237
      vertex 48 99.9 47.5
      vertex 41.65 71.82 48.63
    endloop
  endfacet
  facet normal 0.000973634 -0.0404313 -0.999182
    outer loop
      vertex 41.6172 72.1319 48.6174
      vertex 48 99.9 47.5
      vertex 41.6418 71.9768 48.6237
    endloop
  endfacet
  facet normal -5.92833e-06 -0.0402065 -0.999191
    outer loop
      vertex 41.5766 72.2835 48.6113
      vertex 48 99.9 47.5
      vertex 41.6172 72.1319 48.6174
    endloop
  endfacet
  facet normal 8.31299e-06 -0.0402098 -0.999191
    outer loop
      vertex 41.5203 72.4301 48.6054
      vertex 48 99.9 47.5
      vertex 41.5766 72.2835 48.6113
    endloop
  endfacet
  facet normal -0.000283885 -0.040141 -0.999194
    outer loop
      vertex 41.449 72.57 48.5998
      vertex 48 99.9 47.5
      vertex 41.5203 72.4301 48.6054
    endloop
  endfacet
  facet normal 1.66767e-06 -0.0402093 -0.999191
    outer loop
      vertex 41.3635 72.7017 48.5945
      vertex 48 99.9 47.5
      vertex 41.449 72.57 48.5998
    endloop
  endfacet
  facet normal -7.35297e-05 -0.040191 -0.999192
    outer loop
      vertex 41.2647 72.8237 48.5896
      vertex 48 99.9 47.5
      vertex 41.3635 72.7017 48.5945
    endloop
  endfacet
  facet normal 0.000239009 -0.0402686 -0.999189
    outer loop
      vertex 41.1537 72.9347 48.5851
      vertex 48 99.9 47.5
      vertex 41.2647 72.8237 48.5896
    endloop
  endfacet
  facet normal 0.000164589 -0.0402498 -0.99919
    outer loop
      vertex 41.0317 73.0335 48.5811
      vertex 48 99.9 47.5
      vertex 41.1537 72.9347 48.5851
    endloop
  endfacet
  facet normal -0.000262952 -0.0401391 -0.999194
    outer loop
      vertex 40.9 73.119 48.5777
      vertex 48 99.9 47.5
      vertex 41.0317 73.0335 48.5811
    endloop
  endfacet
  facet normal 0.000193803 -0.04026 -0.999189
    outer loop
      vertex 40.7601 73.1903 48.5748
      vertex 48 99.9 47.5
      vertex 40.9 73.119 48.5777
    endloop
  endfacet
  facet normal -0.00040444 -0.0400981 -0.999196
    outer loop
      vertex 40.6135 73.2466 48.5726
      vertex 48 99.9 47.5
      vertex 40.7601 73.1903 48.5748
    endloop
  endfacet
  facet normal 0.00040589 -0.0403223 -0.999187
    outer loop
      vertex 40.4619 73.2872 48.5709
      vertex 48 99.9 47.5
      vertex 40.6135 73.2466 48.5726
    endloop
  endfacet
  facet normal -0.00055429 -0.0400507 -0.999197
    outer loop
      vertex 40.3068 73.3118 48.57
      vertex 48 99.9 47.5
      vertex 40.4619 73.2872 48.5709
    endloop
  endfacet
  facet normal 0.000439441 -0.0403378 -0.999186
    outer loop
      vertex 40.15 73.32 48.5696
      vertex 48 99.9 47.5
      vertex 40.3068 73.3118 48.57
    endloop
  endfacet
  facet normal 0 -0.0402082 -0.999191
    outer loop
      vertex 29 99.9 47.5
      vertex 40.15 73.32 48.5696
      vertex 29 73.32 48.5696
    endloop
  endfacet
  facet normal 0 -0.0402082 -0.999191
    outer loop
      vertex 40.15 73.32 48.5696
      vertex 29 99.9 47.5
      vertex 48 99.9 47.5
    endloop
  endfacet
  facet normal -0.453259 -0.0574665 -0.889525
    outer loop
      vertex 51.3 138 44.2631
      vertex 51.75 99.9 46.4952
      vertex 50.787 138 44.5245
    endloop
  endfacet
  facet normal -0.70708 -0.00509552 0.707115
    outer loop
      vertex 53.0185 99.9 4.42641
      vertex 52.6373 138 4.31978
      vertex 52.2302 138 3.9127
    endloop
  endfacet
  facet normal -0.707104 -0.00509582 0.707091
    outer loop
      vertex 52.6373 138 4.31978
      vertex 53.0185 99.9 4.42641
      vertex 53.5736 99.9 4.98152
    endloop
  endfacet
  facet normal -0.544332 -0.0292161 -0.838361
    outer loop
      vertex 51.75 99.9 46.4952
      vertex 52.584 50.2 47.6857
      vertex 51.75 50.2 48.2272
    endloop
  endfacet
  facet normal -0.987683 0 0.156469
    outer loop
      vertex 56.2924 49.2 10.0248
      vertex 56.448 50.2 11.007
      vertex 56.2924 50.2 10.0248
    endloop
  endfacet
  facet normal -0.987683 0 0.156469
    outer loop
      vertex 56.448 50.2 11.007
      vertex 56.2924 49.2 10.0248
      vertex 56.448 49.2 11.007
    endloop
  endfacet
  facet normal -0.998009 -0.0352354 0.0523211
    outer loop
      vertex 55.4589 99.9 9.21603
      vertex 55.5 99.9 10
      vertex 54.05 138 8
    endloop
  endfacet
  facet normal -0.987479 -0.0203101 -0.156436
    outer loop
      vertex 56.448 50.2 40.993
      vertex 56.2924 50.2 41.9752
      vertex 55.4589 99.9 40.784
    endloop
  endfacet
  facet normal 0 0 1
    outer loop
      vertex 46.1 80 2.5
      vertex 37.1746 75.8396 2.5
      vertex 37.3 54.1 2.5
    endloop
  endfacet
  facet normal -0 0 1
    outer loop
      vertex 36.3604 75.0254 2.5
      vertex 37.3 54.1 2.5
      vertex 37.1746 75.8396 2.5
    endloop
  endfacet
  facet normal -0 0 1
    outer loop
      vertex 35.4656 74.3008 2.5
      vertex 37.3 54.1 2.5
      vertex 36.3604 75.0254 2.5
    endloop
  endfacet
  facet normal -0 0 1
    outer loop
      vertex 34.5 73.6737 2.5
      vertex 37.3 54.1 2.5
      vertex 35.4656 74.3008 2.5
    endloop
  endfacet
  facet normal -0 0 1
    outer loop
      vertex 33.4741 73.151 2.5
      vertex 37.3 54.1 2.5
      vertex 34.5 73.6737 2.5
    endloop
  endfacet
  facet normal -0 0 1
    outer loop
      vertex 32.3992 72.7384 2.5
      vertex 37.3 54.1 2.5
      vertex 33.4741 73.151 2.5
    endloop
  endfacet
  facet normal -0 0 1
    outer loop
      vertex 31.287 72.4404 2.5
      vertex 37.3 54.1 2.5
      vertex 32.3992 72.7384 2.5
    endloop
  endfacet
  facet normal 0 0 1
    outer loop
      vertex 29 54.1 2.5
      vertex 31.287 72.4404 2.5
      vertex 30.1498 72.2603 2.5
    endloop
  endfacet
  facet normal 0 0 1
    outer loop
      vertex 29 54.1 2.5
      vertex 30.1498 72.2603 2.5
      vertex 29 72.2 2.5
    endloop
  endfacet
  facet normal 0 0 1
    outer loop
      vertex 31.287 72.4404 2.5
      vertex 29 54.1 2.5
      vertex 37.3 54.1 2.5
    endloop
  endfacet
  facet normal 0 0 1
    outer loop
      vertex 40.1 84.7146 2.5
      vertex 40 83.2 2.5
      vertex 40.1 80 2.5
    endloop
  endfacet
  facet normal 0 0 1
    outer loop
      vertex 40.1 84.7146 2.5
      vertex 39.9397 84.3498 2.5
      vertex 40 83.2 2.5
    endloop
  endfacet
  facet normal 0 -0 1
    outer loop
      vertex 39.9397 84.3498 2.5
      vertex 40.1 84.7146 2.5
      vertex 39.882 84.7146 2.5
    endloop
  endfacet
  facet normal -0 0 1
    outer loop
      vertex 46.1 137.2 2.5
      vertex 48.55 137 2.5
      vertex 48.55 138 2.5
    endloop
  endfacet
  facet normal 0 0 1
    outer loop
      vertex 48.55 137 2.5
      vertex 46.1 137.2 2.5
      vertex 46.1 80 2.5
    endloop
  endfacet
  facet normal 0 0 1
    outer loop
      vertex 48.55 138 2.5
      vertex 40.1 137.2 2.5
      vertex 46.1 137.2 2.5
    endloop
  endfacet
  facet normal 0 0 1
    outer loop
      vertex 40.1 137.2 2.5
      vertex 40.0708 93.578 2.5
      vertex 40.1 93.5291 2.5
    endloop
  endfacet
  facet normal 0 0 1
    outer loop
      vertex 40.1 137.2 2.5
      vertex 39.9728 93.7417 2.5
      vertex 40.0708 93.578 2.5
    endloop
  endfacet
  facet normal 0 0 1
    outer loop
      vertex 40.1 137.2 2.5
      vertex 39.8552 93.899 2.5
      vertex 39.9728 93.7417 2.5
    endloop
  endfacet
  facet normal 0 0 1
    outer loop
      vertex 40.1 137.2 2.5
      vertex 39.0855 94.9286 2.5
      vertex 39.8552 93.899 2.5
    endloop
  endfacet
  facet normal 0 0 1
    outer loop
      vertex 40.1 137.2 2.5
      vertex 38.936 95.0903 2.5
      vertex 39.0855 94.9286 2.5
    endloop
  endfacet
  facet normal 0 0 1
    outer loop
      vertex 40.1 137.2 2.5
      vertex 38.0861 96.0097 2.5
      vertex 38.936 95.0903 2.5
    endloop
  endfacet
  facet normal 0 0 1
    outer loop
      vertex 40.1 137.2 2.5
      vertex 37.1773 96.8051 2.5
      vertex 38.0861 96.0097 2.5
    endloop
  endfacet
  facet normal 0 0 1
    outer loop
      vertex 40.1 137.2 2.5
      vertex 36.9855 96.973 2.5
      vertex 37.1773 96.8051 2.5
    endloop
  endfacet
  facet normal 0 0 1
    outer loop
      vertex 40.1 137.2 2.5
      vertex 36.0175 97.6518 2.5
      vertex 36.9855 96.973 2.5
    endloop
  endfacet
  facet normal 0 0 1
    outer loop
      vertex 40.1 137.2 2.5
      vertex 35.7958 97.8074 2.5
      vertex 36.0175 97.6518 2.5
    endloop
  endfacet
  facet normal 0 0 1
    outer loop
      vertex 40.1 137.2 2.5
      vertex 34.779 98.3665 2.5
      vertex 35.7958 97.8074 2.5
    endloop
  endfacet
  facet normal 0 0 1
    outer loop
      vertex 40.1 137.2 2.5
      vertex 34.5302 98.5034 2.5
      vertex 34.779 98.3665 2.5
    endloop
  endfacet
  facet normal 0 0 1
    outer loop
      vertex 40.1 137.2 2.5
      vertex 34.2646 98.6134 2.5
      vertex 34.5302 98.5034 2.5
    endloop
  endfacet
  facet normal 0 0 1
    outer loop
      vertex 40.1 137.2 2.5
      vertex 33.2027 99.0532 2.5
      vertex 34.2646 98.6134 2.5
    endloop
  endfacet
  facet normal 0 0 1
    outer loop
      vertex 40.1 137.2 2.5
      vertex 32.1181 99.3667 2.5
      vertex 33.2027 99.0532 2.5
    endloop
  endfacet
  facet normal 0 0 1
    outer loop
      vertex 40.1 137.2 2.5
      vertex 31.8282 99.4505 2.5
      vertex 32.1181 99.3667 2.5
    endloop
  endfacet
  facet normal 0 0 1
    outer loop
      vertex 40.1 137.2 2.5
      vertex 31.529 99.5016 2.5
      vertex 31.8282 99.4505 2.5
    endloop
  endfacet
  facet normal 0 0 1
    outer loop
      vertex 40.1 137.2 2.5
      vertex 30.4221 99.6907 2.5
      vertex 31.529 99.5016 2.5
    endloop
  endfacet
  facet normal 0 0 1
    outer loop
      vertex 29 138 2.5
      vertex 30.4221 99.6907 2.5
      vertex 40.1 137.2 2.5
    endloop
  endfacet
  facet normal -0 0 1
    outer loop
      vertex 29 138 2.5
      vertex 40.1 137.2 2.5
      vertex 48.55 138 2.5
    endloop
  endfacet
  facet normal 0 0 1
    outer loop
      vertex 30.4221 99.6907 2.5
      vertex 29 138 2.5
      vertex 29.3077 99.7537 2.5
    endloop
  endfacet
  facet normal 0 0 1
    outer loop
      vertex 29.3077 99.7537 2.5
      vertex 29 138 2.5
      vertex 29 99.7711 2.5
    endloop
  endfacet
  facet normal 0 0 1
    outer loop
      vertex 48.55 137 2.5
      vertex 46.1 80 2.5
      vertex 48 10 2.5
    endloop
  endfacet
  facet normal 0 0 1
    outer loop
      vertex 39.049 78.7259 2.5
      vertex 46.1 80 2.5
      vertex 40.1 80 2.5
    endloop
  endfacet
  facet normal -0 0 1
    outer loop
      vertex 39.9397 82.0502 2.5
      vertex 40.1 80 2.5
      vertex 40 83.2 2.5
    endloop
  endfacet
  facet normal -0 0 1
    outer loop
      vertex 39.7596 80.913 2.5
      vertex 40.1 80 2.5
      vertex 39.9397 82.0502 2.5
    endloop
  endfacet
  facet normal 0 0 1
    outer loop
      vertex 39.4616 79.8008 2.5
      vertex 40.1 80 2.5
      vertex 39.7596 80.913 2.5
    endloop
  endfacet
  facet normal 0 0 1
    outer loop
      vertex 39.049 78.7259 2.5
      vertex 40.1 80 2.5
      vertex 39.4616 79.8008 2.5
    endloop
  endfacet
  facet normal 0 0 1
    outer loop
      vertex 46.1 80 2.5
      vertex 39.049 78.7259 2.5
      vertex 38.5263 77.7 2.5
    endloop
  endfacet
  facet normal 0 0 1
    outer loop
      vertex 37.8992 76.7344 2.5
      vertex 46.1 80 2.5
      vertex 38.5263 77.7 2.5
    endloop
  endfacet
  facet normal 0 0 1
    outer loop
      vertex 37.1746 75.8396 2.5
      vertex 46.1 80 2.5
      vertex 37.8992 76.7344 2.5
    endloop
  endfacet
  facet normal 0 0 1
    outer loop
      vertex 37.3 49.25 2.5
      vertex 46.1 80 2.5
      vertex 37.3 54.1 2.5
    endloop
  endfacet
  facet normal 0 0 1
    outer loop
      vertex 46.1 80 2.5
      vertex 37.3 49.25 2.5
      vertex 48 10 2.5
    endloop
  endfacet
  facet normal 0 0 1
    outer loop
      vertex 29 10 2.5
      vertex 37.3 49.25 2.5
      vertex 29 49.25 2.5
    endloop
  endfacet
  facet normal 0 0 1
    outer loop
      vertex 37.3 49.25 2.5
      vertex 29 10 2.5
      vertex 48 10 2.5
    endloop
  endfacet
  facet normal 0 0 -1
    outer loop
      vertex 20.7 49.25 2.5
      vertex 29 54.1 2.5
      vertex 29 49.25 2.5
    endloop
  endfacet
  facet normal -0 0 -1
    outer loop
      vertex 29 54.1 2.5
      vertex 20.7 49.25 2.5
      vertex 20.7 54.1 2.5
    endloop
  endfacet
  facet normal -0.706724 0.0328933 -0.706724
    outer loop
      vertex 53.0185 10 45.5736
      vertex 54.0599 49.2 46.3567
      vertex 53.5736 10 45.0185
    endloop
  endfacet
  facet normal -0.706724 0.0328933 -0.706724
    outer loop
      vertex 54.0599 49.2 46.3567
      vertex 53.0185 10 45.5736
      vertex 53.3567 49.2 47.0599
    endloop
  endfacet
  facet normal -0.453227 -0.0574666 -0.889541
    outer loop
      vertex 51.75 99.9 46.4952
      vertex 51.0505 99.9 46.8516
      vertex 50.787 138 44.5245
    endloop
  endfacet
  facet normal -0.052176 -0.0646355 -0.996544
    outer loop
      vertex 49.1249 138 44.9699
      vertex 48.784 99.9 47.4589
      vertex 48.55 138 45
    endloop
  endfacet
  facet normal 0 -0.065476 -0.997854
    outer loop
      vertex 29 138 45
      vertex 48 99.9 47.5
      vertex 29 99.9 47.5
    endloop
  endfacet
  facet normal 0 -0.065476 -0.997854
    outer loop
      vertex 48 99.9 47.5
      vertex 29 138 45
      vertex 48.55 138 45
    endloop
  endfacet
  facet normal -0.998632 0 0.0522949
    outer loop
      vertex 56.448 49.2 11.007
      vertex 56.5 50.2 12
      vertex 56.448 50.2 11.007
    endloop
  endfacet
  facet normal -0.998632 0 0.0522949
    outer loop
      vertex 56.5 50.2 12
      vertex 56.448 49.2 11.007
      vertex 56.5 49.2 12
    endloop
  endfacet
  facet normal -0.987593 -0.0140173 0.156411
    outer loop
      vertex 56.2924 50.2 10.0248
      vertex 55.4589 99.9 9.21603
      vertex 55.3361 99.9 8.44066
    endloop
  endfacet
  facet normal -0.999675 0.0255029 0
    outer loop
      vertex 55.7367 19.2798 32.6094
      vertex 56.5 49.2 40
      vertex 56.5 49.2 12
    endloop
  endfacet
  facet normal -0.999674 0.0255166 -6.47413e-05
    outer loop
      vertex 56.5 49.2 40
      vertex 55.7417 19.4753 33.5296
      vertex 55.7423 19.5 34
    endloop
  endfacet
  facet normal -0.999675 0.0254916 4.98688e-05
    outer loop
      vertex 56.5 49.2 40
      vertex 55.7398 19.4017 33.0644
      vertex 55.7417 19.4753 33.5296
    endloop
  endfacet
  facet normal -0.999675 0.0255086 -2.30913e-05
    outer loop
      vertex 56.5 49.2 40
      vertex 55.7367 19.2798 32.6094
      vertex 55.7398 19.4017 33.0644
    endloop
  endfacet
  facet normal -0.999675 0.0254951 -1.13088e-05
    outer loop
      vertex 56.5 49.2 12
      vertex 55.7324 19.111 32.1697
      vertex 55.7367 19.2798 32.6094
    endloop
  endfacet
  facet normal -0.999676 0.0254351 -0.000100839
    outer loop
      vertex 56.5 49.2 12
      vertex 55.727 18.8971 31.75
      vertex 55.7324 19.111 32.1697
    endloop
  endfacet
  facet normal -0.999673 0.0255667 0.000101205
    outer loop
      vertex 56.5 49.2 12
      vertex 55.7204 18.6406 31.355
      vertex 55.727 18.8971 31.75
    endloop
  endfacet
  facet normal -0.999677 0.0254325 -0.000110923
    outer loop
      vertex 56.5 49.2 12
      vertex 55.7129 18.3442 30.9889
      vertex 55.7204 18.6406 31.355
    endloop
  endfacet
  facet normal -0.999675 0.0255041 5.49653e-06
    outer loop
      vertex 56.5 49.2 12
      vertex 55.7044 18.0111 30.6558
      vertex 55.7129 18.3442 30.9889
    endloop
  endfacet
  facet normal -0.999675 0.0255027 3.24013e-06
    outer loop
      vertex 55.551 12 15
      vertex 55.7044 18.0111 30.6558
      vertex 56.5 49.2 12
    endloop
  endfacet
  facet normal -0.999669 0.0257381 -8.72138e-05
    outer loop
      vertex 55.7044 18.0111 30.6558
      vertex 55.551 12 15
      vertex 55.695 17.645 30.3594
    endloop
  endfacet
  facet normal -0.999673 0.0255802 -2.91092e-05
    outer loop
      vertex 55.695 17.645 30.3594
      vertex 55.551 12 15
      vertex 55.6849 17.25 30.1029
    endloop
  endfacet
  facet normal -0.999675 0.0254839 4.37574e-06
    outer loop
      vertex 55.6849 17.25 30.1029
      vertex 55.551 12 15
      vertex 55.6742 16.8303 29.889
    endloop
  endfacet
  facet normal -0.999676 0.0254589 1.25026e-05
    outer loop
      vertex 55.6742 16.8303 29.889
      vertex 55.551 12 15
      vertex 55.663 16.3906 29.7202
    endloop
  endfacet
  facet normal -0.999675 0.025485 4.71086e-06
    outer loop
      vertex 55.663 16.3906 29.7202
      vertex 55.551 12 15
      vertex 55.6514 15.9356 29.5983
    endloop
  endfacet
  facet normal -0.999673 0.0255751 -1.96138e-05
    outer loop
      vertex 55.6514 15.9356 29.5983
      vertex 55.551 12 15
      vertex 55.6395 15.4704 29.5247
    endloop
  endfacet
  facet normal -0.99968 0.0252869 4.92883e-05
    outer loop
      vertex 55.6395 15.4704 29.5247
      vertex 55.551 12 15
      vertex 55.6276 15 29.5
    endloop
  endfacet
  facet normal -0.999675 0.0255022 4.73239e-06
    outer loop
      vertex 55.6276 15 29.5
      vertex 55.551 12 15
      vertex 55.6156 14.5296 29.5247
    endloop
  endfacet
  facet normal -0.999673 0.0255709 -7.24515e-06
    outer loop
      vertex 55.6156 14.5296 29.5247
      vertex 55.551 12 15
      vertex 55.6037 14.0644 29.5983
    endloop
  endfacet
  facet normal -0.999675 0.0254874 4.56199e-06
    outer loop
      vertex 55.6037 14.0644 29.5983
      vertex 55.551 12 15
      vertex 55.5921 13.6094 29.7202
    endloop
  endfacet
  facet normal -0.999675 0.0255025 0
    outer loop
      vertex 55.551 12 15
      vertex 56.5 49.2 12
      vertex 55.551 12 10.102
    endloop
  endfacet
  facet normal -0.999675 0.0254917 4.09508e-06
    outer loop
      vertex 55.5 10 15
      vertex 55.5921 13.6094 29.7202
      vertex 55.551 12 15
    endloop
  endfacet
  facet normal -0.999676 0.0254675 1.00352e-05
    outer loop
      vertex 55.5921 13.6094 29.7202
      vertex 55.5 10 15
      vertex 55.5809 13.1697 29.889
    endloop
  endfacet
  facet normal -0.999675 0.0254889 5.47541e-06
    outer loop
      vertex 55.5809 13.1697 29.889
      vertex 55.5 10 15
      vertex 55.5702 12.75 30.1029
    endloop
  endfacet
  facet normal -0.999673 0.0255568 -6.89324e-06
    outer loop
      vertex 55.5702 12.75 30.1029
      vertex 55.5 10 15
      vertex 55.5601 12.355 30.3594
    endloop
  endfacet
  facet normal -0.999671 0.0256504 -2.12536e-05
    outer loop
      vertex 55.5601 12.355 30.3594
      vertex 55.5 10 15
      vertex 55.5507 11.9889 30.6558
    endloop
  endfacet
  facet normal -0.999675 0.0255066 -2.97311e-06
    outer loop
      vertex 55.5507 11.9889 30.6558
      vertex 55.5 10 15
      vertex 55.5422 11.6558 30.9889
    endloop
  endfacet
  facet normal -0.999679 0.0253162 1.67533e-05
    outer loop
      vertex 55.5422 11.6558 30.9889
      vertex 55.5 10 15
      vertex 55.5347 11.3594 31.355
    endloop
  endfacet
  facet normal -0.99967 0.0256992 -1.51027e-05
    outer loop
      vertex 55.5347 11.3594 31.355
      vertex 55.5 10 15
      vertex 55.5281 11.1029 31.75
    endloop
  endfacet
  facet normal -0.999681 0.025264 1.3573e-05
    outer loop
      vertex 55.5281 11.1029 31.75
      vertex 55.5 10 15
      vertex 55.5227 10.889 32.1697
    endloop
  endfacet
  facet normal -0.999676 0.0254728 2.75363e-06
    outer loop
      vertex 55.5227 10.889 32.1697
      vertex 55.5 10 15
      vertex 55.5184 10.7202 32.6094
    endloop
  endfacet
  facet normal -0.999676 0.025438 4.17765e-06
    outer loop
      vertex 55.5184 10.7202 32.6094
      vertex 55.5 10 15
      vertex 55.5153 10.5983 33.0644
    endloop
  endfacet
  facet normal -0.999694 0.0247208 2.29312e-05
    outer loop
      vertex 55.5134 10.5247 33.5296
      vertex 55.5 10 15
      vertex 55.5128 10.5 34
    endloop
  endfacet
  facet normal -0.999668 0.0257646 -6.64634e-06
    outer loop
      vertex 55.5153 10.5983 33.0644
      vertex 55.5 10 15
      vertex 55.5134 10.5247 33.5296
    endloop
  endfacet
  facet normal -0.999675 0.0254907 6.33823e-05
    outer loop
      vertex 55.7417 19.4753 34.4704
      vertex 56.5 49.2 40
      vertex 55.7423 19.5 34
    endloop
  endfacet
  facet normal -0.999675 0.0255112 -4.67747e-05
    outer loop
      vertex 55.7398 19.4017 34.9356
      vertex 56.5 49.2 40
      vertex 55.7417 19.4753 34.4704
    endloop
  endfacet
  facet normal -0.999675 0.0254997 2.07085e-05
    outer loop
      vertex 55.7367 19.2798 35.3906
      vertex 56.5 49.2 40
      vertex 55.7398 19.4017 34.9356
    endloop
  endfacet
  facet normal -0.999675 0.0255008 1.35007e-05
    outer loop
      vertex 55.7324 19.111 35.8303
      vertex 56.5 49.2 40
      vertex 55.7367 19.2798 35.3906
    endloop
  endfacet
  facet normal -0.999675 0.0254852 0.000126365
    outer loop
      vertex 55.727 18.8971 36.25
      vertex 56.5 49.2 40
      vertex 55.7324 19.111 35.8303
    endloop
  endfacet
  facet normal -0.999674 0.0255173 -0.000133324
    outer loop
      vertex 55.7204 18.6406 36.645
      vertex 56.5 49.2 40
      vertex 55.727 18.8971 36.25
    endloop
  endfacet
  facet normal -0.999675 0.0254858 0.000154104
    outer loop
      vertex 55.7129 18.3442 37.0111
      vertex 56.5 49.2 40
      vertex 55.7204 18.6406 36.645
    endloop
  endfacet
  facet normal -0.999675 0.0255015 -8.095e-06
    outer loop
      vertex 55.7044 18.0111 37.3442
      vertex 56.5 49.2 40
      vertex 55.7129 18.3442 37.0111
    endloop
  endfacet
  facet normal -0.999674 0.0255167 -0.000186546
    outer loop
      vertex 55.695 17.645 37.6406
      vertex 56.5 49.2 40
      vertex 55.7044 18.0111 37.3442
    endloop
  endfacet
  facet normal -0.999675 0.0255088 -8.09081e-05
    outer loop
      vertex 55.6849 17.25 37.8971
      vertex 56.5 49.2 40
      vertex 55.695 17.645 37.6406
    endloop
  endfacet
  facet normal -0.999675 0.0255015 3.01158e-05
    outer loop
      vertex 55.6742 16.8303 38.111
      vertex 56.5 49.2 40
      vertex 55.6849 17.25 37.8971
    endloop
  endfacet
  facet normal -0.999675 0.025498 8.95111e-05
    outer loop
      vertex 55.663 16.3906 38.2798
      vertex 56.5 49.2 40
      vertex 55.6742 16.8303 38.111
    endloop
  endfacet
  facet normal -0.999675 0.0255 5.14161e-05
    outer loop
      vertex 55.6514 15.9356 38.4017
      vertex 56.5 49.2 40
      vertex 55.663 16.3906 38.2798
    endloop
  endfacet
  facet normal -0.99967 0.0256763 0.000659647
    outer loop
      vertex 55.5 10 40
      vertex 55.6514 15.9356 38.4017
      vertex 55.6395 15.4704 38.4753
    endloop
  endfacet
  facet normal -0.999681 0.0252424 -0.000898253
    outer loop
      vertex 55.5 10 40
      vertex 55.6395 15.4704 38.4753
      vertex 55.6276 15 38.5
    endloop
  endfacet
  facet normal -0.999675 0.0255019 1.14881e-05
    outer loop
      vertex 55.6514 15.9356 38.4017
      vertex 55.5 10 40
      vertex 56.5 49.2 40
    endloop
  endfacet
  facet normal -0.999675 0.0255034 -2.77801e-05
    outer loop
      vertex 55.6156 14.5296 38.4753
      vertex 55.5 10 40
      vertex 55.6276 15 38.5
    endloop
  endfacet
  facet normal -0.999673 0.0255531 0.000119961
    outer loop
      vertex 55.6037 14.0644 38.4017
      vertex 55.5 10 40
      vertex 55.6156 14.5296 38.4753
    endloop
  endfacet
  facet normal -0.999675 0.0254942 -2.98101e-05
    outer loop
      vertex 55.5921 13.6094 38.2798
      vertex 55.5 10 40
      vertex 55.6037 14.0644 38.4017
    endloop
  endfacet
  facet normal -0.999675 0.0254836 -5.20393e-05
    outer loop
      vertex 55.5809 13.1697 38.111
      vertex 55.5 10 40
      vertex 55.5921 13.6094 38.2798
    endloop
  endfacet
  facet normal -0.999675 0.0254993 -2.57869e-05
    outer loop
      vertex 55.5702 12.75 37.8971
      vertex 55.5 10 40
      vertex 55.5809 13.1697 38.111
    endloop
  endfacet
  facet normal -0.999674 0.0255418 2.99377e-05
    outer loop
      vertex 55.5601 12.355 37.6406
      vertex 55.5 10 40
      vertex 55.5702 12.75 37.8971
    endloop
  endfacet
  facet normal -0.999672 0.025598 8.602e-05
    outer loop
      vertex 55.5507 11.9889 37.3442
      vertex 55.5 10 40
      vertex 55.5601 12.355 37.6406
    endloop
  endfacet
  facet normal -0.999675 0.0254983 1.12945e-05
    outer loop
      vertex 55.5422 11.6558 37.0111
      vertex 55.5 10 40
      vertex 55.5507 11.9889 37.3442
    endloop
  endfacet
  facet normal -0.999678 0.0253696 -6.00169e-05
    outer loop
      vertex 55.5347 11.3594 36.645
      vertex 55.5 10 40
      vertex 55.5422 11.6558 37.0111
    endloop
  endfacet
  facet normal -0.999671 0.0256438 5.11381e-05
    outer loop
      vertex 55.5281 11.1029 36.25
      vertex 55.5 10 40
      vertex 55.5347 11.3594 36.645
    endloop
  endfacet
  facet normal -0.999679 0.0253225 -4.34086e-05
    outer loop
      vertex 55.5227 10.889 35.8303
      vertex 55.5 10 40
      vertex 55.5281 11.1029 36.25
    endloop
  endfacet
  facet normal -0.999675 0.0254872 -8.27326e-06
    outer loop
      vertex 55.5184 10.7202 35.3906
      vertex 55.5 10 40
      vertex 55.5227 10.889 35.8303
    endloop
  endfacet
  facet normal -0.999676 0.0254658 -1.16197e-05
    outer loop
      vertex 55.5153 10.5983 34.9356
      vertex 55.5 10 40
      vertex 55.5184 10.7202 35.3906
    endloop
  endfacet
  facet normal -0.99967 0.0257029 1.64137e-05
    outer loop
      vertex 55.5134 10.5247 34.4704
      vertex 55.5 10 40
      vertex 55.5153 10.5983 34.9356
    endloop
  endfacet
  facet normal -0.999685 0.0250863 -4.21359e-05
    outer loop
      vertex 55.5128 10.5 34
      vertex 55.5 10 40
      vertex 55.5134 10.5247 34.4704
    endloop
  endfacet
  facet normal -0.999672 0.0255916 0
    outer loop
      vertex 55.5 10 40
      vertex 55.5128 10.5 34
      vertex 55.5 10 15
    endloop
  endfacet
  facet normal -0.800107 0 0.599857
    outer loop
      vertex 54.0676 99.9 5.59161
      vertex 54.6857 49.2 6.41605
      vertex 54.6857 50.2 6.41605
    endloop
  endfacet
  facet normal -0.800107 0 0.599857
    outer loop
      vertex 54.0676 12 5.59161
      vertex 54.6857 49.2 6.41605
      vertex 54.0676 99.9 5.59161
    endloop
  endfacet
  facet normal -0.799566 -2.4951e-05 0.600578
    outer loop
      vertex 54.6857 49.2 6.41605
      vertex 54.0676 12 5.59161
      vertex 54.0992 12 5.63368
    endloop
  endfacet
  facet normal -0.965583 0.0263012 -0.258762
    outer loop
      vertex 56.035 49.2 42.9357
      vertex 56.2924 49.2 41.9752
      vertex 55.3361 10 41.5593
    endloop
  endfacet
  facet normal -0.997882 -0.0386637 -0.0523124
    outer loop
      vertex 55.5 99.9 40
      vertex 55.4589 99.9 40.784
      vertex 54.05 138 39.5
    endloop
  endfacet
  facet normal -0.998632 0 -0.0522949
    outer loop
      vertex 56.5 49.2 40
      vertex 56.448 50.2 40.993
      vertex 56.5 50.2 40
    endloop
  endfacet
  facet normal -0.998632 -0 -0.0522949
    outer loop
      vertex 56.448 50.2 40.993
      vertex 56.5 49.2 40
      vertex 56.448 49.2 40.993
    endloop
  endfacet
  facet normal -0.999798 -0.0201167 0
    outer loop
      vertex 56.5 50.2 12
      vertex 55.5 99.9 40
      vertex 55.5 99.9 10
    endloop
  endfacet
  facet normal -0.999798 -0.0201167 0
    outer loop
      vertex 55.5 99.9 40
      vertex 56.5 50.2 12
      vertex 56.5 50.2 40
    endloop
  endfacet
  facet normal -0.99847 -0.0179859 0.0522865
    outer loop
      vertex 56.448 50.2 11.007
      vertex 56.5 50.2 12
      vertex 55.5 99.9 10
    endloop
  endfacet
  facet normal -0.0523389 0.000226664 0.998629
    outer loop
      vertex 48.784 10 2.54109
      vertex 48.55 137 2.5
      vertex 48 10 2.5
    endloop
  endfacet
  facet normal 0 0 -1
    outer loop
      vertex 44.5 49.2 49.5
      vertex 47 50.2 49.5
      vertex 47 49.2 49.5
    endloop
  endfacet
  facet normal -0 0 -1
    outer loop
      vertex 47 50.2 49.5
      vertex 44.5 49.2 49.5
      vertex 44.5 50.2 49.5
    endloop
  endfacet
  facet normal 0 0 1
    outer loop
      vertex 41.65 57.32 49.5
      vertex 44.5 75.5 49.5
      vertex 41.65 71.82 49.5
    endloop
  endfacet
  facet normal 0 0 1
    outer loop
      vertex 44.5 75.5 49.5
      vertex 41.6418 71.9768 49.5
      vertex 41.65 71.82 49.5
    endloop
  endfacet
  facet normal 0 0 1
    outer loop
      vertex 44.5 75.5 49.5
      vertex 41.6172 72.1319 49.5
      vertex 41.6418 71.9768 49.5
    endloop
  endfacet
  facet normal 0 0 1
    outer loop
      vertex 44.5 75.5 49.5
      vertex 41.5766 72.2835 49.5
      vertex 41.6172 72.1319 49.5
    endloop
  endfacet
  facet normal 0 0 1
    outer loop
      vertex 44.5 75.5 49.5
      vertex 41.5203 72.4301 49.5
      vertex 41.5766 72.2835 49.5
    endloop
  endfacet
  facet normal 0 0 1
    outer loop
      vertex 44.5 75.5 49.5
      vertex 41.449 72.57 49.5
      vertex 41.5203 72.4301 49.5
    endloop
  endfacet
  facet normal 0 0 1
    outer loop
      vertex 44.5 75.5 49.5
      vertex 41.3635 72.7017 49.5
      vertex 41.449 72.57 49.5
    endloop
  endfacet
  facet normal 0 0 1
    outer loop
      vertex 44.5 75.5 49.5
      vertex 41.2647 72.8237 49.5
      vertex 41.3635 72.7017 49.5
    endloop
  endfacet
  facet normal 0 0 1
    outer loop
      vertex 44.5 75.5 49.5
      vertex 41.1537 72.9347 49.5
      vertex 41.2647 72.8237 49.5
    endloop
  endfacet
  facet normal 0 0 1
    outer loop
      vertex 44.5 75.5 49.5
      vertex 41.0317 73.0335 49.5
      vertex 41.1537 72.9347 49.5
    endloop
  endfacet
  facet normal 0 0 1
    outer loop
      vertex 44.5 75.5 49.5
      vertex 40.9 73.119 49.5
      vertex 41.0317 73.0335 49.5
    endloop
  endfacet
  facet normal 0 0 1
    outer loop
      vertex 44.5 75.5 49.5
      vertex 40.7601 73.1903 49.5
      vertex 40.9 73.119 49.5
    endloop
  endfacet
  facet normal 0 0 1
    outer loop
      vertex 44.5 75.5 49.5
      vertex 40.6135 73.2466 49.5
      vertex 40.7601 73.1903 49.5
    endloop
  endfacet
  facet normal 0 0 1
    outer loop
      vertex 44.5 75.5 49.5
      vertex 40.4619 73.2872 49.5
      vertex 40.6135 73.2466 49.5
    endloop
  endfacet
  facet normal 0 0 1
    outer loop
      vertex 44.5 75.5 49.5
      vertex 40.3068 73.3118 49.5
      vertex 40.4619 73.2872 49.5
    endloop
  endfacet
  facet normal 0 0 1
    outer loop
      vertex 44.5 75.5 49.5
      vertex 40.15 73.32 49.5
      vertex 40.3068 73.3118 49.5
    endloop
  endfacet
  facet normal -0 0 1
    outer loop
      vertex 29 75.5 49.5
      vertex 40.15 73.32 49.5
      vertex 44.5 75.5 49.5
    endloop
  endfacet
  facet normal 0 0 1
    outer loop
      vertex 40.15 73.32 49.5
      vertex 29 75.5 49.5
      vertex 29 73.32 49.5
    endloop
  endfacet
  facet normal 0 0 1
    outer loop
      vertex 44.5 75.5 49.5
      vertex 41.65 57.32 49.5
      vertex 44.5 50.2 49.5
    endloop
  endfacet
  facet normal -0 0 1
    outer loop
      vertex 41.6418 57.1632 49.5
      vertex 44.5 50.2 49.5
      vertex 41.65 57.32 49.5
    endloop
  endfacet
  facet normal -0 0 1
    outer loop
      vertex 41.6172 57.0081 49.5
      vertex 44.5 50.2 49.5
      vertex 41.6418 57.1632 49.5
    endloop
  endfacet
  facet normal -0 0 1
    outer loop
      vertex 41.5766 56.8565 49.5
      vertex 44.5 50.2 49.5
      vertex 41.6172 57.0081 49.5
    endloop
  endfacet
  facet normal -0 0 1
    outer loop
      vertex 41.5203 56.7099 49.5
      vertex 44.5 50.2 49.5
      vertex 41.5766 56.8565 49.5
    endloop
  endfacet
  facet normal -0 0 1
    outer loop
      vertex 41.449 56.57 49.5
      vertex 44.5 50.2 49.5
      vertex 41.5203 56.7099 49.5
    endloop
  endfacet
  facet normal -0 0 1
    outer loop
      vertex 41.3635 56.4383 49.5
      vertex 44.5 50.2 49.5
      vertex 41.449 56.57 49.5
    endloop
  endfacet
  facet normal -0 0 1
    outer loop
      vertex 41.2647 56.3163 49.5
      vertex 44.5 50.2 49.5
      vertex 41.3635 56.4383 49.5
    endloop
  endfacet
  facet normal -0 0 1
    outer loop
      vertex 41.1537 56.2053 49.5
      vertex 44.5 50.2 49.5
      vertex 41.2647 56.3163 49.5
    endloop
  endfacet
  facet normal -0 0 1
    outer loop
      vertex 41.0317 56.1065 49.5
      vertex 44.5 50.2 49.5
      vertex 41.1537 56.2053 49.5
    endloop
  endfacet
  facet normal -0 0 1
    outer loop
      vertex 40.9 56.021 49.5
      vertex 44.5 50.2 49.5
      vertex 41.0317 56.1065 49.5
    endloop
  endfacet
  facet normal -0 0 1
    outer loop
      vertex 40.7601 55.9497 49.5
      vertex 44.5 50.2 49.5
      vertex 40.9 56.021 49.5
    endloop
  endfacet
  facet normal -0 0 1
    outer loop
      vertex 40.6135 55.8934 49.5
      vertex 44.5 50.2 49.5
      vertex 40.7601 55.9497 49.5
    endloop
  endfacet
  facet normal -0 0 1
    outer loop
      vertex 40.4619 55.8528 49.5
      vertex 44.5 50.2 49.5
      vertex 40.6135 55.8934 49.5
    endloop
  endfacet
  facet normal -0 0 1
    outer loop
      vertex 40.3068 55.8282 49.5
      vertex 44.5 50.2 49.5
      vertex 40.4619 55.8528 49.5
    endloop
  endfacet
  facet normal -0 0 1
    outer loop
      vertex 40.15 55.82 49.5
      vertex 44.5 50.2 49.5
      vertex 40.3068 55.8282 49.5
    endloop
  endfacet
  facet normal 0 0 1
    outer loop
      vertex 29 50.2 49.5
      vertex 40.15 55.82 49.5
      vertex 29 55.82 49.5
    endloop
  endfacet
  facet normal 0 0 1
    outer loop
      vertex 40.15 55.82 49.5
      vertex 29 50.2 49.5
      vertex 44.5 50.2 49.5
    endloop
  endfacet
  facet normal -0 0 1
    outer loop
      vertex 29 49.2 49.5
      vertex 44.5 44.5 49.5
      vertex 44.5 49.2 49.5
    endloop
  endfacet
  facet normal 0 0 1
    outer loop
      vertex 44.5 44.5 49.5
      vertex 29 49.2 49.5
      vertex 29 44.5 49.5
    endloop
  endfacet
  facet normal 0 1 0
    outer loop
      vertex 48 10 2.5
      vertex 51.7406 10 3.5
      vertex 51.0505 10 3.14841
    endloop
  endfacet
  facet normal 0 1 0
    outer loop
      vertex 48 10 2.5
      vertex 51.0505 10 3.14841
      vertex 50.3176 10 2.86708
    endloop
  endfacet
  facet normal 0 1 0
    outer loop
      vertex 48 10 2.5
      vertex 50.3176 10 2.86708
      vertex 49.5593 10 2.66389
    endloop
  endfacet
  facet normal 0 1 0
    outer loop
      vertex 48 10 2.5
      vertex 49.5593 10 2.66389
      vertex 48.784 10 2.54109
    endloop
  endfacet
  facet normal 0 1 0
    outer loop
      vertex 51.7406 10 3.5
      vertex 48 10 2.5
      vertex 29 10 3.5
    endloop
  endfacet
  facet normal 0 1 0
    outer loop
      vertex 29 10 3.5
      vertex 48 10 2.5
      vertex 29 10 2.5
    endloop
  endfacet
  facet normal 0 1 0
    outer loop
      vertex 55.5 10 40
      vertex 48 10 47.5
      vertex 48.784 10 47.4589
    endloop
  endfacet
  facet normal 0 1 0
    outer loop
      vertex 55.5 10 40
      vertex 48.784 10 47.4589
      vertex 49.5593 10 47.3361
    endloop
  endfacet
  facet normal 0 1 0
    outer loop
      vertex 55.5 10 40
      vertex 49.5593 10 47.3361
      vertex 50.3176 10 47.1329
    endloop
  endfacet
  facet normal 0 1 0
    outer loop
      vertex 55.5 10 40
      vertex 50.3176 10 47.1329
      vertex 51.0505 10 46.8516
    endloop
  endfacet
  facet normal 0 1 0
    outer loop
      vertex 55.5 10 40
      vertex 51.0505 10 46.8516
      vertex 51.75 10 46.4952
    endloop
  endfacet
  facet normal 0 1 0
    outer loop
      vertex 55.5 10 40
      vertex 51.75 10 46.4952
      vertex 52.4084 10 46.0676
    endloop
  endfacet
  facet normal 0 1 0
    outer loop
      vertex 55.5 10 40
      vertex 52.4084 10 46.0676
      vertex 53.0185 10 45.5736
    endloop
  endfacet
  facet normal 0 1 0
    outer loop
      vertex 55.5 10 40
      vertex 53.0185 10 45.5736
      vertex 53.5736 10 45.0185
    endloop
  endfacet
  facet normal 0 1 0
    outer loop
      vertex 55.5 10 40
      vertex 53.5736 10 45.0185
      vertex 54.0676 10 44.4084
    endloop
  endfacet
  facet normal 0 1 0
    outer loop
      vertex 55.5 10 40
      vertex 54.0676 10 44.4084
      vertex 54.4952 10 43.75
    endloop
  endfacet
  facet normal 0 1 0
    outer loop
      vertex 55.5 10 40
      vertex 54.4952 10 43.75
      vertex 54.8516 10 43.0505
    endloop
  endfacet
  facet normal 0 1 0
    outer loop
      vertex 55.5 10 40
      vertex 54.8516 10 43.0505
      vertex 55.1329 10 42.3176
    endloop
  endfacet
  facet normal 0 1 0
    outer loop
      vertex 55.5 10 40
      vertex 55.1329 10 42.3176
      vertex 55.3361 10 41.5593
    endloop
  endfacet
  facet normal 0 1 0
    outer loop
      vertex 55.5 10 40
      vertex 55.3361 10 41.5593
      vertex 55.4589 10 40.784
    endloop
  endfacet
  facet normal 0 1 0
    outer loop
      vertex 29 10 15
      vertex 48 10 47.5
      vertex 55.5 10 40
    endloop
  endfacet
  facet normal 0 1 0
    outer loop
      vertex 29 10 15
      vertex 55.5 10 40
      vertex 55.5 10 15
    endloop
  endfacet
  facet normal 0 1 0
    outer loop
      vertex 48 10 47.5
      vertex 29 10 15
      vertex 29 10 47.5
    endloop
  endfacet
  facet normal -0.998012 -0.0352378 0.0522519
    outer loop
      vertex 55.4589 99.9 9.21603
      vertex 54.05 138 8
      vertex 54.0199 138 7.42509
    endloop
  endfacet
  facet normal -0.258693 -0.0349571 -0.965327
    outer loop
      vertex 49.5593 99.9 47.3361
      vertex 49.9357 50.2 49.035
      vertex 48.9752 50.2 49.2924
    endloop
  endfacet
  facet normal -0.933594 0 -0.358332
    outer loop
      vertex 56.035 49.2 42.9357
      vertex 55.6787 50.2 43.864
      vertex 56.035 50.2 42.9357
    endloop
  endfacet
  facet normal -0.933594 -0 -0.358332
    outer loop
      vertex 55.6787 50.2 43.864
      vertex 56.035 49.2 42.9357
      vertex 55.6787 49.2 43.864
    endloop
  endfacet
  facet normal -0.776228 -0.0494003 -0.628514
    outer loop
      vertex 54.0676 99.9 44.4084
      vertex 53.5736 99.9 45.0185
      vertex 52.9996 138 42.7328
    endloop
  endfacet
  facet normal -0.628383 -0.0534599 -0.776065
    outer loop
      vertex 53.0185 99.9 45.5736
      vertex 52.4084 99.9 46.0676
      vertex 51.7828 138 43.9496
    endloop
  endfacet
  facet normal -0.0522549 -0.0391042 -0.997868
    outer loop
      vertex 48 99.9 47.5
      vertex 47.993 50.2 49.448
      vertex 47 50.2 49.5
    endloop
  endfacet
  facet normal -0.0522307 0.0495556 -0.997405
    outer loop
      vertex 47.993 49.2 49.448
      vertex 48 10 47.5
      vertex 47 49.2 49.5
    endloop
  endfacet
  facet normal -0.258678 -0.0349571 -0.965331
    outer loop
      vertex 50.3176 99.9 47.1329
      vertex 49.9357 50.2 49.035
      vertex 49.5593 99.9 47.3361
    endloop
  endfacet
  facet normal -0.357698 -0.059396 -0.931947
    outer loop
      vertex 50.787 138 44.5245
      vertex 51.0505 99.9 46.8516
      vertex 50.3176 99.9 47.1329
    endloop
  endfacet
  facet normal -0.35837 0 0.93358
    outer loop
      vertex 50.2496 138 2.7692
      vertex 50.787 137 2.97549
      vertex 50.787 138 2.97549
    endloop
  endfacet
  facet normal -0.35837 0 0.93358
    outer loop
      vertex 50.787 137 2.97549
      vertex 50.2496 138 2.7692
      vertex 50.2496 137 2.7692
    endloop
  endfacet
  facet normal -0.933411 0.0088372 0.358701
    outer loop
      vertex 54.912 12 7.05738
      vertex 55.6787 49.2 8.136
      vertex 54.8938 12 7.01002
    endloop
  endfacet
  facet normal -0.933562 0.00885171 0.358308
    outer loop
      vertex 55.6787 49.2 8.136
      vertex 54.912 12 7.05738
      vertex 56.035 49.2 9.06433
    endloop
  endfacet
  facet normal -0.998422 0.0228268 0.0513023
    outer loop
      vertex 55.551 12 10.102
      vertex 56.448 49.2 11.007
      vertex 55.5484 12 10.0514
    endloop
  endfacet
  facet normal -0.998372 0.0228018 0.0522813
    outer loop
      vertex 56.448 49.2 11.007
      vertex 55.551 12 10.102
      vertex 56.5 49.2 12
    endloop
  endfacet
  facet normal -0.987586 -0.0140165 0.156453
    outer loop
      vertex 56.2924 50.2 10.0248
      vertex 56.448 50.2 11.007
      vertex 55.4589 99.9 9.21603
    endloop
  endfacet
  facet normal -0.933598 0 0.358322
    outer loop
      vertex 55.6787 49.2 8.136
      vertex 56.035 50.2 9.06433
      vertex 55.6787 50.2 8.136
    endloop
  endfacet
  facet normal -0.933598 0 0.358322
    outer loop
      vertex 56.035 50.2 9.06433
      vertex 55.6787 49.2 8.136
      vertex 56.035 49.2 9.06433
    endloop
  endfacet
  facet normal -0.987683 0 -0.156469
    outer loop
      vertex 56.448 49.2 40.993
      vertex 56.2924 50.2 41.9752
      vertex 56.448 50.2 40.993
    endloop
  endfacet
  facet normal -0.987683 -0 -0.156469
    outer loop
      vertex 56.2924 50.2 41.9752
      vertex 56.448 49.2 40.993
      vertex 56.2924 49.2 41.9752
    endloop
  endfacet
  facet normal -0.0523546 0 0.998629
    outer loop
      vertex 48.55 138 2.5
      vertex 49.1249 137 2.53014
      vertex 49.1249 138 2.53014
    endloop
  endfacet
  facet normal -0.0523546 0 0.998629
    outer loop
      vertex 49.1249 137 2.53014
      vertex 48.55 138 2.5
      vertex 48.55 137 2.5
    endloop
  endfacet
  facet normal -0.156422 0 0.98769
    outer loop
      vertex 49.1249 138 2.53014
      vertex 49.6935 137 2.62019
      vertex 49.6935 138 2.62019
    endloop
  endfacet
  facet normal -0.156422 0 0.98769
    outer loop
      vertex 49.6935 137 2.62019
      vertex 49.1249 138 2.53014
      vertex 49.1249 137 2.53014
    endloop
  endfacet
  facet normal 0 0.0509541 -0.998701
    outer loop
      vertex 48 10 47.5
      vertex 44.5 49.2 49.5
      vertex 47 49.2 49.5
    endloop
  endfacet
  facet normal 0 0.0509541 -0.998701
    outer loop
      vertex 29 10 47.5
      vertex 44.5 49.2 49.5
      vertex 48 10 47.5
    endloop
  endfacet
  facet normal 0 0.0509541 -0.998701
    outer loop
      vertex 44.5 49.2 49.5
      vertex 29 10 47.5
      vertex 29 49.2 49.5
    endloop
  endfacet
  facet normal -0.0522949 0 -0.998632
    outer loop
      vertex 47 49.2 49.5
      vertex 47.993 50.2 49.448
      vertex 47.993 49.2 49.448
    endloop
  endfacet
  facet normal -0.0522949 0 -0.998632
    outer loop
      vertex 47.993 50.2 49.448
      vertex 47 49.2 49.5
      vertex 47 50.2 49.5
    endloop
  endfacet
  facet normal -0.98689 -0.0401831 -0.156314
    outer loop
      vertex 55.4589 99.9 40.784
      vertex 55.3361 99.9 41.5593
      vertex 54.0199 138 40.0749
    endloop
  endfacet
  facet normal -0.358019 0.0417732 -0.932779
    outer loop
      vertex 50.864 49.2 48.6787
      vertex 51.0505 10 46.8516
      vertex 49.9357 49.2 49.035
    endloop
  endfacet
  facet normal -0.6289 0.034878 -0.776704
    outer loop
      vertex 52.584 49.2 47.6857
      vertex 53.0185 10 45.5736
      vertex 52.4084 10 46.0676
    endloop
  endfacet
  facet normal -0.965083 -0.0418374 -0.258582
    outer loop
      vertex 53.9298 138 40.6435
      vertex 55.3361 99.9 41.5593
      vertex 53.7808 138 41.1996
    endloop
  endfacet
  facet normal -0.965709 -0.0207473 -0.258796
    outer loop
      vertex 56.2924 50.2 41.9752
      vertex 56.035 50.2 42.9357
      vertex 55.3361 99.9 41.5593
    endloop
  endfacet
  facet normal -0.890659 0.0282099 -0.453797
    outer loop
      vertex 55.6787 49.2 43.864
      vertex 54.8516 10 43.0505
      vertex 54.4952 10 43.75
    endloop
  endfacet
  facet normal -0.543759 -0.055482 -0.837406
    outer loop
      vertex 51.7828 138 43.9496
      vertex 51.75 99.9 46.4952
      vertex 51.3 138 44.2631
    endloop
  endfacet
  facet normal -0.629044 -0.0275158 -0.776882
    outer loop
      vertex 53.0185 99.9 45.5736
      vertex 52.584 50.2 47.6857
      vertex 52.4084 99.9 46.0676
    endloop
  endfacet
  facet normal -0.25835 -0.0612455 -0.964108
    outer loop
      vertex 50.2496 138 44.7308
      vertex 50.3176 99.9 47.1329
      vertex 49.5593 99.9 47.3361
    endloop
  endfacet
  facet normal -0.258852 0 -0.965917
    outer loop
      vertex 48.9752 49.2 49.2924
      vertex 49.9357 50.2 49.035
      vertex 49.9357 49.2 49.035
    endloop
  endfacet
  facet normal -0.258852 0 -0.965917
    outer loop
      vertex 49.9357 50.2 49.035
      vertex 48.9752 49.2 49.2924
      vertex 48.9752 50.2 49.2924
    endloop
  endfacet
  facet normal -0.0522421 -0.0646356 -0.996541
    outer loop
      vertex 48.55 138 45
      vertex 48.784 99.9 47.4589
      vertex 48 99.9 47.5
    endloop
  endfacet
  facet normal -0.0523115 -0.0391041 -0.997865
    outer loop
      vertex 48 99.9 47.5
      vertex 48.784 99.9 47.4589
      vertex 47.993 50.2 49.448
    endloop
  endfacet
  facet normal -0.357753 -0.0593939 -0.931926
    outer loop
      vertex 50.787 138 44.5245
      vertex 50.3176 99.9 47.1329
      vertex 50.2496 138 44.7308
    endloop
  endfacet
  facet normal -0.156129 -0.0629986 -0.985726
    outer loop
      vertex 49.1249 138 44.9699
      vertex 49.5593 99.9 47.3361
      vertex 48.784 99.9 47.4589
    endloop
  endfacet
  facet normal -0.258323 -0.0612464 -0.964115
    outer loop
      vertex 49.6935 138 44.8798
      vertex 50.2496 138 44.7308
      vertex 49.5593 99.9 47.3361
    endloop
  endfacet
  facet normal -0.454039 0 -0.890982
    outer loop
      vertex 50.864 49.2 48.6787
      vertex 51.75 50.2 48.2272
      vertex 51.75 49.2 48.2272
    endloop
  endfacet
  facet normal -0.454039 0 -0.890982
    outer loop
      vertex 51.75 50.2 48.2272
      vertex 50.864 49.2 48.6787
      vertex 50.864 50.2 48.6787
    endloop
  endfacet
  facet normal -0.358136 -0.0329588 -0.933088
    outer loop
      vertex 50.3176 99.9 47.1329
      vertex 51.0505 99.9 46.8516
      vertex 49.9357 50.2 49.035
    endloop
  endfacet
  facet normal -0.453968 0.000271384 0.891018
    outer loop
      vertex 50.787 137 2.97549
      vertex 51.3145 77.5 3.26237
      vertex 51.3 137 3.23686
    endloop
  endfacet
  facet normal -0.454027 0.000271356 0.890988
    outer loop
      vertex 51.3 137 3.23686
      vertex 51.3145 77.5 3.26237
      vertex 51.5108 77.5 3.3624
    endloop
  endfacet
  facet normal -0.472666 0.000184313 0.881242
    outer loop
      vertex 51.5285 72.5 3.37294
      vertex 51.7418 12 3.5
      vertex 51.7429 12 3.50059
    endloop
  endfacet
  facet normal -0.453967 0.000270769 0.891018
    outer loop
      vertex 51.3136 72.5 3.26345
      vertex 51.7418 12 3.5
      vertex 51.5285 72.5 3.37294
    endloop
  endfacet
  facet normal -0.454249 0.000268215 0.890875
    outer loop
      vertex 51.7418 12 3.5
      vertex 51.3136 72.5 3.26345
      vertex 51.7413 11.1532 3.5
    endloop
  endfacet
  facet normal -0.454547 0.000265549 0.890723
    outer loop
      vertex 51.3136 72.5 3.26345
      vertex 50.787 137 2.97549
      vertex 51.7413 11.1532 3.5
    endloop
  endfacet
  facet normal -0.453723 0.000274157 0.891143
    outer loop
      vertex 51.3145 77.5 3.26237
      vertex 50.787 137 2.97549
      vertex 51.3136 72.5 3.26345
    endloop
  endfacet
  facet normal -0.511561 0 0.859247
    outer loop
      vertex 51.75 99.9 3.50481
      vertex 51.5108 77.5 3.3624
      vertex 51.75 77.5 3.50481
    endloop
  endfacet
  facet normal -0.511615 0 0.859215
    outer loop
      vertex 51.3 137 3.23686
      vertex 51.75 99.9 3.50481
      vertex 51.3 138 3.23686
    endloop
  endfacet
  facet normal -0.51159 4.14331e-07 0.85923
    outer loop
      vertex 51.75 99.9 3.50481
      vertex 51.3 137 3.23686
      vertex 51.5108 77.5 3.3624
    endloop
  endfacet
  facet normal -0.51093 0 0.859622
    outer loop
      vertex 51.75 72.5 3.50481
      vertex 51.7429 12 3.50059
      vertex 51.75 12 3.50481
    endloop
  endfacet
  facet normal -0.511555 9.9193e-08 0.859251
    outer loop
      vertex 51.7429 12 3.50059
      vertex 51.75 72.5 3.50481
      vertex 51.5285 72.5 3.37294
    endloop
  endfacet
  facet normal -0.777118 -0.00816748 0.629302
    outer loop
      vertex 53.5736 99.9 4.98152
      vertex 52.9996 138 4.76718
      vertex 52.6373 138 4.31978
    endloop
  endfacet
  facet normal -0.998369 0.022799 0.0523346
    outer loop
      vertex 55.5484 12 10.0514
      vertex 56.448 49.2 11.007
      vertex 55.5094 12 9.30741
    endloop
  endfacet
  facet normal -0.965915 0 0.258859
    outer loop
      vertex 56.035 49.2 9.06433
      vertex 56.2924 50.2 10.0248
      vertex 56.035 50.2 9.06433
    endloop
  endfacet
  facet normal -0.965915 0 0.258859
    outer loop
      vertex 56.2924 50.2 10.0248
      vertex 56.035 49.2 9.06433
      vertex 56.2924 49.2 10.0248
    endloop
  endfacet
  facet normal -0.998305 0.0254684 -0.0523346
    outer loop
      vertex 56.448 49.2 40.993
      vertex 55.5 10 40
      vertex 55.4589 10 40.784
    endloop
  endfacet
  facet normal -0.890092 -0.0454703 -0.453508
    outer loop
      vertex 54.8516 99.9 43.0505
      vertex 54.4952 99.9 43.75
      vertex 53.5745 138 41.737
    endloop
  endfacet
  facet normal -0.933251 0.0271247 -0.3582
    outer loop
      vertex 55.6787 49.2 43.864
      vertex 56.035 49.2 42.9357
      vertex 54.8516 10 43.0505
    endloop
  endfacet
  facet normal -1 0 0
    outer loop
      vertex 56.5 49.2 12
      vertex 56.5 50.2 40
      vertex 56.5 50.2 12
    endloop
  endfacet
  facet normal -1 -0 0
    outer loop
      vertex 56.5 50.2 40
      vertex 56.5 49.2 12
      vertex 56.5 49.2 40
    endloop
  endfacet
  facet normal -0.999276 -0.0380331 0
    outer loop
      vertex 54.3122 131.111 32.1697
      vertex 54.05 138 39.5
      vertex 54.05 138 8
    endloop
  endfacet
  facet normal -0.999273 -0.0381309 0.000114639
    outer loop
      vertex 54.05 138 39.5
      vertex 54.2983 131.475 33.5296
      vertex 54.2974 131.5 34
    endloop
  endfacet
  facet normal -0.999279 -0.0379755 -5.53918e-05
    outer loop
      vertex 54.05 138 39.5
      vertex 54.3011 131.402 33.0644
      vertex 54.2983 131.475 33.5296
    endloop
  endfacet
  facet normal -0.999272 -0.0381539 0.00012774
    outer loop
      vertex 54.05 138 39.5
      vertex 54.3057 131.28 32.6094
      vertex 54.3011 131.402 33.0644
    endloop
  endfacet
  facet normal -0.999287 -0.0377563 -0.000260501
    outer loop
      vertex 54.05 138 39.5
      vertex 54.3122 131.111 32.1697
      vertex 54.3057 131.28 32.6094
    endloop
  endfacet
  facet normal -0.999282 -0.0378986 3.84042e-05
    outer loop
      vertex 54.05 138 8
      vertex 54.3203 130.897 31.75
      vertex 54.3122 131.111 32.1697
    endloop
  endfacet
  facet normal -0.999271 -0.0381817 -4.64004e-05
    outer loop
      vertex 54.05 138 8
      vertex 54.3301 130.641 31.355
      vertex 54.3203 130.897 31.75
    endloop
  endfacet
  facet normal -0.999277 -0.0380238 3.42411e-06
    outer loop
      vertex 54.05 138 8
      vertex 54.3414 130.344 30.9889
      vertex 54.3301 130.641 31.355
    endloop
  endfacet
  facet normal -0.999283 -0.0378666 5.58708e-05
    outer loop
      vertex 54.05 138 8
      vertex 54.354 130.011 30.6558
      vertex 54.3414 130.344 30.9889
    endloop
  endfacet
  facet normal -0.999271 -0.0381793 -5.4557e-05
    outer loop
      vertex 54.05 138 8
      vertex 54.368 129.645 30.3594
      vertex 54.354 130.011 30.6558
    endloop
  endfacet
  facet normal -0.999279 -0.0379642 2.59493e-05
    outer loop
      vertex 54.05 138 8
      vertex 54.383 129.25 30.1029
      vertex 54.368 129.645 30.3594
    endloop
  endfacet
  facet normal -0.999275 -0.0380612 -1.25415e-05
    outer loop
      vertex 54.05 138 8
      vertex 54.399 128.83 29.889
      vertex 54.383 129.25 30.1029
    endloop
  endfacet
  facet normal -0.999277 -0.038016 6.44859e-06
    outer loop
      vertex 54.05 138 8
      vertex 54.4157 128.391 29.7202
      vertex 54.399 128.83 29.889
    endloop
  endfacet
  facet normal -0.999278 -0.0379983 1.4265e-05
    outer loop
      vertex 54.05 138 8
      vertex 54.433 127.936 29.5983
      vertex 54.4157 128.391 29.7202
    endloop
  endfacet
  facet normal -0.999279 -0.0379605 3.19236e-05
    outer loop
      vertex 54.05 138 8
      vertex 54.4507 127.47 29.5247
      vertex 54.433 127.936 29.5983
    endloop
  endfacet
  facet normal -0.999276 -0.0380567 -1.52154e-05
    outer loop
      vertex 54.05 138 8
      vertex 54.4686 127 29.5
      vertex 54.4507 127.47 29.5247
    endloop
  endfacet
  facet normal -0.999276 -0.0380584 -1.60562e-05
    outer loop
      vertex 54.05 138 8
      vertex 54.4865 126.53 29.5247
      vertex 54.4686 127 29.5
    endloop
  endfacet
  facet normal -0.99928 -0.0379488 4.24239e-05
    outer loop
      vertex 54.05 138 8
      vertex 54.5042 126.064 29.5983
      vertex 54.4865 126.53 29.5247
    endloop
  endfacet
  facet normal -0.999278 -0.0379892 2.00757e-05
    outer loop
      vertex 54.05 138 8
      vertex 54.5215 125.609 29.7202
      vertex 54.5042 126.064 29.5983
    endloop
  endfacet
  facet normal -0.999277 -0.0380304 -3.48545e-06
    outer loop
      vertex 55.5 99.9 10
      vertex 54.5215 125.609 29.7202
      vertex 54.05 138 8
    endloop
  endfacet
  facet normal -0.999271 -0.0381714 0.000180658
    outer loop
      vertex 54.5215 125.609 29.7202
      vertex 55.5 99.9 10
      vertex 54.5383 125.17 29.889
    endloop
  endfacet
  facet normal -0.999276 -0.0380526 2.94874e-05
    outer loop
      vertex 54.5383 125.17 29.889
      vertex 55.5 99.9 10
      vertex 54.5543 124.75 30.1029
    endloop
  endfacet
  facet normal -0.999278 -0.0379836 -5.59511e-05
    outer loop
      vertex 54.5543 124.75 30.1029
      vertex 55.5 99.9 10
      vertex 54.5693 124.355 30.3594
    endloop
  endfacet
  facet normal -0.999278 -0.0379899 -4.838e-05
    outer loop
      vertex 54.5693 124.355 30.3594
      vertex 55.5 99.9 10
      vertex 54.5832 123.989 30.6558
    endloop
  endfacet
  facet normal -0.999275 -0.0380678 4.264e-05
    outer loop
      vertex 54.5832 123.989 30.6558
      vertex 55.5 99.9 10
      vertex 54.5959 123.656 30.9889
    endloop
  endfacet
  facet normal -0.999277 -0.0380258 -5.01286e-06
    outer loop
      vertex 54.5959 123.656 30.9889
      vertex 55.5 99.9 10
      vertex 54.6072 123.359 31.355
    endloop
  endfacet
  facet normal -0.99928 -0.0379494 0.000274303
    outer loop
      vertex 54.6361 122.598 33.0644
      vertex 55.5 99.9 40
      vertex 54.639 122.525 33.5296
    endloop
  endfacet
  facet normal -0.999275 -0.0380648 -0.000103812
    outer loop
      vertex 54.6315 122.72 32.6094
      vertex 55.5 99.9 40
      vertex 54.6361 122.598 33.0644
    endloop
  endfacet
  facet normal -0.999276 -0.038058 -8.28659e-05
    outer loop
      vertex 54.6251 122.889 32.1697
      vertex 55.5 99.9 40
      vertex 54.6315 122.72 32.6094
    endloop
  endfacet
  facet normal -0.999277 -0.0380298 -0
    outer loop
      vertex 55.5 99.9 40
      vertex 54.6251 122.889 32.1697
      vertex 55.5 99.9 10
    endloop
  endfacet
  facet normal -0.999273 -0.0381155 8.89521e-05
    outer loop
      vertex 54.6169 123.103 31.75
      vertex 55.5 99.9 10
      vertex 54.6251 122.889 32.1697
    endloop
  endfacet
  facet normal -0.999279 -0.0379684 -6.81303e-05
    outer loop
      vertex 54.6072 123.359 31.355
      vertex 55.5 99.9 10
      vertex 54.6169 123.103 31.75
    endloop
  endfacet
  facet normal -0.99928 -0.0379455 -0.000104773
    outer loop
      vertex 54.2983 131.475 34.4704
      vertex 54.05 138 39.5
      vertex 54.2974 131.5 34
    endloop
  endfacet
  facet normal -0.999276 -0.0380587 4.23194e-05
    outer loop
      vertex 54.3011 131.402 34.9356
      vertex 54.05 138 39.5
      vertex 54.2983 131.475 34.4704
    endloop
  endfacet
  facet normal -0.999279 -0.0379745 -7.95729e-05
    outer loop
      vertex 54.3057 131.28 35.3906
      vertex 54.05 138 39.5
      vertex 54.3011 131.402 34.9356
    endloop
  endfacet
  facet normal -0.999274 -0.0381011 0.000127796
    outer loop
      vertex 54.3122 131.111 35.8303
      vertex 54.05 138 39.5
      vertex 54.3057 131.28 35.3906
    endloop
  endfacet
  facet normal -0.999278 -0.0379883 -8.42283e-05
    outer loop
      vertex 54.3203 130.897 36.25
      vertex 54.05 138 39.5
      vertex 54.3122 131.111 35.8303
    endloop
  endfacet
  facet normal -0.999275 -0.0380786 0.000113342
    outer loop
      vertex 54.3301 130.641 36.645
      vertex 54.05 138 39.5
      vertex 54.3203 130.897 36.25
    endloop
  endfacet
  facet normal -0.999277 -0.0380311 -9.30986e-06
    outer loop
      vertex 54.3414 130.344 37.0111
      vertex 54.05 138 39.5
      vertex 54.3301 130.641 36.645
    endloop
  endfacet
  facet normal -0.999279 -0.0379793 -0.000168744
    outer loop
      vertex 54.354 130.011 37.3442
      vertex 54.05 138 39.5
      vertex 54.3414 130.344 37.0111
    endloop
  endfacet
  facet normal -0.999275 -0.0380744 0.000184221
    outer loop
      vertex 54.368 129.645 37.6406
      vertex 54.05 138 39.5
      vertex 54.354 130.011 37.3442
    endloop
  endfacet
  facet normal -0.999277 -0.0380115 -9.8972e-05
    outer loop
      vertex 54.383 129.25 37.8971
      vertex 54.05 138 39.5
      vertex 54.368 129.645 37.6406
    endloop
  endfacet
  facet normal -0.999276 -0.0380397 5.49734e-05
    outer loop
      vertex 54.399 128.83 38.111
      vertex 54.05 138 39.5
      vertex 54.383 129.25 37.8971
    endloop
  endfacet
  facet normal -0.999277 -0.0380263 -3.33452e-05
    outer loop
      vertex 54.4157 128.391 38.2798
      vertex 54.05 138 39.5
      vertex 54.399 128.83 38.111
    endloop
  endfacet
  facet normal -0.999277 -0.038019 -9.13312e-05
    outer loop
      vertex 54.433 127.936 38.4017
      vertex 54.05 138 39.5
      vertex 54.4157 128.391 38.2798
    endloop
  endfacet
  facet normal -0.999278 -0.0379989 -0.000275406
    outer loop
      vertex 54.4507 127.47 38.4753
      vertex 54.05 138 39.5
      vertex 54.433 127.936 38.4017
    endloop
  endfacet
  facet normal -0.999276 -0.0380463 0.00021287
    outer loop
      vertex 54.4686 127 38.5
      vertex 54.05 138 39.5
      vertex 54.4507 127.47 38.4753
    endloop
  endfacet
  facet normal -0.999274 -0.0380993 0.000796194
    outer loop
      vertex 54.4865 126.53 38.4753
      vertex 54.05 138 39.5
      vertex 54.4686 127 38.5
    endloop
  endfacet
  facet normal -0.999275 -0.0380594 -0.000110834
    outer loop
      vertex 54.639 122.525 33.5296
      vertex 55.5 99.9 40
      vertex 54.6399 122.5 34
    endloop
  endfacet
  facet normal -0.999278 -0.0380014 0.00010775
    outer loop
      vertex 54.6399 122.5 34
      vertex 55.5 99.9 40
      vertex 54.639 122.525 34.4704
    endloop
  endfacet
  facet normal -0.999274 -0.0380893 -0.000252315
    outer loop
      vertex 54.639 122.525 34.4704
      vertex 55.5 99.9 40
      vertex 54.6361 122.598 34.9356
    endloop
  endfacet
  facet normal -0.999277 -0.038013 8.99267e-05
    outer loop
      vertex 54.6361 122.598 34.9356
      vertex 55.5 99.9 40
      vertex 54.6315 122.72 35.3906
    endloop
  endfacet
  facet normal -0.999277 -0.0380176 6.73243e-05
    outer loop
      vertex 54.6315 122.72 35.3906
      vertex 55.5 99.9 40
      vertex 54.6251 122.889 35.8303
    endloop
  endfacet
  facet normal -0.999276 -0.0380518 -0.000121459
    outer loop
      vertex 54.6251 122.889 35.8303
      vertex 55.5 99.9 40
      vertex 54.6169 123.103 36.25
    endloop
  endfacet
  facet normal -0.999277 -0.0380162 9.91363e-05
    outer loop
      vertex 54.6169 123.103 36.25
      vertex 55.5 99.9 40
      vertex 54.6072 123.359 36.645
    endloop
  endfacet
  facet normal -0.999277 -0.03803 1.89696e-05
    outer loop
      vertex 54.4865 126.53 38.4753
      vertex 55.5 99.9 40
      vertex 54.05 138 39.5
    endloop
  endfacet
  facet normal -0.999277 -0.0380109 0.000351742
    outer loop
      vertex 54.5042 126.064 38.4017
      vertex 55.5 99.9 40
      vertex 54.4865 126.53 38.4753
    endloop
  endfacet
  facet normal -0.999277 -0.0380254 0.000115271
    outer loop
      vertex 54.5215 125.609 38.2798
      vertex 55.5 99.9 40
      vertex 54.5042 126.064 38.4017
    endloop
  endfacet
  facet normal -0.999275 -0.0380639 -0.000460857
    outer loop
      vertex 54.5383 125.17 38.111
      vertex 55.5 99.9 40
      vertex 54.5215 125.609 38.2798
    endloop
  endfacet
  facet normal -0.999276 -0.0380343 -6.54509e-05
    outer loop
      vertex 54.5543 124.75 37.8971
      vertex 55.5 99.9 40
      vertex 54.5383 125.17 38.111
    endloop
  endfacet
  facet normal -0.999277 -0.0380194 0.000111167
    outer loop
      vertex 54.5693 124.355 37.6406
      vertex 55.5 99.9 40
      vertex 54.5543 124.75 37.8971
    endloop
  endfacet
  facet normal -0.999277 -0.0380217 8.76708e-05
    outer loop
      vertex 54.5832 123.989 37.3442
      vertex 55.5 99.9 40
      vertex 54.5693 124.355 37.6406
    endloop
  endfacet
  facet normal -0.999276 -0.0380392 -7.13302e-05
    outer loop
      vertex 54.5959 123.656 37.0111
      vertex 55.5 99.9 40
      vertex 54.5832 123.989 37.3442
    endloop
  endfacet
  facet normal -0.999277 -0.0380292 7.80882e-06
    outer loop
      vertex 54.6072 123.359 36.645
      vertex 55.5 99.9 40
      vertex 54.5959 123.656 37.0111
    endloop
  endfacet
  facet normal -0.998427 -0.0200902 -0.052341
    outer loop
      vertex 55.5 99.9 40
      vertex 56.448 50.2 40.993
      vertex 55.4589 99.9 40.784
    endloop
  endfacet
  facet normal -0.99843 -0.0200891 -0.0522844
    outer loop
      vertex 56.5 50.2 40
      vertex 56.448 50.2 40.993
      vertex 55.5 99.9 40
    endloop
  endfacet
  facet normal 0 -1 0
    outer loop
      vertex 29 138 2.5
      vertex 35.5 138 5.5
      vertex 29 138 5.5
    endloop
  endfacet
  facet normal 0 -1 0
    outer loop
      vertex 35.5 138 5.5
      vertex 48.55 138 2.5
      vertex 53.3131 138 5.25
    endloop
  endfacet
  facet normal 0 -1 0
    outer loop
      vertex 53.3131 138 5.25
      vertex 48.55 138 2.5
      vertex 52.9996 138 4.76718
    endloop
  endfacet
  facet normal 0 -1 0
    outer loop
      vertex 52.9996 138 4.76718
      vertex 48.55 138 2.5
      vertex 52.6373 138 4.31978
    endloop
  endfacet
  facet normal 0 -1 0
    outer loop
      vertex 52.6373 138 4.31978
      vertex 48.55 138 2.5
      vertex 52.2302 138 3.9127
    endloop
  endfacet
  facet normal 0 -1 0
    outer loop
      vertex 52.2302 138 3.9127
      vertex 48.55 138 2.5
      vertex 51.7828 138 3.5504
    endloop
  endfacet
  facet normal 0 -1 0
    outer loop
      vertex 51.7828 138 3.5504
      vertex 48.55 138 2.5
      vertex 51.3 138 3.23686
    endloop
  endfacet
  facet normal 0 -1 0
    outer loop
      vertex 51.3 138 3.23686
      vertex 48.55 138 2.5
      vertex 50.787 138 2.97549
    endloop
  endfacet
  facet normal 0 -1 0
    outer loop
      vertex 50.787 138 2.97549
      vertex 48.55 138 2.5
      vertex 50.2496 138 2.7692
    endloop
  endfacet
  facet normal 0 -1 0
    outer loop
      vertex 50.2496 138 2.7692
      vertex 48.55 138 2.5
      vertex 49.6935 138 2.62019
    endloop
  endfacet
  facet normal 0 -1 -0
    outer loop
      vertex 35.5 138 5.5
      vertex 29 138 2.5
      vertex 48.55 138 2.5
    endloop
  endfacet
  facet normal 0 -1 0
    outer loop
      vertex 49.6935 138 2.62019
      vertex 48.55 138 2.5
      vertex 49.1249 138 2.53014
    endloop
  endfacet
  facet normal 0 -1 0
    outer loop
      vertex 35.5 138 14
      vertex 48.55 138 45
      vertex 29 138 45
    endloop
  endfacet
  facet normal 0 -1 0
    outer loop
      vertex 48.55 138 45
      vertex 54.05 138 39.5
      vertex 49.1249 138 44.9699
    endloop
  endfacet
  facet normal 0 -1 0
    outer loop
      vertex 49.1249 138 44.9699
      vertex 54.05 138 39.5
      vertex 49.6935 138 44.8798
    endloop
  endfacet
  facet normal 0 -1 0
    outer loop
      vertex 49.6935 138 44.8798
      vertex 54.05 138 39.5
      vertex 50.2496 138 44.7308
    endloop
  endfacet
  facet normal 0 -1 0
    outer loop
      vertex 50.2496 138 44.7308
      vertex 54.05 138 39.5
      vertex 50.787 138 44.5245
    endloop
  endfacet
  facet normal 0 -1 0
    outer loop
      vertex 50.787 138 44.5245
      vertex 54.05 138 39.5
      vertex 51.3 138 44.2631
    endloop
  endfacet
  facet normal 0 -1 0
    outer loop
      vertex 51.3 138 44.2631
      vertex 54.05 138 39.5
      vertex 51.7828 138 43.9496
    endloop
  endfacet
  facet normal 0 -1 0
    outer loop
      vertex 51.7828 138 43.9496
      vertex 54.05 138 39.5
      vertex 52.2302 138 43.5873
    endloop
  endfacet
  facet normal 0 -1 0
    outer loop
      vertex 52.2302 138 43.5873
      vertex 54.05 138 39.5
      vertex 52.6373 138 43.1802
    endloop
  endfacet
  facet normal 0 -1 0
    outer loop
      vertex 52.6373 138 43.1802
      vertex 54.05 138 39.5
      vertex 52.9996 138 42.7328
    endloop
  endfacet
  facet normal 0 -1 0
    outer loop
      vertex 52.9996 138 42.7328
      vertex 54.05 138 39.5
      vertex 53.3131 138 42.25
    endloop
  endfacet
  facet normal 0 -1 0
    outer loop
      vertex 53.3131 138 42.25
      vertex 54.05 138 39.5
      vertex 53.5745 138 41.737
    endloop
  endfacet
  facet normal 0 -1 0
    outer loop
      vertex 53.5745 138 41.737
      vertex 54.05 138 39.5
      vertex 53.7808 138 41.1996
    endloop
  endfacet
  facet normal 0 -1 0
    outer loop
      vertex 53.7808 138 41.1996
      vertex 54.05 138 39.5
      vertex 53.9298 138 40.6435
    endloop
  endfacet
  facet normal 0 -1 0
    outer loop
      vertex 53.9298 138 40.6435
      vertex 54.05 138 39.5
      vertex 54.0199 138 40.0749
    endloop
  endfacet
  facet normal 0 -1 0
    outer loop
      vertex 35.5 138 14
      vertex 29 138 45
      vertex 29 138 14
    endloop
  endfacet
  facet normal 0 -1 -0
    outer loop
      vertex 48.55 138 45
      vertex 35.5 138 14
      vertex 54.05 138 39.5
    endloop
  endfacet
  facet normal 0 -1 0
    outer loop
      vertex 35.5 138 14
      vertex 54.05 138 8
      vertex 54.05 138 39.5
    endloop
  endfacet
  facet normal 0 -1 0
    outer loop
      vertex 35.5 138 5.5
      vertex 54.05 138 8
      vertex 35.5 138 14
    endloop
  endfacet
  facet normal 0 -1 0
    outer loop
      vertex 53.3131 138 5.25
      vertex 54.05 138 8
      vertex 35.5 138 5.5
    endloop
  endfacet
  facet normal 0 -1 0
    outer loop
      vertex 54.05 138 8
      vertex 53.3131 138 5.25
      vertex 54.0199 138 7.42509
    endloop
  endfacet
  facet normal 0 -1 0
    outer loop
      vertex 53.9298 138 6.85649
      vertex 53.3131 138 5.25
      vertex 53.7808 138 6.3004
    endloop
  endfacet
  facet normal 0 -1 0
    outer loop
      vertex 54.0199 138 7.42509
      vertex 53.3131 138 5.25
      vertex 53.9298 138 6.85649
    endloop
  endfacet
  facet normal 0 -1 0
    outer loop
      vertex 53.7808 138 6.3004
      vertex 53.3131 138 5.25
      vertex 53.5745 138 5.76295
    endloop
  endfacet
  facet normal -0.777107 0 -0.629369
    outer loop
      vertex 54.6857 49.2 45.584
      vertex 54.0599 50.2 46.3567
      vertex 54.6857 50.2 45.584
    endloop
  endfacet
  facet normal -0.777107 -0 -0.629369
    outer loop
      vertex 54.0599 50.2 46.3567
      vertex 54.6857 49.2 45.584
      vertex 54.0599 49.2 46.3567
    endloop
  endfacet
  facet normal -0.707107 0 -0.707107
    outer loop
      vertex 54.0599 49.2 46.3567
      vertex 53.3567 50.2 47.0599
      vertex 54.0599 50.2 46.3567
    endloop
  endfacet
  facet normal -0.707107 -0 -0.707107
    outer loop
      vertex 53.3567 50.2 47.0599
      vertex 54.0599 49.2 46.3567
      vertex 53.3567 49.2 47.0599
    endloop
  endfacet
  facet normal -0.45382 -0.031035 -0.890553
    outer loop
      vertex 51.75 99.9 46.4952
      vertex 51.75 50.2 48.2272
      vertex 50.864 50.2 48.6787
    endloop
  endfacet
  facet normal -0.453759 -0.0310374 -0.890584
    outer loop
      vertex 51.0505 99.9 46.8516
      vertex 51.75 99.9 46.4952
      vertex 50.864 50.2 48.6787
    endloop
  endfacet
  facet normal -0.997886 -0.0386616 -0.0522462
    outer loop
      vertex 54.05 138 39.5
      vertex 55.4589 99.9 40.784
      vertex 54.0199 138 40.0749
    endloop
  endfacet
  facet normal -0.776943 -0.0245431 -0.629093
    outer loop
      vertex 54.0676 99.9 44.4084
      vertex 54.6857 50.2 45.584
      vertex 53.5736 99.9 45.0185
    endloop
  endfacet
  facet normal -0.890793 -0.0222534 -0.453865
    outer loop
      vertex 54.8516 99.9 43.0505
      vertex 55.6787 50.2 43.864
      vertex 54.4952 99.9 43.75
    endloop
  endfacet
  facet normal -0.838425 -0.0233072 -0.544518
    outer loop
      vertex 54.4952 99.9 43.75
      vertex 54.6857 50.2 45.584
      vertex 54.0676 99.9 44.4084
    endloop
  endfacet
  facet normal -0.838287 0.0295453 -0.544428
    outer loop
      vertex 54.6857 49.2 45.584
      vertex 54.4952 10 43.75
      vertex 54.0676 10 44.4084
    endloop
  endfacet
  facet normal -0.776873 -0.0245425 -0.629179
    outer loop
      vertex 54.6857 50.2 45.584
      vertex 54.0599 50.2 46.3567
      vertex 53.5736 99.9 45.0185
    endloop
  endfacet
  facet normal -0.706869 -0.0259493 -0.706869
    outer loop
      vertex 54.0599 50.2 46.3567
      vertex 53.0185 99.9 45.5736
      vertex 53.5736 99.9 45.0185
    endloop
  endfacet
  facet normal -0.706869 -0.0259493 -0.706869
    outer loop
      vertex 53.0185 99.9 45.5736
      vertex 54.0599 50.2 46.3567
      vertex 53.3567 50.2 47.0599
    endloop
  endfacet
  facet normal -0.628423 -0.0534598 -0.776032
    outer loop
      vertex 52.2302 138 43.5873
      vertex 53.0185 99.9 45.5736
      vertex 51.7828 138 43.9496
    endloop
  endfacet
  facet normal -0.543827 -0.055479 -0.837361
    outer loop
      vertex 51.7828 138 43.9496
      vertex 52.4084 99.9 46.0676
      vertex 51.75 99.9 46.4952
    endloop
  endfacet
  facet normal -0.544433 -0.0292163 -0.838295
    outer loop
      vertex 52.4084 99.9 46.0676
      vertex 52.584 50.2 47.6857
      vertex 51.75 99.9 46.4952
    endloop
  endfacet
  facet normal -0.258598 0.0443041 -0.964969
    outer loop
      vertex 49.9357 49.2 49.035
      vertex 49.5593 10 47.3361
      vertex 48.9752 49.2 49.2924
    endloop
  endfacet
  facet normal -0.156469 0 -0.987683
    outer loop
      vertex 47.993 49.2 49.448
      vertex 48.9752 50.2 49.2924
      vertex 48.9752 49.2 49.2924
    endloop
  endfacet
  facet normal -0.156469 0 -0.987683
    outer loop
      vertex 48.9752 50.2 49.2924
      vertex 47.993 49.2 49.448
      vertex 47.993 50.2 49.448
    endloop
  endfacet
  facet normal -0.156196 -0.0629987 -0.985715
    outer loop
      vertex 49.6935 138 44.8798
      vertex 49.5593 99.9 47.3361
      vertex 49.1249 138 44.9699
    endloop
  endfacet
  facet normal -0.156333 -0.0370136 -0.987011
    outer loop
      vertex 49.5593 99.9 47.3361
      vertex 48.9752 50.2 49.2924
      vertex 48.784 99.9 47.4589
    endloop
  endfacet
  facet normal -0.156361 -0.0370135 -0.987006
    outer loop
      vertex 48.784 99.9 47.4589
      vertex 48.9752 50.2 49.2924
      vertex 47.993 50.2 49.448
    endloop
  endfacet
  facet normal -0.987247 -0.0299376 0.156356
    outer loop
      vertex 55.3361 99.9 8.44066
      vertex 55.4589 99.9 9.21603
      vertex 54.0199 138 7.42509
    endloop
  endfacet
  facet normal -0.965863 -0.0103342 0.258845
    outer loop
      vertex 56.035 50.2 9.06433
      vertex 56.2924 50.2 10.0248
      vertex 55.3361 99.9 8.44066
    endloop
  endfacet
  facet normal -0.544646 -0.000534655 0.838666
    outer loop
      vertex 51.75 99.9 3.50481
      vertex 51.7828 138 3.5504
      vertex 51.3 138 3.23686
    endloop
  endfacet
  facet normal -0.933575 -0.00698218 0.358313
    outer loop
      vertex 55.6787 50.2 8.136
      vertex 56.035 50.2 9.06433
      vertex 54.8516 99.9 6.94948
    endloop
  endfacet
  facet normal -0.890898 -0.015726 0.453931
    outer loop
      vertex 54.4952 99.9 6.25
      vertex 54.8516 99.9 6.94948
      vertex 53.5745 138 5.76295
    endloop
  endfacet
  facet normal -0.707113 0 0.7071
    outer loop
      vertex 53.0185 12 4.42641
      vertex 53.5736 99.9 4.98152
      vertex 53.0185 99.9 4.42641
    endloop
  endfacet
  facet normal -0.707113 0 0.7071
    outer loop
      vertex 53.5736 99.9 4.98152
      vertex 53.0185 12 4.42641
      vertex 53.5736 12 4.98152
    endloop
  endfacet
  facet normal -0.777146 -0.00816809 0.629268
    outer loop
      vertex 53.5736 99.9 4.98152
      vertex 54.0676 99.9 5.59161
      vertex 52.9996 138 4.76718
    endloop
  endfacet
  facet normal -0.453956 0.000275554 0.891024
    outer loop
      vertex 51.7413 11.1532 3.5
      vertex 51.0505 10 3.14841
      vertex 51.7406 10 3.5
    endloop
  endfacet
  facet normal -0.453951 0.000271342 0.891027
    outer loop
      vertex 51.0505 10 3.14841
      vertex 51.7413 11.1532 3.5
      vertex 50.787 137 2.97549
    endloop
  endfacet
  facet normal -0.965869 -0.0103345 0.258825
    outer loop
      vertex 56.035 50.2 9.06433
      vertex 55.3361 99.9 8.44066
      vertex 55.1329 99.9 7.68237
    endloop
  endfacet
  facet normal -0.965988 0.0131128 0.258254
    outer loop
      vertex 55.3849 12 8.52148
      vertex 56.035 49.2 9.06433
      vertex 55.3718 12 8.47248
    endloop
  endfacet
  facet normal -0.965832 0.0131016 0.258837
    outer loop
      vertex 56.035 49.2 9.06433
      vertex 55.3849 12 8.52148
      vertex 56.2924 49.2 10.0248
    endloop
  endfacet
  facet normal -0.965587 0.0263007 -0.258746
    outer loop
      vertex 56.035 49.2 42.9357
      vertex 55.3361 10 41.5593
      vertex 55.1329 10 42.3176
    endloop
  endfacet
  facet normal -0.933251 0.0271247 -0.358198
    outer loop
      vertex 56.035 49.2 42.9357
      vertex 55.1329 10 42.3176
      vertex 54.8516 10 43.0505
    endloop
  endfacet
  facet normal -0.98736 0.0257463 -0.156388
    outer loop
      vertex 56.2924 49.2 41.9752
      vertex 55.4589 10 40.784
      vertex 55.3361 10 41.5593
    endloop
  endfacet
  facet normal -0.987356 0.0257471 -0.156417
    outer loop
      vertex 56.2924 49.2 41.9752
      vertex 56.448 49.2 40.993
      vertex 55.4589 10 40.784
    endloop
  endfacet
  facet normal -0.890627 0.0282091 -0.453858
    outer loop
      vertex 55.2272 49.2 44.75
      vertex 55.6787 49.2 43.864
      vertex 54.4952 10 43.75
    endloop
  endfacet
  facet normal -0.628986 0.0348733 -0.776634
    outer loop
      vertex 53.3567 49.2 47.0599
      vertex 53.0185 10 45.5736
      vertex 52.584 49.2 47.6857
    endloop
  endfacet
  facet normal -0.629369 0 -0.777107
    outer loop
      vertex 52.584 49.2 47.6857
      vertex 53.3567 50.2 47.0599
      vertex 53.3567 49.2 47.0599
    endloop
  endfacet
  facet normal -0.629369 0 -0.777107
    outer loop
      vertex 53.3567 50.2 47.0599
      vertex 52.584 49.2 47.6857
      vertex 52.584 50.2 47.6857
    endloop
  endfacet
  facet normal -0.453687 0.0393364 -0.890292
    outer loop
      vertex 51.75 49.2 48.2272
      vertex 51.75 10 46.4952
      vertex 50.864 49.2 48.6787
    endloop
  endfacet
  facet normal -0.544191 0.0370323 -0.838144
    outer loop
      vertex 51.75 49.2 48.2272
      vertex 52.584 49.2 47.6857
      vertex 51.75 10 46.4952
    endloop
  endfacet
  facet normal -0.258582 0.0443041 -0.964973
    outer loop
      vertex 49.9357 49.2 49.035
      vertex 50.3176 10 47.1329
      vertex 49.5593 10 47.3361
    endloop
  endfacet
  facet normal -0.358017 0.0417733 -0.93278
    outer loop
      vertex 51.0505 10 46.8516
      vertex 50.3176 10 47.1329
      vertex 49.9357 49.2 49.035
    endloop
  endfacet
  facet normal -0.156268 0.0469084 -0.9866
    outer loop
      vertex 48.9752 49.2 49.2924
      vertex 49.5593 10 47.3361
      vertex 48.784 10 47.4589
    endloop
  endfacet
  facet normal -0.986879 -0.0401853 -0.15638
    outer loop
      vertex 54.0199 138 40.0749
      vertex 55.3361 99.9 41.5593
      vertex 53.9298 138 40.6435
    endloop
  endfacet
  facet normal -0.890982 0 -0.454039
    outer loop
      vertex 55.6787 49.2 43.864
      vertex 55.2272 50.2 44.75
      vertex 55.6787 50.2 43.864
    endloop
  endfacet
  facet normal -0.890982 -0 -0.454039
    outer loop
      vertex 55.2272 50.2 44.75
      vertex 55.6787 49.2 43.864
      vertex 55.2272 49.2 44.75
    endloop
  endfacet
  facet normal -0.629131 -0.027512 -0.776813
    outer loop
      vertex 53.0185 99.9 45.5736
      vertex 53.3567 50.2 47.0599
      vertex 52.584 50.2 47.6857
    endloop
  endfacet
  facet normal -0.838353 0.0295408 -0.544326
    outer loop
      vertex 54.6857 49.2 45.584
      vertex 55.2272 49.2 44.75
      vertex 54.4952 10 43.75
    endloop
  endfacet
  facet normal -0.838719 0 -0.544564
    outer loop
      vertex 55.2272 49.2 44.75
      vertex 54.6857 50.2 45.584
      vertex 55.2272 50.2 44.75
    endloop
  endfacet
  facet normal -0.838719 -0 -0.544564
    outer loop
      vertex 54.6857 50.2 45.584
      vertex 55.2272 49.2 44.75
      vertex 54.6857 49.2 45.584
    endloop
  endfacet
  facet normal -0.7768 0.0311114 -0.628978
    outer loop
      vertex 54.6857 49.2 45.584
      vertex 54.0676 10 44.4084
      vertex 53.5736 10 45.0185
    endloop
  endfacet
  facet normal -0.776731 0.0311107 -0.629064
    outer loop
      vertex 54.0599 49.2 46.3567
      vertex 54.6857 49.2 45.584
      vertex 53.5736 10 45.0185
    endloop
  endfacet
  facet normal -0.54463 -0.000534682 0.838676
    outer loop
      vertex 52.4084 99.9 3.93237
      vertex 51.7828 138 3.5504
      vertex 51.75 99.9 3.50481
    endloop
  endfacet
  facet normal -0.453968 0 0.891018
    outer loop
      vertex 50.787 138 2.97549
      vertex 51.3 137 3.23686
      vertex 51.3 138 3.23686
    endloop
  endfacet
  facet normal -0.453968 0 0.891018
    outer loop
      vertex 51.3 137 3.23686
      vertex 50.787 138 2.97549
      vertex 50.787 137 2.97549
    endloop
  endfacet
  facet normal -0.891001 -0.00398965 0.453984
    outer loop
      vertex 55.6787 50.2 8.136
      vertex 54.8516 99.9 6.94948
      vertex 54.4952 99.9 6.25
    endloop
  endfacet
  facet normal -0.838696 0.00176932 0.544597
    outer loop
      vertex 54.5049 12 6.25847
      vertex 54.6857 49.2 6.41605
      vertex 54.0992 12 5.63368
    endloop
  endfacet
  facet normal -0.777172 0 0.629289
    outer loop
      vertex 53.5736 12 4.98152
      vertex 54.0676 99.9 5.59161
      vertex 53.5736 99.9 4.98152
    endloop
  endfacet
  facet normal -0.777172 0 0.629289
    outer loop
      vertex 54.0676 99.9 5.59161
      vertex 53.5736 12 4.98152
      vertex 54.0676 12 5.59161
    endloop
  endfacet
  facet normal -0.54463 0 0.838676
    outer loop
      vertex 51.75 99.9 3.50481
      vertex 52.4084 77.5 3.93237
      vertex 52.4084 99.9 3.93237
    endloop
  endfacet
  facet normal -0.54463 0 0.838676
    outer loop
      vertex 52.4084 77.5 3.93237
      vertex 51.75 99.9 3.50481
      vertex 51.75 77.5 3.50481
    endloop
  endfacet
  facet normal -0.54463 0 0.838676
    outer loop
      vertex 51.75 72.5 3.50481
      vertex 52.4084 12 3.93237
      vertex 52.4084 72.5 3.93237
    endloop
  endfacet
  facet normal -0.54463 0 0.838676
    outer loop
      vertex 52.4084 12 3.93237
      vertex 51.75 72.5 3.50481
      vertex 51.75 12 3.50481
    endloop
  endfacet
  facet normal -0.358364 0.000527608 0.933582
    outer loop
      vertex 51.0505 10 3.14841
      vertex 50.787 137 2.97549
      vertex 50.3176 10 2.86708
    endloop
  endfacet
  facet normal -0.933579 0.00885463 0.358263
    outer loop
      vertex 55.1789 12 7.75288
      vertex 56.035 49.2 9.06433
      vertex 54.912 12 7.05738
    endloop
  endfacet
  facet normal -0.965815 0.0130994 0.258902
    outer loop
      vertex 55.3718 12 8.47248
      vertex 56.035 49.2 9.06433
      vertex 55.1789 12 7.75288
    endloop
  endfacet
  facet normal -0.891008 0.00505919 0.45396
    outer loop
      vertex 54.8938 12 7.01002
      vertex 55.6787 49.2 8.136
      vertex 54.5556 12 6.34622
    endloop
  endfacet
  facet normal -0.987339 0.0177421 0.157627
    outer loop
      vertex 55.5094 12 9.30741
      vertex 56.2924 49.2 10.0248
      vertex 55.5014 12 9.2573
    endloop
  endfacet
  facet normal -0.987527 0.0177689 0.156444
    outer loop
      vertex 56.2924 49.2 10.0248
      vertex 55.5094 12 9.30741
      vertex 56.448 49.2 11.007
    endloop
  endfacet
  facet normal -0.987541 0.0177727 0.156354
    outer loop
      vertex 55.5014 12 9.2573
      vertex 56.2924 49.2 10.0248
      vertex 55.3849 12 8.52148
    endloop
  endfacet
  facet normal -0.965917 0 -0.258852
    outer loop
      vertex 56.2924 49.2 41.9752
      vertex 56.035 50.2 42.9357
      vertex 56.2924 50.2 41.9752
    endloop
  endfacet
  facet normal -0.965917 -0 -0.258852
    outer loop
      vertex 56.035 50.2 42.9357
      vertex 56.2924 49.2 41.9752
      vertex 56.035 49.2 42.9357
    endloop
  endfacet
  facet normal -0.453626 0.0393395 -0.890324
    outer loop
      vertex 51.75 10 46.4952
      vertex 51.0505 10 46.8516
      vertex 50.864 49.2 48.6787
    endloop
  endfacet
  facet normal -0.544292 0.0370324 -0.838078
    outer loop
      vertex 52.584 49.2 47.6857
      vertex 52.4084 10 46.0676
      vertex 51.75 10 46.4952
    endloop
  endfacet
  facet normal -0.544564 0 -0.838719
    outer loop
      vertex 51.75 49.2 48.2272
      vertex 52.584 50.2 47.6857
      vertex 52.584 49.2 47.6857
    endloop
  endfacet
  facet normal -0.544564 0 -0.838719
    outer loop
      vertex 52.584 50.2 47.6857
      vertex 51.75 49.2 48.2272
      vertex 51.75 50.2 48.2272
    endloop
  endfacet
  facet normal -0.358332 0 -0.933594
    outer loop
      vertex 49.9357 49.2 49.035
      vertex 50.864 50.2 48.6787
      vertex 50.864 49.2 48.6787
    endloop
  endfacet
  facet normal -0.358332 0 -0.933594
    outer loop
      vertex 50.864 50.2 48.6787
      vertex 49.9357 49.2 49.035
      vertex 49.9357 50.2 49.035
    endloop
  endfacet
  facet normal -0.358137 -0.0329588 -0.933087
    outer loop
      vertex 51.0505 99.9 46.8516
      vertex 50.864 50.2 48.6787
      vertex 49.9357 50.2 49.035
    endloop
  endfacet
  facet normal -0.156296 0.0469083 -0.986596
    outer loop
      vertex 48.9752 49.2 49.2924
      vertex 48.784 10 47.4589
      vertex 47.993 49.2 49.448
    endloop
  endfacet
  facet normal -0.0522873 0.0495554 -0.997402
    outer loop
      vertex 48.784 10 47.4589
      vertex 48 10 47.5
      vertex 47.993 49.2 49.448
    endloop
  endfacet
  facet normal -0.837754 -0.0474091 -0.543985
    outer loop
      vertex 53.3131 138 42.25
      vertex 54.4952 99.9 43.75
      vertex 52.9996 138 42.7328
    endloop
  endfacet
  facet normal -0.83771 -0.0474092 -0.544054
    outer loop
      vertex 54.4952 99.9 43.75
      vertex 54.0676 99.9 44.4084
      vertex 52.9996 138 42.7328
    endloop
  endfacet
  facet normal -0.965713 -0.0207469 -0.25878
    outer loop
      vertex 55.3361 99.9 41.5593
      vertex 56.035 50.2 42.9357
      vertex 55.1329 99.9 42.3176
    endloop
  endfacet
  facet normal -0.258825 0 0.965924
    outer loop
      vertex 49.6935 138 2.62019
      vertex 50.2496 137 2.7692
      vertex 50.2496 138 2.7692
    endloop
  endfacet
  facet normal -0.258825 0 0.965924
    outer loop
      vertex 50.2496 137 2.7692
      vertex 49.6935 138 2.62019
      vertex 49.6935 137 2.62019
    endloop
  endfacet
  facet normal -0.629321 -0.00254248 0.777141
    outer loop
      vertex 53.0185 99.9 4.42641
      vertex 52.2302 138 3.9127
      vertex 51.7828 138 3.5504
    endloop
  endfacet
  facet normal -0.629311 -0.00254198 0.777149
    outer loop
      vertex 52.4084 99.9 3.93237
      vertex 53.0185 99.9 4.42641
      vertex 51.7828 138 3.5504
    endloop
  endfacet
  facet normal -0.838592 -0.0117219 0.544634
    outer loop
      vertex 54.0676 99.9 5.59161
      vertex 54.4952 99.9 6.25
      vertex 52.9996 138 4.76718
    endloop
  endfacet
  facet normal -0.838648 -0.00139477 0.544671
    outer loop
      vertex 54.6857 50.2 6.41605
      vertex 54.4952 99.9 6.25
      vertex 54.0676 99.9 5.59161
    endloop
  endfacet
  facet normal -0.838704 0 0.544587
    outer loop
      vertex 54.6857 49.2 6.41605
      vertex 55.2272 50.2 7.25
      vertex 54.6857 50.2 6.41605
    endloop
  endfacet
  facet normal -0.838704 0 0.544587
    outer loop
      vertex 55.2272 50.2 7.25
      vertex 54.6857 49.2 6.41605
      vertex 55.2272 49.2 7.25
    endloop
  endfacet
  facet normal -0.890982 0 0.454039
    outer loop
      vertex 55.2272 49.2 7.25
      vertex 55.6787 50.2 8.136
      vertex 55.2272 50.2 7.25
    endloop
  endfacet
  facet normal -0.890982 0 0.454039
    outer loop
      vertex 55.6787 50.2 8.136
      vertex 55.2272 49.2 7.25
      vertex 55.6787 49.2 8.136
    endloop
  endfacet
  facet normal -0.933571 -0.00698153 0.358326
    outer loop
      vertex 56.035 50.2 9.06433
      vertex 55.1329 99.9 7.68237
      vertex 54.8516 99.9 6.94948
    endloop
  endfacet
  facet normal -0.987234 -0.0299351 0.156437
    outer loop
      vertex 55.3361 99.9 8.44066
      vertex 54.0199 138 7.42509
      vertex 53.9298 138 6.85649
    endloop
  endfacet
  facet normal -0.890869 -0.0157246 0.453988
    outer loop
      vertex 54.4952 99.9 6.25
      vertex 53.5745 138 5.76295
      vertex 53.3131 138 5.25
    endloop
  endfacet
  facet normal -0.83865 -0.0117277 0.544544
    outer loop
      vertex 54.4952 99.9 6.25
      vertex 53.3131 138 5.25
      vertex 52.9996 138 4.76718
    endloop
  endfacet
  facet normal -0.258824 0.000605863 0.965924
    outer loop
      vertex 50.3176 10 2.86708
      vertex 50.2496 137 2.7692
      vertex 49.5593 10 2.66389
    endloop
  endfacet
  facet normal -0.35837 0.000527635 0.933579
    outer loop
      vertex 50.3176 10 2.86708
      vertex 50.787 137 2.97549
      vertex 50.2496 137 2.7692
    endloop
  endfacet
  facet normal -0.933381 -0.0213971 -0.358248
    outer loop
      vertex 55.1329 99.9 42.3176
      vertex 56.035 50.2 42.9357
      vertex 54.8516 99.9 43.0505
    endloop
  endfacet
  facet normal -0.93338 -0.0213971 -0.35825
    outer loop
      vertex 56.035 50.2 42.9357
      vertex 55.6787 50.2 43.864
      vertex 54.8516 99.9 43.0505
    endloop
  endfacet
  facet normal -0.838491 -0.0233037 -0.544416
    outer loop
      vertex 55.2272 50.2 44.75
      vertex 54.6857 50.2 45.584
      vertex 54.4952 99.9 43.75
    endloop
  endfacet
  facet normal -0.890761 -0.0222528 -0.453926
    outer loop
      vertex 55.6787 50.2 43.864
      vertex 55.2272 50.2 44.75
      vertex 54.4952 99.9 43.75
    endloop
  endfacet
  facet normal -0.965076 -0.0418374 -0.258609
    outer loop
      vertex 55.3361 99.9 41.5593
      vertex 55.1329 99.9 42.3176
      vertex 53.7808 138 41.1996
    endloop
  endfacet
  facet normal -0.838703 -0.00139526 0.544587
    outer loop
      vertex 54.6857 50.2 6.41605
      vertex 55.2272 50.2 7.25
      vertex 54.4952 99.9 6.25
    endloop
  endfacet
  facet normal -0.890441 0.0050198 0.455071
    outer loop
      vertex 54.5556 12 6.34622
      vertex 55.2272 49.2 7.25
      vertex 54.5325 12 6.30102
    endloop
  endfacet
  facet normal -0.890971 0.00505457 0.454033
    outer loop
      vertex 55.2272 49.2 7.25
      vertex 54.5556 12 6.34622
      vertex 55.6787 49.2 8.136
    endloop
  endfacet
  facet normal -0.83896 0.00177232 0.54419
    outer loop
      vertex 54.5325 12 6.30102
      vertex 54.6857 49.2 6.41605
      vertex 54.5049 12 6.25847
    endloop
  endfacet
  facet normal -0.838703 0.00177004 0.544586
    outer loop
      vertex 54.6857 49.2 6.41605
      vertex 54.5325 12 6.30102
      vertex 55.2272 49.2 7.25
    endloop
  endfacet
  facet normal -0.933404 -0.0201302 0.358262
    outer loop
      vertex 54.8516 99.9 6.94948
      vertex 55.1329 99.9 7.68237
      vertex 53.5745 138 5.76295
    endloop
  endfacet
  facet normal -0.965621 -0.0248824 0.258759
    outer loop
      vertex 55.1329 99.9 7.68237
      vertex 55.3361 99.9 8.44066
      vertex 53.7808 138 6.3004
    endloop
  endfacet
  facet normal -0.933396 -0.0201288 0.358284
    outer loop
      vertex 55.1329 99.9 7.68237
      vertex 53.7808 138 6.3004
      vertex 53.5745 138 5.76295
    endloop
  endfacet
  facet normal -0.932686 -0.0436057 -0.358044
    outer loop
      vertex 53.7808 138 41.1996
      vertex 55.1329 99.9 42.3176
      vertex 53.5745 138 41.737
    endloop
  endfacet
  facet normal -0.932707 -0.0436057 -0.357989
    outer loop
      vertex 55.1329 99.9 42.3176
      vertex 54.8516 99.9 43.0505
      vertex 53.5745 138 41.737
    endloop
  endfacet
  facet normal -0.890075 -0.0454716 -0.453539
    outer loop
      vertex 53.5745 138 41.737
      vertex 54.4952 99.9 43.75
      vertex 53.3131 138 42.25
    endloop
  endfacet
  facet normal -0.965628 -0.0248842 0.258733
    outer loop
      vertex 55.3361 99.9 8.44066
      vertex 53.9298 138 6.85649
      vertex 53.7808 138 6.3004
    endloop
  endfacet
  facet normal -1 0 0
    outer loop
      vertex 29 127.518 -94.2062
      vertex 29 129.099 -90.5381
      vertex 29 130.759 -93.153
    endloop
  endfacet
  facet normal -1 0 0
    outer loop
      vertex 29 120.58 -94.2525
      vertex 29 127.518 -94.2062
      vertex 29 121.229 -96.2497
    endloop
  endfacet
  facet normal -1 -0 0
    outer loop
      vertex 29 127.518 -94.2062
      vertex 29 120.58 -94.2525
      vertex 29 129.099 -90.5381
    endloop
  endfacet
  facet normal -1 0 0
    outer loop
      vertex 29 118.542 -93.9682
      vertex 29 120.58 -94.2525
      vertex 29 118.82 -94.8241
    endloop
  endfacet
  facet normal -1 0 0
    outer loop
      vertex 29 120.58 -94.2525
      vertex 29 118.542 -93.9682
      vertex 29 129.099 -90.5381
    endloop
  endfacet
  facet normal -1 0 0
    outer loop
      vertex 29 129.099 -90.5381
      vertex 29 132.404 -92.6187
      vertex 29 130.759 -93.153
    endloop
  endfacet
  facet normal -1 0 0
    outer loop
      vertex 29 129.099 -90.5381
      vertex 29 126.002 -70.9828
      vertex 29 132.404 -92.6187
    endloop
  endfacet
  facet normal -1 0 0
    outer loop
      vertex 29 125.532 -66.0034
      vertex 29 128.161 -64.0931
      vertex 29 125.603 -66.1131
    endloop
  endfacet
  facet normal -1 0 0
    outer loop
      vertex 29 126.351 -70.8491
      vertex 29 125.763 -66.8688
      vertex 29 125.77 -66.7381
    endloop
  endfacet
  facet normal -1 0 0
    outer loop
      vertex 29 126.351 -70.8491
      vertex 29 125.743 -66.998
      vertex 29 125.763 -66.8688
    endloop
  endfacet
  facet normal -1 0 0
    outer loop
      vertex 29 126.351 -70.8491
      vertex 29 125.709 -67.1244
      vertex 29 125.743 -66.998
    endloop
  endfacet
  facet normal -1 0 0
    outer loop
      vertex 29 126.351 -70.8491
      vertex 29 125.662 -67.2466
      vertex 29 125.709 -67.1244
    endloop
  endfacet
  facet normal -1 0 0
    outer loop
      vertex 29 126.351 -70.8491
      vertex 29 125.603 -67.3631
      vertex 29 125.662 -67.2466
    endloop
  endfacet
  facet normal -1 0 0
    outer loop
      vertex 29 126.351 -70.8491
      vertex 29 125.532 -67.4729
      vertex 29 125.603 -67.3631
    endloop
  endfacet
  facet normal -1 0 0
    outer loop
      vertex 29 126.351 -70.8491
      vertex 29 125.449 -67.5745
      vertex 29 125.532 -67.4729
    endloop
  endfacet
  facet normal -1 0 0
    outer loop
      vertex 29 123.591 -67.5745
      vertex 29 126.002 -70.9828
      vertex 29 129.099 -90.5381
    endloop
  endfacet
  facet normal -1 0 0
    outer loop
      vertex 29 126.351 -70.8491
      vertex 29 125.357 -67.6671
      vertex 29 125.449 -67.5745
    endloop
  endfacet
  facet normal -1 0 0
    outer loop
      vertex 29 126.351 -70.8491
      vertex 29 125.255 -67.7494
      vertex 29 125.357 -67.6671
    endloop
  endfacet
  facet normal -1 0 0
    outer loop
      vertex 29 126.351 -70.8491
      vertex 29 125.145 -67.8207
      vertex 29 125.255 -67.7494
    endloop
  endfacet
  facet normal -1 0 0
    outer loop
      vertex 29 126.351 -70.8491
      vertex 29 125.029 -67.8801
      vertex 29 125.145 -67.8207
    endloop
  endfacet
  facet normal -1 0 0
    outer loop
      vertex 29 126.002 -70.9828
      vertex 29 124.907 -67.927
      vertex 29 125.029 -67.8801
    endloop
  endfacet
  facet normal -1 0 0
    outer loop
      vertex 29 126.002 -70.9828
      vertex 29 124.78 -67.9608
      vertex 29 124.907 -67.927
    endloop
  endfacet
  facet normal -1 0 0
    outer loop
      vertex 29 126.002 -70.9828
      vertex 29 124.651 -67.9813
      vertex 29 124.78 -67.9608
    endloop
  endfacet
  facet normal -1 0 0
    outer loop
      vertex 29 126.002 -70.9828
      vertex 29 124.52 -67.9881
      vertex 29 124.651 -67.9813
    endloop
  endfacet
  facet normal -1 0 0
    outer loop
      vertex 29 126.002 -70.9828
      vertex 29 124.39 -67.9813
      vertex 29 124.52 -67.9881
    endloop
  endfacet
  facet normal -1 0 0
    outer loop
      vertex 29 126.002 -70.9828
      vertex 29 124.26 -67.9608
      vertex 29 124.39 -67.9813
    endloop
  endfacet
  facet normal -1 0 0
    outer loop
      vertex 29 126.002 -70.9828
      vertex 29 124.134 -67.927
      vertex 29 124.26 -67.9608
    endloop
  endfacet
  facet normal -1 0 0
    outer loop
      vertex 29 126.002 -70.9828
      vertex 29 124.012 -67.8801
      vertex 29 124.134 -67.927
    endloop
  endfacet
  facet normal -1 0 0
    outer loop
      vertex 29 126.002 -70.9828
      vertex 29 123.895 -67.8207
      vertex 29 124.012 -67.8801
    endloop
  endfacet
  facet normal -1 0 0
    outer loop
      vertex 29 126.002 -70.9828
      vertex 29 123.785 -67.7494
      vertex 29 123.895 -67.8207
    endloop
  endfacet
  facet normal -1 0 0
    outer loop
      vertex 29 126.002 -70.9828
      vertex 29 123.684 -67.6671
      vertex 29 123.785 -67.7494
    endloop
  endfacet
  facet normal -1 0 0
    outer loop
      vertex 29 126.002 -70.9828
      vertex 29 123.591 -67.5745
      vertex 29 123.684 -67.6671
    endloop
  endfacet
  facet normal -1 0 0
    outer loop
      vertex 29 129.099 -90.5381
      vertex 29 123.509 -67.4729
      vertex 29 123.591 -67.5745
    endloop
  endfacet
  facet normal -1 0 0
    outer loop
      vertex 29 129.099 -90.5381
      vertex 29 123.438 -67.3631
      vertex 29 123.509 -67.4729
    endloop
  endfacet
  facet normal -1 0 0
    outer loop
      vertex 29 129.099 -90.5381
      vertex 29 123.378 -67.2466
      vertex 29 123.438 -67.3631
    endloop
  endfacet
  facet normal -1 0 0
    outer loop
      vertex 29 129.099 -90.5381
      vertex 29 123.331 -67.1244
      vertex 29 123.378 -67.2466
    endloop
  endfacet
  facet normal -1 0 0
    outer loop
      vertex 29 129.099 -90.5381
      vertex 29 123.298 -66.998
      vertex 29 123.331 -67.1244
    endloop
  endfacet
  facet normal -1 0 0
    outer loop
      vertex 29 109.636 -24.5153
      vertex 29 123.27 -66.7381
      vertex 29 123.277 -66.8688
    endloop
  endfacet
  facet normal -1 0 0
    outer loop
      vertex 29 109.636 -24.5153
      vertex 29 123.277 -66.8688
      vertex 29 123.298 -66.998
    endloop
  endfacet
  facet normal -1 0 0
    outer loop
      vertex 29 109.636 -24.5153
      vertex 29 123.298 -66.998
      vertex 29 129.099 -90.5381
    endloop
  endfacet
  facet normal -1 -0 0
    outer loop
      vertex 29 113.634 -21.908
      vertex 29 110.543 -22.9123
      vertex 29 113.465 -21.4682
    endloop
  endfacet
  facet normal -1 -0 0
    outer loop
      vertex 29 113.465 -21.4682
      vertex 29 110.496 -22.7901
      vertex 29 113.252 -21.0486
    endloop
  endfacet
  facet normal -1 0 0
    outer loop
      vertex 29 110.437 -22.6736
      vertex 29 113.252 -21.0486
      vertex 29 110.496 -22.7901
    endloop
  endfacet
  facet normal -1 0 0
    outer loop
      vertex 29 110.366 -22.5638
      vertex 29 112.995 -20.6535
      vertex 29 110.437 -22.6736
    endloop
  endfacet
  facet normal -1 -0 0
    outer loop
      vertex 29 112.995 -20.6535
      vertex 29 110.366 -22.5638
      vertex 29 112.699 -20.2875
    endloop
  endfacet
  facet normal -1 0 0
    outer loop
      vertex 29 123.27 -66.7381
      vertex 29 109.636 -24.5153
      vertex 29 112.762 -26.2314
    endloop
  endfacet
  facet normal -1 0 0
    outer loop
      vertex 29 110.496 -22.7901
      vertex 29 113.465 -21.4682
      vertex 29 110.543 -22.9123
    endloop
  endfacet
  facet normal -1 -0 0
    outer loop
      vertex 29 113.252 -21.0486
      vertex 29 110.437 -22.6736
      vertex 29 112.995 -20.6535
    endloop
  endfacet
  facet normal -1 0 0
    outer loop
      vertex 29 112.762 -26.2314
      vertex 29 110.598 -23.4292
      vertex 29 110.604 -23.2986
    endloop
  endfacet
  facet normal -1 0 0
    outer loop
      vertex 29 112.762 -26.2314
      vertex 29 110.577 -23.5584
      vertex 29 110.598 -23.4292
    endloop
  endfacet
  facet normal -1 0 0
    outer loop
      vertex 29 112.762 -26.2314
      vertex 29 110.543 -23.6848
      vertex 29 110.577 -23.5584
    endloop
  endfacet
  facet normal -1 0 0
    outer loop
      vertex 29 112.762 -26.2314
      vertex 29 110.496 -23.807
      vertex 29 110.543 -23.6848
    endloop
  endfacet
  facet normal -1 0 0
    outer loop
      vertex 29 112.762 -26.2314
      vertex 29 110.437 -23.9236
      vertex 29 110.496 -23.807
    endloop
  endfacet
  facet normal -1 0 0
    outer loop
      vertex 29 112.762 -26.2314
      vertex 29 110.366 -24.0333
      vertex 29 110.437 -23.9236
    endloop
  endfacet
  facet normal -1 0 0
    outer loop
      vertex 29 112.762 -26.2314
      vertex 29 110.283 -24.135
      vertex 29 110.366 -24.0333
    endloop
  endfacet
  facet normal -1 0 0
    outer loop
      vertex 29 112.762 -26.2314
      vertex 29 110.191 -24.2275
      vertex 29 110.283 -24.135
    endloop
  endfacet
  facet normal -1 0 0
    outer loop
      vertex 29 112.762 -26.2314
      vertex 29 110.089 -24.3098
      vertex 29 110.191 -24.2275
    endloop
  endfacet
  facet normal -1 0 0
    outer loop
      vertex 29 112.762 -26.2314
      vertex 29 109.979 -24.3811
      vertex 29 110.089 -24.3098
    endloop
  endfacet
  facet normal -1 0 0
    outer loop
      vertex 29 112.762 -26.2314
      vertex 29 109.863 -24.4405
      vertex 29 109.979 -24.3811
    endloop
  endfacet
  facet normal -1 0 0
    outer loop
      vertex 29 112.762 -26.2314
      vertex 29 109.741 -24.4874
      vertex 29 109.863 -24.4405
    endloop
  endfacet
  facet normal -1 0 0
    outer loop
      vertex 29 112.762 -26.2314
      vertex 29 109.636 -24.5153
      vertex 29 109.741 -24.4874
    endloop
  endfacet
  facet normal -1 0 0
    outer loop
      vertex 29 125.77 -66.7381
      vertex 29 129.02 -66.7381
      vertex 29 128.996 -67.2085
    endloop
  endfacet
  facet normal -1 0 0
    outer loop
      vertex 29 125.77 -66.7381
      vertex 29 128.996 -67.2085
      vertex 29 128.922 -67.6737
    endloop
  endfacet
  facet normal -1 0 0
    outer loop
      vertex 29 129.02 -66.7381
      vertex 29 125.77 -66.7381
      vertex 29 128.996 -66.2678
    endloop
  endfacet
  facet normal -1 0 0
    outer loop
      vertex 29 125.77 -66.7381
      vertex 29 128.922 -67.6737
      vertex 29 128.8 -68.1287
    endloop
  endfacet
  facet normal -1 0 0
    outer loop
      vertex 29 125.763 -66.6075
      vertex 29 128.996 -66.2678
      vertex 29 125.77 -66.7381
    endloop
  endfacet
  facet normal -1 0 0
    outer loop
      vertex 29 125.77 -66.7381
      vertex 29 128.8 -68.1287
      vertex 29 128.631 -68.5685
    endloop
  endfacet
  facet normal -1 -0 0
    outer loop
      vertex 29 128.996 -66.2678
      vertex 29 125.763 -66.6075
      vertex 29 128.922 -65.8025
    endloop
  endfacet
  facet normal -1 0 0
    outer loop
      vertex 29 125.77 -66.7381
      vertex 29 128.631 -68.5685
      vertex 29 128.417 -68.9881
    endloop
  endfacet
  facet normal -1 0 0
    outer loop
      vertex 29 125.743 -66.4782
      vertex 29 128.922 -65.8025
      vertex 29 125.763 -66.6075
    endloop
  endfacet
  facet normal -1 0 0
    outer loop
      vertex 29 125.77 -66.7381
      vertex 29 128.417 -68.9881
      vertex 29 128.161 -69.3832
    endloop
  endfacet
  facet normal -1 -0 0
    outer loop
      vertex 29 128.922 -65.8025
      vertex 29 125.743 -66.4782
      vertex 29 128.8 -65.3476
    endloop
  endfacet
  facet normal -1 0 0
    outer loop
      vertex 29 125.77 -66.7381
      vertex 29 128.161 -69.3832
      vertex 29 127.864 -69.7492
    endloop
  endfacet
  facet normal -1 0 0
    outer loop
      vertex 29 125.709 -66.3519
      vertex 29 128.8 -65.3476
      vertex 29 125.743 -66.4782
    endloop
  endfacet
  facet normal -1 0 0
    outer loop
      vertex 29 125.77 -66.7381
      vertex 29 127.864 -69.7492
      vertex 29 127.531 -70.0823
    endloop
  endfacet
  facet normal -1 -0 0
    outer loop
      vertex 29 128.8 -65.3476
      vertex 29 125.709 -66.3519
      vertex 29 128.631 -64.9078
    endloop
  endfacet
  facet normal -1 0 0
    outer loop
      vertex 29 125.77 -66.7381
      vertex 29 127.531 -70.0823
      vertex 29 127.165 -70.3787
    endloop
  endfacet
  facet normal -1 0 0
    outer loop
      vertex 29 125.662 -66.2297
      vertex 29 128.631 -64.9078
      vertex 29 125.709 -66.3519
    endloop
  endfacet
  facet normal -1 0 0
    outer loop
      vertex 29 125.77 -66.7381
      vertex 29 127.165 -70.3787
      vertex 29 126.77 -70.6353
    endloop
  endfacet
  facet normal -1 -0 0
    outer loop
      vertex 29 128.631 -64.9078
      vertex 29 125.662 -66.2297
      vertex 29 128.417 -64.4881
    endloop
  endfacet
  facet normal -1 0 0
    outer loop
      vertex 29 125.029 -67.8801
      vertex 29 126.351 -70.8491
      vertex 29 126.002 -70.9828
    endloop
  endfacet
  facet normal -1 0 0
    outer loop
      vertex 29 126.351 -70.8491
      vertex 29 125.77 -66.7381
      vertex 29 126.77 -70.6353
    endloop
  endfacet
  facet normal -1 0 0
    outer loop
      vertex 29 125.603 -66.1131
      vertex 29 128.417 -64.4881
      vertex 29 125.662 -66.2297
    endloop
  endfacet
  facet normal -1 -0 0
    outer loop
      vertex 29 128.417 -64.4881
      vertex 29 125.603 -66.1131
      vertex 29 128.161 -64.0931
    endloop
  endfacet
  facet normal -1 -0 0
    outer loop
      vertex 29 128.161 -64.0931
      vertex 29 125.532 -66.0034
      vertex 29 127.864 -63.727
    endloop
  endfacet
  facet normal -1 0 0
    outer loop
      vertex 29 125.449 -65.9017
      vertex 29 127.864 -63.727
      vertex 29 125.532 -66.0034
    endloop
  endfacet
  facet normal -1 -0 0
    outer loop
      vertex 29 127.864 -63.727
      vertex 29 125.449 -65.9017
      vertex 29 127.531 -63.394
    endloop
  endfacet
  facet normal -1 0 0
    outer loop
      vertex 29 125.357 -65.8092
      vertex 29 127.531 -63.394
      vertex 29 125.449 -65.9017
    endloop
  endfacet
  facet normal -1 -0 0
    outer loop
      vertex 29 127.531 -63.394
      vertex 29 125.357 -65.8092
      vertex 29 127.165 -63.0976
    endloop
  endfacet
  facet normal -1 0 0
    outer loop
      vertex 29 125.255 -65.7269
      vertex 29 127.165 -63.0976
      vertex 29 125.357 -65.8092
    endloop
  endfacet
  facet normal -1 -0 0
    outer loop
      vertex 29 127.165 -63.0976
      vertex 29 125.255 -65.7269
      vertex 29 126.77 -62.841
    endloop
  endfacet
  facet normal -1 0 0
    outer loop
      vertex 29 125.145 -65.6556
      vertex 29 126.77 -62.841
      vertex 29 125.255 -65.7269
    endloop
  endfacet
  facet normal -1 -0 0
    outer loop
      vertex 29 126.77 -62.841
      vertex 29 125.145 -65.6556
      vertex 29 126.351 -62.6272
    endloop
  endfacet
  facet normal -1 0 0
    outer loop
      vertex 29 125.029 -65.5962
      vertex 29 126.351 -62.6272
      vertex 29 125.145 -65.6556
    endloop
  endfacet
  facet normal -1 -0 0
    outer loop
      vertex 29 126.351 -62.6272
      vertex 29 125.029 -65.5962
      vertex 29 125.911 -62.4584
    endloop
  endfacet
  facet normal -1 0 0
    outer loop
      vertex 29 124.907 -65.5493
      vertex 29 125.911 -62.4584
      vertex 29 125.029 -65.5962
    endloop
  endfacet
  facet normal -1 -0 0
    outer loop
      vertex 29 125.911 -62.4584
      vertex 29 124.907 -65.5493
      vertex 29 125.456 -62.3365
    endloop
  endfacet
  facet normal -1 0 0
    outer loop
      vertex 29 124.78 -65.5154
      vertex 29 125.456 -62.3365
      vertex 29 124.907 -65.5493
    endloop
  endfacet
  facet normal -1 -0 0
    outer loop
      vertex 29 125.456 -62.3365
      vertex 29 124.78 -65.5154
      vertex 29 124.991 -62.2628
    endloop
  endfacet
  facet normal -1 0 0
    outer loop
      vertex 29 124.651 -65.495
      vertex 29 124.991 -62.2628
      vertex 29 124.78 -65.5154
    endloop
  endfacet
  facet normal -1 0 0
    outer loop
      vertex 29 124.651 -65.495
      vertex 29 124.52 -62.2381
      vertex 29 124.991 -62.2628
    endloop
  endfacet
  facet normal -1 0 0
    outer loop
      vertex 29 124.52 -65.4881
      vertex 29 124.52 -62.2381
      vertex 29 124.651 -65.495
    endloop
  endfacet
  facet normal -1 0 0
    outer loop
      vertex 29 124.39 -65.495
      vertex 29 124.52 -62.2381
      vertex 29 124.52 -65.4881
    endloop
  endfacet
  facet normal -1 0 0
    outer loop
      vertex 29 124.05 -62.2628
      vertex 29 124.39 -65.495
      vertex 29 124.26 -65.5154
    endloop
  endfacet
  facet normal -1 0 0
    outer loop
      vertex 29 123.454 -62.3713
      vertex 29 124.26 -65.5154
      vertex 29 124.134 -65.5493
    endloop
  endfacet
  facet normal -1 0 0
    outer loop
      vertex 29 124.39 -65.495
      vertex 29 124.05 -62.2628
      vertex 29 124.52 -62.2381
    endloop
  endfacet
  facet normal -1 0 0
    outer loop
      vertex 29 123.454 -62.3713
      vertex 29 124.134 -65.5493
      vertex 29 124.012 -65.5962
    endloop
  endfacet
  facet normal -1 0 0
    outer loop
      vertex 29 123.454 -62.3713
      vertex 29 124.012 -65.5962
      vertex 29 123.895 -65.6556
    endloop
  endfacet
  facet normal -1 0 0
    outer loop
      vertex 29 123.454 -62.3713
      vertex 29 123.895 -65.6556
      vertex 29 123.785 -65.7269
    endloop
  endfacet
  facet normal -1 0 0
    outer loop
      vertex 29 123.454 -62.3713
      vertex 29 123.785 -65.7269
      vertex 29 123.684 -65.8092
    endloop
  endfacet
  facet normal -1 0 0
    outer loop
      vertex 29 123.454 -62.3713
      vertex 29 123.684 -65.8092
      vertex 29 123.591 -65.9017
    endloop
  endfacet
  facet normal -1 0 0
    outer loop
      vertex 29 124.26 -65.5154
      vertex 29 123.585 -62.3365
      vertex 29 124.05 -62.2628
    endloop
  endfacet
  facet normal -1 0 0
    outer loop
      vertex 29 123.454 -62.3713
      vertex 29 123.591 -65.9017
      vertex 29 123.509 -66.0034
    endloop
  endfacet
  facet normal -1 0 0
    outer loop
      vertex 29 124.26 -65.5154
      vertex 29 123.454 -62.3713
      vertex 29 123.585 -62.3365
    endloop
  endfacet
  facet normal -1 0 0
    outer loop
      vertex 29 123.438 -66.1131
      vertex 29 123.454 -62.3713
      vertex 29 123.509 -66.0034
    endloop
  endfacet
  facet normal -1 0 0
    outer loop
      vertex 29 123.378 -66.2297
      vertex 29 123.454 -62.3713
      vertex 29 123.438 -66.1131
    endloop
  endfacet
  facet normal -1 0 0
    outer loop
      vertex 29 123.331 -66.3519
      vertex 29 123.454 -62.3713
      vertex 29 123.378 -66.2297
    endloop
  endfacet
  facet normal -1 0 0
    outer loop
      vertex 29 123.298 -66.4782
      vertex 29 123.454 -62.3713
      vertex 29 123.331 -66.3519
    endloop
  endfacet
  facet normal -1 0 0
    outer loop
      vertex 29 123.277 -66.6075
      vertex 29 123.454 -62.3713
      vertex 29 123.298 -66.4782
    endloop
  endfacet
  facet normal -1 0 0
    outer loop
      vertex 29 112.762 -26.2314
      vertex 29 123.277 -66.6075
      vertex 29 123.27 -66.7381
    endloop
  endfacet
  facet normal -1 0 0
    outer loop
      vertex 29 123.277 -66.6075
      vertex 29 112.762 -26.2314
      vertex 29 123.454 -62.3713
    endloop
  endfacet
  facet normal -1 0 0
    outer loop
      vertex 29 110.604 -23.2986
      vertex 29 113.854 -23.2986
      vertex 29 113.83 -23.7689
    endloop
  endfacet
  facet normal -1 0 0
    outer loop
      vertex 29 110.604 -23.2986
      vertex 29 113.83 -23.7689
      vertex 29 113.756 -24.2342
    endloop
  endfacet
  facet normal -1 0 0
    outer loop
      vertex 29 113.854 -23.2986
      vertex 29 110.604 -23.2986
      vertex 29 113.83 -22.8282
    endloop
  endfacet
  facet normal -1 0 0
    outer loop
      vertex 29 110.604 -23.2986
      vertex 29 113.756 -24.2342
      vertex 29 113.634 -24.6891
    endloop
  endfacet
  facet normal -1 0 0
    outer loop
      vertex 29 110.598 -23.1679
      vertex 29 113.83 -22.8282
      vertex 29 110.604 -23.2986
    endloop
  endfacet
  facet normal -1 0 0
    outer loop
      vertex 29 110.604 -23.2986
      vertex 29 113.634 -24.6891
      vertex 29 113.465 -25.1289
    endloop
  endfacet
  facet normal -1 -0 0
    outer loop
      vertex 29 113.83 -22.8282
      vertex 29 110.598 -23.1679
      vertex 29 113.756 -22.3629
    endloop
  endfacet
  facet normal -1 0 0
    outer loop
      vertex 29 110.604 -23.2986
      vertex 29 113.465 -25.1289
      vertex 29 113.252 -25.5486
    endloop
  endfacet
  facet normal -1 0 0
    outer loop
      vertex 29 110.577 -23.0387
      vertex 29 113.756 -22.3629
      vertex 29 110.598 -23.1679
    endloop
  endfacet
  facet normal -1 0 0
    outer loop
      vertex 29 110.604 -23.2986
      vertex 29 112.995 -25.9436
      vertex 29 112.762 -26.2314
    endloop
  endfacet
  facet normal -1 0 0
    outer loop
      vertex 29 112.995 -25.9436
      vertex 29 110.604 -23.2986
      vertex 29 113.252 -25.5486
    endloop
  endfacet
  facet normal -1 -0 0
    outer loop
      vertex 29 113.756 -22.3629
      vertex 29 110.577 -23.0387
      vertex 29 113.634 -21.908
    endloop
  endfacet
  facet normal -1 0 0
    outer loop
      vertex 29 110.543 -22.9123
      vertex 29 113.634 -21.908
      vertex 29 110.577 -23.0387
    endloop
  endfacet
  facet normal -1 0 0
    outer loop
      vertex 29 110.283 -22.4621
      vertex 29 112.699 -20.2875
      vertex 29 110.366 -22.5638
    endloop
  endfacet
  facet normal -1 -0 0
    outer loop
      vertex 29 112.699 -20.2875
      vertex 29 110.283 -22.4621
      vertex 29 112.365 -19.9544
    endloop
  endfacet
  facet normal -1 0 0
    outer loop
      vertex 29 110.191 -22.3696
      vertex 29 112.365 -19.9544
      vertex 29 110.283 -22.4621
    endloop
  endfacet
  facet normal -1 -0 0
    outer loop
      vertex 29 112.365 -19.9544
      vertex 29 110.191 -22.3696
      vertex 29 111.999 -19.658
    endloop
  endfacet
  facet normal -1 0 0
    outer loop
      vertex 29 110.089 -22.2873
      vertex 29 111.999 -19.658
      vertex 29 110.191 -22.3696
    endloop
  endfacet
  facet normal -1 -0 0
    outer loop
      vertex 29 111.999 -19.658
      vertex 29 110.089 -22.2873
      vertex 29 111.604 -19.4014
    endloop
  endfacet
  facet normal -1 0 0
    outer loop
      vertex 29 109.979 -22.216
      vertex 29 111.604 -19.4014
      vertex 29 110.089 -22.2873
    endloop
  endfacet
  facet normal -1 -0 0
    outer loop
      vertex 29 111.604 -19.4014
      vertex 29 109.979 -22.216
      vertex 29 111.185 -19.1876
    endloop
  endfacet
  facet normal -1 0 0
    outer loop
      vertex 29 109.863 -22.1566
      vertex 29 111.185 -19.1876
      vertex 29 109.979 -22.216
    endloop
  endfacet
  facet normal -1 -0 0
    outer loop
      vertex 29 111.185 -19.1876
      vertex 29 109.863 -22.1566
      vertex 29 110.745 -19.0188
    endloop
  endfacet
  facet normal -1 0 0
    outer loop
      vertex 29 109.741 -22.1097
      vertex 29 110.745 -19.0188
      vertex 29 109.863 -22.1566
    endloop
  endfacet
  facet normal -1 -0 0
    outer loop
      vertex 29 110.745 -19.0188
      vertex 29 109.741 -22.1097
      vertex 29 110.618 -18.9847
    endloop
  endfacet
  facet normal -1 0 0
    outer loop
      vertex 29 109.614 -22.0759
      vertex 29 110.618 -18.9847
      vertex 29 109.741 -22.1097
    endloop
  endfacet
  facet normal -1 0 0
    outer loop
      vertex 29 109.485 -22.0554
      vertex 29 110.618 -18.9847
      vertex 29 109.614 -22.0759
    endloop
  endfacet
  facet normal -1 0 0
    outer loop
      vertex 29 109.354 -22.0486
      vertex 29 110.618 -18.9847
      vertex 29 109.485 -22.0554
    endloop
  endfacet
  facet normal -1 0 0
    outer loop
      vertex 29 109.224 -22.0554
      vertex 29 110.618 -18.9847
      vertex 29 109.354 -22.0486
    endloop
  endfacet
  facet normal -1 0 0
    outer loop
      vertex 29 109.094 -22.0759
      vertex 29 110.618 -18.9847
      vertex 29 109.224 -22.0554
    endloop
  endfacet
  facet normal -1 0 0
    outer loop
      vertex 29 108.968 -22.1097
      vertex 29 110.618 -18.9847
      vertex 29 109.094 -22.0759
    endloop
  endfacet
  facet normal -1 0 0
    outer loop
      vertex 29 108.931 -22.1238
      vertex 29 110.618 -18.9847
      vertex 29 108.968 -22.1097
    endloop
  endfacet
  facet normal -1 0 0
    outer loop
      vertex 29 106.47 -13.7737
      vertex 29 110.618 -18.9847
      vertex 29 108.931 -22.1238
    endloop
  endfacet
  facet normal -1 0 0
    outer loop
      vertex 29 110.618 -18.9847
      vertex 29 106.47 -13.7737
      vertex 29 108.848 -13.0012
    endloop
  endfacet
  facet normal -1 -0 0
    outer loop
      vertex 29 108.848 -13.0012
      vertex 29 106.47 -13.7737
      vertex 29 108.817 -12.9061
    endloop
  endfacet
  facet normal -1 0 0
    outer loop
      vertex 29 106.439 -13.6786
      vertex 29 108.817 -12.9061
      vertex 29 106.47 -13.7737
    endloop
  endfacet
  facet normal -1 0 0
    outer loop
      vertex 29 106.439 -13.6786
      vertex 29 103.898 0
      vertex 29 108.817 -12.9061
    endloop
  endfacet
  facet normal -1 -0 -0
    outer loop
      vertex 29 103.898 0
      vertex 29 106.439 -13.6786
      vertex 29 99.7711 2.5
    endloop
  endfacet
  facet normal -1 0 0
    outer loop
      vertex 29 140.5 0
      vertex 29 138 2.5
      vertex 29 140.5 5.5
    endloop
  endfacet
  facet normal -1 0 0
    outer loop
      vertex 29 103.898 0
      vertex 29 138 2.5
      vertex 29 140.5 0
    endloop
  endfacet
  facet normal -1 -0 0
    outer loop
      vertex 29 138 2.5
      vertex 29 103.898 0
      vertex 29 99.7711 2.5
    endloop
  endfacet
  facet normal -1 -0 0
    outer loop
      vertex 29 140.5 5.5
      vertex 29 138 2.5
      vertex 29 138 5.5
    endloop
  endfacet
  facet normal -1 -0 0
    outer loop
      vertex 29 114.096 -98.5673
      vertex 29 102.673 -99.1245
      vertex 29 113.447 -96.5701
    endloop
  endfacet
  facet normal -1 0 0
    outer loop
      vertex 29 96.9097 -104.151
      vertex 29 102.673 -99.1245
      vertex 29 114.096 -98.5673
    endloop
  endfacet
  facet normal -1 0 0
    outer loop
      vertex 29 102.673 -99.1245
      vertex 29 96.9097 -104.151
      vertex 29 98.0417 -100.629
    endloop
  endfacet
  facet normal -1 0 0
    outer loop
      vertex 29 96.9097 -104.151
      vertex 29 95.8119 -101.354
      vertex 29 98.0417 -100.629
    endloop
  endfacet
  facet normal -1 0 0
    outer loop
      vertex 29 94.777 -104.844
      vertex 29 95.8119 -101.354
      vertex 29 96.9097 -104.151
    endloop
  endfacet
  facet normal -1 0 0
    outer loop
      vertex 29 94.3304 -104.884
      vertex 29 95.8119 -101.354
      vertex 29 94.777 -104.844
    endloop
  endfacet
  facet normal -1 0 0
    outer loop
      vertex 29 94.3304 -104.884
      vertex 29 94.777 -104.844
      vertex 29 94.3614 -104.979
    endloop
  endfacet
  facet normal -1 -0 0
    outer loop
      vertex 29 95.8119 -101.354
      vertex 29 94.3304 -104.884
      vertex 29 95.781 -101.259
    endloop
  endfacet
  facet normal -1 0 0
    outer loop
      vertex 29 75.1486 -27.0525
      vertex 29 95.781 -101.259
      vertex 29 94.3304 -104.884
    endloop
  endfacet
  facet normal -1 0 0
    outer loop
      vertex 29 95.781 -101.259
      vertex 29 75.1486 -27.0525
      vertex 29 78.0949 -26.0952
    endloop
  endfacet
  facet normal -1 0 0
    outer loop
      vertex 29 113.447 -96.5701
      vertex 29 114.928 -95.1424
      vertex 29 115.206 -95.9984
    endloop
  endfacet
  facet normal -1 0 0
    outer loop
      vertex 29 114.928 -95.1424
      vertex 29 113.447 -96.5701
      vertex 29 102.673 -99.1245
    endloop
  endfacet
  facet normal -1 0 0
    outer loop
      vertex 29 72.7494 -17.3174
      vertex 29 74.8959 -12.5
      vertex 29 75.7965 -16.3273
    endloop
  endfacet
  facet normal -1 0 0
    outer loop
      vertex 29 72.7494 -17.3174
      vertex 29 72.2 -12.5
      vertex 29 74.8959 -12.5
    endloop
  endfacet
  facet normal -1 0 0
    outer loop
      vertex 29 68.4814 0
      vertex 29 72.2 -12.5
      vertex 29 72.7494 -17.3174
    endloop
  endfacet
  facet normal -1 0 0
    outer loop
      vertex 29 68.4814 0
      vertex 29 72.2 2.5
      vertex 29 72.2 -12.5
    endloop
  endfacet
  facet normal -1 0 0
    outer loop
      vertex 29 68.4814 0
      vertex 29 54.1 2.5
      vertex 29 72.2 2.5
    endloop
  endfacet
  facet normal -1 0 0
    outer loop
      vertex 29 68.4814 0
      vertex 29 49.25 2.5
      vertex 29 54.1 2.5
    endloop
  endfacet
  facet normal -1 0 0
    outer loop
      vertex 29 7.5 0
      vertex 29 49.25 2.5
      vertex 29 68.4814 0
    endloop
  endfacet
  facet normal -1 -0 0
    outer loop
      vertex 29 49.25 2.5
      vertex 29 7.5 0
      vertex 29 10 2.5
    endloop
  endfacet
  facet normal -1 0 0
    outer loop
      vertex 29 7.5 3.5
      vertex 29 10 2.5
      vertex 29 7.5 0
    endloop
  endfacet
  facet normal -1 0 0
    outer loop
      vertex 29 10 2.5
      vertex 29 7.5 3.5
      vertex 29 10 3.5
    endloop
  endfacet
  facet normal -1 0 0
    outer loop
      vertex 29 138 45
      vertex 29 140.5 14
      vertex 29 138 14
    endloop
  endfacet
  facet normal -1 0 0
    outer loop
      vertex 29 140.5 14
      vertex 29 138 45
      vertex 29 140.5 47.5
    endloop
  endfacet
  facet normal -1 0 0
    outer loop
      vertex 29 99.9 50
      vertex 29 138 45
      vertex 29 99.9 47.5
    endloop
  endfacet
  facet normal -1 0 0
    outer loop
      vertex 29 138 45
      vertex 29 99.9 50
      vertex 29 140.5 47.5
    endloop
  endfacet
  facet normal -1 0 0
    outer loop
      vertex 29 99.9 47.5
      vertex 29 75.5 49.5
      vertex 29 99.9 50
    endloop
  endfacet
  facet normal -1 0 0
    outer loop
      vertex 29 73.32 48.5696
      vertex 29 75.5 49.5
      vertex 29 99.9 47.5
    endloop
  endfacet
  facet normal -1 -0 0
    outer loop
      vertex 29 75.5 49.5
      vertex 29 73.32 48.5696
      vertex 29 73.32 49.5
    endloop
  endfacet
  facet normal -1 -0 0
    outer loop
      vertex 29 99.9 50
      vertex 29 75.5 49.5
      vertex 29 75.5 50.9819
    endloop
  endfacet
  facet normal -1 0 0
    outer loop
      vertex 29 10 15
      vertex 29 7.5 15
      vertex 29 10 47.5
    endloop
  endfacet
  facet normal -1 0 0
    outer loop
      vertex 29 10 47.5
      vertex 29 44.5 49.5
      vertex 29 49.2 49.5
    endloop
  endfacet
  facet normal -1 0 0
    outer loop
      vertex 29 10 47.5
      vertex 29 44.5 51.7746
      vertex 29 44.5 49.5
    endloop
  endfacet
  facet normal -1 0 0
    outer loop
      vertex 29 10 47.5
      vertex 29 7.5 50
      vertex 29 44.5 51.7746
    endloop
  endfacet
  facet normal -1 0 0
    outer loop
      vertex 29 7.5 50
      vertex 29 10 47.5
      vertex 29 7.5 15
    endloop
  endfacet
  facet normal -1 0 0
    outer loop
      vertex 29 55.82 49.2738
      vertex 29 50.2 49.5
      vertex 29 55.82 49.5
    endloop
  endfacet
  facet normal 0 0.454078 -0.890962
    outer loop
      vertex 29 17.25 30.1029
      vertex 55.6742 16.8303 29.889
      vertex 29 16.8303 29.889
    endloop
  endfacet
  facet normal 0 0.454078 -0.890962
    outer loop
      vertex 55.6742 16.8303 29.889
      vertex 29 17.25 30.1029
      vertex 55.6849 17.25 30.1029
    endloop
  endfacet
  facet normal 0 0.93357 0.358396
    outer loop
      vertex 55.7367 19.2798 35.3906
      vertex 29 19.111 35.8303
      vertex 55.7324 19.111 35.8303
    endloop
  endfacet
  facet normal 0 0.93357 0.358396
    outer loop
      vertex 29 19.111 35.8303
      vertex 55.7367 19.2798 35.3906
      vertex 29 19.2798 35.3906
    endloop
  endfacet
  facet normal -0 0.454078 0.890962
    outer loop
      vertex 29 17.25 37.8971
      vertex 55.6742 16.8303 38.111
      vertex 55.6849 17.25 37.8971
    endloop
  endfacet
  facet normal 0 0.454078 0.890962
    outer loop
      vertex 55.6742 16.8303 38.111
      vertex 29 17.25 37.8971
      vertex 29 16.8303 38.111
    endloop
  endfacet
  facet normal 0 -0.0524363 -0.998624
    outer loop
      vertex 29 15 29.5
      vertex 55.6156 14.5296 29.5247
      vertex 29 14.5296 29.5247
    endloop
  endfacet
  facet normal 0 -0.0524363 -0.998624
    outer loop
      vertex 55.6156 14.5296 29.5247
      vertex 29 15 29.5
      vertex 55.6276 15 29.5
    endloop
  endfacet
  facet normal 0 0.156268 -0.987715
    outer loop
      vertex 29 15.9356 29.5983
      vertex 55.6395 15.4704 29.5247
      vertex 29 15.4704 29.5247
    endloop
  endfacet
  facet normal 0 0.156268 -0.987715
    outer loop
      vertex 55.6395 15.4704 29.5247
      vertex 29 15.9356 29.5983
      vertex 55.6514 15.9356 29.5983
    endloop
  endfacet
  facet normal 0 0.987715 -0.156268
    outer loop
      vertex 55.7398 19.4017 33.0644
      vertex 29 19.4753 33.5296
      vertex 55.7417 19.4753 33.5296
    endloop
  endfacet
  facet normal 0 0.987715 -0.156268
    outer loop
      vertex 29 19.4753 33.5296
      vertex 55.7398 19.4017 33.0644
      vertex 29 19.4017 33.0644
    endloop
  endfacet
  facet normal 0 0.77721 -0.629241
    outer loop
      vertex 55.7129 18.3442 30.9889
      vertex 29 18.6406 31.355
      vertex 55.7204 18.6406 31.355
    endloop
  endfacet
  facet normal 0 0.77721 -0.629241
    outer loop
      vertex 29 18.6406 31.355
      vertex 55.7129 18.3442 30.9889
      vertex 29 18.3442 30.9889
    endloop
  endfacet
  facet normal -0 0.156268 0.987715
    outer loop
      vertex 29 15.9356 38.4017
      vertex 55.6395 15.4704 38.4753
      vertex 55.6514 15.9356 38.4017
    endloop
  endfacet
  facet normal 0 0.156268 0.987715
    outer loop
      vertex 55.6395 15.4704 38.4753
      vertex 29 15.9356 38.4017
      vertex 29 15.4704 38.4753
    endloop
  endfacet
  facet normal -0 0.707107 0.707107
    outer loop
      vertex 29 18.3442 37.0111
      vertex 55.7044 18.0111 37.3442
      vertex 55.7129 18.3442 37.0111
    endloop
  endfacet
  facet normal 0 0.707107 0.707107
    outer loop
      vertex 55.7044 18.0111 37.3442
      vertex 29 18.3442 37.0111
      vertex 29 18.0111 37.3442
    endloop
  endfacet
  facet normal -0 0.890962 0.454078
    outer loop
      vertex 29 19.111 35.8303
      vertex 55.727 18.8971 36.25
      vertex 55.7324 19.111 35.8303
    endloop
  endfacet
  facet normal 0 0.890962 0.454078
    outer loop
      vertex 55.727 18.8971 36.25
      vertex 29 19.111 35.8303
      vertex 29 18.8971 36.25
    endloop
  endfacet
  facet normal 0 0.987715 0.156268
    outer loop
      vertex 55.7417 19.4753 34.4704
      vertex 29 19.4017 34.9356
      vertex 55.7398 19.4017 34.9356
    endloop
  endfacet
  facet normal 0 0.987715 0.156268
    outer loop
      vertex 29 19.4017 34.9356
      vertex 55.7417 19.4753 34.4704
      vertex 29 19.4753 34.4704
    endloop
  endfacet
  facet normal 0 0.258786 -0.965935
    outer loop
      vertex 29 16.3906 29.7202
      vertex 55.6514 15.9356 29.5983
      vertex 29 15.9356 29.5983
    endloop
  endfacet
  facet normal 0 0.258786 -0.965935
    outer loop
      vertex 55.6514 15.9356 29.5983
      vertex 29 16.3906 29.7202
      vertex 55.663 16.3906 29.7202
    endloop
  endfacet
  facet normal 0 0.629241 -0.77721
    outer loop
      vertex 29 18.0111 30.6558
      vertex 55.695 17.645 30.3594
      vertex 29 17.645 30.3594
    endloop
  endfacet
  facet normal 0 0.629241 -0.77721
    outer loop
      vertex 55.695 17.645 30.3594
      vertex 29 18.0111 30.6558
      vertex 55.7044 18.0111 30.6558
    endloop
  endfacet
  facet normal 0 0.707107 -0.707107
    outer loop
      vertex 55.7044 18.0111 30.6558
      vertex 29 18.3442 30.9889
      vertex 55.7129 18.3442 30.9889
    endloop
  endfacet
  facet normal 0 0.707107 -0.707107
    outer loop
      vertex 29 18.3442 30.9889
      vertex 55.7044 18.0111 30.6558
      vertex 29 18.0111 30.6558
    endloop
  endfacet
  facet normal 0 0.998624 -0.0524363
    outer loop
      vertex 55.7417 19.4753 33.5296
      vertex 29 19.5 34
      vertex 55.7423 19.5 34
    endloop
  endfacet
  facet normal 0 0.998624 -0.0524363
    outer loop
      vertex 29 19.5 34
      vertex 55.7417 19.4753 33.5296
      vertex 29 19.4753 33.5296
    endloop
  endfacet
  facet normal 0 0.93357 -0.358396
    outer loop
      vertex 55.7324 19.111 32.1697
      vertex 29 19.2798 32.6094
      vertex 55.7367 19.2798 32.6094
    endloop
  endfacet
  facet normal 0 0.93357 -0.358396
    outer loop
      vertex 29 19.2798 32.6094
      vertex 55.7324 19.111 32.1697
      vertex 29 19.111 32.1697
    endloop
  endfacet
  facet normal 0 0.838686 -0.544615
    outer loop
      vertex 55.7204 18.6406 31.355
      vertex 29 18.8971 31.75
      vertex 55.727 18.8971 31.75
    endloop
  endfacet
  facet normal 0 0.838686 -0.544615
    outer loop
      vertex 29 18.8971 31.75
      vertex 55.7204 18.6406 31.355
      vertex 29 18.6406 31.355
    endloop
  endfacet
  facet normal -0 0.0524363 0.998624
    outer loop
      vertex 29 15.4704 38.4753
      vertex 55.6276 15 38.5
      vertex 55.6395 15.4704 38.4753
    endloop
  endfacet
  facet normal 0 0.0524363 0.998624
    outer loop
      vertex 55.6276 15 38.5
      vertex 29 15.4704 38.4753
      vertex 29 15 38.5
    endloop
  endfacet
  facet normal -0 0.358396 0.93357
    outer loop
      vertex 29 16.8303 38.111
      vertex 55.663 16.3906 38.2798
      vertex 55.6742 16.8303 38.111
    endloop
  endfacet
  facet normal 0 0.358396 0.93357
    outer loop
      vertex 55.663 16.3906 38.2798
      vertex 29 16.8303 38.111
      vertex 29 16.3906 38.2798
    endloop
  endfacet
  facet normal -0 0.258786 0.965935
    outer loop
      vertex 29 16.3906 38.2798
      vertex 55.6514 15.9356 38.4017
      vertex 55.663 16.3906 38.2798
    endloop
  endfacet
  facet normal 0 0.258786 0.965935
    outer loop
      vertex 55.6514 15.9356 38.4017
      vertex 29 16.3906 38.2798
      vertex 29 15.9356 38.4017
    endloop
  endfacet
  facet normal -0 0.544615 0.838686
    outer loop
      vertex 29 17.645 37.6406
      vertex 55.6849 17.25 37.8971
      vertex 55.695 17.645 37.6406
    endloop
  endfacet
  facet normal 0 0.544615 0.838686
    outer loop
      vertex 55.6849 17.25 37.8971
      vertex 29 17.645 37.6406
      vertex 29 17.25 37.8971
    endloop
  endfacet
  facet normal -0 0.629241 0.77721
    outer loop
      vertex 29 18.0111 37.3442
      vertex 55.695 17.645 37.6406
      vertex 55.7044 18.0111 37.3442
    endloop
  endfacet
  facet normal 0 0.629241 0.77721
    outer loop
      vertex 55.695 17.645 37.6406
      vertex 29 18.0111 37.3442
      vertex 29 17.645 37.6406
    endloop
  endfacet
  facet normal 0 0.965935 0.258786
    outer loop
      vertex 55.7398 19.4017 34.9356
      vertex 29 19.2798 35.3906
      vertex 55.7367 19.2798 35.3906
    endloop
  endfacet
  facet normal 0 0.965935 0.258786
    outer loop
      vertex 29 19.2798 35.3906
      vertex 55.7398 19.4017 34.9356
      vertex 29 19.4017 34.9356
    endloop
  endfacet
  facet normal 0 0.998624 0.0524363
    outer loop
      vertex 55.7423 19.5 34
      vertex 29 19.4753 34.4704
      vertex 55.7417 19.4753 34.4704
    endloop
  endfacet
  facet normal 0 0.998624 0.0524363
    outer loop
      vertex 29 19.4753 34.4704
      vertex 55.7423 19.5 34
      vertex 29 19.5 34
    endloop
  endfacet
  facet normal -0 0.838686 0.544615
    outer loop
      vertex 29 18.8971 36.25
      vertex 55.7204 18.6406 36.645
      vertex 55.727 18.8971 36.25
    endloop
  endfacet
  facet normal 0 0.838686 0.544615
    outer loop
      vertex 55.7204 18.6406 36.645
      vertex 29 18.8971 36.25
      vertex 29 18.6406 36.645
    endloop
  endfacet
  facet normal -0 0.77721 0.629241
    outer loop
      vertex 29 18.6406 36.645
      vertex 55.7129 18.3442 37.0111
      vertex 55.7204 18.6406 36.645
    endloop
  endfacet
  facet normal 0 0.77721 0.629241
    outer loop
      vertex 55.7129 18.3442 37.0111
      vertex 29 18.6406 36.645
      vertex 29 18.3442 37.0111
    endloop
  endfacet
  facet normal 0 0.0524363 -0.998624
    outer loop
      vertex 29 15.4704 29.5247
      vertex 55.6276 15 29.5
      vertex 29 15 29.5
    endloop
  endfacet
  facet normal 0 0.0524363 -0.998624
    outer loop
      vertex 55.6276 15 29.5
      vertex 29 15.4704 29.5247
      vertex 55.6395 15.4704 29.5247
    endloop
  endfacet
  facet normal 0 -0.258786 -0.965935
    outer loop
      vertex 29 14.0644 29.5983
      vertex 55.5921 13.6094 29.7202
      vertex 29 13.6094 29.7202
    endloop
  endfacet
  facet normal 0 -0.258786 -0.965935
    outer loop
      vertex 55.5921 13.6094 29.7202
      vertex 29 14.0644 29.5983
      vertex 55.6037 14.0644 29.5983
    endloop
  endfacet
  facet normal 0 -0.454078 0.890962
    outer loop
      vertex 29 13.1697 38.111
      vertex 55.5702 12.75 37.8971
      vertex 55.5809 13.1697 38.111
    endloop
  endfacet
  facet normal 0 -0.454078 0.890962
    outer loop
      vertex 55.5702 12.75 37.8971
      vertex 29 13.1697 38.111
      vertex 29 12.75 37.8971
    endloop
  endfacet
  facet normal 0 -0.987715 -0.156268
    outer loop
      vertex 29 10.5983 33.0644
      vertex 55.5134 10.5247 33.5296
      vertex 29 10.5247 33.5296
    endloop
  endfacet
  facet normal 0 -0.987715 -0.156268
    outer loop
      vertex 55.5134 10.5247 33.5296
      vertex 29 10.5983 33.0644
      vertex 55.5153 10.5983 33.0644
    endloop
  endfacet
  facet normal 0 0.358396 -0.93357
    outer loop
      vertex 29 16.8303 29.889
      vertex 55.663 16.3906 29.7202
      vertex 29 16.3906 29.7202
    endloop
  endfacet
  facet normal 0 0.358396 -0.93357
    outer loop
      vertex 55.663 16.3906 29.7202
      vertex 29 16.8303 29.889
      vertex 55.6742 16.8303 29.889
    endloop
  endfacet
  facet normal 0 0.544615 -0.838686
    outer loop
      vertex 29 17.645 30.3594
      vertex 55.6849 17.25 30.1029
      vertex 29 17.25 30.1029
    endloop
  endfacet
  facet normal 0 0.544615 -0.838686
    outer loop
      vertex 55.6849 17.25 30.1029
      vertex 29 17.645 30.3594
      vertex 55.695 17.645 30.3594
    endloop
  endfacet
  facet normal 0 0.965935 -0.258786
    outer loop
      vertex 55.7367 19.2798 32.6094
      vertex 29 19.4017 33.0644
      vertex 55.7398 19.4017 33.0644
    endloop
  endfacet
  facet normal 0 0.965935 -0.258786
    outer loop
      vertex 29 19.4017 33.0644
      vertex 55.7367 19.2798 32.6094
      vertex 29 19.2798 32.6094
    endloop
  endfacet
  facet normal 0 0.890962 -0.454078
    outer loop
      vertex 55.727 18.8971 31.75
      vertex 29 19.111 32.1697
      vertex 55.7324 19.111 32.1697
    endloop
  endfacet
  facet normal 0 0.890962 -0.454078
    outer loop
      vertex 29 19.111 32.1697
      vertex 55.727 18.8971 31.75
      vertex 29 18.8971 31.75
    endloop
  endfacet
  facet normal 0 -0.156268 -0.987715
    outer loop
      vertex 29 14.5296 29.5247
      vertex 55.6037 14.0644 29.5983
      vertex 29 14.0644 29.5983
    endloop
  endfacet
  facet normal 0 -0.156268 -0.987715
    outer loop
      vertex 55.6037 14.0644 29.5983
      vertex 29 14.5296 29.5247
      vertex 55.6156 14.5296 29.5247
    endloop
  endfacet
  facet normal 0 -0.454078 -0.890962
    outer loop
      vertex 29 13.1697 29.889
      vertex 55.5702 12.75 30.1029
      vertex 29 12.75 30.1029
    endloop
  endfacet
  facet normal 0 -0.454078 -0.890962
    outer loop
      vertex 55.5702 12.75 30.1029
      vertex 29 13.1697 29.889
      vertex 55.5809 13.1697 29.889
    endloop
  endfacet
  facet normal 0 -0.358396 -0.93357
    outer loop
      vertex 29 13.6094 29.7202
      vertex 55.5809 13.1697 29.889
      vertex 29 13.1697 29.889
    endloop
  endfacet
  facet normal 0 -0.358396 -0.93357
    outer loop
      vertex 55.5809 13.1697 29.889
      vertex 29 13.6094 29.7202
      vertex 55.5921 13.6094 29.7202
    endloop
  endfacet
  facet normal 0 -0.544615 -0.838686
    outer loop
      vertex 29 12.75 30.1029
      vertex 55.5601 12.355 30.3594
      vertex 29 12.355 30.3594
    endloop
  endfacet
  facet normal 0 -0.544615 -0.838686
    outer loop
      vertex 55.5601 12.355 30.3594
      vertex 29 12.75 30.1029
      vertex 55.5702 12.75 30.1029
    endloop
  endfacet
  facet normal 0 -0.965935 0.258786
    outer loop
      vertex 29 10.5983 34.9356
      vertex 55.5184 10.7202 35.3906
      vertex 29 10.7202 35.3906
    endloop
  endfacet
  facet normal 0 -0.965935 0.258786
    outer loop
      vertex 55.5184 10.7202 35.3906
      vertex 29 10.5983 34.9356
      vertex 55.5153 10.5983 34.9356
    endloop
  endfacet
  facet normal -1 0 0
    outer loop
      vertex 29 16.25 34
      vertex 29 19.5 34
      vertex 29 19.4753 33.5296
    endloop
  endfacet
  facet normal -1 0 0
    outer loop
      vertex 29 16.2432 33.8693
      vertex 29 19.4753 33.5296
      vertex 29 19.4017 33.0644
    endloop
  endfacet
  facet normal -1 0 0
    outer loop
      vertex 29 19.5 34
      vertex 29 16.25 34
      vertex 29 19.4753 34.4704
    endloop
  endfacet
  facet normal -1 0 0
    outer loop
      vertex 29 16.2227 33.7401
      vertex 29 19.4017 33.0644
      vertex 29 19.2798 32.6094
    endloop
  endfacet
  facet normal -1 0 0
    outer loop
      vertex 29 16.2432 34.1307
      vertex 29 19.4753 34.4704
      vertex 29 16.25 34
    endloop
  endfacet
  facet normal -1 0 0
    outer loop
      vertex 29 16.1888 33.6137
      vertex 29 19.2798 32.6094
      vertex 29 19.111 32.1697
    endloop
  endfacet
  facet normal -1 -0 0
    outer loop
      vertex 29 19.4753 34.4704
      vertex 29 16.2432 34.1307
      vertex 29 19.4017 34.9356
    endloop
  endfacet
  facet normal -1 0 0
    outer loop
      vertex 29 16.1419 33.4916
      vertex 29 19.111 32.1697
      vertex 29 18.8971 31.75
    endloop
  endfacet
  facet normal -1 0 0
    outer loop
      vertex 29 16.2227 34.2599
      vertex 29 19.4017 34.9356
      vertex 29 16.2432 34.1307
    endloop
  endfacet
  facet normal -1 0 0
    outer loop
      vertex 29 16.0825 33.375
      vertex 29 18.8971 31.75
      vertex 29 18.6406 31.355
    endloop
  endfacet
  facet normal -1 -0 0
    outer loop
      vertex 29 19.4017 34.9356
      vertex 29 16.2227 34.2599
      vertex 29 19.2798 35.3906
    endloop
  endfacet
  facet normal -1 0 0
    outer loop
      vertex 29 16.0113 33.2653
      vertex 29 18.6406 31.355
      vertex 29 18.3442 30.9889
    endloop
  endfacet
  facet normal -1 0 0
    outer loop
      vertex 29 16.1888 34.3863
      vertex 29 19.2798 35.3906
      vertex 29 16.2227 34.2599
    endloop
  endfacet
  facet normal -1 0 0
    outer loop
      vertex 29 15.9289 33.1636
      vertex 29 18.3442 30.9889
      vertex 29 18.0111 30.6558
    endloop
  endfacet
  facet normal -1 -0 0
    outer loop
      vertex 29 19.2798 35.3906
      vertex 29 16.1888 34.3863
      vertex 29 19.111 35.8303
    endloop
  endfacet
  facet normal -1 0 0
    outer loop
      vertex 29 15.8364 33.0711
      vertex 29 18.0111 30.6558
      vertex 29 17.645 30.3594
    endloop
  endfacet
  facet normal -1 0 0
    outer loop
      vertex 29 16.1419 34.5084
      vertex 29 19.111 35.8303
      vertex 29 16.1888 34.3863
    endloop
  endfacet
  facet normal -1 0 0
    outer loop
      vertex 29 15.7347 32.9887
      vertex 29 17.645 30.3594
      vertex 29 17.25 30.1029
    endloop
  endfacet
  facet normal -1 -0 0
    outer loop
      vertex 29 19.111 35.8303
      vertex 29 16.1419 34.5084
      vertex 29 18.8971 36.25
    endloop
  endfacet
  facet normal -1 0 0
    outer loop
      vertex 29 15.625 32.9175
      vertex 29 17.25 30.1029
      vertex 29 16.8303 29.889
    endloop
  endfacet
  facet normal -1 0 0
    outer loop
      vertex 29 16.0825 34.625
      vertex 29 18.8971 36.25
      vertex 29 16.1419 34.5084
    endloop
  endfacet
  facet normal -1 0 0
    outer loop
      vertex 29 15.5084 32.8581
      vertex 29 16.8303 29.889
      vertex 29 16.3906 29.7202
    endloop
  endfacet
  facet normal -1 -0 0
    outer loop
      vertex 29 18.8971 36.25
      vertex 29 16.0825 34.625
      vertex 29 18.6406 36.645
    endloop
  endfacet
  facet normal -1 0 0
    outer loop
      vertex 29 16.0113 34.7347
      vertex 29 18.6406 36.645
      vertex 29 16.0825 34.625
    endloop
  endfacet
  facet normal -1 0 0
    outer loop
      vertex 29 19.4753 33.5296
      vertex 29 16.2432 33.8693
      vertex 29 16.25 34
    endloop
  endfacet
  facet normal -1 0 0
    outer loop
      vertex 29 19.4017 33.0644
      vertex 29 16.2227 33.7401
      vertex 29 16.2432 33.8693
    endloop
  endfacet
  facet normal -1 0 0
    outer loop
      vertex 29 19.2798 32.6094
      vertex 29 16.1888 33.6137
      vertex 29 16.2227 33.7401
    endloop
  endfacet
  facet normal -1 0 0
    outer loop
      vertex 29 19.111 32.1697
      vertex 29 16.1419 33.4916
      vertex 29 16.1888 33.6137
    endloop
  endfacet
  facet normal -1 0 0
    outer loop
      vertex 29 18.8971 31.75
      vertex 29 16.0825 33.375
      vertex 29 16.1419 33.4916
    endloop
  endfacet
  facet normal -1 0 0
    outer loop
      vertex 29 18.6406 31.355
      vertex 29 16.0113 33.2653
      vertex 29 16.0825 33.375
    endloop
  endfacet
  facet normal -1 0 0
    outer loop
      vertex 29 15.3863 32.8112
      vertex 29 16.3906 29.7202
      vertex 29 15.9356 29.5983
    endloop
  endfacet
  facet normal -1 0 0
    outer loop
      vertex 29 18.3442 30.9889
      vertex 29 15.9289 33.1636
      vertex 29 16.0113 33.2653
    endloop
  endfacet
  facet normal -1 0 0
    outer loop
      vertex 29 18.0111 30.6558
      vertex 29 15.8364 33.0711
      vertex 29 15.9289 33.1636
    endloop
  endfacet
  facet normal -1 0 0
    outer loop
      vertex 29 17.645 30.3594
      vertex 29 15.7347 32.9887
      vertex 29 15.8364 33.0711
    endloop
  endfacet
  facet normal -1 0 0
    outer loop
      vertex 29 17.25 30.1029
      vertex 29 15.625 32.9175
      vertex 29 15.7347 32.9887
    endloop
  endfacet
  facet normal -1 0 0
    outer loop
      vertex 29 16.8303 29.889
      vertex 29 15.5084 32.8581
      vertex 29 15.625 32.9175
    endloop
  endfacet
  facet normal -1 0 0
    outer loop
      vertex 29 15.2599 32.7773
      vertex 29 15.9356 29.5983
      vertex 29 15.4704 29.5247
    endloop
  endfacet
  facet normal -1 0 0
    outer loop
      vertex 29 16.3906 29.7202
      vertex 29 15.3863 32.8112
      vertex 29 15.5084 32.8581
    endloop
  endfacet
  facet normal -1 0 0
    outer loop
      vertex 29 15.9356 29.5983
      vertex 29 15.2599 32.7773
      vertex 29 15.3863 32.8112
    endloop
  endfacet
  facet normal -1 0 0
    outer loop
      vertex 29 15.4704 29.5247
      vertex 29 15.1307 32.7568
      vertex 29 15.2599 32.7773
    endloop
  endfacet
  facet normal -1 0 0
    outer loop
      vertex 29 15 29.5
      vertex 29 15.1307 32.7568
      vertex 29 15.4704 29.5247
    endloop
  endfacet
  facet normal -1 0 0
    outer loop
      vertex 29 15 29.5
      vertex 29 15 32.75
      vertex 29 15.1307 32.7568
    endloop
  endfacet
  facet normal -1 0 0
    outer loop
      vertex 29 15 29.5
      vertex 29 14.8693 32.7568
      vertex 29 15 32.75
    endloop
  endfacet
  facet normal -1 0 0
    outer loop
      vertex 29 14.5296 29.5247
      vertex 29 14.8693 32.7568
      vertex 29 15 29.5
    endloop
  endfacet
  facet normal -1 -0 0
    outer loop
      vertex 29 14.8693 32.7568
      vertex 29 14.5296 29.5247
      vertex 29 14.7401 32.7773
    endloop
  endfacet
  facet normal -1 0 0
    outer loop
      vertex 29 14.0644 29.5983
      vertex 29 14.7401 32.7773
      vertex 29 14.5296 29.5247
    endloop
  endfacet
  facet normal -1 -0 0
    outer loop
      vertex 29 14.7401 32.7773
      vertex 29 14.0644 29.5983
      vertex 29 14.6137 32.8112
    endloop
  endfacet
  facet normal -1 0 0
    outer loop
      vertex 29 13.6094 29.7202
      vertex 29 14.6137 32.8112
      vertex 29 14.0644 29.5983
    endloop
  endfacet
  facet normal -1 -0 0
    outer loop
      vertex 29 14.6137 32.8112
      vertex 29 13.6094 29.7202
      vertex 29 14.4916 32.8581
    endloop
  endfacet
  facet normal -1 0 0
    outer loop
      vertex 29 13.1697 29.889
      vertex 29 14.4916 32.8581
      vertex 29 13.6094 29.7202
    endloop
  endfacet
  facet normal -1 -0 0
    outer loop
      vertex 29 14.4916 32.8581
      vertex 29 13.1697 29.889
      vertex 29 14.375 32.9175
    endloop
  endfacet
  facet normal -1 0 0
    outer loop
      vertex 29 12.75 30.1029
      vertex 29 14.375 32.9175
      vertex 29 13.1697 29.889
    endloop
  endfacet
  facet normal -1 -0 0
    outer loop
      vertex 29 14.375 32.9175
      vertex 29 12.75 30.1029
      vertex 29 14.2653 32.9887
    endloop
  endfacet
  facet normal -1 0 0
    outer loop
      vertex 29 12.355 30.3594
      vertex 29 14.2653 32.9887
      vertex 29 12.75 30.1029
    endloop
  endfacet
  facet normal -1 -0 0
    outer loop
      vertex 29 14.2653 32.9887
      vertex 29 12.355 30.3594
      vertex 29 14.1636 33.0711
    endloop
  endfacet
  facet normal -1 0 0
    outer loop
      vertex 29 11.9889 30.6558
      vertex 29 14.1636 33.0711
      vertex 29 12.355 30.3594
    endloop
  endfacet
  facet normal -1 -0 0
    outer loop
      vertex 29 14.1636 33.0711
      vertex 29 11.9889 30.6558
      vertex 29 14.0711 33.1636
    endloop
  endfacet
  facet normal -1 0 0
    outer loop
      vertex 29 11.6558 30.9889
      vertex 29 14.0711 33.1636
      vertex 29 11.9889 30.6558
    endloop
  endfacet
  facet normal -1 0 0
    outer loop
      vertex 29 11.3594 31.355
      vertex 29 13.9887 33.2653
      vertex 29 11.6558 30.9889
    endloop
  endfacet
  facet normal -1 -0 0
    outer loop
      vertex 29 14.0711 33.1636
      vertex 29 11.6558 30.9889
      vertex 29 13.9887 33.2653
    endloop
  endfacet
  facet normal -1 -0 0
    outer loop
      vertex 29 18.6406 36.645
      vertex 29 16.0113 34.7347
      vertex 29 18.3442 37.0111
    endloop
  endfacet
  facet normal -1 0 0
    outer loop
      vertex 29 15.9289 34.8364
      vertex 29 18.3442 37.0111
      vertex 29 16.0113 34.7347
    endloop
  endfacet
  facet normal -1 -0 0
    outer loop
      vertex 29 18.3442 37.0111
      vertex 29 15.9289 34.8364
      vertex 29 18.0111 37.3442
    endloop
  endfacet
  facet normal -1 0 0
    outer loop
      vertex 29 15.8364 34.9289
      vertex 29 18.0111 37.3442
      vertex 29 15.9289 34.8364
    endloop
  endfacet
  facet normal -1 -0 0
    outer loop
      vertex 29 18.0111 37.3442
      vertex 29 15.8364 34.9289
      vertex 29 17.645 37.6406
    endloop
  endfacet
  facet normal -1 0 0
    outer loop
      vertex 29 15.7347 35.0113
      vertex 29 17.645 37.6406
      vertex 29 15.8364 34.9289
    endloop
  endfacet
  facet normal -1 -0 0
    outer loop
      vertex 29 17.645 37.6406
      vertex 29 15.7347 35.0113
      vertex 29 17.25 37.8971
    endloop
  endfacet
  facet normal -1 0 0
    outer loop
      vertex 29 15.625 35.0825
      vertex 29 17.25 37.8971
      vertex 29 15.7347 35.0113
    endloop
  endfacet
  facet normal -1 -0 0
    outer loop
      vertex 29 17.25 37.8971
      vertex 29 15.625 35.0825
      vertex 29 16.8303 38.111
    endloop
  endfacet
  facet normal -1 0 0
    outer loop
      vertex 29 15.5084 35.1419
      vertex 29 16.8303 38.111
      vertex 29 15.625 35.0825
    endloop
  endfacet
  facet normal -1 -0 0
    outer loop
      vertex 29 16.8303 38.111
      vertex 29 15.5084 35.1419
      vertex 29 16.3906 38.2798
    endloop
  endfacet
  facet normal -1 0 0
    outer loop
      vertex 29 15.3863 35.1888
      vertex 29 16.3906 38.2798
      vertex 29 15.5084 35.1419
    endloop
  endfacet
  facet normal -1 -0 0
    outer loop
      vertex 29 16.3906 38.2798
      vertex 29 15.3863 35.1888
      vertex 29 15.9356 38.4017
    endloop
  endfacet
  facet normal -1 0 0
    outer loop
      vertex 29 15.2599 35.2227
      vertex 29 15.9356 38.4017
      vertex 29 15.3863 35.1888
    endloop
  endfacet
  facet normal -1 -0 0
    outer loop
      vertex 29 15.9356 38.4017
      vertex 29 15.2599 35.2227
      vertex 29 15.4704 38.4753
    endloop
  endfacet
  facet normal -1 0 0
    outer loop
      vertex 29 15.1307 35.2432
      vertex 29 15.4704 38.4753
      vertex 29 15.2599 35.2227
    endloop
  endfacet
  facet normal -1 0 0
    outer loop
      vertex 29 15 35.25
      vertex 29 15.4704 38.4753
      vertex 29 15.1307 35.2432
    endloop
  endfacet
  facet normal -1 0 0
    outer loop
      vertex 29 15 35.25
      vertex 29 15 38.5
      vertex 29 15.4704 38.4753
    endloop
  endfacet
  facet normal -1 0 0
    outer loop
      vertex 29 14.8693 35.2432
      vertex 29 15 38.5
      vertex 29 15 35.25
    endloop
  endfacet
  facet normal -1 0 0
    outer loop
      vertex 29 14.5296 38.4753
      vertex 29 14.8693 35.2432
      vertex 29 14.7401 35.2227
    endloop
  endfacet
  facet normal -1 0 0
    outer loop
      vertex 29 14.0644 38.4017
      vertex 29 14.7401 35.2227
      vertex 29 14.6137 35.1888
    endloop
  endfacet
  facet normal -1 0 0
    outer loop
      vertex 29 14.8693 35.2432
      vertex 29 14.5296 38.4753
      vertex 29 15 38.5
    endloop
  endfacet
  facet normal -1 0 0
    outer loop
      vertex 29 13.6094 38.2798
      vertex 29 14.6137 35.1888
      vertex 29 14.4916 35.1419
    endloop
  endfacet
  facet normal -1 0 0
    outer loop
      vertex 29 13.1697 38.111
      vertex 29 14.4916 35.1419
      vertex 29 14.375 35.0825
    endloop
  endfacet
  facet normal -1 0 0
    outer loop
      vertex 29 12.75 37.8971
      vertex 29 14.375 35.0825
      vertex 29 14.2653 35.0113
    endloop
  endfacet
  facet normal -1 0 0
    outer loop
      vertex 29 12.355 37.6406
      vertex 29 14.2653 35.0113
      vertex 29 14.1636 34.9289
    endloop
  endfacet
  facet normal -1 0 0
    outer loop
      vertex 29 11.9889 37.3442
      vertex 29 14.1636 34.9289
      vertex 29 14.0711 34.8364
    endloop
  endfacet
  facet normal -1 0 0
    outer loop
      vertex 29 14.7401 35.2227
      vertex 29 14.0644 38.4017
      vertex 29 14.5296 38.4753
    endloop
  endfacet
  facet normal -1 0 0
    outer loop
      vertex 29 11.6558 37.0111
      vertex 29 14.0711 34.8364
      vertex 29 13.9887 34.7347
    endloop
  endfacet
  facet normal -1 0 0
    outer loop
      vertex 29 11.3594 36.645
      vertex 29 13.9887 34.7347
      vertex 29 13.9175 34.625
    endloop
  endfacet
  facet normal -1 0 0
    outer loop
      vertex 29 11.1029 36.25
      vertex 29 13.9175 34.625
      vertex 29 13.8581 34.5084
    endloop
  endfacet
  facet normal -1 0 0
    outer loop
      vertex 29 10.889 35.8303
      vertex 29 13.8581 34.5084
      vertex 29 13.8112 34.3863
    endloop
  endfacet
  facet normal -1 0 0
    outer loop
      vertex 29 10.7202 35.3906
      vertex 29 13.8112 34.3863
      vertex 29 13.7773 34.2599
    endloop
  endfacet
  facet normal -1 0 0
    outer loop
      vertex 29 10.5983 34.9356
      vertex 29 13.7773 34.2599
      vertex 29 13.7568 34.1307
    endloop
  endfacet
  facet normal -1 0 0
    outer loop
      vertex 29 14.6137 35.1888
      vertex 29 13.6094 38.2798
      vertex 29 14.0644 38.4017
    endloop
  endfacet
  facet normal -1 0 0
    outer loop
      vertex 29 10.5247 34.4704
      vertex 29 13.7568 34.1307
      vertex 29 13.75 34
    endloop
  endfacet
  facet normal -1 -0 0
    outer loop
      vertex 29 13.9887 33.2653
      vertex 29 11.3594 31.355
      vertex 29 13.9175 33.375
    endloop
  endfacet
  facet normal -1 0 0
    outer loop
      vertex 29 11.1029 31.75
      vertex 29 13.9175 33.375
      vertex 29 11.3594 31.355
    endloop
  endfacet
  facet normal -1 0 0
    outer loop
      vertex 29 14.4916 35.1419
      vertex 29 13.1697 38.111
      vertex 29 13.6094 38.2798
    endloop
  endfacet
  facet normal -1 -0 0
    outer loop
      vertex 29 13.9175 33.375
      vertex 29 11.1029 31.75
      vertex 29 13.8581 33.4916
    endloop
  endfacet
  facet normal -1 0 0
    outer loop
      vertex 29 14.375 35.0825
      vertex 29 12.75 37.8971
      vertex 29 13.1697 38.111
    endloop
  endfacet
  facet normal -1 0 0
    outer loop
      vertex 29 10.889 32.1697
      vertex 29 13.8581 33.4916
      vertex 29 11.1029 31.75
    endloop
  endfacet
  facet normal -1 0 0
    outer loop
      vertex 29 14.2653 35.0113
      vertex 29 12.355 37.6406
      vertex 29 12.75 37.8971
    endloop
  endfacet
  facet normal -1 -0 0
    outer loop
      vertex 29 13.8581 33.4916
      vertex 29 10.889 32.1697
      vertex 29 13.8112 33.6137
    endloop
  endfacet
  facet normal -1 0 0
    outer loop
      vertex 29 14.1636 34.9289
      vertex 29 11.9889 37.3442
      vertex 29 12.355 37.6406
    endloop
  endfacet
  facet normal -1 0 0
    outer loop
      vertex 29 10.7202 32.6094
      vertex 29 13.8112 33.6137
      vertex 29 10.889 32.1697
    endloop
  endfacet
  facet normal -1 0 0
    outer loop
      vertex 29 14.0711 34.8364
      vertex 29 11.6558 37.0111
      vertex 29 11.9889 37.3442
    endloop
  endfacet
  facet normal -1 -0 0
    outer loop
      vertex 29 13.8112 33.6137
      vertex 29 10.7202 32.6094
      vertex 29 13.7773 33.7401
    endloop
  endfacet
  facet normal -1 0 0
    outer loop
      vertex 29 13.9887 34.7347
      vertex 29 11.3594 36.645
      vertex 29 11.6558 37.0111
    endloop
  endfacet
  facet normal -1 0 0
    outer loop
      vertex 29 10.5983 33.0644
      vertex 29 13.7773 33.7401
      vertex 29 10.7202 32.6094
    endloop
  endfacet
  facet normal -1 0 0
    outer loop
      vertex 29 13.9175 34.625
      vertex 29 11.1029 36.25
      vertex 29 11.3594 36.645
    endloop
  endfacet
  facet normal -1 -0 0
    outer loop
      vertex 29 13.7773 33.7401
      vertex 29 10.5983 33.0644
      vertex 29 13.7568 33.8693
    endloop
  endfacet
  facet normal -1 0 0
    outer loop
      vertex 29 13.8581 34.5084
      vertex 29 10.889 35.8303
      vertex 29 11.1029 36.25
    endloop
  endfacet
  facet normal -1 0 0
    outer loop
      vertex 29 10.5247 33.5296
      vertex 29 13.7568 33.8693
      vertex 29 10.5983 33.0644
    endloop
  endfacet
  facet normal -1 0 0
    outer loop
      vertex 29 13.8112 34.3863
      vertex 29 10.7202 35.3906
      vertex 29 10.889 35.8303
    endloop
  endfacet
  facet normal -1 -0 0
    outer loop
      vertex 29 13.7568 33.8693
      vertex 29 10.5247 33.5296
      vertex 29 13.75 34
    endloop
  endfacet
  facet normal -1 0 0
    outer loop
      vertex 29 13.7773 34.2599
      vertex 29 10.5983 34.9356
      vertex 29 10.7202 35.3906
    endloop
  endfacet
  facet normal -1 0 0
    outer loop
      vertex 29 10.5 34
      vertex 29 13.75 34
      vertex 29 10.5247 33.5296
    endloop
  endfacet
  facet normal -1 0 0
    outer loop
      vertex 29 13.7568 34.1307
      vertex 29 10.5247 34.4704
      vertex 29 10.5983 34.9356
    endloop
  endfacet
  facet normal -1 0 0
    outer loop
      vertex 29 13.75 34
      vertex 29 10.5 34
      vertex 29 10.5247 34.4704
    endloop
  endfacet
  facet normal 0 -0.156268 0.987715
    outer loop
      vertex 29 14.5296 38.4753
      vertex 55.6037 14.0644 38.4017
      vertex 55.6156 14.5296 38.4753
    endloop
  endfacet
  facet normal 0 -0.156268 0.987715
    outer loop
      vertex 55.6037 14.0644 38.4017
      vertex 29 14.5296 38.4753
      vertex 29 14.0644 38.4017
    endloop
  endfacet
  facet normal 0 -0.629241 0.77721
    outer loop
      vertex 29 12.355 37.6406
      vertex 55.5507 11.9889 37.3442
      vertex 55.5601 12.355 37.6406
    endloop
  endfacet
  facet normal 0 -0.629241 0.77721
    outer loop
      vertex 55.5507 11.9889 37.3442
      vertex 29 12.355 37.6406
      vertex 29 11.9889 37.3442
    endloop
  endfacet
  facet normal 0 -0.358396 0.93357
    outer loop
      vertex 29 13.6094 38.2798
      vertex 55.5809 13.1697 38.111
      vertex 55.5921 13.6094 38.2798
    endloop
  endfacet
  facet normal 0 -0.358396 0.93357
    outer loop
      vertex 55.5809 13.1697 38.111
      vertex 29 13.6094 38.2798
      vertex 29 13.1697 38.111
    endloop
  endfacet
  facet normal 0 -0.258786 0.965935
    outer loop
      vertex 29 14.0644 38.4017
      vertex 55.5921 13.6094 38.2798
      vertex 55.6037 14.0644 38.4017
    endloop
  endfacet
  facet normal 0 -0.258786 0.965935
    outer loop
      vertex 55.5921 13.6094 38.2798
      vertex 29 14.0644 38.4017
      vertex 29 13.6094 38.2798
    endloop
  endfacet
  facet normal 0 -0.93357 -0.358396
    outer loop
      vertex 29 10.889 32.1697
      vertex 55.5184 10.7202 32.6094
      vertex 29 10.7202 32.6094
    endloop
  endfacet
  facet normal 0 -0.93357 -0.358396
    outer loop
      vertex 55.5184 10.7202 32.6094
      vertex 29 10.889 32.1697
      vertex 55.5227 10.889 32.1697
    endloop
  endfacet
  facet normal 0 -0.965935 -0.258786
    outer loop
      vertex 29 10.7202 32.6094
      vertex 55.5153 10.5983 33.0644
      vertex 29 10.5983 33.0644
    endloop
  endfacet
  facet normal 0 -0.965935 -0.258786
    outer loop
      vertex 55.5153 10.5983 33.0644
      vertex 29 10.7202 32.6094
      vertex 55.5184 10.7202 32.6094
    endloop
  endfacet
  facet normal 0 -0.77721 -0.629241
    outer loop
      vertex 29 11.6558 30.9889
      vertex 55.5347 11.3594 31.355
      vertex 29 11.3594 31.355
    endloop
  endfacet
  facet normal 0 -0.77721 -0.629241
    outer loop
      vertex 55.5347 11.3594 31.355
      vertex 29 11.6558 30.9889
      vertex 55.5422 11.6558 30.9889
    endloop
  endfacet
  facet normal 0 -0.629241 -0.77721
    outer loop
      vertex 29 12.355 30.3594
      vertex 55.5507 11.9889 30.6558
      vertex 29 11.9889 30.6558
    endloop
  endfacet
  facet normal 0 -0.629241 -0.77721
    outer loop
      vertex 55.5507 11.9889 30.6558
      vertex 29 12.355 30.3594
      vertex 55.5601 12.355 30.3594
    endloop
  endfacet
  facet normal 0 -0.998624 -0.0524363
    outer loop
      vertex 29 10.5247 33.5296
      vertex 55.5128 10.5 34
      vertex 29 10.5 34
    endloop
  endfacet
  facet normal 0 -0.998624 -0.0524363
    outer loop
      vertex 55.5128 10.5 34
      vertex 29 10.5247 33.5296
      vertex 55.5134 10.5247 33.5296
    endloop
  endfacet
  facet normal 0 -0.998624 0.0524363
    outer loop
      vertex 29 10.5 34
      vertex 55.5134 10.5247 34.4704
      vertex 29 10.5247 34.4704
    endloop
  endfacet
  facet normal 0 -0.998624 0.0524363
    outer loop
      vertex 55.5134 10.5247 34.4704
      vertex 29 10.5 34
      vertex 55.5128 10.5 34
    endloop
  endfacet
  facet normal 0 -0.544615 0.838686
    outer loop
      vertex 29 12.75 37.8971
      vertex 55.5601 12.355 37.6406
      vertex 55.5702 12.75 37.8971
    endloop
  endfacet
  facet normal 0 -0.544615 0.838686
    outer loop
      vertex 55.5601 12.355 37.6406
      vertex 29 12.75 37.8971
      vertex 29 12.355 37.6406
    endloop
  endfacet
  facet normal 0 -0.707107 0.707107
    outer loop
      vertex 55.5422 11.6558 37.0111
      vertex 29 11.9889 37.3442
      vertex 29 11.6558 37.0111
    endloop
  endfacet
  facet normal 0 -0.707107 0.707107
    outer loop
      vertex 29 11.9889 37.3442
      vertex 55.5422 11.6558 37.0111
      vertex 55.5507 11.9889 37.3442
    endloop
  endfacet
  facet normal 0 -0.0524363 0.998624
    outer loop
      vertex 29 15 38.5
      vertex 55.6156 14.5296 38.4753
      vertex 55.6276 15 38.5
    endloop
  endfacet
  facet normal 0 -0.0524363 0.998624
    outer loop
      vertex 55.6156 14.5296 38.4753
      vertex 29 15 38.5
      vertex 29 14.5296 38.4753
    endloop
  endfacet
  facet normal 0 -0.707107 -0.707107
    outer loop
      vertex 29 11.9889 30.6558
      vertex 55.5422 11.6558 30.9889
      vertex 29 11.6558 30.9889
    endloop
  endfacet
  facet normal 0 -0.707107 -0.707107
    outer loop
      vertex 55.5422 11.6558 30.9889
      vertex 29 11.9889 30.6558
      vertex 55.5507 11.9889 30.6558
    endloop
  endfacet
  facet normal 0 -0.838686 -0.544615
    outer loop
      vertex 29 11.3594 31.355
      vertex 55.5281 11.1029 31.75
      vertex 29 11.1029 31.75
    endloop
  endfacet
  facet normal 0 -0.838686 -0.544615
    outer loop
      vertex 55.5281 11.1029 31.75
      vertex 29 11.3594 31.355
      vertex 55.5347 11.3594 31.355
    endloop
  endfacet
  facet normal 0 -0.890962 -0.454078
    outer loop
      vertex 29 11.1029 31.75
      vertex 55.5227 10.889 32.1697
      vertex 29 10.889 32.1697
    endloop
  endfacet
  facet normal 0 -0.890962 -0.454078
    outer loop
      vertex 55.5227 10.889 32.1697
      vertex 29 11.1029 31.75
      vertex 55.5281 11.1029 31.75
    endloop
  endfacet
  facet normal 0 -0.890962 0.454078
    outer loop
      vertex 55.5227 10.889 35.8303
      vertex 29 11.1029 36.25
      vertex 29 10.889 35.8303
    endloop
  endfacet
  facet normal 0 -0.890962 0.454078
    outer loop
      vertex 29 11.1029 36.25
      vertex 55.5227 10.889 35.8303
      vertex 55.5281 11.1029 36.25
    endloop
  endfacet
  facet normal 0 -0.987715 0.156268
    outer loop
      vertex 29 10.5247 34.4704
      vertex 55.5153 10.5983 34.9356
      vertex 29 10.5983 34.9356
    endloop
  endfacet
  facet normal 0 -0.987715 0.156268
    outer loop
      vertex 55.5153 10.5983 34.9356
      vertex 29 10.5247 34.4704
      vertex 55.5134 10.5247 34.4704
    endloop
  endfacet
  facet normal 0 -0.838686 0.544615
    outer loop
      vertex 55.5281 11.1029 36.25
      vertex 29 11.3594 36.645
      vertex 29 11.1029 36.25
    endloop
  endfacet
  facet normal 0 -0.838686 0.544615
    outer loop
      vertex 29 11.3594 36.645
      vertex 55.5281 11.1029 36.25
      vertex 55.5347 11.3594 36.645
    endloop
  endfacet
  facet normal 0 -0.77721 0.629241
    outer loop
      vertex 55.5347 11.3594 36.645
      vertex 29 11.6558 37.0111
      vertex 29 11.3594 36.645
    endloop
  endfacet
  facet normal 0 -0.77721 0.629241
    outer loop
      vertex 29 11.6558 37.0111
      vertex 55.5347 11.3594 36.645
      vertex 55.5422 11.6558 37.0111
    endloop
  endfacet
  facet normal 0 -0.93357 0.358396
    outer loop
      vertex 29 10.7202 35.3906
      vertex 55.5227 10.889 35.8303
      vertex 29 10.889 35.8303
    endloop
  endfacet
  facet normal 0 -0.93357 0.358396
    outer loop
      vertex 55.5227 10.889 35.8303
      vertex 29 10.7202 35.3906
      vertex 55.5184 10.7202 35.3906
    endloop
  endfacet
  facet normal 0 0.0524808 -0.998622
    outer loop
      vertex 29 127 29.5
      vertex 54.4507 127.47 29.5247
      vertex 54.4686 127 29.5
    endloop
  endfacet
  facet normal 0 0.0524808 -0.998622
    outer loop
      vertex 54.4507 127.47 29.5247
      vertex 29 127 29.5
      vertex 29 127.47 29.5247
    endloop
  endfacet
  facet normal 0 0.0524808 -0.998622
    outer loop
      vertex 57.0321 127 29.5
      vertex 58 127.47 29.5247
      vertex 58 127 29.5
    endloop
  endfacet
  facet normal 0 0.0524808 -0.998622
    outer loop
      vertex 58 127.47 29.5247
      vertex 57.0321 127 29.5
      vertex 57.0153 127.47 29.5247
    endloop
  endfacet
  facet normal 0 0.0524808 0.998622
    outer loop
      vertex 58 127.47 38.4753
      vertex 57.0321 127 38.5
      vertex 58 127 38.5
    endloop
  endfacet
  facet normal 0 0.0524808 0.998622
    outer loop
      vertex 57.0321 127 38.5
      vertex 58 127.47 38.4753
      vertex 57.0153 127.47 38.4753
    endloop
  endfacet
  facet normal 0 0.0524808 0.998622
    outer loop
      vertex 29 127 38.5
      vertex 54.4507 127.47 38.4753
      vertex 29 127.47 38.4753
    endloop
  endfacet
  facet normal 0 0.0524808 0.998622
    outer loop
      vertex 54.4507 127.47 38.4753
      vertex 29 127 38.5
      vertex 54.4686 127 38.5
    endloop
  endfacet
  facet normal 0 0.707213 -0.707001
    outer loop
      vertex 29 130.011 30.6558
      vertex 54.3414 130.344 30.9889
      vertex 54.354 130.011 30.6558
    endloop
  endfacet
  facet normal 0 0.707213 -0.707001
    outer loop
      vertex 54.3414 130.344 30.9889
      vertex 29 130.011 30.6558
      vertex 29 130.344 30.9889
    endloop
  endfacet
  facet normal 0 0.707213 -0.707001
    outer loop
      vertex 56.9246 130.011 30.6558
      vertex 58 130.344 30.9889
      vertex 58 130.011 30.6558
    endloop
  endfacet
  facet normal 0 0.707213 -0.707001
    outer loop
      vertex 58 130.344 30.9889
      vertex 56.9246 130.011 30.6558
      vertex 56.9127 130.344 30.9889
    endloop
  endfacet
  facet normal 0 0.776587 0.630009
    outer loop
      vertex 58 130.641 36.645
      vertex 56.9127 130.344 37.0111
      vertex 58 130.344 37.0111
    endloop
  endfacet
  facet normal 0 0.776587 0.630009
    outer loop
      vertex 56.9127 130.344 37.0111
      vertex 58 130.641 36.645
      vertex 56.9021 130.641 36.645
    endloop
  endfacet
  facet normal 0 0.776587 0.630009
    outer loop
      vertex 54.3301 130.641 36.645
      vertex 29 130.344 37.0111
      vertex 54.3414 130.344 37.0111
    endloop
  endfacet
  facet normal 0 0.776587 0.630009
    outer loop
      vertex 29 130.344 37.0111
      vertex 54.3301 130.641 36.645
      vertex 29 130.641 36.645
    endloop
  endfacet
  facet normal 0 0.933428 0.358766
    outer loop
      vertex 54.3057 131.28 35.3906
      vertex 29 131.111 35.8303
      vertex 54.3122 131.111 35.8303
    endloop
  endfacet
  facet normal 0 0.933428 0.358766
    outer loop
      vertex 29 131.111 35.8303
      vertex 54.3057 131.28 35.3906
      vertex 29 131.28 35.3906
    endloop
  endfacet
  facet normal 0 0.933428 0.358766
    outer loop
      vertex 58 131.28 35.3906
      vertex 56.8853 131.111 35.8303
      vertex 58 131.111 35.8303
    endloop
  endfacet
  facet normal 0 0.933428 0.358766
    outer loop
      vertex 56.8853 131.111 35.8303
      vertex 58 131.28 35.3906
      vertex 56.8793 131.28 35.3906
    endloop
  endfacet
  facet normal 0 0.156006 -0.987756
    outer loop
      vertex 29 127.47 29.5247
      vertex 54.433 127.936 29.5983
      vertex 54.4507 127.47 29.5247
    endloop
  endfacet
  facet normal 0 0.156006 -0.987756
    outer loop
      vertex 54.433 127.936 29.5983
      vertex 29 127.47 29.5247
      vertex 29 127.936 29.5983
    endloop
  endfacet
  facet normal 0 0.156006 -0.987756
    outer loop
      vertex 57.0153 127.47 29.5247
      vertex 58 127.936 29.5983
      vertex 58 127.47 29.5247
    endloop
  endfacet
  facet normal 0 0.156006 -0.987756
    outer loop
      vertex 58 127.936 29.5983
      vertex 57.0153 127.47 29.5247
      vertex 56.9987 127.936 29.5983
    endloop
  endfacet
  facet normal 0 0.998591 -0.0530714
    outer loop
      vertex 58 131.475 33.5296
      vertex 56.8714 131.5 34
      vertex 58 131.5 34
    endloop
  endfacet
  facet normal 0 0.998591 -0.0530714
    outer loop
      vertex 56.8714 131.5 34
      vertex 58 131.475 33.5296
      vertex 56.8723 131.475 33.5296
    endloop
  endfacet
  facet normal 0 0.998591 -0.0530714
    outer loop
      vertex 54.2983 131.475 33.5296
      vertex 29 131.5 34
      vertex 54.2974 131.5 34
    endloop
  endfacet
  facet normal 0 0.998591 -0.0530714
    outer loop
      vertex 29 131.5 34
      vertex 54.2983 131.475 33.5296
      vertex 29 131.475 33.5296
    endloop
  endfacet
  facet normal 0 0.890876 -0.454247
    outer loop
      vertex 29 130.897 31.75
      vertex 54.3122 131.111 32.1697
      vertex 54.3203 130.897 31.75
    endloop
  endfacet
  facet normal 0 0.890876 -0.454247
    outer loop
      vertex 54.3122 131.111 32.1697
      vertex 29 130.897 31.75
      vertex 29 131.111 32.1697
    endloop
  endfacet
  facet normal 0 0.890876 -0.454247
    outer loop
      vertex 56.893 130.897 31.75
      vertex 58 131.111 32.1697
      vertex 58 130.897 31.75
    endloop
  endfacet
  facet normal 0 0.890876 -0.454247
    outer loop
      vertex 58 131.111 32.1697
      vertex 56.893 130.897 31.75
      vertex 56.8853 131.111 32.1697
    endloop
  endfacet
  facet normal 0 0.776587 -0.630009
    outer loop
      vertex 29 130.344 30.9889
      vertex 54.3301 130.641 31.355
      vertex 54.3414 130.344 30.9889
    endloop
  endfacet
  facet normal 0 0.776587 -0.630009
    outer loop
      vertex 54.3301 130.641 31.355
      vertex 29 130.344 30.9889
      vertex 29 130.641 31.355
    endloop
  endfacet
  facet normal 0 0.776587 -0.630009
    outer loop
      vertex 56.9127 130.344 30.9889
      vertex 58 130.641 31.355
      vertex 58 130.344 30.9889
    endloop
  endfacet
  facet normal 0 0.776587 -0.630009
    outer loop
      vertex 58 130.641 31.355
      vertex 56.9127 130.344 30.9889
      vertex 56.9021 130.641 31.355
    endloop
  endfacet
  facet normal 0 0.544615 0.838686
    outer loop
      vertex 58 129.645 37.6406
      vertex 56.9518 129.25 37.8971
      vertex 58 129.25 37.8971
    endloop
  endfacet
  facet normal 0 0.544615 0.838686
    outer loop
      vertex 56.9518 129.25 37.8971
      vertex 58 129.645 37.6406
      vertex 56.9377 129.645 37.6406
    endloop
  endfacet
  facet normal 0 0.544615 0.838686
    outer loop
      vertex 29 129.25 37.8971
      vertex 54.368 129.645 37.6406
      vertex 29 129.645 37.6406
    endloop
  endfacet
  facet normal 0 0.544615 0.838686
    outer loop
      vertex 54.368 129.645 37.6406
      vertex 29 129.25 37.8971
      vertex 54.383 129.25 37.8971
    endloop
  endfacet
  facet normal 0 0.629345 0.777126
    outer loop
      vertex 58 130.011 37.3442
      vertex 56.9377 129.645 37.6406
      vertex 58 129.645 37.6406
    endloop
  endfacet
  facet normal 0 0.629345 0.777126
    outer loop
      vertex 56.9377 129.645 37.6406
      vertex 58 130.011 37.3442
      vertex 56.9246 130.011 37.3442
    endloop
  endfacet
  facet normal 0 0.629345 0.777126
    outer loop
      vertex 29 129.645 37.6406
      vertex 54.354 130.011 37.3442
      vertex 29 130.011 37.3442
    endloop
  endfacet
  facet normal 0 0.629345 0.777126
    outer loop
      vertex 54.354 130.011 37.3442
      vertex 29 129.645 37.6406
      vertex 54.368 129.645 37.6406
    endloop
  endfacet
  facet normal 0 0.890876 0.454247
    outer loop
      vertex 54.3122 131.111 35.8303
      vertex 29 130.897 36.25
      vertex 54.3203 130.897 36.25
    endloop
  endfacet
  facet normal 0 0.890876 0.454247
    outer loop
      vertex 29 130.897 36.25
      vertex 54.3122 131.111 35.8303
      vertex 29 131.111 35.8303
    endloop
  endfacet
  facet normal 0 0.890876 0.454247
    outer loop
      vertex 58 131.111 35.8303
      vertex 56.893 130.897 36.25
      vertex 58 130.897 36.25
    endloop
  endfacet
  facet normal 0 0.890876 0.454247
    outer loop
      vertex 56.893 130.897 36.25
      vertex 58 131.111 35.8303
      vertex 56.8853 131.111 35.8303
    endloop
  endfacet
  facet normal 0 -0.987911 -0.155025
    outer loop
      vertex 57.1893 122.598 33.0644
      vertex 58 122.525 33.5296
      vertex 57.192 122.525 33.5296
    endloop
  endfacet
  facet normal 0 -0.987911 -0.155025
    outer loop
      vertex 58 122.525 33.5296
      vertex 57.1893 122.598 33.0644
      vertex 58 122.598 33.0644
    endloop
  endfacet
  facet normal 0 -0.987911 -0.155025
    outer loop
      vertex 29 122.598 33.0644
      vertex 54.639 122.525 33.5296
      vertex 29 122.525 33.5296
    endloop
  endfacet
  facet normal 0 -0.987911 -0.155025
    outer loop
      vertex 54.639 122.525 33.5296
      vertex 29 122.598 33.0644
      vertex 54.6361 122.598 33.0644
    endloop
  endfacet
  facet normal 0 0.258786 -0.965935
    outer loop
      vertex 56.9987 127.936 29.5983
      vertex 58 128.391 29.7202
      vertex 58 127.936 29.5983
    endloop
  endfacet
  facet normal 0 0.258786 -0.965935
    outer loop
      vertex 58 128.391 29.7202
      vertex 56.9987 127.936 29.5983
      vertex 56.9825 128.391 29.7202
    endloop
  endfacet
  facet normal 0 0.258786 -0.965935
    outer loop
      vertex 29 127.936 29.5983
      vertex 54.4157 128.391 29.7202
      vertex 54.433 127.936 29.5983
    endloop
  endfacet
  facet normal 0 0.258786 -0.965935
    outer loop
      vertex 54.4157 128.391 29.7202
      vertex 29 127.936 29.5983
      vertex 29 128.391 29.7202
    endloop
  endfacet
  facet normal 0 0.629345 -0.777126
    outer loop
      vertex 29 129.645 30.3594
      vertex 54.354 130.011 30.6558
      vertex 54.368 129.645 30.3594
    endloop
  endfacet
  facet normal 0 0.629345 -0.777126
    outer loop
      vertex 54.354 130.011 30.6558
      vertex 29 129.645 30.3594
      vertex 29 130.011 30.6558
    endloop
  endfacet
  facet normal 0 0.629345 -0.777126
    outer loop
      vertex 56.9377 129.645 30.3594
      vertex 58 130.011 30.6558
      vertex 58 129.645 30.3594
    endloop
  endfacet
  facet normal 0 0.629345 -0.777126
    outer loop
      vertex 58 130.011 30.6558
      vertex 56.9377 129.645 30.3594
      vertex 56.9246 130.011 30.6558
    endloop
  endfacet
  facet normal 0 0.453821 -0.891093
    outer loop
      vertex 29 128.83 29.889
      vertex 54.383 129.25 30.1029
      vertex 54.399 128.83 29.889
    endloop
  endfacet
  facet normal 0 0.453821 -0.891093
    outer loop
      vertex 54.383 129.25 30.1029
      vertex 29 128.83 29.889
      vertex 29 129.25 30.1029
    endloop
  endfacet
  facet normal 0 0.453821 -0.891093
    outer loop
      vertex 56.9668 128.83 29.889
      vertex 58 129.25 30.1029
      vertex 58 128.83 29.889
    endloop
  endfacet
  facet normal 0 0.453821 -0.891093
    outer loop
      vertex 58 129.25 30.1029
      vertex 56.9668 128.83 29.889
      vertex 56.9518 129.25 30.1029
    endloop
  endfacet
  facet normal 0 0.965882 -0.258984
    outer loop
      vertex 58 131.28 32.6094
      vertex 56.8749 131.402 33.0644
      vertex 58 131.402 33.0644
    endloop
  endfacet
  facet normal 0 0.965882 -0.258984
    outer loop
      vertex 56.8749 131.402 33.0644
      vertex 58 131.28 32.6094
      vertex 56.8793 131.28 32.6094
    endloop
  endfacet
  facet normal 0 0.965882 -0.258984
    outer loop
      vertex 29 131.28 32.6094
      vertex 54.3011 131.402 33.0644
      vertex 54.3057 131.28 32.6094
    endloop
  endfacet
  facet normal 0 0.965882 -0.258984
    outer loop
      vertex 54.3011 131.402 33.0644
      vertex 29 131.28 32.6094
      vertex 29 131.402 33.0644
    endloop
  endfacet
  facet normal 0 0.933428 -0.358766
    outer loop
      vertex 29 131.111 32.1697
      vertex 54.3057 131.28 32.6094
      vertex 54.3122 131.111 32.1697
    endloop
  endfacet
  facet normal 0 0.933428 -0.358766
    outer loop
      vertex 54.3057 131.28 32.6094
      vertex 29 131.111 32.1697
      vertex 29 131.28 32.6094
    endloop
  endfacet
  facet normal 0 0.933428 -0.358766
    outer loop
      vertex 56.8853 131.111 32.1697
      vertex 58 131.28 32.6094
      vertex 58 131.111 32.1697
    endloop
  endfacet
  facet normal 0 0.933428 -0.358766
    outer loop
      vertex 58 131.28 32.6094
      vertex 56.8853 131.111 32.1697
      vertex 56.8793 131.28 32.6094
    endloop
  endfacet
  facet normal 0 0.987911 -0.155025
    outer loop
      vertex 58 131.402 33.0644
      vertex 56.8723 131.475 33.5296
      vertex 58 131.475 33.5296
    endloop
  endfacet
  facet normal 0 0.987911 -0.155025
    outer loop
      vertex 56.8723 131.475 33.5296
      vertex 58 131.402 33.0644
      vertex 56.8749 131.402 33.0644
    endloop
  endfacet
  facet normal 0 0.987911 -0.155025
    outer loop
      vertex 54.3011 131.402 33.0644
      vertex 29 131.475 33.5296
      vertex 54.2983 131.475 33.5296
    endloop
  endfacet
  facet normal 0 0.987911 -0.155025
    outer loop
      vertex 29 131.475 33.5296
      vertex 54.3011 131.402 33.0644
      vertex 29 131.402 33.0644
    endloop
  endfacet
  facet normal 0 0.839171 -0.543868
    outer loop
      vertex 29 130.641 31.355
      vertex 54.3203 130.897 31.75
      vertex 54.3301 130.641 31.355
    endloop
  endfacet
  facet normal 0 0.839171 -0.543868
    outer loop
      vertex 54.3203 130.897 31.75
      vertex 29 130.641 31.355
      vertex 29 130.897 31.75
    endloop
  endfacet
  facet normal 0 0.839171 -0.543868
    outer loop
      vertex 56.9021 130.641 31.355
      vertex 58 130.897 31.75
      vertex 58 130.641 31.355
    endloop
  endfacet
  facet normal 0 0.839171 -0.543868
    outer loop
      vertex 58 130.897 31.75
      vertex 56.9021 130.641 31.355
      vertex 56.893 130.897 31.75
    endloop
  endfacet
  facet normal 0 0.453821 0.891093
    outer loop
      vertex 29 128.83 38.111
      vertex 54.383 129.25 37.8971
      vertex 29 129.25 37.8971
    endloop
  endfacet
  facet normal 0 0.453821 0.891093
    outer loop
      vertex 54.383 129.25 37.8971
      vertex 29 128.83 38.111
      vertex 54.399 128.83 38.111
    endloop
  endfacet
  facet normal 0 0.453821 0.891093
    outer loop
      vertex 58 129.25 37.8971
      vertex 56.9668 128.83 38.111
      vertex 58 128.83 38.111
    endloop
  endfacet
  facet normal 0 0.453821 0.891093
    outer loop
      vertex 56.9668 128.83 38.111
      vertex 58 129.25 37.8971
      vertex 56.9518 129.25 37.8971
    endloop
  endfacet
  facet normal 0 0.258786 0.965935
    outer loop
      vertex 58 128.391 38.2798
      vertex 56.9987 127.936 38.4017
      vertex 58 127.936 38.4017
    endloop
  endfacet
  facet normal 0 0.258786 0.965935
    outer loop
      vertex 56.9987 127.936 38.4017
      vertex 58 128.391 38.2798
      vertex 56.9825 128.391 38.2798
    endloop
  endfacet
  facet normal 0 0.258786 0.965935
    outer loop
      vertex 29 127.936 38.4017
      vertex 54.4157 128.391 38.2798
      vertex 29 128.391 38.2798
    endloop
  endfacet
  facet normal 0 0.258786 0.965935
    outer loop
      vertex 54.4157 128.391 38.2798
      vertex 29 127.936 38.4017
      vertex 54.433 127.936 38.4017
    endloop
  endfacet
  facet normal 0 0.998591 0.0530714
    outer loop
      vertex 58 131.5 34
      vertex 56.8723 131.475 34.4704
      vertex 58 131.475 34.4704
    endloop
  endfacet
  facet normal 0 0.998591 0.0530714
    outer loop
      vertex 56.8723 131.475 34.4704
      vertex 58 131.5 34
      vertex 56.8714 131.5 34
    endloop
  endfacet
  facet normal 0 0.998591 0.0530714
    outer loop
      vertex 54.2974 131.5 34
      vertex 29 131.475 34.4704
      vertex 54.2983 131.475 34.4704
    endloop
  endfacet
  facet normal 0 0.998591 0.0530714
    outer loop
      vertex 29 131.475 34.4704
      vertex 54.2974 131.5 34
      vertex 29 131.5 34
    endloop
  endfacet
  facet normal 0 0.965882 0.258984
    outer loop
      vertex 58 131.402 34.9356
      vertex 56.8793 131.28 35.3906
      vertex 58 131.28 35.3906
    endloop
  endfacet
  facet normal 0 0.965882 0.258984
    outer loop
      vertex 56.8793 131.28 35.3906
      vertex 58 131.402 34.9356
      vertex 56.8749 131.402 34.9356
    endloop
  endfacet
  facet normal 0 0.965882 0.258984
    outer loop
      vertex 54.3011 131.402 34.9356
      vertex 29 131.28 35.3906
      vertex 54.3057 131.28 35.3906
    endloop
  endfacet
  facet normal 0 0.965882 0.258984
    outer loop
      vertex 29 131.28 35.3906
      vertex 54.3011 131.402 34.9356
      vertex 29 131.402 34.9356
    endloop
  endfacet
  facet normal 0 0.987911 0.155025
    outer loop
      vertex 58 131.475 34.4704
      vertex 56.8749 131.402 34.9356
      vertex 58 131.402 34.9356
    endloop
  endfacet
  facet normal 0 0.987911 0.155025
    outer loop
      vertex 56.8749 131.402 34.9356
      vertex 58 131.475 34.4704
      vertex 56.8723 131.475 34.4704
    endloop
  endfacet
  facet normal 0 0.987911 0.155025
    outer loop
      vertex 54.2983 131.475 34.4704
      vertex 29 131.402 34.9356
      vertex 54.3011 131.402 34.9356
    endloop
  endfacet
  facet normal 0 0.987911 0.155025
    outer loop
      vertex 29 131.402 34.9356
      vertex 54.2983 131.475 34.4704
      vertex 29 131.475 34.4704
    endloop
  endfacet
  facet normal 0 -0.258786 -0.965935
    outer loop
      vertex 57.0818 125.609 29.7202
      vertex 58 126.064 29.5983
      vertex 58 125.609 29.7202
    endloop
  endfacet
  facet normal -0 -0.258786 -0.965935
    outer loop
      vertex 58 126.064 29.5983
      vertex 57.0818 125.609 29.7202
      vertex 57.0655 126.064 29.5983
    endloop
  endfacet
  facet normal 0 -0.258786 -0.965935
    outer loop
      vertex 29 125.609 29.7202
      vertex 54.5042 126.064 29.5983
      vertex 54.5215 125.609 29.7202
    endloop
  endfacet
  facet normal -0 -0.258786 -0.965935
    outer loop
      vertex 54.5042 126.064 29.5983
      vertex 29 125.609 29.7202
      vertex 29 126.064 29.5983
    endloop
  endfacet
  facet normal 0 -0.453821 -0.891093
    outer loop
      vertex 29 124.75 30.1029
      vertex 54.5383 125.17 29.889
      vertex 54.5543 124.75 30.1029
    endloop
  endfacet
  facet normal -0 -0.453821 -0.891093
    outer loop
      vertex 54.5383 125.17 29.889
      vertex 29 124.75 30.1029
      vertex 29 125.17 29.889
    endloop
  endfacet
  facet normal 0 -0.453821 -0.891093
    outer loop
      vertex 57.1125 124.75 30.1029
      vertex 58 125.17 29.889
      vertex 58 124.75 30.1029
    endloop
  endfacet
  facet normal -0 -0.453821 -0.891093
    outer loop
      vertex 58 125.17 29.889
      vertex 57.1125 124.75 30.1029
      vertex 57.0975 125.17 29.889
    endloop
  endfacet
  facet normal 0 -0.544615 -0.838686
    outer loop
      vertex 29 124.355 30.3594
      vertex 54.5543 124.75 30.1029
      vertex 54.5693 124.355 30.3594
    endloop
  endfacet
  facet normal -0 -0.544615 -0.838686
    outer loop
      vertex 54.5543 124.75 30.1029
      vertex 29 124.355 30.3594
      vertex 29 124.75 30.1029
    endloop
  endfacet
  facet normal 0 -0.544615 -0.838686
    outer loop
      vertex 57.1266 124.355 30.3594
      vertex 58 124.75 30.1029
      vertex 58 124.355 30.3594
    endloop
  endfacet
  facet normal -0 -0.544615 -0.838686
    outer loop
      vertex 58 124.75 30.1029
      vertex 57.1266 124.355 30.3594
      vertex 57.1125 124.75 30.1029
    endloop
  endfacet
  facet normal 0 -0.358894 0.933378
    outer loop
      vertex 29 125.17 38.111
      vertex 54.5215 125.609 38.2798
      vertex 29 125.609 38.2798
    endloop
  endfacet
  facet normal 0 -0.358894 0.933378
    outer loop
      vertex 54.5215 125.609 38.2798
      vertex 29 125.17 38.111
      vertex 54.5383 125.17 38.111
    endloop
  endfacet
  facet normal 0 -0.358894 0.933378
    outer loop
      vertex 58 125.609 38.2798
      vertex 57.0975 125.17 38.111
      vertex 58 125.17 38.111
    endloop
  endfacet
  facet normal 0 -0.358894 0.933378
    outer loop
      vertex 57.0975 125.17 38.111
      vertex 58 125.609 38.2798
      vertex 57.0818 125.609 38.2798
    endloop
  endfacet
  facet normal -0 -0.933428 -0.358766
    outer loop
      vertex 58 122.889 32.1697
      vertex 57.185 122.72 32.6094
      vertex 57.179 122.889 32.1697
    endloop
  endfacet
  facet normal 0 -0.933428 -0.358766
    outer loop
      vertex 57.185 122.72 32.6094
      vertex 58 122.889 32.1697
      vertex 58 122.72 32.6094
    endloop
  endfacet
  facet normal -0 -0.933428 -0.358766
    outer loop
      vertex 54.6251 122.889 32.1697
      vertex 29 122.72 32.6094
      vertex 29 122.889 32.1697
    endloop
  endfacet
  facet normal 0 -0.933428 -0.358766
    outer loop
      vertex 29 122.72 32.6094
      vertex 54.6251 122.889 32.1697
      vertex 54.6315 122.72 32.6094
    endloop
  endfacet
  facet normal 0 -0.965882 -0.258984
    outer loop
      vertex 57.185 122.72 32.6094
      vertex 58 122.598 33.0644
      vertex 57.1893 122.598 33.0644
    endloop
  endfacet
  facet normal 0 -0.965882 -0.258984
    outer loop
      vertex 58 122.598 33.0644
      vertex 57.185 122.72 32.6094
      vertex 58 122.72 32.6094
    endloop
  endfacet
  facet normal -0 -0.965882 -0.258984
    outer loop
      vertex 54.6315 122.72 32.6094
      vertex 29 122.598 33.0644
      vertex 29 122.72 32.6094
    endloop
  endfacet
  facet normal 0 -0.965882 -0.258984
    outer loop
      vertex 29 122.598 33.0644
      vertex 54.6315 122.72 32.6094
      vertex 54.6361 122.598 33.0644
    endloop
  endfacet
  facet normal 0 0.358894 -0.933378
    outer loop
      vertex 29 128.391 29.7202
      vertex 54.399 128.83 29.889
      vertex 54.4157 128.391 29.7202
    endloop
  endfacet
  facet normal 0 0.358894 -0.933378
    outer loop
      vertex 54.399 128.83 29.889
      vertex 29 128.391 29.7202
      vertex 29 128.83 29.889
    endloop
  endfacet
  facet normal 0 0.358894 -0.933378
    outer loop
      vertex 56.9825 128.391 29.7202
      vertex 58 128.83 29.889
      vertex 58 128.391 29.7202
    endloop
  endfacet
  facet normal 0 0.358894 -0.933378
    outer loop
      vertex 58 128.83 29.889
      vertex 56.9825 128.391 29.7202
      vertex 56.9668 128.83 29.889
    endloop
  endfacet
  facet normal 0 0.544615 -0.838686
    outer loop
      vertex 29 129.25 30.1029
      vertex 54.368 129.645 30.3594
      vertex 54.383 129.25 30.1029
    endloop
  endfacet
  facet normal 0 0.544615 -0.838686
    outer loop
      vertex 54.368 129.645 30.3594
      vertex 29 129.25 30.1029
      vertex 29 129.645 30.3594
    endloop
  endfacet
  facet normal 0 0.544615 -0.838686
    outer loop
      vertex 56.9518 129.25 30.1029
      vertex 58 129.645 30.3594
      vertex 58 129.25 30.1029
    endloop
  endfacet
  facet normal 0 0.544615 -0.838686
    outer loop
      vertex 58 129.645 30.3594
      vertex 56.9518 129.25 30.1029
      vertex 56.9377 129.645 30.3594
    endloop
  endfacet
  facet normal 0 0.707213 0.707001
    outer loop
      vertex 54.3414 130.344 37.0111
      vertex 29 130.011 37.3442
      vertex 54.354 130.011 37.3442
    endloop
  endfacet
  facet normal 0 0.707213 0.707001
    outer loop
      vertex 29 130.011 37.3442
      vertex 54.3414 130.344 37.0111
      vertex 29 130.344 37.0111
    endloop
  endfacet
  facet normal 0 0.707213 0.707001
    outer loop
      vertex 58 130.344 37.0111
      vertex 56.9246 130.011 37.3442
      vertex 58 130.011 37.3442
    endloop
  endfacet
  facet normal 0 0.707213 0.707001
    outer loop
      vertex 56.9246 130.011 37.3442
      vertex 58 130.344 37.0111
      vertex 56.9127 130.344 37.0111
    endloop
  endfacet
  facet normal 0 0.156006 0.987756
    outer loop
      vertex 58 127.936 38.4017
      vertex 57.0153 127.47 38.4753
      vertex 58 127.47 38.4753
    endloop
  endfacet
  facet normal 0 0.156006 0.987756
    outer loop
      vertex 57.0153 127.47 38.4753
      vertex 58 127.936 38.4017
      vertex 56.9987 127.936 38.4017
    endloop
  endfacet
  facet normal 0 0.156006 0.987756
    outer loop
      vertex 29 127.47 38.4753
      vertex 54.433 127.936 38.4017
      vertex 29 127.936 38.4017
    endloop
  endfacet
  facet normal 0 0.156006 0.987756
    outer loop
      vertex 54.433 127.936 38.4017
      vertex 29 127.47 38.4753
      vertex 54.4507 127.47 38.4753
    endloop
  endfacet
  facet normal 0 0.358894 0.933378
    outer loop
      vertex 29 128.391 38.2798
      vertex 54.399 128.83 38.111
      vertex 29 128.83 38.111
    endloop
  endfacet
  facet normal 0 0.358894 0.933378
    outer loop
      vertex 54.399 128.83 38.111
      vertex 29 128.391 38.2798
      vertex 54.4157 128.391 38.2798
    endloop
  endfacet
  facet normal 0 0.358894 0.933378
    outer loop
      vertex 58 128.83 38.111
      vertex 56.9825 128.391 38.2798
      vertex 58 128.391 38.2798
    endloop
  endfacet
  facet normal 0 0.358894 0.933378
    outer loop
      vertex 56.9825 128.391 38.2798
      vertex 58 128.83 38.111
      vertex 56.9668 128.83 38.111
    endloop
  endfacet
  facet normal 0 0.839171 0.543868
    outer loop
      vertex 58 130.897 36.25
      vertex 56.9021 130.641 36.645
      vertex 58 130.641 36.645
    endloop
  endfacet
  facet normal 0 0.839171 0.543868
    outer loop
      vertex 56.9021 130.641 36.645
      vertex 58 130.897 36.25
      vertex 56.893 130.897 36.25
    endloop
  endfacet
  facet normal 0 0.839171 0.543868
    outer loop
      vertex 54.3203 130.897 36.25
      vertex 29 130.641 36.645
      vertex 54.3301 130.641 36.645
    endloop
  endfacet
  facet normal 0 0.839171 0.543868
    outer loop
      vertex 29 130.641 36.645
      vertex 54.3203 130.897 36.25
      vertex 29 130.897 36.25
    endloop
  endfacet
  facet normal 0 -0.156006 -0.987756
    outer loop
      vertex 57.0655 126.064 29.5983
      vertex 58 126.53 29.5247
      vertex 58 126.064 29.5983
    endloop
  endfacet
  facet normal -0 -0.156006 -0.987756
    outer loop
      vertex 58 126.53 29.5247
      vertex 57.0655 126.064 29.5983
      vertex 57.0489 126.53 29.5247
    endloop
  endfacet
  facet normal 0 -0.156006 -0.987756
    outer loop
      vertex 29 126.064 29.5983
      vertex 54.4865 126.53 29.5247
      vertex 54.5042 126.064 29.5983
    endloop
  endfacet
  facet normal -0 -0.156006 -0.987756
    outer loop
      vertex 54.4865 126.53 29.5247
      vertex 29 126.064 29.5983
      vertex 29 126.53 29.5247
    endloop
  endfacet
  facet normal 0 -0.0524808 -0.998622
    outer loop
      vertex 57.0489 126.53 29.5247
      vertex 58 127 29.5
      vertex 58 126.53 29.5247
    endloop
  endfacet
  facet normal -0 -0.0524808 -0.998622
    outer loop
      vertex 58 127 29.5
      vertex 57.0489 126.53 29.5247
      vertex 57.0321 127 29.5
    endloop
  endfacet
  facet normal 0 -0.0524808 -0.998622
    outer loop
      vertex 29 126.53 29.5247
      vertex 54.4686 127 29.5
      vertex 54.4865 126.53 29.5247
    endloop
  endfacet
  facet normal -0 -0.0524808 -0.998622
    outer loop
      vertex 54.4686 127 29.5
      vertex 29 126.53 29.5247
      vertex 29 127 29.5
    endloop
  endfacet
  facet normal -0 -0.776587 -0.630009
    outer loop
      vertex 58 123.656 30.9889
      vertex 57.1622 123.359 31.355
      vertex 57.1516 123.656 30.9889
    endloop
  endfacet
  facet normal 0 -0.776587 -0.630009
    outer loop
      vertex 57.1622 123.359 31.355
      vertex 58 123.656 30.9889
      vertex 58 123.359 31.355
    endloop
  endfacet
  facet normal -0 -0.776587 -0.630009
    outer loop
      vertex 54.5959 123.656 30.9889
      vertex 29 123.359 31.355
      vertex 29 123.656 30.9889
    endloop
  endfacet
  facet normal 0 -0.776587 -0.630009
    outer loop
      vertex 29 123.359 31.355
      vertex 54.5959 123.656 30.9889
      vertex 54.6072 123.359 31.355
    endloop
  endfacet
  facet normal -1 0 0
    outer loop
      vertex 29 128.25 34
      vertex 29 131.5 34
      vertex 29 131.475 33.5296
    endloop
  endfacet
  facet normal -1 0 0
    outer loop
      vertex 29 128.243 33.8693
      vertex 29 131.475 33.5296
      vertex 29 131.402 33.0644
    endloop
  endfacet
  facet normal -1 0 0
    outer loop
      vertex 29 131.5 34
      vertex 29 128.25 34
      vertex 29 131.475 34.4704
    endloop
  endfacet
  facet normal -1 0 0
    outer loop
      vertex 29 128.223 33.7401
      vertex 29 131.402 33.0644
      vertex 29 131.28 32.6094
    endloop
  endfacet
  facet normal -1 0 0
    outer loop
      vertex 29 128.243 34.1307
      vertex 29 131.475 34.4704
      vertex 29 128.25 34
    endloop
  endfacet
  facet normal -1 0 0
    outer loop
      vertex 29 128.189 33.6137
      vertex 29 131.28 32.6094
      vertex 29 131.111 32.1697
    endloop
  endfacet
  facet normal -1 -0 0
    outer loop
      vertex 29 131.475 34.4704
      vertex 29 128.243 34.1307
      vertex 29 131.402 34.9356
    endloop
  endfacet
  facet normal -1 0 0
    outer loop
      vertex 29 128.142 33.4916
      vertex 29 131.111 32.1697
      vertex 29 130.897 31.75
    endloop
  endfacet
  facet normal -1 0 0
    outer loop
      vertex 29 128.223 34.2599
      vertex 29 131.402 34.9356
      vertex 29 128.243 34.1307
    endloop
  endfacet
  facet normal -1 0 0
    outer loop
      vertex 29 128.083 33.375
      vertex 29 130.897 31.75
      vertex 29 130.641 31.355
    endloop
  endfacet
  facet normal -1 -0 0
    outer loop
      vertex 29 131.402 34.9356
      vertex 29 128.223 34.2599
      vertex 29 131.28 35.3906
    endloop
  endfacet
  facet normal -1 0 0
    outer loop
      vertex 29 128.011 33.2653
      vertex 29 130.641 31.355
      vertex 29 130.344 30.9889
    endloop
  endfacet
  facet normal -1 0 0
    outer loop
      vertex 29 128.189 34.3863
      vertex 29 131.28 35.3906
      vertex 29 128.223 34.2599
    endloop
  endfacet
  facet normal -1 0 0
    outer loop
      vertex 29 127.929 33.1636
      vertex 29 130.344 30.9889
      vertex 29 130.011 30.6558
    endloop
  endfacet
  facet normal -1 -0 0
    outer loop
      vertex 29 131.28 35.3906
      vertex 29 128.189 34.3863
      vertex 29 131.111 35.8303
    endloop
  endfacet
  facet normal -1 0 0
    outer loop
      vertex 29 127.836 33.0711
      vertex 29 130.011 30.6558
      vertex 29 129.645 30.3594
    endloop
  endfacet
  facet normal -1 0 0
    outer loop
      vertex 29 128.142 34.5084
      vertex 29 131.111 35.8303
      vertex 29 128.189 34.3863
    endloop
  endfacet
  facet normal -1 0 0
    outer loop
      vertex 29 127.735 32.9887
      vertex 29 129.645 30.3594
      vertex 29 129.25 30.1029
    endloop
  endfacet
  facet normal -1 -0 0
    outer loop
      vertex 29 131.111 35.8303
      vertex 29 128.142 34.5084
      vertex 29 130.897 36.25
    endloop
  endfacet
  facet normal -1 0 0
    outer loop
      vertex 29 127.625 32.9175
      vertex 29 129.25 30.1029
      vertex 29 128.83 29.889
    endloop
  endfacet
  facet normal -1 0 0
    outer loop
      vertex 29 128.083 34.625
      vertex 29 130.897 36.25
      vertex 29 128.142 34.5084
    endloop
  endfacet
  facet normal -1 0 0
    outer loop
      vertex 29 127.508 32.8581
      vertex 29 128.83 29.889
      vertex 29 128.391 29.7202
    endloop
  endfacet
  facet normal -1 -0 0
    outer loop
      vertex 29 130.897 36.25
      vertex 29 128.083 34.625
      vertex 29 130.641 36.645
    endloop
  endfacet
  facet normal -1 0 0
    outer loop
      vertex 29 128.011 34.7347
      vertex 29 130.641 36.645
      vertex 29 128.083 34.625
    endloop
  endfacet
  facet normal -1 0 0
    outer loop
      vertex 29 131.475 33.5296
      vertex 29 128.243 33.8693
      vertex 29 128.25 34
    endloop
  endfacet
  facet normal -1 0 0
    outer loop
      vertex 29 131.402 33.0644
      vertex 29 128.223 33.7401
      vertex 29 128.243 33.8693
    endloop
  endfacet
  facet normal -1 0 0
    outer loop
      vertex 29 131.28 32.6094
      vertex 29 128.189 33.6137
      vertex 29 128.223 33.7401
    endloop
  endfacet
  facet normal -1 0 0
    outer loop
      vertex 29 131.111 32.1697
      vertex 29 128.142 33.4916
      vertex 29 128.189 33.6137
    endloop
  endfacet
  facet normal -1 0 0
    outer loop
      vertex 29 130.897 31.75
      vertex 29 128.083 33.375
      vertex 29 128.142 33.4916
    endloop
  endfacet
  facet normal -1 0 0
    outer loop
      vertex 29 130.641 31.355
      vertex 29 128.011 33.2653
      vertex 29 128.083 33.375
    endloop
  endfacet
  facet normal -1 0 0
    outer loop
      vertex 29 127.386 32.8112
      vertex 29 128.391 29.7202
      vertex 29 127.936 29.5983
    endloop
  endfacet
  facet normal -1 0 0
    outer loop
      vertex 29 130.344 30.9889
      vertex 29 127.929 33.1636
      vertex 29 128.011 33.2653
    endloop
  endfacet
  facet normal -1 0 0
    outer loop
      vertex 29 130.011 30.6558
      vertex 29 127.836 33.0711
      vertex 29 127.929 33.1636
    endloop
  endfacet
  facet normal -1 0 0
    outer loop
      vertex 29 129.645 30.3594
      vertex 29 127.735 32.9887
      vertex 29 127.836 33.0711
    endloop
  endfacet
  facet normal -1 0 0
    outer loop
      vertex 29 129.25 30.1029
      vertex 29 127.625 32.9175
      vertex 29 127.735 32.9887
    endloop
  endfacet
  facet normal -1 0 0
    outer loop
      vertex 29 128.83 29.889
      vertex 29 127.508 32.8581
      vertex 29 127.625 32.9175
    endloop
  endfacet
  facet normal -1 0 0
    outer loop
      vertex 29 127.26 32.7773
      vertex 29 127.936 29.5983
      vertex 29 127.47 29.5247
    endloop
  endfacet
  facet normal -1 0 0
    outer loop
      vertex 29 128.391 29.7202
      vertex 29 127.386 32.8112
      vertex 29 127.508 32.8581
    endloop
  endfacet
  facet normal -1 0 0
    outer loop
      vertex 29 127.936 29.5983
      vertex 29 127.26 32.7773
      vertex 29 127.386 32.8112
    endloop
  endfacet
  facet normal -1 0 0
    outer loop
      vertex 29 127.47 29.5247
      vertex 29 127.131 32.7568
      vertex 29 127.26 32.7773
    endloop
  endfacet
  facet normal -1 0 0
    outer loop
      vertex 29 127 29.5
      vertex 29 127.131 32.7568
      vertex 29 127.47 29.5247
    endloop
  endfacet
  facet normal -1 0 0
    outer loop
      vertex 29 127 29.5
      vertex 29 127 32.75
      vertex 29 127.131 32.7568
    endloop
  endfacet
  facet normal -1 0 0
    outer loop
      vertex 29 127 29.5
      vertex 29 126.869 32.7568
      vertex 29 127 32.75
    endloop
  endfacet
  facet normal -1 0 0
    outer loop
      vertex 29 126.53 29.5247
      vertex 29 126.869 32.7568
      vertex 29 127 29.5
    endloop
  endfacet
  facet normal -1 -0 0
    outer loop
      vertex 29 126.869 32.7568
      vertex 29 126.53 29.5247
      vertex 29 126.74 32.7773
    endloop
  endfacet
  facet normal -1 0 0
    outer loop
      vertex 29 126.064 29.5983
      vertex 29 126.74 32.7773
      vertex 29 126.53 29.5247
    endloop
  endfacet
  facet normal -1 -0 0
    outer loop
      vertex 29 126.74 32.7773
      vertex 29 126.064 29.5983
      vertex 29 126.614 32.8112
    endloop
  endfacet
  facet normal -1 0 0
    outer loop
      vertex 29 125.609 29.7202
      vertex 29 126.614 32.8112
      vertex 29 126.064 29.5983
    endloop
  endfacet
  facet normal -1 -0 0
    outer loop
      vertex 29 126.614 32.8112
      vertex 29 125.609 29.7202
      vertex 29 126.492 32.8581
    endloop
  endfacet
  facet normal -1 0 0
    outer loop
      vertex 29 125.17 29.889
      vertex 29 126.492 32.8581
      vertex 29 125.609 29.7202
    endloop
  endfacet
  facet normal -1 -0 0
    outer loop
      vertex 29 126.492 32.8581
      vertex 29 125.17 29.889
      vertex 29 126.375 32.9175
    endloop
  endfacet
  facet normal -1 0 0
    outer loop
      vertex 29 124.75 30.1029
      vertex 29 126.375 32.9175
      vertex 29 125.17 29.889
    endloop
  endfacet
  facet normal -1 -0 0
    outer loop
      vertex 29 126.375 32.9175
      vertex 29 124.75 30.1029
      vertex 29 126.265 32.9887
    endloop
  endfacet
  facet normal -1 0 0
    outer loop
      vertex 29 124.355 30.3594
      vertex 29 126.265 32.9887
      vertex 29 124.75 30.1029
    endloop
  endfacet
  facet normal -1 -0 0
    outer loop
      vertex 29 126.265 32.9887
      vertex 29 124.355 30.3594
      vertex 29 126.164 33.0711
    endloop
  endfacet
  facet normal -1 0 0
    outer loop
      vertex 29 123.989 30.6558
      vertex 29 126.164 33.0711
      vertex 29 124.355 30.3594
    endloop
  endfacet
  facet normal -1 -0 0
    outer loop
      vertex 29 126.164 33.0711
      vertex 29 123.989 30.6558
      vertex 29 126.071 33.1636
    endloop
  endfacet
  facet normal -1 0 0
    outer loop
      vertex 29 123.656 30.9889
      vertex 29 126.071 33.1636
      vertex 29 123.989 30.6558
    endloop
  endfacet
  facet normal -1 0 0
    outer loop
      vertex 29 123.359 31.355
      vertex 29 125.989 33.2653
      vertex 29 123.656 30.9889
    endloop
  endfacet
  facet normal -1 -0 0
    outer loop
      vertex 29 126.071 33.1636
      vertex 29 123.656 30.9889
      vertex 29 125.989 33.2653
    endloop
  endfacet
  facet normal -1 -0 0
    outer loop
      vertex 29 130.641 36.645
      vertex 29 128.011 34.7347
      vertex 29 130.344 37.0111
    endloop
  endfacet
  facet normal -1 0 0
    outer loop
      vertex 29 127.929 34.8364
      vertex 29 130.344 37.0111
      vertex 29 128.011 34.7347
    endloop
  endfacet
  facet normal -1 -0 0
    outer loop
      vertex 29 130.344 37.0111
      vertex 29 127.929 34.8364
      vertex 29 130.011 37.3442
    endloop
  endfacet
  facet normal -1 0 0
    outer loop
      vertex 29 127.836 34.9289
      vertex 29 130.011 37.3442
      vertex 29 127.929 34.8364
    endloop
  endfacet
  facet normal -1 -0 0
    outer loop
      vertex 29 130.011 37.3442
      vertex 29 127.836 34.9289
      vertex 29 129.645 37.6406
    endloop
  endfacet
  facet normal -1 0 0
    outer loop
      vertex 29 127.735 35.0113
      vertex 29 129.645 37.6406
      vertex 29 127.836 34.9289
    endloop
  endfacet
  facet normal -1 -0 0
    outer loop
      vertex 29 129.645 37.6406
      vertex 29 127.735 35.0113
      vertex 29 129.25 37.8971
    endloop
  endfacet
  facet normal -1 0 0
    outer loop
      vertex 29 127.625 35.0825
      vertex 29 129.25 37.8971
      vertex 29 127.735 35.0113
    endloop
  endfacet
  facet normal -1 -0 0
    outer loop
      vertex 29 129.25 37.8971
      vertex 29 127.625 35.0825
      vertex 29 128.83 38.111
    endloop
  endfacet
  facet normal -1 0 0
    outer loop
      vertex 29 127.508 35.1419
      vertex 29 128.83 38.111
      vertex 29 127.625 35.0825
    endloop
  endfacet
  facet normal -1 -0 0
    outer loop
      vertex 29 128.83 38.111
      vertex 29 127.508 35.1419
      vertex 29 128.391 38.2798
    endloop
  endfacet
  facet normal -1 0 0
    outer loop
      vertex 29 127.386 35.1888
      vertex 29 128.391 38.2798
      vertex 29 127.508 35.1419
    endloop
  endfacet
  facet normal -1 -0 0
    outer loop
      vertex 29 128.391 38.2798
      vertex 29 127.386 35.1888
      vertex 29 127.936 38.4017
    endloop
  endfacet
  facet normal -1 0 0
    outer loop
      vertex 29 127.26 35.2227
      vertex 29 127.936 38.4017
      vertex 29 127.386 35.1888
    endloop
  endfacet
  facet normal -1 -0 0
    outer loop
      vertex 29 127.936 38.4017
      vertex 29 127.26 35.2227
      vertex 29 127.47 38.4753
    endloop
  endfacet
  facet normal -1 0 0
    outer loop
      vertex 29 127.131 35.2432
      vertex 29 127.47 38.4753
      vertex 29 127.26 35.2227
    endloop
  endfacet
  facet normal -1 0 0
    outer loop
      vertex 29 127 35.25
      vertex 29 127.47 38.4753
      vertex 29 127.131 35.2432
    endloop
  endfacet
  facet normal -1 0 0
    outer loop
      vertex 29 127 35.25
      vertex 29 127 38.5
      vertex 29 127.47 38.4753
    endloop
  endfacet
  facet normal -1 0 0
    outer loop
      vertex 29 126.869 35.2432
      vertex 29 127 38.5
      vertex 29 127 35.25
    endloop
  endfacet
  facet normal -1 0 0
    outer loop
      vertex 29 126.53 38.4753
      vertex 29 126.869 35.2432
      vertex 29 126.74 35.2227
    endloop
  endfacet
  facet normal -1 0 0
    outer loop
      vertex 29 126.064 38.4017
      vertex 29 126.74 35.2227
      vertex 29 126.614 35.1888
    endloop
  endfacet
  facet normal -1 0 0
    outer loop
      vertex 29 126.869 35.2432
      vertex 29 126.53 38.4753
      vertex 29 127 38.5
    endloop
  endfacet
  facet normal -1 0 0
    outer loop
      vertex 29 125.609 38.2798
      vertex 29 126.614 35.1888
      vertex 29 126.492 35.1419
    endloop
  endfacet
  facet normal -1 0 0
    outer loop
      vertex 29 125.17 38.111
      vertex 29 126.492 35.1419
      vertex 29 126.375 35.0825
    endloop
  endfacet
  facet normal -1 0 0
    outer loop
      vertex 29 124.75 37.8971
      vertex 29 126.375 35.0825
      vertex 29 126.265 35.0113
    endloop
  endfacet
  facet normal -1 0 0
    outer loop
      vertex 29 124.355 37.6406
      vertex 29 126.265 35.0113
      vertex 29 126.164 34.9289
    endloop
  endfacet
  facet normal -1 0 0
    outer loop
      vertex 29 123.989 37.3442
      vertex 29 126.164 34.9289
      vertex 29 126.071 34.8364
    endloop
  endfacet
  facet normal -1 0 0
    outer loop
      vertex 29 126.74 35.2227
      vertex 29 126.064 38.4017
      vertex 29 126.53 38.4753
    endloop
  endfacet
  facet normal -1 0 0
    outer loop
      vertex 29 123.656 37.0111
      vertex 29 126.071 34.8364
      vertex 29 125.989 34.7347
    endloop
  endfacet
  facet normal -1 0 0
    outer loop
      vertex 29 123.359 36.645
      vertex 29 125.989 34.7347
      vertex 29 125.917 34.625
    endloop
  endfacet
  facet normal -1 0 0
    outer loop
      vertex 29 123.103 36.25
      vertex 29 125.917 34.625
      vertex 29 125.858 34.5084
    endloop
  endfacet
  facet normal -1 0 0
    outer loop
      vertex 29 122.889 35.8303
      vertex 29 125.858 34.5084
      vertex 29 125.811 34.3863
    endloop
  endfacet
  facet normal -1 0 0
    outer loop
      vertex 29 122.72 35.3906
      vertex 29 125.811 34.3863
      vertex 29 125.777 34.2599
    endloop
  endfacet
  facet normal -1 0 0
    outer loop
      vertex 29 122.598 34.9356
      vertex 29 125.777 34.2599
      vertex 29 125.757 34.1307
    endloop
  endfacet
  facet normal -1 0 0
    outer loop
      vertex 29 126.614 35.1888
      vertex 29 125.609 38.2798
      vertex 29 126.064 38.4017
    endloop
  endfacet
  facet normal -1 0 0
    outer loop
      vertex 29 122.525 34.4704
      vertex 29 125.757 34.1307
      vertex 29 125.75 34
    endloop
  endfacet
  facet normal -1 -0 0
    outer loop
      vertex 29 125.989 33.2653
      vertex 29 123.359 31.355
      vertex 29 125.917 33.375
    endloop
  endfacet
  facet normal -1 0 0
    outer loop
      vertex 29 123.103 31.75
      vertex 29 125.917 33.375
      vertex 29 123.359 31.355
    endloop
  endfacet
  facet normal -1 0 0
    outer loop
      vertex 29 126.492 35.1419
      vertex 29 125.17 38.111
      vertex 29 125.609 38.2798
    endloop
  endfacet
  facet normal -1 -0 0
    outer loop
      vertex 29 125.917 33.375
      vertex 29 123.103 31.75
      vertex 29 125.858 33.4916
    endloop
  endfacet
  facet normal -1 0 0
    outer loop
      vertex 29 126.375 35.0825
      vertex 29 124.75 37.8971
      vertex 29 125.17 38.111
    endloop
  endfacet
  facet normal -1 0 0
    outer loop
      vertex 29 122.889 32.1697
      vertex 29 125.858 33.4916
      vertex 29 123.103 31.75
    endloop
  endfacet
  facet normal -1 0 0
    outer loop
      vertex 29 126.265 35.0113
      vertex 29 124.355 37.6406
      vertex 29 124.75 37.8971
    endloop
  endfacet
  facet normal -1 -0 0
    outer loop
      vertex 29 125.858 33.4916
      vertex 29 122.889 32.1697
      vertex 29 125.811 33.6137
    endloop
  endfacet
  facet normal -1 0 0
    outer loop
      vertex 29 126.164 34.9289
      vertex 29 123.989 37.3442
      vertex 29 124.355 37.6406
    endloop
  endfacet
  facet normal -1 0 0
    outer loop
      vertex 29 122.72 32.6094
      vertex 29 125.811 33.6137
      vertex 29 122.889 32.1697
    endloop
  endfacet
  facet normal -1 0 0
    outer loop
      vertex 29 126.071 34.8364
      vertex 29 123.656 37.0111
      vertex 29 123.989 37.3442
    endloop
  endfacet
  facet normal -1 -0 0
    outer loop
      vertex 29 125.811 33.6137
      vertex 29 122.72 32.6094
      vertex 29 125.777 33.7401
    endloop
  endfacet
  facet normal -1 0 0
    outer loop
      vertex 29 125.989 34.7347
      vertex 29 123.359 36.645
      vertex 29 123.656 37.0111
    endloop
  endfacet
  facet normal -1 0 0
    outer loop
      vertex 29 122.598 33.0644
      vertex 29 125.777 33.7401
      vertex 29 122.72 32.6094
    endloop
  endfacet
  facet normal -1 0 0
    outer loop
      vertex 29 125.917 34.625
      vertex 29 123.103 36.25
      vertex 29 123.359 36.645
    endloop
  endfacet
  facet normal -1 -0 0
    outer loop
      vertex 29 125.777 33.7401
      vertex 29 122.598 33.0644
      vertex 29 125.757 33.8693
    endloop
  endfacet
  facet normal -1 0 0
    outer loop
      vertex 29 125.858 34.5084
      vertex 29 122.889 35.8303
      vertex 29 123.103 36.25
    endloop
  endfacet
  facet normal -1 0 0
    outer loop
      vertex 29 122.525 33.5296
      vertex 29 125.757 33.8693
      vertex 29 122.598 33.0644
    endloop
  endfacet
  facet normal -1 0 0
    outer loop
      vertex 29 125.811 34.3863
      vertex 29 122.72 35.3906
      vertex 29 122.889 35.8303
    endloop
  endfacet
  facet normal -1 -0 0
    outer loop
      vertex 29 125.757 33.8693
      vertex 29 122.525 33.5296
      vertex 29 125.75 34
    endloop
  endfacet
  facet normal -1 0 0
    outer loop
      vertex 29 125.777 34.2599
      vertex 29 122.598 34.9356
      vertex 29 122.72 35.3906
    endloop
  endfacet
  facet normal -1 0 0
    outer loop
      vertex 29 122.5 34
      vertex 29 125.75 34
      vertex 29 122.525 33.5296
    endloop
  endfacet
  facet normal -1 0 0
    outer loop
      vertex 29 125.757 34.1307
      vertex 29 122.525 34.4704
      vertex 29 122.598 34.9356
    endloop
  endfacet
  facet normal -1 0 0
    outer loop
      vertex 29 125.75 34
      vertex 29 122.5 34
      vertex 29 122.525 34.4704
    endloop
  endfacet
  facet normal 0 -0.933428 0.358766
    outer loop
      vertex 57.185 122.72 35.3906
      vertex 58 122.889 35.8303
      vertex 57.179 122.889 35.8303
    endloop
  endfacet
  facet normal 0 -0.933428 0.358766
    outer loop
      vertex 58 122.889 35.8303
      vertex 57.185 122.72 35.3906
      vertex 58 122.72 35.3906
    endloop
  endfacet
  facet normal 0 -0.933428 0.358766
    outer loop
      vertex 29 122.72 35.3906
      vertex 54.6251 122.889 35.8303
      vertex 29 122.889 35.8303
    endloop
  endfacet
  facet normal 0 -0.933428 0.358766
    outer loop
      vertex 54.6251 122.889 35.8303
      vertex 29 122.72 35.3906
      vertex 54.6315 122.72 35.3906
    endloop
  endfacet
  facet normal 0 -0.358894 -0.933378
    outer loop
      vertex 29 125.17 29.889
      vertex 54.5215 125.609 29.7202
      vertex 54.5383 125.17 29.889
    endloop
  endfacet
  facet normal -0 -0.358894 -0.933378
    outer loop
      vertex 54.5215 125.609 29.7202
      vertex 29 125.17 29.889
      vertex 29 125.609 29.7202
    endloop
  endfacet
  facet normal 0 -0.358894 -0.933378
    outer loop
      vertex 57.0975 125.17 29.889
      vertex 58 125.609 29.7202
      vertex 58 125.17 29.889
    endloop
  endfacet
  facet normal -0 -0.358894 -0.933378
    outer loop
      vertex 58 125.609 29.7202
      vertex 57.0975 125.17 29.889
      vertex 57.0818 125.609 29.7202
    endloop
  endfacet
  facet normal 0 -0.629345 -0.777126
    outer loop
      vertex 29 123.989 30.6558
      vertex 54.5693 124.355 30.3594
      vertex 54.5832 123.989 30.6558
    endloop
  endfacet
  facet normal -0 -0.629345 -0.777126
    outer loop
      vertex 54.5693 124.355 30.3594
      vertex 29 123.989 30.6558
      vertex 29 124.355 30.3594
    endloop
  endfacet
  facet normal 0 -0.629345 -0.777126
    outer loop
      vertex 57.1397 123.989 30.6558
      vertex 58 124.355 30.3594
      vertex 58 123.989 30.6558
    endloop
  endfacet
  facet normal -0 -0.629345 -0.777126
    outer loop
      vertex 58 124.355 30.3594
      vertex 57.1397 123.989 30.6558
      vertex 57.1266 124.355 30.3594
    endloop
  endfacet
  facet normal -0 -0.890876 -0.454247
    outer loop
      vertex 58 123.103 31.75
      vertex 57.179 122.889 32.1697
      vertex 57.1713 123.103 31.75
    endloop
  endfacet
  facet normal 0 -0.890876 -0.454247
    outer loop
      vertex 57.179 122.889 32.1697
      vertex 58 123.103 31.75
      vertex 58 122.889 32.1697
    endloop
  endfacet
  facet normal -0 -0.890876 -0.454247
    outer loop
      vertex 54.6169 123.103 31.75
      vertex 29 122.889 32.1697
      vertex 29 123.103 31.75
    endloop
  endfacet
  facet normal 0 -0.890876 -0.454247
    outer loop
      vertex 29 122.889 32.1697
      vertex 54.6169 123.103 31.75
      vertex 54.6251 122.889 32.1697
    endloop
  endfacet
  facet normal 0 -0.998591 -0.0530714
    outer loop
      vertex 57.192 122.525 33.5296
      vertex 58 122.5 34
      vertex 57.1929 122.5 34
    endloop
  endfacet
  facet normal 0 -0.998591 -0.0530714
    outer loop
      vertex 58 122.5 34
      vertex 57.192 122.525 33.5296
      vertex 58 122.525 33.5296
    endloop
  endfacet
  facet normal 0 -0.998591 -0.0530714
    outer loop
      vertex 29 122.525 33.5296
      vertex 54.6399 122.5 34
      vertex 29 122.5 34
    endloop
  endfacet
  facet normal 0 -0.998591 -0.0530714
    outer loop
      vertex 54.6399 122.5 34
      vertex 29 122.525 33.5296
      vertex 54.639 122.525 33.5296
    endloop
  endfacet
  facet normal 0 -0.998591 0.0530714
    outer loop
      vertex 57.1929 122.5 34
      vertex 58 122.525 34.4704
      vertex 57.192 122.525 34.4704
    endloop
  endfacet
  facet normal 0 -0.998591 0.0530714
    outer loop
      vertex 58 122.525 34.4704
      vertex 57.1929 122.5 34
      vertex 58 122.5 34
    endloop
  endfacet
  facet normal 0 -0.998591 0.0530714
    outer loop
      vertex 29 122.5 34
      vertex 54.639 122.525 34.4704
      vertex 29 122.525 34.4704
    endloop
  endfacet
  facet normal 0 -0.998591 0.0530714
    outer loop
      vertex 54.639 122.525 34.4704
      vertex 29 122.5 34
      vertex 54.6399 122.5 34
    endloop
  endfacet
  facet normal 0 -0.707213 0.707001
    outer loop
      vertex 29 123.656 37.0111
      vertex 54.5832 123.989 37.3442
      vertex 29 123.989 37.3442
    endloop
  endfacet
  facet normal 0 -0.707213 0.707001
    outer loop
      vertex 54.5832 123.989 37.3442
      vertex 29 123.656 37.0111
      vertex 54.5959 123.656 37.0111
    endloop
  endfacet
  facet normal 0 -0.707213 0.707001
    outer loop
      vertex 58 123.989 37.3442
      vertex 57.1516 123.656 37.0111
      vertex 58 123.656 37.0111
    endloop
  endfacet
  facet normal 0 -0.707213 0.707001
    outer loop
      vertex 57.1516 123.656 37.0111
      vertex 58 123.989 37.3442
      vertex 57.1397 123.989 37.3442
    endloop
  endfacet
  facet normal 0 -0.629345 0.777126
    outer loop
      vertex 29 123.989 37.3442
      vertex 54.5693 124.355 37.6406
      vertex 29 124.355 37.6406
    endloop
  endfacet
  facet normal 0 -0.629345 0.777126
    outer loop
      vertex 54.5693 124.355 37.6406
      vertex 29 123.989 37.3442
      vertex 54.5832 123.989 37.3442
    endloop
  endfacet
  facet normal 0 -0.629345 0.777126
    outer loop
      vertex 58 124.355 37.6406
      vertex 57.1397 123.989 37.3442
      vertex 58 123.989 37.3442
    endloop
  endfacet
  facet normal 0 -0.629345 0.777126
    outer loop
      vertex 57.1397 123.989 37.3442
      vertex 58 124.355 37.6406
      vertex 57.1266 124.355 37.6406
    endloop
  endfacet
  facet normal 0 -0.544615 0.838686
    outer loop
      vertex 29 124.355 37.6406
      vertex 54.5543 124.75 37.8971
      vertex 29 124.75 37.8971
    endloop
  endfacet
  facet normal 0 -0.544615 0.838686
    outer loop
      vertex 54.5543 124.75 37.8971
      vertex 29 124.355 37.6406
      vertex 54.5693 124.355 37.6406
    endloop
  endfacet
  facet normal 0 -0.544615 0.838686
    outer loop
      vertex 58 124.75 37.8971
      vertex 57.1266 124.355 37.6406
      vertex 58 124.355 37.6406
    endloop
  endfacet
  facet normal 0 -0.544615 0.838686
    outer loop
      vertex 57.1266 124.355 37.6406
      vertex 58 124.75 37.8971
      vertex 57.1125 124.75 37.8971
    endloop
  endfacet
  facet normal 0 -0.453821 0.891093
    outer loop
      vertex 29 124.75 37.8971
      vertex 54.5383 125.17 38.111
      vertex 29 125.17 38.111
    endloop
  endfacet
  facet normal 0 -0.453821 0.891093
    outer loop
      vertex 54.5383 125.17 38.111
      vertex 29 124.75 37.8971
      vertex 54.5543 124.75 37.8971
    endloop
  endfacet
  facet normal 0 -0.453821 0.891093
    outer loop
      vertex 58 125.17 38.111
      vertex 57.1125 124.75 37.8971
      vertex 58 124.75 37.8971
    endloop
  endfacet
  facet normal 0 -0.453821 0.891093
    outer loop
      vertex 57.1125 124.75 37.8971
      vertex 58 125.17 38.111
      vertex 57.0975 125.17 38.111
    endloop
  endfacet
  facet normal 0 -0.258786 0.965935
    outer loop
      vertex 58 126.064 38.4017
      vertex 57.0818 125.609 38.2798
      vertex 58 125.609 38.2798
    endloop
  endfacet
  facet normal 0 -0.258786 0.965935
    outer loop
      vertex 57.0818 125.609 38.2798
      vertex 58 126.064 38.4017
      vertex 57.0655 126.064 38.4017
    endloop
  endfacet
  facet normal 0 -0.258786 0.965935
    outer loop
      vertex 29 125.609 38.2798
      vertex 54.5042 126.064 38.4017
      vertex 29 126.064 38.4017
    endloop
  endfacet
  facet normal 0 -0.258786 0.965935
    outer loop
      vertex 54.5042 126.064 38.4017
      vertex 29 125.609 38.2798
      vertex 54.5215 125.609 38.2798
    endloop
  endfacet
  facet normal 0 -0.156006 0.987756
    outer loop
      vertex 58 126.53 38.4753
      vertex 57.0655 126.064 38.4017
      vertex 58 126.064 38.4017
    endloop
  endfacet
  facet normal 0 -0.156006 0.987756
    outer loop
      vertex 57.0655 126.064 38.4017
      vertex 58 126.53 38.4753
      vertex 57.0489 126.53 38.4753
    endloop
  endfacet
  facet normal 0 -0.156006 0.987756
    outer loop
      vertex 29 126.064 38.4017
      vertex 54.4865 126.53 38.4753
      vertex 29 126.53 38.4753
    endloop
  endfacet
  facet normal 0 -0.156006 0.987756
    outer loop
      vertex 54.4865 126.53 38.4753
      vertex 29 126.064 38.4017
      vertex 54.5042 126.064 38.4017
    endloop
  endfacet
  facet normal 0 -0.0524808 0.998622
    outer loop
      vertex 58 127 38.5
      vertex 57.0489 126.53 38.4753
      vertex 58 126.53 38.4753
    endloop
  endfacet
  facet normal 0 -0.0524808 0.998622
    outer loop
      vertex 57.0489 126.53 38.4753
      vertex 58 127 38.5
      vertex 57.0321 127 38.5
    endloop
  endfacet
  facet normal 0 -0.0524808 0.998622
    outer loop
      vertex 29 126.53 38.4753
      vertex 54.4686 127 38.5
      vertex 29 127 38.5
    endloop
  endfacet
  facet normal 0 -0.0524808 0.998622
    outer loop
      vertex 54.4686 127 38.5
      vertex 29 126.53 38.4753
      vertex 54.4865 126.53 38.4753
    endloop
  endfacet
  facet normal -0 -0.839171 -0.543868
    outer loop
      vertex 58 123.359 31.355
      vertex 57.1713 123.103 31.75
      vertex 57.1622 123.359 31.355
    endloop
  endfacet
  facet normal 0 -0.839171 -0.543868
    outer loop
      vertex 57.1713 123.103 31.75
      vertex 58 123.359 31.355
      vertex 58 123.103 31.75
    endloop
  endfacet
  facet normal -0 -0.839171 -0.543868
    outer loop
      vertex 54.6072 123.359 31.355
      vertex 29 123.103 31.75
      vertex 29 123.359 31.355
    endloop
  endfacet
  facet normal 0 -0.839171 -0.543868
    outer loop
      vertex 29 123.103 31.75
      vertex 54.6072 123.359 31.355
      vertex 54.6169 123.103 31.75
    endloop
  endfacet
  facet normal 0 -0.707213 -0.707001
    outer loop
      vertex 57.1516 123.656 30.9889
      vertex 58 123.989 30.6558
      vertex 58 123.656 30.9889
    endloop
  endfacet
  facet normal -0 -0.707213 -0.707001
    outer loop
      vertex 58 123.989 30.6558
      vertex 57.1516 123.656 30.9889
      vertex 57.1397 123.989 30.6558
    endloop
  endfacet
  facet normal 0 -0.707213 -0.707001
    outer loop
      vertex 29 123.656 30.9889
      vertex 54.5832 123.989 30.6558
      vertex 54.5959 123.656 30.9889
    endloop
  endfacet
  facet normal -0 -0.707213 -0.707001
    outer loop
      vertex 54.5832 123.989 30.6558
      vertex 29 123.656 30.9889
      vertex 29 123.989 30.6558
    endloop
  endfacet
  facet normal 0 -0.965882 0.258984
    outer loop
      vertex 29 122.598 34.9356
      vertex 54.6315 122.72 35.3906
      vertex 29 122.72 35.3906
    endloop
  endfacet
  facet normal 0 -0.965882 0.258984
    outer loop
      vertex 54.6315 122.72 35.3906
      vertex 29 122.598 34.9356
      vertex 54.6361 122.598 34.9356
    endloop
  endfacet
  facet normal 0 -0.965882 0.258984
    outer loop
      vertex 57.1893 122.598 34.9356
      vertex 58 122.72 35.3906
      vertex 57.185 122.72 35.3906
    endloop
  endfacet
  facet normal 0 -0.965882 0.258984
    outer loop
      vertex 58 122.72 35.3906
      vertex 57.1893 122.598 34.9356
      vertex 58 122.598 34.9356
    endloop
  endfacet
  facet normal 1 0 0
    outer loop
      vertex 58 131.475 34.4704
      vertex 58 131.475 33.5296
      vertex 58 131.5 34
    endloop
  endfacet
  facet normal 1 0 0
    outer loop
      vertex 58 131.402 34.9356
      vertex 58 131.475 33.5296
      vertex 58 131.475 34.4704
    endloop
  endfacet
  facet normal 1 0 0
    outer loop
      vertex 58 131.402 34.9356
      vertex 58 131.402 33.0644
      vertex 58 131.475 33.5296
    endloop
  endfacet
  facet normal 1 0 0
    outer loop
      vertex 58 131.28 35.3906
      vertex 58 131.402 33.0644
      vertex 58 131.402 34.9356
    endloop
  endfacet
  facet normal 1 0 0
    outer loop
      vertex 58 131.28 35.3906
      vertex 58 131.28 32.6094
      vertex 58 131.402 33.0644
    endloop
  endfacet
  facet normal 1 0 0
    outer loop
      vertex 58 131.111 35.8303
      vertex 58 131.28 32.6094
      vertex 58 131.28 35.3906
    endloop
  endfacet
  facet normal 1 0 0
    outer loop
      vertex 58 131.111 35.8303
      vertex 58 131.111 32.1697
      vertex 58 131.28 32.6094
    endloop
  endfacet
  facet normal 1 0 0
    outer loop
      vertex 58 130.897 36.25
      vertex 58 131.111 32.1697
      vertex 58 131.111 35.8303
    endloop
  endfacet
  facet normal 1 0 0
    outer loop
      vertex 58 130.897 36.25
      vertex 58 130.897 31.75
      vertex 58 131.111 32.1697
    endloop
  endfacet
  facet normal 1 0 0
    outer loop
      vertex 58 130.641 36.645
      vertex 58 130.897 31.75
      vertex 58 130.897 36.25
    endloop
  endfacet
  facet normal 1 0 0
    outer loop
      vertex 58 130.641 36.645
      vertex 58 130.641 31.355
      vertex 58 130.897 31.75
    endloop
  endfacet
  facet normal 1 0 0
    outer loop
      vertex 58 130.344 37.0111
      vertex 58 130.641 31.355
      vertex 58 130.641 36.645
    endloop
  endfacet
  facet normal 1 0 0
    outer loop
      vertex 58 130.344 37.0111
      vertex 58 130.344 30.9889
      vertex 58 130.641 31.355
    endloop
  endfacet
  facet normal 1 0 0
    outer loop
      vertex 58 130.011 37.3442
      vertex 58 130.344 30.9889
      vertex 58 130.344 37.0111
    endloop
  endfacet
  facet normal 1 0 0
    outer loop
      vertex 58 130.011 37.3442
      vertex 58 130.011 30.6558
      vertex 58 130.344 30.9889
    endloop
  endfacet
  facet normal 1 0 0
    outer loop
      vertex 58 129.645 37.6406
      vertex 58 130.011 30.6558
      vertex 58 130.011 37.3442
    endloop
  endfacet
  facet normal 1 0 0
    outer loop
      vertex 58 129.645 37.6406
      vertex 58 129.645 30.3594
      vertex 58 130.011 30.6558
    endloop
  endfacet
  facet normal 1 0 0
    outer loop
      vertex 58 129.25 37.8971
      vertex 58 129.645 30.3594
      vertex 58 129.645 37.6406
    endloop
  endfacet
  facet normal 1 0 0
    outer loop
      vertex 58 129.25 37.8971
      vertex 58 129.25 30.1029
      vertex 58 129.645 30.3594
    endloop
  endfacet
  facet normal 1 0 0
    outer loop
      vertex 58 128.83 38.111
      vertex 58 129.25 30.1029
      vertex 58 129.25 37.8971
    endloop
  endfacet
  facet normal 1 0 0
    outer loop
      vertex 58 128.83 38.111
      vertex 58 128.83 29.889
      vertex 58 129.25 30.1029
    endloop
  endfacet
  facet normal 1 0 0
    outer loop
      vertex 58 128.391 38.2798
      vertex 58 128.83 29.889
      vertex 58 128.83 38.111
    endloop
  endfacet
  facet normal 1 0 0
    outer loop
      vertex 58 128.391 38.2798
      vertex 58 128.391 29.7202
      vertex 58 128.83 29.889
    endloop
  endfacet
  facet normal 1 0 0
    outer loop
      vertex 58 127.936 38.4017
      vertex 58 128.391 29.7202
      vertex 58 128.391 38.2798
    endloop
  endfacet
  facet normal 1 0 0
    outer loop
      vertex 58 127.936 38.4017
      vertex 58 127.936 29.5983
      vertex 58 128.391 29.7202
    endloop
  endfacet
  facet normal 1 0 0
    outer loop
      vertex 58 127.47 38.4753
      vertex 58 127.936 29.5983
      vertex 58 127.936 38.4017
    endloop
  endfacet
  facet normal 1 0 0
    outer loop
      vertex 58 127.47 38.4753
      vertex 58 127.47 29.5247
      vertex 58 127.936 29.5983
    endloop
  endfacet
  facet normal 1 0 0
    outer loop
      vertex 58 127 38.5
      vertex 58 127.47 29.5247
      vertex 58 127.47 38.4753
    endloop
  endfacet
  facet normal 1 0 0
    outer loop
      vertex 58 127 38.5
      vertex 58 127 29.5
      vertex 58 127.47 29.5247
    endloop
  endfacet
  facet normal 1 -0 0
    outer loop
      vertex 58 126.53 38.4753
      vertex 58 127 29.5
      vertex 58 127 38.5
    endloop
  endfacet
  facet normal 1 0 0
    outer loop
      vertex 58 126.53 38.4753
      vertex 58 126.53 29.5247
      vertex 58 127 29.5
    endloop
  endfacet
  facet normal 1 -0 0
    outer loop
      vertex 58 126.064 38.4017
      vertex 58 126.53 29.5247
      vertex 58 126.53 38.4753
    endloop
  endfacet
  facet normal 1 0 0
    outer loop
      vertex 58 126.064 38.4017
      vertex 58 126.064 29.5983
      vertex 58 126.53 29.5247
    endloop
  endfacet
  facet normal 1 -0 0
    outer loop
      vertex 58 125.609 38.2798
      vertex 58 126.064 29.5983
      vertex 58 126.064 38.4017
    endloop
  endfacet
  facet normal 1 0 0
    outer loop
      vertex 58 125.609 38.2798
      vertex 58 125.609 29.7202
      vertex 58 126.064 29.5983
    endloop
  endfacet
  facet normal 1 -0 0
    outer loop
      vertex 58 125.17 38.111
      vertex 58 125.609 29.7202
      vertex 58 125.609 38.2798
    endloop
  endfacet
  facet normal 1 0 0
    outer loop
      vertex 58 125.17 38.111
      vertex 58 125.17 29.889
      vertex 58 125.609 29.7202
    endloop
  endfacet
  facet normal 1 -0 0
    outer loop
      vertex 58 124.75 37.8971
      vertex 58 125.17 29.889
      vertex 58 125.17 38.111
    endloop
  endfacet
  facet normal 1 0 0
    outer loop
      vertex 58 124.75 37.8971
      vertex 58 124.75 30.1029
      vertex 58 125.17 29.889
    endloop
  endfacet
  facet normal 1 -0 0
    outer loop
      vertex 58 124.355 37.6406
      vertex 58 124.75 30.1029
      vertex 58 124.75 37.8971
    endloop
  endfacet
  facet normal 1 0 0
    outer loop
      vertex 58 124.355 37.6406
      vertex 58 124.355 30.3594
      vertex 58 124.75 30.1029
    endloop
  endfacet
  facet normal 1 -0 0
    outer loop
      vertex 58 123.989 37.3442
      vertex 58 124.355 30.3594
      vertex 58 124.355 37.6406
    endloop
  endfacet
  facet normal 1 0 0
    outer loop
      vertex 58 123.989 37.3442
      vertex 58 123.989 30.6558
      vertex 58 124.355 30.3594
    endloop
  endfacet
  facet normal 1 -0 0
    outer loop
      vertex 58 123.656 37.0111
      vertex 58 123.989 30.6558
      vertex 58 123.989 37.3442
    endloop
  endfacet
  facet normal 1 0 0
    outer loop
      vertex 58 123.656 37.0111
      vertex 58 123.656 30.9889
      vertex 58 123.989 30.6558
    endloop
  endfacet
  facet normal 1 -0 0
    outer loop
      vertex 58 123.359 36.645
      vertex 58 123.656 30.9889
      vertex 58 123.656 37.0111
    endloop
  endfacet
  facet normal 1 0 0
    outer loop
      vertex 58 123.359 36.645
      vertex 58 123.359 31.355
      vertex 58 123.656 30.9889
    endloop
  endfacet
  facet normal 1 -0 0
    outer loop
      vertex 58 123.103 36.25
      vertex 58 123.359 31.355
      vertex 58 123.359 36.645
    endloop
  endfacet
  facet normal 1 0 0
    outer loop
      vertex 58 123.103 36.25
      vertex 58 123.103 31.75
      vertex 58 123.359 31.355
    endloop
  endfacet
  facet normal 1 -0 0
    outer loop
      vertex 58 122.889 35.8303
      vertex 58 123.103 31.75
      vertex 58 123.103 36.25
    endloop
  endfacet
  facet normal 1 0 0
    outer loop
      vertex 58 122.889 35.8303
      vertex 58 122.889 32.1697
      vertex 58 123.103 31.75
    endloop
  endfacet
  facet normal 1 -0 0
    outer loop
      vertex 58 122.72 35.3906
      vertex 58 122.889 32.1697
      vertex 58 122.889 35.8303
    endloop
  endfacet
  facet normal 1 0 0
    outer loop
      vertex 58 122.72 35.3906
      vertex 58 122.72 32.6094
      vertex 58 122.889 32.1697
    endloop
  endfacet
  facet normal 1 -0 0
    outer loop
      vertex 58 122.598 34.9356
      vertex 58 122.72 32.6094
      vertex 58 122.72 35.3906
    endloop
  endfacet
  facet normal 1 0 0
    outer loop
      vertex 58 122.598 34.9356
      vertex 58 122.598 33.0644
      vertex 58 122.72 32.6094
    endloop
  endfacet
  facet normal 1 -0 0
    outer loop
      vertex 58 122.525 34.4704
      vertex 58 122.598 33.0644
      vertex 58 122.598 34.9356
    endloop
  endfacet
  facet normal 1 0 0
    outer loop
      vertex 58 122.525 34.4704
      vertex 58 122.525 33.5296
      vertex 58 122.598 33.0644
    endloop
  endfacet
  facet normal 1 0 -0
    outer loop
      vertex 58 122.525 33.5296
      vertex 58 122.525 34.4704
      vertex 58 122.5 34
    endloop
  endfacet
  facet normal 0 -0.987911 0.155025
    outer loop
      vertex 29 122.525 34.4704
      vertex 54.6361 122.598 34.9356
      vertex 29 122.598 34.9356
    endloop
  endfacet
  facet normal 0 -0.987911 0.155025
    outer loop
      vertex 54.6361 122.598 34.9356
      vertex 29 122.525 34.4704
      vertex 54.639 122.525 34.4704
    endloop
  endfacet
  facet normal 0 -0.987911 0.155025
    outer loop
      vertex 57.192 122.525 34.4704
      vertex 58 122.598 34.9356
      vertex 57.1893 122.598 34.9356
    endloop
  endfacet
  facet normal 0 -0.987911 0.155025
    outer loop
      vertex 58 122.598 34.9356
      vertex 57.192 122.525 34.4704
      vertex 58 122.525 34.4704
    endloop
  endfacet
  facet normal 0 -0.890876 0.454247
    outer loop
      vertex 57.179 122.889 35.8303
      vertex 58 123.103 36.25
      vertex 57.1713 123.103 36.25
    endloop
  endfacet
  facet normal 0 -0.890876 0.454247
    outer loop
      vertex 58 123.103 36.25
      vertex 57.179 122.889 35.8303
      vertex 58 122.889 35.8303
    endloop
  endfacet
  facet normal 0 -0.890876 0.454247
    outer loop
      vertex 29 122.889 35.8303
      vertex 54.6169 123.103 36.25
      vertex 29 123.103 36.25
    endloop
  endfacet
  facet normal 0 -0.890876 0.454247
    outer loop
      vertex 54.6169 123.103 36.25
      vertex 29 122.889 35.8303
      vertex 54.6251 122.889 35.8303
    endloop
  endfacet
  facet normal 0 -0.839171 0.543868
    outer loop
      vertex 57.1713 123.103 36.25
      vertex 58 123.359 36.645
      vertex 57.1622 123.359 36.645
    endloop
  endfacet
  facet normal 0 -0.839171 0.543868
    outer loop
      vertex 58 123.359 36.645
      vertex 57.1713 123.103 36.25
      vertex 58 123.103 36.25
    endloop
  endfacet
  facet normal 0 -0.839171 0.543868
    outer loop
      vertex 29 123.103 36.25
      vertex 54.6072 123.359 36.645
      vertex 29 123.359 36.645
    endloop
  endfacet
  facet normal 0 -0.839171 0.543868
    outer loop
      vertex 54.6072 123.359 36.645
      vertex 29 123.103 36.25
      vertex 54.6169 123.103 36.25
    endloop
  endfacet
  facet normal 0 -0.776587 0.630009
    outer loop
      vertex 57.1622 123.359 36.645
      vertex 58 123.656 37.0111
      vertex 57.1516 123.656 37.0111
    endloop
  endfacet
  facet normal 0 -0.776587 0.630009
    outer loop
      vertex 58 123.656 37.0111
      vertex 57.1622 123.359 36.645
      vertex 58 123.359 36.645
    endloop
  endfacet
  facet normal 0 -0.776587 0.630009
    outer loop
      vertex 29 123.359 36.645
      vertex 54.5959 123.656 37.0111
      vertex 29 123.656 37.0111
    endloop
  endfacet
  facet normal 0 -0.776587 0.630009
    outer loop
      vertex 54.5959 123.656 37.0111
      vertex 29 123.359 36.645
      vertex 54.6072 123.359 36.645
    endloop
  endfacet
  facet normal 0 0.358183 -0.933652
    outer loop
      vertex 37.5928 110.745 -27.5783
      vertex 45.5 111.185 -27.4095
      vertex 45.5 110.745 -27.5783
    endloop
  endfacet
  facet normal -0.00015774 0.360652 -0.9327
    outer loop
      vertex 37.5546 110.768 -27.5694
      vertex 45.5 111.185 -27.4095
      vertex 37.5928 110.745 -27.5783
    endloop
  endfacet
  facet normal 0 0.358034 -0.933709
    outer loop
      vertex 45.5 111.185 -27.4095
      vertex 37.5546 110.768 -27.5694
      vertex 36.6812 111.185 -27.4095
    endloop
  endfacet
  facet normal 0 -0.258786 0.965935
    outer loop
      vertex 45.5 108.419 -18.8969
      vertex 37.8487 107.964 -19.0188
      vertex 45.5 107.964 -19.0188
    endloop
  endfacet
  facet normal 2.79559e-06 -0.258829 0.965923
    outer loop
      vertex 45.5 108.419 -18.8969
      vertex 37.4807 108.195 -18.9569
      vertex 37.8487 107.964 -19.0188
    endloop
  endfacet
  facet normal 4.09769e-05 -0.260105 0.96558
    outer loop
      vertex 45.5 108.419 -18.8969
      vertex 37.3653 108.267 -18.9375
      vertex 37.4807 108.195 -18.9569
    endloop
  endfacet
  facet normal 0 -0.258058 0.966129
    outer loop
      vertex 37.3653 108.267 -18.9375
      vertex 45.5 108.419 -18.8969
      vertex 37.0573 108.419 -18.8969
    endloop
  endfacet
  facet normal 0 0.933455 0.358695
    outer loop
      vertex 45.5 113.634 -21.908
      vertex 29 113.465 -21.4682
      vertex 45.5 113.465 -21.4682
    endloop
  endfacet
  facet normal 0 0.933455 0.358695
    outer loop
      vertex 29 113.465 -21.4682
      vertex 45.5 113.634 -21.908
      vertex 29 113.634 -21.908
    endloop
  endfacet
  facet normal 0 -0.838023 0.545634
    outer loop
      vertex 41.3499 105.53 -20.9361
      vertex 45.5 105.714 -20.6535
      vertex 41.09 105.714 -20.6535
    endloop
  endfacet
  facet normal 0.000118688 -0.838819 0.54441
    outer loop
      vertex 41.4534 105.457 -21.0486
      vertex 45.5 105.714 -20.6535
      vertex 41.3499 105.53 -20.9361
    endloop
  endfacet
  facet normal 0 -0.838264 0.545264
    outer loop
      vertex 45.5 105.714 -20.6535
      vertex 41.4534 105.457 -21.0486
      vertex 45.5 105.457 -21.0486
    endloop
  endfacet
  facet normal -0 0.454512 0.890741
    outer loop
      vertex 29 111.604 -19.4014
      vertex 45.5 111.185 -19.1876
      vertex 45.5 111.604 -19.4014
    endloop
  endfacet
  facet normal 0 0.454512 0.890741
    outer loop
      vertex 45.5 111.185 -19.1876
      vertex 29 111.604 -19.4014
      vertex 29 111.185 -19.1876
    endloop
  endfacet
  facet normal 0 0.777542 0.628831
    outer loop
      vertex 45.5 112.995 -20.6535
      vertex 29 112.699 -20.2875
      vertex 45.5 112.699 -20.2875
    endloop
  endfacet
  facet normal 0 0.777542 0.628831
    outer loop
      vertex 29 112.699 -20.2875
      vertex 45.5 112.995 -20.6535
      vertex 29 112.995 -20.6535
    endloop
  endfacet
  facet normal 0 0.891734 -0.45256
    outer loop
      vertex 45.5 113.252 -25.5486
      vertex 29 113.465 -25.1289
      vertex 45.5 113.465 -25.1289
    endloop
  endfacet
  facet normal 0 0.891734 -0.45256
    outer loop
      vertex 29 113.465 -25.1289
      vertex 45.5 113.252 -25.5486
      vertex 29 113.252 -25.5486
    endloop
  endfacet
  facet normal 0 0.9987 -0.0509649
    outer loop
      vertex 45.5 113.83 -23.7689
      vertex 29 113.854 -23.2986
      vertex 45.5 113.854 -23.2986
    endloop
  endfacet
  facet normal 0 0.9987 -0.0509649
    outer loop
      vertex 29 113.854 -23.2986
      vertex 45.5 113.83 -23.7689
      vertex 29 113.83 -23.7689
    endloop
  endfacet
  facet normal 0 0.156541 0.987672
    outer loop
      vertex 45.5 110.29 -18.8969
      vertex 33.7841 109.825 -18.8232
      vertex 45.5 109.825 -18.8232
    endloop
  endfacet
  facet normal -1.31549e-05 0.156864 0.98762
    outer loop
      vertex 45.5 110.29 -18.8969
      vertex 32.6291 110.163 -18.8769
      vertex 33.7841 109.825 -18.8232
    endloop
  endfacet
  facet normal 1.57202e-05 0.154008 0.98807
    outer loop
      vertex 45.5 110.29 -18.8969
      vertex 32.4833 110.206 -18.8836
      vertex 32.6291 110.163 -18.8769
    endloop
  endfacet
  facet normal 3.93952e-06 0.15579 0.98779
    outer loop
      vertex 45.5 110.29 -18.8969
      vertex 32.3333 110.232 -18.8877
      vertex 32.4833 110.206 -18.8836
    endloop
  endfacet
  facet normal 0 0.156662 0.987652
    outer loop
      vertex 32.3333 110.232 -18.8877
      vertex 45.5 110.29 -18.8969
      vertex 32.0001 110.29 -18.8969
    endloop
  endfacet
  facet normal 0 0.258786 0.965935
    outer loop
      vertex 45.5 110.745 -19.0188
      vertex 32.0001 110.29 -18.8969
      vertex 45.5 110.29 -18.8969
    endloop
  endfacet
  facet normal 1.50599e-06 0.258744 0.965946
    outer loop
      vertex 45.5 110.745 -19.0188
      vertex 30.752 110.514 -18.9569
      vertex 32.0001 110.29 -18.8969
    endloop
  endfacet
  facet normal -0 0.258834 0.965922
    outer loop
      vertex 29 110.745 -19.0188
      vertex 30.752 110.514 -18.9569
      vertex 45.5 110.745 -19.0188
    endloop
  endfacet
  facet normal -0.000976276 0.251918 0.967748
    outer loop
      vertex 30.752 110.514 -18.9569
      vertex 29 110.745 -19.0188
      vertex 30.5962 110.523 -18.9594
    endloop
  endfacet
  facet normal 0.000125776 0.259319 0.965792
    outer loop
      vertex 30.5962 110.523 -18.9594
      vertex 29 110.745 -19.0188
      vertex 29 110.618 -18.9847
    endloop
  endfacet
  facet normal 0 -0.156541 0.987672
    outer loop
      vertex 45.5 108.884 -18.8232
      vertex 37.0573 108.419 -18.8969
      vertex 45.5 108.419 -18.8969
    endloop
  endfacet
  facet normal 0 -0.156541 0.987672
    outer loop
      vertex 37.0573 108.419 -18.8969
      vertex 45.5 108.884 -18.8232
      vertex 36.1411 108.884 -18.8232
    endloop
  endfacet
  facet normal 0 0.891691 0.452646
    outer loop
      vertex 45.5 113.465 -21.4682
      vertex 29 113.252 -21.0486
      vertex 45.5 113.252 -21.0486
    endloop
  endfacet
  facet normal 0 0.891691 0.452646
    outer loop
      vertex 29 113.252 -21.0486
      vertex 45.5 113.465 -21.4682
      vertex 29 113.465 -21.4682
    endloop
  endfacet
  facet normal 0 -0.156541 -0.987672
    outer loop
      vertex 40.6262 108.419 -27.7002
      vertex 45.5 108.884 -27.7739
      vertex 45.5 108.419 -27.7002
    endloop
  endfacet
  facet normal -3.51932e-07 -0.156537 -0.987672
    outer loop
      vertex 40.4341 108.631 -27.7338
      vertex 45.5 108.884 -27.7739
      vertex 40.6262 108.419 -27.7002
    endloop
  endfacet
  facet normal 8.39014e-06 -0.156708 -0.987645
    outer loop
      vertex 40.1617 108.873 -27.7722
      vertex 45.5 108.884 -27.7739
      vertex 40.4341 108.631 -27.7338
    endloop
  endfacet
  facet normal -0 -0.152732 -0.988268
    outer loop
      vertex 45.5 108.884 -27.7739
      vertex 40.1617 108.873 -27.7722
      vertex 40.1499 108.884 -27.7739
    endloop
  endfacet
  facet normal -0 -0.838201 -0.545361
    outer loop
      vertex 45.5 105.714 -25.9436
      vertex 42.5763 105.457 -25.5486
      vertex 42.4769 105.714 -25.9436
    endloop
  endfacet
  facet normal 0 -0.838201 -0.545361
    outer loop
      vertex 42.5763 105.457 -25.5486
      vertex 45.5 105.714 -25.9436
      vertex 45.5 105.457 -25.5486
    endloop
  endfacet
  facet normal 0 -0.453652 -0.891179
    outer loop
      vertex 41.717 107.104 -27.1957
      vertex 45.5 107.524 -27.4095
      vertex 45.5 107.104 -27.1957
    endloop
  endfacet
  facet normal -0.00046233 -0.450342 -0.892856
    outer loop
      vertex 41.6699 107.178 -27.233
      vertex 45.5 107.524 -27.4095
      vertex 41.717 107.104 -27.1957
    endloop
  endfacet
  facet normal -5.06694e-05 -0.453963 -0.891021
    outer loop
      vertex 41.4408 107.464 -27.3787
      vertex 45.5 107.524 -27.4095
      vertex 41.6699 107.178 -27.233
    endloop
  endfacet
  facet normal -0 -0.456678 -0.889632
    outer loop
      vertex 45.5 107.524 -27.4095
      vertex 41.4408 107.464 -27.3787
      vertex 41.3924 107.524 -27.4095
    endloop
  endfacet
  facet normal 0 0.156541 -0.987672
    outer loop
      vertex 39.0363 109.825 -27.7739
      vertex 45.5 110.29 -27.7002
      vertex 45.5 109.825 -27.7739
    endloop
  endfacet
  facet normal 0 0.156541 -0.987672
    outer loop
      vertex 45.5 110.29 -27.7002
      vertex 39.0363 109.825 -27.7739
      vertex 38.3178 110.29 -27.7002
    endloop
  endfacet
  facet normal 0 0.0523697 -0.998628
    outer loop
      vertex 39.6039 109.354 -27.7986
      vertex 45.5 109.825 -27.7739
      vertex 45.5 109.354 -27.7986
    endloop
  endfacet
  facet normal -4.64748e-06 0.0524277 -0.998625
    outer loop
      vertex 39.0541 109.813 -27.7745
      vertex 45.5 109.825 -27.7739
      vertex 39.6039 109.354 -27.7986
    endloop
  endfacet
  facet normal 0 0.0499376 -0.998752
    outer loop
      vertex 45.5 109.825 -27.7739
      vertex 39.0541 109.813 -27.7745
      vertex 39.0363 109.825 -27.7739
    endloop
  endfacet
  facet normal 0 -0.998591 0.0530714
    outer loop
      vertex 42.4809 104.854 -23.2986
      vertex 45.5 104.879 -22.8282
      vertex 42.3448 104.879 -22.8282
    endloop
  endfacet
  facet normal 0 -0.998591 0.0530714
    outer loop
      vertex 45.5 104.879 -22.8282
      vertex 42.4809 104.854 -23.2986
      vertex 45.5 104.854 -23.2986
    endloop
  endfacet
  facet normal 0 -0.965867 0.259037
    outer loop
      vertex 42.1723 104.953 -22.3629
      vertex 45.5 105.075 -21.908
      vertex 41.9651 105.075 -21.908
    endloop
  endfacet
  facet normal 0 -0.965867 0.259037
    outer loop
      vertex 45.5 105.075 -21.908
      vertex 42.1723 104.953 -22.3629
      vertex 45.5 104.953 -22.3629
    endloop
  endfacet
  facet normal 0 -0.453652 0.891179
    outer loop
      vertex 45.5 107.524 -19.1876
      vertex 39.1973 107.104 -19.4014
      vertex 45.5 107.104 -19.4014
    endloop
  endfacet
  facet normal -4.23108e-05 -0.453148 0.891435
    outer loop
      vertex 45.5 107.524 -19.1876
      vertex 38.8348 107.37 -19.2662
      vertex 39.1973 107.104 -19.4014
    endloop
  endfacet
  facet normal 0 -0.454601 0.890695
    outer loop
      vertex 38.8348 107.37 -19.2662
      vertex 45.5 107.524 -19.1876
      vertex 38.5723 107.524 -19.1876
    endloop
  endfacet
  facet normal 0 -0.777542 0.628831
    outer loop
      vertex 41.09 105.714 -20.6535
      vertex 45.5 106.01 -20.2875
      vertex 40.6973 106.01 -20.2875
    endloop
  endfacet
  facet normal 0 -0.777542 0.628831
    outer loop
      vertex 45.5 106.01 -20.2875
      vertex 41.09 105.714 -20.6535
      vertex 45.5 105.714 -20.6535
    endloop
  endfacet
  facet normal 0 0.629345 -0.777126
    outer loop
      vertex 34.5325 111.999 -26.9391
      vertex 45.5 112.365 -26.6427
      vertex 45.5 111.999 -26.9391
    endloop
  endfacet
  facet normal 0.000203102 0.625662 -0.780094
    outer loop
      vertex 34.2837 112.08 -26.8742
      vertex 45.5 112.365 -26.6427
      vertex 34.5325 111.999 -26.9391
    endloop
  endfacet
  facet normal 0 0.63049 -0.776197
    outer loop
      vertex 45.5 112.365 -26.6427
      vertex 34.2837 112.08 -26.8742
      vertex 33.0146 112.365 -26.6427
    endloop
  endfacet
  facet normal 0 0.454512 -0.890741
    outer loop
      vertex 36.6812 111.185 -27.4095
      vertex 45.5 111.604 -27.1957
      vertex 45.5 111.185 -27.4095
    endloop
  endfacet
  facet normal -2.4381e-06 0.454552 -0.89072
    outer loop
      vertex 36.2815 111.369 -27.3156
      vertex 45.5 111.604 -27.1957
      vertex 36.6812 111.185 -27.4095
    endloop
  endfacet
  facet normal -1.13037e-05 0.454828 -0.890579
    outer loop
      vertex 35.9576 111.518 -27.2395
      vertex 45.5 111.604 -27.1957
      vertex 36.2815 111.369 -27.3156
    endloop
  endfacet
  facet normal 0 0.453833 -0.891087
    outer loop
      vertex 45.5 111.604 -27.1957
      vertex 35.9576 111.518 -27.2395
      vertex 35.7103 111.604 -27.1957
    endloop
  endfacet
  facet normal 0 0.544764 -0.838589
    outer loop
      vertex 35.7103 111.604 -27.1957
      vertex 45.5 111.999 -26.9391
      vertex 45.5 111.604 -27.1957
    endloop
  endfacet
  facet normal 0.000331582 0.538972 -0.842323
    outer loop
      vertex 35.6194 111.635 -27.1759
      vertex 45.5 111.999 -26.9391
      vertex 35.7103 111.604 -27.1957
    endloop
  endfacet
  facet normal 0 0.545312 -0.838233
    outer loop
      vertex 45.5 111.999 -26.9391
      vertex 35.6194 111.635 -27.1759
      vertex 34.5325 111.999 -26.9391
    endloop
  endfacet
  facet normal 0 0.690858 -0.722991
    outer loop
      vertex 45.5 112.699 -26.3096
      vertex 30.7858 112.69 -26.3182
      vertex 30.5831 112.699 -26.3096
    endloop
  endfacet
  facet normal -1.86673e-05 0.706643 -0.707571
    outer loop
      vertex 45.5 112.699 -26.3096
      vertex 32.205 112.509 -26.499
      vertex 30.7858 112.69 -26.3182
    endloop
  endfacet
  facet normal -9.03036e-05 0.70915 -0.705058
    outer loop
      vertex 45.5 112.699 -26.3096
      vertex 32.5533 112.465 -26.5433
      vertex 32.205 112.509 -26.499
    endloop
  endfacet
  facet normal 1.67765e-05 0.706188 -0.708024
    outer loop
      vertex 45.5 112.699 -26.3096
      vertex 32.8958 112.391 -26.6171
      vertex 32.5533 112.465 -26.5433
    endloop
  endfacet
  facet normal 0 0.706152 -0.70806
    outer loop
      vertex 33.0146 112.365 -26.6427
      vertex 45.5 112.699 -26.3096
      vertex 45.5 112.365 -26.6427
    endloop
  endfacet
  facet normal 0.000215401 0.702104 -0.712075
    outer loop
      vertex 45.5 112.699 -26.3096
      vertex 33.0146 112.365 -26.6427
      vertex 32.8958 112.391 -26.6171
    endloop
  endfacet
  facet normal 0 0.838201 -0.545361
    outer loop
      vertex 45.5 112.995 -25.9436
      vertex 29 113.252 -25.5486
      vertex 45.5 113.252 -25.5486
    endloop
  endfacet
  facet normal 0 0.838201 -0.545361
    outer loop
      vertex 29 113.252 -25.5486
      vertex 45.5 112.995 -25.9436
      vertex 29 112.995 -25.9436
    endloop
  endfacet
  facet normal 0 0.777542 -0.628831
    outer loop
      vertex 30.5831 112.699 -26.3096
      vertex 29 112.995 -25.9436
      vertex 45.5 112.995 -25.9436
    endloop
  endfacet
  facet normal 0.000280748 0.77722 -0.629229
    outer loop
      vertex 29 112.995 -25.9436
      vertex 30.4371 112.704 -26.3024
      vertex 29 112.762 -26.2314
    endloop
  endfacet
  facet normal 0 0.777542 -0.628831
    outer loop
      vertex 30.5831 112.699 -26.3096
      vertex 45.5 112.995 -25.9436
      vertex 45.5 112.699 -26.3096
    endloop
  endfacet
  facet normal -0.00548691 0.765793 -0.643063
    outer loop
      vertex 29 112.995 -25.9436
      vertex 30.5831 112.699 -26.3096
      vertex 30.4371 112.704 -26.3024
    endloop
  endfacet
  facet normal 0 0.987589 0.157063
    outer loop
      vertex 45.5 113.83 -22.8282
      vertex 29 113.756 -22.3629
      vertex 45.5 113.756 -22.3629
    endloop
  endfacet
  facet normal 0 0.987589 0.157063
    outer loop
      vertex 29 113.756 -22.3629
      vertex 45.5 113.83 -22.8282
      vertex 29 113.83 -22.8282
    endloop
  endfacet
  facet normal 0 0.933455 -0.358695
    outer loop
      vertex 45.5 113.465 -25.1289
      vertex 29 113.634 -24.6891
      vertex 45.5 113.634 -24.6891
    endloop
  endfacet
  facet normal 0 0.933455 -0.358695
    outer loop
      vertex 29 113.634 -24.6891
      vertex 45.5 113.465 -25.1289
      vertex 29 113.465 -25.1289
    endloop
  endfacet
  facet normal 0 0.987589 -0.157063
    outer loop
      vertex 45.5 113.756 -24.2342
      vertex 29 113.83 -23.7689
      vertex 45.5 113.83 -23.7689
    endloop
  endfacet
  facet normal 0 0.987589 -0.157063
    outer loop
      vertex 29 113.83 -23.7689
      vertex 45.5 113.756 -24.2342
      vertex 29 113.756 -24.2342
    endloop
  endfacet
  facet normal 0 0.965867 -0.259037
    outer loop
      vertex 45.5 113.634 -24.6891
      vertex 29 113.756 -24.2342
      vertex 45.5 113.756 -24.2342
    endloop
  endfacet
  facet normal 0 0.965867 -0.259037
    outer loop
      vertex 29 113.756 -24.2342
      vertex 45.5 113.634 -24.6891
      vertex 29 113.634 -24.6891
    endloop
  endfacet
  facet normal 0 0.0521582 0.998639
    outer loop
      vertex 45.5 109.825 -18.8232
      vertex 35.058 109.354 -18.7986
      vertex 45.5 109.354 -18.7986
    endloop
  endfacet
  facet normal 2.87014e-07 0.0521519 0.998639
    outer loop
      vertex 45.5 109.825 -18.8232
      vertex 34.1744 109.714 -18.8174
      vertex 35.058 109.354 -18.7986
    endloop
  endfacet
  facet normal 0 0.0521811 0.998638
    outer loop
      vertex 34.1744 109.714 -18.8174
      vertex 45.5 109.825 -18.8232
      vertex 33.7841 109.825 -18.8232
    endloop
  endfacet
  facet normal -0 0.629345 0.777126
    outer loop
      vertex 29 112.365 -19.9544
      vertex 45.5 111.999 -19.658
      vertex 45.5 112.365 -19.9544
    endloop
  endfacet
  facet normal 0 0.629345 0.777126
    outer loop
      vertex 45.5 111.999 -19.658
      vertex 29 112.365 -19.9544
      vertex 29 111.999 -19.658
    endloop
  endfacet
  facet normal 0 0.838264 0.545264
    outer loop
      vertex 45.5 113.252 -21.0486
      vertex 29 112.995 -20.6535
      vertex 45.5 112.995 -20.6535
    endloop
  endfacet
  facet normal 0 0.838264 0.545264
    outer loop
      vertex 29 112.995 -20.6535
      vertex 45.5 113.252 -21.0486
      vertex 29 113.252 -21.0486
    endloop
  endfacet
  facet normal -0 -0.934164 -0.356843
    outer loop
      vertex 45.5 105.243 -25.1289
      vertex 42.6573 105.075 -24.6891
      vertex 42.6366 105.243 -25.1289
    endloop
  endfacet
  facet normal 0 -0.934164 -0.356843
    outer loop
      vertex 42.6573 105.075 -24.6891
      vertex 45.5 105.243 -25.1289
      vertex 45.5 105.075 -24.6891
    endloop
  endfacet
  facet normal -0 -0.890876 -0.454247
    outer loop
      vertex 45.5 105.457 -25.5486
      vertex 42.6366 105.243 -25.1289
      vertex 42.5763 105.457 -25.5486
    endloop
  endfacet
  facet normal 0 -0.890876 -0.454247
    outer loop
      vertex 42.6366 105.243 -25.1289
      vertex 45.5 105.457 -25.5486
      vertex 45.5 105.243 -25.1289
    endloop
  endfacet
  facet normal -0 -0.707213 -0.707001
    outer loop
      vertex 45.5 106.343 -26.6427
      vertex 42.3396 106.01 -26.3096
      vertex 42.1659 106.343 -26.6427
    endloop
  endfacet
  facet normal 0 -0.707213 -0.707001
    outer loop
      vertex 42.3396 106.01 -26.3096
      vertex 45.5 106.343 -26.6427
      vertex 45.5 106.01 -26.3096
    endloop
  endfacet
  facet normal 0 -0.544764 -0.838589
    outer loop
      vertex 41.9575 106.709 -26.9391
      vertex 45.5 107.104 -27.1957
      vertex 45.5 106.709 -26.9391
    endloop
  endfacet
  facet normal -5.15043e-05 -0.54444 -0.8388
    outer loop
      vertex 41.8633 106.864 -27.0397
      vertex 45.5 107.104 -27.1957
      vertex 41.9575 106.709 -26.9391
    endloop
  endfacet
  facet normal -0 -0.544988 -0.838444
    outer loop
      vertex 45.5 107.104 -27.1957
      vertex 41.8633 106.864 -27.0397
      vertex 41.717 107.104 -27.1957
    endloop
  endfacet
  facet normal 0 -0.358183 -0.933652
    outer loop
      vertex 41.3924 107.524 -27.4095
      vertex 45.5 107.964 -27.5783
      vertex 45.5 107.524 -27.4095
    endloop
  endfacet
  facet normal -0 -0.358183 -0.933652
    outer loop
      vertex 45.5 107.964 -27.5783
      vertex 41.3924 107.524 -27.4095
      vertex 41.0236 107.964 -27.5783
    endloop
  endfacet
  facet normal 0 -0.258786 -0.965935
    outer loop
      vertex 41.0236 107.964 -27.5783
      vertex 45.5 108.419 -27.7002
      vertex 45.5 107.964 -27.5783
    endloop
  endfacet
  facet normal -0 -0.258786 -0.965935
    outer loop
      vertex 45.5 108.419 -27.7002
      vertex 41.0236 107.964 -27.5783
      vertex 40.6262 108.419 -27.7002
    endloop
  endfacet
  facet normal 0 -0.987589 -0.157063
    outer loop
      vertex 42.638 104.953 -24.2342
      vertex 45.5 104.879 -23.7689
      vertex 42.579 104.879 -23.7689
    endloop
  endfacet
  facet normal 0 -0.987589 -0.157063
    outer loop
      vertex 45.5 104.879 -23.7689
      vertex 42.638 104.953 -24.2342
      vertex 45.5 104.953 -24.2342
    endloop
  endfacet
  facet normal 0 -0.897063 0.441903
    outer loop
      vertex 41.4694 105.447 -21.0689
      vertex 45.5 105.457 -21.0486
      vertex 41.4534 105.457 -21.0486
    endloop
  endfacet
  facet normal -8.44018e-05 -0.890318 0.455339
    outer loop
      vertex 41.581 105.358 -21.2429
      vertex 45.5 105.457 -21.0486
      vertex 41.4694 105.447 -21.0689
    endloop
  endfacet
  facet normal -3.89107e-05 -0.89069 0.454611
    outer loop
      vertex 41.7256 105.243 -21.4682
      vertex 45.5 105.457 -21.0486
      vertex 41.581 105.358 -21.2429
    endloop
  endfacet
  facet normal 0 -0.890832 0.454333
    outer loop
      vertex 45.5 105.457 -21.0486
      vertex 41.7256 105.243 -21.4682
      vertex 45.5 105.243 -21.4682
    endloop
  endfacet
  facet normal 0 -0.987589 0.157063
    outer loop
      vertex 42.3448 104.879 -22.8282
      vertex 45.5 104.953 -22.3629
      vertex 42.1723 104.953 -22.3629
    endloop
  endfacet
  facet normal 0 -0.987589 0.157063
    outer loop
      vertex 45.5 104.953 -22.3629
      vertex 42.3448 104.879 -22.8282
      vertex 45.5 104.879 -22.8282
    endloop
  endfacet
  facet normal 0 -0.965867 -0.259037
    outer loop
      vertex 42.6573 105.075 -24.6891
      vertex 45.5 104.953 -24.2342
      vertex 42.638 104.953 -24.2342
    endloop
  endfacet
  facet normal 0 -0.965867 -0.259037
    outer loop
      vertex 45.5 104.953 -24.2342
      vertex 42.6573 105.075 -24.6891
      vertex 45.5 105.075 -24.6891
    endloop
  endfacet
  facet normal 0 -0.934164 0.356843
    outer loop
      vertex 41.9651 105.075 -21.908
      vertex 45.5 105.243 -21.4682
      vertex 41.7256 105.243 -21.4682
    endloop
  endfacet
  facet normal 0 -0.934164 0.356843
    outer loop
      vertex 45.5 105.243 -21.4682
      vertex 41.9651 105.075 -21.908
      vertex 45.5 105.075 -21.908
    endloop
  endfacet
  facet normal 0 -0.707213 0.707001
    outer loop
      vertex 40.6973 106.01 -20.2875
      vertex 45.5 106.343 -19.9544
      vertex 40.2796 106.343 -19.9544
    endloop
  endfacet
  facet normal 0 -0.707213 0.707001
    outer loop
      vertex 45.5 106.343 -19.9544
      vertex 40.6973 106.01 -20.2875
      vertex 45.5 106.01 -20.2875
    endloop
  endfacet
  facet normal 0 -0.544764 0.838589
    outer loop
      vertex 45.5 107.104 -19.4014
      vertex 39.757 106.709 -19.658
      vertex 45.5 106.709 -19.658
    endloop
  endfacet
  facet normal 0 -0.544764 0.838589
    outer loop
      vertex 39.757 106.709 -19.658
      vertex 45.5 107.104 -19.4014
      vertex 39.1973 107.104 -19.4014
    endloop
  endfacet
  facet normal 0 -0.358183 0.933652
    outer loop
      vertex 45.5 107.964 -19.0188
      vertex 38.5723 107.524 -19.1876
      vertex 45.5 107.524 -19.1876
    endloop
  endfacet
  facet normal 0 -0.358183 0.933652
    outer loop
      vertex 38.5723 107.524 -19.1876
      vertex 45.5 107.964 -19.0188
      vertex 37.8487 107.964 -19.0188
    endloop
  endfacet
  facet normal 0 -0.629345 0.777126
    outer loop
      vertex 45.5 106.709 -19.658
      vertex 40.2796 106.343 -19.9544
      vertex 45.5 106.343 -19.9544
    endloop
  endfacet
  facet normal -0.000255748 -0.627139 0.778907
    outer loop
      vertex 45.5 106.709 -19.658
      vertex 40.2046 106.406 -19.9037
      vertex 40.2796 106.343 -19.9544
    endloop
  endfacet
  facet normal 0.000138855 -0.631302 0.775537
    outer loop
      vertex 45.5 106.709 -19.658
      vertex 40.0904 106.483 -19.841
      vertex 40.2046 106.406 -19.9037
    endloop
  endfacet
  facet normal 0 -0.629297 0.777165
    outer loop
      vertex 40.0904 106.483 -19.841
      vertex 45.5 106.709 -19.658
      vertex 39.757 106.709 -19.658
    endloop
  endfacet
  facet normal 0 0.965867 0.259037
    outer loop
      vertex 45.5 113.756 -22.3629
      vertex 29 113.634 -21.908
      vertex 45.5 113.634 -21.908
    endloop
  endfacet
  facet normal 0 0.965867 0.259037
    outer loop
      vertex 29 113.634 -21.908
      vertex 45.5 113.756 -22.3629
      vertex 29 113.756 -22.3629
    endloop
  endfacet
  facet normal 0 0.998701 0.0509541
    outer loop
      vertex 45.5 113.854 -23.2986
      vertex 29 113.83 -22.8282
      vertex 45.5 113.83 -22.8282
    endloop
  endfacet
  facet normal 0 0.998701 0.0509541
    outer loop
      vertex 29 113.83 -22.8282
      vertex 45.5 113.854 -23.2986
      vertex 29 113.854 -23.2986
    endloop
  endfacet
  facet normal -0 0.358183 0.933652
    outer loop
      vertex 29 111.185 -19.1876
      vertex 45.5 110.745 -19.0188
      vertex 45.5 111.185 -19.1876
    endloop
  endfacet
  facet normal 0 0.358183 0.933652
    outer loop
      vertex 45.5 110.745 -19.0188
      vertex 29 111.185 -19.1876
      vertex 29 110.745 -19.0188
    endloop
  endfacet
  facet normal 0 -0.0522689 0.998633
    outer loop
      vertex 45.5 109.354 -18.7986
      vertex 36.1411 108.884 -18.8232
      vertex 45.5 108.884 -18.8232
    endloop
  endfacet
  facet normal -2.14309e-06 -0.0522263 0.998635
    outer loop
      vertex 45.5 109.354 -18.7986
      vertex 35.9321 108.993 -18.8175
      vertex 36.1411 108.884 -18.8232
    endloop
  endfacet
  facet normal 2.37619e-05 -0.052911 0.998599
    outer loop
      vertex 45.5 109.354 -18.7986
      vertex 35.8071 109.059 -18.814
      vertex 35.9321 108.993 -18.8175
    endloop
  endfacet
  facet normal -7.90959e-06 -0.0518732 0.998654
    outer loop
      vertex 45.5 109.354 -18.7986
      vertex 35.6753 109.111 -18.8113
      vertex 35.8071 109.059 -18.814
    endloop
  endfacet
  facet normal 0 -0.0521921 0.998637
    outer loop
      vertex 35.6753 109.111 -18.8113
      vertex 45.5 109.354 -18.7986
      vertex 35.058 109.354 -18.7986
    endloop
  endfacet
  facet normal -0 0.544764 0.838589
    outer loop
      vertex 29 111.999 -19.658
      vertex 45.5 111.604 -19.4014
      vertex 45.5 111.999 -19.658
    endloop
  endfacet
  facet normal 0 0.544764 0.838589
    outer loop
      vertex 45.5 111.604 -19.4014
      vertex 29 111.999 -19.658
      vertex 29 111.604 -19.4014
    endloop
  endfacet
  facet normal 0 0.706152 0.70806
    outer loop
      vertex 45.5 112.699 -20.2875
      vertex 29 112.365 -19.9544
      vertex 45.5 112.365 -19.9544
    endloop
  endfacet
  facet normal 0 0.706152 0.70806
    outer loop
      vertex 29 112.365 -19.9544
      vertex 45.5 112.699 -20.2875
      vertex 29 112.699 -20.2875
    endloop
  endfacet
  facet normal -0 -0.777542 -0.628831
    outer loop
      vertex 45.5 106.01 -26.3096
      vertex 42.4769 105.714 -25.9436
      vertex 42.3396 106.01 -26.3096
    endloop
  endfacet
  facet normal 0 -0.777542 -0.628831
    outer loop
      vertex 42.4769 105.714 -25.9436
      vertex 45.5 106.01 -26.3096
      vertex 45.5 105.714 -25.9436
    endloop
  endfacet
  facet normal 0 -0.629345 -0.777126
    outer loop
      vertex 42.1659 106.343 -26.6427
      vertex 45.5 106.709 -26.9391
      vertex 45.5 106.343 -26.6427
    endloop
  endfacet
  facet normal -0 -0.629345 -0.777126
    outer loop
      vertex 45.5 106.709 -26.9391
      vertex 42.1659 106.343 -26.6427
      vertex 41.9575 106.709 -26.9391
    endloop
  endfacet
  facet normal 0 -0.0524808 -0.998622
    outer loop
      vertex 40.1499 108.884 -27.7739
      vertex 45.5 109.354 -27.7986
      vertex 45.5 108.884 -27.7739
    endloop
  endfacet
  facet normal -0 -0.0524808 -0.998622
    outer loop
      vertex 45.5 109.354 -27.7986
      vertex 40.1499 108.884 -27.7739
      vertex 39.6039 109.354 -27.7986
    endloop
  endfacet
  facet normal 0 -0.99859 -0.0530826
    outer loop
      vertex 42.579 104.879 -23.7689
      vertex 45.5 104.854 -23.2986
      vertex 42.4809 104.854 -23.2986
    endloop
  endfacet
  facet normal 0 -0.99859 -0.0530826
    outer loop
      vertex 45.5 104.854 -23.2986
      vertex 42.579 104.879 -23.7689
      vertex 45.5 104.879 -23.7689
    endloop
  endfacet
  facet normal 1 0 0
    outer loop
      vertex 45.5 113.83 -22.8282
      vertex 45.5 113.83 -23.7689
      vertex 45.5 113.854 -23.2986
    endloop
  endfacet
  facet normal 1 0 0
    outer loop
      vertex 45.5 113.756 -22.3629
      vertex 45.5 113.83 -23.7689
      vertex 45.5 113.83 -22.8282
    endloop
  endfacet
  facet normal 1 0 0
    outer loop
      vertex 45.5 113.756 -22.3629
      vertex 45.5 113.756 -24.2342
      vertex 45.5 113.83 -23.7689
    endloop
  endfacet
  facet normal 1 0 0
    outer loop
      vertex 45.5 113.634 -21.908
      vertex 45.5 113.756 -24.2342
      vertex 45.5 113.756 -22.3629
    endloop
  endfacet
  facet normal 1 0 0
    outer loop
      vertex 45.5 113.634 -21.908
      vertex 45.5 113.634 -24.6891
      vertex 45.5 113.756 -24.2342
    endloop
  endfacet
  facet normal 1 0 0
    outer loop
      vertex 45.5 113.465 -21.4682
      vertex 45.5 113.634 -24.6891
      vertex 45.5 113.634 -21.908
    endloop
  endfacet
  facet normal 1 0 0
    outer loop
      vertex 45.5 113.465 -21.4682
      vertex 45.5 113.465 -25.1289
      vertex 45.5 113.634 -24.6891
    endloop
  endfacet
  facet normal 1 0 0
    outer loop
      vertex 45.5 113.252 -21.0486
      vertex 45.5 113.465 -25.1289
      vertex 45.5 113.465 -21.4682
    endloop
  endfacet
  facet normal 1 0 0
    outer loop
      vertex 45.5 113.252 -21.0486
      vertex 45.5 113.252 -25.5486
      vertex 45.5 113.465 -25.1289
    endloop
  endfacet
  facet normal 1 0 0
    outer loop
      vertex 45.5 112.995 -20.6535
      vertex 45.5 113.252 -25.5486
      vertex 45.5 113.252 -21.0486
    endloop
  endfacet
  facet normal 1 0 0
    outer loop
      vertex 45.5 112.995 -20.6535
      vertex 45.5 112.995 -25.9436
      vertex 45.5 113.252 -25.5486
    endloop
  endfacet
  facet normal 1 0 0
    outer loop
      vertex 45.5 112.699 -20.2875
      vertex 45.5 112.995 -25.9436
      vertex 45.5 112.995 -20.6535
    endloop
  endfacet
  facet normal 1 0 0
    outer loop
      vertex 45.5 112.699 -20.2875
      vertex 45.5 112.699 -26.3096
      vertex 45.5 112.995 -25.9436
    endloop
  endfacet
  facet normal 1 0 0
    outer loop
      vertex 45.5 112.365 -19.9544
      vertex 45.5 112.699 -26.3096
      vertex 45.5 112.699 -20.2875
    endloop
  endfacet
  facet normal 1 0 0
    outer loop
      vertex 45.5 112.365 -19.9544
      vertex 45.5 112.365 -26.6427
      vertex 45.5 112.699 -26.3096
    endloop
  endfacet
  facet normal 1 0 0
    outer loop
      vertex 45.5 111.999 -19.658
      vertex 45.5 112.365 -26.6427
      vertex 45.5 112.365 -19.9544
    endloop
  endfacet
  facet normal 1 0 0
    outer loop
      vertex 45.5 111.999 -19.658
      vertex 45.5 111.999 -26.9391
      vertex 45.5 112.365 -26.6427
    endloop
  endfacet
  facet normal 1 0 0
    outer loop
      vertex 45.5 111.604 -19.4014
      vertex 45.5 111.999 -26.9391
      vertex 45.5 111.999 -19.658
    endloop
  endfacet
  facet normal 1 0 0
    outer loop
      vertex 45.5 111.604 -19.4014
      vertex 45.5 111.604 -27.1957
      vertex 45.5 111.999 -26.9391
    endloop
  endfacet
  facet normal 1 0 0
    outer loop
      vertex 45.5 111.185 -19.1876
      vertex 45.5 111.604 -27.1957
      vertex 45.5 111.604 -19.4014
    endloop
  endfacet
  facet normal 1 0 0
    outer loop
      vertex 45.5 111.185 -19.1876
      vertex 45.5 111.185 -27.4095
      vertex 45.5 111.604 -27.1957
    endloop
  endfacet
  facet normal 1 0 0
    outer loop
      vertex 45.5 110.745 -19.0188
      vertex 45.5 111.185 -27.4095
      vertex 45.5 111.185 -19.1876
    endloop
  endfacet
  facet normal 1 0 0
    outer loop
      vertex 45.5 110.745 -19.0188
      vertex 45.5 110.745 -27.5783
      vertex 45.5 111.185 -27.4095
    endloop
  endfacet
  facet normal 1 0 0
    outer loop
      vertex 45.5 110.29 -18.8969
      vertex 45.5 110.745 -27.5783
      vertex 45.5 110.745 -19.0188
    endloop
  endfacet
  facet normal 1 0 0
    outer loop
      vertex 45.5 110.29 -18.8969
      vertex 45.5 110.29 -27.7002
      vertex 45.5 110.745 -27.5783
    endloop
  endfacet
  facet normal 1 0 0
    outer loop
      vertex 45.5 109.825 -18.8232
      vertex 45.5 110.29 -27.7002
      vertex 45.5 110.29 -18.8969
    endloop
  endfacet
  facet normal 1 0 0
    outer loop
      vertex 45.5 109.825 -18.8232
      vertex 45.5 109.825 -27.7739
      vertex 45.5 110.29 -27.7002
    endloop
  endfacet
  facet normal 1 0 0
    outer loop
      vertex 45.5 109.354 -18.7986
      vertex 45.5 109.825 -27.7739
      vertex 45.5 109.825 -18.8232
    endloop
  endfacet
  facet normal 1 0 0
    outer loop
      vertex 45.5 109.354 -18.7986
      vertex 45.5 109.354 -27.7986
      vertex 45.5 109.825 -27.7739
    endloop
  endfacet
  facet normal 1 -0 0
    outer loop
      vertex 45.5 108.884 -18.8232
      vertex 45.5 109.354 -27.7986
      vertex 45.5 109.354 -18.7986
    endloop
  endfacet
  facet normal 1 0 0
    outer loop
      vertex 45.5 108.884 -18.8232
      vertex 45.5 108.884 -27.7739
      vertex 45.5 109.354 -27.7986
    endloop
  endfacet
  facet normal 1 -0 0
    outer loop
      vertex 45.5 108.419 -18.8969
      vertex 45.5 108.884 -27.7739
      vertex 45.5 108.884 -18.8232
    endloop
  endfacet
  facet normal 1 0 0
    outer loop
      vertex 45.5 108.419 -18.8969
      vertex 45.5 108.419 -27.7002
      vertex 45.5 108.884 -27.7739
    endloop
  endfacet
  facet normal 1 -0 0
    outer loop
      vertex 45.5 107.964 -19.0188
      vertex 45.5 108.419 -27.7002
      vertex 45.5 108.419 -18.8969
    endloop
  endfacet
  facet normal 1 0 0
    outer loop
      vertex 45.5 107.964 -19.0188
      vertex 45.5 107.964 -27.5783
      vertex 45.5 108.419 -27.7002
    endloop
  endfacet
  facet normal 1 -0 0
    outer loop
      vertex 45.5 107.524 -19.1876
      vertex 45.5 107.964 -27.5783
      vertex 45.5 107.964 -19.0188
    endloop
  endfacet
  facet normal 1 0 0
    outer loop
      vertex 45.5 107.524 -19.1876
      vertex 45.5 107.524 -27.4095
      vertex 45.5 107.964 -27.5783
    endloop
  endfacet
  facet normal 1 -0 0
    outer loop
      vertex 45.5 107.104 -19.4014
      vertex 45.5 107.524 -27.4095
      vertex 45.5 107.524 -19.1876
    endloop
  endfacet
  facet normal 1 0 0
    outer loop
      vertex 45.5 107.104 -19.4014
      vertex 45.5 107.104 -27.1957
      vertex 45.5 107.524 -27.4095
    endloop
  endfacet
  facet normal 1 -0 0
    outer loop
      vertex 45.5 106.709 -19.658
      vertex 45.5 107.104 -27.1957
      vertex 45.5 107.104 -19.4014
    endloop
  endfacet
  facet normal 1 0 0
    outer loop
      vertex 45.5 106.709 -19.658
      vertex 45.5 106.709 -26.9391
      vertex 45.5 107.104 -27.1957
    endloop
  endfacet
  facet normal 1 -0 0
    outer loop
      vertex 45.5 106.343 -19.9544
      vertex 45.5 106.709 -26.9391
      vertex 45.5 106.709 -19.658
    endloop
  endfacet
  facet normal 1 0 0
    outer loop
      vertex 45.5 106.343 -19.9544
      vertex 45.5 106.343 -26.6427
      vertex 45.5 106.709 -26.9391
    endloop
  endfacet
  facet normal 1 -0 0
    outer loop
      vertex 45.5 106.01 -20.2875
      vertex 45.5 106.343 -26.6427
      vertex 45.5 106.343 -19.9544
    endloop
  endfacet
  facet normal 1 0 0
    outer loop
      vertex 45.5 106.01 -20.2875
      vertex 45.5 106.01 -26.3096
      vertex 45.5 106.343 -26.6427
    endloop
  endfacet
  facet normal 1 -0 0
    outer loop
      vertex 45.5 105.714 -20.6535
      vertex 45.5 106.01 -26.3096
      vertex 45.5 106.01 -20.2875
    endloop
  endfacet
  facet normal 1 0 0
    outer loop
      vertex 45.5 105.714 -20.6535
      vertex 45.5 105.714 -25.9436
      vertex 45.5 106.01 -26.3096
    endloop
  endfacet
  facet normal 1 -0 0
    outer loop
      vertex 45.5 105.457 -21.0486
      vertex 45.5 105.714 -25.9436
      vertex 45.5 105.714 -20.6535
    endloop
  endfacet
  facet normal 1 0 0
    outer loop
      vertex 45.5 105.457 -21.0486
      vertex 45.5 105.457 -25.5486
      vertex 45.5 105.714 -25.9436
    endloop
  endfacet
  facet normal 1 -0 0
    outer loop
      vertex 45.5 105.243 -21.4682
      vertex 45.5 105.457 -25.5486
      vertex 45.5 105.457 -21.0486
    endloop
  endfacet
  facet normal 1 0 0
    outer loop
      vertex 45.5 105.243 -21.4682
      vertex 45.5 105.243 -25.1289
      vertex 45.5 105.457 -25.5486
    endloop
  endfacet
  facet normal 1 -0 0
    outer loop
      vertex 45.5 105.075 -21.908
      vertex 45.5 105.243 -25.1289
      vertex 45.5 105.243 -21.4682
    endloop
  endfacet
  facet normal 1 0 0
    outer loop
      vertex 45.5 105.075 -21.908
      vertex 45.5 105.075 -24.6891
      vertex 45.5 105.243 -25.1289
    endloop
  endfacet
  facet normal 1 -0 0
    outer loop
      vertex 45.5 104.953 -22.3629
      vertex 45.5 105.075 -24.6891
      vertex 45.5 105.075 -21.908
    endloop
  endfacet
  facet normal 1 0 0
    outer loop
      vertex 45.5 104.953 -22.3629
      vertex 45.5 104.953 -24.2342
      vertex 45.5 105.075 -24.6891
    endloop
  endfacet
  facet normal 1 -0 0
    outer loop
      vertex 45.5 104.879 -22.8282
      vertex 45.5 104.953 -24.2342
      vertex 45.5 104.953 -22.3629
    endloop
  endfacet
  facet normal 1 0 0
    outer loop
      vertex 45.5 104.879 -22.8282
      vertex 45.5 104.879 -23.7689
      vertex 45.5 104.953 -24.2342
    endloop
  endfacet
  facet normal 1 0 -0
    outer loop
      vertex 45.5 104.879 -23.7689
      vertex 45.5 104.879 -22.8282
      vertex 45.5 104.854 -23.2986
    endloop
  endfacet
  facet normal 0 0.258786 -0.965935
    outer loop
      vertex 38.3178 110.29 -27.7002
      vertex 45.5 110.745 -27.5783
      vertex 45.5 110.29 -27.7002
    endloop
  endfacet
  facet normal -2.115e-05 0.259097 -0.965851
    outer loop
      vertex 37.8599 110.577 -27.6232
      vertex 45.5 110.745 -27.5783
      vertex 38.3178 110.29 -27.7002
    endloop
  endfacet
  facet normal 0 0.258199 -0.966092
    outer loop
      vertex 45.5 110.745 -27.5783
      vertex 37.8599 110.577 -27.6232
      vertex 37.5928 110.745 -27.5783
    endloop
  endfacet
  facet normal 0 0.358183 -0.933652
    outer loop
      vertex 30.8644 125.911 -71.0179
      vertex 46.5 126.351 -70.8491
      vertex 46.5 125.911 -71.0179
    endloop
  endfacet
  facet normal -0.000179373 0.35752 -0.933905
    outer loop
      vertex 29 126.351 -70.8491
      vertex 30.8644 125.911 -71.0179
      vertex 29.4687 125.979 -70.9916
    endloop
  endfacet
  facet normal 2.22642e-05 0.357742 -0.933821
    outer loop
      vertex 29 126.351 -70.8491
      vertex 29.4687 125.979 -70.9916
      vertex 29 126.002 -70.9828
    endloop
  endfacet
  facet normal 0 0.358183 -0.933652
    outer loop
      vertex 30.8644 125.911 -71.0179
      vertex 29 126.351 -70.8491
      vertex 46.5 126.351 -70.8491
    endloop
  endfacet
  facet normal 0 -0.258786 0.965935
    outer loop
      vertex 46.5 123.585 -62.3365
      vertex 32.4289 123.13 -62.4584
      vertex 46.5 123.13 -62.4584
    endloop
  endfacet
  facet normal 4.96651e-05 -0.260218 0.96555
    outer loop
      vertex 46.5 123.585 -62.3365
      vertex 31.5998 123.256 -62.4244
      vertex 32.4289 123.13 -62.4584
    endloop
  endfacet
  facet normal -2.18998e-05 -0.257194 0.96636
    outer loop
      vertex 46.5 123.585 -62.3365
      vertex 30.9516 123.356 -62.3978
      vertex 31.5998 123.256 -62.4244
    endloop
  endfacet
  facet normal 0 -0.258581 0.965989
    outer loop
      vertex 29 123.585 -62.3365
      vertex 30.9516 123.356 -62.3978
      vertex 46.5 123.585 -62.3365
    endloop
  endfacet
  facet normal 0.000260969 -0.256506 0.966543
    outer loop
      vertex 30.9516 123.356 -62.3978
      vertex 29 123.585 -62.3365
      vertex 29.6553 123.421 -62.3802
    endloop
  endfacet
  facet normal 0.000197024 -0.256744 0.966479
    outer loop
      vertex 29.6553 123.421 -62.3802
      vertex 29 123.585 -62.3365
      vertex 29 123.454 -62.3713
    endloop
  endfacet
  facet normal 0 0.933455 0.358695
    outer loop
      vertex 46.5 128.8 -65.3476
      vertex 29 128.631 -64.9078
      vertex 46.5 128.631 -64.9078
    endloop
  endfacet
  facet normal 0 0.933455 0.358695
    outer loop
      vertex 29 128.631 -64.9078
      vertex 46.5 128.8 -65.3476
      vertex 29 128.8 -65.3476
    endloop
  endfacet
  facet normal 0 -0.838309 0.545196
    outer loop
      vertex 39.4689 120.686 -64.3914
      vertex 46.5 120.88 -64.0931
      vertex 39.0496 120.88 -64.0931
    endloop
  endfacet
  facet normal -3.8496e-05 -0.837894 0.545833
    outer loop
      vertex 39.6048 120.623 -64.4881
      vertex 46.5 120.88 -64.0931
      vertex 39.4689 120.686 -64.3914
    endloop
  endfacet
  facet normal 0 -0.838201 0.545361
    outer loop
      vertex 46.5 120.88 -64.0931
      vertex 39.6048 120.623 -64.4881
      vertex 46.5 120.623 -64.4881
    endloop
  endfacet
  facet normal -0 0.454512 0.890741
    outer loop
      vertex 29 126.77 -62.841
      vertex 46.5 126.351 -62.6272
      vertex 46.5 126.77 -62.841
    endloop
  endfacet
  facet normal 0 0.454512 0.890741
    outer loop
      vertex 46.5 126.351 -62.6272
      vertex 29 126.77 -62.841
      vertex 29 126.351 -62.6272
    endloop
  endfacet
  facet normal 0 0.776587 0.630009
    outer loop
      vertex 46.5 128.161 -64.0931
      vertex 29 127.864 -63.727
      vertex 46.5 127.864 -63.727
    endloop
  endfacet
  facet normal 0 0.776587 0.630009
    outer loop
      vertex 29 127.864 -63.727
      vertex 46.5 128.161 -64.0931
      vertex 29 128.161 -64.0931
    endloop
  endfacet
  facet normal 0 -0.629345 0.777126
    outer loop
      vertex 46.5 121.875 -63.0976
      vertex 37.6616 121.509 -63.394
      vertex 46.5 121.509 -63.394
    endloop
  endfacet
  facet normal 0 -0.629345 0.777126
    outer loop
      vertex 37.6616 121.509 -63.394
      vertex 46.5 121.875 -63.0976
      vertex 36.8057 121.875 -63.0976
    endloop
  endfacet
  facet normal -0 0.0523697 0.998628
    outer loop
      vertex 29 124.991 -62.2628
      vertex 46.5 124.52 -62.2381
      vertex 46.5 124.991 -62.2628
    endloop
  endfacet
  facet normal 0 0.0523697 0.998628
    outer loop
      vertex 46.5 124.52 -62.2381
      vertex 29 124.991 -62.2628
      vertex 29 124.52 -62.2381
    endloop
  endfacet
  facet normal 0 0.839171 0.543868
    outer loop
      vertex 46.5 128.417 -64.4881
      vertex 29 128.161 -64.0931
      vertex 46.5 128.161 -64.0931
    endloop
  endfacet
  facet normal 0 0.839171 0.543868
    outer loop
      vertex 29 128.161 -64.0931
      vertex 46.5 128.417 -64.4881
      vertex 29 128.417 -64.4881
    endloop
  endfacet
  facet normal 0 0.0521582 -0.998639
    outer loop
      vertex 36.3483 124.52 -71.2381
      vertex 46.5 124.991 -71.2135
      vertex 46.5 124.52 -71.2381
    endloop
  endfacet
  facet normal 6.53685e-08 0.0521568 -0.998639
    outer loop
      vertex 35.3253 124.924 -71.217
      vertex 46.5 124.991 -71.2135
      vertex 36.3483 124.52 -71.2381
    endloop
  endfacet
  facet normal 0 0.0521677 -0.998638
    outer loop
      vertex 46.5 124.991 -71.2135
      vertex 35.3253 124.924 -71.217
      vertex 35.1556 124.991 -71.2135
    endloop
  endfacet
  facet normal 0 -0.987589 0.157063
    outer loop
      vertex 41.0147 120.045 -66.2678
      vertex 46.5 120.119 -65.8025
      vertex 40.7581 120.119 -65.8025
    endloop
  endfacet
  facet normal 0 -0.987589 0.157063
    outer loop
      vertex 46.5 120.119 -65.8025
      vertex 41.0147 120.045 -66.2678
      vertex 46.5 120.045 -66.2678
    endloop
  endfacet
  facet normal 0 -0.453652 0.891179
    outer loop
      vertex 46.5 122.69 -62.6272
      vertex 35.6961 122.27 -62.841
      vertex 46.5 122.27 -62.841
    endloop
  endfacet
  facet normal -8.37655e-05 -0.45194 0.892048
    outer loop
      vertex 46.5 122.69 -62.6272
      vertex 35.3816 122.38 -62.7853
      vertex 35.6961 122.27 -62.841
    endloop
  endfacet
  facet normal 1.95122e-05 -0.454881 0.890552
    outer loop
      vertex 46.5 122.69 -62.6272
      vertex 34.7698 122.592 -62.677
      vertex 35.3816 122.38 -62.7853
    endloop
  endfacet
  facet normal 0 -0.453026 0.891497
    outer loop
      vertex 34.7698 122.592 -62.677
      vertex 46.5 122.69 -62.6272
      vertex 34.3672 122.69 -62.6272
    endloop
  endfacet
  facet normal 0 0.454512 -0.890741
    outer loop
      vertex 29 126.351 -70.8491
      vertex 46.5 126.77 -70.6353
      vertex 46.5 126.351 -70.8491
    endloop
  endfacet
  facet normal 0 0.454512 -0.890741
    outer loop
      vertex 46.5 126.77 -70.6353
      vertex 29 126.351 -70.8491
      vertex 29 126.77 -70.6353
    endloop
  endfacet
  facet normal 0 0.629345 -0.777126
    outer loop
      vertex 29 127.165 -70.3787
      vertex 46.5 127.531 -70.0823
      vertex 46.5 127.165 -70.3787
    endloop
  endfacet
  facet normal 0 0.629345 -0.777126
    outer loop
      vertex 46.5 127.531 -70.0823
      vertex 29 127.165 -70.3787
      vertex 29 127.531 -70.0823
    endloop
  endfacet
  facet normal 0 0.839234 -0.543771
    outer loop
      vertex 46.5 128.161 -69.3832
      vertex 29 128.417 -68.9881
      vertex 46.5 128.417 -68.9881
    endloop
  endfacet
  facet normal 0 0.839234 -0.543771
    outer loop
      vertex 29 128.417 -68.9881
      vertex 46.5 128.161 -69.3832
      vertex 29 128.161 -69.3832
    endloop
  endfacet
  facet normal 0 0.707213 -0.707001
    outer loop
      vertex 46.5 127.531 -70.0823
      vertex 29 127.864 -69.7492
      vertex 46.5 127.864 -69.7492
    endloop
  endfacet
  facet normal 0 0.707213 -0.707001
    outer loop
      vertex 29 127.864 -69.7492
      vertex 46.5 127.531 -70.0823
      vertex 29 127.531 -70.0823
    endloop
  endfacet
  facet normal 0 0.987589 0.157063
    outer loop
      vertex 46.5 128.996 -66.2678
      vertex 29 128.922 -65.8025
      vertex 46.5 128.922 -65.8025
    endloop
  endfacet
  facet normal 0 0.987589 0.157063
    outer loop
      vertex 29 128.922 -65.8025
      vertex 46.5 128.996 -66.2678
      vertex 29 128.996 -66.2678
    endloop
  endfacet
  facet normal 0 0.9987 0.0509649
    outer loop
      vertex 46.5 129.02 -66.7381
      vertex 29 128.996 -66.2678
      vertex 46.5 128.996 -66.2678
    endloop
  endfacet
  facet normal 0 0.9987 0.0509649
    outer loop
      vertex 29 128.996 -66.2678
      vertex 46.5 129.02 -66.7381
      vertex 29 129.02 -66.7381
    endloop
  endfacet
  facet normal 0 0.965867 0.259037
    outer loop
      vertex 46.5 128.922 -65.8025
      vertex 29 128.8 -65.3476
      vertex 46.5 128.8 -65.3476
    endloop
  endfacet
  facet normal 0 0.965867 0.259037
    outer loop
      vertex 29 128.8 -65.3476
      vertex 46.5 128.922 -65.8025
      vertex 29 128.922 -65.8025
    endloop
  endfacet
  facet normal 0 0.987583 -0.157096
    outer loop
      vertex 46.5 128.922 -67.6737
      vertex 29 128.996 -67.2085
      vertex 46.5 128.996 -67.2085
    endloop
  endfacet
  facet normal 0 0.987583 -0.157096
    outer loop
      vertex 29 128.996 -67.2085
      vertex 46.5 128.922 -67.6737
      vertex 29 128.922 -67.6737
    endloop
  endfacet
  facet normal 0 0.933455 -0.358695
    outer loop
      vertex 46.5 128.631 -68.5685
      vertex 29 128.8 -68.1287
      vertex 46.5 128.8 -68.1287
    endloop
  endfacet
  facet normal 0 0.933455 -0.358695
    outer loop
      vertex 29 128.8 -68.1287
      vertex 46.5 128.631 -68.5685
      vertex 29 128.631 -68.5685
    endloop
  endfacet
  facet normal -0 0.258786 0.965935
    outer loop
      vertex 29 125.911 -62.4584
      vertex 46.5 125.456 -62.3365
      vertex 46.5 125.911 -62.4584
    endloop
  endfacet
  facet normal 0 0.258786 0.965935
    outer loop
      vertex 46.5 125.456 -62.3365
      vertex 29 125.911 -62.4584
      vertex 29 125.456 -62.3365
    endloop
  endfacet
  facet normal -0 0.358183 0.933652
    outer loop
      vertex 29 126.351 -62.6272
      vertex 46.5 125.911 -62.4584
      vertex 46.5 126.351 -62.6272
    endloop
  endfacet
  facet normal 0 0.358183 0.933652
    outer loop
      vertex 46.5 125.911 -62.4584
      vertex 29 126.351 -62.6272
      vertex 29 125.911 -62.4584
    endloop
  endfacet
  facet normal -0 0.156541 0.987672
    outer loop
      vertex 29 125.456 -62.3365
      vertex 46.5 124.991 -62.2628
      vertex 46.5 125.456 -62.3365
    endloop
  endfacet
  facet normal 0 0.156541 0.987672
    outer loop
      vertex 46.5 124.991 -62.2628
      vertex 29 125.456 -62.3365
      vertex 29 124.991 -62.2628
    endloop
  endfacet
  facet normal 0 -0.0524808 0.998622
    outer loop
      vertex 29 124.52 -62.2381
      vertex 46.5 124.05 -62.2628
      vertex 46.5 124.52 -62.2381
    endloop
  endfacet
  facet normal 0 -0.0524808 0.998622
    outer loop
      vertex 46.5 124.05 -62.2628
      vertex 29 124.52 -62.2381
      vertex 29 124.05 -62.2628
    endloop
  endfacet
  facet normal 0 -0.156541 0.987672
    outer loop
      vertex 29 124.05 -62.2628
      vertex 46.5 123.585 -62.3365
      vertex 46.5 124.05 -62.2628
    endloop
  endfacet
  facet normal 0 -0.156541 0.987672
    outer loop
      vertex 46.5 123.585 -62.3365
      vertex 29 124.05 -62.2628
      vertex 29 123.585 -62.3365
    endloop
  endfacet
  facet normal -0 0.629345 0.777126
    outer loop
      vertex 29 127.531 -63.394
      vertex 46.5 127.165 -63.0976
      vertex 46.5 127.531 -63.394
    endloop
  endfacet
  facet normal 0 0.629345 0.777126
    outer loop
      vertex 46.5 127.165 -63.0976
      vertex 29 127.531 -63.394
      vertex 29 127.165 -63.0976
    endloop
  endfacet
  facet normal 0 0.707107 0.707107
    outer loop
      vertex 46.5 127.864 -63.727
      vertex 29 127.531 -63.394
      vertex 46.5 127.531 -63.394
    endloop
  endfacet
  facet normal 0 0.707107 0.707107
    outer loop
      vertex 29 127.531 -63.394
      vertex 46.5 127.864 -63.727
      vertex 29 127.864 -63.727
    endloop
  endfacet
  facet normal -0 0.544764 0.838589
    outer loop
      vertex 29 127.165 -63.0976
      vertex 46.5 126.77 -62.841
      vertex 46.5 127.165 -63.0976
    endloop
  endfacet
  facet normal 0 0.544764 0.838589
    outer loop
      vertex 46.5 126.77 -62.841
      vertex 29 127.165 -63.0976
      vertex 29 126.77 -62.841
    endloop
  endfacet
  facet normal 0 0.890876 0.454247
    outer loop
      vertex 46.5 128.631 -64.9078
      vertex 29 128.417 -64.4881
      vertex 46.5 128.417 -64.4881
    endloop
  endfacet
  facet normal 0 0.890876 0.454247
    outer loop
      vertex 29 128.417 -64.4881
      vertex 46.5 128.631 -64.9078
      vertex 29 128.631 -64.9078
    endloop
  endfacet
  facet normal 0 0.258786 -0.965935
    outer loop
      vertex 33.5294 125.456 -71.1398
      vertex 46.5 125.911 -71.0179
      vertex 46.5 125.456 -71.1398
    endloop
  endfacet
  facet normal -2.37252e-05 0.259417 -0.965766
    outer loop
      vertex 32.9604 125.603 -71.1003
      vertex 46.5 125.911 -71.0179
      vertex 33.5294 125.456 -71.1398
    endloop
  endfacet
  facet normal -1.39298e-05 0.259015 -0.965873
    outer loop
      vertex 31.4547 125.833 -71.0386
      vertex 46.5 125.911 -71.0179
      vertex 32.9604 125.603 -71.1003
    endloop
  endfacet
  facet normal -1.07592e-05 0.258444 -0.966026
    outer loop
      vertex 30.9912 125.904 -71.0196
      vertex 46.5 125.911 -71.0179
      vertex 31.4547 125.833 -71.0386
    endloop
  endfacet
  facet normal 0 0.235997 -0.971754
    outer loop
      vertex 46.5 125.911 -71.0179
      vertex 30.9912 125.904 -71.0196
      vertex 30.8644 125.911 -71.0179
    endloop
  endfacet
  facet normal -0 -0.933455 -0.358695
    outer loop
      vertex 46.5 120.409 -68.5685
      vertex 41.4624 120.24 -68.1287
      vertex 41.4235 120.409 -68.5685
    endloop
  endfacet
  facet normal 0 -0.933455 -0.358695
    outer loop
      vertex 41.4624 120.24 -68.1287
      vertex 46.5 120.409 -68.5685
      vertex 46.5 120.24 -68.1287
    endloop
  endfacet
  facet normal -0 -0.838264 -0.545264
    outer loop
      vertex 46.5 120.88 -69.3832
      vertex 41.3242 120.623 -68.9881
      vertex 41.1655 120.88 -69.3832
    endloop
  endfacet
  facet normal 0 -0.838264 -0.545264
    outer loop
      vertex 41.3242 120.623 -68.9881
      vertex 46.5 120.88 -69.3832
      vertex 46.5 120.623 -68.9881
    endloop
  endfacet
  facet normal 0 -0.544764 -0.838589
    outer loop
      vertex 40.3537 121.875 -70.3787
      vertex 46.5 122.27 -70.6353
      vertex 46.5 121.875 -70.3787
    endloop
  endfacet
  facet normal -4.90075e-06 -0.544711 -0.838624
    outer loop
      vertex 40.1556 122.085 -70.5151
      vertex 46.5 122.27 -70.6353
      vertex 40.3537 121.875 -70.3787
    endloop
  endfacet
  facet normal -0 -0.544829 -0.838547
    outer loop
      vertex 46.5 122.27 -70.6353
      vertex 40.1556 122.085 -70.5151
      vertex 39.937 122.27 -70.6353
    endloop
  endfacet
  facet normal -0 -0.707213 -0.707001
    outer loop
      vertex 46.5 121.509 -70.0823
      vertex 40.9492 121.176 -69.7492
      vertex 40.6776 121.509 -70.0823
    endloop
  endfacet
  facet normal 0 -0.707213 -0.707001
    outer loop
      vertex 40.9492 121.176 -69.7492
      vertex 46.5 121.509 -70.0823
      vertex 46.5 121.176 -69.7492
    endloop
  endfacet
  facet normal 0 -0.358183 -0.933652
    outer loop
      vertex 39.4147 122.69 -70.8491
      vertex 46.5 123.13 -71.0179
      vertex 46.5 122.69 -70.8491
    endloop
  endfacet
  facet normal -0 -0.358183 -0.933652
    outer loop
      vertex 46.5 123.13 -71.0179
      vertex 39.4147 122.69 -70.8491
      vertex 38.8426 123.13 -71.0179
    endloop
  endfacet
  facet normal 0 -0.156541 -0.987672
    outer loop
      vertex 38.1488 123.585 -71.1398
      vertex 46.5 124.05 -71.2135
      vertex 46.5 123.585 -71.1398
    endloop
  endfacet
  facet normal 0.000130588 -0.158828 -0.987306
    outer loop
      vertex 38.0832 123.621 -71.1456
      vertex 46.5 124.05 -71.2135
      vertex 38.1488 123.585 -71.1398
    endloop
  endfacet
  facet normal -0 -0.156329 -0.987705
    outer loop
      vertex 46.5 124.05 -71.2135
      vertex 38.0832 123.621 -71.1456
      vertex 37.3161 124.05 -71.2135
    endloop
  endfacet
  facet normal 0 -0.933455 0.358695
    outer loop
      vertex 40.4484 120.24 -65.3476
      vertex 46.5 120.409 -64.9078
      vertex 40.0889 120.409 -64.9078
    endloop
  endfacet
  facet normal 0 -0.933455 0.358695
    outer loop
      vertex 46.5 120.409 -64.9078
      vertex 40.4484 120.24 -65.3476
      vertex 46.5 120.24 -65.3476
    endloop
  endfacet
  facet normal 0 -0.890696 0.454599
    outer loop
      vertex 40.009 120.451 -64.8251
      vertex 46.5 120.623 -64.4881
      vertex 39.6048 120.623 -64.4881
    endloop
  endfacet
  facet normal 0.00011134 -0.891563 0.452897
    outer loop
      vertex 40.0889 120.409 -64.9078
      vertex 46.5 120.623 -64.4881
      vertex 40.009 120.451 -64.8251
    endloop
  endfacet
  facet normal 0 -0.890876 0.454247
    outer loop
      vertex 46.5 120.623 -64.4881
      vertex 40.0889 120.409 -64.9078
      vertex 46.5 120.409 -64.9078
    endloop
  endfacet
  facet normal 0 -0.967402 0.253247
    outer loop
      vertex 40.5005 120.22 -65.424
      vertex 46.5 120.24 -65.3476
      vertex 40.4484 120.24 -65.3476
    endloop
  endfacet
  facet normal -6.17562e-05 -0.966203 0.257782
    outer loop
      vertex 40.7581 120.119 -65.8025
      vertex 46.5 120.24 -65.3476
      vertex 40.5005 120.22 -65.424
    endloop
  endfacet
  facet normal 0 -0.966397 0.257054
    outer loop
      vertex 46.5 120.24 -65.3476
      vertex 40.7581 120.119 -65.8025
      vertex 46.5 120.119 -65.8025
    endloop
  endfacet
  facet normal 0 -0.99859 0.0530826
    outer loop
      vertex 41.2153 120.02 -66.7381
      vertex 46.5 120.045 -66.2678
      vertex 41.0147 120.045 -66.2678
    endloop
  endfacet
  facet normal 0 -0.99859 0.0530826
    outer loop
      vertex 46.5 120.045 -66.2678
      vertex 41.2153 120.02 -66.7381
      vertex 46.5 120.02 -66.7381
    endloop
  endfacet
  facet normal 0 -0.987583 -0.157096
    outer loop
      vertex 41.4403 120.119 -67.6737
      vertex 46.5 120.045 -67.2085
      vertex 41.3577 120.045 -67.2085
    endloop
  endfacet
  facet normal 0 -0.987583 -0.157096
    outer loop
      vertex 46.5 120.045 -67.2085
      vertex 41.4403 120.119 -67.6737
      vertex 46.5 120.119 -67.6737
    endloop
  endfacet
  facet normal 0 -0.705457 0.708753
    outer loop
      vertex 37.7663 121.466 -63.4368
      vertex 46.5 121.509 -63.394
      vertex 37.6616 121.509 -63.394
    endloop
  endfacet
  facet normal 2.03418e-05 -0.707529 0.706684
    outer loop
      vertex 38.3468 121.229 -63.6741
      vertex 46.5 121.509 -63.394
      vertex 37.7663 121.466 -63.4368
    endloop
  endfacet
  facet normal -5.11638e-05 -0.706488 0.707725
    outer loop
      vertex 38.4486 121.176 -63.727
      vertex 46.5 121.509 -63.394
      vertex 38.3468 121.229 -63.6741
    endloop
  endfacet
  facet normal 0 -0.707107 0.707107
    outer loop
      vertex 46.5 121.509 -63.394
      vertex 38.4486 121.176 -63.727
      vertex 46.5 121.176 -63.727
    endloop
  endfacet
  facet normal 0 -0.777626 0.628728
    outer loop
      vertex 39.0496 120.88 -64.0931
      vertex 46.5 121.176 -63.727
      vertex 38.4486 121.176 -63.727
    endloop
  endfacet
  facet normal 0 -0.777626 0.628728
    outer loop
      vertex 46.5 121.176 -63.727
      vertex 39.0496 120.88 -64.0931
      vertex 46.5 120.88 -64.0931
    endloop
  endfacet
  facet normal 0 -0.544764 0.838589
    outer loop
      vertex 46.5 122.27 -62.841
      vertex 36.8057 121.875 -63.0976
      vertex 46.5 121.875 -63.0976
    endloop
  endfacet
  facet normal -4.943e-06 -0.544679 0.838645
    outer loop
      vertex 46.5 122.27 -62.841
      vertex 36.5969 121.968 -63.0372
      vertex 36.8057 121.875 -63.0976
    endloop
  endfacet
  facet normal 0 -0.544793 0.83857
    outer loop
      vertex 36.5969 121.968 -63.0372
      vertex 46.5 122.27 -62.841
      vertex 35.6961 122.27 -62.841
    endloop
  endfacet
  facet normal 0 -0.358183 0.933652
    outer loop
      vertex 46.5 123.13 -62.4584
      vertex 34.3672 122.69 -62.6272
      vertex 46.5 122.69 -62.6272
    endloop
  endfacet
  facet normal 2.50297e-05 -0.358784 0.933421
    outer loop
      vertex 46.5 123.13 -62.4584
      vertex 34.1358 122.748 -62.6049
      vertex 34.3672 122.69 -62.6272
    endloop
  endfacet
  facet normal -8.56117e-06 -0.357836 0.933784
    outer loop
      vertex 46.5 123.13 -62.4584
      vertex 32.8817 123.063 -62.4842
      vertex 34.1358 122.748 -62.6049
    endloop
  endfacet
  facet normal 0 -0.359352 0.933202
    outer loop
      vertex 32.8817 123.063 -62.4842
      vertex 46.5 123.13 -62.4584
      vertex 32.4289 123.13 -62.4584
    endloop
  endfacet
  facet normal 0 0.544764 -0.838589
    outer loop
      vertex 29 126.77 -70.6353
      vertex 46.5 127.165 -70.3787
      vertex 46.5 126.77 -70.6353
    endloop
  endfacet
  facet normal 0 0.544764 -0.838589
    outer loop
      vertex 46.5 127.165 -70.3787
      vertex 29 126.77 -70.6353
      vertex 29 127.165 -70.3787
    endloop
  endfacet
  facet normal 0 0.890832 -0.454333
    outer loop
      vertex 46.5 128.417 -68.9881
      vertex 29 128.631 -68.5685
      vertex 46.5 128.631 -68.5685
    endloop
  endfacet
  facet normal 0 0.890832 -0.454333
    outer loop
      vertex 29 128.631 -68.5685
      vertex 46.5 128.417 -68.9881
      vertex 29 128.417 -68.9881
    endloop
  endfacet
  facet normal 0 0.776503 -0.630113
    outer loop
      vertex 46.5 127.864 -69.7492
      vertex 29 128.161 -69.3832
      vertex 46.5 128.161 -69.3832
    endloop
  endfacet
  facet normal 0 0.776503 -0.630113
    outer loop
      vertex 29 128.161 -69.3832
      vertex 46.5 127.864 -69.7492
      vertex 29 127.864 -69.7492
    endloop
  endfacet
  facet normal 0 0.998701 -0.0509541
    outer loop
      vertex 46.5 128.996 -67.2085
      vertex 29 129.02 -66.7381
      vertex 46.5 129.02 -66.7381
    endloop
  endfacet
  facet normal 0 0.998701 -0.0509541
    outer loop
      vertex 29 129.02 -66.7381
      vertex 46.5 128.996 -67.2085
      vertex 29 128.996 -67.2085
    endloop
  endfacet
  facet normal 0 0.965882 -0.258984
    outer loop
      vertex 46.5 128.8 -68.1287
      vertex 29 128.922 -67.6737
      vertex 46.5 128.922 -67.6737
    endloop
  endfacet
  facet normal 0 0.965882 -0.258984
    outer loop
      vertex 29 128.922 -67.6737
      vertex 46.5 128.8 -68.1287
      vertex 29 128.8 -68.1287
    endloop
  endfacet
  facet normal -0 -0.890832 -0.454333
    outer loop
      vertex 46.5 120.623 -68.9881
      vertex 41.4235 120.409 -68.5685
      vertex 41.3242 120.623 -68.9881
    endloop
  endfacet
  facet normal 0 -0.890832 -0.454333
    outer loop
      vertex 41.4235 120.409 -68.5685
      vertex 46.5 120.623 -68.9881
      vertex 46.5 120.409 -68.5685
    endloop
  endfacet
  facet normal -0 -0.777542 -0.628831
    outer loop
      vertex 46.5 121.176 -69.7492
      vertex 41.1655 120.88 -69.3832
      vertex 40.9492 121.176 -69.7492
    endloop
  endfacet
  facet normal 0 -0.777542 -0.628831
    outer loop
      vertex 41.1655 120.88 -69.3832
      vertex 46.5 121.176 -69.7492
      vertex 46.5 120.88 -69.3832
    endloop
  endfacet
  facet normal 0 -0.453652 -0.891179
    outer loop
      vertex 39.937 122.27 -70.6353
      vertex 46.5 122.69 -70.8491
      vertex 46.5 122.27 -70.6353
    endloop
  endfacet
  facet normal -3.20237e-05 -0.453255 -0.891381
    outer loop
      vertex 39.7455 122.424 -70.7136
      vertex 46.5 122.69 -70.8491
      vertex 39.937 122.27 -70.6353
    endloop
  endfacet
  facet normal -0 -0.453901 -0.891052
    outer loop
      vertex 46.5 122.69 -70.8491
      vertex 39.7455 122.424 -70.7136
      vertex 39.4147 122.69 -70.8491
    endloop
  endfacet
  facet normal 0 -0.629345 -0.777126
    outer loop
      vertex 40.6776 121.509 -70.0823
      vertex 46.5 121.875 -70.3787
      vertex 46.5 121.509 -70.0823
    endloop
  endfacet
  facet normal -8.9933e-05 -0.62848 -0.777825
    outer loop
      vertex 40.5435 121.661 -70.2051
      vertex 46.5 121.875 -70.3787
      vertex 40.6776 121.509 -70.0823
    endloop
  endfacet
  facet normal -0 -0.629991 -0.776602
    outer loop
      vertex 46.5 121.875 -70.3787
      vertex 40.5435 121.661 -70.2051
      vertex 40.3537 121.875 -70.3787
    endloop
  endfacet
  facet normal 0 -0.258786 -0.965935
    outer loop
      vertex 38.8426 123.13 -71.0179
      vertex 46.5 123.585 -71.1398
      vertex 46.5 123.13 -71.0179
    endloop
  endfacet
  facet normal 2.02155e-05 -0.259103 -0.96585
    outer loop
      vertex 38.5094 123.376 -71.0839
      vertex 46.5 123.585 -71.1398
      vertex 38.8426 123.13 -71.0179
    endloop
  endfacet
  facet normal -0 -0.258382 -0.966043
    outer loop
      vertex 46.5 123.585 -71.1398
      vertex 38.5094 123.376 -71.0839
      vertex 38.1488 123.585 -71.1398
    endloop
  endfacet
  facet normal 0 -0.0522689 -0.998633
    outer loop
      vertex 37.3161 124.05 -71.2135
      vertex 46.5 124.52 -71.2381
      vertex 46.5 124.05 -71.2135
    endloop
  endfacet
  facet normal -3.84551e-06 -0.0521939 -0.998637
    outer loop
      vertex 36.7432 124.36 -71.2297
      vertex 46.5 124.52 -71.2381
      vertex 37.3161 124.05 -71.2135
    endloop
  endfacet
  facet normal -0 -0.0524278 -0.998625
    outer loop
      vertex 46.5 124.52 -71.2381
      vertex 36.7432 124.36 -71.2297
      vertex 36.3483 124.52 -71.2381
    endloop
  endfacet
  facet normal 0 0.156541 -0.987672
    outer loop
      vertex 35.1556 124.991 -71.2135
      vertex 46.5 125.456 -71.1398
      vertex 46.5 124.991 -71.2135
    endloop
  endfacet
  facet normal -2.6633e-05 0.157174 -0.987571
    outer loop
      vertex 34.8854 125.094 -71.1971
      vertex 46.5 125.456 -71.1398
      vertex 35.1556 124.991 -71.2135
    endloop
  endfacet
  facet normal -1.07587e-05 0.156678 -0.98765
    outer loop
      vertex 34.4312 125.215 -71.1779
      vertex 46.5 125.456 -71.1398
      vertex 34.8854 125.094 -71.1971
    endloop
  endfacet
  facet normal 0 0.156152 -0.987733
    outer loop
      vertex 46.5 125.456 -71.1398
      vertex 34.4312 125.215 -71.1779
      vertex 33.5294 125.456 -71.1398
    endloop
  endfacet
  facet normal 0 -0.998591 -0.0530714
    outer loop
      vertex 41.3577 120.045 -67.2085
      vertex 46.5 120.02 -66.7381
      vertex 41.2153 120.02 -66.7381
    endloop
  endfacet
  facet normal 0 -0.998591 -0.0530714
    outer loop
      vertex 46.5 120.02 -66.7381
      vertex 41.3577 120.045 -67.2085
      vertex 46.5 120.045 -67.2085
    endloop
  endfacet
  facet normal 1 0 0
    outer loop
      vertex 46.5 128.996 -66.2678
      vertex 46.5 128.996 -67.2085
      vertex 46.5 129.02 -66.7381
    endloop
  endfacet
  facet normal 1 0 0
    outer loop
      vertex 46.5 128.922 -65.8025
      vertex 46.5 128.996 -67.2085
      vertex 46.5 128.996 -66.2678
    endloop
  endfacet
  facet normal 1 0 0
    outer loop
      vertex 46.5 128.922 -65.8025
      vertex 46.5 128.922 -67.6737
      vertex 46.5 128.996 -67.2085
    endloop
  endfacet
  facet normal 1 0 0
    outer loop
      vertex 46.5 128.8 -65.3476
      vertex 46.5 128.922 -67.6737
      vertex 46.5 128.922 -65.8025
    endloop
  endfacet
  facet normal 1 0 0
    outer loop
      vertex 46.5 128.8 -65.3476
      vertex 46.5 128.8 -68.1287
      vertex 46.5 128.922 -67.6737
    endloop
  endfacet
  facet normal 1 0 0
    outer loop
      vertex 46.5 128.631 -64.9078
      vertex 46.5 128.8 -68.1287
      vertex 46.5 128.8 -65.3476
    endloop
  endfacet
  facet normal 1 0 0
    outer loop
      vertex 46.5 128.631 -64.9078
      vertex 46.5 128.631 -68.5685
      vertex 46.5 128.8 -68.1287
    endloop
  endfacet
  facet normal 1 0 0
    outer loop
      vertex 46.5 128.417 -64.4881
      vertex 46.5 128.631 -68.5685
      vertex 46.5 128.631 -64.9078
    endloop
  endfacet
  facet normal 1 0 0
    outer loop
      vertex 46.5 128.417 -64.4881
      vertex 46.5 128.417 -68.9881
      vertex 46.5 128.631 -68.5685
    endloop
  endfacet
  facet normal 1 0 0
    outer loop
      vertex 46.5 128.161 -64.0931
      vertex 46.5 128.417 -68.9881
      vertex 46.5 128.417 -64.4881
    endloop
  endfacet
  facet normal 1 0 0
    outer loop
      vertex 46.5 128.161 -64.0931
      vertex 46.5 128.161 -69.3832
      vertex 46.5 128.417 -68.9881
    endloop
  endfacet
  facet normal 1 0 0
    outer loop
      vertex 46.5 127.864 -63.727
      vertex 46.5 128.161 -69.3832
      vertex 46.5 128.161 -64.0931
    endloop
  endfacet
  facet normal 1 0 0
    outer loop
      vertex 46.5 127.864 -63.727
      vertex 46.5 127.864 -69.7492
      vertex 46.5 128.161 -69.3832
    endloop
  endfacet
  facet normal 1 0 0
    outer loop
      vertex 46.5 127.531 -63.394
      vertex 46.5 127.864 -69.7492
      vertex 46.5 127.864 -63.727
    endloop
  endfacet
  facet normal 1 0 0
    outer loop
      vertex 46.5 127.531 -63.394
      vertex 46.5 127.531 -70.0823
      vertex 46.5 127.864 -69.7492
    endloop
  endfacet
  facet normal 1 0 0
    outer loop
      vertex 46.5 127.165 -63.0976
      vertex 46.5 127.531 -70.0823
      vertex 46.5 127.531 -63.394
    endloop
  endfacet
  facet normal 1 0 0
    outer loop
      vertex 46.5 127.165 -63.0976
      vertex 46.5 127.165 -70.3787
      vertex 46.5 127.531 -70.0823
    endloop
  endfacet
  facet normal 1 0 0
    outer loop
      vertex 46.5 126.77 -62.841
      vertex 46.5 127.165 -70.3787
      vertex 46.5 127.165 -63.0976
    endloop
  endfacet
  facet normal 1 0 0
    outer loop
      vertex 46.5 126.77 -62.841
      vertex 46.5 126.77 -70.6353
      vertex 46.5 127.165 -70.3787
    endloop
  endfacet
  facet normal 1 0 0
    outer loop
      vertex 46.5 126.351 -62.6272
      vertex 46.5 126.77 -70.6353
      vertex 46.5 126.77 -62.841
    endloop
  endfacet
  facet normal 1 0 0
    outer loop
      vertex 46.5 126.351 -62.6272
      vertex 46.5 126.351 -70.8491
      vertex 46.5 126.77 -70.6353
    endloop
  endfacet
  facet normal 1 0 0
    outer loop
      vertex 46.5 125.911 -62.4584
      vertex 46.5 126.351 -70.8491
      vertex 46.5 126.351 -62.6272
    endloop
  endfacet
  facet normal 1 0 0
    outer loop
      vertex 46.5 125.911 -62.4584
      vertex 46.5 125.911 -71.0179
      vertex 46.5 126.351 -70.8491
    endloop
  endfacet
  facet normal 1 0 0
    outer loop
      vertex 46.5 125.456 -62.3365
      vertex 46.5 125.911 -71.0179
      vertex 46.5 125.911 -62.4584
    endloop
  endfacet
  facet normal 1 0 0
    outer loop
      vertex 46.5 125.456 -62.3365
      vertex 46.5 125.456 -71.1398
      vertex 46.5 125.911 -71.0179
    endloop
  endfacet
  facet normal 1 0 0
    outer loop
      vertex 46.5 124.991 -62.2628
      vertex 46.5 125.456 -71.1398
      vertex 46.5 125.456 -62.3365
    endloop
  endfacet
  facet normal 1 0 0
    outer loop
      vertex 46.5 124.991 -62.2628
      vertex 46.5 124.991 -71.2135
      vertex 46.5 125.456 -71.1398
    endloop
  endfacet
  facet normal 1 0 0
    outer loop
      vertex 46.5 124.52 -62.2381
      vertex 46.5 124.991 -71.2135
      vertex 46.5 124.991 -62.2628
    endloop
  endfacet
  facet normal 1 0 0
    outer loop
      vertex 46.5 124.52 -62.2381
      vertex 46.5 124.52 -71.2381
      vertex 46.5 124.991 -71.2135
    endloop
  endfacet
  facet normal 1 -0 0
    outer loop
      vertex 46.5 124.05 -62.2628
      vertex 46.5 124.52 -71.2381
      vertex 46.5 124.52 -62.2381
    endloop
  endfacet
  facet normal 1 0 0
    outer loop
      vertex 46.5 124.05 -62.2628
      vertex 46.5 124.05 -71.2135
      vertex 46.5 124.52 -71.2381
    endloop
  endfacet
  facet normal 1 -0 0
    outer loop
      vertex 46.5 123.585 -62.3365
      vertex 46.5 124.05 -71.2135
      vertex 46.5 124.05 -62.2628
    endloop
  endfacet
  facet normal 1 0 0
    outer loop
      vertex 46.5 123.585 -62.3365
      vertex 46.5 123.585 -71.1398
      vertex 46.5 124.05 -71.2135
    endloop
  endfacet
  facet normal 1 -0 0
    outer loop
      vertex 46.5 123.13 -62.4584
      vertex 46.5 123.585 -71.1398
      vertex 46.5 123.585 -62.3365
    endloop
  endfacet
  facet normal 1 0 0
    outer loop
      vertex 46.5 123.13 -62.4584
      vertex 46.5 123.13 -71.0179
      vertex 46.5 123.585 -71.1398
    endloop
  endfacet
  facet normal 1 -0 0
    outer loop
      vertex 46.5 122.69 -62.6272
      vertex 46.5 123.13 -71.0179
      vertex 46.5 123.13 -62.4584
    endloop
  endfacet
  facet normal 1 0 0
    outer loop
      vertex 46.5 122.69 -62.6272
      vertex 46.5 122.69 -70.8491
      vertex 46.5 123.13 -71.0179
    endloop
  endfacet
  facet normal 1 -0 0
    outer loop
      vertex 46.5 122.27 -62.841
      vertex 46.5 122.69 -70.8491
      vertex 46.5 122.69 -62.6272
    endloop
  endfacet
  facet normal 1 0 0
    outer loop
      vertex 46.5 122.27 -62.841
      vertex 46.5 122.27 -70.6353
      vertex 46.5 122.69 -70.8491
    endloop
  endfacet
  facet normal 1 -0 0
    outer loop
      vertex 46.5 121.875 -63.0976
      vertex 46.5 122.27 -70.6353
      vertex 46.5 122.27 -62.841
    endloop
  endfacet
  facet normal 1 0 0
    outer loop
      vertex 46.5 121.875 -63.0976
      vertex 46.5 121.875 -70.3787
      vertex 46.5 122.27 -70.6353
    endloop
  endfacet
  facet normal 1 -0 0
    outer loop
      vertex 46.5 121.509 -63.394
      vertex 46.5 121.875 -70.3787
      vertex 46.5 121.875 -63.0976
    endloop
  endfacet
  facet normal 1 0 0
    outer loop
      vertex 46.5 121.509 -63.394
      vertex 46.5 121.509 -70.0823
      vertex 46.5 121.875 -70.3787
    endloop
  endfacet
  facet normal 1 -0 0
    outer loop
      vertex 46.5 121.176 -63.727
      vertex 46.5 121.509 -70.0823
      vertex 46.5 121.509 -63.394
    endloop
  endfacet
  facet normal 1 0 0
    outer loop
      vertex 46.5 121.176 -63.727
      vertex 46.5 121.176 -69.7492
      vertex 46.5 121.509 -70.0823
    endloop
  endfacet
  facet normal 1 -0 0
    outer loop
      vertex 46.5 120.88 -64.0931
      vertex 46.5 121.176 -69.7492
      vertex 46.5 121.176 -63.727
    endloop
  endfacet
  facet normal 1 0 0
    outer loop
      vertex 46.5 120.88 -64.0931
      vertex 46.5 120.88 -69.3832
      vertex 46.5 121.176 -69.7492
    endloop
  endfacet
  facet normal 1 -0 0
    outer loop
      vertex 46.5 120.623 -64.4881
      vertex 46.5 120.88 -69.3832
      vertex 46.5 120.88 -64.0931
    endloop
  endfacet
  facet normal 1 0 0
    outer loop
      vertex 46.5 120.623 -64.4881
      vertex 46.5 120.623 -68.9881
      vertex 46.5 120.88 -69.3832
    endloop
  endfacet
  facet normal 1 -0 0
    outer loop
      vertex 46.5 120.409 -64.9078
      vertex 46.5 120.623 -68.9881
      vertex 46.5 120.623 -64.4881
    endloop
  endfacet
  facet normal 1 0 0
    outer loop
      vertex 46.5 120.409 -64.9078
      vertex 46.5 120.409 -68.5685
      vertex 46.5 120.623 -68.9881
    endloop
  endfacet
  facet normal 1 -0 0
    outer loop
      vertex 46.5 120.24 -65.3476
      vertex 46.5 120.409 -68.5685
      vertex 46.5 120.409 -64.9078
    endloop
  endfacet
  facet normal 1 0 0
    outer loop
      vertex 46.5 120.24 -65.3476
      vertex 46.5 120.24 -68.1287
      vertex 46.5 120.409 -68.5685
    endloop
  endfacet
  facet normal 1 -0 0
    outer loop
      vertex 46.5 120.119 -65.8025
      vertex 46.5 120.24 -68.1287
      vertex 46.5 120.24 -65.3476
    endloop
  endfacet
  facet normal 1 0 0
    outer loop
      vertex 46.5 120.119 -65.8025
      vertex 46.5 120.119 -67.6737
      vertex 46.5 120.24 -68.1287
    endloop
  endfacet
  facet normal 1 -0 0
    outer loop
      vertex 46.5 120.045 -66.2678
      vertex 46.5 120.119 -67.6737
      vertex 46.5 120.119 -65.8025
    endloop
  endfacet
  facet normal 1 0 0
    outer loop
      vertex 46.5 120.045 -66.2678
      vertex 46.5 120.045 -67.2085
      vertex 46.5 120.119 -67.6737
    endloop
  endfacet
  facet normal 1 0 -0
    outer loop
      vertex 46.5 120.045 -67.2085
      vertex 46.5 120.045 -66.2678
      vertex 46.5 120.02 -66.7381
    endloop
  endfacet
  facet normal 0 -0.966411 -0.257002
    outer loop
      vertex 41.4624 120.24 -68.1287
      vertex 46.5 120.119 -67.6737
      vertex 41.4403 120.119 -67.6737
    endloop
  endfacet
  facet normal 0 -0.966411 -0.257002
    outer loop
      vertex 46.5 120.119 -67.6737
      vertex 41.4624 120.24 -68.1287
      vertex 46.5 120.24 -68.1287
    endloop
  endfacet
  facet normal -1 0 0
    outer loop
      vertex 39 73.65 41.9
      vertex 39 73.32 46.48
      vertex 39 73.65 47.9
    endloop
  endfacet
  facet normal -1 0 0
    outer loop
      vertex 39 73.65 41.9
      vertex 39 55.82 46.48
      vertex 39 73.32 46.48
    endloop
  endfacet
  facet normal -1 0 0
    outer loop
      vertex 39 46.35 41.9
      vertex 39 55.82 46.48
      vertex 39 73.65 41.9
    endloop
  endfacet
  facet normal -1 0 0
    outer loop
      vertex 39 46.35 47.9
      vertex 39 55.82 46.48
      vertex 39 46.35 41.9
    endloop
  endfacet
  facet normal -1 0 0
    outer loop
      vertex 39 55.82 46.48
      vertex 39 46.35 47.9
      vertex 39 55.82 47.9
    endloop
  endfacet
  facet normal -1 -0 0
    outer loop
      vertex 39 73.65 47.9
      vertex 39 73.32 46.48
      vertex 39 73.32 47.9
    endloop
  endfacet
  facet normal 0 0 1
    outer loop
      vertex 41.65 57.32 47.9
      vertex 45 73.65 47.9
      vertex 41.65 71.82 47.9
    endloop
  endfacet
  facet normal 0 0 1
    outer loop
      vertex 45 73.65 47.9
      vertex 41.6418 71.9768 47.9
      vertex 41.65 71.82 47.9
    endloop
  endfacet
  facet normal 0 0 1
    outer loop
      vertex 45 73.65 47.9
      vertex 41.6172 72.1319 47.9
      vertex 41.6418 71.9768 47.9
    endloop
  endfacet
  facet normal 0 0 1
    outer loop
      vertex 45 73.65 47.9
      vertex 41.5766 72.2835 47.9
      vertex 41.6172 72.1319 47.9
    endloop
  endfacet
  facet normal 0 0 1
    outer loop
      vertex 45 73.65 47.9
      vertex 41.5203 72.4301 47.9
      vertex 41.5766 72.2835 47.9
    endloop
  endfacet
  facet normal 0 0 1
    outer loop
      vertex 45 73.65 47.9
      vertex 41.449 72.57 47.9
      vertex 41.5203 72.4301 47.9
    endloop
  endfacet
  facet normal 0 0 1
    outer loop
      vertex 45 73.65 47.9
      vertex 41.3635 72.7017 47.9
      vertex 41.449 72.57 47.9
    endloop
  endfacet
  facet normal 0 0 1
    outer loop
      vertex 45 73.65 47.9
      vertex 41.2647 72.8237 47.9
      vertex 41.3635 72.7017 47.9
    endloop
  endfacet
  facet normal 0 0 1
    outer loop
      vertex 45 73.65 47.9
      vertex 41.1537 72.9347 47.9
      vertex 41.2647 72.8237 47.9
    endloop
  endfacet
  facet normal 0 0 1
    outer loop
      vertex 45 73.65 47.9
      vertex 41.0317 73.0335 47.9
      vertex 41.1537 72.9347 47.9
    endloop
  endfacet
  facet normal 0 0 1
    outer loop
      vertex 45 73.65 47.9
      vertex 40.9 73.119 47.9
      vertex 41.0317 73.0335 47.9
    endloop
  endfacet
  facet normal 0 0 1
    outer loop
      vertex 45 73.65 47.9
      vertex 40.7601 73.1903 47.9
      vertex 40.9 73.119 47.9
    endloop
  endfacet
  facet normal 0 0 1
    outer loop
      vertex 45 73.65 47.9
      vertex 40.6135 73.2466 47.9
      vertex 40.7601 73.1903 47.9
    endloop
  endfacet
  facet normal 0 0 1
    outer loop
      vertex 45 73.65 47.9
      vertex 40.4619 73.2872 47.9
      vertex 40.6135 73.2466 47.9
    endloop
  endfacet
  facet normal -0 0 1
    outer loop
      vertex 39 73.65 47.9
      vertex 40.4619 73.2872 47.9
      vertex 45 73.65 47.9
    endloop
  endfacet
  facet normal 0 0 1
    outer loop
      vertex 40.4619 73.2872 47.9
      vertex 39 73.65 47.9
      vertex 40.3068 73.3118 47.9
    endloop
  endfacet
  facet normal 0 0 1
    outer loop
      vertex 40.3068 73.3118 47.9
      vertex 39 73.65 47.9
      vertex 40.15 73.32 47.9
    endloop
  endfacet
  facet normal 0 0 1
    outer loop
      vertex 40.15 73.32 47.9
      vertex 39 73.65 47.9
      vertex 39 73.32 47.9
    endloop
  endfacet
  facet normal 0 0 1
    outer loop
      vertex 45 73.65 47.9
      vertex 41.65 57.32 47.9
      vertex 45 46.35 47.9
    endloop
  endfacet
  facet normal -0 0 1
    outer loop
      vertex 41.6418 57.1632 47.9
      vertex 45 46.35 47.9
      vertex 41.65 57.32 47.9
    endloop
  endfacet
  facet normal -0 0 1
    outer loop
      vertex 41.6172 57.0081 47.9
      vertex 45 46.35 47.9
      vertex 41.6418 57.1632 47.9
    endloop
  endfacet
  facet normal -0 0 1
    outer loop
      vertex 41.5766 56.8565 47.9
      vertex 45 46.35 47.9
      vertex 41.6172 57.0081 47.9
    endloop
  endfacet
  facet normal -0 0 1
    outer loop
      vertex 41.5203 56.7099 47.9
      vertex 45 46.35 47.9
      vertex 41.5766 56.8565 47.9
    endloop
  endfacet
  facet normal -0 0 1
    outer loop
      vertex 41.449 56.57 47.9
      vertex 45 46.35 47.9
      vertex 41.5203 56.7099 47.9
    endloop
  endfacet
  facet normal -0 0 1
    outer loop
      vertex 41.3635 56.4383 47.9
      vertex 45 46.35 47.9
      vertex 41.449 56.57 47.9
    endloop
  endfacet
  facet normal -0 0 1
    outer loop
      vertex 41.2647 56.3163 47.9
      vertex 45 46.35 47.9
      vertex 41.3635 56.4383 47.9
    endloop
  endfacet
  facet normal -0 0 1
    outer loop
      vertex 41.1537 56.2053 47.9
      vertex 45 46.35 47.9
      vertex 41.2647 56.3163 47.9
    endloop
  endfacet
  facet normal -0 0 1
    outer loop
      vertex 41.0317 56.1065 47.9
      vertex 45 46.35 47.9
      vertex 41.1537 56.2053 47.9
    endloop
  endfacet
  facet normal -0 0 1
    outer loop
      vertex 40.9 56.021 47.9
      vertex 45 46.35 47.9
      vertex 41.0317 56.1065 47.9
    endloop
  endfacet
  facet normal -0 0 1
    outer loop
      vertex 40.7601 55.9497 47.9
      vertex 45 46.35 47.9
      vertex 40.9 56.021 47.9
    endloop
  endfacet
  facet normal -0 0 1
    outer loop
      vertex 40.6135 55.8934 47.9
      vertex 45 46.35 47.9
      vertex 40.7601 55.9497 47.9
    endloop
  endfacet
  facet normal 0 0 1
    outer loop
      vertex 39 46.35 47.9
      vertex 40.6135 55.8934 47.9
      vertex 40.4619 55.8528 47.9
    endloop
  endfacet
  facet normal 0 0 1
    outer loop
      vertex 39 46.35 47.9
      vertex 40.4619 55.8528 47.9
      vertex 40.3068 55.8282 47.9
    endloop
  endfacet
  facet normal 0 0 1
    outer loop
      vertex 39 46.35 47.9
      vertex 40.3068 55.8282 47.9
      vertex 40.15 55.82 47.9
    endloop
  endfacet
  facet normal 0 0 1
    outer loop
      vertex 39 46.35 47.9
      vertex 40.15 55.82 47.9
      vertex 39 55.82 47.9
    endloop
  endfacet
  facet normal 0 0 1
    outer loop
      vertex 40.6135 55.8934 47.9
      vertex 39 46.35 47.9
      vertex 45 46.35 47.9
    endloop
  endfacet
  facet normal 1 -0 0
    outer loop
      vertex 45 46.35 47.9
      vertex 45 73.65 41.9
      vertex 45 73.65 47.9
    endloop
  endfacet
  facet normal 1 0 0
    outer loop
      vertex 45 73.65 41.9
      vertex 45 46.35 47.9
      vertex 45 46.35 41.9
    endloop
  endfacet
  facet normal 0 0 -1
    outer loop
      vertex 39 46.35 41.9
      vertex 45 73.65 41.9
      vertex 45 46.35 41.9
    endloop
  endfacet
  facet normal -0 0 -1
    outer loop
      vertex 45 73.65 41.9
      vertex 39 46.35 41.9
      vertex 39 73.65 41.9
    endloop
  endfacet
  facet normal 0 -1 0
    outer loop
      vertex 39 46.35 41.9
      vertex 45 46.35 47.9
      vertex 39 46.35 47.9
    endloop
  endfacet
  facet normal 0 -1 -0
    outer loop
      vertex 45 46.35 47.9
      vertex 39 46.35 41.9
      vertex 45 46.35 41.9
    endloop
  endfacet
  facet normal 0 1 -0
    outer loop
      vertex 45 73.65 41.9
      vertex 39 73.65 47.9
      vertex 45 73.65 47.9
    endloop
  endfacet
  facet normal 0 1 0
    outer loop
      vertex 39 73.65 47.9
      vertex 45 73.65 41.9
      vertex 39 73.65 41.9
    endloop
  endfacet
  facet normal -1 0 0
    outer loop
      vertex 20.7 -0.0999994 2.5
      vertex 20.7 4.75 3.5
      vertex 20.7 4.75 2.5
    endloop
  endfacet
  facet normal -1 -0 0
    outer loop
      vertex 20.7 4.75 3.5
      vertex 20.7 -0.0999994 2.5
      vertex 20.7 -0.0999994 3.5
    endloop
  endfacet
  facet normal -1 0 0
    outer loop
      vertex 20.7 -0.0999994 15
      vertex 20.7 2.4 16
      vertex 20.7 2.4 15
    endloop
  endfacet
  facet normal -1 -0 0
    outer loop
      vertex 20.7 2.4 16
      vertex 20.7 -0.0999994 15
      vertex 20.7 -0.0999994 16
    endloop
  endfacet
  facet normal -1 0 0
    outer loop
      vertex 20.7 54.1 2.5
      vertex 20.7 51.6 5.25
      vertex 20.7 54.1 16
    endloop
  endfacet
  facet normal -1 0 0
    outer loop
      vertex 20.7 49.25 2.5
      vertex 20.7 51.6 5.25
      vertex 20.7 54.1 2.5
    endloop
  endfacet
  facet normal -1 -0 0
    outer loop
      vertex 20.7 51.6 5.25
      vertex 20.7 49.25 2.5
      vertex 20.7 49.25 5.25
    endloop
  endfacet
  facet normal -1 -0 0
    outer loop
      vertex 20.7 54.1 16
      vertex 20.7 51.6 5.25
      vertex 20.7 51.6 16
    endloop
  endfacet
  facet normal -0 0 1
    outer loop
      vertex 20.7 2.4 16
      vertex 37.3 -0.0999994 16
      vertex 37.3 2.4 16
    endloop
  endfacet
  facet normal 0 0 1
    outer loop
      vertex 37.3 -0.0999994 16
      vertex 20.7 2.4 16
      vertex 20.7 -0.0999994 16
    endloop
  endfacet
  facet normal -0 0 1
    outer loop
      vertex 37 54.1 16
      vertex 37.3 51.6 16
      vertex 37.3 54.1 16
    endloop
  endfacet
  facet normal 0 0 1
    outer loop
      vertex 37.3 51.6 16
      vertex 37 54.1 16
      vertex 37 51.6 16
    endloop
  endfacet
  facet normal -0 0 1
    outer loop
      vertex 20.7 54.1 16
      vertex 21 51.6 16
      vertex 21 54.1 16
    endloop
  endfacet
  facet normal 0 0 1
    outer loop
      vertex 21 51.6 16
      vertex 20.7 54.1 16
      vertex 20.7 51.6 16
    endloop
  endfacet
  facet normal 1 -0 0
    outer loop
      vertex 37.3 -0.0999994 16
      vertex 37.3 2.4 15
      vertex 37.3 2.4 16
    endloop
  endfacet
  facet normal 1 0 0
    outer loop
      vertex 37.3 2.4 15
      vertex 37.3 -0.0999994 16
      vertex 37.3 -0.0999994 15
    endloop
  endfacet
  facet normal 1 -0 0
    outer loop
      vertex 37.3 -0.0999994 3.5
      vertex 37.3 4.75 2.5
      vertex 37.3 4.75 3.5
    endloop
  endfacet
  facet normal 1 0 0
    outer loop
      vertex 37.3 4.75 2.5
      vertex 37.3 -0.0999994 3.5
      vertex 37.3 -0.0999994 2.5
    endloop
  endfacet
  facet normal 1 0 0
    outer loop
      vertex 37.3 51.6 5.25
      vertex 37.3 54.1 16
      vertex 37.3 51.6 16
    endloop
  endfacet
  facet normal 1 0 0
    outer loop
      vertex 37.3 54.1 16
      vertex 37.3 51.6 5.25
      vertex 37.3 54.1 2.5
    endloop
  endfacet
  facet normal 1 0 0
    outer loop
      vertex 37.3 49.25 2.5
      vertex 37.3 51.6 5.25
      vertex 37.3 49.25 5.25
    endloop
  endfacet
  facet normal 1 0 0
    outer loop
      vertex 37.3 51.6 5.25
      vertex 37.3 49.25 2.5
      vertex 37.3 54.1 2.5
    endloop
  endfacet
  facet normal 0 1 0
    outer loop
      vertex 37.3 54.1 16
      vertex 37 54.1 5.25
      vertex 37 54.1 16
    endloop
  endfacet
  facet normal 0 1 0
    outer loop
      vertex 29 54.1 2.5
      vertex 37 54.1 5.25
      vertex 37.3 54.1 2.5
    endloop
  endfacet
  facet normal 0 1 -0
    outer loop
      vertex 37.3 54.1 2.5
      vertex 37 54.1 5.25
      vertex 37.3 54.1 16
    endloop
  endfacet
  facet normal 0 1 -0
    outer loop
      vertex 21 54.1 5.25
      vertex 20.7 54.1 16
      vertex 21 54.1 16
    endloop
  endfacet
  facet normal 0 1 0
    outer loop
      vertex 37 54.1 5.25
      vertex 29 54.1 2.5
      vertex 21 54.1 5.25
    endloop
  endfacet
  facet normal 0 1 0
    outer loop
      vertex 21 54.1 5.25
      vertex 20.7 54.1 2.5
      vertex 20.7 54.1 16
    endloop
  endfacet
  facet normal 0 1 0
    outer loop
      vertex 20.7 54.1 2.5
      vertex 21 54.1 5.25
      vertex 29 54.1 2.5
    endloop
  endfacet
  facet normal 0 0 -1
    outer loop
      vertex 20.7 -0.0999994 2.5
      vertex 37.3 4.75 2.5
      vertex 37.3 -0.0999994 2.5
    endloop
  endfacet
  facet normal -0 0 -1
    outer loop
      vertex 37.3 4.75 2.5
      vertex 20.7 -0.0999994 2.5
      vertex 20.7 4.75 2.5
    endloop
  endfacet
  facet normal 0 -1 0
    outer loop
      vertex 20.7 -0.0999994 15
      vertex 37.3 -0.0999994 16
      vertex 20.7 -0.0999994 16
    endloop
  endfacet
  facet normal 0 -1 -0
    outer loop
      vertex 37.3 -0.0999994 16
      vertex 20.7 -0.0999994 15
      vertex 37.3 -0.0999994 15
    endloop
  endfacet
  facet normal 0 -1 0
    outer loop
      vertex 20.7 -0.0999994 2.5
      vertex 37.3 -0.0999994 3.5
      vertex 20.7 -0.0999994 3.5
    endloop
  endfacet
  facet normal 0 -1 -0
    outer loop
      vertex 37.3 -0.0999994 3.5
      vertex 20.7 -0.0999994 2.5
      vertex 37.3 -0.0999994 2.5
    endloop
  endfacet
  facet normal 0 -1 0
    outer loop
      vertex 20.7 51.6 5.25
      vertex 21 51.6 16
      vertex 20.7 51.6 16
    endloop
  endfacet
  facet normal 0 -1 -0
    outer loop
      vertex 21 51.6 16
      vertex 20.7 51.6 5.25
      vertex 21 51.6 5.25
    endloop
  endfacet
  facet normal 0 -1 0
    outer loop
      vertex 37 51.6 5.25
      vertex 37.3 51.6 16
      vertex 37 51.6 16
    endloop
  endfacet
  facet normal 0 -1 -0
    outer loop
      vertex 37.3 51.6 16
      vertex 37 51.6 5.25
      vertex 37.3 51.6 5.25
    endloop
  endfacet
  facet normal 0 0 1
    outer loop
      vertex 37 54.1 5.25
      vertex 21 54.1 5.25
      vertex 37 51.6 5.25
    endloop
  endfacet
  facet normal -0 0 1
    outer loop
      vertex 37 51.6 5.25
      vertex 37.3 49.25 5.25
      vertex 37.3 51.6 5.25
    endloop
  endfacet
  facet normal 0 0 1
    outer loop
      vertex 21 51.6 5.25
      vertex 37 51.6 5.25
      vertex 21 54.1 5.25
    endloop
  endfacet
  facet normal 0 0 1
    outer loop
      vertex 37 51.6 5.25
      vertex 21 51.6 5.25
      vertex 37.3 49.25 5.25
    endloop
  endfacet
  facet normal 0 0 1
    outer loop
      vertex 20.7 49.25 5.25
      vertex 21 51.6 5.25
      vertex 20.7 51.6 5.25
    endloop
  endfacet
  facet normal 0 0 1
    outer loop
      vertex 21 51.6 5.25
      vertex 20.7 49.25 5.25
      vertex 37.3 49.25 5.25
    endloop
  endfacet
  facet normal 0 1 -0
    outer loop
      vertex 37.3 2.4 15
      vertex 20.7 2.4 16
      vertex 37.3 2.4 16
    endloop
  endfacet
  facet normal 0 1 0
    outer loop
      vertex 20.7 2.4 16
      vertex 37.3 2.4 15
      vertex 20.7 2.4 15
    endloop
  endfacet
  facet normal 0 1 -0
    outer loop
      vertex 37.3 4.75 2.5
      vertex 20.7 4.75 3.5
      vertex 37.3 4.75 3.5
    endloop
  endfacet
  facet normal 0 1 0
    outer loop
      vertex 20.7 4.75 3.5
      vertex 37.3 4.75 2.5
      vertex 20.7 4.75 2.5
    endloop
  endfacet
  facet normal 0 -1 0
    outer loop
      vertex 29 49.25 2.5
      vertex 20.7 49.25 5.25
      vertex 20.7 49.25 2.5
    endloop
  endfacet
  facet normal 0 -1 0
    outer loop
      vertex 20.7 49.25 5.25
      vertex 29 49.25 2.5
      vertex 37.3 49.25 5.25
    endloop
  endfacet
  facet normal 0 -1 -0
    outer loop
      vertex 37.3 49.25 5.25
      vertex 29 49.25 2.5
      vertex 37.3 49.25 2.5
    endloop
  endfacet
  facet normal 1 -0 0
    outer loop
      vertex 21 51.6 16
      vertex 21 54.1 5.25
      vertex 21 54.1 16
    endloop
  endfacet
  facet normal 1 0 0
    outer loop
      vertex 21 54.1 5.25
      vertex 21 51.6 16
      vertex 21 51.6 5.25
    endloop
  endfacet
  facet normal -1 0 0
    outer loop
      vertex 37 51.6 5.25
      vertex 37 54.1 16
      vertex 37 54.1 5.25
    endloop
  endfacet
  facet normal -1 -0 0
    outer loop
      vertex 37 54.1 16
      vertex 37 51.6 5.25
      vertex 37 51.6 16
    endloop
  endfacet
  facet normal -1 0 0
    outer loop
      vertex 40.1 93.5291 2.5
      vertex 40.1 137.2 5.4
      vertex 40.1 137.2 2.5
    endloop
  endfacet
  facet normal -1 0 0
    outer loop
      vertex 40.1 92.4393 5.00991
      vertex 40.1 137.2 5.4
      vertex 40.1 93.5291 2.5
    endloop
  endfacet
  facet normal -1 0 0
    outer loop
      vertex 40.1 82.8 5.4
      vertex 40.1 91.8238 4.80992
      vertex 40.1 91.3253 4.64796
    endloop
  endfacet
  facet normal -1 0 0
    outer loop
      vertex 40.1 82.8 5.4
      vertex 40.1 86.7672 3.16693
      vertex 40.1 84.7146 2.5
    endloop
  endfacet
  facet normal -1 0 0
    outer loop
      vertex 40.1 92.4393 5.00991
      vertex 40.1 82.8 5.4
      vertex 40.1 137.2 5.4
    endloop
  endfacet
  facet normal -1 0 0
    outer loop
      vertex 40.1 92.4067 4.99932
      vertex 40.1 82.8 5.4
      vertex 40.1 92.4393 5.00991
    endloop
  endfacet
  facet normal -1 0 0
    outer loop
      vertex 40.1 91.8238 4.80992
      vertex 40.1 82.8 5.4
      vertex 40.1 92.4067 4.99932
    endloop
  endfacet
  facet normal -1 0 0
    outer loop
      vertex 40.1 86.7672 3.16693
      vertex 40.1 82.8 5.4
      vertex 40.1 91.3253 4.64796
    endloop
  endfacet
  facet normal -1 0 0
    outer loop
      vertex 40.1 80 10
      vertex 40.1 82.8 5.4
      vertex 40.1 80 2.5
    endloop
  endfacet
  facet normal -1 0 0
    outer loop
      vertex 40.1 80 2.5
      vertex 40.1 82.8 5.4
      vertex 40.1 84.7146 2.5
    endloop
  endfacet
  facet normal -1 0 0
    outer loop
      vertex 40.1 82.8 7.3
      vertex 40.1 137.2 10
      vertex 40.1 137.2 7.3
    endloop
  endfacet
  facet normal -1 0 0
    outer loop
      vertex 40.1 82.8 7.3
      vertex 40.1 80 10
      vertex 40.1 137.2 10
    endloop
  endfacet
  facet normal -1 0 0
    outer loop
      vertex 40.1 82.8 5.4
      vertex 40.1 80 10
      vertex 40.1 82.8 7.3
    endloop
  endfacet
  facet normal -0 0 1
    outer loop
      vertex 40.1 137.2 10
      vertex 46.1 80 10
      vertex 46.1 137.2 10
    endloop
  endfacet
  facet normal 0 0 1
    outer loop
      vertex 46.1 80 10
      vertex 40.1 137.2 10
      vertex 40.1 80 10
    endloop
  endfacet
  facet normal 1 -0 0
    outer loop
      vertex 46.1 80 10
      vertex 46.1 137.2 2.5
      vertex 46.1 137.2 10
    endloop
  endfacet
  facet normal 1 0 0
    outer loop
      vertex 46.1 137.2 2.5
      vertex 46.1 80 10
      vertex 46.1 80 2.5
    endloop
  endfacet
  facet normal 0 1 0
    outer loop
      vertex 46.1 137.2 10
      vertex 43.1 137.2 7.3
      vertex 40.1 137.2 10
    endloop
  endfacet
  facet normal 0 1 0
    outer loop
      vertex 46.1 137.2 10
      vertex 43.1 137.2 5.4
      vertex 43.1 137.2 7.3
    endloop
  endfacet
  facet normal 0 1 -0
    outer loop
      vertex 46.1 137.2 2.5
      vertex 43.1 137.2 5.4
      vertex 46.1 137.2 10
    endloop
  endfacet
  facet normal 0 1 0
    outer loop
      vertex 40.1 137.2 2.5
      vertex 43.1 137.2 5.4
      vertex 46.1 137.2 2.5
    endloop
  endfacet
  facet normal 0 1 0
    outer loop
      vertex 43.1 137.2 5.4
      vertex 40.1 137.2 2.5
      vertex 40.1 137.2 5.4
    endloop
  endfacet
  facet normal 0 1 0
    outer loop
      vertex 40.1 137.2 10
      vertex 43.1 137.2 7.3
      vertex 40.1 137.2 7.3
    endloop
  endfacet
  facet normal 0 -1 0
    outer loop
      vertex 40.1 80 2.5
      vertex 46.1 80 10
      vertex 40.1 80 10
    endloop
  endfacet
  facet normal 0 -1 -0
    outer loop
      vertex 46.1 80 10
      vertex 40.1 80 2.5
      vertex 46.1 80 2.5
    endloop
  endfacet
  facet normal 0 0 -1
    outer loop
      vertex 40.1 82.8 7.3
      vertex 43.1 137.2 7.3
      vertex 43.1 82.8 7.3
    endloop
  endfacet
  facet normal -0 0 -1
    outer loop
      vertex 43.1 137.2 7.3
      vertex 40.1 82.8 7.3
      vertex 40.1 137.2 7.3
    endloop
  endfacet
  facet normal -1 0 0
    outer loop
      vertex 43.1 82.8 5.4
      vertex 43.1 137.2 7.3
      vertex 43.1 137.2 5.4
    endloop
  endfacet
  facet normal -1 -0 0
    outer loop
      vertex 43.1 137.2 7.3
      vertex 43.1 82.8 5.4
      vertex 43.1 82.8 7.3
    endloop
  endfacet
  facet normal -0 0 1
    outer loop
      vertex 40.1 137.2 5.4
      vertex 43.1 82.8 5.4
      vertex 43.1 137.2 5.4
    endloop
  endfacet
  facet normal 0 0 1
    outer loop
      vertex 43.1 82.8 5.4
      vertex 40.1 137.2 5.4
      vertex 40.1 82.8 5.4
    endloop
  endfacet
  facet normal 0 1 -0
    outer loop
      vertex 43.1 82.8 5.4
      vertex 40.1 82.8 7.3
      vertex 43.1 82.8 7.3
    endloop
  endfacet
  facet normal 0 1 0
    outer loop
      vertex 40.1 82.8 7.3
      vertex 43.1 82.8 5.4
      vertex 40.1 82.8 5.4
    endloop
  endfacet
  facet normal 0.998626 -0 0.0524084
    outer loop
      vertex 57.4808 72.5 5.86585
      vertex 57.5 77.5 5.5
      vertex 57.4808 77.5 5.86585
    endloop
  endfacet
  facet normal 0.998626 0 0.0524084
    outer loop
      vertex 57.5 77.5 5.5
      vertex 57.4808 72.5 5.86585
      vertex 57.5 72.5 5.5
    endloop
  endfacet
  facet normal -0.998626 0 0.0524084
    outer loop
      vertex 50.5 72.5 5.5
      vertex 50.5192 77.5 5.86585
      vertex 50.5 77.5 5.5
    endloop
  endfacet
  facet normal -0.998626 0 0.0524084
    outer loop
      vertex 50.5192 77.5 5.86585
      vertex 50.5 72.5 5.5
      vertex 50.5192 72.5 5.86585
    endloop
  endfacet
  facet normal -0.838568 0 0.544797
    outer loop
      vertex 50.9689 72.5 7.25
      vertex 51 77.5 7.29787
      vertex 50.9689 77.5 7.25
    endloop
  endfacet
  facet normal -0.838568 0 0.544797
    outer loop
      vertex 51 77.5 7.29787
      vertex 50.9689 72.5 7.25
      vertex 51 72.5 7.29787
    endloop
  endfacet
  facet normal 0.891028 0 -0.453949
    outer loop
      vertex 57.1974 72.5 4.07642
      vertex 57.0311 77.5 3.75
      vertex 57.1974 77.5 4.07642
    endloop
  endfacet
  facet normal 0.891028 0 -0.453949
    outer loop
      vertex 57.0311 77.5 3.75
      vertex 57.1974 72.5 4.07642
      vertex 57.0311 72.5 3.75
    endloop
  endfacet
  facet normal 0.258801 0 -0.965931
    outer loop
      vertex 54.7277 72.5 2.07648
      vertex 55.0816 77.5 2.1713
      vertex 55.0816 72.5 2.1713
    endloop
  endfacet
  facet normal 0.258801 0 -0.965931
    outer loop
      vertex 55.0816 77.5 2.1713
      vertex 54.7277 72.5 2.07648
      vertex 54.7277 77.5 2.07648
    endloop
  endfacet
  facet normal 0.707175 0 -0.707039
    outer loop
      vertex 56.601 72.5 3.15804
      vertex 56.342 77.5 2.89899
      vertex 56.601 77.5 3.15804
    endloop
  endfacet
  facet normal 0.707175 0 -0.707039
    outer loop
      vertex 56.342 77.5 2.89899
      vertex 56.601 72.5 3.15804
      vertex 56.342 72.5 2.89899
    endloop
  endfacet
  facet normal 0.965939 0 -0.25877
    outer loop
      vertex 57.4235 72.5 4.77231
      vertex 57.3287 77.5 4.41844
      vertex 57.4235 77.5 4.77231
    endloop
  endfacet
  facet normal 0.965939 0 -0.25877
    outer loop
      vertex 57.3287 77.5 4.41844
      vertex 57.4235 72.5 4.77231
      vertex 57.3287 72.5 4.41844
    endloop
  endfacet
  facet normal -0.77708 3.92374e-06 -0.629401
    outer loop
      vertex 51.3136 72.5 3.26345
      vertex 51.1684 77.5 3.44275
      vertex 51.3145 77.5 3.26237
    endloop
  endfacet
  facet normal -0.777134 -0 -0.629335
    outer loop
      vertex 51.1684 77.5 3.44275
      vertex 51.3136 72.5 3.26345
      vertex 51.1684 72.5 3.44275
    endloop
  endfacet
  facet normal -0.838709 0 -0.544581
    outer loop
      vertex 51.1684 72.5 3.44275
      vertex 50.9689 77.5 3.75
      vertex 51.1684 77.5 3.44275
    endloop
  endfacet
  facet normal -0.838709 -0 -0.544581
    outer loop
      vertex 50.9689 77.5 3.75
      vertex 51.1684 72.5 3.44275
      vertex 50.9689 72.5 3.75
    endloop
  endfacet
  facet normal 0 1 0
    outer loop
      vertex 57.4235 77.5 6.22769
      vertex 57.2512 77.5 5.963
      vertex 57.4106 77.5 6.27584
    endloop
  endfacet
  facet normal 0 1 0
    outer loop
      vertex 57.4808 77.5 5.86585
      vertex 57.2512 77.5 5.963
      vertex 57.4235 77.5 6.22769
    endloop
  endfacet
  facet normal 0 1 0
    outer loop
      vertex 57.5 77.5 5.5
      vertex 57.2512 77.5 5.963
      vertex 57.4808 77.5 5.86585
    endloop
  endfacet
  facet normal 0 1 0
    outer loop
      vertex 57.5 77.5 5.5
      vertex 56.9902 77.5 5.4507
      vertex 57.2512 77.5 5.963
    endloop
  endfacet
  facet normal 0 1 -0
    outer loop
      vertex 57.4808 77.5 5.13415
      vertex 56.9902 77.5 5.4507
      vertex 57.5 77.5 5.5
    endloop
  endfacet
  facet normal 0 1 0
    outer loop
      vertex 57.4808 77.5 5.13415
      vertex 56.6819 77.5 4.97592
      vertex 56.9902 77.5 5.4507
    endloop
  endfacet
  facet normal 0 1 -0
    outer loop
      vertex 57.4235 77.5 4.77231
      vertex 56.6819 77.5 4.97592
      vertex 57.4808 77.5 5.13415
    endloop
  endfacet
  facet normal 0 1 -0
    outer loop
      vertex 57.3287 77.5 4.41844
      vertex 56.6819 77.5 4.97592
      vertex 57.4235 77.5 4.77231
    endloop
  endfacet
  facet normal 0 1 0
    outer loop
      vertex 56.6819 77.5 4.97592
      vertex 57.3287 77.5 4.41844
      vertex 56.3687 77.5 4.49372
    endloop
  endfacet
  facet normal 0 1 -0
    outer loop
      vertex 57.1974 77.5 4.07642
      vertex 56.3687 77.5 4.49372
      vertex 57.3287 77.5 4.41844
    endloop
  endfacet
  facet normal 0 1 -0
    outer loop
      vertex 57.0311 77.5 3.75
      vertex 56.3687 77.5 4.49372
      vertex 57.1974 77.5 4.07642
    endloop
  endfacet
  facet normal 0 1 0
    outer loop
      vertex 56.3687 77.5 4.49372
      vertex 57.0311 77.5 3.75
      vertex 56.0902 77.5 4.12215
    endloop
  endfacet
  facet normal 0 1 -0
    outer loop
      vertex 56.8316 77.5 3.44275
      vertex 56.0902 77.5 4.12215
      vertex 57.0311 77.5 3.75
    endloop
  endfacet
  facet normal 0 1 -0
    outer loop
      vertex 56.601 77.5 3.15804
      vertex 56.0902 77.5 4.12215
      vertex 56.8316 77.5 3.44275
    endloop
  endfacet
  facet normal 0 1 0
    outer loop
      vertex 56.0902 77.5 4.12215
      vertex 56.601 77.5 3.15804
      vertex 55.4314 77.5 3.3087
    endloop
  endfacet
  facet normal 0 1 -0
    outer loop
      vertex 56.342 77.5 2.89899
      vertex 55.4314 77.5 3.3087
      vertex 56.601 77.5 3.15804
    endloop
  endfacet
  facet normal 0 1 -0
    outer loop
      vertex 56.0572 77.5 2.66844
      vertex 55.4314 77.5 3.3087
      vertex 56.342 77.5 2.89899
    endloop
  endfacet
  facet normal 0 1 -0
    outer loop
      vertex 55.75 77.5 2.46891
      vertex 55.4314 77.5 3.3087
      vertex 56.0572 77.5 2.66844
    endloop
  endfacet
  facet normal 0 1 0
    outer loop
      vertex 55.4236 77.5 2.30259
      vertex 55.4314 77.5 3.3087
      vertex 55.75 77.5 2.46891
    endloop
  endfacet
  facet normal 0 1 0
    outer loop
      vertex 55.4314 77.5 3.3087
      vertex 55.4236 77.5 2.30259
      vertex 54.6913 77.5 2.56856
    endloop
  endfacet
  facet normal 0 1 -0
    outer loop
      vertex 55.0816 77.5 2.1713
      vertex 54.6913 77.5 2.56856
      vertex 55.4236 77.5 2.30259
    endloop
  endfacet
  facet normal 0 1 -0
    outer loop
      vertex 54.7277 77.5 2.07648
      vertex 54.6913 77.5 2.56856
      vertex 55.0816 77.5 2.1713
    endloop
  endfacet
  facet normal 0 1 0
    outer loop
      vertex 54.3658 77.5 2.01917
      vertex 54.6913 77.5 2.56856
      vertex 54.7277 77.5 2.07648
    endloop
  endfacet
  facet normal 0 1 0
    outer loop
      vertex 54 77.5 2
      vertex 54.6913 77.5 2.56856
      vertex 54.3658 77.5 2.01917
    endloop
  endfacet
  facet normal 0 1 0
    outer loop
      vertex 54.6913 77.5 2.56856
      vertex 54 77.5 2
      vertex 53.9899 77.5 2.00053
    endloop
  endfacet
  facet normal 0 1 0
    outer loop
      vertex 52.268 77.5 6.5
      vertex 52.1729 77.5 6.31347
      vertex 51 77.5 6.5
    endloop
  endfacet
  facet normal 0 1 -0
    outer loop
      vertex 51 77.5 6.5
      vertex 50.9689 77.5 7.25
      vertex 51 77.5 7.29787
    endloop
  endfacet
  facet normal 0 1 0
    outer loop
      vertex 50.9689 77.5 7.25
      vertex 51 77.5 6.5
      vertex 50.8026 77.5 6.92358
    endloop
  endfacet
  facet normal 0 1 0
    outer loop
      vertex 50.8026 77.5 6.92358
      vertex 51 77.5 6.5
      vertex 50.6713 77.5 6.58156
    endloop
  endfacet
  facet normal 0 1 0
    outer loop
      vertex 51 77.5 6.5
      vertex 50.5765 77.5 6.22769
      vertex 50.6713 77.5 6.58156
    endloop
  endfacet
  facet normal 0 1 -0
    outer loop
      vertex 52.0979 77.5 6.11803
      vertex 51 77.5 6.5
      vertex 52.1729 77.5 6.31347
    endloop
  endfacet
  facet normal 0 1 -0
    outer loop
      vertex 52.0437 77.5 5.91582
      vertex 51 77.5 6.5
      vertex 52.0979 77.5 6.11803
    endloop
  endfacet
  facet normal 0 1 -0
    outer loop
      vertex 52.011 77.5 5.70906
      vertex 51 77.5 6.5
      vertex 52.0437 77.5 5.91582
    endloop
  endfacet
  facet normal 0 1 0
    outer loop
      vertex 51 77.5 6.5
      vertex 50.5192 77.5 5.86585
      vertex 50.5765 77.5 6.22769
    endloop
  endfacet
  facet normal 0 1 0
    outer loop
      vertex 51 77.5 6.5
      vertex 52.011 77.5 5.70906
      vertex 50.5192 77.5 5.86585
    endloop
  endfacet
  facet normal 0 1 -0
    outer loop
      vertex 52 77.5 5.5
      vertex 50.5192 77.5 5.86585
      vertex 52.011 77.5 5.70906
    endloop
  endfacet
  facet normal 0 1 0
    outer loop
      vertex 52 77.5 5.5
      vertex 50.5 77.5 5.5
      vertex 50.5192 77.5 5.86585
    endloop
  endfacet
  facet normal 0 1 0
    outer loop
      vertex 52.011 77.5 5.29094
      vertex 50.5 77.5 5.5
      vertex 52 77.5 5.5
    endloop
  endfacet
  facet normal 0 1 0
    outer loop
      vertex 52.011 77.5 5.29094
      vertex 50.5192 77.5 5.13415
      vertex 50.5 77.5 5.5
    endloop
  endfacet
  facet normal 0 1 0
    outer loop
      vertex 52.0437 77.5 5.08418
      vertex 50.5192 77.5 5.13415
      vertex 52.011 77.5 5.29094
    endloop
  endfacet
  facet normal 0 1 0
    outer loop
      vertex 50.5765 77.5 4.77231
      vertex 52.0437 77.5 5.08418
      vertex 52.0979 77.5 4.88197
    endloop
  endfacet
  facet normal 0 1 0
    outer loop
      vertex 52.0437 77.5 5.08418
      vertex 50.5765 77.5 4.77231
      vertex 50.5192 77.5 5.13415
    endloop
  endfacet
  facet normal 0 1 0
    outer loop
      vertex 50.6713 77.5 4.41844
      vertex 52.0979 77.5 4.88197
      vertex 52.1729 77.5 4.68653
    endloop
  endfacet
  facet normal 0 1 0
    outer loop
      vertex 50.8026 77.5 4.07642
      vertex 52.1729 77.5 4.68653
      vertex 52.268 77.5 4.5
    endloop
  endfacet
  facet normal 0 1 0
    outer loop
      vertex 52.0979 77.5 4.88197
      vertex 50.6713 77.5 4.41844
      vertex 50.5765 77.5 4.77231
    endloop
  endfacet
  facet normal 0 1 0
    outer loop
      vertex 51.75 77.5 3.50481
      vertex 52.268 77.5 4.5
      vertex 52.382 77.5 4.32443
    endloop
  endfacet
  facet normal 0 1 -0
    outer loop
      vertex 52.4084 77.5 3.93237
      vertex 52.382 77.5 4.32443
      vertex 52.5137 77.5 4.16174
    endloop
  endfacet
  facet normal 0 1 0
    outer loop
      vertex 52.4084 77.5 3.93237
      vertex 52.5137 77.5 4.16174
      vertex 52.5933 77.5 4.08213
    endloop
  endfacet
  facet normal 0 1 0
    outer loop
      vertex 51.75 77.5 3.50481
      vertex 52.382 77.5 4.32443
      vertex 52.4084 77.5 3.93237
    endloop
  endfacet
  facet normal 0 1 0
    outer loop
      vertex 52.1729 77.5 4.68653
      vertex 50.8026 77.5 4.07642
      vertex 50.6713 77.5 4.41844
    endloop
  endfacet
  facet normal -0 1 0
    outer loop
      vertex 50.9689 77.5 3.75
      vertex 52.268 77.5 4.5
      vertex 51.75 77.5 3.50481
    endloop
  endfacet
  facet normal 0 1 0
    outer loop
      vertex 52.268 77.5 4.5
      vertex 50.9689 77.5 3.75
      vertex 50.8026 77.5 4.07642
    endloop
  endfacet
  facet normal 0 1 0
    outer loop
      vertex 51.75 77.5 3.50481
      vertex 51.1684 77.5 3.44275
      vertex 50.9689 77.5 3.75
    endloop
  endfacet
  facet normal 0 1 -0
    outer loop
      vertex 51.5108 77.5 3.3624
      vertex 51.1684 77.5 3.44275
      vertex 51.75 77.5 3.50481
    endloop
  endfacet
  facet normal 0 1 0
    outer loop
      vertex 51.1684 77.5 3.44275
      vertex 51.5108 77.5 3.3624
      vertex 51.3145 77.5 3.26237
    endloop
  endfacet
  facet normal 0.965935 -3.06932e-06 0.258786
    outer loop
      vertex 57.4183 72.5 6.24704
      vertex 57.4235 77.5 6.22769
      vertex 57.4106 77.5 6.27584
    endloop
  endfacet
  facet normal 0.965736 0 0.259526
    outer loop
      vertex 57.4235 77.5 6.22769
      vertex 57.4183 72.5 6.24704
      vertex 57.4235 72.5 6.22769
    endloop
  endfacet
  facet normal 0.987692 -0 0.156408
    outer loop
      vertex 57.4235 72.5 6.22769
      vertex 57.4808 77.5 5.86585
      vertex 57.4235 77.5 6.22769
    endloop
  endfacet
  facet normal 0.987692 0 0.156408
    outer loop
      vertex 57.4808 77.5 5.86585
      vertex 57.4235 72.5 6.22769
      vertex 57.4808 72.5 5.86585
    endloop
  endfacet
  facet normal -0.965939 0 0.25877
    outer loop
      vertex 50.5765 72.5 6.22769
      vertex 50.6713 77.5 6.58156
      vertex 50.5765 77.5 6.22769
    endloop
  endfacet
  facet normal -0.965939 0 0.25877
    outer loop
      vertex 50.6713 77.5 6.58156
      vertex 50.5765 72.5 6.22769
      vertex 50.6713 72.5 6.58156
    endloop
  endfacet
  facet normal -0.891028 0 0.453949
    outer loop
      vertex 50.8026 72.5 6.92358
      vertex 50.9689 77.5 7.25
      vertex 50.8026 77.5 6.92358
    endloop
  endfacet
  facet normal -0.891028 0 0.453949
    outer loop
      vertex 50.9689 77.5 7.25
      vertex 50.8026 72.5 6.92358
      vertex 50.9689 72.5 7.25
    endloop
  endfacet
  facet normal -0.987692 0 0.156408
    outer loop
      vertex 50.5192 72.5 5.86585
      vertex 50.5765 77.5 6.22769
      vertex 50.5192 77.5 5.86585
    endloop
  endfacet
  facet normal -0.987692 0 0.156408
    outer loop
      vertex 50.5765 77.5 6.22769
      vertex 50.5192 72.5 5.86585
      vertex 50.5765 72.5 6.22769
    endloop
  endfacet
  facet normal 0 -1 0
    outer loop
      vertex 57.2771 72.5 5.96977
      vertex 57.4235 72.5 6.22769
      vertex 57.4183 72.5 6.24704
    endloop
  endfacet
  facet normal 0 -1 0
    outer loop
      vertex 57.2771 72.5 5.96977
      vertex 57.4808 72.5 5.86585
      vertex 57.4235 72.5 6.22769
    endloop
  endfacet
  facet normal 0 -1 0
    outer loop
      vertex 57.0638 72.5 5.55131
      vertex 57.4808 72.5 5.86585
      vertex 57.2771 72.5 5.96977
    endloop
  endfacet
  facet normal 0 -1 0
    outer loop
      vertex 57.0638 72.5 5.55131
      vertex 57.5 72.5 5.5
      vertex 57.4808 72.5 5.86585
    endloop
  endfacet
  facet normal 0 -1 0
    outer loop
      vertex 57.0638 72.5 5.55131
      vertex 57.4808 72.5 5.13415
      vertex 57.5 72.5 5.5
    endloop
  endfacet
  facet normal 0 -1 0
    outer loop
      vertex 56.6867 72.5 4.97055
      vertex 57.4808 72.5 5.13415
      vertex 57.0638 72.5 5.55131
    endloop
  endfacet
  facet normal 0 -1 0
    outer loop
      vertex 56.6867 72.5 4.97055
      vertex 57.4235 72.5 4.77231
      vertex 57.4808 72.5 5.13415
    endloop
  endfacet
  facet normal 0 -1 0
    outer loop
      vertex 57.3287 72.5 4.41844
      vertex 56.6867 72.5 4.97055
      vertex 56.4309 72.5 4.57666
    endloop
  endfacet
  facet normal 0 -1 0
    outer loop
      vertex 56.6867 72.5 4.97055
      vertex 57.3287 72.5 4.41844
      vertex 57.4235 72.5 4.77231
    endloop
  endfacet
  facet normal 0 -1 0
    outer loop
      vertex 57.0311 72.5 3.75
      vertex 56.4309 72.5 4.57666
      vertex 56.0902 72.5 4.12215
    endloop
  endfacet
  facet normal 0 -1 0
    outer loop
      vertex 56.4309 72.5 4.57666
      vertex 57.1974 72.5 4.07642
      vertex 57.3287 72.5 4.41844
    endloop
  endfacet
  facet normal 0 -1 0
    outer loop
      vertex 56.4309 72.5 4.57666
      vertex 57.0311 72.5 3.75
      vertex 57.1974 72.5 4.07642
    endloop
  endfacet
  facet normal 0 -1 0
    outer loop
      vertex 56.0902 72.5 4.12215
      vertex 56.8316 72.5 3.44275
      vertex 57.0311 72.5 3.75
    endloop
  endfacet
  facet normal 0 -1 0
    outer loop
      vertex 56.601 72.5 3.15804
      vertex 56.0902 72.5 4.12215
      vertex 55.4314 72.5 3.3087
    endloop
  endfacet
  facet normal 0 -1 0
    outer loop
      vertex 56.0902 72.5 4.12215
      vertex 56.601 72.5 3.15804
      vertex 56.8316 72.5 3.44275
    endloop
  endfacet
  facet normal 0 -1 0
    outer loop
      vertex 55.4314 72.5 3.3087
      vertex 56.342 72.5 2.89899
      vertex 56.601 72.5 3.15804
    endloop
  endfacet
  facet normal 0 -1 0
    outer loop
      vertex 55.4314 72.5 3.3087
      vertex 56.0572 72.5 2.66844
      vertex 56.342 72.5 2.89899
    endloop
  endfacet
  facet normal 0 -1 0
    outer loop
      vertex 55.4236 72.5 2.30259
      vertex 55.4314 72.5 3.3087
      vertex 54.6913 72.5 2.56856
    endloop
  endfacet
  facet normal 0 -1 0
    outer loop
      vertex 55.4314 72.5 3.3087
      vertex 55.75 72.5 2.46891
      vertex 56.0572 72.5 2.66844
    endloop
  endfacet
  facet normal 0 -1 -0
    outer loop
      vertex 55.4314 72.5 3.3087
      vertex 55.4236 72.5 2.30259
      vertex 55.75 72.5 2.46891
    endloop
  endfacet
  facet normal 0 -1 0
    outer loop
      vertex 54.6913 72.5 2.56856
      vertex 55.0816 72.5 2.1713
      vertex 55.4236 72.5 2.30259
    endloop
  endfacet
  facet normal 0 -1 0
    outer loop
      vertex 54.6913 72.5 2.56856
      vertex 54.7277 72.5 2.07648
      vertex 55.0816 72.5 2.1713
    endloop
  endfacet
  facet normal 0 -1 -0
    outer loop
      vertex 54.6913 72.5 2.56856
      vertex 54.3658 72.5 2.01917
      vertex 54.7277 72.5 2.07648
    endloop
  endfacet
  facet normal 0 -1 0
    outer loop
      vertex 54 72.5 2
      vertex 54.6913 72.5 2.56856
      vertex 53.9899 72.5 2.00053
    endloop
  endfacet
  facet normal 0 -1 0
    outer loop
      vertex 54.6913 72.5 2.56856
      vertex 54 72.5 2
      vertex 54.3658 72.5 2.01917
    endloop
  endfacet
  facet normal 0 -1 0
    outer loop
      vertex 51 72.5 6.5
      vertex 50.9689 72.5 7.25
      vertex 50.8026 72.5 6.92358
    endloop
  endfacet
  facet normal 0 -1 0
    outer loop
      vertex 51 72.5 6.5
      vertex 50.8026 72.5 6.92358
      vertex 50.6713 72.5 6.58156
    endloop
  endfacet
  facet normal 0 -1 0
    outer loop
      vertex 50.9689 72.5 7.25
      vertex 51 72.5 6.5
      vertex 51 72.5 7.29787
    endloop
  endfacet
  facet normal 0 -1 0
    outer loop
      vertex 51 72.5 6.5
      vertex 52.1729 72.5 6.31347
      vertex 52.268 72.5 6.5
    endloop
  endfacet
  facet normal 0 -1 0
    outer loop
      vertex 50.5765 72.5 6.22769
      vertex 51 72.5 6.5
      vertex 50.6713 72.5 6.58156
    endloop
  endfacet
  facet normal 0 -1 0
    outer loop
      vertex 50.5192 72.5 5.86585
      vertex 51 72.5 6.5
      vertex 50.5765 72.5 6.22769
    endloop
  endfacet
  facet normal 0 -1 0
    outer loop
      vertex 51 72.5 6.5
      vertex 52.0979 72.5 6.11803
      vertex 52.1729 72.5 6.31347
    endloop
  endfacet
  facet normal 0 -1 0
    outer loop
      vertex 51 72.5 6.5
      vertex 52.0437 72.5 5.91582
      vertex 52.0979 72.5 6.11803
    endloop
  endfacet
  facet normal 0 -1 0
    outer loop
      vertex 52.011 72.5 5.70906
      vertex 51 72.5 6.5
      vertex 50.5192 72.5 5.86585
    endloop
  endfacet
  facet normal 0 -1 0
    outer loop
      vertex 51 72.5 6.5
      vertex 52.011 72.5 5.70906
      vertex 52.0437 72.5 5.91582
    endloop
  endfacet
  facet normal 0 -1 0
    outer loop
      vertex 50.5 72.5 5.5
      vertex 52.011 72.5 5.70906
      vertex 50.5192 72.5 5.86585
    endloop
  endfacet
  facet normal 0 -1 0
    outer loop
      vertex 50.5 72.5 5.5
      vertex 52 72.5 5.5
      vertex 52.011 72.5 5.70906
    endloop
  endfacet
  facet normal 0 -1 0
    outer loop
      vertex 50.5 72.5 5.5
      vertex 52.011 72.5 5.29094
      vertex 52 72.5 5.5
    endloop
  endfacet
  facet normal 0 -1 0
    outer loop
      vertex 50.5192 72.5 5.13415
      vertex 52.011 72.5 5.29094
      vertex 50.5 72.5 5.5
    endloop
  endfacet
  facet normal 0 -1 0
    outer loop
      vertex 50.5192 72.5 5.13415
      vertex 52.0437 72.5 5.08418
      vertex 52.011 72.5 5.29094
    endloop
  endfacet
  facet normal 0 -1 0
    outer loop
      vertex 50.5765 72.5 4.77231
      vertex 52.0437 72.5 5.08418
      vertex 50.5192 72.5 5.13415
    endloop
  endfacet
  facet normal 0 -1 -0
    outer loop
      vertex 52.0437 72.5 5.08418
      vertex 50.5765 72.5 4.77231
      vertex 52.0979 72.5 4.88197
    endloop
  endfacet
  facet normal 0 -1 0
    outer loop
      vertex 50.6713 72.5 4.41844
      vertex 52.0979 72.5 4.88197
      vertex 50.5765 72.5 4.77231
    endloop
  endfacet
  facet normal 0 -1 -0
    outer loop
      vertex 52.0979 72.5 4.88197
      vertex 50.6713 72.5 4.41844
      vertex 52.1729 72.5 4.68653
    endloop
  endfacet
  facet normal 0 -1 0
    outer loop
      vertex 50.8026 72.5 4.07642
      vertex 52.1729 72.5 4.68653
      vertex 50.6713 72.5 4.41844
    endloop
  endfacet
  facet normal 0 -1 -0
    outer loop
      vertex 52.1729 72.5 4.68653
      vertex 50.8026 72.5 4.07642
      vertex 52.268 72.5 4.5
    endloop
  endfacet
  facet normal 0 -1 0
    outer loop
      vertex 50.9689 72.5 3.75
      vertex 52.268 72.5 4.5
      vertex 50.8026 72.5 4.07642
    endloop
  endfacet
  facet normal 0 -1 -0
    outer loop
      vertex 52.268 72.5 4.5
      vertex 51.75 72.5 3.50481
      vertex 52.382 72.5 4.32443
    endloop
  endfacet
  facet normal 0 -1 0
    outer loop
      vertex 52.382 72.5 4.32443
      vertex 52.4084 72.5 3.93237
      vertex 52.5137 72.5 4.16174
    endloop
  endfacet
  facet normal 0 -1 -0
    outer loop
      vertex 52.5137 72.5 4.16174
      vertex 52.4084 72.5 3.93237
      vertex 52.5933 72.5 4.08213
    endloop
  endfacet
  facet normal 0 -1 0
    outer loop
      vertex 52.268 72.5 4.5
      vertex 50.9689 72.5 3.75
      vertex 51.75 72.5 3.50481
    endloop
  endfacet
  facet normal 0 -1 -0
    outer loop
      vertex 52.382 72.5 4.32443
      vertex 51.75 72.5 3.50481
      vertex 52.4084 72.5 3.93237
    endloop
  endfacet
  facet normal 0 -1 0
    outer loop
      vertex 51.1684 72.5 3.44275
      vertex 51.75 72.5 3.50481
      vertex 50.9689 72.5 3.75
    endloop
  endfacet
  facet normal 0 -1 0
    outer loop
      vertex 51.1684 72.5 3.44275
      vertex 51.5285 72.5 3.37294
      vertex 51.75 72.5 3.50481
    endloop
  endfacet
  facet normal -0 -1 0
    outer loop
      vertex 51.5285 72.5 3.37294
      vertex 51.1684 72.5 3.44275
      vertex 51.3136 72.5 3.26345
    endloop
  endfacet
  facet normal 0.0523339 0 -0.99863
    outer loop
      vertex 54 72.5 2
      vertex 54.3658 77.5 2.01917
      vertex 54.3658 72.5 2.01917
    endloop
  endfacet
  facet normal 0.0523339 0 -0.99863
    outer loop
      vertex 54.3658 77.5 2.01917
      vertex 54 72.5 2
      vertex 54 77.5 2
    endloop
  endfacet
  facet normal 0.454014 0 -0.890994
    outer loop
      vertex 55.4236 72.5 2.30259
      vertex 55.75 77.5 2.46891
      vertex 55.75 72.5 2.46891
    endloop
  endfacet
  facet normal 0.454014 0 -0.890994
    outer loop
      vertex 55.75 77.5 2.46891
      vertex 55.4236 72.5 2.30259
      vertex 55.4236 77.5 2.30259
    endloop
  endfacet
  facet normal 0.629194 0 -0.777248
    outer loop
      vertex 56.0572 72.5 2.66844
      vertex 56.342 77.5 2.89899
      vertex 56.342 72.5 2.89899
    endloop
  endfacet
  facet normal 0.629194 0 -0.777248
    outer loop
      vertex 56.342 77.5 2.89899
      vertex 56.0572 72.5 2.66844
      vertex 56.0572 77.5 2.66844
    endloop
  endfacet
  facet normal 0.777084 0 -0.629397
    outer loop
      vertex 56.8316 72.5 3.44275
      vertex 56.601 77.5 3.15804
      vertex 56.8316 77.5 3.44275
    endloop
  endfacet
  facet normal 0.777084 0 -0.629397
    outer loop
      vertex 56.601 77.5 3.15804
      vertex 56.8316 72.5 3.44275
      vertex 56.601 72.5 3.15804
    endloop
  endfacet
  facet normal 0.838709 0 -0.544581
    outer loop
      vertex 57.0311 72.5 3.75
      vertex 56.8316 77.5 3.44275
      vertex 57.0311 77.5 3.75
    endloop
  endfacet
  facet normal 0.838709 0 -0.544581
    outer loop
      vertex 56.8316 77.5 3.44275
      vertex 57.0311 72.5 3.75
      vertex 56.8316 72.5 3.44275
    endloop
  endfacet
  facet normal -0.933571 0 -0.358394
    outer loop
      vertex 50.8026 72.5 4.07642
      vertex 50.6713 77.5 4.41844
      vertex 50.8026 77.5 4.07642
    endloop
  endfacet
  facet normal -0.933571 -0 -0.358394
    outer loop
      vertex 50.6713 77.5 4.41844
      vertex 50.8026 72.5 4.07642
      vertex 50.6713 72.5 4.41844
    endloop
  endfacet
  facet normal -0.965939 0 -0.25877
    outer loop
      vertex 50.6713 72.5 4.41844
      vertex 50.5765 77.5 4.77231
      vertex 50.6713 77.5 4.41844
    endloop
  endfacet
  facet normal -0.965939 -0 -0.25877
    outer loop
      vertex 50.5765 77.5 4.77231
      vertex 50.6713 72.5 4.41844
      vertex 50.5765 72.5 4.77231
    endloop
  endfacet
  facet normal -0.998626 0 -0.0524084
    outer loop
      vertex 50.5192 72.5 5.13415
      vertex 50.5 77.5 5.5
      vertex 50.5192 77.5 5.13415
    endloop
  endfacet
  facet normal -0.998626 -0 -0.0524084
    outer loop
      vertex 50.5 77.5 5.5
      vertex 50.5192 72.5 5.13415
      vertex 50.5 72.5 5.5
    endloop
  endfacet
  facet normal -0.933571 0 0.358394
    outer loop
      vertex 50.6713 72.5 6.58156
      vertex 50.8026 77.5 6.92358
      vertex 50.6713 77.5 6.58156
    endloop
  endfacet
  facet normal -0.933571 0 0.358394
    outer loop
      vertex 50.8026 77.5 6.92358
      vertex 50.6713 72.5 6.58156
      vertex 50.8026 72.5 6.92358
    endloop
  endfacet
  facet normal 0.15641 0 -0.987692
    outer loop
      vertex 54.3658 72.5 2.01917
      vertex 54.7277 77.5 2.07648
      vertex 54.7277 72.5 2.07648
    endloop
  endfacet
  facet normal 0.15641 0 -0.987692
    outer loop
      vertex 54.7277 77.5 2.07648
      vertex 54.3658 72.5 2.01917
      vertex 54.3658 77.5 2.01917
    endloop
  endfacet
  facet normal 0.358388 0 -0.933573
    outer loop
      vertex 55.0816 72.5 2.1713
      vertex 55.4236 77.5 2.30259
      vertex 55.4236 72.5 2.30259
    endloop
  endfacet
  facet normal 0.358388 0 -0.933573
    outer loop
      vertex 55.4236 77.5 2.30259
      vertex 55.0816 72.5 2.1713
      vertex 55.0816 77.5 2.1713
    endloop
  endfacet
  facet normal 0.5447 0 -0.838631
    outer loop
      vertex 55.75 72.5 2.46891
      vertex 56.0572 77.5 2.66844
      vertex 56.0572 72.5 2.66844
    endloop
  endfacet
  facet normal 0.5447 0 -0.838631
    outer loop
      vertex 56.0572 77.5 2.66844
      vertex 55.75 72.5 2.46891
      vertex 55.75 77.5 2.46891
    endloop
  endfacet
  facet normal 0.933571 0 -0.358394
    outer loop
      vertex 57.3287 72.5 4.41844
      vertex 57.1974 77.5 4.07642
      vertex 57.3287 77.5 4.41844
    endloop
  endfacet
  facet normal 0.933571 0 -0.358394
    outer loop
      vertex 57.1974 77.5 4.07642
      vertex 57.3287 72.5 4.41844
      vertex 57.1974 72.5 4.07642
    endloop
  endfacet
  facet normal 0.987692 0 -0.156408
    outer loop
      vertex 57.4808 72.5 5.13415
      vertex 57.4235 77.5 4.77231
      vertex 57.4808 77.5 5.13415
    endloop
  endfacet
  facet normal 0.987692 0 -0.156408
    outer loop
      vertex 57.4235 77.5 4.77231
      vertex 57.4808 72.5 5.13415
      vertex 57.4235 72.5 4.77231
    endloop
  endfacet
  facet normal 0.998626 0 -0.0524084
    outer loop
      vertex 57.5 72.5 5.5
      vertex 57.4808 77.5 5.13415
      vertex 57.5 77.5 5.5
    endloop
  endfacet
  facet normal 0.998626 0 -0.0524084
    outer loop
      vertex 57.4808 77.5 5.13415
      vertex 57.5 72.5 5.5
      vertex 57.4808 72.5 5.13415
    endloop
  endfacet
  facet normal -0.0524031 0 -0.998626
    outer loop
      vertex 53.9899 72.5 2.00053
      vertex 54 77.5 2
      vertex 54 72.5 2
    endloop
  endfacet
  facet normal -0.0524031 0 -0.998626
    outer loop
      vertex 54 77.5 2
      vertex 53.9899 72.5 2.00053
      vertex 53.9899 77.5 2.00053
    endloop
  endfacet
  facet normal -0.891028 0 -0.453949
    outer loop
      vertex 50.9689 72.5 3.75
      vertex 50.8026 77.5 4.07642
      vertex 50.9689 77.5 3.75
    endloop
  endfacet
  facet normal -0.891028 -0 -0.453949
    outer loop
      vertex 50.8026 77.5 4.07642
      vertex 50.9689 72.5 3.75
      vertex 50.8026 72.5 4.07642
    endloop
  endfacet
  facet normal -0.987692 0 -0.156408
    outer loop
      vertex 50.5765 72.5 4.77231
      vertex 50.5192 77.5 5.13415
      vertex 50.5765 77.5 4.77231
    endloop
  endfacet
  facet normal -0.987692 -0 -0.156408
    outer loop
      vertex 50.5192 77.5 5.13415
      vertex 50.5765 72.5 4.77231
      vertex 50.5192 72.5 5.13415
    endloop
  endfacet
  facet normal 0.998619 0 -0.0525438
    outer loop
      vertex 52.011 72.5 5.70906
      vertex 52 77.5 5.5
      vertex 52.011 77.5 5.70906
    endloop
  endfacet
  facet normal 0.998619 0 -0.0525438
    outer loop
      vertex 52 77.5 5.5
      vertex 52.011 72.5 5.70906
      vertex 52 72.5 5.5
    endloop
  endfacet
  facet normal 0.777248 -0 0.629194
    outer loop
      vertex 52.382 72.5 4.32443
      vertex 52.5137 77.5 4.16174
      vertex 52.382 77.5 4.32443
    endloop
  endfacet
  facet normal 0.777248 0 0.629194
    outer loop
      vertex 52.5137 77.5 4.16174
      vertex 52.382 72.5 4.32443
      vertex 52.5137 72.5 4.16174
    endloop
  endfacet
  facet normal 0.890894 0 -0.454211
    outer loop
      vertex 52.268 72.5 6.5
      vertex 52.1729 77.5 6.31347
      vertex 52.268 77.5 6.5
    endloop
  endfacet
  facet normal 0.890894 0 -0.454211
    outer loop
      vertex 52.1729 77.5 6.31347
      vertex 52.268 72.5 6.5
      vertex 52.1729 72.5 6.31347
    endloop
  endfacet
  facet normal 0.965904 0 -0.258899
    outer loop
      vertex 52.0979 72.5 6.11803
      vertex 52.0437 77.5 5.91582
      vertex 52.0979 77.5 6.11803
    endloop
  endfacet
  facet normal 0.965904 0 -0.258899
    outer loop
      vertex 52.0437 77.5 5.91582
      vertex 52.0979 72.5 6.11803
      vertex 52.0437 72.5 5.91582
    endloop
  endfacet
  facet normal 0.933616 0 -0.358275
    outer loop
      vertex 52.1729 72.5 6.31347
      vertex 52.0979 77.5 6.11803
      vertex 52.1729 77.5 6.31347
    endloop
  endfacet
  facet normal 0.933616 0 -0.358275
    outer loop
      vertex 52.0979 77.5 6.11803
      vertex 52.1729 72.5 6.31347
      vertex 52.0979 72.5 6.11803
    endloop
  endfacet
  facet normal 0.987723 0 -0.156213
    outer loop
      vertex 52.0437 72.5 5.91582
      vertex 52.011 77.5 5.70906
      vertex 52.0437 77.5 5.91582
    endloop
  endfacet
  facet normal 0.987723 0 -0.156213
    outer loop
      vertex 52.011 77.5 5.70906
      vertex 52.0437 72.5 5.91582
      vertex 52.011 72.5 5.70906
    endloop
  endfacet
  facet normal 0.707151 0 0.707062
    outer loop
      vertex 52.5137 77.5 4.16174
      vertex 52.5933 72.5 4.08213
      vertex 52.5933 77.5 4.08213
    endloop
  endfacet
  facet normal 0.707151 0 0.707062
    outer loop
      vertex 52.5933 72.5 4.08213
      vertex 52.5137 77.5 4.16174
      vertex 52.5137 72.5 4.16174
    endloop
  endfacet
  facet normal 0.933616 -0 0.358275
    outer loop
      vertex 52.0979 72.5 4.88197
      vertex 52.1729 77.5 4.68653
      vertex 52.0979 77.5 4.88197
    endloop
  endfacet
  facet normal 0.933616 0 0.358275
    outer loop
      vertex 52.1729 77.5 4.68653
      vertex 52.0979 72.5 4.88197
      vertex 52.1729 72.5 4.68653
    endloop
  endfacet
  facet normal 0.838707 -0 0.544584
    outer loop
      vertex 52.268 72.5 4.5
      vertex 52.382 77.5 4.32443
      vertex 52.268 77.5 4.5
    endloop
  endfacet
  facet normal 0.838707 0 0.544584
    outer loop
      vertex 52.382 77.5 4.32443
      vertex 52.268 72.5 4.5
      vertex 52.382 72.5 4.32443
    endloop
  endfacet
  facet normal 0.965904 -0 0.258899
    outer loop
      vertex 52.0437 72.5 5.08418
      vertex 52.0979 77.5 4.88197
      vertex 52.0437 77.5 5.08418
    endloop
  endfacet
  facet normal 0.965904 0 0.258899
    outer loop
      vertex 52.0979 77.5 4.88197
      vertex 52.0437 72.5 5.08418
      vertex 52.0979 72.5 4.88197
    endloop
  endfacet
  facet normal 0.998619 -0 0.0525438
    outer loop
      vertex 52 72.5 5.5
      vertex 52.011 77.5 5.29094
      vertex 52 77.5 5.5
    endloop
  endfacet
  facet normal 0.998619 0 0.0525438
    outer loop
      vertex 52.011 77.5 5.29094
      vertex 52 72.5 5.5
      vertex 52.011 72.5 5.29094
    endloop
  endfacet
  facet normal 0.890894 -0 0.454211
    outer loop
      vertex 52.1729 72.5 4.68653
      vertex 52.268 77.5 4.5
      vertex 52.1729 77.5 4.68653
    endloop
  endfacet
  facet normal 0.890894 0 0.454211
    outer loop
      vertex 52.268 77.5 4.5
      vertex 52.1729 72.5 4.68653
      vertex 52.268 72.5 4.5
    endloop
  endfacet
  facet normal 0.987723 -0 0.156213
    outer loop
      vertex 52.011 72.5 5.29094
      vertex 52.0437 77.5 5.08418
      vertex 52.011 77.5 5.29094
    endloop
  endfacet
  facet normal 0.987723 0 0.156213
    outer loop
      vertex 52.0437 77.5 5.08418
      vertex 52.011 72.5 5.29094
      vertex 52.0437 72.5 5.08418
    endloop
  endfacet
  facet normal 1 -0 0
    outer loop
      vertex 51 72.5 7.29787
      vertex 51 77.5 6.5
      vertex 51 77.5 7.29787
    endloop
  endfacet
  facet normal 1 0 0
    outer loop
      vertex 51 77.5 6.5
      vertex 51 72.5 7.29787
      vertex 51 72.5 6.5
    endloop
  endfacet
  facet normal -0 0 1
    outer loop
      vertex 51 77.5 6.5
      vertex 52.268 72.5 6.5
      vertex 52.268 77.5 6.5
    endloop
  endfacet
  facet normal 0 0 1
    outer loop
      vertex 52.268 72.5 6.5
      vertex 51 77.5 6.5
      vertex 51 72.5 6.5
    endloop
  endfacet
  facet normal -1 0 0
    outer loop
      vertex 31 40 16.5
      vertex 31 44 18
      vertex 31 44 16.5
    endloop
  endfacet
  facet normal -1 0 0
    outer loop
      vertex 31 40 36.5
      vertex 31 44 18
      vertex 31 40 16.5
    endloop
  endfacet
  facet normal -1 0 0
    outer loop
      vertex 31 44 18
      vertex 31 40 36.5
      vertex 31 44 36.5
    endloop
  endfacet
  facet normal -0 0 1
    outer loop
      vertex 31 44 36.5
      vertex 37 40 36.5
      vertex 37 44 36.5
    endloop
  endfacet
  facet normal 0 0 1
    outer loop
      vertex 37 40 36.5
      vertex 31 44 36.5
      vertex 31 40 36.5
    endloop
  endfacet
  facet normal 1 -0 0
    outer loop
      vertex 37 40 36.5
      vertex 37 44 16.5
      vertex 37 44 36.5
    endloop
  endfacet
  facet normal 1 0 0
    outer loop
      vertex 37 44 16.5
      vertex 37 40 36.5
      vertex 37 40 16.5
    endloop
  endfacet
  facet normal 0 0 -1
    outer loop
      vertex 31 40 16.5
      vertex 37 44 16.5
      vertex 37 40 16.5
    endloop
  endfacet
  facet normal -0 0 -1
    outer loop
      vertex 37 44 16.5
      vertex 31 40 16.5
      vertex 31 44 16.5
    endloop
  endfacet
  facet normal 0 -1 0
    outer loop
      vertex 31 40 16.5
      vertex 37 40 36.5
      vertex 31 40 36.5
    endloop
  endfacet
  facet normal 0 -1 -0
    outer loop
      vertex 37 40 36.5
      vertex 31 40 16.5
      vertex 37 40 16.5
    endloop
  endfacet
  facet normal 0 1 0
    outer loop
      vertex 37 44 36.5
      vertex 31 44 18
      vertex 31 44 36.5
    endloop
  endfacet
  facet normal 0 1 -0
    outer loop
      vertex 37 44 16.5
      vertex 31 44 18
      vertex 37 44 36.5
    endloop
  endfacet
  facet normal 0 1 0
    outer loop
      vertex 31 44 18
      vertex 37 44 16.5
      vertex 31 44 16.5
    endloop
  endfacet
  facet normal -1 0 0
    outer loop
      vertex 33.8 115.206 -95.9984
      vertex 33.8 118.542 -93.9682
      vertex 33.8 118.82 -94.8241
    endloop
  endfacet
  facet normal -1 0 0
    outer loop
      vertex 33.8 118.542 -93.9682
      vertex 33.8 115.206 -95.9984
      vertex 33.8 114.928 -95.1424
    endloop
  endfacet
  facet normal 0 0.951099 0.308885
    outer loop
      vertex 33.8 115.206 -95.9984
      vertex 29 114.928 -95.1424
      vertex 33.8 114.928 -95.1424
    endloop
  endfacet
  facet normal 0 0.951099 0.308885
    outer loop
      vertex 29 114.928 -95.1424
      vertex 33.8 115.206 -95.9984
      vertex 29 115.206 -95.9984
    endloop
  endfacet
  facet normal 0 -0.951089 -0.308918
    outer loop
      vertex 29 118.82 -94.8241
      vertex 33.8 118.542 -93.9682
      vertex 29 118.542 -93.9682
    endloop
  endfacet
  facet normal 0 -0.951089 -0.308918
    outer loop
      vertex 33.8 118.542 -93.9682
      vertex 29 118.82 -94.8241
      vertex 33.8 118.82 -94.8241
    endloop
  endfacet
  facet normal -8.73634e-05 0.309011 -0.951059
    outer loop
      vertex 35.75 113.447 -96.5701
      vertex 33.8 115.206 -95.9984
      vertex 35.75 120.58 -94.2525
    endloop
  endfacet
  facet normal 0 0.309098 -0.95103
    outer loop
      vertex 29 113.447 -96.5701
      vertex 33.8 115.206 -95.9984
      vertex 35.75 113.447 -96.5701
    endloop
  endfacet
  facet normal 0 0.309098 -0.95103
    outer loop
      vertex 33.8 115.206 -95.9984
      vertex 29 113.447 -96.5701
      vertex 29 115.206 -95.9984
    endloop
  endfacet
  facet normal -0.000135709 0.309027 -0.951053
    outer loop
      vertex 33.8 118.82 -94.8241
      vertex 35.75 120.58 -94.2525
      vertex 33.8 115.206 -95.9984
    endloop
  endfacet
  facet normal 0 0.308891 -0.951098
    outer loop
      vertex 29 120.58 -94.2525
      vertex 33.8 118.82 -94.8241
      vertex 29 118.82 -94.8241
    endloop
  endfacet
  facet normal 0 0.308891 -0.951098
    outer loop
      vertex 33.8 118.82 -94.8241
      vertex 29 120.58 -94.2525
      vertex 35.75 120.58 -94.2525
    endloop
  endfacet
  facet normal -1 0 0
    outer loop
      vertex 35.75 114.096 -98.5673
      vertex 35.75 120.58 -94.2525
      vertex 35.75 121.229 -96.2497
    endloop
  endfacet
  facet normal -1 0 0
    outer loop
      vertex 35.75 120.58 -94.2525
      vertex 35.75 114.096 -98.5673
      vertex 35.75 113.447 -96.5701
    endloop
  endfacet
  facet normal 0 -0.951047 -0.309047
    outer loop
      vertex 29 121.229 -96.2497
      vertex 35.75 120.58 -94.2525
      vertex 29 120.58 -94.2525
    endloop
  endfacet
  facet normal 0 -0.951047 -0.309047
    outer loop
      vertex 35.75 120.58 -94.2525
      vertex 29 121.229 -96.2497
      vertex 35.75 121.229 -96.2497
    endloop
  endfacet
  facet normal 0 0.951047 0.309047
    outer loop
      vertex 35.75 114.096 -98.5673
      vertex 29 113.447 -96.5701
      vertex 35.75 113.447 -96.5701
    endloop
  endfacet
  facet normal 0 0.951047 0.309047
    outer loop
      vertex 29 113.447 -96.5701
      vertex 35.75 114.096 -98.5673
      vertex 29 114.096 -98.5673
    endloop
  endfacet
  facet normal 0 0 1
    outer loop
      vertex 51.7413 11.1532 3.5
      vertex 55.5864 12 3.5
      vertex 51.7418 12 3.5
    endloop
  endfacet
  facet normal 0 0 1
    outer loop
      vertex 51.7406 10 3.5
      vertex 55.5864 12 3.5
      vertex 51.7413 11.1532 3.5
    endloop
  endfacet
  facet normal 0 0 1
    outer loop
      vertex 55.5864 12 3.5
      vertex 51.7406 10 3.5
      vertex 55.5864 7.5 3.5
    endloop
  endfacet
  facet normal 0 0 1
    outer loop
      vertex 29 7.5 3.5
      vertex 51.7406 10 3.5
      vertex 29 10 3.5
    endloop
  endfacet
  facet normal 0 0 1
    outer loop
      vertex 51.7406 10 3.5
      vertex 29 7.5 3.5
      vertex 55.5864 7.5 3.5
    endloop
  endfacet
  facet normal -0 0 1
    outer loop
      vertex 20.7 4.75 3.5
      vertex 37.3 -0.0999994 3.5
      vertex 37.3 4.75 3.5
    endloop
  endfacet
  facet normal 0 0 1
    outer loop
      vertex 37.3 -0.0999994 3.5
      vertex 20.7 4.75 3.5
      vertex 20.7 -0.0999994 3.5
    endloop
  endfacet
  facet normal 0 0 -1
    outer loop
      vertex 55.5 10 15
      vertex 58.1079 12 15
      vertex 58 7.5 15
    endloop
  endfacet
  facet normal -0 0 -1
    outer loop
      vertex 58.1079 12 15
      vertex 55.5 10 15
      vertex 55.551 12 15
    endloop
  endfacet
  facet normal 0 0 -1
    outer loop
      vertex 29 7.5 15
      vertex 55.5 10 15
      vertex 58 7.5 15
    endloop
  endfacet
  facet normal -0 0 -1
    outer loop
      vertex 55.5 10 15
      vertex 29 7.5 15
      vertex 29 10 15
    endloop
  endfacet
  facet normal 0 0 -1
    outer loop
      vertex 20.7 -0.0999994 15
      vertex 37.3 2.4 15
      vertex 37.3 -0.0999994 15
    endloop
  endfacet
  facet normal -0 0 -1
    outer loop
      vertex 37.3 2.4 15
      vertex 20.7 -0.0999994 15
      vertex 20.7 2.4 15
    endloop
  endfacet
  facet normal 0 -1 0
    outer loop
      vertex 55.551 12 15
      vertex 58.1079 12 10.2158
      vertex 58.1079 12 15
    endloop
  endfacet
  facet normal 0 -1 0
    outer loop
      vertex 55.551 12 10.102
      vertex 58.1079 12 10.2158
      vertex 55.551 12 15
    endloop
  endfacet
  facet normal 0 -1 0
    outer loop
      vertex 55.551 12 10.102
      vertex 58.1008 12 10.0805
      vertex 58.1079 12 10.2158
    endloop
  endfacet
  facet normal 0 -1 0
    outer loop
      vertex 55.5484 12 10.0514
      vertex 58.1008 12 10.0805
      vertex 55.551 12 10.102
    endloop
  endfacet
  facet normal 0 -1 0
    outer loop
      vertex 58.052 12 9.14798
      vertex 55.5484 12 10.0514
      vertex 55.5094 12 9.30741
    endloop
  endfacet
  facet normal 0 -1 0
    outer loop
      vertex 58.0308 12 9.0141
      vertex 55.5094 12 9.30741
      vertex 55.5014 12 9.2573
    endloop
  endfacet
  facet normal 0 -1 0
    outer loop
      vertex 55.5484 12 10.0514
      vertex 58.052 12 9.14798
      vertex 58.1008 12 10.0805
    endloop
  endfacet
  facet normal 0 -1 0
    outer loop
      vertex 55.5094 12 9.30741
      vertex 58.0308 12 9.0141
      vertex 58.052 12 9.14798
    endloop
  endfacet
  facet normal 0 -1 0
    outer loop
      vertex 57.8847 12 8.09184
      vertex 55.5014 12 9.2573
      vertex 55.3849 12 8.52148
    endloop
  endfacet
  facet normal 0 -1 0
    outer loop
      vertex 57.8496 12 7.96091
      vertex 55.3849 12 8.52148
      vertex 55.3718 12 8.47248
    endloop
  endfacet
  facet normal 0 -1 0
    outer loop
      vertex 55.5014 12 9.2573
      vertex 57.8847 12 8.09184
      vertex 58.0308 12 9.0141
    endloop
  endfacet
  facet normal 0 -1 0
    outer loop
      vertex 55.3849 12 8.52148
      vertex 57.8496 12 7.96091
      vertex 57.8847 12 8.09184
    endloop
  endfacet
  facet normal 0 -1 0
    outer loop
      vertex 57.6079 12 7.05897
      vertex 55.3718 12 8.47248
      vertex 55.1789 12 7.75288
    endloop
  endfacet
  facet normal 0 -1 0
    outer loop
      vertex 55.3718 12 8.47248
      vertex 57.6079 12 7.05897
      vertex 57.8496 12 7.96091
    endloop
  endfacet
  facet normal 0 -1 0
    outer loop
      vertex 57.2733 12 6.18722
      vertex 55.1789 12 7.75288
      vertex 54.912 12 7.05738
    endloop
  endfacet
  facet normal 0 -1 0
    outer loop
      vertex 57.2733 12 6.18722
      vertex 54.912 12 7.05738
      vertex 54.8938 12 7.01002
    endloop
  endfacet
  facet normal 0 -1 0
    outer loop
      vertex 57.1632 12 5.9399
      vertex 54.8938 12 7.01002
      vertex 54.5556 12 6.34622
    endloop
  endfacet
  facet normal 0 -1 0
    outer loop
      vertex 56.7392 12 5.10791
      vertex 54.5556 12 6.34622
      vertex 54.5325 12 6.30102
    endloop
  endfacet
  facet normal 0 -1 0
    outer loop
      vertex 56.6654 12 4.99424
      vertex 54.5325 12 6.30102
      vertex 54.5049 12 6.25847
    endloop
  endfacet
  facet normal 0 -1 0
    outer loop
      vertex 55.1789 12 7.75288
      vertex 57.2733 12 6.18722
      vertex 57.6079 12 7.05897
    endloop
  endfacet
  facet normal 0 -1 0
    outer loop
      vertex 54.8938 12 7.01002
      vertex 57.1632 12 5.9399
      vertex 57.2733 12 6.18722
    endloop
  endfacet
  facet normal 0 -1 0
    outer loop
      vertex 57.2733 12 6.18722
      vertex 57.1632 12 5.9399
      vertex 57.2247 12 6.06067
    endloop
  endfacet
  facet normal 0 -1 0
    outer loop
      vertex 56.1569 12 4.21111
      vertex 54.5049 12 6.25847
      vertex 54.0992 12 5.63368
    endloop
  endfacet
  facet normal 0 -1 0
    outer loop
      vertex 56.0902 12 4.12215
      vertex 54.0992 12 5.63368
      vertex 54.0676 12 5.59161
    endloop
  endfacet
  facet normal 0 -1 0
    outer loop
      vertex 54.5556 12 6.34622
      vertex 56.7392 12 5.10791
      vertex 57.1632 12 5.9399
    endloop
  endfacet
  facet normal 0 -1 0
    outer loop
      vertex 54.5325 12 6.30102
      vertex 56.6654 12 4.99424
      vertex 56.7392 12 5.10791
    endloop
  endfacet
  facet normal 0 -1 0
    outer loop
      vertex 55.5864 12 3.5
      vertex 54.0676 12 5.59161
      vertex 53.5736 12 4.98152
    endloop
  endfacet
  facet normal 0 -1 0
    outer loop
      vertex 55.5864 12 3.5
      vertex 53.5736 12 4.98152
      vertex 53.0185 12 4.42641
    endloop
  endfacet
  facet normal 0 -1 0
    outer loop
      vertex 54.5049 12 6.25847
      vertex 56.1569 12 4.21111
      vertex 56.6654 12 4.99424
    endloop
  endfacet
  facet normal 0 -1 0
    outer loop
      vertex 54.0992 12 5.63368
      vertex 56.0902 12 4.12215
      vertex 56.1569 12 4.21111
    endloop
  endfacet
  facet normal 0 -1 0
    outer loop
      vertex 55.5864 12 3.5
      vertex 53.0185 12 4.42641
      vertex 52.4084 12 3.93237
    endloop
  endfacet
  facet normal 0 -1 0
    outer loop
      vertex 55.5864 12 3.5
      vertex 52.4084 12 3.93237
      vertex 51.75 12 3.50481
    endloop
  endfacet
  facet normal 0 -1 0
    outer loop
      vertex 55.5864 12 3.5
      vertex 51.75 12 3.50481
      vertex 51.7429 12 3.50059
    endloop
  endfacet
  facet normal 0 -1 0
    outer loop
      vertex 55.5864 12 3.5
      vertex 51.7429 12 3.50059
      vertex 51.7418 12 3.5
    endloop
  endfacet
  facet normal 0 -1 0
    outer loop
      vertex 54.0676 12 5.59161
      vertex 55.5864 12 3.5
      vertex 56.0902 12 4.12215
    endloop
  endfacet
  facet normal -1 0 0
    outer loop
      vertex 44.5 50.2 49.5
      vertex 44.5 75.5 50.9819
      vertex 44.5 75.5 49.5
    endloop
  endfacet
  facet normal -1 0 0
    outer loop
      vertex 44.5 50.2 49.5
      vertex 44.5 50.2 52
      vertex 44.5 75.5 50.9819
    endloop
  endfacet
  facet normal -1 0 0
    outer loop
      vertex 44.5 49.2 49.5
      vertex 44.5 50.2 52
      vertex 44.5 50.2 49.5
    endloop
  endfacet
  facet normal -1 0 0
    outer loop
      vertex 44.5 49.2 49.5
      vertex 44.5 49.2 52
      vertex 44.5 50.2 52
    endloop
  endfacet
  facet normal -1 0 0
    outer loop
      vertex 44.5 44.5 51.7746
      vertex 44.5 49.2 49.5
      vertex 44.5 44.5 49.5
    endloop
  endfacet
  facet normal -1 0 0
    outer loop
      vertex 44.5 49.2 49.5
      vertex 44.5 44.5 51.7746
      vertex 44.5 49.2 52
    endloop
  endfacet
  facet normal 0 -1 0
    outer loop
      vertex 29 75.5 49.5
      vertex 44.5 75.5 50.9819
      vertex 29 75.5 50.9819
    endloop
  endfacet
  facet normal 0 -1 -0
    outer loop
      vertex 44.5 75.5 50.9819
      vertex 29 75.5 49.5
      vertex 44.5 75.5 49.5
    endloop
  endfacet
  facet normal 0 1 -0
    outer loop
      vertex 44.5 44.5 49.5
      vertex 29 44.5 51.7746
      vertex 44.5 44.5 51.7746
    endloop
  endfacet
  facet normal 0 1 0
    outer loop
      vertex 29 44.5 51.7746
      vertex 44.5 44.5 49.5
      vertex 29 44.5 49.5
    endloop
  endfacet
  facet normal -0.258694 0.965959 0
    outer loop
      vertex 40.6135 55.8934 46.48
      vertex 40.4619 55.8528 47.9
      vertex 40.6135 55.8934 47.9
    endloop
  endfacet
  facet normal -0.258694 0.965959 0
    outer loop
      vertex 40.4619 55.8528 47.9
      vertex 40.6135 55.8934 46.48
      vertex 40.4619 55.8528 46.48
    endloop
  endfacet
  facet normal -0.258694 0.965959 0
    outer loop
      vertex 40.6135 55.8934 49.5
      vertex 40.4619 55.8528 49.2725
      vertex 40.4619 55.8528 49.5
    endloop
  endfacet
  facet normal -0.258694 0.965959 0
    outer loop
      vertex 40.4619 55.8528 49.2725
      vertex 40.6135 55.8934 49.5
      vertex 40.6135 55.8934 49.2709
    endloop
  endfacet
  facet normal -0.35851 0.933526 0
    outer loop
      vertex 40.7601 55.9497 46.48
      vertex 40.6135 55.8934 47.9
      vertex 40.7601 55.9497 47.9
    endloop
  endfacet
  facet normal -0.35851 0.933526 0
    outer loop
      vertex 40.6135 55.8934 47.9
      vertex 40.7601 55.9497 46.48
      vertex 40.6135 55.8934 46.48
    endloop
  endfacet
  facet normal -0.35851 0.933526 0
    outer loop
      vertex 40.7601 55.9497 49.5
      vertex 40.6135 55.8934 49.2709
      vertex 40.6135 55.8934 49.5
    endloop
  endfacet
  facet normal -0.35851 0.933526 0
    outer loop
      vertex 40.6135 55.8934 49.2709
      vertex 40.7601 55.9497 49.5
      vertex 40.7601 55.9497 49.2686
    endloop
  endfacet
  facet normal 0 1 -0
    outer loop
      vertex 40.15 55.82 46.48
      vertex 39 55.82 47.9
      vertex 40.15 55.82 47.9
    endloop
  endfacet
  facet normal 0 1 0
    outer loop
      vertex 39 55.82 47.9
      vertex 40.15 55.82 46.48
      vertex 39 55.82 46.48
    endloop
  endfacet
  facet normal 0 1 -0
    outer loop
      vertex 40.15 55.82 49.2738
      vertex 29 55.82 49.5
      vertex 40.15 55.82 49.5
    endloop
  endfacet
  facet normal 0 1 0
    outer loop
      vertex 29 55.82 49.5
      vertex 40.15 55.82 49.2738
      vertex 29 55.82 49.2738
    endloop
  endfacet
  facet normal 0 -1 0
    outer loop
      vertex 39 73.32 46.48
      vertex 40.15 73.32 47.9
      vertex 39 73.32 47.9
    endloop
  endfacet
  facet normal 0 -1 -0
    outer loop
      vertex 40.15 73.32 47.9
      vertex 39 73.32 46.48
      vertex 40.15 73.32 46.48
    endloop
  endfacet
  facet normal 0 -1 0
    outer loop
      vertex 29 73.32 48.5696
      vertex 40.15 73.32 49.5
      vertex 29 73.32 49.5
    endloop
  endfacet
  facet normal 0 -1 -0
    outer loop
      vertex 40.15 73.32 49.5
      vertex 29 73.32 48.5696
      vertex 40.15 73.32 48.5696
    endloop
  endfacet
  facet normal -0.629345 0.777126 0
    outer loop
      vertex 41.1537 56.2053 46.48
      vertex 41.0317 56.1065 47.9
      vertex 41.1537 56.2053 47.9
    endloop
  endfacet
  facet normal -0.629345 0.777126 0
    outer loop
      vertex 41.0317 56.1065 47.9
      vertex 41.1537 56.2053 46.48
      vertex 41.0317 56.1065 46.48
    endloop
  endfacet
  facet normal -0.629345 0.777126 0
    outer loop
      vertex 41.1537 56.2053 49.5
      vertex 41.0317 56.1065 49.2623
      vertex 41.0317 56.1065 49.5
    endloop
  endfacet
  facet normal -0.629345 0.777126 0
    outer loop
      vertex 41.0317 56.1065 49.2623
      vertex 41.1537 56.2053 49.5
      vertex 41.1537 56.2053 49.2583
    endloop
  endfacet
  facet normal -0.777126 -0.629345 0
    outer loop
      vertex 41.3635 72.7017 46.48
      vertex 41.2647 72.8237 47.9
      vertex 41.2647 72.8237 46.48
    endloop
  endfacet
  facet normal -0.777126 -0.629345 0
    outer loop
      vertex 41.2647 72.8237 47.9
      vertex 41.3635 72.7017 46.48
      vertex 41.3635 72.7017 47.9
    endloop
  endfacet
  facet normal -0.777126 -0.629345 0
    outer loop
      vertex 41.3635 72.7017 48.5945
      vertex 41.2647 72.8237 49.5
      vertex 41.2647 72.8237 48.5896
    endloop
  endfacet
  facet normal -0.777126 -0.629345 0
    outer loop
      vertex 41.2647 72.8237 49.5
      vertex 41.3635 72.7017 48.5945
      vertex 41.3635 72.7017 49.5
    endloop
  endfacet
  facet normal -0.0522246 0.998635 0
    outer loop
      vertex 40.3068 55.8282 46.48
      vertex 40.15 55.82 47.9
      vertex 40.3068 55.8282 47.9
    endloop
  endfacet
  facet normal -0.0522246 0.998635 0
    outer loop
      vertex 40.15 55.82 47.9
      vertex 40.3068 55.8282 46.48
      vertex 40.15 55.82 46.48
    endloop
  endfacet
  facet normal -0.0522246 0.998635 0
    outer loop
      vertex 40.3068 55.8282 49.5
      vertex 40.15 55.82 49.2738
      vertex 40.15 55.82 49.5
    endloop
  endfacet
  facet normal -0.0522246 0.998635 0
    outer loop
      vertex 40.15 55.82 49.2738
      vertex 40.3068 55.8282 49.5
      vertex 40.3068 55.8282 49.2735
    endloop
  endfacet
  facet normal -0.156649 0.987654 0
    outer loop
      vertex 40.4619 55.8528 46.48
      vertex 40.3068 55.8282 47.9
      vertex 40.4619 55.8528 47.9
    endloop
  endfacet
  facet normal -0.156649 0.987654 0
    outer loop
      vertex 40.3068 55.8282 47.9
      vertex 40.4619 55.8528 46.48
      vertex 40.3068 55.8282 46.48
    endloop
  endfacet
  facet normal -0.156649 0.987654 0
    outer loop
      vertex 40.4619 55.8528 49.5
      vertex 40.3068 55.8282 49.2735
      vertex 40.3068 55.8282 49.5
    endloop
  endfacet
  facet normal -0.156649 0.987654 0
    outer loop
      vertex 40.3068 55.8282 49.2735
      vertex 40.4619 55.8528 49.5
      vertex 40.4619 55.8528 49.2725
    endloop
  endfacet
  facet normal -0.454078 0.890962 0
    outer loop
      vertex 40.9 56.021 46.48
      vertex 40.7601 55.9497 47.9
      vertex 40.9 56.021 47.9
    endloop
  endfacet
  facet normal -0.454078 0.890962 0
    outer loop
      vertex 40.7601 55.9497 47.9
      vertex 40.9 56.021 46.48
      vertex 40.7601 55.9497 46.48
    endloop
  endfacet
  facet normal -0.454078 0.890962 0
    outer loop
      vertex 40.9 56.021 49.5
      vertex 40.7601 55.9497 49.2686
      vertex 40.7601 55.9497 49.5
    endloop
  endfacet
  facet normal -0.454078 0.890962 0
    outer loop
      vertex 40.7601 55.9497 49.2686
      vertex 40.9 56.021 49.5
      vertex 40.9 56.021 49.2658
    endloop
  endfacet
  facet normal -0.0522246 -0.998635 0
    outer loop
      vertex 40.15 73.32 46.48
      vertex 40.3068 73.3118 47.9
      vertex 40.15 73.32 47.9
    endloop
  endfacet
  facet normal -0.0522246 -0.998635 -0
    outer loop
      vertex 40.3068 73.3118 47.9
      vertex 40.15 73.32 46.48
      vertex 40.3068 73.3118 46.48
    endloop
  endfacet
  facet normal -0.0522246 -0.998635 0
    outer loop
      vertex 40.15 73.32 49.5
      vertex 40.3068 73.3118 48.57
      vertex 40.3068 73.3118 49.5
    endloop
  endfacet
  facet normal -0.0522246 -0.998635 0
    outer loop
      vertex 40.3068 73.3118 48.57
      vertex 40.15 73.32 49.5
      vertex 40.15 73.32 48.5696
    endloop
  endfacet
  facet normal -1 0 0
    outer loop
      vertex 41.65 57.32 46.48
      vertex 41.65 71.82 47.9
      vertex 41.65 71.82 46.48
    endloop
  endfacet
  facet normal -1 -0 0
    outer loop
      vertex 41.65 71.82 47.9
      vertex 41.65 57.32 46.48
      vertex 41.65 57.32 47.9
    endloop
  endfacet
  facet normal -1 0 0
    outer loop
      vertex 41.65 57.32 49.2135
      vertex 41.65 71.82 49.5
      vertex 41.65 71.82 48.63
    endloop
  endfacet
  facet normal -1 -0 0
    outer loop
      vertex 41.65 71.82 49.5
      vertex 41.65 57.32 49.2135
      vertex 41.65 57.32 49.5
    endloop
  endfacet
  facet normal -0.890962 0.454078 0
    outer loop
      vertex 41.449 56.57 46.48
      vertex 41.5203 56.7099 47.9
      vertex 41.5203 56.7099 46.48
    endloop
  endfacet
  facet normal -0.890962 0.454078 0
    outer loop
      vertex 41.5203 56.7099 47.9
      vertex 41.449 56.57 46.48
      vertex 41.449 56.57 47.9
    endloop
  endfacet
  facet normal -0.890962 0.454078 0
    outer loop
      vertex 41.449 56.57 49.2437
      vertex 41.5203 56.7099 49.5
      vertex 41.5203 56.7099 49.238
    endloop
  endfacet
  facet normal -0.890962 0.454078 0
    outer loop
      vertex 41.5203 56.7099 49.5
      vertex 41.449 56.57 49.2437
      vertex 41.449 56.57 49.5
    endloop
  endfacet
  facet normal -0.777126 0.629345 0
    outer loop
      vertex 41.2647 56.3163 46.48
      vertex 41.3635 56.4383 47.9
      vertex 41.3635 56.4383 46.48
    endloop
  endfacet
  facet normal -0.777126 0.629345 0
    outer loop
      vertex 41.3635 56.4383 47.9
      vertex 41.2647 56.3163 46.48
      vertex 41.2647 56.3163 47.9
    endloop
  endfacet
  facet normal -0.777126 0.629345 0
    outer loop
      vertex 41.2647 56.3163 49.2539
      vertex 41.3635 56.4383 49.5
      vertex 41.3635 56.4383 49.249
    endloop
  endfacet
  facet normal -0.777126 0.629345 0
    outer loop
      vertex 41.3635 56.4383 49.5
      vertex 41.2647 56.3163 49.2539
      vertex 41.2647 56.3163 49.5
    endloop
  endfacet
  facet normal -0.454078 -0.890962 0
    outer loop
      vertex 40.7601 73.1903 46.48
      vertex 40.9 73.119 47.9
      vertex 40.7601 73.1903 47.9
    endloop
  endfacet
  facet normal -0.454078 -0.890962 -0
    outer loop
      vertex 40.9 73.119 47.9
      vertex 40.7601 73.1903 46.48
      vertex 40.9 73.119 46.48
    endloop
  endfacet
  facet normal -0.454078 -0.890962 0
    outer loop
      vertex 40.7601 73.1903 49.5
      vertex 40.9 73.119 48.5777
      vertex 40.9 73.119 49.5
    endloop
  endfacet
  facet normal -0.454078 -0.890962 0
    outer loop
      vertex 40.9 73.119 48.5777
      vertex 40.7601 73.1903 49.5
      vertex 40.7601 73.1903 48.5748
    endloop
  endfacet
  facet normal -0.35851 -0.933526 0
    outer loop
      vertex 40.6135 73.2466 46.48
      vertex 40.7601 73.1903 47.9
      vertex 40.6135 73.2466 47.9
    endloop
  endfacet
  facet normal -0.35851 -0.933526 -0
    outer loop
      vertex 40.7601 73.1903 47.9
      vertex 40.6135 73.2466 46.48
      vertex 40.7601 73.1903 46.48
    endloop
  endfacet
  facet normal -0.35851 -0.933526 0
    outer loop
      vertex 40.6135 73.2466 49.5
      vertex 40.7601 73.1903 48.5748
      vertex 40.7601 73.1903 49.5
    endloop
  endfacet
  facet normal -0.35851 -0.933526 0
    outer loop
      vertex 40.7601 73.1903 48.5748
      vertex 40.6135 73.2466 49.5
      vertex 40.6135 73.2466 48.5726
    endloop
  endfacet
  facet normal -0.965959 -0.258694 0
    outer loop
      vertex 41.6172 72.1319 46.48
      vertex 41.5766 72.2835 47.9
      vertex 41.5766 72.2835 46.48
    endloop
  endfacet
  facet normal -0.965959 -0.258694 0
    outer loop
      vertex 41.5766 72.2835 47.9
      vertex 41.6172 72.1319 46.48
      vertex 41.6172 72.1319 47.9
    endloop
  endfacet
  facet normal -0.965959 -0.258694 0
    outer loop
      vertex 41.6172 72.1319 48.6174
      vertex 41.5766 72.2835 49.5
      vertex 41.5766 72.2835 48.6113
    endloop
  endfacet
  facet normal -0.965959 -0.258694 0
    outer loop
      vertex 41.5766 72.2835 49.5
      vertex 41.6172 72.1319 48.6174
      vertex 41.6172 72.1319 49.5
    endloop
  endfacet
  facet normal -0.987654 0.156649 0
    outer loop
      vertex 41.6172 57.0081 46.48
      vertex 41.6418 57.1632 47.9
      vertex 41.6418 57.1632 46.48
    endloop
  endfacet
  facet normal -0.987654 0.156649 0
    outer loop
      vertex 41.6418 57.1632 47.9
      vertex 41.6172 57.0081 46.48
      vertex 41.6172 57.0081 47.9
    endloop
  endfacet
  facet normal -0.987654 0.156649 0
    outer loop
      vertex 41.6172 57.0081 49.226
      vertex 41.6418 57.1632 49.5
      vertex 41.6418 57.1632 49.2198
    endloop
  endfacet
  facet normal -0.987654 0.156649 0
    outer loop
      vertex 41.6418 57.1632 49.5
      vertex 41.6172 57.0081 49.226
      vertex 41.6172 57.0081 49.5
    endloop
  endfacet
  facet normal -0.998635 0.0522246 0
    outer loop
      vertex 41.6418 57.1632 46.48
      vertex 41.65 57.32 47.9
      vertex 41.65 57.32 46.48
    endloop
  endfacet
  facet normal -0.998635 0.0522246 0
    outer loop
      vertex 41.65 57.32 47.9
      vertex 41.6418 57.1632 46.48
      vertex 41.6418 57.1632 47.9
    endloop
  endfacet
  facet normal -0.998635 0.0522246 0
    outer loop
      vertex 41.6418 57.1632 49.2198
      vertex 41.65 57.32 49.5
      vertex 41.65 57.32 49.2135
    endloop
  endfacet
  facet normal -0.998635 0.0522246 0
    outer loop
      vertex 41.65 57.32 49.5
      vertex 41.6418 57.1632 49.2198
      vertex 41.6418 57.1632 49.5
    endloop
  endfacet
  facet normal 0 0 1
    outer loop
      vertex 40.15 73.32 46.48
      vertex 41.65 71.82 46.48
      vertex 41.6418 71.9768 46.48
    endloop
  endfacet
  facet normal 0 0 1
    outer loop
      vertex 41.65 71.82 46.48
      vertex 39 73.32 46.48
      vertex 41.65 57.32 46.48
    endloop
  endfacet
  facet normal 0 0 1
    outer loop
      vertex 40.15 73.32 46.48
      vertex 41.6418 71.9768 46.48
      vertex 41.6172 72.1319 46.48
    endloop
  endfacet
  facet normal 0 0 1
    outer loop
      vertex 39 55.82 46.48
      vertex 41.65 57.32 46.48
      vertex 39 73.32 46.48
    endloop
  endfacet
  facet normal 0 0 1
    outer loop
      vertex 40.15 73.32 46.48
      vertex 41.6172 72.1319 46.48
      vertex 41.5766 72.2835 46.48
    endloop
  endfacet
  facet normal 0 -0 1
    outer loop
      vertex 40.15 55.82 46.48
      vertex 41.65 57.32 46.48
      vertex 39 55.82 46.48
    endloop
  endfacet
  facet normal 0 0 1
    outer loop
      vertex 40.15 73.32 46.48
      vertex 41.5766 72.2835 46.48
      vertex 41.5203 72.4301 46.48
    endloop
  endfacet
  facet normal 0 0 1
    outer loop
      vertex 41.65 57.32 46.48
      vertex 40.15 55.82 46.48
      vertex 41.6418 57.1632 46.48
    endloop
  endfacet
  facet normal 0 0 1
    outer loop
      vertex 40.15 73.32 46.48
      vertex 41.5203 72.4301 46.48
      vertex 41.449 72.57 46.48
    endloop
  endfacet
  facet normal 0 0 1
    outer loop
      vertex 41.6418 57.1632 46.48
      vertex 40.15 55.82 46.48
      vertex 41.6172 57.0081 46.48
    endloop
  endfacet
  facet normal 0 0 1
    outer loop
      vertex 40.15 73.32 46.48
      vertex 41.449 72.57 46.48
      vertex 41.3635 72.7017 46.48
    endloop
  endfacet
  facet normal 0 0 1
    outer loop
      vertex 41.6172 57.0081 46.48
      vertex 40.15 55.82 46.48
      vertex 41.5766 56.8565 46.48
    endloop
  endfacet
  facet normal 0 0 1
    outer loop
      vertex 40.15 73.32 46.48
      vertex 41.3635 72.7017 46.48
      vertex 41.2647 72.8237 46.48
    endloop
  endfacet
  facet normal 0 0 1
    outer loop
      vertex 41.5766 56.8565 46.48
      vertex 40.15 55.82 46.48
      vertex 41.5203 56.7099 46.48
    endloop
  endfacet
  facet normal 0 0 1
    outer loop
      vertex 40.15 73.32 46.48
      vertex 41.2647 72.8237 46.48
      vertex 41.1537 72.9347 46.48
    endloop
  endfacet
  facet normal 0 0 1
    outer loop
      vertex 41.5203 56.7099 46.48
      vertex 40.15 55.82 46.48
      vertex 41.449 56.57 46.48
    endloop
  endfacet
  facet normal 0 0 1
    outer loop
      vertex 40.15 73.32 46.48
      vertex 41.1537 72.9347 46.48
      vertex 41.0317 73.0335 46.48
    endloop
  endfacet
  facet normal 0 0 1
    outer loop
      vertex 41.449 56.57 46.48
      vertex 40.15 55.82 46.48
      vertex 41.3635 56.4383 46.48
    endloop
  endfacet
  facet normal 0 0 1
    outer loop
      vertex 40.15 73.32 46.48
      vertex 41.0317 73.0335 46.48
      vertex 40.9 73.119 46.48
    endloop
  endfacet
  facet normal 0 0 1
    outer loop
      vertex 41.3635 56.4383 46.48
      vertex 40.15 55.82 46.48
      vertex 41.2647 56.3163 46.48
    endloop
  endfacet
  facet normal 0 0 1
    outer loop
      vertex 40.15 73.32 46.48
      vertex 40.9 73.119 46.48
      vertex 40.7601 73.1903 46.48
    endloop
  endfacet
  facet normal 0 0 1
    outer loop
      vertex 41.2647 56.3163 46.48
      vertex 40.15 55.82 46.48
      vertex 41.1537 56.2053 46.48
    endloop
  endfacet
  facet normal 0 0 1
    outer loop
      vertex 40.15 73.32 46.48
      vertex 40.7601 73.1903 46.48
      vertex 40.6135 73.2466 46.48
    endloop
  endfacet
  facet normal 0 0 1
    outer loop
      vertex 41.1537 56.2053 46.48
      vertex 40.15 55.82 46.48
      vertex 41.0317 56.1065 46.48
    endloop
  endfacet
  facet normal 0 0 1
    outer loop
      vertex 40.15 73.32 46.48
      vertex 40.6135 73.2466 46.48
      vertex 40.4619 73.2872 46.48
    endloop
  endfacet
  facet normal 0 0 1
    outer loop
      vertex 41.0317 56.1065 46.48
      vertex 40.15 55.82 46.48
      vertex 40.9 56.021 46.48
    endloop
  endfacet
  facet normal 0 0 1
    outer loop
      vertex 40.15 73.32 46.48
      vertex 40.4619 73.2872 46.48
      vertex 40.3068 73.3118 46.48
    endloop
  endfacet
  facet normal 0 0 1
    outer loop
      vertex 41.65 71.82 46.48
      vertex 40.15 73.32 46.48
      vertex 39 73.32 46.48
    endloop
  endfacet
  facet normal 0 0 1
    outer loop
      vertex 40.9 56.021 46.48
      vertex 40.15 55.82 46.48
      vertex 40.7601 55.9497 46.48
    endloop
  endfacet
  facet normal 0 0 1
    outer loop
      vertex 40.4619 55.8528 46.48
      vertex 40.15 55.82 46.48
      vertex 40.3068 55.8282 46.48
    endloop
  endfacet
  facet normal 0 0 1
    outer loop
      vertex 40.7601 55.9497 46.48
      vertex 40.15 55.82 46.48
      vertex 40.6135 55.8934 46.48
    endloop
  endfacet
  facet normal 0 0 1
    outer loop
      vertex 40.6135 55.8934 46.48
      vertex 40.15 55.82 46.48
      vertex 40.4619 55.8528 46.48
    endloop
  endfacet
  facet normal -0.629345 -0.777126 0
    outer loop
      vertex 41.0317 73.0335 46.48
      vertex 41.1537 72.9347 47.9
      vertex 41.0317 73.0335 47.9
    endloop
  endfacet
  facet normal -0.629345 -0.777126 -0
    outer loop
      vertex 41.1537 72.9347 47.9
      vertex 41.0317 73.0335 46.48
      vertex 41.1537 72.9347 46.48
    endloop
  endfacet
  facet normal -0.629345 -0.777126 0
    outer loop
      vertex 41.0317 73.0335 49.5
      vertex 41.1537 72.9347 48.5851
      vertex 41.1537 72.9347 49.5
    endloop
  endfacet
  facet normal -0.629345 -0.777126 0
    outer loop
      vertex 41.1537 72.9347 48.5851
      vertex 41.0317 73.0335 49.5
      vertex 41.0317 73.0335 48.5811
    endloop
  endfacet
  facet normal -0.156649 -0.987654 0
    outer loop
      vertex 40.3068 73.3118 46.48
      vertex 40.4619 73.2872 47.9
      vertex 40.3068 73.3118 47.9
    endloop
  endfacet
  facet normal -0.156649 -0.987654 -0
    outer loop
      vertex 40.4619 73.2872 47.9
      vertex 40.3068 73.3118 46.48
      vertex 40.4619 73.2872 46.48
    endloop
  endfacet
  facet normal -0.156649 -0.987654 0
    outer loop
      vertex 40.3068 73.3118 49.5
      vertex 40.4619 73.2872 48.5709
      vertex 40.4619 73.2872 49.5
    endloop
  endfacet
  facet normal -0.156649 -0.987654 0
    outer loop
      vertex 40.4619 73.2872 48.5709
      vertex 40.3068 73.3118 49.5
      vertex 40.3068 73.3118 48.57
    endloop
  endfacet
  facet normal -0.258694 -0.965959 0
    outer loop
      vertex 40.4619 73.2872 46.48
      vertex 40.6135 73.2466 47.9
      vertex 40.4619 73.2872 47.9
    endloop
  endfacet
  facet normal -0.258694 -0.965959 -0
    outer loop
      vertex 40.6135 73.2466 47.9
      vertex 40.4619 73.2872 46.48
      vertex 40.6135 73.2466 46.48
    endloop
  endfacet
  facet normal -0.258694 -0.965959 0
    outer loop
      vertex 40.4619 73.2872 49.5
      vertex 40.6135 73.2466 48.5726
      vertex 40.6135 73.2466 49.5
    endloop
  endfacet
  facet normal -0.258694 -0.965959 0
    outer loop
      vertex 40.6135 73.2466 48.5726
      vertex 40.4619 73.2872 49.5
      vertex 40.4619 73.2872 48.5709
    endloop
  endfacet
  facet normal -0.544518 -0.838749 0
    outer loop
      vertex 40.9 73.119 46.48
      vertex 41.0317 73.0335 47.9
      vertex 40.9 73.119 47.9
    endloop
  endfacet
  facet normal -0.544518 -0.838749 -0
    outer loop
      vertex 41.0317 73.0335 47.9
      vertex 40.9 73.119 46.48
      vertex 41.0317 73.0335 46.48
    endloop
  endfacet
  facet normal -0.544518 -0.838749 0
    outer loop
      vertex 40.9 73.119 49.5
      vertex 41.0317 73.0335 48.5811
      vertex 41.0317 73.0335 49.5
    endloop
  endfacet
  facet normal -0.544518 -0.838749 0
    outer loop
      vertex 41.0317 73.0335 48.5811
      vertex 40.9 73.119 49.5
      vertex 40.9 73.119 48.5777
    endloop
  endfacet
  facet normal -0.707107 -0.707107 0
    outer loop
      vertex 41.2647 72.8237 46.48
      vertex 41.1537 72.9347 47.9
      vertex 41.1537 72.9347 46.48
    endloop
  endfacet
  facet normal -0.707107 -0.707107 0
    outer loop
      vertex 41.1537 72.9347 47.9
      vertex 41.2647 72.8237 46.48
      vertex 41.2647 72.8237 47.9
    endloop
  endfacet
  facet normal -0.707107 -0.707107 0
    outer loop
      vertex 41.2647 72.8237 48.5896
      vertex 41.1537 72.9347 49.5
      vertex 41.1537 72.9347 48.5851
    endloop
  endfacet
  facet normal -0.707107 -0.707107 0
    outer loop
      vertex 41.1537 72.9347 49.5
      vertex 41.2647 72.8237 48.5896
      vertex 41.2647 72.8237 49.5
    endloop
  endfacet
  facet normal -0.965959 0.258694 0
    outer loop
      vertex 41.5766 56.8565 46.48
      vertex 41.6172 57.0081 47.9
      vertex 41.6172 57.0081 46.48
    endloop
  endfacet
  facet normal -0.965959 0.258694 0
    outer loop
      vertex 41.6172 57.0081 47.9
      vertex 41.5766 56.8565 46.48
      vertex 41.5766 56.8565 47.9
    endloop
  endfacet
  facet normal -0.965959 0.258694 0
    outer loop
      vertex 41.5766 56.8565 49.2321
      vertex 41.6172 57.0081 49.5
      vertex 41.6172 57.0081 49.226
    endloop
  endfacet
  facet normal -0.965959 0.258694 0
    outer loop
      vertex 41.6172 57.0081 49.5
      vertex 41.5766 56.8565 49.2321
      vertex 41.5766 56.8565 49.5
    endloop
  endfacet
  facet normal -0.838749 0.544518 0
    outer loop
      vertex 41.3635 56.4383 46.48
      vertex 41.449 56.57 47.9
      vertex 41.449 56.57 46.48
    endloop
  endfacet
  facet normal -0.838749 0.544518 0
    outer loop
      vertex 41.449 56.57 47.9
      vertex 41.3635 56.4383 46.48
      vertex 41.3635 56.4383 47.9
    endloop
  endfacet
  facet normal -0.838749 0.544518 0
    outer loop
      vertex 41.3635 56.4383 49.249
      vertex 41.449 56.57 49.5
      vertex 41.449 56.57 49.2437
    endloop
  endfacet
  facet normal -0.838749 0.544518 0
    outer loop
      vertex 41.449 56.57 49.5
      vertex 41.3635 56.4383 49.249
      vertex 41.3635 56.4383 49.5
    endloop
  endfacet
  facet normal -0.987654 -0.156649 0
    outer loop
      vertex 41.6418 71.9768 46.48
      vertex 41.6172 72.1319 47.9
      vertex 41.6172 72.1319 46.48
    endloop
  endfacet
  facet normal -0.987654 -0.156649 0
    outer loop
      vertex 41.6172 72.1319 47.9
      vertex 41.6418 71.9768 46.48
      vertex 41.6418 71.9768 47.9
    endloop
  endfacet
  facet normal -0.987654 -0.156649 0
    outer loop
      vertex 41.6418 71.9768 48.6237
      vertex 41.6172 72.1319 49.5
      vertex 41.6172 72.1319 48.6174
    endloop
  endfacet
  facet normal -0.987654 -0.156649 0
    outer loop
      vertex 41.6172 72.1319 49.5
      vertex 41.6418 71.9768 48.6237
      vertex 41.6418 71.9768 49.5
    endloop
  endfacet
  facet normal -0.998635 -0.0522246 0
    outer loop
      vertex 41.65 71.82 46.48
      vertex 41.6418 71.9768 47.9
      vertex 41.6418 71.9768 46.48
    endloop
  endfacet
  facet normal -0.998635 -0.0522246 0
    outer loop
      vertex 41.6418 71.9768 47.9
      vertex 41.65 71.82 46.48
      vertex 41.65 71.82 47.9
    endloop
  endfacet
  facet normal -0.998635 -0.0522246 0
    outer loop
      vertex 41.65 71.82 48.63
      vertex 41.6418 71.9768 49.5
      vertex 41.6418 71.9768 48.6237
    endloop
  endfacet
  facet normal -0.998635 -0.0522246 0
    outer loop
      vertex 41.6418 71.9768 49.5
      vertex 41.65 71.82 48.63
      vertex 41.65 71.82 49.5
    endloop
  endfacet
  facet normal -0.933526 0.35851 0
    outer loop
      vertex 41.5203 56.7099 46.48
      vertex 41.5766 56.8565 47.9
      vertex 41.5766 56.8565 46.48
    endloop
  endfacet
  facet normal -0.933526 0.35851 0
    outer loop
      vertex 41.5766 56.8565 47.9
      vertex 41.5203 56.7099 46.48
      vertex 41.5203 56.7099 47.9
    endloop
  endfacet
  facet normal -0.933526 0.35851 0
    outer loop
      vertex 41.5203 56.7099 49.238
      vertex 41.5766 56.8565 49.5
      vertex 41.5766 56.8565 49.2321
    endloop
  endfacet
  facet normal -0.933526 0.35851 0
    outer loop
      vertex 41.5766 56.8565 49.5
      vertex 41.5203 56.7099 49.238
      vertex 41.5203 56.7099 49.5
    endloop
  endfacet
  facet normal -0.707107 0.707107 0
    outer loop
      vertex 41.1537 56.2053 46.48
      vertex 41.2647 56.3163 47.9
      vertex 41.2647 56.3163 46.48
    endloop
  endfacet
  facet normal -0.707107 0.707107 0
    outer loop
      vertex 41.2647 56.3163 47.9
      vertex 41.1537 56.2053 46.48
      vertex 41.1537 56.2053 47.9
    endloop
  endfacet
  facet normal -0.707107 0.707107 0
    outer loop
      vertex 41.1537 56.2053 49.2583
      vertex 41.2647 56.3163 49.5
      vertex 41.2647 56.3163 49.2539
    endloop
  endfacet
  facet normal -0.707107 0.707107 0
    outer loop
      vertex 41.2647 56.3163 49.5
      vertex 41.1537 56.2053 49.2583
      vertex 41.1537 56.2053 49.5
    endloop
  endfacet
  facet normal -0.544518 0.838749 0
    outer loop
      vertex 41.0317 56.1065 46.48
      vertex 40.9 56.021 47.9
      vertex 41.0317 56.1065 47.9
    endloop
  endfacet
  facet normal -0.544518 0.838749 0
    outer loop
      vertex 40.9 56.021 47.9
      vertex 41.0317 56.1065 46.48
      vertex 40.9 56.021 46.48
    endloop
  endfacet
  facet normal -0.544518 0.838749 0
    outer loop
      vertex 41.0317 56.1065 49.5
      vertex 40.9 56.021 49.2658
      vertex 40.9 56.021 49.5
    endloop
  endfacet
  facet normal -0.544518 0.838749 0
    outer loop
      vertex 40.9 56.021 49.2658
      vertex 41.0317 56.1065 49.5
      vertex 41.0317 56.1065 49.2623
    endloop
  endfacet
  facet normal -0.838749 -0.544518 0
    outer loop
      vertex 41.449 72.57 46.48
      vertex 41.3635 72.7017 47.9
      vertex 41.3635 72.7017 46.48
    endloop
  endfacet
  facet normal -0.838749 -0.544518 0
    outer loop
      vertex 41.3635 72.7017 47.9
      vertex 41.449 72.57 46.48
      vertex 41.449 72.57 47.9
    endloop
  endfacet
  facet normal -0.838749 -0.544518 0
    outer loop
      vertex 41.449 72.57 48.5998
      vertex 41.3635 72.7017 49.5
      vertex 41.3635 72.7017 48.5945
    endloop
  endfacet
  facet normal -0.838749 -0.544518 0
    outer loop
      vertex 41.3635 72.7017 49.5
      vertex 41.449 72.57 48.5998
      vertex 41.449 72.57 49.5
    endloop
  endfacet
  facet normal -0.890962 -0.454078 0
    outer loop
      vertex 41.5203 72.4301 46.48
      vertex 41.449 72.57 47.9
      vertex 41.449 72.57 46.48
    endloop
  endfacet
  facet normal -0.890962 -0.454078 0
    outer loop
      vertex 41.449 72.57 47.9
      vertex 41.5203 72.4301 46.48
      vertex 41.5203 72.4301 47.9
    endloop
  endfacet
  facet normal -0.890962 -0.454078 0
    outer loop
      vertex 41.5203 72.4301 48.6054
      vertex 41.449 72.57 49.5
      vertex 41.449 72.57 48.5998
    endloop
  endfacet
  facet normal -0.890962 -0.454078 0
    outer loop
      vertex 41.449 72.57 49.5
      vertex 41.5203 72.4301 48.6054
      vertex 41.5203 72.4301 49.5
    endloop
  endfacet
  facet normal -0.933526 -0.35851 0
    outer loop
      vertex 41.5766 72.2835 46.48
      vertex 41.5203 72.4301 47.9
      vertex 41.5203 72.4301 46.48
    endloop
  endfacet
  facet normal -0.933526 -0.35851 0
    outer loop
      vertex 41.5203 72.4301 47.9
      vertex 41.5766 72.2835 46.48
      vertex 41.5766 72.2835 47.9
    endloop
  endfacet
  facet normal -0.933526 -0.35851 0
    outer loop
      vertex 41.5766 72.2835 48.6113
      vertex 41.5203 72.4301 49.5
      vertex 41.5203 72.4301 48.6054
    endloop
  endfacet
  facet normal -0.933526 -0.35851 0
    outer loop
      vertex 41.5203 72.4301 49.5
      vertex 41.5766 72.2835 48.6113
      vertex 41.5766 72.2835 49.5
    endloop
  endfacet
  facet normal 0 0 -1
    outer loop
      vertex 29 138 14
      vertex 35.5 140.5 14
      vertex 35.5 138 14
    endloop
  endfacet
  facet normal -0 0 -1
    outer loop
      vertex 35.5 140.5 14
      vertex 29 138 14
      vertex 29 140.5 14
    endloop
  endfacet
  facet normal -1 0 0
    outer loop
      vertex 35.5 138 5.5
      vertex 35.5 140.5 14
      vertex 35.5 140.5 5.5
    endloop
  endfacet
  facet normal -1 -0 0
    outer loop
      vertex 35.5 140.5 14
      vertex 35.5 138 5.5
      vertex 35.5 138 14
    endloop
  endfacet
  facet normal -0 0 1
    outer loop
      vertex 29 140.5 5.5
      vertex 35.5 138 5.5
      vertex 35.5 140.5 5.5
    endloop
  endfacet
  facet normal 0 0 1
    outer loop
      vertex 35.5 138 5.5
      vertex 29 140.5 5.5
      vertex 29 138 5.5
    endloop
  endfacet
  facet normal -0.258925 -0.926078 -0.274478
    outer loop
      vertex 32.1845 108.602 -22.3016
      vertex 33.3262 105.818 -13.9855
      vertex 31.9108 106.179 -13.8683
    endloop
  endfacet
  facet normal -0.258555 -0.926158 -0.274555
    outer loop
      vertex 32.5576 108.518 -22.3696
      vertex 33.3262 105.818 -13.9855
      vertex 32.1845 108.602 -22.3016
    endloop
  endfacet
  facet normal -0.259695 -0.925895 -0.274366
    outer loop
      vertex 32.9869 108.425 -22.4621
      vertex 33.3262 105.818 -13.9855
      vertex 32.5576 108.518 -22.3696
    endloop
  endfacet
  facet normal -0.258022 -0.926305 -0.27456
    outer loop
      vertex 33.3895 108.343 -22.5638
      vertex 33.3262 105.818 -13.9855
      vertex 32.9869 108.425 -22.4621
    endloop
  endfacet
  facet normal -0.257547 -0.926428 -0.274592
    outer loop
      vertex 33.3262 105.818 -13.9855
      vertex 33.3895 108.343 -22.5638
      vertex 33.4473 108.332 -22.5809
    endloop
  endfacet
  facet normal -0.257379 -0.92648 -0.274575
    outer loop
      vertex 33.1931 108.968 -24.4874
      vertex 34.4078 128.284 -90.8028
      vertex 33.4736 108.88 -24.4534
    endloop
  endfacet
  facet normal -0.260023 -0.925787 -0.274421
    outer loop
      vertex 32.7766 109.095 -24.5212
      vertex 34.4078 128.284 -90.8028
      vertex 33.1931 108.968 -24.4874
    endloop
  endfacet
  facet normal -0.258298 -0.926243 -0.274511
    outer loop
      vertex 32.3358 109.224 -24.5417
      vertex 34.4078 128.284 -90.8028
      vertex 32.7766 109.095 -24.5212
    endloop
  endfacet
  facet normal -0.255283 -0.927038 -0.274645
    outer loop
      vertex 34.4078 128.284 -90.8028
      vertex 32.3358 109.224 -24.5417
      vertex 32.2572 109.246 -24.5429
    endloop
  endfacet
  facet normal -0.259005 -0.918318 -0.299347
    outer loop
      vertex 31.9108 106.179 -13.8683
      vertex 33.3262 105.787 -13.8904
      vertex 31.9108 106.148 -13.7732
    endloop
  endfacet
  facet normal -0.185705 -0.942488 -0.277903
    outer loop
      vertex 31.7602 109.358 -24.5484
      vertex 30.8292 129.008 -90.5677
      vertex 31.7808 109.354 -24.5486
    endloop
  endfacet
  facet normal -0.153224 -0.947715 -0.279928
    outer loop
      vertex 30.8292 129.008 -90.5677
      vertex 32.012 109.316 -24.5465
      vertex 31.7808 109.354 -24.5486
    endloop
  endfacet
  facet normal -0.156621 -0.947221 -0.279719
    outer loop
      vertex 32.012 109.316 -24.5465
      vertex 30.8292 129.008 -90.5677
      vertex 32.6385 128.735 -90.6563
    endloop
  endfacet
  facet normal -0.154444 -0.947549 -0.279816
    outer loop
      vertex 31.9904 108.647 -22.2697
      vertex 31.9108 106.179 -13.8683
      vertex 31.7925 108.674 -22.2519
    endloop
  endfacet
  facet normal -0.000102529 -0.309307 0.950962
    outer loop
      vertex 34.4078 128.284 -90.8028
      vertex 32.6385 128.735 -90.6563
      vertex 30.8292 129.008 -90.5677
    endloop
  endfacet
  facet normal -0.260251 -0.925732 -0.27439
    outer loop
      vertex 32.6385 128.735 -90.6563
      vertex 32.2572 109.246 -24.5429
      vertex 32.012 109.316 -24.5465
    endloop
  endfacet
  facet normal -0.258796 -0.926109 -0.274492
    outer loop
      vertex 32.2572 109.246 -24.5429
      vertex 32.6385 128.735 -90.6563
      vertex 34.4078 128.284 -90.8028
    endloop
  endfacet
  facet normal -0.25752 -0.926436 -0.27459
    outer loop
      vertex 32.1063 108.62 -22.2873
      vertex 31.9108 106.179 -13.8683
      vertex 31.9904 108.647 -22.2697
    endloop
  endfacet
  facet normal -0.263066 -0.924965 -0.274293
    outer loop
      vertex 31.9108 106.179 -13.8683
      vertex 32.1063 108.62 -22.2873
      vertex 32.1845 108.602 -22.3016
    endloop
  endfacet
  facet normal -0.932137 0.357358 0.0584491
    outer loop
      vertex 45.6435 107.281 -97.5219
      vertex 44.987 105.655 -98.0503
      vertex 41.8393 81.1861 1.35352
    endloop
  endfacet
  facet normal 0.000117825 -0.308962 0.951074
    outer loop
      vertex 29 129.099 -90.5381
      vertex 33.8 118.542 -93.9682
      vertex 43.1578 102.673 -99.1245
    endloop
  endfacet
  facet normal 0 -0.309011 0.951059
    outer loop
      vertex 33.8 118.542 -93.9682
      vertex 29 129.099 -90.5381
      vertex 29 118.542 -93.9682
    endloop
  endfacet
  facet normal 4.18568e-05 -0.309003 0.951061
    outer loop
      vertex 33.8 114.928 -95.1424
      vertex 43.1578 102.673 -99.1245
      vertex 33.8 118.542 -93.9682
    endloop
  endfacet
  facet normal 0 -0.309032 0.951052
    outer loop
      vertex 29 102.673 -99.1245
      vertex 33.8 114.928 -95.1424
      vertex 29 114.928 -95.1424
    endloop
  endfacet
  facet normal 0 -0.309032 0.951052
    outer loop
      vertex 33.8 114.928 -95.1424
      vertex 29 102.673 -99.1245
      vertex 43.1578 102.673 -99.1245
    endloop
  endfacet
  facet normal -0.0511318 -0.957929 -0.282413
    outer loop
      vertex 29 129.099 -90.5381
      vertex 30.5145 109.558 -24.5302
      vertex 30.2588 109.571 -24.528
    endloop
  endfacet
  facet normal -0.0522226 -0.957882 -0.282374
    outer loop
      vertex 30.5145 109.558 -24.5302
      vertex 29 129.099 -90.5381
      vertex 30.8292 129.008 -90.5677
    endloop
  endfacet
  facet normal -0.0486976 -0.958049 -0.282436
    outer loop
      vertex 30.5032 108.858 -22.1522
      vertex 30.4634 106.397 -13.7974
      vertex 30.3041 108.867 -22.1484
    endloop
  endfacet
  facet normal -1.184e-06 0.309017 -0.951057
    outer loop
      vertex 40.1 86.7672 3.16693
      vertex 42.205 87.8231 3.51001
      vertex 40.1 84.7146 2.5
    endloop
  endfacet
  facet normal 2.02482e-06 0.309015 -0.951057
    outer loop
      vertex 42.205 87.8231 3.51001
      vertex 40 83.2 2.00788
      vertex 40.1 84.7146 2.5
    endloop
  endfacet
  facet normal 4.56284e-05 0.308996 -0.951063
    outer loop
      vertex 40 83.2 2.00788
      vertex 42.205 87.8231 3.51001
      vertex 39.9949 83.102 1.97604
    endloop
  endfacet
  facet normal -3.83487e-06 0.309022 -0.951055
    outer loop
      vertex 42.205 87.8231 3.51001
      vertex 40.1 86.7672 3.16693
      vertex 41.3329 90.3758 4.33945
    endloop
  endfacet
  facet normal -6.90737e-05 0.309019 -0.951056
    outer loop
      vertex 39.9397 84.3498 2.38148
      vertex 40.1 84.7146 2.5
      vertex 40 83.2 2.00788
    endloop
  endfacet
  facet normal 0 0.308992 -0.951065
    outer loop
      vertex 40.1 84.7146 2.5
      vertex 39.9397 84.3498 2.38148
      vertex 39.882 84.7146 2.5
    endloop
  endfacet
  facet normal -0.000117615 0.309047 -0.951047
    outer loop
      vertex 35.9845 74.721 -0.747112
      vertex 36.1244 74.8343 -0.710312
      vertex 35.75 74.0345 -0.970164
    endloop
  endfacet
  facet normal -8.74564e-05 0.308996 -0.951063
    outer loop
      vertex 41.8393 89.1212 3.93179
      vertex 42.205 87.8231 3.51001
      vertex 41.3329 90.3758 4.33945
    endloop
  endfacet
  facet normal -0.35811 -0.887707 -0.289368
    outer loop
      vertex 33.3262 105.818 -13.9855
      vertex 34.6943 105.319 -14.1478
      vertex 33.3262 105.787 -13.8904
    endloop
  endfacet
  facet normal -0.837009 0.536415 0.108048
    outer loop
      vertex 40.6913 78.734 0.556793
      vertex 44.1554 104.103 -98.5547
      vertex 39.9217 77.6069 0.190577
    endloop
  endfacet
  facet normal -0.987697 0.148682 0.0484664
    outer loop
      vertex 46.4041 110.685 -96.4161
      vertex 46.1176 108.995 -97.0702
      vertex 46.1176 108.964 -96.9751
    endloop
  endfacet
  facet normal -0.357397 -0.862937 -0.35722
    outer loop
      vertex 33.3262 105.787 -13.8904
      vertex 34.2646 98.6134 2.5
      vertex 33.2027 99.0532 2.5
    endloop
  endfacet
  facet normal -0.838673 0.517819 0.168795
    outer loop
      vertex 44.1554 104.103 -98.5547
      vertex 44.1554 104.134 -98.6498
      vertex 43.1578 102.673 -99.1245
    endloop
  endfacet
  facet normal 2.58537e-05 0.309 -0.951062
    outer loop
      vertex 40.6913 78.734 0.556793
      vertex 39.9217 77.6069 0.190577
      vertex 39.0325 76.5625 -0.148773
    endloop
  endfacet
  facet normal -0.838673 0.517819 0.168795
    outer loop
      vertex 44.1554 104.103 -98.5547
      vertex 43.1578 102.673 -99.1245
      vertex 43.1578 102.642 -99.0294
    endloop
  endfacet
  facet normal -0.997772 0.0625574 -0.0232001
    outer loop
      vertex 42.5 85.1536 2.64266
      vertex 46.5 112.425 -95.8508
      vertex 42.426 83.8116 2.20659
    endloop
  endfacet
  facet normal -9.49868e-05 -0.308998 0.951063
    outer loop
      vertex 44.987 105.686 -98.1454
      vertex 46.1176 108.995 -97.0702
      vertex 43.1578 102.673 -99.1245
    endloop
  endfacet
  facet normal -0.890034 -0.41667 -0.185001
    outer loop
      vertex 41.7896 98.5398 -16.2452
      vertex 41.3329 90.3758 4.33945
      vertex 41.1244 99.7816 -15.8418
    endloop
  endfacet
  facet normal -0.987697 -0.14868 -0.0484656
    outer loop
      vertex 46.1176 115.916 -94.8215
      vertex 46.4041 114.164 -95.2855
      vertex 46.1176 115.885 -94.7264
    endloop
  endfacet
  facet normal -0.258105 -0.892953 -0.368804
    outer loop
      vertex 33.3262 105.787 -13.8904
      vertex 33.2027 99.0532 2.5
      vertex 32.1181 99.3667 2.5
    endloop
  endfacet
  facet normal 3.14002e-06 0.30902 -0.951056
    outer loop
      vertex 40.1 91.3253 4.64796
      vertex 41.3329 90.3758 4.33945
      vertex 40.1 86.7672 3.16693
    endloop
  endfacet
  facet normal 4.46286e-05 0.308996 -0.951063
    outer loop
      vertex 35.9845 74.721 -0.747112
      vertex 35.75 74.0345 -0.970164
      vertex 35.6771 74.4721 -0.827993
    endloop
  endfacet
  facet normal -0.89 -0.41673 -0.185029
    outer loop
      vertex 41.1244 99.7816 -15.8418
      vertex 41.3329 90.3758 4.33945
      vertex 40.6913 91.5733 4.72852
    endloop
  endfacet
  facet normal -0.775437 0.617775 0.130585
    outer loop
      vertex 39.9217 77.6069 0.190577
      vertex 42.005 101.288 -99.4693
      vertex 39.0325 76.5625 -0.148773
    endloop
  endfacet
  facet normal -0.89097 -0.428198 -0.151059
    outer loop
      vertex 44.987 119.194 -93.6512
      vertex 41.7896 98.5398 -16.2452
      vertex 41.1244 99.7816 -15.8418
    endloop
  endfacet
  facet normal 0 0.309005 -0.95106
    outer loop
      vertex 35.75 74.0345 -0.970164
      vertex 34.5 73.6737 -1.08739
      vertex 35.0556 74.0345 -0.970164
    endloop
  endfacet
  facet normal -2.08361e-05 0.30907 -0.951039
    outer loop
      vertex 33.1717 72.9428 -1.32489
      vertex 34.5 73.6737 -1.08739
      vertex 35.75 74.0345 -0.970164
    endloop
  endfacet
  facet normal 3.62253e-05 0.308977 -0.95107
    outer loop
      vertex 34.5 73.6737 -1.08739
      vertex 33.1717 72.9428 -1.32489
      vertex 33.4741 73.151 -1.25724
    endloop
  endfacet
  facet normal 0 0.309024 -0.951054
    outer loop
      vertex 33.4741 73.151 -1.25724
      vertex 33.1717 72.9428 -1.32489
      vertex 32.9317 72.9428 -1.32489
    endloop
  endfacet
  facet normal 0 -0.309208 0.950995
    outer loop
      vertex 37.75 98.0417 -100.629
      vertex 29 98.0417 -100.629
      vertex 29 95.8119 -101.354
    endloop
  endfacet
  facet normal 4.81355e-05 -0.30897 0.951072
    outer loop
      vertex 42.005 123.592 -92.3274
      vertex 40.7098 124.824 -91.9271
      vertex 37.75 126.869 -91.2626
    endloop
  endfacet
  facet normal -0.452577 0.868972 0.200153
    outer loop
      vertex 35.75 74.0345 -0.970164
      vertex 34.5263 73.6908 -2.24495
      vertex 34.4909 73.4244 -1.16841
    endloop
  endfacet
  facet normal -0.452596 0.868957 0.200176
    outer loop
      vertex 35.75 74.0345 -0.970164
      vertex 35.4656 74.3008 -2.76919
      vertex 34.5263 73.6908 -2.24495
    endloop
  endfacet
  facet normal -0.452674 0.868915 0.200182
    outer loop
      vertex 35.4656 74.3008 -2.76919
      vertex 35.75 74.0345 -0.970164
      vertex 35.7944 74.5671 -3.18158
    endloop
  endfacet
  facet normal -0.45264 0.868938 0.200159
    outer loop
      vertex 35.9816 76.8111 -12.5
      vertex 37.75 98.0108 -100.534
      vertex 34.8626 76.2282 -12.5
    endloop
  endfacet
  facet normal -0.0524136 0.949653 0.308887
    outer loop
      vertex 30.8292 95.8722 -101.229
      vertex 29 95.8119 -101.354
      vertex 29 95.781 -101.259
    endloop
  endfacet
  facet normal -0.452775 -0.823434 -0.341982
    outer loop
      vertex 36 104.655 -14.2582
      vertex 35.7958 97.8074 2.5
      vertex 34.779 98.3665 2.5
    endloop
  endfacet
  facet normal 8.96165e-05 -0.308922 0.951087
    outer loop
      vertex 43.1578 122.238 -92.7673
      vertex 42.005 123.592 -92.3274
      vertex 37.75 126.869 -91.2626
    endloop
  endfacet
  facet normal -0.628103 -0.717511 -0.301106
    outer loop
      vertex 37.229 103.896 -14.5049
      vertex 37.1773 96.8051 2.5
      vertex 36.9855 96.973 2.5
    endloop
  endfacet
  facet normal -0.627975 -0.717607 -0.301145
    outer loop
      vertex 37.1773 96.8051 2.5
      vertex 37.229 103.896 -14.5049
      vertex 38.3678 103.019 -14.7898
    endloop
  endfacet
  facet normal 0 0.309065 -0.951041
    outer loop
      vertex 32.9317 72.9428 -1.32489
      vertex 33.1717 72.9428 -1.32489
      vertex 32.6646 72.8403 -1.3582
    endloop
  endfacet
  facet normal -0.357239 0.90976 0.211466
    outer loop
      vertex 34.4815 76.0547 -12.5
      vertex 33.3868 77.0574 -18.6631
      vertex 33.3103 75.5948 -12.5
    endloop
  endfacet
  facet normal -0.357303 0.909733 0.211473
    outer loop
      vertex 34.4815 76.0547 -12.5
      vertex 33.5141 77.1607 -18.8924
      vertex 33.3868 77.0574 -18.6631
    endloop
  endfacet
  facet normal -0.35749 0.909656 0.211488
    outer loop
      vertex 34.4815 76.0547 -12.5
      vertex 33.5677 77.2042 -18.9889
      vertex 33.5141 77.1607 -18.8924
    endloop
  endfacet
  facet normal -0.356143 0.910205 0.211396
    outer loop
      vertex 34.4815 76.0547 -12.5
      vertex 33.6097 77.2443 -19.0908
      vertex 33.5677 77.2042 -18.9889
    endloop
  endfacet
  facet normal -0.357488 0.90966 0.211475
    outer loop
      vertex 34.4815 76.0547 -12.5
      vertex 33.7553 77.3837 -19.4443
      vertex 33.6097 77.2443 -19.0908
    endloop
  endfacet
  facet normal -0.357044 0.909837 0.211462
    outer loop
      vertex 34.4815 76.0547 -12.5
      vertex 33.8608 77.5117 -19.8169
      vertex 33.7553 77.3837 -19.4443
    endloop
  endfacet
  facet normal -0.357513 0.909652 0.211465
    outer loop
      vertex 34.4815 76.0547 -12.5
      vertex 33.8907 77.548 -19.9225
      vertex 33.8608 77.5117 -19.8169
    endloop
  endfacet
  facet normal -0.358424 0.909294 0.211466
    outer loop
      vertex 34.4815 76.0547 -12.5
      vertex 33.9088 77.5806 -20.032
      vertex 33.8907 77.548 -19.9225
    endloop
  endfacet
  facet normal -0.357238 0.909759 0.21147
    outer loop
      vertex 34.4815 76.0547 -12.5
      vertex 33.9726 77.6954 -20.4181
      vertex 33.9088 77.5806 -20.032
    endloop
  endfacet
  facet normal -0.356581 0.910014 0.211481
    outer loop
      vertex 34.4815 76.0547 -12.5
      vertex 33.9938 77.7952 -20.8118
      vertex 33.9726 77.6954 -20.4181
    endloop
  endfacet
  facet normal -0.35522 0.910539 0.211511
    outer loop
      vertex 34.4815 76.0547 -12.5
      vertex 34 77.8241 -20.9258
      vertex 33.9938 77.7952 -20.8118
    endloop
  endfacet
  facet normal -0.372945 0.903532 0.211052
    outer loop
      vertex 34.4815 76.0547 -12.5
      vertex 33.9726 77.9329 -21.44
      vertex 34 77.8241 -20.9258
    endloop
  endfacet
  facet normal -0.723642 -0.682207 0.104575
    outer loop
      vertex 33.8907 78.0205 -21.9551
      vertex 33.7553 78.0859 -22.4654
      vertex 33.7886 78.0698 -22.34
    endloop
  endfacet
  facet normal -0.874505 0.209881 0.437253
    outer loop
      vertex 33.5677 78.1285 -22.9653
      vertex 33.4433 78.1385 -23.2189
      vertex 33.5053 78.1335 -23.0925
    endloop
  endfacet
  facet normal -0.357856 0.909531 0.211406
    outer loop
      vertex 33.5677 78.1285 -22.9653
      vertex 34.4078 96.5956 -100.994
      vertex 33.4433 78.1385 -23.2189
    endloop
  endfacet
  facet normal -0.357124 0.909802 0.211478
    outer loop
      vertex 33.7082 78.0966 -22.5908
      vertex 34.4078 96.5956 -100.994
      vertex 33.5677 78.1285 -22.9653
    endloop
  endfacet
  facet normal -0.356471 0.910043 0.211541
    outer loop
      vertex 33.7553 78.0859 -22.4654
      vertex 34.4078 96.5956 -100.994
      vertex 33.7082 78.0966 -22.5908
    endloop
  endfacet
  facet normal -0.357512 0.909658 0.211442
    outer loop
      vertex 33.8907 78.0205 -21.9551
      vertex 34.4078 96.5956 -100.994
      vertex 33.7553 78.0859 -22.4654
    endloop
  endfacet
  facet normal -0.356973 0.909858 0.211492
    outer loop
      vertex 33.9726 77.9329 -21.44
      vertex 34.4078 96.5956 -100.994
      vertex 33.8907 78.0205 -21.9551
    endloop
  endfacet
  facet normal -0.357257 0.909752 0.211466
    outer loop
      vertex 34.4078 96.5956 -100.994
      vertex 33.9726 77.9329 -21.44
      vertex 34.4815 76.0547 -12.5
    endloop
  endfacet
  facet normal -0.357212 0.909782 0.211418
    outer loop
      vertex 34.4909 73.4244 -1.16841
      vertex 33.4741 73.151 -1.70989
      vertex 33.1717 72.9428 -1.32489
    endloop
  endfacet
  facet normal -0.357236 0.909758 0.211475
    outer loop
      vertex 33.4741 73.151 -1.70989
      vertex 34.4909 73.4244 -1.16841
      vertex 34.4901 73.6687 -2.22073
    endloop
  endfacet
  facet normal -0.357221 0.90978 0.21141
    outer loop
      vertex 33.1717 72.9428 -1.32489
      vertex 33.4741 73.151 -1.70989
      vertex 33.1766 73.0368 -1.72113
    endloop
  endfacet
  facet normal 5.23754e-05 0.309015 -0.951057
    outer loop
      vertex 42.205 87.8231 3.51001
      vertex 42.5 85.1536 2.64266
      vertex 42.205 82.4842 1.77531
    endloop
  endfacet
  facet normal -0.838663 -0.516463 -0.172946
    outer loop
      vertex 43.1578 122.207 -92.6722
      vertex 44.1554 120.746 -93.1469
      vertex 40.3262 100.95 -15.462
    endloop
  endfacet
  facet normal -0.795616 -0.575972 -0.187751
    outer loop
      vertex 43.1578 122.238 -92.7673
      vertex 43.1578 122.207 -92.6722
      vertex 40.3262 100.981 -15.5571
    endloop
  endfacet
  facet normal -0.986651 0.162787 0.00455925
    outer loop
      vertex 42.426 83.8116 2.20659
      vertex 46.4041 110.685 -96.4161
      vertex 42.205 82.4842 1.77531
    endloop
  endfacet
  facet normal -0.705355 0.692522 0.151288
    outer loop
      vertex 40.7098 100.056 -99.8696
      vertex 39.2402 79.4724 -12.5
      vertex 39.3967 79.6318 -12.5
    endloop
  endfacet
  facet normal -0.705421 0.692457 0.151272
    outer loop
      vertex 39.3967 79.6318 -12.5
      vertex 42.005 101.288 -99.4693
      vertex 40.7098 100.056 -99.8696
    endloop
  endfacet
  facet normal -0.701606 0.6961 0.152294
    outer loop
      vertex 39.3967 79.6318 -12.5
      vertex 39.0325 76.5625 -0.148773
      vertex 42.005 101.288 -99.4693
    endloop
  endfacet
  facet normal -0.705248 0.692623 0.151322
    outer loop
      vertex 39.0325 76.5625 -0.148773
      vertex 39.3967 79.6318 -12.5
      vertex 39.2184 79.1673 -11.2049
    endloop
  endfacet
  facet normal 3.45725e-05 -0.308694 0.951161
    outer loop
      vertex 34.4078 128.284 -90.8028
      vertex 30.8292 129.008 -90.5677
      vertex 29 129.099 -90.5381
    endloop
  endfacet
  facet normal -0.156024 -0.947308 -0.279757
    outer loop
      vertex 30.9771 109.485 -24.5417
      vertex 30.8292 129.008 -90.5677
      vertex 31.7602 109.358 -24.5484
    endloop
  endfacet
  facet normal -0.156433 -0.947246 -0.279738
    outer loop
      vertex 30.8292 129.008 -90.5677
      vertex 30.9771 109.485 -24.5417
      vertex 30.5145 109.558 -24.5302
    endloop
  endfacet
  facet normal -0.16018 -0.946657 -0.279612
    outer loop
      vertex 30.5818 108.846 -22.1566
      vertex 30.4634 106.397 -13.7974
      vertex 30.5032 108.858 -22.1522
    endloop
  endfacet
  facet normal -0.156374 -0.947257 -0.279733
    outer loop
      vertex 30.4634 106.397 -13.7974
      vertex 30.5818 108.846 -22.1566
      vertex 31.9108 106.179 -13.8683
    endloop
  endfacet
  facet normal -0.156861 -0.947205 -0.279638
    outer loop
      vertex 31.3942 108.729 -22.216
      vertex 31.9108 106.179 -13.8683
      vertex 30.5818 108.846 -22.1566
    endloop
  endfacet
  facet normal -0.156025 -0.947318 -0.279725
    outer loop
      vertex 31.9108 106.179 -13.8683
      vertex 31.3942 108.729 -22.216
      vertex 31.7925 108.674 -22.2519
    endloop
  endfacet
  facet normal -0.0523555 -0.957892 -0.282317
    outer loop
      vertex 29 108.931 -22.1238
      vertex 30.4634 106.397 -13.7974
      vertex 29 106.47 -13.7737
    endloop
  endfacet
  facet normal -0.0523351 -0.957892 -0.28232
    outer loop
      vertex 30.4634 106.397 -13.7974
      vertex 29 108.931 -22.1238
      vertex 30.3041 108.867 -22.1484
    endloop
  endfacet
  facet normal -0.0523927 -0.957873 -0.282372
    outer loop
      vertex 29.436 109.614 -24.5212
      vertex 29 129.099 -90.5381
      vertex 30.2588 109.571 -24.528
    endloop
  endfacet
  facet normal -0.0521548 -0.957885 -0.282377
    outer loop
      vertex 29 129.099 -90.5381
      vertex 29.436 109.614 -24.5212
      vertex 29 109.636 -24.5153
    endloop
  endfacet
  facet normal -0.15643 -0.939057 -0.306107
    outer loop
      vertex 30.4634 106.397 -13.7974
      vertex 31.9108 106.179 -13.8683
      vertex 30.4634 106.366 -13.7023
    endloop
  endfacet
  facet normal -2.50361e-05 0.308986 -0.951067
    outer loop
      vertex 35.75 74.0345 -0.970164
      vertex 35.4656 74.3008 -0.88364
      vertex 35.6771 74.4721 -0.827993
    endloop
  endfacet
  facet normal 0 0.30901 -0.951059
    outer loop
      vertex 35.4656 74.3008 -0.88364
      vertex 35.75 74.0345 -0.970164
      vertex 35.0556 74.0345 -0.970164
    endloop
  endfacet
  facet normal -1.34668e-05 -0.309032 0.951052
    outer loop
      vertex 46.1176 115.916 -94.8215
      vertex 44.987 119.225 -93.7463
      vertex 29 129.099 -90.5381
    endloop
  endfacet
  facet normal -7.09832e-05 -0.309008 0.951059
    outer loop
      vertex 46.1176 108.995 -97.0702
      vertex 46.1176 115.916 -94.8215
      vertex 43.1578 102.673 -99.1245
    endloop
  endfacet
  facet normal -3.46052e-05 0.309029 -0.951052
    outer loop
      vertex 42.205 87.8231 3.51001
      vertex 39.9397 82.0502 1.63428
      vertex 39.9494 82.2347 1.69423
    endloop
  endfacet
  facet normal -3.95799e-06 0.309019 -0.951056
    outer loop
      vertex 42.205 87.8231 3.51001
      vertex 39.7596 80.913 1.26478
      vertex 39.9397 82.0502 1.63428
    endloop
  endfacet
  facet normal 1.36415e-05 0.309013 -0.951058
    outer loop
      vertex 39.0325 76.5625 -0.148773
      vertex 39.7596 80.913 1.26478
      vertex 42.205 87.8231 3.51001
    endloop
  endfacet
  facet normal -8.56259e-05 0.309028 -0.951053
    outer loop
      vertex 39.7596 80.913 1.26478
      vertex 39.0325 76.5625 -0.148773
      vertex 39.4616 79.8008 0.903417
    endloop
  endfacet
  facet normal 1.39854e-05 0.309016 -0.951057
    outer loop
      vertex 39.0325 76.5625 -0.148773
      vertex 39.049 78.7259 0.554156
      vertex 39.4616 79.8008 0.903417
    endloop
  endfacet
  facet normal -7.30018e-08 0.309016 -0.951057
    outer loop
      vertex 39.0325 76.5625 -0.148773
      vertex 38.5263 77.7 0.220822
      vertex 39.049 78.7259 0.554156
    endloop
  endfacet
  facet normal 1.18084e-05 0.309021 -0.951055
    outer loop
      vertex 39.0325 76.5625 -0.148773
      vertex 37.8992 76.7344 -0.0929326
      vertex 38.5263 77.7 0.220822
    endloop
  endfacet
  facet normal 7.31752e-06 0.308994 -0.951064
    outer loop
      vertex 39.0325 76.5625 -0.148773
      vertex 37.5606 76.3163 -0.228773
      vertex 37.8992 76.7344 -0.0929326
    endloop
  endfacet
  facet normal 2.48518e-06 0.30902 -0.951055
    outer loop
      vertex 37.5606 76.3163 -0.228773
      vertex 39.0325 76.5625 -0.148773
      vertex 36.9351 74.7665 -0.732341
    endloop
  endfacet
  facet normal 0 -0.308961 0.951075
    outer loop
      vertex 29 102.673 -99.1245
      vertex 37.75 98.0417 -100.629
      vertex 43.1578 102.673 -99.1245
    endloop
  endfacet
  facet normal 0 -0.308961 0.951075
    outer loop
      vertex 37.75 98.0417 -100.629
      vertex 29 102.673 -99.1245
      vertex 29 98.0417 -100.629
    endloop
  endfacet
  facet normal -0.258119 -0.892944 -0.368816
    outer loop
      vertex 31.9108 106.148 -13.7732
      vertex 32.1181 99.3667 2.5
      vertex 31.8282 99.4505 2.5
    endloop
  endfacet
  facet normal -0.258275 -0.892906 -0.368798
    outer loop
      vertex 32.1181 99.3667 2.5
      vertex 31.9108 106.148 -13.7732
      vertex 33.3262 105.787 -13.8904
    endloop
  endfacet
  facet normal -0.838042 -0.500426 -0.217394
    outer loop
      vertex 41.1244 99.7816 -15.8418
      vertex 40.1 93.5291 2.5
      vertex 40.0708 93.578 2.5
    endloop
  endfacet
  facet normal -0.837531 -0.501181 -0.217623
    outer loop
      vertex 40.6913 91.5733 4.72852
      vertex 40.1 93.5291 2.5
      vertex 41.1244 99.7816 -15.8418
    endloop
  endfacet
  facet normal -0.837545 -0.501165 -0.217605
    outer loop
      vertex 40.1 93.5291 2.5
      vertex 40.6913 91.5733 4.72852
      vertex 40.1 92.4393 5.00991
    endloop
  endfacet
  facet normal -0.933545 -0.340811 -0.111095
    outer loop
      vertex 44.987 119.225 -93.7463
      vertex 45.6435 117.599 -94.2748
      vertex 44.987 119.194 -93.6512
    endloop
  endfacet
  facet normal -0.357392 -0.862939 -0.357221
    outer loop
      vertex 33.3262 105.787 -13.8904
      vertex 34.5302 98.5034 2.5
      vertex 34.2646 98.6134 2.5
    endloop
  endfacet
  facet normal -0.357159 -0.863014 -0.357272
    outer loop
      vertex 34.5302 98.5034 2.5
      vertex 33.3262 105.787 -13.8904
      vertex 34.6943 105.288 -14.0527
    endloop
  endfacet
  facet normal -0.776124 -0.579787 -0.247948
    outer loop
      vertex 40.3262 100.95 -15.462
      vertex 39.8552 93.899 2.5
      vertex 39.404 102.034 -15.1101
    endloop
  endfacet
  facet normal -0.775885 -0.580064 -0.24805
    outer loop
      vertex 39.8552 93.899 2.5
      vertex 40.3262 100.95 -15.462
      vertex 39.9728 93.7417 2.5
    endloop
  endfacet
  facet normal -0.890923 -0.428288 -0.151079
    outer loop
      vertex 44.1554 120.746 -93.1469
      vertex 44.987 119.194 -93.6512
      vertex 41.1244 99.7816 -15.8418
    endloop
  endfacet
  facet normal 0.827443 0.242937 -0.50628
    outer loop
      vertex 33.3301 78.1604 -23.4452
      vertex 33.0451 78.1881 -23.8977
      vertex 33.1247 78.1804 -23.7713
    endloop
  endfacet
  facet normal -0.258145 0.940714 0.22004
    outer loop
      vertex 32.7157 78.1972 -24.3224
      vertex 34.4078 96.5956 -100.994
      vertex 32.4131 78.1892 -24.6432
    endloop
  endfacet
  facet normal -0.257752 0.940814 0.220073
    outer loop
      vertex 33.0451 78.1881 -23.8977
      vertex 34.4078 96.5956 -100.994
      vertex 32.7157 78.1972 -24.3224
    endloop
  endfacet
  facet normal -0.257953 0.940763 0.220057
    outer loop
      vertex 33.3301 78.1604 -23.4452
      vertex 34.4078 96.5956 -100.994
      vertex 33.0451 78.1881 -23.8977
    endloop
  endfacet
  facet normal -0.25792 0.940771 0.220059
    outer loop
      vertex 34.4078 96.5956 -100.994
      vertex 33.3301 78.1604 -23.4452
      vertex 33.4433 78.1385 -23.2189
    endloop
  endfacet
  facet normal -0.257986 0.94077 0.219988
    outer loop
      vertex 33.1717 72.9428 -1.32489
      vertex 33.1766 73.0368 -1.72113
      vertex 32.4576 72.7608 -1.38402
    endloop
  endfacet
  facet normal -0.257946 0.940766 0.220053
    outer loop
      vertex 33.3103 75.5948 -12.5
      vertex 32.2229 76.4348 -17.3658
      vertex 32.0958 75.2618 -12.5
    endloop
  endfacet
  facet normal -0.257965 0.94076 0.220056
    outer loop
      vertex 33.3103 75.5948 -12.5
      vertex 32.3457 76.4888 -17.4527
      vertex 32.2229 76.4348 -17.3658
    endloop
  endfacet
  facet normal -0.2577 0.940841 0.220019
    outer loop
      vertex 33.3103 75.5948 -12.5
      vertex 32.4357 76.5323 -17.5333
      vertex 32.3457 76.4888 -17.4527
    endloop
  endfacet
  facet normal -0.258103 0.94072 0.220067
    outer loop
      vertex 33.3103 75.5948 -12.5
      vertex 32.7157 76.6677 -17.7837
      vertex 32.4357 76.5323 -17.5333
    endloop
  endfacet
  facet normal -0.257917 0.940773 0.220057
    outer loop
      vertex 33.3103 75.5948 -12.5
      vertex 33.0451 76.8446 -18.1539
      vertex 32.7157 76.6677 -17.7837
    endloop
  endfacet
  facet normal -0.258096 0.940725 0.220054
    outer loop
      vertex 33.3103 75.5948 -12.5
      vertex 33.3301 77.0176 -18.5592
      vertex 33.0451 76.8446 -18.1539
    endloop
  endfacet
  facet normal -0.257154 0.940968 0.220115
    outer loop
      vertex 33.3301 77.0176 -18.5592
      vertex 33.3103 75.5948 -12.5
      vertex 33.3868 77.0574 -18.6631
    endloop
  endfacet
  facet normal -0.155216 0.961715 0.22586
    outer loop
      vertex 30.5451 78.1188 -25.83
      vertex 30.8292 95.8722 -101.229
      vertex 30.5132 78.116 -25.84
    endloop
  endfacet
  facet normal -0.155945 0.961604 0.225831
    outer loop
      vertex 31.0337 78.1494 -25.6229
      vertex 30.8292 95.8722 -101.229
      vertex 30.5451 78.1188 -25.83
    endloop
  endfacet
  facet normal -0.155889 0.961612 0.225833
    outer loop
      vertex 31.3446 78.1599 -25.453
      vertex 30.8292 95.8722 -101.229
      vertex 31.0337 78.1494 -25.6229
    endloop
  endfacet
  facet normal -0.155706 0.961641 0.225838
    outer loop
      vertex 31.5 78.1651 -25.368
      vertex 30.8292 95.8722 -101.229
      vertex 31.3446 78.1599 -25.453
    endloop
  endfacet
  facet normal -0.156892 0.961456 0.225806
    outer loop
      vertex 30.8292 95.8722 -101.229
      vertex 31.5 78.1651 -25.368
      vertex 31.5729 78.1653 -25.3182
    endloop
  endfacet
  facet normal -0.155879 0.961614 0.225833
    outer loop
      vertex 30.5451 75.9369 -16.539
      vertex 30.4572 74.9741 -12.5
      vertex 31.6984 75.1753 -12.5
    endloop
  endfacet
  facet normal -0.156471 0.961526 0.225799
    outer loop
      vertex 30.4572 74.9741 -12.5
      vertex 30.5451 75.9369 -16.539
      vertex 30.4741 75.9218 -16.5239
    endloop
  endfacet
  facet normal -0.155855 0.961619 0.225827
    outer loop
      vertex 31.6984 75.1753 -12.5
      vertex 31.0337 76.0535 -16.6983
      vertex 30.5451 75.9369 -16.539
    endloop
  endfacet
  facet normal -0.155803 0.961629 0.225821
    outer loop
      vertex 31.6984 75.1753 -12.5
      vertex 31.5 76.1782 -16.9076
      vertex 31.0337 76.0535 -16.6983
    endloop
  endfacet
  facet normal -0.15613 0.961575 0.225824
    outer loop
      vertex 31.5 76.1782 -16.9076
      vertex 31.6984 75.1753 -12.5
      vertex 31.6544 76.2245 -16.998
    endloop
  endfacet
  facet normal -0.000175886 0.308916 -0.951089
    outer loop
      vertex 40.1 92.4067 4.99932
      vertex 40.6913 91.5733 4.72852
      vertex 41.3329 90.3758 4.33945
    endloop
  endfacet
  facet normal -0.000117131 0.308954 -0.951077
    outer loop
      vertex 40.6913 91.5733 4.72852
      vertex 40.1 92.4067 4.99932
      vertex 40.1 92.4393 5.00991
    endloop
  endfacet
  facet normal -1.73546e-05 0.308995 -0.951064
    outer loop
      vertex 40.1 91.8238 4.80992
      vertex 41.3329 90.3758 4.33945
      vertex 40.1 91.3253 4.64796
    endloop
  endfacet
  facet normal -0.933392 -0.335251 -0.128012
    outer loop
      vertex 44.987 119.194 -93.6512
      vertex 45.6435 117.568 -94.1797
      vertex 42.3148 97.2387 -16.668
    endloop
  endfacet
  facet normal -3.96242e-05 0.309006 -0.95106
    outer loop
      vertex 42.426 86.4957 3.07872
      vertex 42.5 85.1536 2.64266
      vertex 42.205 87.8231 3.51001
    endloop
  endfacet
  facet normal -0.987697 -0.14868 -0.0484656
    outer loop
      vertex 46.4041 114.195 -95.3806
      vertex 46.4041 114.164 -95.2855
      vertex 46.1176 115.916 -94.8215
    endloop
  endfacet
  facet normal -0.629293 -0.738902 -0.240862
    outer loop
      vertex 37.229 103.927 -14.6
      vertex 38.3678 103.019 -14.7898
      vertex 37.229 103.896 -14.5049
    endloop
  endfacet
  facet normal -0.629306 -0.738967 -0.24063
    outer loop
      vertex 38.3678 103.019 -14.7898
      vertex 37.229 103.927 -14.6
      vertex 38.3678 103.05 -14.885
    endloop
  endfacet
  facet normal -0.998627 -0.0499489 -0.0157567
    outer loop
      vertex 46.5 112.455 -95.9459
      vertex 46.5 112.425 -95.8508
      vertex 46.4041 114.164 -95.2855
    endloop
  endfacet
  facet normal -0.965282 -0.234654 -0.114751
    outer loop
      vertex 42.6941 95.8925 -17.1054
      vertex 42.205 87.8231 3.51001
      vertex 41.8393 89.1212 3.93179
    endloop
  endfacet
  facet normal -0.965274 -0.234684 -0.11476
    outer loop
      vertex 42.3148 97.2387 -16.668
      vertex 42.6941 95.8925 -17.1054
      vertex 41.8393 89.1212 3.93179
    endloop
  endfacet
  facet normal -4.9495e-06 -0.309022 0.951055
    outer loop
      vertex 43.1578 102.673 -99.1245
      vertex 46.1176 115.916 -94.8215
      vertex 29 129.099 -90.5381
    endloop
  endfacet
  facet normal 6.38648e-06 0.309015 -0.951057
    outer loop
      vertex 42.205 87.8231 3.51001
      vertex 42.205 82.4842 1.77531
      vertex 39.0325 76.5625 -0.148773
    endloop
  endfacet
  facet normal -0.000193362 0.309074 -0.951038
    outer loop
      vertex 42.205 82.4842 1.77531
      vertex 41.8393 81.1861 1.35352
      vertex 41.3329 79.9314 0.945863
    endloop
  endfacet
  facet normal -0.0521963 -0.923295 -0.380528
    outer loop
      vertex 30.4634 106.366 -13.7023
      vertex 30.4221 99.6907 2.5
      vertex 29.3077 99.7537 2.5
    endloop
  endfacet
  facet normal -0.0524136 0.949653 0.308887
    outer loop
      vertex 30.8292 95.8722 -101.229
      vertex 30.8292 95.9031 -101.324
      vertex 29 95.8119 -101.354
    endloop
  endfacet
  facet normal -1.06866e-05 -0.309028 0.951053
    outer loop
      vertex 44.987 119.225 -93.7463
      vertex 43.1578 122.238 -92.7673
      vertex 37.75 126.869 -91.2626
    endloop
  endfacet
  facet normal -0.933543 0.340816 0.111097
    outer loop
      vertex 44.987 105.686 -98.1454
      vertex 45.6435 107.281 -97.5219
      vertex 45.6435 107.312 -97.617
    endloop
  endfacet
  facet normal -0.933543 0.340816 0.111097
    outer loop
      vertex 45.6435 107.281 -97.5219
      vertex 44.987 105.686 -98.1454
      vertex 44.987 105.655 -98.0503
    endloop
  endfacet
  facet normal -0.890984 0.431679 0.140715
    outer loop
      vertex 44.987 105.655 -98.0503
      vertex 44.987 105.686 -98.1454
      vertex 44.1554 104.103 -98.5547
    endloop
  endfacet
  facet normal -0.62931 0.738889 0.240858
    outer loop
      vertex 40.7098 100.056 -99.8696
      vertex 40.7098 100.087 -99.9647
      vertex 39.2862 98.9597 -100.226
    endloop
  endfacet
  facet normal 8.30533e-05 0.308935 -0.951083
    outer loop
      vertex 39.0325 76.5625 -0.148773
      vertex 38.0333 75.6122 -0.457541
      vertex 36.9351 74.7665 -0.732341
    endloop
  endfacet
  facet normal -0.25875 0.918575 0.298779
    outer loop
      vertex 34.4078 96.6265 -101.089
      vertex 32.6385 96.1447 -101.14
      vertex 34.4078 96.5956 -100.994
    endloop
  endfacet
  facet normal -0.258906 0.919447 0.295947
    outer loop
      vertex 32.6385 96.1447 -101.14
      vertex 34.4078 96.6265 -101.089
      vertex 32.6385 96.1756 -101.236
    endloop
  endfacet
  facet normal -0.453995 0.84731 0.275599
    outer loop
      vertex 37.75 98.0108 -100.534
      vertex 37.75 98.0417 -100.629
      vertex 36.1179 97.2199 -100.791
    endloop
  endfacet
  facet normal -0.889429 0.449304 0.0839189
    outer loop
      vertex 44.987 105.655 -98.0503
      vertex 44.1554 104.103 -98.5547
      vertex 40.6913 78.734 0.556793
    endloop
  endfacet
  facet normal -3.33206e-05 0.309041 -0.951049
    outer loop
      vertex 41.3329 79.9314 0.945863
      vertex 40.6913 78.734 0.556793
      vertex 39.0325 76.5625 -0.148773
    endloop
  endfacet
  facet normal 2.03479e-05 0.309008 -0.951059
    outer loop
      vertex 42.205 82.4842 1.77531
      vertex 41.3329 79.9314 0.945863
      vertex 39.0325 76.5625 -0.148773
    endloop
  endfacet
  facet normal -0.964699 0.261417 0.0318759
    outer loop
      vertex 42.205 82.4842 1.77531
      vertex 45.6435 107.281 -97.5219
      vertex 41.8393 81.1861 1.35352
    endloop
  endfacet
  facet normal -0.543326 -0.774808 -0.323218
    outer loop
      vertex 37.229 103.896 -14.5049
      vertex 36.9855 96.973 2.5
      vertex 36.0175 97.6518 2.5
    endloop
  endfacet
  facet normal -0.543658 -0.774608 -0.323139
    outer loop
      vertex 36 104.655 -14.2582
      vertex 36.0175 97.6518 2.5
      vertex 35.7958 97.8074 2.5
    endloop
  endfacet
  facet normal -0.543366 -0.774783 -0.323212
    outer loop
      vertex 36.0175 97.6518 2.5
      vertex 36 104.655 -14.2582
      vertex 37.229 103.896 -14.5049
    endloop
  endfacet
  facet normal -0.777112 -0.600207 -0.18934
    outer loop
      vertex 39.404 102.064 -15.2052
      vertex 40.3262 100.981 -15.5571
      vertex 39.404 102.034 -15.1101
    endloop
  endfacet
  facet normal -0.454031 -0.853284 -0.256442
    outer loop
      vertex 36.1179 127.66 -91.0056
      vertex 36 104.686 -14.3533
      vertex 34.6943 105.319 -14.1478
    endloop
  endfacet
  facet normal -0.777163 0.598314 0.195034
    outer loop
      vertex 43.1578 102.642 -99.0294
      vertex 43.1578 102.673 -99.1245
      vertex 42.005 101.288 -99.4693
    endloop
  endfacet
  facet normal -0.775897 -0.580039 -0.24807
    outer loop
      vertex 39.404 102.034 -15.1101
      vertex 39.8552 93.899 2.5
      vertex 39.0855 94.9286 2.5
    endloop
  endfacet
  facet normal 7.94417e-05 0.30871 -0.951156
    outer loop
      vertex 32.6646 72.8403 -1.3582
      vertex 33.1717 72.9428 -1.32489
      vertex 32.4576 72.7608 -1.38402
    endloop
  endfacet
  facet normal -0.0520546 0.972095 0.228737
    outer loop
      vertex 30.8292 95.8722 -101.229
      vertex 30.0651 78.1213 -25.9645
      vertex 30.5132 78.116 -25.84
    endloop
  endfacet
  facet normal -0.0522176 0.972088 0.228734
    outer loop
      vertex 30.0651 78.1213 -25.9645
      vertex 30.8292 95.8722 -101.229
      vertex 29 95.781 -101.259
    endloop
  endfacet
  facet normal -0.0525572 0.972067 0.228743
    outer loop
      vertex 30.4572 74.9741 -12.5
      vertex 30.1996 75.8912 -16.4565
      vertex 30.2556 74.9632 -12.5
    endloop
  endfacet
  facet normal -0.0522036 0.97209 0.228725
    outer loop
      vertex 30.1996 75.8912 -16.4565
      vertex 30.4572 74.9741 -12.5
      vertex 30.4741 75.9218 -16.5239
    endloop
  endfacet
  facet normal -0.0520945 0.972094 0.228734
    outer loop
      vertex 29.5226 78.1146 -26.0599
      vertex 29 95.781 -101.259
      vertex 29 78.0949 -26.0952
    endloop
  endfacet
  facet normal -0.0522279 0.972087 0.228734
    outer loop
      vertex 30.0396 78.1216 -25.9716
      vertex 29 95.781 -101.259
      vertex 29.5226 78.1146 -26.0599
    endloop
  endfacet
  facet normal -0.0522504 0.972086 0.228734
    outer loop
      vertex 29 95.781 -101.259
      vertex 30.0396 78.1216 -25.9716
      vertex 30.0651 78.1213 -25.9645
    endloop
  endfacet
  facet normal -0.052104 0.972093 0.228738
    outer loop
      vertex 29.5226 75.8288 -16.3456
      vertex 29 74.8959 -12.5
      vertex 30.2556 74.9632 -12.5
    endloop
  endfacet
  facet normal -0.0519797 0.972098 0.228744
    outer loop
      vertex 29 74.8959 -12.5
      vertex 29.144 75.8054 -16.3324
      vertex 29 75.7965 -16.3273
    endloop
  endfacet
  facet normal -0.0521068 0.972093 0.228738
    outer loop
      vertex 29 74.8959 -12.5
      vertex 29.5226 75.8288 -16.3456
      vertex 29.144 75.8054 -16.3324
    endloop
  endfacet
  facet normal -0.0522818 0.972076 0.228768
    outer loop
      vertex 30.2556 74.9632 -12.5
      vertex 29.8989 75.8613 -16.3977
      vertex 29.5226 75.8288 -16.3456
    endloop
  endfacet
  facet normal -0.0518979 0.972103 0.22874
    outer loop
      vertex 30.2556 74.9632 -12.5
      vertex 30.0396 75.8734 -16.4172
      vertex 29.8989 75.8613 -16.3977
    endloop
  endfacet
  facet normal -0.0522901 0.972079 0.228755
    outer loop
      vertex 30.2556 74.9632 -12.5
      vertex 30.1766 75.8887 -16.4509
      vertex 30.0396 75.8734 -16.4172
    endloop
  endfacet
  facet normal -0.0499815 0.972204 0.228739
    outer loop
      vertex 30.1766 75.8887 -16.4509
      vertex 30.2556 74.9632 -12.5
      vertex 30.1996 75.8912 -16.4565
    endloop
  endfacet
  facet normal -0.000592095 -0.307858 0.951432
    outer loop
      vertex 34.4078 96.6265 -101.089
      vertex 37.75 98.0417 -100.629
      vertex 32.6385 96.1756 -101.236
    endloop
  endfacet
  facet normal -3.27084e-05 0.309096 -0.951031
    outer loop
      vertex 35.75 74.0345 -0.970164
      vertex 34.4909 73.4244 -1.16841
      vertex 33.1717 72.9428 -1.32489
    endloop
  endfacet
  facet normal 1.88409e-05 0.309023 -0.951054
    outer loop
      vertex 40.1 92.4067 4.99932
      vertex 41.3329 90.3758 4.33945
      vertex 40.1 91.8238 4.80992
    endloop
  endfacet
  facet normal -3.59904e-05 -0.309117 0.951024
    outer loop
      vertex 37.75 126.869 -91.2626
      vertex 34.4078 128.284 -90.8028
      vertex 29 129.099 -90.5381
    endloop
  endfacet
  facet normal -0.838673 -0.517819 -0.168795
    outer loop
      vertex 44.1554 120.777 -93.242
      vertex 43.1578 122.207 -92.6722
      vertex 43.1578 122.238 -92.7673
    endloop
  endfacet
  facet normal -0.838673 -0.517819 -0.168795
    outer loop
      vertex 43.1578 122.207 -92.6722
      vertex 44.1554 120.777 -93.242
      vertex 44.1554 120.746 -93.1469
    endloop
  endfacet
  facet normal -0.000230994 -0.309008 0.951059
    outer loop
      vertex 46.4041 114.195 -95.3806
      vertex 46.1176 115.916 -94.8215
      vertex 46.1176 108.995 -97.0702
    endloop
  endfacet
  facet normal -0.985271 -0.150009 -0.0820928
    outer loop
      vertex 42.6941 95.8925 -17.1054
      vertex 46.1176 115.885 -94.7264
      vertex 42.205 87.8231 3.51001
    endloop
  endfacet
  facet normal -0.933416 -0.335189 -0.127995
    outer loop
      vertex 44.987 119.194 -93.6512
      vertex 42.3148 97.2387 -16.668
      vertex 41.7896 98.5398 -16.2452
    endloop
  endfacet
  facet normal -0.932746 -0.327569 -0.150611
    outer loop
      vertex 42.3148 97.2387 -16.668
      vertex 41.8393 89.1212 3.93179
      vertex 41.7896 98.5398 -16.2452
    endloop
  endfacet
  facet normal -0.932752 -0.327555 -0.150605
    outer loop
      vertex 41.7896 98.5398 -16.2452
      vertex 41.8393 89.1212 3.93179
      vertex 41.3329 90.3758 4.33945
    endloop
  endfacet
  facet normal -0.987184 -0.138695 -0.0789372
    outer loop
      vertex 46.1176 115.885 -94.7264
      vertex 46.4041 114.164 -95.2855
      vertex 42.205 87.8231 3.51001
    endloop
  endfacet
  facet normal -0.987182 -0.138708 -0.0789405
    outer loop
      vertex 46.4041 114.164 -95.2855
      vertex 42.426 86.4957 3.07872
      vertex 42.205 87.8231 3.51001
    endloop
  endfacet
  facet normal -0.965933 -0.246049 -0.0802053
    outer loop
      vertex 45.6435 117.599 -94.2748
      vertex 46.1176 115.885 -94.7264
      vertex 45.6435 117.568 -94.1797
    endloop
  endfacet
  facet normal -0.933545 -0.340811 -0.111095
    outer loop
      vertex 45.6435 117.599 -94.2748
      vertex 45.6435 117.568 -94.1797
      vertex 44.987 119.194 -93.6512
    endloop
  endfacet
  facet normal -0.965625 -0.238248 -0.103954
    outer loop
      vertex 45.6435 117.568 -94.1797
      vertex 46.1176 115.885 -94.7264
      vertex 42.6941 95.8925 -17.1054
    endloop
  endfacet
  facet normal -0.965614 -0.238288 -0.103965
    outer loop
      vertex 45.6435 117.568 -94.1797
      vertex 42.6941 95.8925 -17.1054
      vertex 42.3148 97.2387 -16.668
    endloop
  endfacet
  facet normal -0.998629 0.0499229 0.0157486
    outer loop
      vertex 46.5 112.425 -95.8508
      vertex 46.5 112.455 -95.9459
      vertex 46.4041 110.685 -96.4161
    endloop
  endfacet
  facet normal 0.00222717 -0.309258 0.950975
    outer loop
      vertex 46.4041 110.716 -96.5112
      vertex 46.5 112.455 -95.9459
      vertex 46.1176 108.995 -97.0702
    endloop
  endfacet
  facet normal -0.0523749 -0.949457 -0.309497
    outer loop
      vertex 29 106.47 -13.7737
      vertex 30.4634 106.366 -13.7023
      vertex 29 106.439 -13.6786
    endloop
  endfacet
  facet normal -0.0523749 -0.949457 -0.309497
    outer loop
      vertex 30.4634 106.366 -13.7023
      vertex 29 106.47 -13.7737
      vertex 30.4634 106.397 -13.7974
    endloop
  endfacet
  facet normal -1.07387e-05 -0.309028 0.951053
    outer loop
      vertex 44.987 119.225 -93.7463
      vertex 37.75 126.869 -91.2626
      vertex 29 129.099 -90.5381
    endloop
  endfacet
  facet normal -2.29157e-05 0.309025 -0.951054
    outer loop
      vertex 39.9949 83.102 1.97604
      vertex 42.205 87.8231 3.51001
      vertex 39.9494 82.2347 1.69423
    endloop
  endfacet
  facet normal 2.69583e-05 0.309011 -0.951058
    outer loop
      vertex 36.9351 74.7665 -0.732341
      vertex 37.1746 75.8396 -0.38367
      vertex 37.5606 76.3163 -0.228773
    endloop
  endfacet
  facet normal -2.16069e-05 0.309021 -0.951055
    outer loop
      vertex 36.9351 74.7665 -0.732341
      vertex 36.3604 75.0254 -0.648205
      vertex 37.1746 75.8396 -0.38367
    endloop
  endfacet
  facet normal 6.19111e-06 0.309077 -0.951037
    outer loop
      vertex 36.9351 74.7665 -0.732341
      vertex 36.1244 74.8343 -0.710312
      vertex 36.3604 75.0254 -0.648205
    endloop
  endfacet
  facet normal -1.16959e-06 0.308997 -0.951063
    outer loop
      vertex 36.1244 74.8343 -0.710312
      vertex 36.9351 74.7665 -0.732341
      vertex 35.75 74.0345 -0.970164
    endloop
  endfacet
  facet normal -0.543097 0.818745 0.186284
    outer loop
      vertex 36.9351 74.7665 -0.732341
      vertex 35.7944 74.5671 -3.18158
      vertex 35.75 74.0345 -0.970164
    endloop
  endfacet
  facet normal -0.543038 0.818792 0.186252
    outer loop
      vertex 36.9351 74.7665 -0.732341
      vertex 36.3604 75.0254 -3.5461
      vertex 35.7944 74.5671 -3.18158
    endloop
  endfacet
  facet normal -0.543086 0.818758 0.186259
    outer loop
      vertex 36.3604 75.0254 -3.5461
      vertex 36.9351 74.7665 -0.732341
      vertex 36.9654 75.6304 -4.44153
    endloop
  endfacet
  facet normal -0.543029 0.818794 0.186268
    outer loop
      vertex 37.0312 77.5072 -12.5
      vertex 37.75 98.0108 -100.534
      vertex 35.9816 76.8111 -12.5
    endloop
  endfacet
  facet normal -0.775432 0.61778 0.130587
    outer loop
      vertex 43.1578 102.642 -99.0294
      vertex 42.005 101.288 -99.4693
      vertex 39.9217 77.6069 0.190577
    endloop
  endfacet
  facet normal -0.837007 0.536418 0.108049
    outer loop
      vertex 44.1554 104.103 -98.5547
      vertex 43.1578 102.642 -99.0294
      vertex 39.9217 77.6069 0.190577
    endloop
  endfacet
  facet normal -0.986653 0.162772 0.00455474
    outer loop
      vertex 46.4041 110.685 -96.4161
      vertex 46.1176 108.964 -96.9751
      vertex 42.205 82.4842 1.77531
    endloop
  endfacet
  facet normal -0.964704 0.261401 0.0318718
    outer loop
      vertex 46.1176 108.964 -96.9751
      vertex 45.6435 107.281 -97.5219
      vertex 42.205 82.4842 1.77531
    endloop
  endfacet
  facet normal -0.997773 0.062532 -0.0232076
    outer loop
      vertex 46.5 112.425 -95.8508
      vertex 46.4041 110.685 -96.4161
      vertex 42.426 83.8116 2.20659
    endloop
  endfacet
  facet normal -0.000295151 0.30905 -0.951046
    outer loop
      vertex 42.5 85.1536 2.64266
      vertex 42.426 83.8116 2.20659
      vertex 42.205 82.4842 1.77531
    endloop
  endfacet
  facet normal -0.889425 0.44931 0.0839207
    outer loop
      vertex 41.3329 79.9314 0.945863
      vertex 44.987 105.655 -98.0503
      vertex 40.6913 78.734 0.556793
    endloop
  endfacet
  facet normal -0.93218 0.357249 0.058421
    outer loop
      vertex 41.8393 81.1861 1.35352
      vertex 44.987 105.655 -98.0503
      vertex 41.3329 79.9314 0.945863
    endloop
  endfacet
  facet normal -0.453948 -0.853324 -0.256454
    outer loop
      vertex 36.1179 127.66 -91.0056
      vertex 37.75 126.869 -91.2626
      vertex 36 104.686 -14.3533
    endloop
  endfacet
  facet normal -0.259005 -0.918318 -0.299347
    outer loop
      vertex 33.3262 105.818 -13.9855
      vertex 33.3262 105.787 -13.8904
      vertex 31.9108 106.179 -13.8683
    endloop
  endfacet
  facet normal -0.544647 -0.802436 -0.243838
    outer loop
      vertex 37.75 126.869 -91.2626
      vertex 39.2862 125.92 -91.5709
      vertex 37.229 103.927 -14.6
    endloop
  endfacet
  facet normal -0.629152 -0.742768 -0.229048
    outer loop
      vertex 39.2862 125.92 -91.5709
      vertex 40.7098 124.824 -91.9271
      vertex 37.229 103.927 -14.6
    endloop
  endfacet
  facet normal -0.156487 0.940177 0.30262
    outer loop
      vertex 32.6385 96.1756 -101.236
      vertex 30.8292 95.8722 -101.229
      vertex 32.6385 96.1447 -101.14
    endloop
  endfacet
  facet normal -0.156323 0.939269 0.30551
    outer loop
      vertex 30.8292 95.8722 -101.229
      vertex 32.6385 96.1756 -101.236
      vertex 30.8292 95.9031 -101.324
    endloop
  endfacet
  facet normal 0.000109169 -0.309595 0.950869
    outer loop
      vertex 32.6385 96.1756 -101.236
      vertex 37.75 98.0417 -100.629
      vertex 29 95.8119 -101.354
    endloop
  endfacet
  facet normal -0.356932 0.909872 0.2115
    outer loop
      vertex 36.1179 97.2199 -100.791
      vertex 34.4815 76.0547 -12.5
      vertex 34.676 76.131 -12.5
    endloop
  endfacet
  facet normal -0.357227 0.909764 0.211469
    outer loop
      vertex 34.4815 76.0547 -12.5
      vertex 36.1179 97.2199 -100.791
      vertex 34.4078 96.5956 -100.994
    endloop
  endfacet
  facet normal -0.35343 0.911168 0.2118
    outer loop
      vertex 34.4909 73.4244 -1.16841
      vertex 34.5 73.6737 -2.22572
      vertex 34.4901 73.6687 -2.22073
    endloop
  endfacet
  facet normal -0.362389 0.907843 0.210939
    outer loop
      vertex 34.5 73.6737 -2.22572
      vertex 34.4909 73.4244 -1.16841
      vertex 34.5084 73.6792 -2.23496
    endloop
  endfacet
  facet normal -0.451641 0.869426 0.200296
    outer loop
      vertex 34.5263 73.6908 -2.24495
      vertex 34.5084 73.6792 -2.23496
      vertex 34.4909 73.4244 -1.16841
    endloop
  endfacet
  facet normal -0.452632 0.868942 0.20016
    outer loop
      vertex 37.75 98.0108 -100.534
      vertex 34.676 76.131 -12.5
      vertex 34.8626 76.2282 -12.5
    endloop
  endfacet
  facet normal -0.452606 0.868955 0.200164
    outer loop
      vertex 34.676 76.131 -12.5
      vertex 37.75 98.0108 -100.534
      vertex 36.1179 97.2199 -100.791
    endloop
  endfacet
  facet normal -0.837425 -0.501338 -0.217667
    outer loop
      vertex 41.1244 99.7816 -15.8418
      vertex 39.9728 93.7417 2.5
      vertex 40.3262 100.95 -15.462
    endloop
  endfacet
  facet normal -0.837429 -0.501332 -0.217666
    outer loop
      vertex 39.9728 93.7417 2.5
      vertex 41.1244 99.7816 -15.8418
      vertex 40.0708 93.578 2.5
    endloop
  endfacet
  facet normal -0.838551 -0.516632 -0.172984
    outer loop
      vertex 44.1554 120.746 -93.1469
      vertex 41.1244 99.7816 -15.8418
      vertex 40.3262 100.95 -15.462
    endloop
  endfacet
  facet normal 0.000133171 -0.308756 0.951141
    outer loop
      vertex 37.75 126.869 -91.2626
      vertex 36.1179 127.66 -91.0056
      vertex 34.4078 128.284 -90.8028
    endloop
  endfacet
  facet normal -0.454117 -0.847074 -0.276123
    outer loop
      vertex 34.6943 105.319 -14.1478
      vertex 36 104.686 -14.3533
      vertex 34.6943 105.288 -14.0527
    endloop
  endfacet
  facet normal -0.544551 -0.802495 -0.243855
    outer loop
      vertex 37.75 126.869 -91.2626
      vertex 37.229 103.927 -14.6
      vertex 36 104.686 -14.3533
    endloop
  endfacet
  facet normal -0.544622 -0.797387 -0.259926
    outer loop
      vertex 37.229 103.927 -14.6
      vertex 37.229 103.896 -14.5049
      vertex 36 104.686 -14.3533
    endloop
  endfacet
  facet normal -0.890981 -0.431685 -0.140718
    outer loop
      vertex 44.987 119.225 -93.7463
      vertex 44.987 119.194 -93.6512
      vertex 44.1554 120.777 -93.242
    endloop
  endfacet
  facet normal -0.000136674 -0.309097 0.951031
    outer loop
      vertex 44.987 119.225 -93.7463
      vertex 44.1554 120.777 -93.242
      vertex 43.1578 122.238 -92.7673
    endloop
  endfacet
  facet normal -0.777123 -0.598901 -0.193386
    outer loop
      vertex 43.1578 122.238 -92.7673
      vertex 40.3262 100.981 -15.5571
      vertex 39.404 102.064 -15.2052
    endloop
  endfacet
  facet normal -0.777162 -0.598853 -0.193375
    outer loop
      vertex 42.005 123.592 -92.3274
      vertex 43.1578 122.238 -92.7673
      vertex 39.404 102.064 -15.2052
    endloop
  endfacet
  facet normal -0.998628 0.0497945 0.0162316
    outer loop
      vertex 46.5 112.455 -95.9459
      vertex 46.4041 110.716 -96.5112
      vertex 46.4041 110.685 -96.4161
    endloop
  endfacet
  facet normal -0.987697 0.148682 0.0484664
    outer loop
      vertex 46.4041 110.685 -96.4161
      vertex 46.4041 110.716 -96.5112
      vertex 46.1176 108.995 -97.0702
    endloop
  endfacet
  facet normal -0.707162 0.672238 0.219131
    outer loop
      vertex 42.005 101.288 -99.4693
      vertex 42.005 101.319 -99.5644
      vertex 40.7098 100.087 -99.9647
    endloop
  endfacet
  facet normal -0.000426733 -0.304742 0.952435
    outer loop
      vertex 30.8292 95.9031 -101.324
      vertex 32.6385 96.1756 -101.236
      vertex 29 95.8119 -101.354
    endloop
  endfacet
  facet normal -0.000570661 -0.308851 0.95111
    outer loop
      vertex 45.6435 107.312 -97.617
      vertex 46.1176 108.995 -97.0702
      vertex 44.987 105.686 -98.1454
    endloop
  endfacet
  facet normal -0.965934 0.246045 0.080204
    outer loop
      vertex 45.6435 107.312 -97.617
      vertex 46.1176 108.964 -96.9751
      vertex 46.1176 108.995 -97.0702
    endloop
  endfacet
  facet normal -0.965934 0.246045 0.080204
    outer loop
      vertex 46.1176 108.964 -96.9751
      vertex 45.6435 107.312 -97.617
      vertex 45.6435 107.281 -97.5219
    endloop
  endfacet
  facet normal -0.627586 0.759778 0.16992
    outer loop
      vertex 40.7098 100.056 -99.8696
      vertex 38.1845 78.4304 -12.5
      vertex 38.3575 78.5733 -12.5
    endloop
  endfacet
  facet normal -0.627617 0.759754 0.169913
    outer loop
      vertex 38.1845 78.4304 -12.5
      vertex 40.7098 100.056 -99.8696
      vertex 39.2862 98.9597 -100.226
    endloop
  endfacet
  facet normal -0.628049 0.759416 0.169832
    outer loop
      vertex 38.2082 77.2103 -6.95677
      vertex 38.111 77.0605 -6.64638
      vertex 38.0333 75.6122 -0.457541
    endloop
  endfacet
  facet normal -0.705504 0.692376 0.15126
    outer loop
      vertex 39.049 78.7259 -9.97455
      vertex 39.0325 76.5625 -0.148773
      vertex 39.2184 79.1673 -11.2049
    endloop
  endfacet
  facet normal -0.705374 0.692503 0.151288
    outer loop
      vertex 38.5263 77.7 -7.71568
      vertex 39.0325 76.5625 -0.148773
      vertex 39.049 78.7259 -9.97455
    endloop
  endfacet
  facet normal -0.705273 0.692603 0.151296
    outer loop
      vertex 38.2082 77.2103 -6.95677
      vertex 39.0325 76.5625 -0.148773
      vertex 38.5263 77.7 -7.71568
    endloop
  endfacet
  facet normal -0.705369 0.692506 0.151299
    outer loop
      vertex 39.0325 76.5625 -0.148773
      vertex 38.2082 77.2103 -6.95677
      vertex 38.0333 75.6122 -0.457541
    endloop
  endfacet
  facet normal -0.705372 0.692505 0.151284
    outer loop
      vertex 39.2402 79.4724 -12.5
      vertex 40.7098 100.056 -99.8696
      vertex 38.3575 78.5733 -12.5
    endloop
  endfacet
  facet normal -0.997952 -0.0384024 -0.0511617
    outer loop
      vertex 46.4041 114.164 -95.2855
      vertex 46.5 112.425 -95.8508
      vertex 42.5 85.1536 2.64266
    endloop
  endfacet
  facet normal -0.997952 -0.0384017 -0.0511615
    outer loop
      vertex 46.4041 114.164 -95.2855
      vertex 42.5 85.1536 2.64266
      vertex 42.426 86.4957 3.07872
    endloop
  endfacet
  facet normal -0.35811 -0.887707 -0.289368
    outer loop
      vertex 34.6943 105.319 -14.1478
      vertex 34.6943 105.288 -14.0527
      vertex 33.3262 105.787 -13.8904
    endloop
  endfacet
  facet normal -0.45302 -0.823312 -0.341949
    outer loop
      vertex 34.6943 105.288 -14.0527
      vertex 34.779 98.3665 2.5
      vertex 34.5302 98.5034 2.5
    endloop
  endfacet
  facet normal -0.452971 -0.823335 -0.341959
    outer loop
      vertex 34.779 98.3665 2.5
      vertex 34.6943 105.288 -14.0527
      vertex 36 104.655 -14.2582
    endloop
  endfacet
  facet normal -0.705655 -0.652565 -0.276061
    outer loop
      vertex 39.404 102.034 -15.1101
      vertex 38.936 95.0903 2.5
      vertex 38.3678 103.019 -14.7898
    endloop
  endfacet
  facet normal -0.705736 -0.652489 -0.276033
    outer loop
      vertex 38.936 95.0903 2.5
      vertex 39.404 102.034 -15.1101
      vertex 39.0855 94.9286 2.5
    endloop
  endfacet
  facet normal -0.155259 0.961707 0.225861
    outer loop
      vertex 32.6385 96.1447 -101.14
      vertex 31.9389 78.1659 -25.068
      vertex 32.0035 78.1636 -25.0138
    endloop
  endfacet
  facet normal -0.155954 0.961602 0.22583
    outer loop
      vertex 32.6385 96.1447 -101.14
      vertex 31.6436 78.1654 -25.2698
      vertex 31.9389 78.1659 -25.068
    endloop
  endfacet
  facet normal -0.155959 0.961602 0.22583
    outer loop
      vertex 32.6385 96.1447 -101.14
      vertex 31.5729 78.1653 -25.3182
      vertex 31.6436 78.1654 -25.2698
    endloop
  endfacet
  facet normal -0.155937 0.961605 0.225831
    outer loop
      vertex 31.5729 78.1653 -25.3182
      vertex 32.6385 96.1447 -101.14
      vertex 30.8292 95.8722 -101.229
    endloop
  endfacet
  facet normal -0.155721 0.961639 0.225834
    outer loop
      vertex 31.8991 75.2078 -12.5
      vertex 31.6544 76.2245 -16.998
      vertex 31.6984 75.1753 -12.5
    endloop
  endfacet
  facet normal -0.155908 0.961608 0.225838
    outer loop
      vertex 31.8991 75.2078 -12.5
      vertex 31.8273 76.2763 -17.0992
      vertex 31.6544 76.2245 -16.998
    endloop
  endfacet
  facet normal -0.155991 0.961595 0.225836
    outer loop
      vertex 31.8273 76.2763 -17.0992
      vertex 31.8991 75.2078 -12.5
      vertex 31.938 76.3095 -17.1641
    endloop
  endfacet
  facet normal -0.257242 0.940943 0.220119
    outer loop
      vertex 34.4078 96.5956 -100.994
      vertex 32.3457 78.1875 -24.7147
      vertex 32.4131 78.1892 -24.6432
    endloop
  endfacet
  facet normal -0.258037 0.940742 0.220049
    outer loop
      vertex 34.4078 96.5956 -100.994
      vertex 32.0035 78.1636 -25.0138
      vertex 32.3457 78.1875 -24.7147
    endloop
  endfacet
  facet normal -0.257912 0.940774 0.22006
    outer loop
      vertex 32.0035 78.1636 -25.0138
      vertex 34.4078 96.5956 -100.994
      vertex 32.6385 96.1447 -101.14
    endloop
  endfacet
  facet normal -0.258246 0.940686 0.220044
    outer loop
      vertex 32.0958 75.2618 -12.5
      vertex 31.938 76.3095 -17.1641
      vertex 31.8991 75.2078 -12.5
    endloop
  endfacet
  facet normal -0.292096 0.930976 0.219008
    outer loop
      vertex 32.0958 75.2618 -12.5
      vertex 31.9389 76.3099 -17.1646
      vertex 31.938 76.3095 -17.1641
    endloop
  endfacet
  facet normal -0.257847 0.940791 0.220062
    outer loop
      vertex 31.9389 76.3099 -17.1646
      vertex 32.0958 75.2618 -12.5
      vertex 32.2229 76.4348 -17.3658
    endloop
  endfacet
  facet normal -0.77738 -0.598059 -0.194951
    outer loop
      vertex 40.3262 100.981 -15.5571
      vertex 40.3262 100.95 -15.462
      vertex 39.404 102.034 -15.1101
    endloop
  endfacet
  facet normal -0.795616 -0.575972 -0.187751
    outer loop
      vertex 40.3262 100.981 -15.5571
      vertex 43.1578 122.207 -92.6722
      vertex 40.3262 100.95 -15.462
    endloop
  endfacet
  facet normal -0.319428 -0.908093 -0.270801
    outer loop
      vertex 34.6753 108.132 -23.5584
      vertex 34.6943 105.319 -14.1478
      vertex 34.6593 108.124 -23.5127
    endloop
  endfacet
  facet normal -0.348373 -0.898284 -0.26781
    outer loop
      vertex 34.6848 108.166 -23.6848
      vertex 34.6943 105.319 -14.1478
      vertex 34.6753 108.132 -23.5584
    endloop
  endfacet
  facet normal -0.358123 -0.894766 -0.266724
    outer loop
      vertex 36.1179 127.66 -91.0056
      vertex 34.6582 108.213 -23.8078
      vertex 34.4078 128.284 -90.8028
    endloop
  endfacet
  facet normal -0.868094 -0.47148 -0.155303
    outer loop
      vertex 34.6582 108.213 -23.8078
      vertex 36.1179 127.66 -91.0056
      vertex 34.6586 108.212 -23.807
    endloop
  endfacet
  facet normal -0.359306 -0.894323 -0.266617
    outer loop
      vertex 34.6848 108.166 -23.6848
      vertex 36.1179 127.66 -91.0056
      vertex 34.6943 105.319 -14.1478
    endloop
  endfacet
  facet normal -0.333084 -0.903772 -0.268795
    outer loop
      vertex 34.6586 108.212 -23.807
      vertex 36.1179 127.66 -91.0056
      vertex 34.6848 108.166 -23.6848
    endloop
  endfacet
  facet normal -0.358015 -0.8948 -0.266757
    outer loop
      vertex 33.4473 108.332 -22.5809
      vertex 34.6943 105.319 -14.1478
      vertex 33.3262 105.818 -13.9855
    endloop
  endfacet
  facet normal -0.357785 -0.894874 -0.266817
    outer loop
      vertex 33.6665 108.272 -22.6736
      vertex 34.6943 105.319 -14.1478
      vertex 33.4473 108.332 -22.5809
    endloop
  endfacet
  facet normal -0.360127 -0.894098 -0.266266
    outer loop
      vertex 33.9016 108.212 -22.7901
      vertex 34.6943 105.319 -14.1478
      vertex 33.6665 108.272 -22.6736
    endloop
  endfacet
  facet normal -0.354996 -0.895834 -0.267318
    outer loop
      vertex 34.1097 108.166 -22.9123
      vertex 34.6943 105.319 -14.1478
      vertex 33.9016 108.212 -22.7901
    endloop
  endfacet
  facet normal -0.358964 -0.894463 -0.266608
    outer loop
      vertex 34.2883 108.132 -23.0387
      vertex 34.6943 105.319 -14.1478
      vertex 34.1097 108.166 -22.9123
    endloop
  endfacet
  facet normal -0.360985 -0.893745 -0.266289
    outer loop
      vertex 34.4356 108.111 -23.1679
      vertex 34.6943 105.319 -14.1478
      vertex 34.2883 108.132 -23.0387
    endloop
  endfacet
  facet normal -0.359236 -0.894376 -0.266534
    outer loop
      vertex 34.55 108.104 -23.2986
      vertex 34.6943 105.319 -14.1478
      vertex 34.4356 108.111 -23.1679
    endloop
  endfacet
  facet normal -0.356452 -0.895385 -0.266885
    outer loop
      vertex 34.6302 108.111 -23.4292
      vertex 34.6943 105.319 -14.1478
      vertex 34.55 108.104 -23.2986
    endloop
  endfacet
  facet normal -0.364424 -0.89245 -0.265947
    outer loop
      vertex 34.6943 105.319 -14.1478
      vertex 34.6302 108.111 -23.4292
      vertex 34.6593 108.124 -23.5127
    endloop
  endfacet
  facet normal -0.358457 -0.894644 -0.266686
    outer loop
      vertex 34.5971 108.272 -23.9236
      vertex 34.4078 128.284 -90.8028
      vertex 34.6582 108.213 -23.8078
    endloop
  endfacet
  facet normal -0.356136 -0.895492 -0.266947
    outer loop
      vertex 34.5008 108.343 -24.0333
      vertex 34.4078 128.284 -90.8028
      vertex 34.5971 108.272 -23.9236
    endloop
  endfacet
  facet normal -0.35627 -0.895444 -0.266932
    outer loop
      vertex 34.3709 108.425 -24.135
      vertex 34.4078 128.284 -90.8028
      vertex 34.5008 108.343 -24.0333
    endloop
  endfacet
  facet normal -0.360553 -0.893867 -0.266465
    outer loop
      vertex 34.2087 108.518 -24.2275
      vertex 34.4078 128.284 -90.8028
      vertex 34.3709 108.425 -24.135
    endloop
  endfacet
  facet normal -0.359659 -0.894198 -0.26656
    outer loop
      vertex 34.0161 108.62 -24.3098
      vertex 34.4078 128.284 -90.8028
      vertex 34.2087 108.518 -24.2275
    endloop
  endfacet
  facet normal -0.35563 -0.895685 -0.266976
    outer loop
      vertex 33.7951 108.729 -24.3811
      vertex 34.4078 128.284 -90.8028
      vertex 34.0161 108.62 -24.3098
    endloop
  endfacet
  facet normal -0.359611 -0.894212 -0.266579
    outer loop
      vertex 33.5482 108.846 -24.4405
      vertex 34.4078 128.284 -90.8028
      vertex 33.7951 108.729 -24.3811
    endloop
  endfacet
  facet normal -0.361207 -0.893615 -0.266425
    outer loop
      vertex 34.4078 128.284 -90.8028
      vertex 33.5482 108.846 -24.4405
      vertex 33.4736 108.88 -24.4534
    endloop
  endfacet
  facet normal -0.629262 -0.742681 -0.229029
    outer loop
      vertex 40.7098 124.824 -91.9271
      vertex 38.3678 103.05 -14.885
      vertex 37.229 103.927 -14.6
    endloop
  endfacet
  facet normal -0.000391582 -0.309546 0.950884
    outer loop
      vertex 40.7098 124.824 -91.9271
      vertex 39.2862 125.92 -91.5709
      vertex 37.75 126.869 -91.2626
    endloop
  endfacet
  facet normal 0.00151308 -0.30856 0.951204
    outer loop
      vertex 46.1176 115.916 -94.8215
      vertex 45.6435 117.599 -94.2748
      vertex 44.987 119.225 -93.7463
    endloop
  endfacet
  facet normal -0.965933 -0.246049 -0.0802053
    outer loop
      vertex 46.1176 115.916 -94.8215
      vertex 46.1176 115.885 -94.7264
      vertex 45.6435 117.599 -94.2748
    endloop
  endfacet
  facet normal -0.890981 -0.431685 -0.140718
    outer loop
      vertex 44.1554 120.777 -93.242
      vertex 44.987 119.194 -93.6512
      vertex 44.1554 120.746 -93.1469
    endloop
  endfacet
  facet normal -0.707146 -0.674497 -0.212129
    outer loop
      vertex 40.7098 124.824 -91.9271
      vertex 42.005 123.592 -92.3274
      vertex 39.404 102.064 -15.2052
    endloop
  endfacet
  facet normal -0.155999 -0.913143 -0.37661
    outer loop
      vertex 30.4634 106.366 -13.7023
      vertex 31.529 99.5016 2.5
      vertex 30.4221 99.6907 2.5
    endloop
  endfacet
  facet normal -0.052211 -0.923294 -0.380529
    outer loop
      vertex 29 106.439 -13.6786
      vertex 29.3077 99.7537 2.5
      vertex 29 99.7711 2.5
    endloop
  endfacet
  facet normal -0.0522201 -0.923293 -0.380529
    outer loop
      vertex 29.3077 99.7537 2.5
      vertex 29 106.439 -13.6786
      vertex 30.4634 106.366 -13.7023
    endloop
  endfacet
  facet normal -0.544645 0.797539 0.25941
    outer loop
      vertex 39.2862 98.9597 -100.226
      vertex 37.75 98.0417 -100.629
      vertex 37.75 98.0108 -100.534
    endloop
  endfacet
  facet normal 0.000208821 -0.309182 0.951003
    outer loop
      vertex 40.7098 100.087 -99.9647
      vertex 43.1578 102.673 -99.1245
      vertex 37.75 98.0417 -100.629
    endloop
  endfacet
  facet normal 0.000553494 -0.309354 0.950947
    outer loop
      vertex 44.1554 104.134 -98.6498
      vertex 44.987 105.686 -98.1454
      vertex 43.1578 102.673 -99.1245
    endloop
  endfacet
  facet normal -0.890984 0.431679 0.140715
    outer loop
      vertex 44.987 105.686 -98.1454
      vertex 44.1554 104.134 -98.6498
      vertex 44.1554 104.103 -98.5547
    endloop
  endfacet
  facet normal -0.454117 -0.847074 -0.276123
    outer loop
      vertex 36 104.686 -14.3533
      vertex 36 104.655 -14.2582
      vertex 34.6943 105.288 -14.0527
    endloop
  endfacet
  facet normal -0.544622 -0.797387 -0.259926
    outer loop
      vertex 36 104.686 -14.3533
      vertex 37.229 103.896 -14.5049
      vertex 36 104.655 -14.2582
    endloop
  endfacet
  facet normal -0.705794 -0.652441 -0.276
    outer loop
      vertex 38.3678 103.019 -14.7898
      vertex 38.936 95.0903 2.5
      vertex 38.0861 96.0097 2.5
    endloop
  endfacet
  facet normal -0.628027 -0.717565 -0.301134
    outer loop
      vertex 38.3678 103.019 -14.7898
      vertex 38.0861 96.0097 2.5
      vertex 37.1773 96.8051 2.5
    endloop
  endfacet
  facet normal -0.998629 -0.0497687 -0.0162232
    outer loop
      vertex 46.4041 114.195 -95.3806
      vertex 46.5 112.455 -95.9459
      vertex 46.4041 114.164 -95.2855
    endloop
  endfacet
  facet normal -0.000328087 -0.309004 0.951061
    outer loop
      vertex 46.5 112.455 -95.9459
      vertex 46.4041 114.195 -95.3806
      vertex 46.1176 108.995 -97.0702
    endloop
  endfacet
  facet normal -0.707273 -0.672199 -0.218888
    outer loop
      vertex 39.404 102.064 -15.2052
      vertex 38.3678 103.019 -14.7898
      vertex 38.3678 103.05 -14.885
    endloop
  endfacet
  facet normal -0.706946 -0.674502 -0.212777
    outer loop
      vertex 38.3678 103.019 -14.7898
      vertex 39.404 102.064 -15.2052
      vertex 39.404 102.034 -15.1101
    endloop
  endfacet
  facet normal -0.707258 -0.674388 -0.212099
    outer loop
      vertex 40.7098 124.824 -91.9271
      vertex 39.404 102.064 -15.2052
      vertex 38.3678 103.05 -14.885
    endloop
  endfacet
  facet normal -0.155981 -0.913145 -0.376612
    outer loop
      vertex 31.9108 106.148 -13.7732
      vertex 31.529 99.5016 2.5
      vertex 30.4634 106.366 -13.7023
    endloop
  endfacet
  facet normal -0.155956 -0.913149 -0.376613
    outer loop
      vertex 31.529 99.5016 2.5
      vertex 31.9108 106.148 -13.7732
      vertex 31.8282 99.4505 2.5
    endloop
  endfacet
  facet normal -0.15643 -0.939057 -0.306107
    outer loop
      vertex 31.9108 106.179 -13.8683
      vertex 31.9108 106.148 -13.7732
      vertex 30.4634 106.366 -13.7023
    endloop
  endfacet
  facet normal -0.453995 0.84731 0.275599
    outer loop
      vertex 37.75 98.0417 -100.629
      vertex 36.1179 97.2508 -100.886
      vertex 36.1179 97.2199 -100.791
    endloop
  endfacet
  facet normal -0.358382 0.887793 0.288766
    outer loop
      vertex 36.1179 97.2508 -100.886
      vertex 34.4078 96.5956 -100.994
      vertex 36.1179 97.2199 -100.791
    endloop
  endfacet
  facet normal -0.358382 0.887793 0.288766
    outer loop
      vertex 34.4078 96.5956 -100.994
      vertex 36.1179 97.2508 -100.886
      vertex 34.4078 96.6265 -101.089
    endloop
  endfacet
  facet normal -0.707162 0.672238 0.219131
    outer loop
      vertex 42.005 101.288 -99.4693
      vertex 40.7098 100.087 -99.9647
      vertex 40.7098 100.056 -99.8696
    endloop
  endfacet
  facet normal 0.0011457 -0.310408 0.950603
    outer loop
      vertex 39.2862 98.9906 -100.321
      vertex 40.7098 100.087 -99.9647
      vertex 37.75 98.0417 -100.629
    endloop
  endfacet
  facet normal -0.000306815 -0.308467 0.951235
    outer loop
      vertex 36.1179 97.2508 -100.886
      vertex 37.75 98.0417 -100.629
      vertex 34.4078 96.6265 -101.089
    endloop
  endfacet
  facet normal -0.627679 0.759706 0.169901
    outer loop
      vertex 38.1845 78.4304 -12.5
      vertex 39.2862 98.9597 -100.226
      vertex 37.2132 77.6279 -12.5
    endloop
  endfacet
  facet normal -0.627599 0.759769 0.169915
    outer loop
      vertex 38.0333 75.6122 -0.457541
      vertex 37.0248 75.6898 -4.52952
      vertex 36.9351 74.7665 -0.732341
    endloop
  endfacet
  facet normal -0.627645 0.759729 0.169926
    outer loop
      vertex 38.0333 75.6122 -0.457541
      vertex 37.1746 75.8396 -4.64596
      vertex 37.0248 75.6898 -4.52952
    endloop
  endfacet
  facet normal -0.627619 0.759751 0.169922
    outer loop
      vertex 38.0333 75.6122 -0.457541
      vertex 37.8992 76.7344 -5.97041
      vertex 37.1746 75.8396 -4.64596
    endloop
  endfacet
  facet normal -0.627521 0.759828 0.169935
    outer loop
      vertex 37.8992 76.7344 -5.97041
      vertex 38.0333 75.6122 -0.457541
      vertex 38.111 77.0605 -6.64638
    endloop
  endfacet
  facet normal -0.543018 0.818801 0.186271
    outer loop
      vertex 39.2862 98.9597 -100.226
      vertex 37.0312 77.5072 -12.5
      vertex 37.2132 77.6279 -12.5
    endloop
  endfacet
  facet normal -0.543085 0.818759 0.186259
    outer loop
      vertex 37.0312 77.5072 -12.5
      vertex 39.2862 98.9597 -100.226
      vertex 37.75 98.0108 -100.534
    endloop
  endfacet
  facet normal -0.542918 0.818864 0.186285
    outer loop
      vertex 37.0248 75.6898 -4.52952
      vertex 36.9654 75.6304 -4.44153
      vertex 36.9351 74.7665 -0.732341
    endloop
  endfacet
  facet normal -0.000140903 -0.308882 0.9511
    outer loop
      vertex 42.005 101.319 -99.5644
      vertex 43.1578 102.673 -99.1245
      vertex 40.7098 100.087 -99.9647
    endloop
  endfacet
  facet normal -0.777163 0.598314 0.195034
    outer loop
      vertex 43.1578 102.673 -99.1245
      vertex 42.005 101.319 -99.5644
      vertex 42.005 101.288 -99.4693
    endloop
  endfacet
  facet normal -0.629331 0.739027 0.240378
    outer loop
      vertex 40.7098 100.087 -99.9647
      vertex 39.2862 98.9906 -100.321
      vertex 39.2862 98.9597 -100.226
    endloop
  endfacet
  facet normal -0.544645 0.797539 0.25941
    outer loop
      vertex 39.2862 98.9597 -100.226
      vertex 39.2862 98.9906 -100.321
      vertex 37.75 98.0417 -100.629
    endloop
  endfacet
  facet normal -0.998628 -0.0523719 -0
    outer loop
      vertex 40 83.2 2.5
      vertex 39.9397 84.3498 2.38148
      vertex 40 83.2 2.00788
    endloop
  endfacet
  facet normal -0.998628 -0.0523719 0
    outer loop
      vertex 39.9397 84.3498 2.38148
      vertex 40 83.2 2.5
      vertex 39.9397 84.3498 2.5
    endloop
  endfacet
  facet normal -0.987721 -0.156227 0
    outer loop
      vertex 39.9397 84.3498 2.38148
      vertex 39.9397 84.3498 2.5
      vertex 39.882 84.7146 2.5
    endloop
  endfacet
  facet normal -0.891014 0.453975 0
    outer loop
      vertex 38.5263 77.7 -12.5
      vertex 39.049 78.7259 -9.97455
      vertex 39.049 78.7259 -12.5
    endloop
  endfacet
  facet normal -0.891014 0.453975 0
    outer loop
      vertex 39.049 78.7259 -9.97455
      vertex 38.5263 77.7 -12.5
      vertex 38.5263 77.7 -7.71568
    endloop
  endfacet
  facet normal -0.891014 0.453975 0
    outer loop
      vertex 38.5263 77.7 2.5
      vertex 39.049 78.7259 0.554156
      vertex 38.5263 77.7 0.220822
    endloop
  endfacet
  facet normal -0.891014 0.453975 0
    outer loop
      vertex 39.049 78.7259 0.554156
      vertex 38.5263 77.7 2.5
      vertex 39.049 78.7259 2.5
    endloop
  endfacet
  facet normal -0.707107 0.707107 0
    outer loop
      vertex 36.3604 75.0254 -12.5
      vertex 37.1746 75.8396 -4.64596
      vertex 37.1746 75.8396 -12.5
    endloop
  endfacet
  facet normal -0.707107 0.707107 0
    outer loop
      vertex 37.1746 75.8396 -4.64596
      vertex 36.3604 75.0254 -12.5
      vertex 37.0248 75.6898 -4.52952
    endloop
  endfacet
  facet normal -0.707107 0.707107 1.25544e-14
    outer loop
      vertex 37.0248 75.6898 -4.52952
      vertex 36.3604 75.0254 -12.5
      vertex 36.9654 75.6304 -4.44153
    endloop
  endfacet
  facet normal -0.707107 0.707107 0
    outer loop
      vertex 36.9654 75.6304 -4.44153
      vertex 36.3604 75.0254 -12.5
      vertex 36.3604 75.0254 -3.5461
    endloop
  endfacet
  facet normal -0.707107 0.707107 0
    outer loop
      vertex 36.3604 75.0254 2.5
      vertex 37.1746 75.8396 -0.38367
      vertex 36.3604 75.0254 -0.648205
    endloop
  endfacet
  facet normal -0.707107 0.707107 0
    outer loop
      vertex 37.1746 75.8396 -0.38367
      vertex 36.3604 75.0254 2.5
      vertex 37.1746 75.8396 2.5
    endloop
  endfacet
  facet normal -0.965929 0.258808 0
    outer loop
      vertex 39.4616 79.8008 2.5
      vertex 39.7596 80.913 1.26478
      vertex 39.4616 79.8008 0.903417
    endloop
  endfacet
  facet normal -0.965929 0.258808 0
    outer loop
      vertex 39.7596 80.913 1.26478
      vertex 39.4616 79.8008 2.5
      vertex 39.7596 80.913 2.5
    endloop
  endfacet
  facet normal -0 0 1
    outer loop
      vertex 39.2402 79.4724 -12.5
      vertex 39.049 78.7259 -12.5
      vertex 39.3967 79.6318 -12.5
    endloop
  endfacet
  facet normal 0 0 1
    outer loop
      vertex 38.3575 78.5733 -12.5
      vertex 39.049 78.7259 -12.5
      vertex 39.2402 79.4724 -12.5
    endloop
  endfacet
  facet normal 0 0 1
    outer loop
      vertex 39.049 78.7259 -12.5
      vertex 38.3575 78.5733 -12.5
      vertex 38.5263 77.7 -12.5
    endloop
  endfacet
  facet normal -0 0 1
    outer loop
      vertex 38.1845 78.4304 -12.5
      vertex 38.5263 77.7 -12.5
      vertex 38.3575 78.5733 -12.5
    endloop
  endfacet
  facet normal 0 0 1
    outer loop
      vertex 37.2132 77.6279 -12.5
      vertex 38.5263 77.7 -12.5
      vertex 38.1845 78.4304 -12.5
    endloop
  endfacet
  facet normal 0 0 1
    outer loop
      vertex 38.5263 77.7 -12.5
      vertex 37.2132 77.6279 -12.5
      vertex 37.8992 76.7344 -12.5
    endloop
  endfacet
  facet normal -0 0 1
    outer loop
      vertex 37.0312 77.5072 -12.5
      vertex 37.8992 76.7344 -12.5
      vertex 37.2132 77.6279 -12.5
    endloop
  endfacet
  facet normal 0 0 1
    outer loop
      vertex 37.8992 76.7344 -12.5
      vertex 37.0312 77.5072 -12.5
      vertex 37.1746 75.8396 -12.5
    endloop
  endfacet
  facet normal -0 0 1
    outer loop
      vertex 35.9816 76.8111 -12.5
      vertex 37.1746 75.8396 -12.5
      vertex 37.0312 77.5072 -12.5
    endloop
  endfacet
  facet normal 0 0 1
    outer loop
      vertex 37.1746 75.8396 -12.5
      vertex 35.9816 76.8111 -12.5
      vertex 36.3604 75.0254 -12.5
    endloop
  endfacet
  facet normal -0 0 1
    outer loop
      vertex 34.8626 76.2282 -12.5
      vertex 36.3604 75.0254 -12.5
      vertex 35.9816 76.8111 -12.5
    endloop
  endfacet
  facet normal 0 0 1
    outer loop
      vertex 36.3604 75.0254 -12.5
      vertex 34.8626 76.2282 -12.5
      vertex 35.4656 74.3008 -12.5
    endloop
  endfacet
  facet normal -0 0 1
    outer loop
      vertex 34.676 76.131 -12.5
      vertex 35.4656 74.3008 -12.5
      vertex 34.8626 76.2282 -12.5
    endloop
  endfacet
  facet normal -0 0 1
    outer loop
      vertex 34.4815 76.0547 -12.5
      vertex 35.4656 74.3008 -12.5
      vertex 34.676 76.131 -12.5
    endloop
  endfacet
  facet normal 0 0 1
    outer loop
      vertex 35.4656 74.3008 -12.5
      vertex 34.4815 76.0547 -12.5
      vertex 34.5 73.6737 -12.5
    endloop
  endfacet
  facet normal -0 0 1
    outer loop
      vertex 33.3103 75.5948 -12.5
      vertex 34.5 73.6737 -12.5
      vertex 34.4815 76.0547 -12.5
    endloop
  endfacet
  facet normal 0 0 1
    outer loop
      vertex 34.5 73.6737 -12.5
      vertex 33.3103 75.5948 -12.5
      vertex 33.4741 73.151 -12.5
    endloop
  endfacet
  facet normal -0 0 1
    outer loop
      vertex 32.0958 75.2618 -12.5
      vertex 33.4741 73.151 -12.5
      vertex 33.3103 75.5948 -12.5
    endloop
  endfacet
  facet normal 0 0 1
    outer loop
      vertex 33.4741 73.151 -12.5
      vertex 32.0958 75.2618 -12.5
      vertex 32.3992 72.7384 -12.5
    endloop
  endfacet
  facet normal -0 0 1
    outer loop
      vertex 31.8991 75.2078 -12.5
      vertex 32.3992 72.7384 -12.5
      vertex 32.0958 75.2618 -12.5
    endloop
  endfacet
  facet normal -0 0 1
    outer loop
      vertex 31.6984 75.1753 -12.5
      vertex 32.3992 72.7384 -12.5
      vertex 31.8991 75.2078 -12.5
    endloop
  endfacet
  facet normal 0 0 1
    outer loop
      vertex 31.6984 75.1753 -12.5
      vertex 31.287 72.4404 -12.5
      vertex 32.3992 72.7384 -12.5
    endloop
  endfacet
  facet normal -0 0 1
    outer loop
      vertex 30.4572 74.9741 -12.5
      vertex 31.287 72.4404 -12.5
      vertex 31.6984 75.1753 -12.5
    endloop
  endfacet
  facet normal 0 0 1
    outer loop
      vertex 30.1498 72.2603 -12.5
      vertex 30.4572 74.9741 -12.5
      vertex 30.2556 74.9632 -12.5
    endloop
  endfacet
  facet normal 0 0 1
    outer loop
      vertex 30.4572 74.9741 -12.5
      vertex 30.1498 72.2603 -12.5
      vertex 31.287 72.4404 -12.5
    endloop
  endfacet
  facet normal -0 0 1
    outer loop
      vertex 29 74.8959 -12.5
      vertex 30.1498 72.2603 -12.5
      vertex 30.2556 74.9632 -12.5
    endloop
  endfacet
  facet normal 0 0 1
    outer loop
      vertex 30.1498 72.2603 -12.5
      vertex 29 74.8959 -12.5
      vertex 29 72.2 -12.5
    endloop
  endfacet
  facet normal -0.358369 0.93358 0
    outer loop
      vertex 33.4741 73.151 -1.70989
      vertex 33.4741 73.151 -12.5
      vertex 33.1766 73.0368 -1.72113
    endloop
  endfacet
  facet normal -0.358356 0.933585 0
    outer loop
      vertex 32.9317 72.9428 -1.32489
      vertex 33.4741 73.151 2.5
      vertex 33.4741 73.151 -1.25724
    endloop
  endfacet
  facet normal -0.358356 0.933585 1.36244e-08
    outer loop
      vertex 33.4741 73.151 2.5
      vertex 32.9317 72.9428 -1.32489
      vertex 32.3992 72.7384 2.5
    endloop
  endfacet
  facet normal -0.358278 0.933615 1.25666e-05
    outer loop
      vertex 32.6646 72.8403 -1.3582
      vertex 32.3992 72.7384 2.5
      vertex 32.9317 72.9428 -1.32489
    endloop
  endfacet
  facet normal -0.358525 0.93352 -6.95359e-06
    outer loop
      vertex 32.4576 72.7608 -1.38402
      vertex 32.3992 72.7384 2.5
      vertex 32.6646 72.8403 -1.3582
    endloop
  endfacet
  facet normal -0.358356 0.933585 4.09333e-07
    outer loop
      vertex 32.3992 72.7384 -12.5
      vertex 33.1766 73.0368 -1.72113
      vertex 33.4741 73.151 -12.5
    endloop
  endfacet
  facet normal -0.358122 0.933675 0
    outer loop
      vertex 32.4576 72.7608 -1.38402
      vertex 32.3992 72.7384 -12.5
      vertex 32.3992 72.7384 2.5
    endloop
  endfacet
  facet normal -0.358369 0.93358 1.49148e-06
    outer loop
      vertex 33.1766 73.0368 -1.72113
      vertex 32.3992 72.7384 -12.5
      vertex 32.4576 72.7608 -1.38402
    endloop
  endfacet
  facet normal -0.156422 0.98769 0
    outer loop
      vertex 31.287 72.4404 -12.5
      vertex 30.1498 72.2603 2.5
      vertex 31.287 72.4404 2.5
    endloop
  endfacet
  facet normal -0.156422 0.98769 0
    outer loop
      vertex 30.1498 72.2603 2.5
      vertex 31.287 72.4404 -12.5
      vertex 30.1498 72.2603 -12.5
    endloop
  endfacet
  facet normal -0.258808 0.965929 0
    outer loop
      vertex 32.3992 72.7384 -12.5
      vertex 31.287 72.4404 2.5
      vertex 32.3992 72.7384 2.5
    endloop
  endfacet
  facet normal -0.258808 0.965929 0
    outer loop
      vertex 31.287 72.4404 2.5
      vertex 32.3992 72.7384 -12.5
      vertex 31.287 72.4404 -12.5
    endloop
  endfacet
  facet normal -0.453975 0.891014 0
    outer loop
      vertex 33.4741 73.151 -12.5
      vertex 34.5 73.6737 -2.22572
      vertex 34.5 73.6737 -12.5
    endloop
  endfacet
  facet normal -0.450968 0.89254 -0.00037787
    outer loop
      vertex 34.5 73.6737 -2.22572
      vertex 33.4741 73.151 -12.5
      vertex 34.4901 73.6687 -2.22073
    endloop
  endfacet
  facet normal -0.454006 0.890999 0
    outer loop
      vertex 34.4901 73.6687 -2.22073
      vertex 33.4741 73.151 -12.5
      vertex 33.4741 73.151 -1.70989
    endloop
  endfacet
  facet normal -0.453975 0.891014 0
    outer loop
      vertex 34.5 73.6737 -1.08739
      vertex 33.4741 73.151 2.5
      vertex 34.5 73.6737 2.5
    endloop
  endfacet
  facet normal -0.453975 0.891014 0
    outer loop
      vertex 33.4741 73.151 2.5
      vertex 34.5 73.6737 -1.08739
      vertex 33.4741 73.151 -1.25724
    endloop
  endfacet
  facet normal -0.629323 0.777144 0
    outer loop
      vertex 35.4656 74.3008 -12.5
      vertex 36.3604 75.0254 -3.5461
      vertex 36.3604 75.0254 -12.5
    endloop
  endfacet
  facet normal -0.629291 0.77717 -5.29632e-06
    outer loop
      vertex 36.3604 75.0254 -3.5461
      vertex 35.4656 74.3008 -12.5
      vertex 35.7944 74.5671 -3.18158
    endloop
  endfacet
  facet normal -0.629382 0.777096 0
    outer loop
      vertex 35.7944 74.5671 -3.18158
      vertex 35.4656 74.3008 -12.5
      vertex 35.4656 74.3008 -2.76919
    endloop
  endfacet
  facet normal -0.629323 0.777144 0
    outer loop
      vertex 36.3604 75.0254 -0.648205
      vertex 35.4656 74.3008 2.5
      vertex 36.3604 75.0254 2.5
    endloop
  endfacet
  facet normal -0.629304 0.777159 9.07035e-06
    outer loop
      vertex 36.1244 74.8343 -0.710312
      vertex 35.4656 74.3008 2.5
      vertex 36.3604 75.0254 -0.648205
    endloop
  endfacet
  facet normal -0.629357 0.777117 -8.84866e-06
    outer loop
      vertex 35.9845 74.721 -0.747112
      vertex 35.4656 74.3008 2.5
      vertex 36.1244 74.8343 -0.710312
    endloop
  endfacet
  facet normal -0.62928 0.777179 1.14096e-05
    outer loop
      vertex 35.6771 74.4721 -0.827993
      vertex 35.4656 74.3008 2.5
      vertex 35.9845 74.721 -0.747112
    endloop
  endfacet
  facet normal -0.629388 0.777091 0
    outer loop
      vertex 35.4656 74.3008 2.5
      vertex 35.6771 74.4721 -0.827993
      vertex 35.4656 74.3008 -0.88364
    endloop
  endfacet
  facet normal -0.544659 0.838658 0
    outer loop
      vertex 34.5 73.6737 -12.5
      vertex 35.4656 74.3008 -2.76919
      vertex 35.4656 74.3008 -12.5
    endloop
  endfacet
  facet normal -0.544647 0.838665 -1.65449e-06
    outer loop
      vertex 35.4656 74.3008 -2.76919
      vertex 34.5 73.6737 -12.5
      vertex 34.5263 73.6908 -2.24495
    endloop
  endfacet
  facet normal -0.543836 0.839191 -4.61074e-06
    outer loop
      vertex 34.5263 73.6908 -2.24495
      vertex 34.5 73.6737 -12.5
      vertex 34.5084 73.6792 -2.23496
    endloop
  endfacet
  facet normal -0.547786 0.836619 0
    outer loop
      vertex 34.5084 73.6792 -2.23496
      vertex 34.5 73.6737 -12.5
      vertex 34.5 73.6737 -2.22572
    endloop
  endfacet
  facet normal -0.544659 0.838658 0
    outer loop
      vertex 35.4656 74.3008 -0.88364
      vertex 34.5 73.6737 2.5
      vertex 35.4656 74.3008 2.5
    endloop
  endfacet
  facet normal -0.544698 0.838632 -1.61245e-05
    outer loop
      vertex 35.0556 74.0345 -0.970164
      vertex 34.5 73.6737 2.5
      vertex 35.4656 74.3008 -0.88364
    endloop
  endfacet
  facet normal -0.544628 0.838678 0
    outer loop
      vertex 34.5 73.6737 2.5
      vertex 35.0556 74.0345 -0.970164
      vertex 34.5 73.6737 -1.08739
    endloop
  endfacet
  facet normal -0.777144 0.629323 0
    outer loop
      vertex 37.1746 75.8396 -12.5
      vertex 37.8992 76.7344 -5.97041
      vertex 37.8992 76.7344 -12.5
    endloop
  endfacet
  facet normal -0.777144 0.629323 0
    outer loop
      vertex 37.8992 76.7344 -5.97041
      vertex 37.1746 75.8396 -12.5
      vertex 37.1746 75.8396 -4.64596
    endloop
  endfacet
  facet normal -0.777122 0.62935 1.54824e-05
    outer loop
      vertex 37.1746 75.8396 2.5
      vertex 37.8992 76.7344 -0.0929326
      vertex 37.5606 76.3163 -0.228773
    endloop
  endfacet
  facet normal -0.777165 0.629297 0
    outer loop
      vertex 37.1746 75.8396 2.5
      vertex 37.5606 76.3163 -0.228773
      vertex 37.1746 75.8396 -0.38367
    endloop
  endfacet
  facet normal -0.777144 0.629323 0
    outer loop
      vertex 37.8992 76.7344 -0.0929326
      vertex 37.1746 75.8396 2.5
      vertex 37.8992 76.7344 2.5
    endloop
  endfacet
  facet normal -0.838658 0.544659 0
    outer loop
      vertex 37.8992 76.7344 -12.5
      vertex 38.5263 77.7 -7.71568
      vertex 38.5263 77.7 -12.5
    endloop
  endfacet
  facet normal -0.838617 0.544722 -1.81292e-05
    outer loop
      vertex 38.5263 77.7 -7.71568
      vertex 37.8992 76.7344 -12.5
      vertex 38.2082 77.2103 -6.95677
    endloop
  endfacet
  facet normal -0.838853 0.544357 2.63468e-05
    outer loop
      vertex 38.2082 77.2103 -6.95677
      vertex 37.8992 76.7344 -12.5
      vertex 38.111 77.0605 -6.64638
    endloop
  endfacet
  facet normal -0.838637 0.54469 0
    outer loop
      vertex 38.111 77.0605 -6.64638
      vertex 37.8992 76.7344 -12.5
      vertex 37.8992 76.7344 -5.97041
    endloop
  endfacet
  facet normal -0.838658 0.544659 0
    outer loop
      vertex 37.8992 76.7344 2.5
      vertex 38.5263 77.7 0.220822
      vertex 37.8992 76.7344 -0.0929326
    endloop
  endfacet
  facet normal -0.838658 0.544659 0
    outer loop
      vertex 38.5263 77.7 0.220822
      vertex 37.8992 76.7344 2.5
      vertex 38.5263 77.7 2.5
    endloop
  endfacet
  facet normal -0.0523719 0.998628 0
    outer loop
      vertex 30.1498 72.2603 -12.5
      vertex 29 72.2 2.5
      vertex 30.1498 72.2603 2.5
    endloop
  endfacet
  facet normal -0.0523719 0.998628 0
    outer loop
      vertex 29 72.2 2.5
      vertex 30.1498 72.2603 -12.5
      vertex 29 72.2 -12.5
    endloop
  endfacet
  facet normal -0.933595 0.35833 -1.21908e-05
    outer loop
      vertex 39.049 78.7259 -12.5
      vertex 39.2184 79.1673 -11.2049
      vertex 39.3967 79.6318 -12.5
    endloop
  endfacet
  facet normal -0.933607 0.358299 0
    outer loop
      vertex 39.2184 79.1673 -11.2049
      vertex 39.049 78.7259 -12.5
      vertex 39.049 78.7259 -9.97455
    endloop
  endfacet
  facet normal -0.933585 0.358356 0
    outer loop
      vertex 39.049 78.7259 2.5
      vertex 39.4616 79.8008 0.903417
      vertex 39.049 78.7259 0.554156
    endloop
  endfacet
  facet normal -0.933585 0.358356 0
    outer loop
      vertex 39.4616 79.8008 0.903417
      vertex 39.049 78.7259 2.5
      vertex 39.4616 79.8008 2.5
    endloop
  endfacet
  facet normal -0.98769 0.156422 0
    outer loop
      vertex 39.7596 80.913 2.5
      vertex 39.9397 82.0502 1.63428
      vertex 39.7596 80.913 1.26478
    endloop
  endfacet
  facet normal -0.98769 0.156422 0
    outer loop
      vertex 39.9397 82.0502 1.63428
      vertex 39.7596 80.913 2.5
      vertex 39.9397 82.0502 2.5
    endloop
  endfacet
  facet normal -0.998649 0.0519705 0
    outer loop
      vertex 39.9949 83.102 1.97604
      vertex 40 83.2 2.5
      vertex 40 83.2 2.00788
    endloop
  endfacet
  facet normal -0.998626 0.0523974 -2.40201e-05
    outer loop
      vertex 39.9397 82.0502 2.5
      vertex 39.9949 83.102 1.97604
      vertex 39.9494 82.2347 1.69423
    endloop
  endfacet
  facet normal -0.998621 0.052502 0
    outer loop
      vertex 39.9397 82.0502 2.5
      vertex 39.9494 82.2347 1.69423
      vertex 39.9397 82.0502 1.63428
    endloop
  endfacet
  facet normal -0.998628 0.0523719 -7.52888e-05
    outer loop
      vertex 39.9949 83.102 1.97604
      vertex 39.9397 82.0502 2.5
      vertex 40 83.2 2.5
    endloop
  endfacet
  facet normal -0.998626 0.0161752 -0.0498464
    outer loop
      vertex 33.9726 74.5409 -21.4431
      vertex 33.9938 77.7952 -20.8118
      vertex 33.9848 74.5995 -21.6685
    endloop
  endfacet
  facet normal -0.998635 0.0161434 -0.0496823
    outer loop
      vertex 33.9938 77.7952 -20.8118
      vertex 33.9726 74.5409 -21.4431
      vertex 33.9726 77.6954 -20.4181
    endloop
  endfacet
  facet normal -0.998631 0.0161668 -0.0497539
    outer loop
      vertex 33.9848 74.5995 -21.6685
      vertex 34 77.8241 -20.9258
      vertex 34 74.6727 -21.9498
    endloop
  endfacet
  facet normal -0.998607 0.0162663 -0.0501866
    outer loop
      vertex 34 77.8241 -20.9258
      vertex 33.9848 74.5995 -21.6685
      vertex 33.9938 77.7952 -20.8118
    endloop
  endfacet
  facet normal -0.0524636 0.30857 -0.949754
    outer loop
      vertex 29.144 75.8054 -16.3324
      vertex 29.5226 72.782 -17.3356
      vertex 29.311 72.7688 -17.3282
    endloop
  endfacet
  facet normal -0.0521875 0.308606 -0.949757
    outer loop
      vertex 29.5226 72.782 -17.3356
      vertex 29.144 75.8054 -16.3324
      vertex 29.5226 75.8288 -16.3456
    endloop
  endfacet
  facet normal -0.629277 -0.240158 0.739145
    outer loop
      vertex 32.0035 78.1636 -25.0138
      vertex 32.3457 75.163 -25.6974
      vertex 32.3457 78.1875 -24.7147
    endloop
  endfacet
  facet normal -0.628927 -0.240254 0.739411
    outer loop
      vertex 31.9389 75.1806 -26.038
      vertex 32.0035 78.1636 -25.0138
      vertex 31.9389 78.1659 -25.068
    endloop
  endfacet
  facet normal -0.629262 -0.240159 0.739157
    outer loop
      vertex 32.0035 78.1636 -25.0138
      vertex 31.9389 75.1806 -26.038
      vertex 32.3457 75.163 -25.6974
    endloop
  endfacet
  facet normal -0.838778 -0.16826 0.517822
    outer loop
      vertex 33.1751 75.1165 -24.6852
      vertex 33.0451 78.1881 -23.8977
      vertex 33.0451 75.1312 -24.891
    endloop
  endfacet
  facet normal -0.838716 -0.168281 0.517915
    outer loop
      vertex 33.2154 75.112 -24.6214
      vertex 33.0451 78.1881 -23.8977
      vertex 33.1751 75.1165 -24.6852
    endloop
  endfacet
  facet normal -0.838711 -0.168283 0.517924
    outer loop
      vertex 33.0451 78.1881 -23.8977
      vertex 33.2154 75.112 -24.6214
      vertex 33.1247 78.1804 -23.7713
    endloop
  endfacet
  facet normal -0.933572 0.110746 -0.340849
    outer loop
      vertex 33.7553 74.2413 -20.4653
      vertex 33.6097 77.2443 -19.0908
      vertex 33.7553 77.3837 -19.4443
    endloop
  endfacet
  facet normal -0.93358 0.110737 -0.340831
    outer loop
      vertex 33.6097 77.2443 -19.0908
      vertex 33.7553 74.2413 -20.4653
      vertex 33.6714 74.1677 -20.2594
    endloop
  endfacet
  facet normal -0.156313 0.305228 -0.939363
    outer loop
      vertex 29.5226 75.8288 -16.3456
      vertex 29.733 72.8005 -17.3646
      vertex 29.5226 72.782 -17.3356
    endloop
  endfacet
  facet normal -0.156417 0.305216 -0.939349
    outer loop
      vertex 29.733 72.8005 -17.3646
      vertex 29.5226 75.8288 -16.3456
      vertex 29.8989 75.8613 -16.3977
    endloop
  endfacet
  facet normal -0.987669 0.0483745 -0.148893
    outer loop
      vertex 33.8907 74.3966 -20.9464
      vertex 33.9088 77.5806 -20.032
      vertex 33.936 74.4763 -21.221
    endloop
  endfacet
  facet normal -0.987675 0.0483652 -0.14886
    outer loop
      vertex 33.9088 77.5806 -20.032
      vertex 33.8907 74.3966 -20.9464
      vertex 33.8907 77.548 -19.9225
    endloop
  endfacet
  facet normal -0.707487 0.218371 -0.672143
    outer loop
      vertex 32.5564 73.4677 -18.656
      vertex 32.3457 76.4888 -17.4527
      vertex 32.4357 76.5323 -17.5333
    endloop
  endfacet
  facet normal -0.706525 0.206332 -0.676941
    outer loop
      vertex 32.3457 73.3827 -18.462
      vertex 32.5564 73.4677 -18.656
      vertex 32.5293 73.4543 -18.6318
    endloop
  endfacet
  facet normal -0.707227 0.218484 -0.67238
    outer loop
      vertex 32.5564 73.4677 -18.656
      vertex 32.3457 73.3827 -18.462
      vertex 32.3457 76.4888 -17.4527
    endloop
  endfacet
  facet normal -0.998628 -0.0161797 0.0497974
    outer loop
      vertex 34 74.6727 -21.9498
      vertex 33.9726 77.9329 -21.44
      vertex 33.9726 74.7905 -22.461
    endloop
  endfacet
  facet normal -0.998629 -0.0161786 0.0497903
    outer loop
      vertex 33.9726 77.9329 -21.44
      vertex 34 74.6727 -21.9498
      vertex 34 77.8241 -20.9258
    endloop
  endfacet
  facet normal -0.0525192 -0.308598 0.949742
    outer loop
      vertex 29 78.0949 -26.0952
      vertex 29.5226 75.1681 -27.0173
      vertex 29.5226 78.1146 -26.0599
    endloop
  endfacet
  facet normal -0.0524563 -0.308588 0.949748
    outer loop
      vertex 29.5226 75.1681 -27.0173
      vertex 29 78.0949 -26.0952
      vertex 29 75.1486 -27.0525
    endloop
  endfacet
  facet normal -0.9877 0.0483205 -0.148709
    outer loop
      vertex 33.936 74.4763 -21.221
      vertex 33.9726 77.6954 -20.4181
      vertex 33.9726 74.5409 -21.4431
    endloop
  endfacet
  facet normal -0.98768 0.0483504 -0.14883
    outer loop
      vertex 33.9726 77.6954 -20.4181
      vertex 33.936 74.4763 -21.221
      vertex 33.9088 77.5806 -20.032
    endloop
  endfacet
  facet normal -0.838706 0.168289 -0.51793
    outer loop
      vertex 33.3301 73.9049 -19.5706
      vertex 33.0451 76.8446 -18.1539
      vertex 33.3301 77.0176 -18.5592
    endloop
  endfacet
  facet normal -0.838739 0.168264 -0.517885
    outer loop
      vertex 33.0451 76.8446 -18.1539
      vertex 33.3301 73.9049 -19.5706
      vertex 33.0451 73.7274 -19.1667
    endloop
  endfacet
  facet normal -0.454231 -0.275296 0.847282
    outer loop
      vertex 31.3446 78.1599 -25.453
      vertex 31.5 75.1828 -26.337
      vertex 31.5 78.1651 -25.368
    endloop
  endfacet
  facet normal -0.453374 -0.27538 0.847714
    outer loop
      vertex 31.5 75.1828 -26.337
      vertex 31.3446 78.1599 -25.453
      vertex 31.446 75.1812 -26.3664
    endloop
  endfacet
  facet normal -0.453974 -0.275309 0.847415
    outer loop
      vertex 31.446 75.1812 -26.3664
      vertex 31.3446 78.1599 -25.453
      vertex 31.197 75.1741 -26.5021
    endloop
  endfacet
  facet normal -0.965961 0.0799354 -0.246028
    outer loop
      vertex 33.8907 74.3966 -20.9464
      vertex 33.8608 77.5117 -19.8169
      vertex 33.8907 77.548 -19.9225
    endloop
  endfacet
  facet normal -0.965973 0.0799197 -0.245985
    outer loop
      vertex 33.8608 77.5117 -19.8169
      vertex 33.8907 74.3966 -20.9464
      vertex 33.816 74.3109 -20.6809
    endloop
  endfacet
  facet normal -0.707089 0.218519 -0.672514
    outer loop
      vertex 32.7157 73.5464 -18.7979
      vertex 32.4357 76.5323 -17.5333
      vertex 32.7157 76.6677 -17.7837
    endloop
  endfacet
  facet normal -0.707051 0.218537 -0.672547
    outer loop
      vertex 32.4357 76.5323 -17.5333
      vertex 32.7157 73.5464 -18.7979
      vertex 32.5564 73.4677 -18.656
    endloop
  endfacet
  facet normal -0.0522325 0.308606 -0.949755
    outer loop
      vertex 29 75.7965 -16.3273
      vertex 29.311 72.7688 -17.3282
      vertex 29 72.7494 -17.3174
    endloop
  endfacet
  facet normal -0.0527072 0.308554 -0.949745
    outer loop
      vertex 29.311 72.7688 -17.3282
      vertex 29 75.7965 -16.3273
      vertex 29.144 75.8054 -16.3324
    endloop
  endfacet
  facet normal -0.258854 0.298487 -0.91864
    outer loop
      vertex 30.5451 72.8851 -17.5306
      vertex 30.4741 75.9218 -16.5239
      vertex 30.5451 75.9369 -16.539
    endloop
  endfacet
  facet normal -0.258838 0.29847 -0.91865
    outer loop
      vertex 30.1766 75.8887 -16.4509
      vertex 30.5451 72.8851 -17.5306
      vertex 30.3383 72.8615 -17.48
    endloop
  endfacet
  facet normal -0.258836 0.298489 -0.918645
    outer loop
      vertex 30.5451 72.8851 -17.5306
      vertex 30.1996 75.8912 -16.4565
      vertex 30.4741 75.9218 -16.5239
    endloop
  endfacet
  facet normal -0.256302 0.298978 -0.919196
    outer loop
      vertex 30.5451 72.8851 -17.5306
      vertex 30.1766 75.8887 -16.4509
      vertex 30.1996 75.8912 -16.4565
    endloop
  endfacet
  facet normal -0.965956 0.0799357 -0.246046
    outer loop
      vertex 33.816 74.3109 -20.6809
      vertex 33.7553 77.3837 -19.4443
      vertex 33.8608 77.5117 -19.8169
    endloop
  endfacet
  facet normal -0.965932 0.079971 -0.246132
    outer loop
      vertex 33.7553 77.3837 -19.4443
      vertex 33.816 74.3109 -20.6809
      vertex 33.7553 74.2413 -20.4653
    endloop
  endfacet
  facet normal -0.156435 0.305211 -0.939348
    outer loop
      vertex 30.0396 72.8274 -17.4069
      vertex 29.8989 75.8613 -16.3977
      vertex 30.0396 75.8734 -16.4172
    endloop
  endfacet
  facet normal -0.156377 0.305216 -0.939356
    outer loop
      vertex 29.8989 75.8613 -16.3977
      vertex 30.0396 72.8274 -17.4069
      vertex 29.733 72.8005 -17.3646
    endloop
  endfacet
  facet normal -0.777124 0.194472 -0.598548
    outer loop
      vertex 33.0451 73.7274 -19.1667
      vertex 32.7157 76.6677 -17.7837
      vertex 33.0451 76.8446 -18.1539
    endloop
  endfacet
  facet normal -0.776155 0.195078 -0.599606
    outer loop
      vertex 33.0364 73.7226 -19.157
      vertex 32.7157 76.6677 -17.7837
      vertex 33.0451 73.7274 -19.1667
    endloop
  endfacet
  facet normal -0.777101 0.194493 -0.59857
    outer loop
      vertex 32.7157 76.6677 -17.7837
      vertex 33.0364 73.7226 -19.157
      vertex 32.7157 73.5464 -18.7979
    endloop
  endfacet
  facet normal -0.933628 -0.110713 0.340709
    outer loop
      vertex 33.7553 74.9793 -23.4747
      vertex 33.7082 78.0966 -22.5908
      vertex 33.6466 75.0192 -23.7596
    endloop
  endfacet
  facet normal -0.933453 -0.110835 0.341146
    outer loop
      vertex 33.7082 78.0966 -22.5908
      vertex 33.7553 74.9793 -23.4747
      vertex 33.7553 78.0859 -22.4654
    endloop
  endfacet
  facet normal -0.891081 -0.140239 0.431634
    outer loop
      vertex 33.5677 75.0482 -23.9661
      vertex 33.5053 78.1335 -23.0925
      vertex 33.4278 75.0781 -24.2452
    endloop
  endfacet
  facet normal -0.891086 -0.140236 0.431624
    outer loop
      vertex 33.5053 78.1335 -23.0925
      vertex 33.5677 75.0482 -23.9661
      vertex 33.5677 78.1285 -22.9653
    endloop
  endfacet
  facet normal -0.453831 -0.275339 0.847482
    outer loop
      vertex 31.0337 78.1494 -25.6229
      vertex 31.197 75.1741 -26.5021
      vertex 31.3446 78.1599 -25.453
    endloop
  endfacet
  facet normal -0.454473 -0.275279 0.847158
    outer loop
      vertex 31.197 75.1741 -26.5021
      vertex 31.0337 78.1494 -25.6229
      vertex 31.0337 75.1695 -26.5912
    endloop
  endfacet
  facet normal -0.156304 -0.305228 0.939364
    outer loop
      vertex 29.5226 78.1146 -26.0599
      vertex 30.0396 75.1742 -26.9293
      vertex 30.0396 78.1216 -25.9716
    endloop
  endfacet
  facet normal -0.156291 -0.305226 0.939367
    outer loop
      vertex 30.0396 75.1742 -26.9293
      vertex 29.5226 78.1146 -26.0599
      vertex 29.5226 75.1681 -27.0173
    endloop
  endfacet
  facet normal -0.890894 -0.140358 0.431982
    outer loop
      vertex 33.4278 75.0781 -24.2452
      vertex 33.3301 78.1604 -23.4452
      vertex 33.3301 75.099 -24.4399
    endloop
  endfacet
  facet normal -0.890861 -0.140373 0.432043
    outer loop
      vertex 33.3301 78.1604 -23.4452
      vertex 33.4278 75.0781 -24.2452
      vertex 33.4433 78.1385 -23.2189
    endloop
  endfacet
  facet normal -0.891124 -0.140208 0.431556
    outer loop
      vertex 33.4433 78.1385 -23.2189
      vertex 33.4278 75.0781 -24.2452
      vertex 33.5053 78.1335 -23.0925
    endloop
  endfacet
  facet normal -0.838687 -0.168292 0.517959
    outer loop
      vertex 33.3301 75.099 -24.4399
      vertex 33.1247 78.1804 -23.7713
      vertex 33.2154 75.112 -24.6214
    endloop
  endfacet
  facet normal -0.838696 -0.168289 0.517946
    outer loop
      vertex 33.1247 78.1804 -23.7713
      vertex 33.3301 75.099 -24.4399
      vertex 33.3301 78.1604 -23.4452
    endloop
  endfacet
  facet normal -0.933461 0.11085 -0.341121
    outer loop
      vertex 33.6714 74.1677 -20.2594
      vertex 33.5677 77.2042 -18.9889
      vertex 33.6097 77.2443 -19.0908
    endloop
  endfacet
  facet normal -0.933532 0.110776 -0.34095
    outer loop
      vertex 33.5677 77.2042 -18.9889
      vertex 33.6714 74.1677 -20.2594
      vertex 33.5677 74.0768 -20.005
    endloop
  endfacet
  facet normal -0.258064 0.298627 -0.918817
    outer loop
      vertex 30.0396 75.8734 -16.4172
      vertex 30.3383 72.8615 -17.48
      vertex 30.2833 72.8552 -17.4666
    endloop
  endfacet
  facet normal -0.259076 0.298465 -0.918585
    outer loop
      vertex 30.0396 75.8734 -16.4172
      vertex 30.2833 72.8552 -17.4666
      vertex 30.0396 72.8274 -17.4069
    endloop
  endfacet
  facet normal -0.259275 0.298411 -0.918546
    outer loop
      vertex 30.3383 72.8615 -17.48
      vertex 30.0396 75.8734 -16.4172
      vertex 30.1766 75.8887 -16.4509
    endloop
  endfacet
  facet normal -0.358417 0.288486 -0.88787
    outer loop
      vertex 30.5451 75.9369 -16.539
      vertex 31.0337 72.9809 -17.6967
      vertex 30.7703 72.9171 -17.6111
    endloop
  endfacet
  facet normal -0.358377 0.288494 -0.887884
    outer loop
      vertex 30.5451 75.9369 -16.539
      vertex 30.7703 72.9171 -17.6111
      vertex 30.5451 72.8851 -17.5306
    endloop
  endfacet
  facet normal -0.358334 0.28851 -0.887896
    outer loop
      vertex 31.0337 72.9809 -17.6967
      vertex 30.5451 75.9369 -16.539
      vertex 31.0337 76.0535 -16.6983
    endloop
  endfacet
  facet normal -0.45415 0.275299 -0.847324
    outer loop
      vertex 31.0337 76.0535 -16.6983
      vertex 31.5 73.1081 -17.9052
      vertex 31.2588 73.0423 -17.7973
    endloop
  endfacet
  facet normal -0.453853 0.275371 -0.84746
    outer loop
      vertex 31.0337 76.0535 -16.6983
      vertex 31.2588 73.0423 -17.7973
      vertex 31.0337 72.9809 -17.6967
    endloop
  endfacet
  facet normal -0.45399 0.275352 -0.847392
    outer loop
      vertex 31.5 73.1081 -17.9052
      vertex 31.0337 76.0535 -16.6983
      vertex 31.5 76.1782 -16.9076
    endloop
  endfacet
  facet normal -0.965895 -0.0800087 0.246265
    outer loop
      vertex 33.8326 74.9301 -23.1875
      vertex 33.7553 78.0859 -22.4654
      vertex 33.7553 74.9793 -23.4747
    endloop
  endfacet
  facet normal -0.965905 -0.0799999 0.246225
    outer loop
      vertex 33.7553 78.0859 -22.4654
      vertex 33.8326 74.9301 -23.1875
      vertex 33.7886 78.0698 -22.34
    endloop
  endfacet
  facet normal -0.545371 -0.258981 0.797182
    outer loop
      vertex 31.5 75.1828 -26.337
      vertex 31.6436 78.1654 -25.2698
      vertex 31.5729 78.1653 -25.3182
    endloop
  endfacet
  facet normal -0.544307 -0.259228 0.797828
    outer loop
      vertex 31.5 75.1828 -26.337
      vertex 31.5729 78.1653 -25.3182
      vertex 31.5 78.1651 -25.368
    endloop
  endfacet
  facet normal -0.544627 -0.259176 0.797627
    outer loop
      vertex 31.6436 78.1654 -25.2698
      vertex 31.5 75.1828 -26.337
      vertex 31.7801 75.1814 -26.1462
    endloop
  endfacet
  facet normal -0.544733 -0.259149 0.797563
    outer loop
      vertex 31.9389 78.1659 -25.068
      vertex 31.7801 75.1814 -26.1462
      vertex 31.9389 75.1806 -26.038
    endloop
  endfacet
  facet normal -0.544635 -0.259175 0.797622
    outer loop
      vertex 31.7801 75.1814 -26.1462
      vertex 31.9389 78.1659 -25.068
      vertex 31.6436 78.1654 -25.2698
    endloop
  endfacet
  facet normal -0.261574 -0.298278 0.917938
    outer loop
      vertex 30.5132 78.116 -25.84
      vertex 30.5451 75.1669 -26.7892
      vertex 30.5451 78.1188 -25.83
    endloop
  endfacet
  facet normal -0.25883 -0.298477 0.91865
    outer loop
      vertex 30.5132 78.116 -25.84
      vertex 30.1448 75.1727 -26.9001
      vertex 30.5451 75.1669 -26.7892
    endloop
  endfacet
  facet normal -0.258772 -0.298489 0.918663
    outer loop
      vertex 30.0651 78.1213 -25.9645
      vertex 30.1448 75.1727 -26.9001
      vertex 30.5132 78.116 -25.84
    endloop
  endfacet
  facet normal -0.25926 -0.29846 0.918535
    outer loop
      vertex 30.0396 75.1742 -26.9293
      vertex 30.0651 78.1213 -25.9645
      vertex 30.0396 78.1216 -25.9716
    endloop
  endfacet
  facet normal -0.259213 -0.298464 0.918546
    outer loop
      vertex 30.0651 78.1213 -25.9645
      vertex 30.0396 75.1742 -26.9293
      vertex 30.1448 75.1727 -26.9001
    endloop
  endfacet
  facet normal -0.358284 -0.288521 0.887912
    outer loop
      vertex 30.5451 78.1188 -25.83
      vertex 31.0337 75.1695 -26.5912
      vertex 31.0337 78.1494 -25.6229
    endloop
  endfacet
  facet normal -0.35817 -0.288515 0.88796
    outer loop
      vertex 31.0337 75.1695 -26.5912
      vertex 30.5451 78.1188 -25.83
      vertex 30.8036 75.156 -26.6884
    endloop
  endfacet
  facet normal -0.358385 -0.288509 0.887875
    outer loop
      vertex 30.8036 75.156 -26.6884
      vertex 30.5451 78.1188 -25.83
      vertex 30.5451 75.1669 -26.7892
    endloop
  endfacet
  facet normal -0.933472 -0.110824 0.341099
    outer loop
      vertex 33.6466 75.0192 -23.7596
      vertex 33.5677 78.1285 -22.9653
      vertex 33.5677 75.0482 -23.9661
    endloop
  endfacet
  facet normal -0.933584 -0.110755 0.340816
    outer loop
      vertex 33.5677 78.1285 -22.9653
      vertex 33.6466 75.0192 -23.7596
      vertex 33.7082 78.0966 -22.5908
    endloop
  endfacet
  facet normal -0.707168 -0.218485 0.672442
    outer loop
      vertex 32.5792 75.1422 -25.4586
      vertex 32.3457 78.1875 -24.7147
      vertex 32.3457 75.163 -25.6974
    endloop
  endfacet
  facet normal -0.707254 -0.218471 0.672355
    outer loop
      vertex 32.7157 75.1444 -25.3143
      vertex 32.3457 78.1875 -24.7147
      vertex 32.5792 75.1422 -25.4586
    endloop
  endfacet
  facet normal -0.707139 -0.218495 0.672469
    outer loop
      vertex 32.4131 78.1892 -24.6432
      vertex 32.7157 75.1444 -25.3143
      vertex 32.7157 78.1972 -24.3224
    endloop
  endfacet
  facet normal -0.70749 -0.218452 0.672114
    outer loop
      vertex 32.3457 78.1875 -24.7147
      vertex 32.7157 75.1444 -25.3143
      vertex 32.4131 78.1892 -24.6432
    endloop
  endfacet
  facet normal -0.77706 -0.194501 0.598621
    outer loop
      vertex 33.0451 75.1312 -24.891
      vertex 32.7157 78.1972 -24.3224
      vertex 32.7157 75.1444 -25.3143
    endloop
  endfacet
  facet normal -0.777107 -0.194495 0.598562
    outer loop
      vertex 32.7157 78.1972 -24.3224
      vertex 33.0451 75.1312 -24.891
      vertex 33.0451 78.1881 -23.8977
    endloop
  endfacet
  facet normal -0.987681 -0.0483533 0.148824
    outer loop
      vertex 33.9726 74.7905 -22.461
      vertex 33.8907 78.0205 -21.9551
      vertex 33.8907 74.8931 -22.9712
    endloop
  endfacet
  facet normal -0.987682 -0.0483522 0.148817
    outer loop
      vertex 33.8907 78.0205 -21.9551
      vertex 33.9726 74.7905 -22.461
      vertex 33.9726 77.9329 -21.44
    endloop
  endfacet
  facet normal -0.966019 -0.0798907 0.245815
    outer loop
      vertex 33.8907 74.8931 -22.9712
      vertex 33.7886 78.0698 -22.34
      vertex 33.8326 74.9301 -23.1875
    endloop
  endfacet
  facet normal -0.965969 -0.0799258 0.245999
    outer loop
      vertex 33.7886 78.0698 -22.34
      vertex 33.8907 74.8931 -22.9712
      vertex 33.8907 78.0205 -21.9551
    endloop
  endfacet
  facet normal -0.62891 0.240268 -0.739421
    outer loop
      vertex 32.3457 73.3827 -18.462
      vertex 32.2229 76.4348 -17.3658
      vertex 32.3457 76.4888 -17.4527
    endloop
  endfacet
  facet normal -0.629299 0.240144 -0.739131
    outer loop
      vertex 31.9389 76.3099 -17.1646
      vertex 32.3457 73.3827 -18.462
      vertex 31.9389 73.2425 -18.1612
    endloop
  endfacet
  facet normal -0.62927 0.240157 -0.739151
    outer loop
      vertex 32.3457 73.3827 -18.462
      vertex 31.9389 76.3099 -17.1646
      vertex 32.2229 76.4348 -17.3658
    endloop
  endfacet
  facet normal -0.544543 0.259196 -0.797679
    outer loop
      vertex 31.685 73.1648 -18.0131
      vertex 31.6544 76.2245 -16.998
      vertex 31.8273 76.2763 -17.0992
    endloop
  endfacet
  facet normal -0.54464 0.259178 -0.797618
    outer loop
      vertex 31.5 76.1782 -16.9076
      vertex 31.685 73.1648 -18.0131
      vertex 31.5 73.1081 -17.9052
    endloop
  endfacet
  facet normal -0.544695 0.259163 -0.797585
    outer loop
      vertex 31.685 73.1648 -18.0131
      vertex 31.5 76.1782 -16.9076
      vertex 31.6544 76.2245 -16.998
    endloop
  endfacet
  facet normal -0.891047 0.14026 -0.431698
    outer loop
      vertex 33.5677 74.0768 -20.005
      vertex 33.5141 77.1607 -18.8924
      vertex 33.5677 77.2042 -18.9889
    endloop
  endfacet
  facet normal -0.891083 0.140235 -0.431631
    outer loop
      vertex 33.5141 77.1607 -18.8924
      vertex 33.5677 74.0768 -20.005
      vertex 33.4359 73.9814 -19.7639
    endloop
  endfacet
  facet normal -0.891123 0.140215 -0.431555
    outer loop
      vertex 33.4359 73.9814 -19.7639
      vertex 33.3868 77.0574 -18.6631
      vertex 33.5141 77.1607 -18.8924
    endloop
  endfacet
  facet normal -0.890732 0.140479 -0.432276
    outer loop
      vertex 33.4359 73.9814 -19.7639
      vertex 33.3301 77.0176 -18.5592
      vertex 33.3868 77.0574 -18.6631
    endloop
  endfacet
  facet normal -0.89086 0.140382 -0.432042
    outer loop
      vertex 33.3301 77.0176 -18.5592
      vertex 33.4359 73.9814 -19.7639
      vertex 33.3301 73.9049 -19.5706
    endloop
  endfacet
  facet normal -0.554144 0.257219 -0.791684
    outer loop
      vertex 31.9389 73.2425 -18.1612
      vertex 31.938 76.3095 -17.1641
      vertex 31.9389 76.3099 -17.1646
    endloop
  endfacet
  facet normal -0.545136 0.259053 -0.797319
    outer loop
      vertex 31.9389 73.2425 -18.1612
      vertex 31.8273 76.2763 -17.0992
      vertex 31.938 76.3095 -17.1641
    endloop
  endfacet
  facet normal -0.544588 0.259189 -0.79765
    outer loop
      vertex 31.8273 76.2763 -17.0992
      vertex 31.9389 73.2425 -18.1612
      vertex 31.685 73.1648 -18.0131
    endloop
  endfacet
  facet normal 0 -0.0519573 0.998649
    outer loop
      vertex 29 15.1307 32.7568
      vertex 37.1 15 32.75
      vertex 37.1 15.1307 32.7568
    endloop
  endfacet
  facet normal 0 -0.0519573 0.998649
    outer loop
      vertex 37.1 15 32.75
      vertex 29 15.1307 32.7568
      vertex 29 15 32.75
    endloop
  endfacet
  facet normal 0 -0.0519573 -0.998649
    outer loop
      vertex 29 15 35.25
      vertex 37.1 15.1307 35.2432
      vertex 37.1 15 35.25
    endloop
  endfacet
  facet normal -0 -0.0519573 -0.998649
    outer loop
      vertex 37.1 15.1307 35.2432
      vertex 29 15 35.25
      vertex 29 15.1307 35.2432
    endloop
  endfacet
  facet normal 0 0.998649 0.0519573
    outer loop
      vertex 37.1 13.7568 33.8693
      vertex 29 13.75 34
      vertex 37.1 13.75 34
    endloop
  endfacet
  facet normal 0 0.998649 0.0519573
    outer loop
      vertex 29 13.75 34
      vertex 37.1 13.7568 33.8693
      vertex 29 13.7568 33.8693
    endloop
  endfacet
  facet normal 0 -0.776978 -0.629528
    outer loop
      vertex 29 16.0113 34.7347
      vertex 37.1 15.9289 34.8364
      vertex 29 15.9289 34.8364
    endloop
  endfacet
  facet normal 0 -0.776978 -0.629528
    outer loop
      vertex 37.1 15.9289 34.8364
      vertex 29 16.0113 34.7347
      vertex 37.1 16.0113 34.7347
    endloop
  endfacet
  facet normal 0 -0.933503 -0.358569
    outer loop
      vertex 29 16.1888 34.3863
      vertex 37.1 16.1419 34.5084
      vertex 29 16.1419 34.5084
    endloop
  endfacet
  facet normal 0 -0.933503 -0.358569
    outer loop
      vertex 37.1 16.1419 34.5084
      vertex 29 16.1888 34.3863
      vertex 37.1 16.1888 34.3863
    endloop
  endfacet
  facet normal 0 -0.156708 0.987645
    outer loop
      vertex 29 15.2599 32.7773
      vertex 37.1 15.1307 32.7568
      vertex 37.1 15.2599 32.7773
    endloop
  endfacet
  facet normal 0 -0.156708 0.987645
    outer loop
      vertex 37.1 15.1307 32.7568
      vertex 29 15.2599 32.7773
      vertex 29 15.1307 32.7568
    endloop
  endfacet
  facet normal 0 -0.776978 0.629528
    outer loop
      vertex 29 15.9289 33.1636
      vertex 37.1 16.0113 33.2653
      vertex 29 16.0113 33.2653
    endloop
  endfacet
  facet normal 0 -0.776978 0.629528
    outer loop
      vertex 37.1 16.0113 33.2653
      vertex 29 15.9289 33.1636
      vertex 37.1 15.9289 33.1636
    endloop
  endfacet
  facet normal 0 -0.544424 -0.83881
    outer loop
      vertex 29 15.625 35.0825
      vertex 37.1 15.7347 35.0113
      vertex 37.1 15.625 35.0825
    endloop
  endfacet
  facet normal -0 -0.544424 -0.83881
    outer loop
      vertex 37.1 15.7347 35.0113
      vertex 29 15.625 35.0825
      vertex 29 15.7347 35.0113
    endloop
  endfacet
  facet normal 0 -0.629528 -0.776978
    outer loop
      vertex 29 15.7347 35.0113
      vertex 37.1 15.8364 34.9289
      vertex 37.1 15.7347 35.0113
    endloop
  endfacet
  facet normal -0 -0.629528 -0.776978
    outer loop
      vertex 37.1 15.8364 34.9289
      vertex 29 15.7347 35.0113
      vertex 29 15.8364 34.9289
    endloop
  endfacet
  facet normal 0 -0.891039 -0.453926
    outer loop
      vertex 29 16.1419 34.5084
      vertex 37.1 16.0825 34.625
      vertex 29 16.0825 34.625
    endloop
  endfacet
  facet normal 0 -0.891039 -0.453926
    outer loop
      vertex 37.1 16.0825 34.625
      vertex 29 16.1419 34.5084
      vertex 37.1 16.1419 34.5084
    endloop
  endfacet
  facet normal 0 -0.987645 -0.156708
    outer loop
      vertex 29 16.2432 34.1307
      vertex 37.1 16.2227 34.2599
      vertex 29 16.2227 34.2599
    endloop
  endfacet
  facet normal 0 -0.987645 -0.156708
    outer loop
      vertex 37.1 16.2227 34.2599
      vertex 29 16.2432 34.1307
      vertex 37.1 16.2432 34.1307
    endloop
  endfacet
  facet normal 0 0.987645 0.156708
    outer loop
      vertex 37.1 13.7773 33.7401
      vertex 29 13.7568 33.8693
      vertex 37.1 13.7568 33.8693
    endloop
  endfacet
  facet normal 0 0.987645 0.156708
    outer loop
      vertex 29 13.7568 33.8693
      vertex 37.1 13.7773 33.7401
      vertex 29 13.7773 33.7401
    endloop
  endfacet
  facet normal 0 -0.259042 0.965866
    outer loop
      vertex 29 15.3863 32.8112
      vertex 37.1 15.2599 32.7773
      vertex 37.1 15.3863 32.8112
    endloop
  endfacet
  facet normal 0 -0.259042 0.965866
    outer loop
      vertex 37.1 15.2599 32.7773
      vertex 29 15.3863 32.8112
      vertex 29 15.2599 32.7773
    endloop
  endfacet
  facet normal 0 -0.629528 0.776978
    outer loop
      vertex 29 15.8364 33.0711
      vertex 37.1 15.7347 32.9887
      vertex 37.1 15.8364 33.0711
    endloop
  endfacet
  facet normal 0 -0.629528 0.776978
    outer loop
      vertex 37.1 15.7347 32.9887
      vertex 29 15.8364 33.0711
      vertex 29 15.7347 32.9887
    endloop
  endfacet
  facet normal 0 -0.453926 0.891039
    outer loop
      vertex 29 15.625 32.9175
      vertex 37.1 15.5084 32.8581
      vertex 37.1 15.625 32.9175
    endloop
  endfacet
  facet normal 0 -0.453926 0.891039
    outer loop
      vertex 37.1 15.5084 32.8581
      vertex 29 15.625 32.9175
      vertex 29 15.5084 32.8581
    endloop
  endfacet
  facet normal 0 -0.965866 0.259042
    outer loop
      vertex 29 16.1888 33.6137
      vertex 37.1 16.2227 33.7401
      vertex 29 16.2227 33.7401
    endloop
  endfacet
  facet normal 0 -0.965866 0.259042
    outer loop
      vertex 37.1 16.2227 33.7401
      vertex 29 16.1888 33.6137
      vertex 37.1 16.1888 33.6137
    endloop
  endfacet
  facet normal 0 -0.933503 0.358569
    outer loop
      vertex 29 16.1419 33.4916
      vertex 37.1 16.1888 33.6137
      vertex 29 16.1888 33.6137
    endloop
  endfacet
  facet normal 0 -0.933503 0.358569
    outer loop
      vertex 37.1 16.1888 33.6137
      vertex 29 16.1419 33.4916
      vertex 37.1 16.1419 33.4916
    endloop
  endfacet
  facet normal 0 -0.987645 0.156708
    outer loop
      vertex 29 16.2227 33.7401
      vertex 37.1 16.2432 33.8693
      vertex 29 16.2432 33.8693
    endloop
  endfacet
  facet normal 0 -0.987645 0.156708
    outer loop
      vertex 37.1 16.2432 33.8693
      vertex 29 16.2227 33.7401
      vertex 37.1 16.2227 33.7401
    endloop
  endfacet
  facet normal 0 -0.83881 0.544424
    outer loop
      vertex 29 16.0113 33.2653
      vertex 37.1 16.0825 33.375
      vertex 29 16.0825 33.375
    endloop
  endfacet
  facet normal 0 -0.83881 0.544424
    outer loop
      vertex 37.1 16.0825 33.375
      vertex 29 16.0113 33.2653
      vertex 37.1 16.0113 33.2653
    endloop
  endfacet
  facet normal 0 -0.891039 0.453926
    outer loop
      vertex 29 16.0825 33.375
      vertex 37.1 16.1419 33.4916
      vertex 29 16.1419 33.4916
    endloop
  endfacet
  facet normal 0 -0.891039 0.453926
    outer loop
      vertex 37.1 16.1419 33.4916
      vertex 29 16.0825 33.375
      vertex 37.1 16.0825 33.375
    endloop
  endfacet
  facet normal 0 -0.259042 -0.965866
    outer loop
      vertex 29 15.2599 35.2227
      vertex 37.1 15.3863 35.1888
      vertex 37.1 15.2599 35.2227
    endloop
  endfacet
  facet normal -0 -0.259042 -0.965866
    outer loop
      vertex 37.1 15.3863 35.1888
      vertex 29 15.2599 35.2227
      vertex 29 15.3863 35.1888
    endloop
  endfacet
  facet normal 0 -0.707107 -0.707107
    outer loop
      vertex 29 15.9289 34.8364
      vertex 37.1 15.8364 34.9289
      vertex 29 15.8364 34.9289
    endloop
  endfacet
  facet normal 0 -0.707107 -0.707107
    outer loop
      vertex 37.1 15.8364 34.9289
      vertex 29 15.9289 34.8364
      vertex 37.1 15.9289 34.8364
    endloop
  endfacet
  facet normal 0 -0.453926 -0.891039
    outer loop
      vertex 29 15.5084 35.1419
      vertex 37.1 15.625 35.0825
      vertex 37.1 15.5084 35.1419
    endloop
  endfacet
  facet normal -0 -0.453926 -0.891039
    outer loop
      vertex 37.1 15.625 35.0825
      vertex 29 15.5084 35.1419
      vertex 29 15.625 35.0825
    endloop
  endfacet
  facet normal 0 -0.156708 -0.987645
    outer loop
      vertex 29 15.1307 35.2432
      vertex 37.1 15.2599 35.2227
      vertex 37.1 15.1307 35.2432
    endloop
  endfacet
  facet normal -0 -0.156708 -0.987645
    outer loop
      vertex 37.1 15.2599 35.2227
      vertex 29 15.1307 35.2432
      vertex 29 15.2599 35.2227
    endloop
  endfacet
  facet normal 0 -0.83881 -0.544424
    outer loop
      vertex 29 16.0825 34.625
      vertex 37.1 16.0113 34.7347
      vertex 29 16.0113 34.7347
    endloop
  endfacet
  facet normal 0 -0.83881 -0.544424
    outer loop
      vertex 37.1 16.0113 34.7347
      vertex 29 16.0825 34.625
      vertex 37.1 16.0825 34.625
    endloop
  endfacet
  facet normal 0 -0.998649 -0.0519573
    outer loop
      vertex 29 16.25 34
      vertex 37.1 16.2432 34.1307
      vertex 29 16.2432 34.1307
    endloop
  endfacet
  facet normal 0 -0.998649 -0.0519573
    outer loop
      vertex 37.1 16.2432 34.1307
      vertex 29 16.25 34
      vertex 37.1 16.25 34
    endloop
  endfacet
  facet normal -0 0.0519573 0.998649
    outer loop
      vertex 29 15 32.75
      vertex 37.1 14.8693 32.7568
      vertex 37.1 15 32.75
    endloop
  endfacet
  facet normal 0 0.0519573 0.998649
    outer loop
      vertex 37.1 14.8693 32.7568
      vertex 29 15 32.75
      vertex 29 14.8693 32.7568
    endloop
  endfacet
  facet normal 0 0.891039 0.453926
    outer loop
      vertex 37.1 13.9175 33.375
      vertex 29 13.8581 33.4916
      vertex 37.1 13.8581 33.4916
    endloop
  endfacet
  facet normal 0 0.891039 0.453926
    outer loop
      vertex 29 13.8581 33.4916
      vertex 37.1 13.9175 33.375
      vertex 29 13.9175 33.375
    endloop
  endfacet
  facet normal 0 -0.358569 0.933503
    outer loop
      vertex 29 15.5084 32.8581
      vertex 37.1 15.3863 32.8112
      vertex 37.1 15.5084 32.8581
    endloop
  endfacet
  facet normal 0 -0.358569 0.933503
    outer loop
      vertex 37.1 15.3863 32.8112
      vertex 29 15.5084 32.8581
      vertex 29 15.3863 32.8112
    endloop
  endfacet
  facet normal 0 -0.707107 0.707107
    outer loop
      vertex 29 15.8364 33.0711
      vertex 37.1 15.9289 33.1636
      vertex 29 15.9289 33.1636
    endloop
  endfacet
  facet normal 0 -0.707107 0.707107
    outer loop
      vertex 37.1 15.9289 33.1636
      vertex 29 15.8364 33.0711
      vertex 37.1 15.8364 33.0711
    endloop
  endfacet
  facet normal 0 -0.544424 0.83881
    outer loop
      vertex 29 15.7347 32.9887
      vertex 37.1 15.625 32.9175
      vertex 37.1 15.7347 32.9887
    endloop
  endfacet
  facet normal 0 -0.544424 0.83881
    outer loop
      vertex 37.1 15.625 32.9175
      vertex 29 15.7347 32.9887
      vertex 29 15.625 32.9175
    endloop
  endfacet
  facet normal 0 -0.998649 0.0519573
    outer loop
      vertex 29 16.2432 33.8693
      vertex 37.1 16.25 34
      vertex 29 16.25 34
    endloop
  endfacet
  facet normal 0 -0.998649 0.0519573
    outer loop
      vertex 37.1 16.25 34
      vertex 29 16.2432 33.8693
      vertex 37.1 16.2432 33.8693
    endloop
  endfacet
  facet normal 0 -0.358569 -0.933503
    outer loop
      vertex 29 15.3863 35.1888
      vertex 37.1 15.5084 35.1419
      vertex 37.1 15.3863 35.1888
    endloop
  endfacet
  facet normal -0 -0.358569 -0.933503
    outer loop
      vertex 37.1 15.5084 35.1419
      vertex 29 15.3863 35.1888
      vertex 29 15.5084 35.1419
    endloop
  endfacet
  facet normal 0 -0.965866 -0.259042
    outer loop
      vertex 29 16.2227 34.2599
      vertex 37.1 16.1888 34.3863
      vertex 29 16.1888 34.3863
    endloop
  endfacet
  facet normal 0 -0.965866 -0.259042
    outer loop
      vertex 37.1 16.1888 34.3863
      vertex 29 16.2227 34.2599
      vertex 37.1 16.2227 34.2599
    endloop
  endfacet
  facet normal -0 0.156708 0.987645
    outer loop
      vertex 29 14.8693 32.7568
      vertex 37.1 14.7401 32.7773
      vertex 37.1 14.8693 32.7568
    endloop
  endfacet
  facet normal 0 0.156708 0.987645
    outer loop
      vertex 37.1 14.7401 32.7773
      vertex 29 14.8693 32.7568
      vertex 29 14.7401 32.7773
    endloop
  endfacet
  facet normal 0 0.83881 0.544424
    outer loop
      vertex 37.1 13.9887 33.2653
      vertex 29 13.9175 33.375
      vertex 37.1 13.9175 33.375
    endloop
  endfacet
  facet normal 0 0.83881 0.544424
    outer loop
      vertex 29 13.9175 33.375
      vertex 37.1 13.9887 33.2653
      vertex 29 13.9887 33.2653
    endloop
  endfacet
  facet normal 0 0.707107 0.707107
    outer loop
      vertex 37.1 14.1636 33.0711
      vertex 29 14.0711 33.1636
      vertex 37.1 14.0711 33.1636
    endloop
  endfacet
  facet normal 0 0.707107 0.707107
    outer loop
      vertex 29 14.0711 33.1636
      vertex 37.1 14.1636 33.0711
      vertex 29 14.1636 33.0711
    endloop
  endfacet
  facet normal -0 0.358569 0.933503
    outer loop
      vertex 29 14.6137 32.8112
      vertex 37.1 14.4916 32.8581
      vertex 37.1 14.6137 32.8112
    endloop
  endfacet
  facet normal 0 0.358569 0.933503
    outer loop
      vertex 37.1 14.4916 32.8581
      vertex 29 14.6137 32.8112
      vertex 29 14.4916 32.8581
    endloop
  endfacet
  facet normal -0 0.544424 0.83881
    outer loop
      vertex 29 14.375 32.9175
      vertex 37.1 14.2653 32.9887
      vertex 37.1 14.375 32.9175
    endloop
  endfacet
  facet normal 0 0.544424 0.83881
    outer loop
      vertex 37.1 14.2653 32.9887
      vertex 29 14.375 32.9175
      vertex 29 14.2653 32.9887
    endloop
  endfacet
  facet normal 0 0.776978 -0.629528
    outer loop
      vertex 37.1 13.9887 34.7347
      vertex 29 14.0711 34.8364
      vertex 37.1 14.0711 34.8364
    endloop
  endfacet
  facet normal 0 0.776978 -0.629528
    outer loop
      vertex 29 14.0711 34.8364
      vertex 37.1 13.9887 34.7347
      vertex 29 13.9887 34.7347
    endloop
  endfacet
  facet normal 0 0.156708 -0.987645
    outer loop
      vertex 29 14.7401 35.2227
      vertex 37.1 14.8693 35.2432
      vertex 37.1 14.7401 35.2227
    endloop
  endfacet
  facet normal 0 0.156708 -0.987645
    outer loop
      vertex 37.1 14.8693 35.2432
      vertex 29 14.7401 35.2227
      vertex 29 14.8693 35.2432
    endloop
  endfacet
  facet normal 0 0.965866 0.259042
    outer loop
      vertex 37.1 13.8112 33.6137
      vertex 29 13.7773 33.7401
      vertex 37.1 13.7773 33.7401
    endloop
  endfacet
  facet normal 0 0.965866 0.259042
    outer loop
      vertex 29 13.7773 33.7401
      vertex 37.1 13.8112 33.6137
      vertex 29 13.8112 33.6137
    endloop
  endfacet
  facet normal 0 0.776978 0.629528
    outer loop
      vertex 37.1 14.0711 33.1636
      vertex 29 13.9887 33.2653
      vertex 37.1 13.9887 33.2653
    endloop
  endfacet
  facet normal 0 0.776978 0.629528
    outer loop
      vertex 29 13.9887 33.2653
      vertex 37.1 14.0711 33.1636
      vertex 29 14.0711 33.1636
    endloop
  endfacet
  facet normal -0 0.259042 0.965866
    outer loop
      vertex 29 14.7401 32.7773
      vertex 37.1 14.6137 32.8112
      vertex 37.1 14.7401 32.7773
    endloop
  endfacet
  facet normal 0 0.259042 0.965866
    outer loop
      vertex 37.1 14.6137 32.8112
      vertex 29 14.7401 32.7773
      vertex 29 14.6137 32.8112
    endloop
  endfacet
  facet normal -0 0.453926 0.891039
    outer loop
      vertex 29 14.4916 32.8581
      vertex 37.1 14.375 32.9175
      vertex 37.1 14.4916 32.8581
    endloop
  endfacet
  facet normal 0 0.453926 0.891039
    outer loop
      vertex 37.1 14.375 32.9175
      vertex 29 14.4916 32.8581
      vertex 29 14.375 32.9175
    endloop
  endfacet
  facet normal 0 0.998649 -0.0519573
    outer loop
      vertex 37.1 13.75 34
      vertex 29 13.7568 34.1307
      vertex 37.1 13.7568 34.1307
    endloop
  endfacet
  facet normal 0 0.998649 -0.0519573
    outer loop
      vertex 29 13.7568 34.1307
      vertex 37.1 13.75 34
      vertex 29 13.75 34
    endloop
  endfacet
  facet normal 0 0.933503 -0.358569
    outer loop
      vertex 37.1 13.8112 34.3863
      vertex 29 13.8581 34.5084
      vertex 37.1 13.8581 34.5084
    endloop
  endfacet
  facet normal 0 0.933503 -0.358569
    outer loop
      vertex 29 13.8581 34.5084
      vertex 37.1 13.8112 34.3863
      vertex 29 13.8112 34.3863
    endloop
  endfacet
  facet normal 0 0.965866 -0.259042
    outer loop
      vertex 37.1 13.7773 34.2599
      vertex 29 13.8112 34.3863
      vertex 37.1 13.8112 34.3863
    endloop
  endfacet
  facet normal 0 0.965866 -0.259042
    outer loop
      vertex 29 13.8112 34.3863
      vertex 37.1 13.7773 34.2599
      vertex 29 13.7773 34.2599
    endloop
  endfacet
  facet normal 0 0.707107 -0.707107
    outer loop
      vertex 37.1 14.0711 34.8364
      vertex 29 14.1636 34.9289
      vertex 37.1 14.1636 34.9289
    endloop
  endfacet
  facet normal 0 0.707107 -0.707107
    outer loop
      vertex 29 14.1636 34.9289
      vertex 37.1 14.0711 34.8364
      vertex 29 14.0711 34.8364
    endloop
  endfacet
  facet normal 0 0.629528 -0.776978
    outer loop
      vertex 29 14.1636 34.9289
      vertex 37.1 14.2653 35.0113
      vertex 37.1 14.1636 34.9289
    endloop
  endfacet
  facet normal 0 0.629528 -0.776978
    outer loop
      vertex 37.1 14.2653 35.0113
      vertex 29 14.1636 34.9289
      vertex 29 14.2653 35.0113
    endloop
  endfacet
  facet normal 0 0.453926 -0.891039
    outer loop
      vertex 29 14.375 35.0825
      vertex 37.1 14.4916 35.1419
      vertex 37.1 14.375 35.0825
    endloop
  endfacet
  facet normal 0 0.453926 -0.891039
    outer loop
      vertex 37.1 14.4916 35.1419
      vertex 29 14.375 35.0825
      vertex 29 14.4916 35.1419
    endloop
  endfacet
  facet normal 0 0.544424 -0.83881
    outer loop
      vertex 29 14.2653 35.0113
      vertex 37.1 14.375 35.0825
      vertex 37.1 14.2653 35.0113
    endloop
  endfacet
  facet normal 0 0.544424 -0.83881
    outer loop
      vertex 37.1 14.375 35.0825
      vertex 29 14.2653 35.0113
      vertex 29 14.375 35.0825
    endloop
  endfacet
  facet normal 0 0.358569 -0.933503
    outer loop
      vertex 29 14.4916 35.1419
      vertex 37.1 14.6137 35.1888
      vertex 37.1 14.4916 35.1419
    endloop
  endfacet
  facet normal 0 0.358569 -0.933503
    outer loop
      vertex 37.1 14.6137 35.1888
      vertex 29 14.4916 35.1419
      vertex 29 14.6137 35.1888
    endloop
  endfacet
  facet normal 0 0.259042 -0.965866
    outer loop
      vertex 29 14.6137 35.1888
      vertex 37.1 14.7401 35.2227
      vertex 37.1 14.6137 35.1888
    endloop
  endfacet
  facet normal 0 0.259042 -0.965866
    outer loop
      vertex 37.1 14.7401 35.2227
      vertex 29 14.6137 35.1888
      vertex 29 14.7401 35.2227
    endloop
  endfacet
  facet normal 0 0.0519573 -0.998649
    outer loop
      vertex 29 14.8693 35.2432
      vertex 37.1 15 35.25
      vertex 37.1 14.8693 35.2432
    endloop
  endfacet
  facet normal 0 0.0519573 -0.998649
    outer loop
      vertex 37.1 15 35.25
      vertex 29 14.8693 35.2432
      vertex 29 15 35.25
    endloop
  endfacet
  facet normal -0 0.629528 0.776978
    outer loop
      vertex 29 14.2653 32.9887
      vertex 37.1 14.1636 33.0711
      vertex 37.1 14.2653 32.9887
    endloop
  endfacet
  facet normal 0 0.629528 0.776978
    outer loop
      vertex 37.1 14.1636 33.0711
      vertex 29 14.2653 32.9887
      vertex 29 14.1636 33.0711
    endloop
  endfacet
  facet normal 0 0.891039 -0.453926
    outer loop
      vertex 37.1 13.8581 34.5084
      vertex 29 13.9175 34.625
      vertex 37.1 13.9175 34.625
    endloop
  endfacet
  facet normal 0 0.891039 -0.453926
    outer loop
      vertex 29 13.9175 34.625
      vertex 37.1 13.8581 34.5084
      vertex 29 13.8581 34.5084
    endloop
  endfacet
  facet normal 0 0.987645 -0.156708
    outer loop
      vertex 37.1 13.7568 34.1307
      vertex 29 13.7773 34.2599
      vertex 37.1 13.7773 34.2599
    endloop
  endfacet
  facet normal 0 0.987645 -0.156708
    outer loop
      vertex 29 13.7773 34.2599
      vertex 37.1 13.7568 34.1307
      vertex 29 13.7568 34.1307
    endloop
  endfacet
  facet normal -1 0 0
    outer loop
      vertex 37.1 16.2432 33.8693
      vertex 37.1 16.2432 34.1307
      vertex 37.1 16.25 34
    endloop
  endfacet
  facet normal -1 0 0
    outer loop
      vertex 37.1 16.2227 33.7401
      vertex 37.1 16.2432 34.1307
      vertex 37.1 16.2432 33.8693
    endloop
  endfacet
  facet normal -1 0 0
    outer loop
      vertex 37.1 16.2227 33.7401
      vertex 37.1 16.2227 34.2599
      vertex 37.1 16.2432 34.1307
    endloop
  endfacet
  facet normal -1 0 0
    outer loop
      vertex 37.1 16.1888 33.6137
      vertex 37.1 16.2227 34.2599
      vertex 37.1 16.2227 33.7401
    endloop
  endfacet
  facet normal -1 0 0
    outer loop
      vertex 37.1 16.1888 33.6137
      vertex 37.1 16.1888 34.3863
      vertex 37.1 16.2227 34.2599
    endloop
  endfacet
  facet normal -1 0 0
    outer loop
      vertex 37.1 16.1419 33.4916
      vertex 37.1 16.1888 34.3863
      vertex 37.1 16.1888 33.6137
    endloop
  endfacet
  facet normal -1 0 0
    outer loop
      vertex 37.1 16.1419 33.4916
      vertex 37.1 16.1419 34.5084
      vertex 37.1 16.1888 34.3863
    endloop
  endfacet
  facet normal -1 0 0
    outer loop
      vertex 37.1 16.0825 33.375
      vertex 37.1 16.1419 34.5084
      vertex 37.1 16.1419 33.4916
    endloop
  endfacet
  facet normal -1 0 0
    outer loop
      vertex 37.1 16.0825 33.375
      vertex 37.1 16.0825 34.625
      vertex 37.1 16.1419 34.5084
    endloop
  endfacet
  facet normal -1 0 0
    outer loop
      vertex 37.1 16.0113 33.2653
      vertex 37.1 16.0825 34.625
      vertex 37.1 16.0825 33.375
    endloop
  endfacet
  facet normal -1 0 0
    outer loop
      vertex 37.1 16.0113 33.2653
      vertex 37.1 16.0113 34.7347
      vertex 37.1 16.0825 34.625
    endloop
  endfacet
  facet normal -1 0 0
    outer loop
      vertex 37.1 15.9289 33.1636
      vertex 37.1 16.0113 34.7347
      vertex 37.1 16.0113 33.2653
    endloop
  endfacet
  facet normal -1 0 0
    outer loop
      vertex 37.1 15.9289 33.1636
      vertex 37.1 15.9289 34.8364
      vertex 37.1 16.0113 34.7347
    endloop
  endfacet
  facet normal -1 0 0
    outer loop
      vertex 37.1 15.8364 33.0711
      vertex 37.1 15.9289 34.8364
      vertex 37.1 15.9289 33.1636
    endloop
  endfacet
  facet normal -1 0 0
    outer loop
      vertex 37.1 15.8364 33.0711
      vertex 37.1 15.8364 34.9289
      vertex 37.1 15.9289 34.8364
    endloop
  endfacet
  facet normal -1 0 0
    outer loop
      vertex 37.1 15.7347 32.9887
      vertex 37.1 15.8364 34.9289
      vertex 37.1 15.8364 33.0711
    endloop
  endfacet
  facet normal -1 0 0
    outer loop
      vertex 37.1 15.7347 32.9887
      vertex 37.1 15.7347 35.0113
      vertex 37.1 15.8364 34.9289
    endloop
  endfacet
  facet normal -1 0 0
    outer loop
      vertex 37.1 15.625 32.9175
      vertex 37.1 15.7347 35.0113
      vertex 37.1 15.7347 32.9887
    endloop
  endfacet
  facet normal -1 0 0
    outer loop
      vertex 37.1 15.625 32.9175
      vertex 37.1 15.625 35.0825
      vertex 37.1 15.7347 35.0113
    endloop
  endfacet
  facet normal -1 0 0
    outer loop
      vertex 37.1 15.5084 32.8581
      vertex 37.1 15.625 35.0825
      vertex 37.1 15.625 32.9175
    endloop
  endfacet
  facet normal -1 0 0
    outer loop
      vertex 37.1 15.5084 32.8581
      vertex 37.1 15.5084 35.1419
      vertex 37.1 15.625 35.0825
    endloop
  endfacet
  facet normal -1 0 0
    outer loop
      vertex 37.1 15.3863 32.8112
      vertex 37.1 15.5084 35.1419
      vertex 37.1 15.5084 32.8581
    endloop
  endfacet
  facet normal -1 0 0
    outer loop
      vertex 37.1 15.3863 32.8112
      vertex 37.1 15.3863 35.1888
      vertex 37.1 15.5084 35.1419
    endloop
  endfacet
  facet normal -1 0 0
    outer loop
      vertex 37.1 15.2599 32.7773
      vertex 37.1 15.3863 35.1888
      vertex 37.1 15.3863 32.8112
    endloop
  endfacet
  facet normal -1 0 0
    outer loop
      vertex 37.1 15.2599 32.7773
      vertex 37.1 15.2599 35.2227
      vertex 37.1 15.3863 35.1888
    endloop
  endfacet
  facet normal -1 0 0
    outer loop
      vertex 37.1 15.1307 32.7568
      vertex 37.1 15.2599 35.2227
      vertex 37.1 15.2599 32.7773
    endloop
  endfacet
  facet normal -1 0 0
    outer loop
      vertex 37.1 15.1307 32.7568
      vertex 37.1 15.1307 35.2432
      vertex 37.1 15.2599 35.2227
    endloop
  endfacet
  facet normal -1 0 0
    outer loop
      vertex 37.1 15 32.75
      vertex 37.1 15.1307 35.2432
      vertex 37.1 15.1307 32.7568
    endloop
  endfacet
  facet normal -1 0 0
    outer loop
      vertex 37.1 15 32.75
      vertex 37.1 15 35.25
      vertex 37.1 15.1307 35.2432
    endloop
  endfacet
  facet normal -1 0 0
    outer loop
      vertex 37.1 14.8693 32.7568
      vertex 37.1 15 35.25
      vertex 37.1 15 32.75
    endloop
  endfacet
  facet normal -1 0 0
    outer loop
      vertex 37.1 14.8693 32.7568
      vertex 37.1 14.8693 35.2432
      vertex 37.1 15 35.25
    endloop
  endfacet
  facet normal -1 0 0
    outer loop
      vertex 37.1 14.7401 32.7773
      vertex 37.1 14.8693 35.2432
      vertex 37.1 14.8693 32.7568
    endloop
  endfacet
  facet normal -1 0 0
    outer loop
      vertex 37.1 14.7401 32.7773
      vertex 37.1 14.7401 35.2227
      vertex 37.1 14.8693 35.2432
    endloop
  endfacet
  facet normal -1 0 0
    outer loop
      vertex 37.1 14.6137 32.8112
      vertex 37.1 14.7401 35.2227
      vertex 37.1 14.7401 32.7773
    endloop
  endfacet
  facet normal -1 0 0
    outer loop
      vertex 37.1 14.6137 32.8112
      vertex 37.1 14.6137 35.1888
      vertex 37.1 14.7401 35.2227
    endloop
  endfacet
  facet normal -1 0 0
    outer loop
      vertex 37.1 14.4916 32.8581
      vertex 37.1 14.6137 35.1888
      vertex 37.1 14.6137 32.8112
    endloop
  endfacet
  facet normal -1 0 0
    outer loop
      vertex 37.1 14.4916 32.8581
      vertex 37.1 14.4916 35.1419
      vertex 37.1 14.6137 35.1888
    endloop
  endfacet
  facet normal -1 0 0
    outer loop
      vertex 37.1 14.375 32.9175
      vertex 37.1 14.4916 35.1419
      vertex 37.1 14.4916 32.8581
    endloop
  endfacet
  facet normal -1 0 0
    outer loop
      vertex 37.1 14.375 32.9175
      vertex 37.1 14.375 35.0825
      vertex 37.1 14.4916 35.1419
    endloop
  endfacet
  facet normal -1 0 0
    outer loop
      vertex 37.1 14.2653 32.9887
      vertex 37.1 14.375 35.0825
      vertex 37.1 14.375 32.9175
    endloop
  endfacet
  facet normal -1 0 0
    outer loop
      vertex 37.1 14.2653 32.9887
      vertex 37.1 14.2653 35.0113
      vertex 37.1 14.375 35.0825
    endloop
  endfacet
  facet normal -1 0 0
    outer loop
      vertex 37.1 14.1636 33.0711
      vertex 37.1 14.2653 35.0113
      vertex 37.1 14.2653 32.9887
    endloop
  endfacet
  facet normal -1 0 0
    outer loop
      vertex 37.1 14.1636 33.0711
      vertex 37.1 14.1636 34.9289
      vertex 37.1 14.2653 35.0113
    endloop
  endfacet
  facet normal -1 0 0
    outer loop
      vertex 37.1 14.0711 33.1636
      vertex 37.1 14.1636 34.9289
      vertex 37.1 14.1636 33.0711
    endloop
  endfacet
  facet normal -1 0 0
    outer loop
      vertex 37.1 14.0711 33.1636
      vertex 37.1 14.0711 34.8364
      vertex 37.1 14.1636 34.9289
    endloop
  endfacet
  facet normal -1 0 0
    outer loop
      vertex 37.1 13.9887 33.2653
      vertex 37.1 14.0711 34.8364
      vertex 37.1 14.0711 33.1636
    endloop
  endfacet
  facet normal -1 0 0
    outer loop
      vertex 37.1 13.9887 33.2653
      vertex 37.1 13.9887 34.7347
      vertex 37.1 14.0711 34.8364
    endloop
  endfacet
  facet normal -1 0 0
    outer loop
      vertex 37.1 13.9175 33.375
      vertex 37.1 13.9887 34.7347
      vertex 37.1 13.9887 33.2653
    endloop
  endfacet
  facet normal -1 0 0
    outer loop
      vertex 37.1 13.9175 33.375
      vertex 37.1 13.9175 34.625
      vertex 37.1 13.9887 34.7347
    endloop
  endfacet
  facet normal -1 0 0
    outer loop
      vertex 37.1 13.8581 33.4916
      vertex 37.1 13.9175 34.625
      vertex 37.1 13.9175 33.375
    endloop
  endfacet
  facet normal -1 0 0
    outer loop
      vertex 37.1 13.8581 33.4916
      vertex 37.1 13.8581 34.5084
      vertex 37.1 13.9175 34.625
    endloop
  endfacet
  facet normal -1 0 0
    outer loop
      vertex 37.1 13.8112 33.6137
      vertex 37.1 13.8581 34.5084
      vertex 37.1 13.8581 33.4916
    endloop
  endfacet
  facet normal -1 0 0
    outer loop
      vertex 37.1 13.8112 33.6137
      vertex 37.1 13.8112 34.3863
      vertex 37.1 13.8581 34.5084
    endloop
  endfacet
  facet normal -1 0 0
    outer loop
      vertex 37.1 13.7773 33.7401
      vertex 37.1 13.8112 34.3863
      vertex 37.1 13.8112 33.6137
    endloop
  endfacet
  facet normal -1 0 0
    outer loop
      vertex 37.1 13.7773 33.7401
      vertex 37.1 13.7773 34.2599
      vertex 37.1 13.8112 34.3863
    endloop
  endfacet
  facet normal -1 0 0
    outer loop
      vertex 37.1 13.7568 33.8693
      vertex 37.1 13.7773 34.2599
      vertex 37.1 13.7773 33.7401
    endloop
  endfacet
  facet normal -1 0 0
    outer loop
      vertex 37.1 13.7568 33.8693
      vertex 37.1 13.7568 34.1307
      vertex 37.1 13.7773 34.2599
    endloop
  endfacet
  facet normal -1 0 -0
    outer loop
      vertex 37.1 13.7568 34.1307
      vertex 37.1 13.7568 33.8693
      vertex 37.1 13.75 34
    endloop
  endfacet
  facet normal 0 0.933503 0.358569
    outer loop
      vertex 37.1 13.8581 33.4916
      vertex 29 13.8112 33.6137
      vertex 37.1 13.8112 33.6137
    endloop
  endfacet
  facet normal 0 0.933503 0.358569
    outer loop
      vertex 29 13.8112 33.6137
      vertex 37.1 13.8581 33.4916
      vertex 29 13.8581 33.4916
    endloop
  endfacet
  facet normal 0 0.83881 -0.544424
    outer loop
      vertex 37.1 13.9175 34.625
      vertex 29 13.9887 34.7347
      vertex 37.1 13.9887 34.7347
    endloop
  endfacet
  facet normal 0 0.83881 -0.544424
    outer loop
      vertex 29 13.9887 34.7347
      vertex 37.1 13.9175 34.625
      vertex 29 13.9175 34.625
    endloop
  endfacet
  facet normal 0 -0.0518386 0.998655
    outer loop
      vertex 29 127.131 32.7568
      vertex 37.1 127 32.75
      vertex 37.1 127.131 32.7568
    endloop
  endfacet
  facet normal 0 -0.0518386 0.998655
    outer loop
      vertex 37.1 127 32.75
      vertex 29 127.131 32.7568
      vertex 29 127 32.75
    endloop
  endfacet
  facet normal 0 -0.0518386 -0.998655
    outer loop
      vertex 29 127 35.25
      vertex 37.1 127.131 35.2432
      vertex 37.1 127 35.25
    endloop
  endfacet
  facet normal -0 -0.0518386 -0.998655
    outer loop
      vertex 37.1 127.131 35.2432
      vertex 29 127 35.25
      vertex 29 127.131 35.2432
    endloop
  endfacet
  facet normal 0 0.998569 0.0534811
    outer loop
      vertex 37.1 125.757 33.8693
      vertex 29 125.75 34
      vertex 37.1 125.75 34
    endloop
  endfacet
  facet normal 0 0.998569 0.0534811
    outer loop
      vertex 29 125.75 34
      vertex 37.1 125.757 33.8693
      vertex 29 125.757 33.8693
    endloop
  endfacet
  facet normal 0 -0.778473 -0.627678
    outer loop
      vertex 29 128.011 34.7347
      vertex 37.1 127.929 34.8364
      vertex 29 127.929 34.8364
    endloop
  endfacet
  facet normal 0 -0.778473 -0.627678
    outer loop
      vertex 37.1 127.929 34.8364
      vertex 29 128.011 34.7347
      vertex 37.1 128.011 34.7347
    endloop
  endfacet
  facet normal 0 -0.933247 -0.359235
    outer loop
      vertex 29 128.189 34.3863
      vertex 37.1 128.142 34.5084
      vertex 29 128.142 34.5084
    endloop
  endfacet
  facet normal 0 -0.933247 -0.359235
    outer loop
      vertex 37.1 128.142 34.5084
      vertex 29 128.189 34.3863
      vertex 37.1 128.189 34.3863
    endloop
  endfacet
  facet normal 0 -0.156945 0.987607
    outer loop
      vertex 29 127.26 32.7773
      vertex 37.1 127.131 32.7568
      vertex 37.1 127.26 32.7773
    endloop
  endfacet
  facet normal 0 -0.156945 0.987607
    outer loop
      vertex 37.1 127.131 32.7568
      vertex 29 127.26 32.7773
      vertex 29 127.131 32.7568
    endloop
  endfacet
  facet normal 0 -0.778473 0.627678
    outer loop
      vertex 29 127.929 33.1636
      vertex 37.1 128.011 33.2653
      vertex 29 128.011 33.2653
    endloop
  endfacet
  facet normal 0 -0.778473 0.627678
    outer loop
      vertex 37.1 128.011 33.2653
      vertex 29 127.929 33.1636
      vertex 37.1 127.929 33.1636
    endloop
  endfacet
  facet normal 0 -0.543378 -0.839488
    outer loop
      vertex 29 127.625 35.0825
      vertex 37.1 127.735 35.0113
      vertex 37.1 127.625 35.0825
    endloop
  endfacet
  facet normal -0 -0.543378 -0.839488
    outer loop
      vertex 37.1 127.735 35.0113
      vertex 29 127.625 35.0825
      vertex 29 127.735 35.0113
    endloop
  endfacet
  facet normal 0 -0.632151 -0.774845
    outer loop
      vertex 29 127.735 35.0113
      vertex 37.1 127.836 34.9289
      vertex 37.1 127.735 35.0113
    endloop
  endfacet
  facet normal -0 -0.632151 -0.774845
    outer loop
      vertex 37.1 127.836 34.9289
      vertex 29 127.735 35.0113
      vertex 29 127.836 34.9289
    endloop
  endfacet
  facet normal 0 -0.892274 -0.451494
    outer loop
      vertex 29 128.142 34.5084
      vertex 37.1 128.083 34.625
      vertex 29 128.083 34.625
    endloop
  endfacet
  facet normal 0 -0.892274 -0.451494
    outer loop
      vertex 37.1 128.083 34.625
      vertex 29 128.142 34.5084
      vertex 37.1 128.142 34.5084
    endloop
  endfacet
  facet normal 0 -0.98823 -0.152977
    outer loop
      vertex 29 128.243 34.1307
      vertex 37.1 128.223 34.2599
      vertex 29 128.223 34.2599
    endloop
  endfacet
  facet normal 0 -0.98823 -0.152977
    outer loop
      vertex 37.1 128.223 34.2599
      vertex 29 128.243 34.1307
      vertex 37.1 128.243 34.1307
    endloop
  endfacet
  facet normal 0 0.98823 0.152977
    outer loop
      vertex 37.1 125.777 33.7401
      vertex 29 125.757 33.8693
      vertex 37.1 125.757 33.8693
    endloop
  endfacet
  facet normal 0 0.98823 0.152977
    outer loop
      vertex 29 125.757 33.8693
      vertex 37.1 125.777 33.7401
      vertex 29 125.777 33.7401
    endloop
  endfacet
  facet normal 0 -0.259809 0.96566
    outer loop
      vertex 29 127.386 32.8112
      vertex 37.1 127.26 32.7773
      vertex 37.1 127.386 32.8112
    endloop
  endfacet
  facet normal 0 -0.259809 0.96566
    outer loop
      vertex 37.1 127.26 32.7773
      vertex 29 127.386 32.8112
      vertex 29 127.26 32.7773
    endloop
  endfacet
  facet normal 0 -0.632151 0.774845
    outer loop
      vertex 29 127.836 33.0711
      vertex 37.1 127.735 32.9887
      vertex 37.1 127.836 33.0711
    endloop
  endfacet
  facet normal 0 -0.632151 0.774845
    outer loop
      vertex 37.1 127.735 32.9887
      vertex 29 127.836 33.0711
      vertex 29 127.735 32.9887
    endloop
  endfacet
  facet normal 0 -0.452692 0.891667
    outer loop
      vertex 29 127.625 32.9175
      vertex 37.1 127.508 32.8581
      vertex 37.1 127.625 32.9175
    endloop
  endfacet
  facet normal 0 -0.452692 0.891667
    outer loop
      vertex 37.1 127.508 32.8581
      vertex 29 127.625 32.9175
      vertex 29 127.508 32.8581
    endloop
  endfacet
  facet normal 0 -0.965675 0.259754
    outer loop
      vertex 29 128.189 33.6137
      vertex 37.1 128.223 33.7401
      vertex 29 128.223 33.7401
    endloop
  endfacet
  facet normal 0 -0.965675 0.259754
    outer loop
      vertex 37.1 128.223 33.7401
      vertex 29 128.189 33.6137
      vertex 37.1 128.189 33.6137
    endloop
  endfacet
  facet normal 0 -0.933247 0.359235
    outer loop
      vertex 29 128.142 33.4916
      vertex 37.1 128.189 33.6137
      vertex 29 128.189 33.6137
    endloop
  endfacet
  facet normal 0 -0.933247 0.359235
    outer loop
      vertex 37.1 128.189 33.6137
      vertex 29 128.142 33.4916
      vertex 37.1 128.142 33.4916
    endloop
  endfacet
  facet normal 0 -0.98823 0.152977
    outer loop
      vertex 29 128.223 33.7401
      vertex 37.1 128.243 33.8693
      vertex 29 128.243 33.8693
    endloop
  endfacet
  facet normal 0 -0.98823 0.152977
    outer loop
      vertex 37.1 128.243 33.8693
      vertex 29 128.223 33.7401
      vertex 37.1 128.223 33.7401
    endloop
  endfacet
  facet normal 0 -0.836015 0.548706
    outer loop
      vertex 29 128.011 33.2653
      vertex 37.1 128.083 33.375
      vertex 29 128.083 33.375
    endloop
  endfacet
  facet normal 0 -0.836015 0.548706
    outer loop
      vertex 37.1 128.083 33.375
      vertex 29 128.011 33.2653
      vertex 37.1 128.011 33.2653
    endloop
  endfacet
  facet normal 0 -0.892274 0.451494
    outer loop
      vertex 29 128.083 33.375
      vertex 37.1 128.142 33.4916
      vertex 29 128.142 33.4916
    endloop
  endfacet
  facet normal 0 -0.892274 0.451494
    outer loop
      vertex 37.1 128.142 33.4916
      vertex 29 128.083 33.375
      vertex 37.1 128.083 33.375
    endloop
  endfacet
  facet normal 0 -0.259809 -0.96566
    outer loop
      vertex 29 127.26 35.2227
      vertex 37.1 127.386 35.1888
      vertex 37.1 127.26 35.2227
    endloop
  endfacet
  facet normal -0 -0.259809 -0.96566
    outer loop
      vertex 37.1 127.386 35.1888
      vertex 29 127.26 35.2227
      vertex 29 127.386 35.1888
    endloop
  endfacet
  facet normal 0 -0.452692 -0.891667
    outer loop
      vertex 29 127.508 35.1419
      vertex 37.1 127.625 35.0825
      vertex 37.1 127.508 35.1419
    endloop
  endfacet
  facet normal -0 -0.452692 -0.891667
    outer loop
      vertex 37.1 127.625 35.0825
      vertex 29 127.508 35.1419
      vertex 29 127.625 35.0825
    endloop
  endfacet
  facet normal 0 -0.156945 -0.987607
    outer loop
      vertex 29 127.131 35.2432
      vertex 37.1 127.26 35.2227
      vertex 37.1 127.131 35.2432
    endloop
  endfacet
  facet normal -0 -0.156945 -0.987607
    outer loop
      vertex 37.1 127.26 35.2227
      vertex 29 127.131 35.2432
      vertex 29 127.26 35.2227
    endloop
  endfacet
  facet normal 0 -0.836015 -0.548706
    outer loop
      vertex 29 128.083 34.625
      vertex 37.1 128.011 34.7347
      vertex 29 128.011 34.7347
    endloop
  endfacet
  facet normal 0 -0.836015 -0.548706
    outer loop
      vertex 37.1 128.011 34.7347
      vertex 29 128.083 34.625
      vertex 37.1 128.083 34.625
    endloop
  endfacet
  facet normal 0 -0.998569 -0.0534811
    outer loop
      vertex 29 128.25 34
      vertex 37.1 128.243 34.1307
      vertex 29 128.243 34.1307
    endloop
  endfacet
  facet normal 0 -0.998569 -0.0534811
    outer loop
      vertex 37.1 128.243 34.1307
      vertex 29 128.25 34
      vertex 37.1 128.25 34
    endloop
  endfacet
  facet normal -0 0.0518386 0.998655
    outer loop
      vertex 29 127 32.75
      vertex 37.1 126.869 32.7568
      vertex 37.1 127 32.75
    endloop
  endfacet
  facet normal 0 0.0518386 0.998655
    outer loop
      vertex 37.1 126.869 32.7568
      vertex 29 127 32.75
      vertex 29 126.869 32.7568
    endloop
  endfacet
  facet normal 0 0.892274 0.451494
    outer loop
      vertex 37.1 125.917 33.375
      vertex 29 125.858 33.4916
      vertex 37.1 125.858 33.4916
    endloop
  endfacet
  facet normal 0 0.892274 0.451494
    outer loop
      vertex 29 125.858 33.4916
      vertex 37.1 125.917 33.375
      vertex 29 125.917 33.375
    endloop
  endfacet
  facet normal 0 -0.358825 0.933405
    outer loop
      vertex 29 127.508 32.8581
      vertex 37.1 127.386 32.8112
      vertex 37.1 127.508 32.8581
    endloop
  endfacet
  facet normal 0 -0.358825 0.933405
    outer loop
      vertex 37.1 127.386 32.8112
      vertex 29 127.508 32.8581
      vertex 29 127.386 32.8112
    endloop
  endfacet
  facet normal 0 -0.705198 0.70901
    outer loop
      vertex 29 127.929 33.1636
      vertex 37.1 127.836 33.0711
      vertex 37.1 127.929 33.1636
    endloop
  endfacet
  facet normal 0 -0.705198 0.70901
    outer loop
      vertex 37.1 127.836 33.0711
      vertex 29 127.929 33.1636
      vertex 29 127.836 33.0711
    endloop
  endfacet
  facet normal 0 -0.543378 0.839488
    outer loop
      vertex 29 127.735 32.9887
      vertex 37.1 127.625 32.9175
      vertex 37.1 127.735 32.9887
    endloop
  endfacet
  facet normal 0 -0.543378 0.839488
    outer loop
      vertex 37.1 127.625 32.9175
      vertex 29 127.735 32.9887
      vertex 29 127.625 32.9175
    endloop
  endfacet
  facet normal 0 -0.998569 0.0534811
    outer loop
      vertex 29 128.243 33.8693
      vertex 37.1 128.25 34
      vertex 29 128.25 34
    endloop
  endfacet
  facet normal 0 -0.998569 0.0534811
    outer loop
      vertex 37.1 128.25 34
      vertex 29 128.243 33.8693
      vertex 37.1 128.243 33.8693
    endloop
  endfacet
  facet normal 0 -0.705198 -0.70901
    outer loop
      vertex 29 127.929 34.8364
      vertex 37.1 127.836 34.9289
      vertex 29 127.836 34.9289
    endloop
  endfacet
  facet normal 0 -0.705198 -0.70901
    outer loop
      vertex 37.1 127.836 34.9289
      vertex 29 127.929 34.8364
      vertex 37.1 127.929 34.8364
    endloop
  endfacet
  facet normal 0 -0.358825 -0.933405
    outer loop
      vertex 29 127.386 35.1888
      vertex 37.1 127.508 35.1419
      vertex 37.1 127.386 35.1888
    endloop
  endfacet
  facet normal -0 -0.358825 -0.933405
    outer loop
      vertex 37.1 127.508 35.1419
      vertex 29 127.386 35.1888
      vertex 29 127.508 35.1419
    endloop
  endfacet
  facet normal 0 -0.965675 -0.259754
    outer loop
      vertex 29 128.223 34.2599
      vertex 37.1 128.189 34.3863
      vertex 29 128.189 34.3863
    endloop
  endfacet
  facet normal 0 -0.965675 -0.259754
    outer loop
      vertex 37.1 128.189 34.3863
      vertex 29 128.223 34.2599
      vertex 37.1 128.223 34.2599
    endloop
  endfacet
  facet normal -0 0.156945 0.987607
    outer loop
      vertex 29 126.869 32.7568
      vertex 37.1 126.74 32.7773
      vertex 37.1 126.869 32.7568
    endloop
  endfacet
  facet normal 0 0.156945 0.987607
    outer loop
      vertex 37.1 126.74 32.7773
      vertex 29 126.869 32.7568
      vertex 29 126.74 32.7773
    endloop
  endfacet
  facet normal 0 0.836015 0.548706
    outer loop
      vertex 37.1 125.989 33.2653
      vertex 29 125.917 33.375
      vertex 37.1 125.917 33.375
    endloop
  endfacet
  facet normal 0 0.836015 0.548706
    outer loop
      vertex 29 125.917 33.375
      vertex 37.1 125.989 33.2653
      vertex 29 125.989 33.2653
    endloop
  endfacet
  facet normal -0 0.705198 0.70901
    outer loop
      vertex 29 126.164 33.0711
      vertex 37.1 126.071 33.1636
      vertex 37.1 126.164 33.0711
    endloop
  endfacet
  facet normal 0 0.705198 0.70901
    outer loop
      vertex 37.1 126.071 33.1636
      vertex 29 126.164 33.0711
      vertex 29 126.071 33.1636
    endloop
  endfacet
  facet normal -0 0.358825 0.933405
    outer loop
      vertex 29 126.614 32.8112
      vertex 37.1 126.492 32.8581
      vertex 37.1 126.614 32.8112
    endloop
  endfacet
  facet normal 0 0.358825 0.933405
    outer loop
      vertex 37.1 126.492 32.8581
      vertex 29 126.614 32.8112
      vertex 29 126.492 32.8581
    endloop
  endfacet
  facet normal -0 0.543378 0.839488
    outer loop
      vertex 29 126.375 32.9175
      vertex 37.1 126.265 32.9887
      vertex 37.1 126.375 32.9175
    endloop
  endfacet
  facet normal 0 0.543378 0.839488
    outer loop
      vertex 37.1 126.265 32.9887
      vertex 29 126.375 32.9175
      vertex 29 126.265 32.9887
    endloop
  endfacet
  facet normal 0 0.778473 -0.627678
    outer loop
      vertex 37.1 125.989 34.7347
      vertex 29 126.071 34.8364
      vertex 37.1 126.071 34.8364
    endloop
  endfacet
  facet normal 0 0.778473 -0.627678
    outer loop
      vertex 29 126.071 34.8364
      vertex 37.1 125.989 34.7347
      vertex 29 125.989 34.7347
    endloop
  endfacet
  facet normal 0 0.156945 -0.987607
    outer loop
      vertex 29 126.74 35.2227
      vertex 37.1 126.869 35.2432
      vertex 37.1 126.74 35.2227
    endloop
  endfacet
  facet normal 0 0.156945 -0.987607
    outer loop
      vertex 37.1 126.869 35.2432
      vertex 29 126.74 35.2227
      vertex 29 126.869 35.2432
    endloop
  endfacet
  facet normal 0 0.965675 0.259754
    outer loop
      vertex 37.1 125.811 33.6137
      vertex 29 125.777 33.7401
      vertex 37.1 125.777 33.7401
    endloop
  endfacet
  facet normal 0 0.965675 0.259754
    outer loop
      vertex 29 125.777 33.7401
      vertex 37.1 125.811 33.6137
      vertex 29 125.811 33.6137
    endloop
  endfacet
  facet normal 0 0.778473 0.627678
    outer loop
      vertex 37.1 126.071 33.1636
      vertex 29 125.989 33.2653
      vertex 37.1 125.989 33.2653
    endloop
  endfacet
  facet normal 0 0.778473 0.627678
    outer loop
      vertex 29 125.989 33.2653
      vertex 37.1 126.071 33.1636
      vertex 29 126.071 33.1636
    endloop
  endfacet
  facet normal -0 0.259809 0.96566
    outer loop
      vertex 29 126.74 32.7773
      vertex 37.1 126.614 32.8112
      vertex 37.1 126.74 32.7773
    endloop
  endfacet
  facet normal 0 0.259809 0.96566
    outer loop
      vertex 37.1 126.614 32.8112
      vertex 29 126.74 32.7773
      vertex 29 126.614 32.8112
    endloop
  endfacet
  facet normal -0 0.452692 0.891667
    outer loop
      vertex 29 126.492 32.8581
      vertex 37.1 126.375 32.9175
      vertex 37.1 126.492 32.8581
    endloop
  endfacet
  facet normal 0 0.452692 0.891667
    outer loop
      vertex 37.1 126.375 32.9175
      vertex 29 126.492 32.8581
      vertex 29 126.375 32.9175
    endloop
  endfacet
  facet normal 0 0.998569 -0.0534811
    outer loop
      vertex 37.1 125.75 34
      vertex 29 125.757 34.1307
      vertex 37.1 125.757 34.1307
    endloop
  endfacet
  facet normal 0 0.998569 -0.0534811
    outer loop
      vertex 29 125.757 34.1307
      vertex 37.1 125.75 34
      vertex 29 125.75 34
    endloop
  endfacet
  facet normal 0 0.933247 -0.359235
    outer loop
      vertex 37.1 125.811 34.3863
      vertex 29 125.858 34.5084
      vertex 37.1 125.858 34.5084
    endloop
  endfacet
  facet normal 0 0.933247 -0.359235
    outer loop
      vertex 29 125.858 34.5084
      vertex 37.1 125.811 34.3863
      vertex 29 125.811 34.3863
    endloop
  endfacet
  facet normal 0 0.965675 -0.259754
    outer loop
      vertex 37.1 125.777 34.2599
      vertex 29 125.811 34.3863
      vertex 37.1 125.811 34.3863
    endloop
  endfacet
  facet normal 0 0.965675 -0.259754
    outer loop
      vertex 29 125.811 34.3863
      vertex 37.1 125.777 34.2599
      vertex 29 125.777 34.2599
    endloop
  endfacet
  facet normal 0 0.705198 -0.70901
    outer loop
      vertex 37.1 126.071 34.8364
      vertex 29 126.164 34.9289
      vertex 37.1 126.164 34.9289
    endloop
  endfacet
  facet normal 0 0.705198 -0.70901
    outer loop
      vertex 29 126.164 34.9289
      vertex 37.1 126.071 34.8364
      vertex 29 126.071 34.8364
    endloop
  endfacet
  facet normal 0 0.632151 -0.774845
    outer loop
      vertex 29 126.164 34.9289
      vertex 37.1 126.265 35.0113
      vertex 37.1 126.164 34.9289
    endloop
  endfacet
  facet normal 0 0.632151 -0.774845
    outer loop
      vertex 37.1 126.265 35.0113
      vertex 29 126.164 34.9289
      vertex 29 126.265 35.0113
    endloop
  endfacet
  facet normal 0 0.452692 -0.891667
    outer loop
      vertex 29 126.375 35.0825
      vertex 37.1 126.492 35.1419
      vertex 37.1 126.375 35.0825
    endloop
  endfacet
  facet normal 0 0.452692 -0.891667
    outer loop
      vertex 37.1 126.492 35.1419
      vertex 29 126.375 35.0825
      vertex 29 126.492 35.1419
    endloop
  endfacet
  facet normal 0 0.543378 -0.839488
    outer loop
      vertex 29 126.265 35.0113
      vertex 37.1 126.375 35.0825
      vertex 37.1 126.265 35.0113
    endloop
  endfacet
  facet normal 0 0.543378 -0.839488
    outer loop
      vertex 37.1 126.375 35.0825
      vertex 29 126.265 35.0113
      vertex 29 126.375 35.0825
    endloop
  endfacet
  facet normal 0 0.358825 -0.933405
    outer loop
      vertex 29 126.492 35.1419
      vertex 37.1 126.614 35.1888
      vertex 37.1 126.492 35.1419
    endloop
  endfacet
  facet normal 0 0.358825 -0.933405
    outer loop
      vertex 37.1 126.614 35.1888
      vertex 29 126.492 35.1419
      vertex 29 126.614 35.1888
    endloop
  endfacet
  facet normal 0 0.259809 -0.96566
    outer loop
      vertex 29 126.614 35.1888
      vertex 37.1 126.74 35.2227
      vertex 37.1 126.614 35.1888
    endloop
  endfacet
  facet normal 0 0.259809 -0.96566
    outer loop
      vertex 37.1 126.74 35.2227
      vertex 29 126.614 35.1888
      vertex 29 126.74 35.2227
    endloop
  endfacet
  facet normal 0 0.0518386 -0.998655
    outer loop
      vertex 29 126.869 35.2432
      vertex 37.1 127 35.25
      vertex 37.1 126.869 35.2432
    endloop
  endfacet
  facet normal 0 0.0518386 -0.998655
    outer loop
      vertex 37.1 127 35.25
      vertex 29 126.869 35.2432
      vertex 29 127 35.25
    endloop
  endfacet
  facet normal -0 0.632151 0.774845
    outer loop
      vertex 29 126.265 32.9887
      vertex 37.1 126.164 33.0711
      vertex 37.1 126.265 32.9887
    endloop
  endfacet
  facet normal 0 0.632151 0.774845
    outer loop
      vertex 37.1 126.164 33.0711
      vertex 29 126.265 32.9887
      vertex 29 126.164 33.0711
    endloop
  endfacet
  facet normal 0 0.892274 -0.451494
    outer loop
      vertex 37.1 125.858 34.5084
      vertex 29 125.917 34.625
      vertex 37.1 125.917 34.625
    endloop
  endfacet
  facet normal 0 0.892274 -0.451494
    outer loop
      vertex 29 125.917 34.625
      vertex 37.1 125.858 34.5084
      vertex 29 125.858 34.5084
    endloop
  endfacet
  facet normal 0 0.98823 -0.152977
    outer loop
      vertex 37.1 125.757 34.1307
      vertex 29 125.777 34.2599
      vertex 37.1 125.777 34.2599
    endloop
  endfacet
  facet normal 0 0.98823 -0.152977
    outer loop
      vertex 29 125.777 34.2599
      vertex 37.1 125.757 34.1307
      vertex 29 125.757 34.1307
    endloop
  endfacet
  facet normal -1 0 0
    outer loop
      vertex 37.1 128.243 33.8693
      vertex 37.1 128.243 34.1307
      vertex 37.1 128.25 34
    endloop
  endfacet
  facet normal -1 0 0
    outer loop
      vertex 37.1 128.223 33.7401
      vertex 37.1 128.243 34.1307
      vertex 37.1 128.243 33.8693
    endloop
  endfacet
  facet normal -1 0 0
    outer loop
      vertex 37.1 128.223 33.7401
      vertex 37.1 128.223 34.2599
      vertex 37.1 128.243 34.1307
    endloop
  endfacet
  facet normal -1 0 0
    outer loop
      vertex 37.1 128.189 33.6137
      vertex 37.1 128.223 34.2599
      vertex 37.1 128.223 33.7401
    endloop
  endfacet
  facet normal -1 0 0
    outer loop
      vertex 37.1 128.189 33.6137
      vertex 37.1 128.189 34.3863
      vertex 37.1 128.223 34.2599
    endloop
  endfacet
  facet normal -1 0 0
    outer loop
      vertex 37.1 128.142 33.4916
      vertex 37.1 128.189 34.3863
      vertex 37.1 128.189 33.6137
    endloop
  endfacet
  facet normal -1 0 0
    outer loop
      vertex 37.1 128.142 33.4916
      vertex 37.1 128.142 34.5084
      vertex 37.1 128.189 34.3863
    endloop
  endfacet
  facet normal -1 0 0
    outer loop
      vertex 37.1 128.083 33.375
      vertex 37.1 128.142 34.5084
      vertex 37.1 128.142 33.4916
    endloop
  endfacet
  facet normal -1 0 0
    outer loop
      vertex 37.1 128.083 33.375
      vertex 37.1 128.083 34.625
      vertex 37.1 128.142 34.5084
    endloop
  endfacet
  facet normal -1 0 0
    outer loop
      vertex 37.1 128.011 33.2653
      vertex 37.1 128.083 34.625
      vertex 37.1 128.083 33.375
    endloop
  endfacet
  facet normal -1 0 0
    outer loop
      vertex 37.1 128.011 33.2653
      vertex 37.1 128.011 34.7347
      vertex 37.1 128.083 34.625
    endloop
  endfacet
  facet normal -1 0 0
    outer loop
      vertex 37.1 127.929 33.1636
      vertex 37.1 128.011 34.7347
      vertex 37.1 128.011 33.2653
    endloop
  endfacet
  facet normal -1 0 0
    outer loop
      vertex 37.1 127.929 33.1636
      vertex 37.1 127.929 34.8364
      vertex 37.1 128.011 34.7347
    endloop
  endfacet
  facet normal -1 0 0
    outer loop
      vertex 37.1 127.836 33.0711
      vertex 37.1 127.929 34.8364
      vertex 37.1 127.929 33.1636
    endloop
  endfacet
  facet normal -1 0 0
    outer loop
      vertex 37.1 127.836 33.0711
      vertex 37.1 127.836 34.9289
      vertex 37.1 127.929 34.8364
    endloop
  endfacet
  facet normal -1 0 0
    outer loop
      vertex 37.1 127.735 32.9887
      vertex 37.1 127.836 34.9289
      vertex 37.1 127.836 33.0711
    endloop
  endfacet
  facet normal -1 0 0
    outer loop
      vertex 37.1 127.735 32.9887
      vertex 37.1 127.735 35.0113
      vertex 37.1 127.836 34.9289
    endloop
  endfacet
  facet normal -1 0 0
    outer loop
      vertex 37.1 127.625 32.9175
      vertex 37.1 127.735 35.0113
      vertex 37.1 127.735 32.9887
    endloop
  endfacet
  facet normal -1 0 0
    outer loop
      vertex 37.1 127.625 32.9175
      vertex 37.1 127.625 35.0825
      vertex 37.1 127.735 35.0113
    endloop
  endfacet
  facet normal -1 0 0
    outer loop
      vertex 37.1 127.508 32.8581
      vertex 37.1 127.625 35.0825
      vertex 37.1 127.625 32.9175
    endloop
  endfacet
  facet normal -1 0 0
    outer loop
      vertex 37.1 127.508 32.8581
      vertex 37.1 127.508 35.1419
      vertex 37.1 127.625 35.0825
    endloop
  endfacet
  facet normal -1 0 0
    outer loop
      vertex 37.1 127.386 32.8112
      vertex 37.1 127.508 35.1419
      vertex 37.1 127.508 32.8581
    endloop
  endfacet
  facet normal -1 0 0
    outer loop
      vertex 37.1 127.386 32.8112
      vertex 37.1 127.386 35.1888
      vertex 37.1 127.508 35.1419
    endloop
  endfacet
  facet normal -1 0 0
    outer loop
      vertex 37.1 127.26 32.7773
      vertex 37.1 127.386 35.1888
      vertex 37.1 127.386 32.8112
    endloop
  endfacet
  facet normal -1 0 0
    outer loop
      vertex 37.1 127.26 32.7773
      vertex 37.1 127.26 35.2227
      vertex 37.1 127.386 35.1888
    endloop
  endfacet
  facet normal -1 0 0
    outer loop
      vertex 37.1 127.131 32.7568
      vertex 37.1 127.26 35.2227
      vertex 37.1 127.26 32.7773
    endloop
  endfacet
  facet normal -1 0 0
    outer loop
      vertex 37.1 127.131 32.7568
      vertex 37.1 127.131 35.2432
      vertex 37.1 127.26 35.2227
    endloop
  endfacet
  facet normal -1 0 0
    outer loop
      vertex 37.1 127 32.75
      vertex 37.1 127.131 35.2432
      vertex 37.1 127.131 32.7568
    endloop
  endfacet
  facet normal -1 0 0
    outer loop
      vertex 37.1 127 32.75
      vertex 37.1 127 35.25
      vertex 37.1 127.131 35.2432
    endloop
  endfacet
  facet normal -1 0 0
    outer loop
      vertex 37.1 126.869 32.7568
      vertex 37.1 127 35.25
      vertex 37.1 127 32.75
    endloop
  endfacet
  facet normal -1 0 0
    outer loop
      vertex 37.1 126.869 32.7568
      vertex 37.1 126.869 35.2432
      vertex 37.1 127 35.25
    endloop
  endfacet
  facet normal -1 0 0
    outer loop
      vertex 37.1 126.74 32.7773
      vertex 37.1 126.869 35.2432
      vertex 37.1 126.869 32.7568
    endloop
  endfacet
  facet normal -1 0 0
    outer loop
      vertex 37.1 126.74 32.7773
      vertex 37.1 126.74 35.2227
      vertex 37.1 126.869 35.2432
    endloop
  endfacet
  facet normal -1 0 0
    outer loop
      vertex 37.1 126.614 32.8112
      vertex 37.1 126.74 35.2227
      vertex 37.1 126.74 32.7773
    endloop
  endfacet
  facet normal -1 0 0
    outer loop
      vertex 37.1 126.614 32.8112
      vertex 37.1 126.614 35.1888
      vertex 37.1 126.74 35.2227
    endloop
  endfacet
  facet normal -1 0 0
    outer loop
      vertex 37.1 126.492 32.8581
      vertex 37.1 126.614 35.1888
      vertex 37.1 126.614 32.8112
    endloop
  endfacet
  facet normal -1 0 0
    outer loop
      vertex 37.1 126.492 32.8581
      vertex 37.1 126.492 35.1419
      vertex 37.1 126.614 35.1888
    endloop
  endfacet
  facet normal -1 0 0
    outer loop
      vertex 37.1 126.375 32.9175
      vertex 37.1 126.492 35.1419
      vertex 37.1 126.492 32.8581
    endloop
  endfacet
  facet normal -1 0 0
    outer loop
      vertex 37.1 126.375 32.9175
      vertex 37.1 126.375 35.0825
      vertex 37.1 126.492 35.1419
    endloop
  endfacet
  facet normal -1 0 0
    outer loop
      vertex 37.1 126.265 32.9887
      vertex 37.1 126.375 35.0825
      vertex 37.1 126.375 32.9175
    endloop
  endfacet
  facet normal -1 0 0
    outer loop
      vertex 37.1 126.265 32.9887
      vertex 37.1 126.265 35.0113
      vertex 37.1 126.375 35.0825
    endloop
  endfacet
  facet normal -1 0 0
    outer loop
      vertex 37.1 126.164 33.0711
      vertex 37.1 126.265 35.0113
      vertex 37.1 126.265 32.9887
    endloop
  endfacet
  facet normal -1 0 0
    outer loop
      vertex 37.1 126.164 33.0711
      vertex 37.1 126.164 34.9289
      vertex 37.1 126.265 35.0113
    endloop
  endfacet
  facet normal -1 0 0
    outer loop
      vertex 37.1 126.071 33.1636
      vertex 37.1 126.164 34.9289
      vertex 37.1 126.164 33.0711
    endloop
  endfacet
  facet normal -1 0 0
    outer loop
      vertex 37.1 126.071 33.1636
      vertex 37.1 126.071 34.8364
      vertex 37.1 126.164 34.9289
    endloop
  endfacet
  facet normal -1 0 0
    outer loop
      vertex 37.1 125.989 33.2653
      vertex 37.1 126.071 34.8364
      vertex 37.1 126.071 33.1636
    endloop
  endfacet
  facet normal -1 0 0
    outer loop
      vertex 37.1 125.989 33.2653
      vertex 37.1 125.989 34.7347
      vertex 37.1 126.071 34.8364
    endloop
  endfacet
  facet normal -1 0 0
    outer loop
      vertex 37.1 125.917 33.375
      vertex 37.1 125.989 34.7347
      vertex 37.1 125.989 33.2653
    endloop
  endfacet
  facet normal -1 0 0
    outer loop
      vertex 37.1 125.917 33.375
      vertex 37.1 125.917 34.625
      vertex 37.1 125.989 34.7347
    endloop
  endfacet
  facet normal -1 0 0
    outer loop
      vertex 37.1 125.858 33.4916
      vertex 37.1 125.917 34.625
      vertex 37.1 125.917 33.375
    endloop
  endfacet
  facet normal -1 0 0
    outer loop
      vertex 37.1 125.858 33.4916
      vertex 37.1 125.858 34.5084
      vertex 37.1 125.917 34.625
    endloop
  endfacet
  facet normal -1 0 0
    outer loop
      vertex 37.1 125.811 33.6137
      vertex 37.1 125.858 34.5084
      vertex 37.1 125.858 33.4916
    endloop
  endfacet
  facet normal -1 0 0
    outer loop
      vertex 37.1 125.811 33.6137
      vertex 37.1 125.811 34.3863
      vertex 37.1 125.858 34.5084
    endloop
  endfacet
  facet normal -1 0 0
    outer loop
      vertex 37.1 125.777 33.7401
      vertex 37.1 125.811 34.3863
      vertex 37.1 125.811 33.6137
    endloop
  endfacet
  facet normal -1 0 0
    outer loop
      vertex 37.1 125.777 33.7401
      vertex 37.1 125.777 34.2599
      vertex 37.1 125.811 34.3863
    endloop
  endfacet
  facet normal -1 0 0
    outer loop
      vertex 37.1 125.757 33.8693
      vertex 37.1 125.777 34.2599
      vertex 37.1 125.777 33.7401
    endloop
  endfacet
  facet normal -1 0 0
    outer loop
      vertex 37.1 125.757 33.8693
      vertex 37.1 125.757 34.1307
      vertex 37.1 125.777 34.2599
    endloop
  endfacet
  facet normal -1 0 -0
    outer loop
      vertex 37.1 125.757 34.1307
      vertex 37.1 125.757 33.8693
      vertex 37.1 125.75 34
    endloop
  endfacet
  facet normal 0 0.933247 0.359235
    outer loop
      vertex 37.1 125.858 33.4916
      vertex 29 125.811 33.6137
      vertex 37.1 125.811 33.6137
    endloop
  endfacet
  facet normal 0 0.933247 0.359235
    outer loop
      vertex 29 125.811 33.6137
      vertex 37.1 125.858 33.4916
      vertex 29 125.858 33.4916
    endloop
  endfacet
  facet normal 0 0.836015 -0.548706
    outer loop
      vertex 37.1 125.917 34.625
      vertex 29 125.989 34.7347
      vertex 37.1 125.989 34.7347
    endloop
  endfacet
  facet normal 0 0.836015 -0.548706
    outer loop
      vertex 29 125.989 34.7347
      vertex 37.1 125.917 34.625
      vertex 29 125.917 34.625
    endloop
  endfacet
  facet normal 0 -0.358825 0.933405
    outer loop
      vertex 29 109.863 -24.4405
      vertex 37.4 109.741 -24.4874
      vertex 37.4 109.863 -24.4405
    endloop
  endfacet
  facet normal 0 -0.358825 0.933405
    outer loop
      vertex 37.4 109.741 -24.4874
      vertex 29 109.863 -24.4405
      vertex 29 109.741 -24.4874
    endloop
  endfacet
  facet normal 0 0.358825 -0.933405
    outer loop
      vertex 30.5818 108.846 -22.1566
      vertex 37.4 108.968 -22.1097
      vertex 37.4 108.846 -22.1566
    endloop
  endfacet
  facet normal 0.000266893 0.345795 -0.93831
    outer loop
      vertex 30.5032 108.858 -22.1522
      vertex 37.4 108.968 -22.1097
      vertex 30.5818 108.846 -22.1566
    endloop
  endfacet
  facet normal -0.0040285 0.31202 -0.950067
    outer loop
      vertex 29 108.968 -22.1097
      vertex 30.5032 108.858 -22.1522
      vertex 30.3041 108.867 -22.1484
    endloop
  endfacet
  facet normal -0.000151056 0.3561 -0.934448
    outer loop
      vertex 29 108.968 -22.1097
      vertex 30.3041 108.867 -22.1484
      vertex 29 108.931 -22.1238
    endloop
  endfacet
  facet normal 0 0.360399 -0.932798
    outer loop
      vertex 30.5032 108.858 -22.1522
      vertex 29 108.968 -22.1097
      vertex 37.4 108.968 -22.1097
    endloop
  endfacet
  facet normal 0 -0.933346 -0.358979
    outer loop
      vertex 29 110.543 -22.9123
      vertex 37.4 110.496 -22.7901
      vertex 29 110.496 -22.7901
    endloop
  endfacet
  facet normal 0 -0.933346 -0.358979
    outer loop
      vertex 37.4 110.496 -22.7901
      vertex 29 110.543 -22.9123
      vertex 37.4 110.543 -22.9123
    endloop
  endfacet
  facet normal 0 0.935888 0.352298
    outer loop
      vertex 37.4 108.212 -23.807
      vertex 34.6848 108.166 -23.6848
      vertex 37.4 108.166 -23.6848
    endloop
  endfacet
  facet normal 0 0.935888 0.352298
    outer loop
      vertex 34.6848 108.166 -23.6848
      vertex 37.4 108.212 -23.807
      vertex 34.6586 108.212 -23.807
    endloop
  endfacet
  facet normal 0 0.935888 -0.352298
    outer loop
      vertex 34.1097 108.166 -22.9123
      vertex 37.4 108.212 -22.7901
      vertex 37.4 108.166 -22.9123
    endloop
  endfacet
  facet normal 0 0.935888 -0.352298
    outer loop
      vertex 37.4 108.212 -22.7901
      vertex 34.1097 108.166 -22.9123
      vertex 33.9016 108.212 -22.7901
    endloop
  endfacet
  facet normal 0 -0.358825 -0.933405
    outer loop
      vertex 29 109.741 -22.1097
      vertex 37.4 109.863 -22.1566
      vertex 37.4 109.741 -22.1097
    endloop
  endfacet
  facet normal -0 -0.358825 -0.933405
    outer loop
      vertex 37.4 109.863 -22.1566
      vertex 29 109.741 -22.1097
      vertex 29 109.863 -22.1566
    endloop
  endfacet
  facet normal 0 -0.70902 -0.705188
    outer loop
      vertex 29 110.191 -22.3696
      vertex 37.4 110.283 -22.4621
      vertex 37.4 110.191 -22.3696
    endloop
  endfacet
  facet normal -0 -0.70902 -0.705188
    outer loop
      vertex 37.4 110.283 -22.4621
      vertex 29 110.191 -22.3696
      vertex 29 110.283 -22.4621
    endloop
  endfacet
  facet normal 0 0.627946 -0.778257
    outer loop
      vertex 32.5576 108.518 -22.3696
      vertex 37.4 108.62 -22.2873
      vertex 37.4 108.518 -22.3696
    endloop
  endfacet
  facet normal -3.98436e-05 0.629091 -0.777331
    outer loop
      vertex 32.1845 108.602 -22.3016
      vertex 37.4 108.62 -22.2873
      vertex 32.5576 108.518 -22.3696
    endloop
  endfacet
  facet normal 0 0.622039 -0.782986
    outer loop
      vertex 37.4 108.62 -22.2873
      vertex 32.1845 108.602 -22.3016
      vertex 32.1063 108.62 -22.2873
    endloop
  endfacet
  facet normal 0 -0.933346 0.358979
    outer loop
      vertex 29 110.496 -23.807
      vertex 37.4 110.543 -23.6848
      vertex 29 110.543 -23.6848
    endloop
  endfacet
  facet normal 0 -0.933346 0.358979
    outer loop
      vertex 37.4 110.543 -23.6848
      vertex 29 110.496 -23.807
      vertex 37.4 110.496 -23.807
    endloop
  endfacet
  facet normal 0 -0.998948 -0.0458584
    outer loop
      vertex 29 110.604 -23.2986
      vertex 37.4 110.598 -23.1679
      vertex 29 110.598 -23.1679
    endloop
  endfacet
  facet normal 0 -0.998948 -0.0458584
    outer loop
      vertex 37.4 110.598 -23.1679
      vertex 29 110.604 -23.2986
      vertex 37.4 110.604 -23.2986
    endloop
  endfacet
  facet normal 0 -0.0518386 -0.998655
    outer loop
      vertex 29 109.354 -22.0486
      vertex 37.4 109.485 -22.0554
      vertex 37.4 109.354 -22.0486
    endloop
  endfacet
  facet normal -0 -0.0518386 -0.998655
    outer loop
      vertex 37.4 109.485 -22.0554
      vertex 29 109.354 -22.0486
      vertex 29 109.485 -22.0554
    endloop
  endfacet
  facet normal 0 -0.156945 -0.987607
    outer loop
      vertex 29 109.485 -22.0554
      vertex 37.4 109.614 -22.0759
      vertex 37.4 109.485 -22.0554
    endloop
  endfacet
  facet normal -0 -0.156945 -0.987607
    outer loop
      vertex 37.4 109.614 -22.0759
      vertex 29 109.485 -22.0554
      vertex 29 109.614 -22.0759
    endloop
  endfacet
  facet normal 0 0.155767 -0.987794
    outer loop
      vertex 29 109.094 -22.0759
      vertex 37.4 109.224 -22.0554
      vertex 37.4 109.094 -22.0759
    endloop
  endfacet
  facet normal 0 0.155767 -0.987794
    outer loop
      vertex 37.4 109.224 -22.0554
      vertex 29 109.094 -22.0759
      vertex 29 109.224 -22.0554
    endloop
  endfacet
  facet normal 0 -0.839734 -0.542998
    outer loop
      vertex 29 110.437 -22.6736
      vertex 37.4 110.366 -22.5638
      vertex 29 110.366 -22.5638
    endloop
  endfacet
  facet normal 0 -0.839734 -0.542998
    outer loop
      vertex 37.4 110.366 -22.5638
      vertex 29 110.437 -22.6736
      vertex 37.4 110.437 -22.6736
    endloop
  endfacet
  facet normal 0 0.778473 0.627678
    outer loop
      vertex 37.4 108.425 -24.135
      vertex 34.5008 108.343 -24.0333
      vertex 37.4 108.343 -24.0333
    endloop
  endfacet
  facet normal 0 0.778473 0.627678
    outer loop
      vertex 34.5008 108.343 -24.0333
      vertex 37.4 108.425 -24.135
      vertex 34.3709 108.425 -24.135
    endloop
  endfacet
  facet normal 0 0.358825 0.933405
    outer loop
      vertex 37.4 108.968 -24.4874
      vertex 33.5482 108.846 -24.4405
      vertex 37.4 108.846 -24.4405
    endloop
  endfacet
  facet normal 0.000138832 0.355003 0.934865
    outer loop
      vertex 37.4 108.968 -24.4874
      vertex 33.4736 108.88 -24.4534
      vertex 33.5482 108.846 -24.4405
    endloop
  endfacet
  facet normal 0 0.360399 0.932798
    outer loop
      vertex 33.4736 108.88 -24.4534
      vertex 37.4 108.968 -24.4874
      vertex 33.1931 108.968 -24.4874
    endloop
  endfacet
  facet normal 0 0.988096 0.153835
    outer loop
      vertex 37.4 108.111 -23.4292
      vertex 34.6593 108.124 -23.5127
      vertex 34.6302 108.111 -23.4292
    endloop
  endfacet
  facet normal -0 0.987047 0.160433
    outer loop
      vertex 34.6753 108.132 -23.5584
      vertex 37.4 108.111 -23.4292
      vertex 37.4 108.132 -23.5584
    endloop
  endfacet
  facet normal -0.000575068 0.985055 0.172237
    outer loop
      vertex 37.4 108.111 -23.4292
      vertex 34.6753 108.132 -23.5584
      vertex 34.6593 108.124 -23.5127
    endloop
  endfacet
  facet normal 0 0.547415 -0.836861
    outer loop
      vertex 32.1063 108.62 -22.2873
      vertex 37.4 108.729 -22.216
      vertex 37.4 108.62 -22.2873
    endloop
  endfacet
  facet normal 3.60776e-05 0.546187 -0.837663
    outer loop
      vertex 31.9904 108.647 -22.2697
      vertex 37.4 108.729 -22.216
      vertex 32.1063 108.62 -22.2873
    endloop
  endfacet
  facet normal -4.99122e-05 0.550156 -0.835062
    outer loop
      vertex 31.7925 108.674 -22.2519
      vertex 37.4 108.729 -22.216
      vertex 31.9904 108.647 -22.2697
    endloop
  endfacet
  facet normal 0 0.546593 -0.837399
    outer loop
      vertex 37.4 108.729 -22.216
      vertex 31.7925 108.674 -22.2519
      vertex 31.3942 108.729 -22.216
    endloop
  endfacet
  facet normal 0 -0.455787 0.890089
    outer loop
      vertex 29 109.979 -24.3811
      vertex 37.4 109.863 -24.4405
      vertex 37.4 109.979 -24.3811
    endloop
  endfacet
  facet normal 0 -0.455787 0.890089
    outer loop
      vertex 37.4 109.863 -24.4405
      vertex 29 109.979 -24.3811
      vertex 29 109.863 -24.4405
    endloop
  endfacet
  facet normal 0 -0.627946 0.778257
    outer loop
      vertex 29 110.191 -24.2275
      vertex 37.4 110.089 -24.3098
      vertex 37.4 110.191 -24.2275
    endloop
  endfacet
  facet normal 0 -0.627946 0.778257
    outer loop
      vertex 37.4 110.089 -24.3098
      vertex 29 110.191 -24.2275
      vertex 29 110.089 -24.3098
    endloop
  endfacet
  facet normal 0 -0.839509 0.543346
    outer loop
      vertex 29 110.366 -24.0333
      vertex 37.4 110.437 -23.9236
      vertex 29 110.437 -23.9236
    endloop
  endfacet
  facet normal 0 -0.839509 0.543346
    outer loop
      vertex 37.4 110.437 -23.9236
      vertex 29 110.366 -24.0333
      vertex 37.4 110.366 -24.0333
    endloop
  endfacet
  facet normal 0 -0.892274 0.451494
    outer loop
      vertex 29 110.437 -23.9236
      vertex 37.4 110.496 -23.807
      vertex 29 110.496 -23.807
    endloop
  endfacet
  facet normal 0 -0.892274 0.451494
    outer loop
      vertex 37.4 110.496 -23.807
      vertex 29 110.437 -23.9236
      vertex 37.4 110.437 -23.9236
    endloop
  endfacet
  facet normal 0 -0.774737 0.632283
    outer loop
      vertex 29 110.283 -24.135
      vertex 37.4 110.366 -24.0333
      vertex 29 110.366 -24.0333
    endloop
  endfacet
  facet normal 0 -0.774737 0.632283
    outer loop
      vertex 37.4 110.366 -24.0333
      vertex 29 110.283 -24.135
      vertex 37.4 110.283 -24.135
    endloop
  endfacet
  facet normal 0 -0.965675 -0.259754
    outer loop
      vertex 29 110.577 -23.0387
      vertex 37.4 110.543 -22.9123
      vertex 29 110.543 -22.9123
    endloop
  endfacet
  facet normal 0 -0.965675 -0.259754
    outer loop
      vertex 37.4 110.543 -22.9123
      vertex 29 110.577 -23.0387
      vertex 37.4 110.577 -23.0387
    endloop
  endfacet
  facet normal 0 -0.987047 -0.160433
    outer loop
      vertex 29 110.598 -23.1679
      vertex 37.4 110.577 -23.0387
      vertex 29 110.577 -23.0387
    endloop
  endfacet
  facet normal 0 -0.987047 -0.160433
    outer loop
      vertex 37.4 110.577 -23.0387
      vertex 29 110.598 -23.1679
      vertex 37.4 110.598 -23.1679
    endloop
  endfacet
  facet normal 0 -0.987047 0.160433
    outer loop
      vertex 29 110.577 -23.5584
      vertex 37.4 110.598 -23.4292
      vertex 29 110.598 -23.4292
    endloop
  endfacet
  facet normal 0 -0.987047 0.160433
    outer loop
      vertex 37.4 110.598 -23.4292
      vertex 29 110.577 -23.5584
      vertex 37.4 110.577 -23.5584
    endloop
  endfacet
  facet normal 0 -0.998946 0.0458934
    outer loop
      vertex 29 110.598 -23.4292
      vertex 37.4 110.604 -23.2986
      vertex 29 110.604 -23.2986
    endloop
  endfacet
  facet normal 0 -0.998946 0.0458934
    outer loop
      vertex 37.4 110.604 -23.2986
      vertex 29 110.598 -23.4292
      vertex 37.4 110.598 -23.4292
    endloop
  endfacet
  facet normal 0 -0.965675 0.259754
    outer loop
      vertex 29 110.543 -23.6848
      vertex 37.4 110.577 -23.5584
      vertex 29 110.577 -23.5584
    endloop
  endfacet
  facet normal 0 -0.965675 0.259754
    outer loop
      vertex 37.4 110.577 -23.5584
      vertex 29 110.543 -23.6848
      vertex 37.4 110.543 -23.6848
    endloop
  endfacet
  facet normal 0 0.0522363 -0.998635
    outer loop
      vertex 29 109.224 -22.0554
      vertex 37.4 109.354 -22.0486
      vertex 37.4 109.224 -22.0554
    endloop
  endfacet
  facet normal 0 0.0522363 -0.998635
    outer loop
      vertex 37.4 109.354 -22.0486
      vertex 29 109.224 -22.0554
      vertex 29 109.354 -22.0486
    endloop
  endfacet
  facet normal 0 0.259094 -0.965852
    outer loop
      vertex 29 108.968 -22.1097
      vertex 37.4 109.094 -22.0759
      vertex 37.4 108.968 -22.1097
    endloop
  endfacet
  facet normal 0 0.259094 -0.965852
    outer loop
      vertex 37.4 109.094 -22.0759
      vertex 29 108.968 -22.1097
      vertex 29 109.094 -22.0759
    endloop
  endfacet
  facet normal 0 -0.543915 -0.83914
    outer loop
      vertex 29 109.979 -22.216
      vertex 37.4 110.089 -22.2873
      vertex 37.4 109.979 -22.216
    endloop
  endfacet
  facet normal -0 -0.543915 -0.83914
    outer loop
      vertex 37.4 110.089 -22.2873
      vertex 29 109.979 -22.216
      vertex 29 110.089 -22.2873
    endloop
  endfacet
  facet normal 0 -0.455787 -0.890089
    outer loop
      vertex 29 109.863 -22.1566
      vertex 37.4 109.979 -22.216
      vertex 37.4 109.863 -22.1566
    endloop
  endfacet
  facet normal -0 -0.455787 -0.890089
    outer loop
      vertex 37.4 109.979 -22.216
      vertex 29 109.863 -22.1566
      vertex 29 109.979 -22.216
    endloop
  endfacet
  facet normal 0 -0.892118 -0.451802
    outer loop
      vertex 29 110.496 -22.7901
      vertex 37.4 110.437 -22.6736
      vertex 29 110.437 -22.6736
    endloop
  endfacet
  facet normal 0 -0.892118 -0.451802
    outer loop
      vertex 37.4 110.437 -22.6736
      vertex 29 110.496 -22.7901
      vertex 37.4 110.496 -22.7901
    endloop
  endfacet
  facet normal 0 0.889181 0.457555
    outer loop
      vertex 37.4 108.272 -23.9236
      vertex 34.6586 108.212 -23.807
      vertex 37.4 108.212 -23.807
    endloop
  endfacet
  facet normal 0.0192734 0.629269 0.776949
    outer loop
      vertex 34.6586 108.212 -23.807
      vertex 37.4 108.272 -23.9236
      vertex 34.6582 108.213 -23.8078
    endloop
  endfacet
  facet normal 0 0.891016 0.453972
    outer loop
      vertex 34.6582 108.213 -23.8078
      vertex 37.4 108.272 -23.9236
      vertex 34.5971 108.272 -23.9236
    endloop
  endfacet
  facet normal 0 0.627946 0.778257
    outer loop
      vertex 37.4 108.62 -24.3098
      vertex 34.2087 108.518 -24.2275
      vertex 37.4 108.518 -24.2275
    endloop
  endfacet
  facet normal 0 0.627946 0.778257
    outer loop
      vertex 34.2087 108.518 -24.2275
      vertex 37.4 108.62 -24.3098
      vertex 34.0161 108.62 -24.3098
    endloop
  endfacet
  facet normal 0 0.452692 0.891667
    outer loop
      vertex 37.4 108.846 -24.4405
      vertex 33.7951 108.729 -24.3811
      vertex 37.4 108.729 -24.3811
    endloop
  endfacet
  facet normal 0 0.452692 0.891667
    outer loop
      vertex 33.7951 108.729 -24.3811
      vertex 37.4 108.846 -24.4405
      vertex 33.5482 108.846 -24.4405
    endloop
  endfacet
  facet normal 0 0.547415 0.836861
    outer loop
      vertex 37.4 108.729 -24.3811
      vertex 34.0161 108.62 -24.3098
      vertex 37.4 108.62 -24.3098
    endloop
  endfacet
  facet normal 0 0.547415 0.836861
    outer loop
      vertex 34.0161 108.62 -24.3098
      vertex 37.4 108.729 -24.3811
      vertex 33.7951 108.729 -24.3811
    endloop
  endfacet
  facet normal 0 0.257189 0.966361
    outer loop
      vertex 37.4 109.095 -24.5212
      vertex 33.1931 108.968 -24.4874
      vertex 37.4 108.968 -24.4874
    endloop
  endfacet
  facet normal 0 0.257189 0.966361
    outer loop
      vertex 33.1931 108.968 -24.4874
      vertex 37.4 109.095 -24.5212
      vertex 32.7766 109.095 -24.5212
    endloop
  endfacet
  facet normal 0 0.987047 -0.160433
    outer loop
      vertex 34.4356 108.111 -23.1679
      vertex 37.4 108.132 -23.0387
      vertex 37.4 108.111 -23.1679
    endloop
  endfacet
  facet normal 0 0.987047 -0.160433
    outer loop
      vertex 37.4 108.132 -23.0387
      vertex 34.4356 108.111 -23.1679
      vertex 34.2883 108.132 -23.0387
    endloop
  endfacet
  facet normal 0 0.998569 -0.0534811
    outer loop
      vertex 34.55 108.104 -23.2986
      vertex 37.4 108.111 -23.1679
      vertex 37.4 108.104 -23.2986
    endloop
  endfacet
  facet normal 0 0.998569 -0.0534811
    outer loop
      vertex 37.4 108.111 -23.1679
      vertex 34.55 108.104 -23.2986
      vertex 34.4356 108.111 -23.1679
    endloop
  endfacet
  facet normal -0 0.998567 0.053522
    outer loop
      vertex 34.6302 108.111 -23.4292
      vertex 37.4 108.104 -23.2986
      vertex 37.4 108.111 -23.4292
    endloop
  endfacet
  facet normal 0 0.998567 0.053522
    outer loop
      vertex 37.4 108.104 -23.2986
      vertex 34.6302 108.111 -23.4292
      vertex 34.55 108.104 -23.2986
    endloop
  endfacet
  facet normal -0 0.965675 0.259754
    outer loop
      vertex 34.6848 108.166 -23.6848
      vertex 37.4 108.132 -23.5584
      vertex 37.4 108.166 -23.6848
    endloop
  endfacet
  facet normal 0 0.965675 0.259754
    outer loop
      vertex 37.4 108.132 -23.5584
      vertex 34.6848 108.166 -23.6848
      vertex 34.6753 108.132 -23.5584
    endloop
  endfacet
  facet normal -1 0 0
    outer loop
      vertex 37.4 110.598 -23.4292
      vertex 37.4 110.598 -23.1679
      vertex 37.4 110.604 -23.2986
    endloop
  endfacet
  facet normal -1 0 0
    outer loop
      vertex 37.4 110.577 -23.5584
      vertex 37.4 110.598 -23.1679
      vertex 37.4 110.598 -23.4292
    endloop
  endfacet
  facet normal -1 0 0
    outer loop
      vertex 37.4 110.577 -23.5584
      vertex 37.4 110.577 -23.0387
      vertex 37.4 110.598 -23.1679
    endloop
  endfacet
  facet normal -1 0 0
    outer loop
      vertex 37.4 110.543 -23.6848
      vertex 37.4 110.577 -23.0387
      vertex 37.4 110.577 -23.5584
    endloop
  endfacet
  facet normal -1 0 0
    outer loop
      vertex 37.4 110.543 -23.6848
      vertex 37.4 110.543 -22.9123
      vertex 37.4 110.577 -23.0387
    endloop
  endfacet
  facet normal -1 0 0
    outer loop
      vertex 37.4 110.496 -23.807
      vertex 37.4 110.543 -22.9123
      vertex 37.4 110.543 -23.6848
    endloop
  endfacet
  facet normal -1 0 0
    outer loop
      vertex 37.4 110.496 -23.807
      vertex 37.4 110.496 -22.7901
      vertex 37.4 110.543 -22.9123
    endloop
  endfacet
  facet normal -1 0 0
    outer loop
      vertex 37.4 110.437 -23.9236
      vertex 37.4 110.496 -22.7901
      vertex 37.4 110.496 -23.807
    endloop
  endfacet
  facet normal -1 0 0
    outer loop
      vertex 37.4 110.437 -23.9236
      vertex 37.4 110.437 -22.6736
      vertex 37.4 110.496 -22.7901
    endloop
  endfacet
  facet normal -1 0 0
    outer loop
      vertex 37.4 110.366 -24.0333
      vertex 37.4 110.437 -22.6736
      vertex 37.4 110.437 -23.9236
    endloop
  endfacet
  facet normal -1 0 0
    outer loop
      vertex 37.4 110.366 -24.0333
      vertex 37.4 110.366 -22.5638
      vertex 37.4 110.437 -22.6736
    endloop
  endfacet
  facet normal -1 0 0
    outer loop
      vertex 37.4 110.283 -24.135
      vertex 37.4 110.366 -22.5638
      vertex 37.4 110.366 -24.0333
    endloop
  endfacet
  facet normal -1 0 0
    outer loop
      vertex 37.4 110.283 -24.135
      vertex 37.4 110.283 -22.4621
      vertex 37.4 110.366 -22.5638
    endloop
  endfacet
  facet normal -1 0 0
    outer loop
      vertex 37.4 110.191 -24.2275
      vertex 37.4 110.283 -22.4621
      vertex 37.4 110.283 -24.135
    endloop
  endfacet
  facet normal -1 0 0
    outer loop
      vertex 37.4 110.191 -24.2275
      vertex 37.4 110.191 -22.3696
      vertex 37.4 110.283 -22.4621
    endloop
  endfacet
  facet normal -1 0 0
    outer loop
      vertex 37.4 110.089 -24.3098
      vertex 37.4 110.191 -22.3696
      vertex 37.4 110.191 -24.2275
    endloop
  endfacet
  facet normal -1 0 0
    outer loop
      vertex 37.4 110.089 -24.3098
      vertex 37.4 110.089 -22.2873
      vertex 37.4 110.191 -22.3696
    endloop
  endfacet
  facet normal -1 0 0
    outer loop
      vertex 37.4 109.979 -24.3811
      vertex 37.4 110.089 -22.2873
      vertex 37.4 110.089 -24.3098
    endloop
  endfacet
  facet normal -1 0 0
    outer loop
      vertex 37.4 109.979 -24.3811
      vertex 37.4 109.979 -22.216
      vertex 37.4 110.089 -22.2873
    endloop
  endfacet
  facet normal -1 0 0
    outer loop
      vertex 37.4 109.863 -24.4405
      vertex 37.4 109.979 -22.216
      vertex 37.4 109.979 -24.3811
    endloop
  endfacet
  facet normal -1 0 0
    outer loop
      vertex 37.4 109.863 -24.4405
      vertex 37.4 109.863 -22.1566
      vertex 37.4 109.979 -22.216
    endloop
  endfacet
  facet normal -1 0 0
    outer loop
      vertex 37.4 109.741 -24.4874
      vertex 37.4 109.863 -22.1566
      vertex 37.4 109.863 -24.4405
    endloop
  endfacet
  facet normal -1 0 0
    outer loop
      vertex 37.4 109.741 -24.4874
      vertex 37.4 109.741 -22.1097
      vertex 37.4 109.863 -22.1566
    endloop
  endfacet
  facet normal -1 0 0
    outer loop
      vertex 37.4 109.614 -24.5212
      vertex 37.4 109.741 -22.1097
      vertex 37.4 109.741 -24.4874
    endloop
  endfacet
  facet normal -1 0 0
    outer loop
      vertex 37.4 109.614 -24.5212
      vertex 37.4 109.614 -22.0759
      vertex 37.4 109.741 -22.1097
    endloop
  endfacet
  facet normal -1 0 0
    outer loop
      vertex 37.4 109.485 -24.5417
      vertex 37.4 109.614 -22.0759
      vertex 37.4 109.614 -24.5212
    endloop
  endfacet
  facet normal -1 0 0
    outer loop
      vertex 37.4 109.485 -24.5417
      vertex 37.4 109.485 -22.0554
      vertex 37.4 109.614 -22.0759
    endloop
  endfacet
  facet normal -1 0 0
    outer loop
      vertex 37.4 109.354 -24.5486
      vertex 37.4 109.485 -22.0554
      vertex 37.4 109.485 -24.5417
    endloop
  endfacet
  facet normal -1 0 0
    outer loop
      vertex 37.4 109.354 -24.5486
      vertex 37.4 109.354 -22.0486
      vertex 37.4 109.485 -22.0554
    endloop
  endfacet
  facet normal -1 0 0
    outer loop
      vertex 37.4 109.224 -24.5417
      vertex 37.4 109.354 -22.0486
      vertex 37.4 109.354 -24.5486
    endloop
  endfacet
  facet normal -1 0 0
    outer loop
      vertex 37.4 109.224 -24.5417
      vertex 37.4 109.224 -22.0554
      vertex 37.4 109.354 -22.0486
    endloop
  endfacet
  facet normal -1 0 0
    outer loop
      vertex 37.4 109.095 -24.5212
      vertex 37.4 109.224 -22.0554
      vertex 37.4 109.224 -24.5417
    endloop
  endfacet
  facet normal -1 0 0
    outer loop
      vertex 37.4 109.095 -24.5212
      vertex 37.4 109.094 -22.0759
      vertex 37.4 109.224 -22.0554
    endloop
  endfacet
  facet normal -1 0 0
    outer loop
      vertex 37.4 108.968 -24.4874
      vertex 37.4 109.094 -22.0759
      vertex 37.4 109.095 -24.5212
    endloop
  endfacet
  facet normal -1 0 0
    outer loop
      vertex 37.4 108.968 -24.4874
      vertex 37.4 108.968 -22.1097
      vertex 37.4 109.094 -22.0759
    endloop
  endfacet
  facet normal -1 0 0
    outer loop
      vertex 37.4 108.846 -24.4405
      vertex 37.4 108.968 -22.1097
      vertex 37.4 108.968 -24.4874
    endloop
  endfacet
  facet normal -1 0 0
    outer loop
      vertex 37.4 108.846 -24.4405
      vertex 37.4 108.846 -22.1566
      vertex 37.4 108.968 -22.1097
    endloop
  endfacet
  facet normal -1 0 0
    outer loop
      vertex 37.4 108.729 -24.3811
      vertex 37.4 108.846 -22.1566
      vertex 37.4 108.846 -24.4405
    endloop
  endfacet
  facet normal -1 0 0
    outer loop
      vertex 37.4 108.729 -24.3811
      vertex 37.4 108.729 -22.216
      vertex 37.4 108.846 -22.1566
    endloop
  endfacet
  facet normal -1 0 0
    outer loop
      vertex 37.4 108.62 -24.3098
      vertex 37.4 108.729 -22.216
      vertex 37.4 108.729 -24.3811
    endloop
  endfacet
  facet normal -1 0 0
    outer loop
      vertex 37.4 108.62 -24.3098
      vertex 37.4 108.62 -22.2873
      vertex 37.4 108.729 -22.216
    endloop
  endfacet
  facet normal -1 0 0
    outer loop
      vertex 37.4 108.518 -24.2275
      vertex 37.4 108.62 -22.2873
      vertex 37.4 108.62 -24.3098
    endloop
  endfacet
  facet normal -1 0 0
    outer loop
      vertex 37.4 108.518 -24.2275
      vertex 37.4 108.518 -22.3696
      vertex 37.4 108.62 -22.2873
    endloop
  endfacet
  facet normal -1 0 0
    outer loop
      vertex 37.4 108.425 -24.135
      vertex 37.4 108.518 -22.3696
      vertex 37.4 108.518 -24.2275
    endloop
  endfacet
  facet normal -1 0 0
    outer loop
      vertex 37.4 108.425 -24.135
      vertex 37.4 108.425 -22.4621
      vertex 37.4 108.518 -22.3696
    endloop
  endfacet
  facet normal -1 0 0
    outer loop
      vertex 37.4 108.343 -24.0333
      vertex 37.4 108.425 -22.4621
      vertex 37.4 108.425 -24.135
    endloop
  endfacet
  facet normal -1 0 0
    outer loop
      vertex 37.4 108.343 -24.0333
      vertex 37.4 108.343 -22.5638
      vertex 37.4 108.425 -22.4621
    endloop
  endfacet
  facet normal -1 0 0
    outer loop
      vertex 37.4 108.272 -23.9236
      vertex 37.4 108.343 -22.5638
      vertex 37.4 108.343 -24.0333
    endloop
  endfacet
  facet normal -1 0 0
    outer loop
      vertex 37.4 108.272 -23.9236
      vertex 37.4 108.272 -22.6736
      vertex 37.4 108.343 -22.5638
    endloop
  endfacet
  facet normal -1 0 0
    outer loop
      vertex 37.4 108.212 -23.807
      vertex 37.4 108.272 -22.6736
      vertex 37.4 108.272 -23.9236
    endloop
  endfacet
  facet normal -1 0 0
    outer loop
      vertex 37.4 108.212 -23.807
      vertex 37.4 108.212 -22.7901
      vertex 37.4 108.272 -22.6736
    endloop
  endfacet
  facet normal -1 0 0
    outer loop
      vertex 37.4 108.166 -23.6848
      vertex 37.4 108.212 -22.7901
      vertex 37.4 108.212 -23.807
    endloop
  endfacet
  facet normal -1 0 0
    outer loop
      vertex 37.4 108.166 -23.6848
      vertex 37.4 108.166 -22.9123
      vertex 37.4 108.212 -22.7901
    endloop
  endfacet
  facet normal -1 0 0
    outer loop
      vertex 37.4 108.132 -23.5584
      vertex 37.4 108.166 -22.9123
      vertex 37.4 108.166 -23.6848
    endloop
  endfacet
  facet normal -1 0 0
    outer loop
      vertex 37.4 108.132 -23.5584
      vertex 37.4 108.132 -23.0387
      vertex 37.4 108.166 -22.9123
    endloop
  endfacet
  facet normal -1 0 0
    outer loop
      vertex 37.4 108.111 -23.4292
      vertex 37.4 108.132 -23.0387
      vertex 37.4 108.132 -23.5584
    endloop
  endfacet
  facet normal -1 0 0
    outer loop
      vertex 37.4 108.111 -23.4292
      vertex 37.4 108.111 -23.1679
      vertex 37.4 108.132 -23.0387
    endloop
  endfacet
  facet normal -1 0 -0
    outer loop
      vertex 37.4 108.111 -23.1679
      vertex 37.4 108.111 -23.4292
      vertex 37.4 108.104 -23.2986
    endloop
  endfacet
  facet normal 0 0.778473 -0.627678
    outer loop
      vertex 33.3895 108.343 -22.5638
      vertex 37.4 108.425 -22.4621
      vertex 37.4 108.343 -22.5638
    endloop
  endfacet
  facet normal 0 0.778473 -0.627678
    outer loop
      vertex 37.4 108.425 -22.4621
      vertex 33.3895 108.343 -22.5638
      vertex 32.9869 108.425 -22.4621
    endloop
  endfacet
  facet normal 0 0.841019 -0.541006
    outer loop
      vertex 37.4 108.343 -22.5638
      vertex 33.4473 108.332 -22.5809
      vertex 33.3895 108.343 -22.5638
    endloop
  endfacet
  facet normal 0 0.839734 -0.542998
    outer loop
      vertex 33.6665 108.272 -22.6736
      vertex 37.4 108.343 -22.5638
      vertex 37.4 108.272 -22.6736
    endloop
  endfacet
  facet normal 1.42881e-05 0.839513 -0.54334
    outer loop
      vertex 37.4 108.343 -22.5638
      vertex 33.6665 108.272 -22.6736
      vertex 33.4473 108.332 -22.5809
    endloop
  endfacet
  facet normal 0 0.705198 -0.70901
    outer loop
      vertex 32.9869 108.425 -22.4621
      vertex 37.4 108.518 -22.3696
      vertex 37.4 108.425 -22.4621
    endloop
  endfacet
  facet normal 0 0.705198 -0.70901
    outer loop
      vertex 37.4 108.518 -22.3696
      vertex 32.9869 108.425 -22.4621
      vertex 32.5576 108.518 -22.3696
    endloop
  endfacet
  facet normal 0 0.452692 -0.891667
    outer loop
      vertex 31.3942 108.729 -22.216
      vertex 37.4 108.846 -22.1566
      vertex 37.4 108.729 -22.216
    endloop
  endfacet
  facet normal 0 0.452692 -0.891667
    outer loop
      vertex 37.4 108.846 -22.1566
      vertex 31.3942 108.729 -22.216
      vertex 30.5818 108.846 -22.1566
    endloop
  endfacet
  facet normal 0 -0.543915 0.83914
    outer loop
      vertex 29 110.089 -24.3098
      vertex 37.4 109.979 -24.3811
      vertex 37.4 110.089 -24.3098
    endloop
  endfacet
  facet normal 0 -0.543915 0.83914
    outer loop
      vertex 37.4 109.979 -24.3811
      vertex 29 110.089 -24.3098
      vertex 29 109.979 -24.3811
    endloop
  endfacet
  facet normal 0 -0.70902 0.705188
    outer loop
      vertex 29 110.283 -24.135
      vertex 37.4 110.191 -24.2275
      vertex 37.4 110.283 -24.135
    endloop
  endfacet
  facet normal 0 -0.70902 0.705188
    outer loop
      vertex 37.4 110.191 -24.2275
      vertex 29 110.283 -24.135
      vertex 29 110.191 -24.2275
    endloop
  endfacet
  facet normal 0 -0.257189 -0.966361
    outer loop
      vertex 29 109.614 -22.0759
      vertex 37.4 109.741 -22.1097
      vertex 37.4 109.614 -22.0759
    endloop
  endfacet
  facet normal -0 -0.257189 -0.966361
    outer loop
      vertex 37.4 109.741 -22.1097
      vertex 29 109.614 -22.0759
      vertex 29 109.741 -22.1097
    endloop
  endfacet
  facet normal 0 -0.627946 -0.778257
    outer loop
      vertex 29 110.089 -22.2873
      vertex 37.4 110.191 -22.3696
      vertex 37.4 110.089 -22.2873
    endloop
  endfacet
  facet normal -0 -0.627946 -0.778257
    outer loop
      vertex 37.4 110.191 -22.3696
      vertex 29 110.089 -22.2873
      vertex 29 110.191 -22.3696
    endloop
  endfacet
  facet normal 0 -0.774737 -0.632283
    outer loop
      vertex 29 110.366 -22.5638
      vertex 37.4 110.283 -22.4621
      vertex 29 110.283 -22.4621
    endloop
  endfacet
  facet normal 0 -0.774737 -0.632283
    outer loop
      vertex 37.4 110.283 -22.4621
      vertex 29 110.366 -22.5638
      vertex 37.4 110.366 -22.5638
    endloop
  endfacet
  facet normal 0 0.839509 0.543346
    outer loop
      vertex 37.4 108.343 -24.0333
      vertex 34.5971 108.272 -23.9236
      vertex 37.4 108.272 -23.9236
    endloop
  endfacet
  facet normal 0 0.839509 0.543346
    outer loop
      vertex 34.5971 108.272 -23.9236
      vertex 37.4 108.343 -24.0333
      vertex 34.5008 108.343 -24.0333
    endloop
  endfacet
  facet normal 0 0.705198 0.70901
    outer loop
      vertex 37.4 108.518 -24.2275
      vertex 34.3709 108.425 -24.135
      vertex 37.4 108.425 -24.135
    endloop
  endfacet
  facet normal 0 0.705198 0.70901
    outer loop
      vertex 34.3709 108.425 -24.135
      vertex 37.4 108.518 -24.2275
      vertex 34.2087 108.518 -24.2275
    endloop
  endfacet
  facet normal 0 0.156945 0.987607
    outer loop
      vertex 37.4 109.224 -24.5417
      vertex 32.7766 109.095 -24.5212
      vertex 37.4 109.095 -24.5212
    endloop
  endfacet
  facet normal 0 0.156945 0.987607
    outer loop
      vertex 32.7766 109.095 -24.5212
      vertex 37.4 109.224 -24.5417
      vertex 32.3358 109.224 -24.5417
    endloop
  endfacet
  facet normal 0 0.0530023 0.998594
    outer loop
      vertex 37.4 109.354 -24.5486
      vertex 32.3358 109.224 -24.5417
      vertex 37.4 109.224 -24.5417
    endloop
  endfacet
  facet normal -3.44798e-05 0.0543417 0.998522
    outer loop
      vertex 37.4 109.354 -24.5486
      vertex 32.2572 109.246 -24.5429
      vertex 32.3358 109.224 -24.5417
    endloop
  endfacet
  facet normal 2.63573e-05 0.0514528 0.998675
    outer loop
      vertex 37.4 109.354 -24.5486
      vertex 32.012 109.316 -24.5465
      vertex 32.2572 109.246 -24.5429
    endloop
  endfacet
  facet normal 0 0.055179 0.998476
    outer loop
      vertex 32.012 109.316 -24.5465
      vertex 37.4 109.354 -24.5486
      vertex 31.7808 109.354 -24.5486
    endloop
  endfacet
  facet normal 0 -0.0525988 0.998616
    outer loop
      vertex 37.4 109.485 -24.5417
      vertex 31.7808 109.354 -24.5486
      vertex 37.4 109.354 -24.5486
    endloop
  endfacet
  facet normal -5.55397e-05 -0.0502229 0.998738
    outer loop
      vertex 37.4 109.485 -24.5417
      vertex 31.7602 109.358 -24.5484
      vertex 31.7808 109.354 -24.5486
    endloop
  endfacet
  facet normal 0 -0.0526826 0.998611
    outer loop
      vertex 31.7602 109.358 -24.5484
      vertex 37.4 109.485 -24.5417
      vertex 30.9771 109.485 -24.5417
    endloop
  endfacet
  facet normal 0 -0.156945 0.987607
    outer loop
      vertex 37.4 109.614 -24.5212
      vertex 30.9771 109.485 -24.5417
      vertex 37.4 109.485 -24.5417
    endloop
  endfacet
  facet normal -2.42955e-05 -0.155765 0.987794
    outer loop
      vertex 37.4 109.614 -24.5212
      vertex 30.5145 109.558 -24.5302
      vertex 30.9771 109.485 -24.5417
    endloop
  endfacet
  facet normal 5.88868e-05 -0.165732 0.986171
    outer loop
      vertex 37.4 109.614 -24.5212
      vertex 30.2588 109.571 -24.528
      vertex 30.5145 109.558 -24.5302
    endloop
  endfacet
  facet normal 0 -0.156198 0.987726
    outer loop
      vertex 30.2588 109.571 -24.528
      vertex 37.4 109.614 -24.5212
      vertex 29.436 109.614 -24.5212
    endloop
  endfacet
  facet normal 0 0.965675 -0.259754
    outer loop
      vertex 34.2883 108.132 -23.0387
      vertex 37.4 108.166 -22.9123
      vertex 37.4 108.132 -23.0387
    endloop
  endfacet
  facet normal 0 0.965675 -0.259754
    outer loop
      vertex 37.4 108.166 -22.9123
      vertex 34.2883 108.132 -23.0387
      vertex 34.1097 108.166 -22.9123
    endloop
  endfacet
  facet normal 0 0.889022 -0.457865
    outer loop
      vertex 33.9016 108.212 -22.7901
      vertex 37.4 108.272 -22.6736
      vertex 37.4 108.212 -22.7901
    endloop
  endfacet
  facet normal 0 0.889022 -0.457865
    outer loop
      vertex 37.4 108.272 -22.6736
      vertex 33.9016 108.212 -22.7901
      vertex 33.6665 108.272 -22.6736
    endloop
  endfacet
  facet normal 0 -0.257189 0.966361
    outer loop
      vertex 37.4 109.741 -24.4874
      vertex 29.436 109.614 -24.5212
      vertex 37.4 109.614 -24.5212
    endloop
  endfacet
  facet normal 0 -0.257189 0.966361
    outer loop
      vertex 29 109.741 -24.4874
      vertex 29.436 109.614 -24.5212
      vertex 37.4 109.741 -24.4874
    endloop
  endfacet
  facet normal 0.000120333 -0.256803 0.966464
    outer loop
      vertex 29.436 109.614 -24.5212
      vertex 29 109.741 -24.4874
      vertex 29 109.636 -24.5153
    endloop
  endfacet
  facet normal 0 -0.358825 0.933405
    outer loop
      vertex 29 125.029 -67.8801
      vertex 37.4 124.907 -67.927
      vertex 37.4 125.029 -67.8801
    endloop
  endfacet
  facet normal 0 -0.358825 0.933405
    outer loop
      vertex 37.4 124.907 -67.927
      vertex 29 125.029 -67.8801
      vertex 29 124.907 -67.927
    endloop
  endfacet
  facet normal 0 0.358825 -0.933405
    outer loop
      vertex 29 124.012 -65.5962
      vertex 37.4 124.134 -65.5493
      vertex 37.4 124.012 -65.5962
    endloop
  endfacet
  facet normal 0 0.358825 -0.933405
    outer loop
      vertex 37.4 124.134 -65.5493
      vertex 29 124.012 -65.5962
      vertex 29 124.134 -65.5493
    endloop
  endfacet
  facet normal 0 -0.933346 -0.358979
    outer loop
      vertex 29 125.709 -66.3519
      vertex 37.4 125.662 -66.2297
      vertex 29 125.662 -66.2297
    endloop
  endfacet
  facet normal 0 -0.933346 -0.358979
    outer loop
      vertex 37.4 125.662 -66.2297
      vertex 29 125.709 -66.3519
      vertex 37.4 125.709 -66.3519
    endloop
  endfacet
  facet normal 0 0.933346 0.358979
    outer loop
      vertex 37.4 123.378 -67.2466
      vertex 29 123.331 -67.1244
      vertex 37.4 123.331 -67.1244
    endloop
  endfacet
  facet normal 0 0.933346 0.358979
    outer loop
      vertex 29 123.331 -67.1244
      vertex 37.4 123.378 -67.2466
      vertex 29 123.378 -67.2466
    endloop
  endfacet
  facet normal 0 0.933346 -0.358979
    outer loop
      vertex 37.4 123.331 -66.3519
      vertex 29 123.378 -66.2297
      vertex 37.4 123.378 -66.2297
    endloop
  endfacet
  facet normal 0 0.933346 -0.358979
    outer loop
      vertex 29 123.378 -66.2297
      vertex 37.4 123.331 -66.3519
      vertex 29 123.331 -66.3519
    endloop
  endfacet
  facet normal 0 -0.358825 -0.933405
    outer loop
      vertex 29 124.907 -65.5493
      vertex 37.4 125.029 -65.5962
      vertex 37.4 124.907 -65.5493
    endloop
  endfacet
  facet normal -0 -0.358825 -0.933405
    outer loop
      vertex 37.4 125.029 -65.5962
      vertex 29 124.907 -65.5493
      vertex 29 125.029 -65.5962
    endloop
  endfacet
  facet normal 0 -0.70902 -0.705188
    outer loop
      vertex 29 125.449 -65.9017
      vertex 37.4 125.357 -65.8092
      vertex 29 125.357 -65.8092
    endloop
  endfacet
  facet normal 0 -0.70902 -0.705188
    outer loop
      vertex 37.4 125.357 -65.8092
      vertex 29 125.449 -65.9017
      vertex 37.4 125.449 -65.9017
    endloop
  endfacet
  facet normal 0 0.63169 -0.775221
    outer loop
      vertex 29 123.684 -65.8092
      vertex 37.4 123.785 -65.7269
      vertex 37.4 123.684 -65.8092
    endloop
  endfacet
  facet normal 0 0.63169 -0.775221
    outer loop
      vertex 37.4 123.785 -65.7269
      vertex 29 123.684 -65.8092
      vertex 29 123.785 -65.7269
    endloop
  endfacet
  facet normal 0 -0.933346 0.358979
    outer loop
      vertex 29 125.662 -67.2466
      vertex 37.4 125.709 -67.1244
      vertex 29 125.709 -67.1244
    endloop
  endfacet
  facet normal 0 -0.933346 0.358979
    outer loop
      vertex 37.4 125.709 -67.1244
      vertex 29 125.662 -67.2466
      vertex 37.4 125.662 -67.2466
    endloop
  endfacet
  facet normal 0 -0.998567 -0.053522
    outer loop
      vertex 29 125.77 -66.7381
      vertex 37.4 125.763 -66.6075
      vertex 29 125.763 -66.6075
    endloop
  endfacet
  facet normal 0 -0.998567 -0.053522
    outer loop
      vertex 37.4 125.763 -66.6075
      vertex 29 125.77 -66.7381
      vertex 37.4 125.77 -66.7381
    endloop
  endfacet
  facet normal 0 -0.0525988 -0.998616
    outer loop
      vertex 29 124.52 -65.4881
      vertex 37.4 124.651 -65.495
      vertex 37.4 124.52 -65.4881
    endloop
  endfacet
  facet normal -0 -0.0525988 -0.998616
    outer loop
      vertex 37.4 124.651 -65.495
      vertex 29 124.52 -65.4881
      vertex 29 124.651 -65.495
    endloop
  endfacet
  facet normal 0 -0.156198 -0.987726
    outer loop
      vertex 29 124.651 -65.495
      vertex 37.4 124.78 -65.5154
      vertex 37.4 124.651 -65.495
    endloop
  endfacet
  facet normal -0 -0.156198 -0.987726
    outer loop
      vertex 37.4 124.78 -65.5154
      vertex 29 124.651 -65.495
      vertex 29 124.78 -65.5154
    endloop
  endfacet
  facet normal 0 0.155026 -0.98791
    outer loop
      vertex 29 124.26 -65.5154
      vertex 37.4 124.39 -65.495
      vertex 37.4 124.26 -65.5154
    endloop
  endfacet
  facet normal 0 0.155026 -0.98791
    outer loop
      vertex 37.4 124.39 -65.495
      vertex 29 124.26 -65.5154
      vertex 29 124.39 -65.495
    endloop
  endfacet
  facet normal 0 -0.839509 -0.543346
    outer loop
      vertex 29 125.603 -66.1131
      vertex 37.4 125.532 -66.0034
      vertex 29 125.532 -66.0034
    endloop
  endfacet
  facet normal 0 -0.839509 -0.543346
    outer loop
      vertex 37.4 125.532 -66.0034
      vertex 29 125.603 -66.1131
      vertex 37.4 125.603 -66.1131
    endloop
  endfacet
  facet normal 0 0.778172 0.628052
    outer loop
      vertex 37.4 123.591 -67.5745
      vertex 29 123.509 -67.4729
      vertex 37.4 123.509 -67.4729
    endloop
  endfacet
  facet normal 0 0.778172 0.628052
    outer loop
      vertex 29 123.509 -67.4729
      vertex 37.4 123.591 -67.5745
      vertex 29 123.591 -67.5745
    endloop
  endfacet
  facet normal -0 0.358825 0.933405
    outer loop
      vertex 29 124.134 -67.927
      vertex 37.4 124.012 -67.8801
      vertex 37.4 124.134 -67.927
    endloop
  endfacet
  facet normal 0 0.358825 0.933405
    outer loop
      vertex 37.4 124.012 -67.8801
      vertex 29 124.134 -67.927
      vertex 29 124.012 -67.8801
    endloop
  endfacet
  facet normal 0 0.987047 0.160433
    outer loop
      vertex 37.4 123.298 -66.998
      vertex 29 123.277 -66.8688
      vertex 37.4 123.277 -66.8688
    endloop
  endfacet
  facet normal 0 0.987047 0.160433
    outer loop
      vertex 29 123.277 -66.8688
      vertex 37.4 123.298 -66.998
      vertex 29 123.298 -66.998
    endloop
  endfacet
  facet normal 0 0.543915 -0.83914
    outer loop
      vertex 29 123.785 -65.7269
      vertex 37.4 123.895 -65.6556
      vertex 37.4 123.785 -65.7269
    endloop
  endfacet
  facet normal 0 0.543915 -0.83914
    outer loop
      vertex 37.4 123.895 -65.6556
      vertex 29 123.785 -65.7269
      vertex 29 123.895 -65.6556
    endloop
  endfacet
  facet normal 0 -0.455787 0.890089
    outer loop
      vertex 29 125.145 -67.8207
      vertex 37.4 125.029 -67.8801
      vertex 37.4 125.145 -67.8207
    endloop
  endfacet
  facet normal 0 -0.455787 0.890089
    outer loop
      vertex 37.4 125.029 -67.8801
      vertex 29 125.145 -67.8207
      vertex 29 125.029 -67.8801
    endloop
  endfacet
  facet normal 0 -0.627946 0.778257
    outer loop
      vertex 29 125.357 -67.6671
      vertex 37.4 125.255 -67.7494
      vertex 37.4 125.357 -67.6671
    endloop
  endfacet
  facet normal 0 -0.627946 0.778257
    outer loop
      vertex 37.4 125.255 -67.7494
      vertex 29 125.357 -67.6671
      vertex 29 125.255 -67.7494
    endloop
  endfacet
  facet normal 0 -0.839734 0.542998
    outer loop
      vertex 29 125.532 -67.4729
      vertex 37.4 125.603 -67.3631
      vertex 29 125.603 -67.3631
    endloop
  endfacet
  facet normal 0 -0.839734 0.542998
    outer loop
      vertex 37.4 125.603 -67.3631
      vertex 29 125.532 -67.4729
      vertex 37.4 125.532 -67.4729
    endloop
  endfacet
  facet normal 0 -0.892118 0.451802
    outer loop
      vertex 29 125.603 -67.3631
      vertex 37.4 125.662 -67.2466
      vertex 29 125.662 -67.2466
    endloop
  endfacet
  facet normal 0 -0.892118 0.451802
    outer loop
      vertex 37.4 125.662 -67.2466
      vertex 29 125.603 -67.3631
      vertex 37.4 125.603 -67.3631
    endloop
  endfacet
  facet normal 0 -0.774433 0.632657
    outer loop
      vertex 29 125.449 -67.5745
      vertex 37.4 125.532 -67.4729
      vertex 29 125.532 -67.4729
    endloop
  endfacet
  facet normal 0 -0.774433 0.632657
    outer loop
      vertex 37.4 125.532 -67.4729
      vertex 29 125.449 -67.5745
      vertex 37.4 125.449 -67.5745
    endloop
  endfacet
  facet normal 0 -0.965623 -0.259946
    outer loop
      vertex 29 125.743 -66.4782
      vertex 37.4 125.709 -66.3519
      vertex 29 125.709 -66.3519
    endloop
  endfacet
  facet normal 0 -0.965623 -0.259946
    outer loop
      vertex 37.4 125.709 -66.3519
      vertex 29 125.743 -66.4782
      vertex 37.4 125.743 -66.4782
    endloop
  endfacet
  facet normal 0 -0.988248 -0.152861
    outer loop
      vertex 29 125.763 -66.6075
      vertex 37.4 125.743 -66.4782
      vertex 29 125.743 -66.4782
    endloop
  endfacet
  facet normal 0 -0.988248 -0.152861
    outer loop
      vertex 37.4 125.743 -66.4782
      vertex 29 125.763 -66.6075
      vertex 37.4 125.763 -66.6075
    endloop
  endfacet
  facet normal 0 -0.98823 0.152977
    outer loop
      vertex 29 125.743 -66.998
      vertex 37.4 125.763 -66.8688
      vertex 29 125.763 -66.8688
    endloop
  endfacet
  facet normal 0 -0.98823 0.152977
    outer loop
      vertex 37.4 125.763 -66.8688
      vertex 29 125.743 -66.998
      vertex 37.4 125.743 -66.998
    endloop
  endfacet
  facet normal 0 -0.998569 0.0534811
    outer loop
      vertex 29 125.763 -66.8688
      vertex 37.4 125.77 -66.7381
      vertex 29 125.77 -66.7381
    endloop
  endfacet
  facet normal 0 -0.998569 0.0534811
    outer loop
      vertex 37.4 125.77 -66.7381
      vertex 29 125.763 -66.8688
      vertex 37.4 125.763 -66.8688
    endloop
  endfacet
  facet normal 0 -0.965675 0.259754
    outer loop
      vertex 29 125.709 -67.1244
      vertex 37.4 125.743 -66.998
      vertex 29 125.743 -66.998
    endloop
  endfacet
  facet normal 0 -0.965675 0.259754
    outer loop
      vertex 37.4 125.743 -66.998
      vertex 29 125.709 -67.1244
      vertex 37.4 125.709 -67.1244
    endloop
  endfacet
  facet normal 0 0.0530023 -0.998594
    outer loop
      vertex 29 124.39 -65.495
      vertex 37.4 124.52 -65.4881
      vertex 37.4 124.39 -65.495
    endloop
  endfacet
  facet normal 0 0.0530023 -0.998594
    outer loop
      vertex 37.4 124.52 -65.4881
      vertex 29 124.39 -65.495
      vertex 29 124.52 -65.4881
    endloop
  endfacet
  facet normal 0 0.259809 -0.96566
    outer loop
      vertex 29 124.134 -65.5493
      vertex 37.4 124.26 -65.5154
      vertex 37.4 124.134 -65.5493
    endloop
  endfacet
  facet normal 0 0.259809 -0.96566
    outer loop
      vertex 37.4 124.26 -65.5154
      vertex 29 124.134 -65.5493
      vertex 29 124.26 -65.5154
    endloop
  endfacet
  facet normal 0 -0.543915 -0.83914
    outer loop
      vertex 29 125.145 -65.6556
      vertex 37.4 125.255 -65.7269
      vertex 37.4 125.145 -65.6556
    endloop
  endfacet
  facet normal -0 -0.543915 -0.83914
    outer loop
      vertex 37.4 125.255 -65.7269
      vertex 29 125.145 -65.6556
      vertex 29 125.255 -65.7269
    endloop
  endfacet
  facet normal 0 -0.455787 -0.890089
    outer loop
      vertex 29 125.029 -65.5962
      vertex 37.4 125.145 -65.6556
      vertex 37.4 125.029 -65.5962
    endloop
  endfacet
  facet normal -0 -0.455787 -0.890089
    outer loop
      vertex 37.4 125.145 -65.6556
      vertex 29 125.029 -65.5962
      vertex 29 125.145 -65.6556
    endloop
  endfacet
  facet normal 0 -0.892274 -0.451494
    outer loop
      vertex 29 125.662 -66.2297
      vertex 37.4 125.603 -66.1131
      vertex 29 125.603 -66.1131
    endloop
  endfacet
  facet normal 0 -0.892274 -0.451494
    outer loop
      vertex 37.4 125.603 -66.1131
      vertex 29 125.662 -66.2297
      vertex 37.4 125.662 -66.2297
    endloop
  endfacet
  facet normal 0 0.889022 0.457865
    outer loop
      vertex 37.4 123.438 -67.3631
      vertex 29 123.378 -67.2466
      vertex 37.4 123.378 -67.2466
    endloop
  endfacet
  facet normal 0 0.889022 0.457865
    outer loop
      vertex 29 123.378 -67.2466
      vertex 37.4 123.438 -67.3631
      vertex 29 123.438 -67.3631
    endloop
  endfacet
  facet normal -0 0.63169 0.775221
    outer loop
      vertex 29 123.785 -67.7494
      vertex 37.4 123.684 -67.6671
      vertex 37.4 123.785 -67.7494
    endloop
  endfacet
  facet normal 0 0.63169 0.775221
    outer loop
      vertex 37.4 123.684 -67.6671
      vertex 29 123.785 -67.7494
      vertex 29 123.684 -67.6671
    endloop
  endfacet
  facet normal -0 0.452692 0.891667
    outer loop
      vertex 29 124.012 -67.8801
      vertex 37.4 123.895 -67.8207
      vertex 37.4 124.012 -67.8801
    endloop
  endfacet
  facet normal 0 0.452692 0.891667
    outer loop
      vertex 37.4 123.895 -67.8207
      vertex 29 124.012 -67.8801
      vertex 29 123.895 -67.8207
    endloop
  endfacet
  facet normal -0 0.543915 0.83914
    outer loop
      vertex 29 123.895 -67.8207
      vertex 37.4 123.785 -67.7494
      vertex 37.4 123.895 -67.8207
    endloop
  endfacet
  facet normal 0 0.543915 0.83914
    outer loop
      vertex 37.4 123.785 -67.7494
      vertex 29 123.895 -67.8207
      vertex 29 123.785 -67.7494
    endloop
  endfacet
  facet normal -0 0.259094 0.965852
    outer loop
      vertex 29 124.26 -67.9608
      vertex 37.4 124.134 -67.927
      vertex 37.4 124.26 -67.9608
    endloop
  endfacet
  facet normal 0 0.259094 0.965852
    outer loop
      vertex 37.4 124.134 -67.927
      vertex 29 124.26 -67.9608
      vertex 29 124.134 -67.927
    endloop
  endfacet
  facet normal 0 0.987066 -0.160312
    outer loop
      vertex 37.4 123.277 -66.6075
      vertex 29 123.298 -66.4782
      vertex 37.4 123.298 -66.4782
    endloop
  endfacet
  facet normal 0 0.987066 -0.160312
    outer loop
      vertex 29 123.298 -66.4782
      vertex 37.4 123.277 -66.6075
      vertex 29 123.277 -66.6075
    endloop
  endfacet
  facet normal 0 0.998567 -0.053522
    outer loop
      vertex 37.4 123.27 -66.7381
      vertex 29 123.277 -66.6075
      vertex 37.4 123.277 -66.6075
    endloop
  endfacet
  facet normal 0 0.998567 -0.053522
    outer loop
      vertex 29 123.277 -66.6075
      vertex 37.4 123.27 -66.7381
      vertex 29 123.27 -66.7381
    endloop
  endfacet
  facet normal 0 0.998569 0.0534811
    outer loop
      vertex 37.4 123.277 -66.8688
      vertex 29 123.27 -66.7381
      vertex 37.4 123.27 -66.7381
    endloop
  endfacet
  facet normal 0 0.998569 0.0534811
    outer loop
      vertex 29 123.27 -66.7381
      vertex 37.4 123.277 -66.8688
      vertex 29 123.277 -66.8688
    endloop
  endfacet
  facet normal 0 0.967568 0.252609
    outer loop
      vertex 37.4 123.331 -67.1244
      vertex 29 123.298 -66.998
      vertex 37.4 123.298 -66.998
    endloop
  endfacet
  facet normal 0 0.967568 0.252609
    outer loop
      vertex 29 123.298 -66.998
      vertex 37.4 123.331 -67.1244
      vertex 29 123.331 -67.1244
    endloop
  endfacet
  facet normal -1 0 0
    outer loop
      vertex 37.4 125.763 -66.8688
      vertex 37.4 125.763 -66.6075
      vertex 37.4 125.77 -66.7381
    endloop
  endfacet
  facet normal -1 0 0
    outer loop
      vertex 37.4 125.743 -66.998
      vertex 37.4 125.763 -66.6075
      vertex 37.4 125.763 -66.8688
    endloop
  endfacet
  facet normal -1 0 0
    outer loop
      vertex 37.4 125.743 -66.998
      vertex 37.4 125.743 -66.4782
      vertex 37.4 125.763 -66.6075
    endloop
  endfacet
  facet normal -1 0 0
    outer loop
      vertex 37.4 125.709 -67.1244
      vertex 37.4 125.743 -66.4782
      vertex 37.4 125.743 -66.998
    endloop
  endfacet
  facet normal -1 0 0
    outer loop
      vertex 37.4 125.709 -67.1244
      vertex 37.4 125.709 -66.3519
      vertex 37.4 125.743 -66.4782
    endloop
  endfacet
  facet normal -1 0 0
    outer loop
      vertex 37.4 125.662 -67.2466
      vertex 37.4 125.709 -66.3519
      vertex 37.4 125.709 -67.1244
    endloop
  endfacet
  facet normal -1 0 0
    outer loop
      vertex 37.4 125.662 -67.2466
      vertex 37.4 125.662 -66.2297
      vertex 37.4 125.709 -66.3519
    endloop
  endfacet
  facet normal -1 0 0
    outer loop
      vertex 37.4 125.603 -67.3631
      vertex 37.4 125.662 -66.2297
      vertex 37.4 125.662 -67.2466
    endloop
  endfacet
  facet normal -1 0 0
    outer loop
      vertex 37.4 125.603 -67.3631
      vertex 37.4 125.603 -66.1131
      vertex 37.4 125.662 -66.2297
    endloop
  endfacet
  facet normal -1 0 0
    outer loop
      vertex 37.4 125.532 -67.4729
      vertex 37.4 125.603 -66.1131
      vertex 37.4 125.603 -67.3631
    endloop
  endfacet
  facet normal -1 0 0
    outer loop
      vertex 37.4 125.532 -67.4729
      vertex 37.4 125.532 -66.0034
      vertex 37.4 125.603 -66.1131
    endloop
  endfacet
  facet normal -1 0 0
    outer loop
      vertex 37.4 125.449 -67.5745
      vertex 37.4 125.532 -66.0034
      vertex 37.4 125.532 -67.4729
    endloop
  endfacet
  facet normal -1 0 0
    outer loop
      vertex 37.4 125.449 -67.5745
      vertex 37.4 125.449 -65.9017
      vertex 37.4 125.532 -66.0034
    endloop
  endfacet
  facet normal -1 0 0
    outer loop
      vertex 37.4 125.357 -67.6671
      vertex 37.4 125.449 -65.9017
      vertex 37.4 125.449 -67.5745
    endloop
  endfacet
  facet normal -1 0 0
    outer loop
      vertex 37.4 125.357 -67.6671
      vertex 37.4 125.357 -65.8092
      vertex 37.4 125.449 -65.9017
    endloop
  endfacet
  facet normal -1 0 0
    outer loop
      vertex 37.4 125.255 -67.7494
      vertex 37.4 125.357 -65.8092
      vertex 37.4 125.357 -67.6671
    endloop
  endfacet
  facet normal -1 0 0
    outer loop
      vertex 37.4 125.255 -67.7494
      vertex 37.4 125.255 -65.7269
      vertex 37.4 125.357 -65.8092
    endloop
  endfacet
  facet normal -1 0 0
    outer loop
      vertex 37.4 125.145 -67.8207
      vertex 37.4 125.255 -65.7269
      vertex 37.4 125.255 -67.7494
    endloop
  endfacet
  facet normal -1 0 0
    outer loop
      vertex 37.4 125.145 -67.8207
      vertex 37.4 125.145 -65.6556
      vertex 37.4 125.255 -65.7269
    endloop
  endfacet
  facet normal -1 0 0
    outer loop
      vertex 37.4 125.029 -67.8801
      vertex 37.4 125.145 -65.6556
      vertex 37.4 125.145 -67.8207
    endloop
  endfacet
  facet normal -1 0 0
    outer loop
      vertex 37.4 125.029 -67.8801
      vertex 37.4 125.029 -65.5962
      vertex 37.4 125.145 -65.6556
    endloop
  endfacet
  facet normal -1 0 0
    outer loop
      vertex 37.4 124.907 -67.927
      vertex 37.4 125.029 -65.5962
      vertex 37.4 125.029 -67.8801
    endloop
  endfacet
  facet normal -1 0 0
    outer loop
      vertex 37.4 124.907 -67.927
      vertex 37.4 124.907 -65.5493
      vertex 37.4 125.029 -65.5962
    endloop
  endfacet
  facet normal -1 0 0
    outer loop
      vertex 37.4 124.78 -67.9608
      vertex 37.4 124.907 -65.5493
      vertex 37.4 124.907 -67.927
    endloop
  endfacet
  facet normal -1 0 0
    outer loop
      vertex 37.4 124.78 -67.9608
      vertex 37.4 124.78 -65.5154
      vertex 37.4 124.907 -65.5493
    endloop
  endfacet
  facet normal -1 0 0
    outer loop
      vertex 37.4 124.651 -67.9813
      vertex 37.4 124.78 -65.5154
      vertex 37.4 124.78 -67.9608
    endloop
  endfacet
  facet normal -1 0 0
    outer loop
      vertex 37.4 124.651 -67.9813
      vertex 37.4 124.651 -65.495
      vertex 37.4 124.78 -65.5154
    endloop
  endfacet
  facet normal -1 0 0
    outer loop
      vertex 37.4 124.52 -67.9881
      vertex 37.4 124.651 -65.495
      vertex 37.4 124.651 -67.9813
    endloop
  endfacet
  facet normal -1 0 0
    outer loop
      vertex 37.4 124.52 -67.9881
      vertex 37.4 124.52 -65.4881
      vertex 37.4 124.651 -65.495
    endloop
  endfacet
  facet normal -1 0 0
    outer loop
      vertex 37.4 124.39 -67.9813
      vertex 37.4 124.52 -65.4881
      vertex 37.4 124.52 -67.9881
    endloop
  endfacet
  facet normal -1 0 0
    outer loop
      vertex 37.4 124.39 -67.9813
      vertex 37.4 124.39 -65.495
      vertex 37.4 124.52 -65.4881
    endloop
  endfacet
  facet normal -1 0 0
    outer loop
      vertex 37.4 124.26 -67.9608
      vertex 37.4 124.39 -65.495
      vertex 37.4 124.39 -67.9813
    endloop
  endfacet
  facet normal -1 0 0
    outer loop
      vertex 37.4 124.26 -67.9608
      vertex 37.4 124.26 -65.5154
      vertex 37.4 124.39 -65.495
    endloop
  endfacet
  facet normal -1 0 0
    outer loop
      vertex 37.4 124.134 -67.927
      vertex 37.4 124.26 -65.5154
      vertex 37.4 124.26 -67.9608
    endloop
  endfacet
  facet normal -1 0 0
    outer loop
      vertex 37.4 124.134 -67.927
      vertex 37.4 124.134 -65.5493
      vertex 37.4 124.26 -65.5154
    endloop
  endfacet
  facet normal -1 0 0
    outer loop
      vertex 37.4 124.012 -67.8801
      vertex 37.4 124.134 -65.5493
      vertex 37.4 124.134 -67.927
    endloop
  endfacet
  facet normal -1 0 0
    outer loop
      vertex 37.4 124.012 -67.8801
      vertex 37.4 124.012 -65.5962
      vertex 37.4 124.134 -65.5493
    endloop
  endfacet
  facet normal -1 0 0
    outer loop
      vertex 37.4 123.895 -67.8207
      vertex 37.4 124.012 -65.5962
      vertex 37.4 124.012 -67.8801
    endloop
  endfacet
  facet normal -1 0 0
    outer loop
      vertex 37.4 123.895 -67.8207
      vertex 37.4 123.895 -65.6556
      vertex 37.4 124.012 -65.5962
    endloop
  endfacet
  facet normal -1 0 0
    outer loop
      vertex 37.4 123.785 -67.7494
      vertex 37.4 123.895 -65.6556
      vertex 37.4 123.895 -67.8207
    endloop
  endfacet
  facet normal -1 0 0
    outer loop
      vertex 37.4 123.785 -67.7494
      vertex 37.4 123.785 -65.7269
      vertex 37.4 123.895 -65.6556
    endloop
  endfacet
  facet normal -1 0 0
    outer loop
      vertex 37.4 123.684 -67.6671
      vertex 37.4 123.785 -65.7269
      vertex 37.4 123.785 -67.7494
    endloop
  endfacet
  facet normal -1 0 0
    outer loop
      vertex 37.4 123.684 -67.6671
      vertex 37.4 123.684 -65.8092
      vertex 37.4 123.785 -65.7269
    endloop
  endfacet
  facet normal -1 0 0
    outer loop
      vertex 37.4 123.591 -67.5745
      vertex 37.4 123.684 -65.8092
      vertex 37.4 123.684 -67.6671
    endloop
  endfacet
  facet normal -1 0 0
    outer loop
      vertex 37.4 123.591 -67.5745
      vertex 37.4 123.591 -65.9017
      vertex 37.4 123.684 -65.8092
    endloop
  endfacet
  facet normal -1 0 0
    outer loop
      vertex 37.4 123.509 -67.4729
      vertex 37.4 123.591 -65.9017
      vertex 37.4 123.591 -67.5745
    endloop
  endfacet
  facet normal -1 0 0
    outer loop
      vertex 37.4 123.509 -67.4729
      vertex 37.4 123.509 -66.0034
      vertex 37.4 123.591 -65.9017
    endloop
  endfacet
  facet normal -1 0 0
    outer loop
      vertex 37.4 123.438 -67.3631
      vertex 37.4 123.509 -66.0034
      vertex 37.4 123.509 -67.4729
    endloop
  endfacet
  facet normal -1 0 0
    outer loop
      vertex 37.4 123.438 -67.3631
      vertex 37.4 123.438 -66.1131
      vertex 37.4 123.509 -66.0034
    endloop
  endfacet
  facet normal -1 0 0
    outer loop
      vertex 37.4 123.378 -67.2466
      vertex 37.4 123.438 -66.1131
      vertex 37.4 123.438 -67.3631
    endloop
  endfacet
  facet normal -1 0 0
    outer loop
      vertex 37.4 123.378 -67.2466
      vertex 37.4 123.378 -66.2297
      vertex 37.4 123.438 -66.1131
    endloop
  endfacet
  facet normal -1 0 0
    outer loop
      vertex 37.4 123.331 -67.1244
      vertex 37.4 123.378 -66.2297
      vertex 37.4 123.378 -67.2466
    endloop
  endfacet
  facet normal -1 0 0
    outer loop
      vertex 37.4 123.331 -67.1244
      vertex 37.4 123.331 -66.3519
      vertex 37.4 123.378 -66.2297
    endloop
  endfacet
  facet normal -1 0 0
    outer loop
      vertex 37.4 123.298 -66.998
      vertex 37.4 123.331 -66.3519
      vertex 37.4 123.331 -67.1244
    endloop
  endfacet
  facet normal -1 0 0
    outer loop
      vertex 37.4 123.298 -66.998
      vertex 37.4 123.298 -66.4782
      vertex 37.4 123.331 -66.3519
    endloop
  endfacet
  facet normal -1 0 0
    outer loop
      vertex 37.4 123.277 -66.8688
      vertex 37.4 123.298 -66.4782
      vertex 37.4 123.298 -66.998
    endloop
  endfacet
  facet normal -1 0 0
    outer loop
      vertex 37.4 123.277 -66.8688
      vertex 37.4 123.277 -66.6075
      vertex 37.4 123.298 -66.4782
    endloop
  endfacet
  facet normal -1 0 -0
    outer loop
      vertex 37.4 123.277 -66.6075
      vertex 37.4 123.277 -66.8688
      vertex 37.4 123.27 -66.7381
    endloop
  endfacet
  facet normal 0 0.778473 -0.627678
    outer loop
      vertex 37.4 123.509 -66.0034
      vertex 29 123.591 -65.9017
      vertex 37.4 123.591 -65.9017
    endloop
  endfacet
  facet normal 0 0.778473 -0.627678
    outer loop
      vertex 29 123.591 -65.9017
      vertex 37.4 123.509 -66.0034
      vertex 29 123.509 -66.0034
    endloop
  endfacet
  facet normal 0 0.839509 -0.543346
    outer loop
      vertex 37.4 123.438 -66.1131
      vertex 29 123.509 -66.0034
      vertex 37.4 123.509 -66.0034
    endloop
  endfacet
  facet normal 0 0.839509 -0.543346
    outer loop
      vertex 29 123.509 -66.0034
      vertex 37.4 123.438 -66.1131
      vertex 29 123.438 -66.1131
    endloop
  endfacet
  facet normal 0 0.705198 -0.70901
    outer loop
      vertex 37.4 123.591 -65.9017
      vertex 29 123.684 -65.8092
      vertex 37.4 123.684 -65.8092
    endloop
  endfacet
  facet normal 0 0.705198 -0.70901
    outer loop
      vertex 29 123.684 -65.8092
      vertex 37.4 123.591 -65.9017
      vertex 29 123.591 -65.9017
    endloop
  endfacet
  facet normal 0 0.452692 -0.891667
    outer loop
      vertex 29 123.895 -65.6556
      vertex 37.4 124.012 -65.5962
      vertex 37.4 123.895 -65.6556
    endloop
  endfacet
  facet normal 0 0.452692 -0.891667
    outer loop
      vertex 37.4 124.012 -65.5962
      vertex 29 123.895 -65.6556
      vertex 29 124.012 -65.5962
    endloop
  endfacet
  facet normal 0 -0.543915 0.83914
    outer loop
      vertex 29 125.255 -67.7494
      vertex 37.4 125.145 -67.8207
      vertex 37.4 125.255 -67.7494
    endloop
  endfacet
  facet normal 0 -0.543915 0.83914
    outer loop
      vertex 37.4 125.145 -67.8207
      vertex 29 125.255 -67.7494
      vertex 29 125.145 -67.8207
    endloop
  endfacet
  facet normal 0 -0.709401 0.704805
    outer loop
      vertex 29 125.357 -67.6671
      vertex 37.4 125.449 -67.5745
      vertex 29 125.449 -67.5745
    endloop
  endfacet
  facet normal 0 -0.709401 0.704805
    outer loop
      vertex 37.4 125.449 -67.5745
      vertex 29 125.357 -67.6671
      vertex 37.4 125.357 -67.6671
    endloop
  endfacet
  facet normal 0 -0.257899 -0.966172
    outer loop
      vertex 29 124.78 -65.5154
      vertex 37.4 124.907 -65.5493
      vertex 37.4 124.78 -65.5154
    endloop
  endfacet
  facet normal -0 -0.257899 -0.966172
    outer loop
      vertex 37.4 124.907 -65.5493
      vertex 29 124.78 -65.5154
      vertex 29 124.907 -65.5493
    endloop
  endfacet
  facet normal 0 -0.627946 -0.778257
    outer loop
      vertex 29 125.255 -65.7269
      vertex 37.4 125.357 -65.8092
      vertex 37.4 125.255 -65.7269
    endloop
  endfacet
  facet normal -0 -0.627946 -0.778257
    outer loop
      vertex 37.4 125.357 -65.8092
      vertex 29 125.255 -65.7269
      vertex 29 125.357 -65.8092
    endloop
  endfacet
  facet normal 0 -0.774737 -0.632283
    outer loop
      vertex 29 125.532 -66.0034
      vertex 37.4 125.449 -65.9017
      vertex 29 125.449 -65.9017
    endloop
  endfacet
  facet normal 0 -0.774737 -0.632283
    outer loop
      vertex 37.4 125.449 -65.9017
      vertex 29 125.532 -66.0034
      vertex 37.4 125.532 -66.0034
    endloop
  endfacet
  facet normal 0 0.839734 0.542998
    outer loop
      vertex 37.4 123.509 -67.4729
      vertex 29 123.438 -67.3631
      vertex 37.4 123.438 -67.3631
    endloop
  endfacet
  facet normal 0 0.839734 0.542998
    outer loop
      vertex 29 123.438 -67.3631
      vertex 37.4 123.509 -67.4729
      vertex 29 123.509 -67.4729
    endloop
  endfacet
  facet normal 0 0.705581 0.708629
    outer loop
      vertex 37.4 123.684 -67.6671
      vertex 29 123.591 -67.5745
      vertex 37.4 123.591 -67.5745
    endloop
  endfacet
  facet normal 0 0.705581 0.708629
    outer loop
      vertex 29 123.591 -67.5745
      vertex 37.4 123.684 -67.6671
      vertex 29 123.684 -67.6671
    endloop
  endfacet
  facet normal -0 0.155767 0.987794
    outer loop
      vertex 29 124.39 -67.9813
      vertex 37.4 124.26 -67.9608
      vertex 37.4 124.39 -67.9813
    endloop
  endfacet
  facet normal 0 0.155767 0.987794
    outer loop
      vertex 37.4 124.26 -67.9608
      vertex 29 124.39 -67.9813
      vertex 29 124.26 -67.9608
    endloop
  endfacet
  facet normal -0 0.0522363 0.998635
    outer loop
      vertex 29 124.52 -67.9881
      vertex 37.4 124.39 -67.9813
      vertex 37.4 124.52 -67.9881
    endloop
  endfacet
  facet normal 0 0.0522363 0.998635
    outer loop
      vertex 37.4 124.39 -67.9813
      vertex 29 124.52 -67.9881
      vertex 29 124.39 -67.9813
    endloop
  endfacet
  facet normal 0 -0.0518386 0.998655
    outer loop
      vertex 29 124.651 -67.9813
      vertex 37.4 124.52 -67.9881
      vertex 37.4 124.651 -67.9813
    endloop
  endfacet
  facet normal 0 -0.0518386 0.998655
    outer loop
      vertex 37.4 124.52 -67.9881
      vertex 29 124.651 -67.9813
      vertex 29 124.52 -67.9881
    endloop
  endfacet
  facet normal 0 -0.156945 0.987607
    outer loop
      vertex 29 124.78 -67.9608
      vertex 37.4 124.651 -67.9813
      vertex 37.4 124.78 -67.9608
    endloop
  endfacet
  facet normal 0 -0.156945 0.987607
    outer loop
      vertex 37.4 124.651 -67.9813
      vertex 29 124.78 -67.9608
      vertex 29 124.651 -67.9813
    endloop
  endfacet
  facet normal 0 0.96752 -0.252796
    outer loop
      vertex 37.4 123.298 -66.4782
      vertex 29 123.331 -66.3519
      vertex 37.4 123.331 -66.3519
    endloop
  endfacet
  facet normal 0 0.96752 -0.252796
    outer loop
      vertex 29 123.331 -66.3519
      vertex 37.4 123.298 -66.4782
      vertex 29 123.298 -66.4782
    endloop
  endfacet
  facet normal 0 0.889181 -0.457555
    outer loop
      vertex 37.4 123.378 -66.2297
      vertex 29 123.438 -66.1131
      vertex 37.4 123.438 -66.1131
    endloop
  endfacet
  facet normal 0 0.889181 -0.457555
    outer loop
      vertex 29 123.438 -66.1131
      vertex 37.4 123.378 -66.2297
      vertex 29 123.378 -66.2297
    endloop
  endfacet
  facet normal 0 -0.257189 0.966361
    outer loop
      vertex 29 124.907 -67.927
      vertex 37.4 124.78 -67.9608
      vertex 37.4 124.907 -67.927
    endloop
  endfacet
  facet normal 0 -0.257189 0.966361
    outer loop
      vertex 37.4 124.78 -67.9608
      vertex 29 124.907 -67.927
      vertex 29 124.78 -67.9608
    endloop
  endfacet
endsolid OpenSCAD_Model
