solid OpenSCAD_Model
  facet normal 0.258823 0 -0.965925
    outer loop
      vertex 49.6633 124.5 0.17482
      vertex 50.4721 125.5 0.391541
      vertex 50.4721 124.5 0.391541
    endloop
  endfacet
  facet normal 0.258823 0 -0.965925
    outer loop
      vertex 50.4721 125.5 0.391541
      vertex 49.6633 124.5 0.17482
      vertex 49.6633 125.5 0.17482
    endloop
  endfacet
  facet normal 0.257781 -0.0920707 -0.961807
    outer loop
      vertex 45.6 5.97138 2.28496
      vertex 49.0902 34.5 0.489441
      vertex 45.6 5.56021 2.32432
    endloop
  endfacet
  facet normal 0.257717 -0.0920639 -0.961824
    outer loop
      vertex 49.0902 34.5 0.489441
      vertex 45.6 5.97138 2.28496
      vertex 48.0791 34.5 0.218521
    endloop
  endfacet
  facet normal 0 -0.0570498 0.998371
    outer loop
      vertex 29 69.5 50
      vertex 46 34.5 48
      vertex 46 69.5 50
    endloop
  endfacet
  facet normal 0 -0.0570498 0.998371
    outer loop
      vertex 46 34.5 48
      vertex 29 69.5 50
      vertex 29 34.5 48
    endloop
  endfacet
  facet normal 0.964358 -0.0569718 0.258397
    outer loop
      vertex 57.4127 69.5 41.7082
      vertex 55.7815 34.5 40.0791
      vertex 57.7378 69.5 40.4949
    endloop
  endfacet
  facet normal 0.0523982 -0.00116324 -0.998626
    outer loop
      vertex 47.9841 123 0.000912984
      vertex 47.9667 123 0
      vertex 48 124.5 0
    endloop
  endfacet
  facet normal 0.0523399 -0.00116295 -0.998629
    outer loop
      vertex 47.0453 34.5 0.0547791
      vertex 46.7887 34.7293 0.0410632
      vertex 47.3178 60.1925 0.0391411
    endloop
  endfacet
  facet normal 0.0503839 -0.00335763 -0.998724
    outer loop
      vertex 47.0453 34.5 0.0547791
      vertex 46.7871 34.7287 0.0409845
      vertex 46.7887 34.7293 0.0410632
    endloop
  endfacet
  facet normal 0.0523333 -0.00115098 -0.998629
    outer loop
      vertex 46.7871 34.7287 0.0409845
      vertex 47.0453 34.5 0.0547791
      vertex 46 34.5 0
    endloop
  endfacet
  facet normal 0.356517 -0.101878 -0.928718
    outer loop
      vertex 45.6 5.33475 2.34905
      vertex 46.2539 4.5 2.69164
      vertex 45.6 4.5 2.44062
    endloop
  endfacet
  facet normal 0.356514 -0.101881 -0.928718
    outer loop
      vertex 46.2539 4.5 2.69164
      vertex 45.6 5.33475 2.34905
      vertex 50.0674 34.5 0.864548
    endloop
  endfacet
  facet normal 0.70633 0.0468631 0.70633
    outer loop
      vertex 54.9177 70.5 46.0296
      vertex 53.353 125.5 43.9452
      vertex 54.0296 70.5 46.9177
    endloop
  endfacet
  facet normal 0.70633 0.0468631 0.70633
    outer loop
      vertex 53.353 125.5 43.9452
      vertex 54.9177 70.5 46.0296
      vertex 53.9452 125.5 43.353
    endloop
  endfacet
  facet normal 0.0521778 0.0705494 0.996143
    outer loop
      vertex 48 125.5 46
      vertex 46 70.5 50
      vertex 47.2543 70.5 49.9343
    endloop
  endfacet
  facet normal 0.258301 0.0630898 0.964002
    outer loop
      vertex 50.4721 125.5 45.6085
      vertex 48.4949 70.5 49.7378
      vertex 49.7082 70.5 49.4127
    endloop
  endfacet
  facet normal 0.775888 -0.0569699 0.628293
    outer loop
      vertex 54.9177 69.5 46.0296
      vertex 54.0902 34.5 43.8779
      vertex 55.7082 69.5 45.0534
    endloop
  endfacet
  facet normal 0.257634 -0.0920584 -0.961847
    outer loop
      vertex 45.6 6.33665 2.25
      vertex 48.0791 34.5 0.218521
      vertex 45.6 5.97138 2.28496
    endloop
  endfacet
  facet normal 0.257699 -0.0920569 -0.96183
    outer loop
      vertex 44.6633 4.5 2.17482
      vertex 45.6 6.33665 2.25
      vertex 44.9439 4.5 2.25
    endloop
  endfacet
  facet normal 0.257712 -0.0920637 -0.961826
    outer loop
      vertex 45.6 6.33665 2.25
      vertex 44.6633 4.5 2.17482
      vertex 48.0791 34.5 0.218521
    endloop
  endfacet
  facet normal 0.155909 -0.0819423 -0.984367
    outer loop
      vertex 44.6633 4.5 2.17482
      vertex 43.8362 4.5 2.04382
      vertex 48.0791 34.5 0.218521
    endloop
  endfacet
  facet normal 0.0522682 -0.0569734 0.997007
    outer loop
      vertex 47.2543 69.5 49.9343
      vertex 46 34.5 48
      vertex 47.0453 34.5 47.9452
    endloop
  endfacet
  facet normal 0.543762 -0.056973 0.837303
    outer loop
      vertex 52 69.5 48.3923
      vertex 51 34.5 46.6602
      vertex 53.0534 69.5 47.7082
    endloop
  endfacet
  facet normal 0.986394 -0.164399 0
    outer loop
      vertex 51 4.5 32
      vertex 56 34.5 10
      vertex 56 34.5 38
    endloop
  endfacet
  facet normal 0.986394 -0.164399 0
    outer loop
      vertex 56 34.5 10
      vertex 51 4.5 32
      vertex 51 4.5 10
    endloop
  endfacet
  facet normal 0.987371 0.0253262 -0.15639
    outer loop
      vertex 57.7378 70.5 9.50507
      vertex 55.8252 125.5 6.3367
      vertex 55.9562 125.5 7.16377
    endloop
  endfacet
  facet normal 1 -0 0
    outer loop
      vertex 58 69.5 38
      vertex 58 70.5 12
      vertex 58 70.5 38
    endloop
  endfacet
  facet normal 1 0 0
    outer loop
      vertex 58 70.5 12
      vertex 58 69.5 38
      vertex 58 69.5 12
    endloop
  endfacet
  facet normal 0 0 -1
    outer loop
      vertex 29 123 0
      vertex 48 124.5 0
      vertex 47.9667 123 0
    endloop
  endfacet
  facet normal -0 0 -1
    outer loop
      vertex 48 124.5 0
      vertex 29 123 0
      vertex 29 125.5 0
    endloop
  endfacet
  facet normal 0 0 -1
    outer loop
      vertex 48 124.5 0
      vertex 29 125.5 0
      vertex 48 125.5 0
    endloop
  endfacet
  facet normal -0 0 1
    outer loop
      vertex 44.3458 79.2174 0
      vertex 47.0164 78.969 0
      vertex 46.8757 79.9534 0
    endloop
  endfacet
  facet normal 0 0 1
    outer loop
      vertex 44.6357 75.7712 0
      vertex 47.0164 78.969 0
      vertex 44.6435 75.9099 0
    endloop
  endfacet
  facet normal 0 0 1
    outer loop
      vertex 44.3232 79.376 0
      vertex 46.8757 79.9534 0
      vertex 46.8025 80.2516 0
    endloop
  endfacet
  facet normal 0 0 1
    outer loop
      vertex 47.0164 78.969 0
      vertex 44.6357 75.7712 0
      vertex 46.8586 72.0647 0
    endloop
  endfacet
  facet normal -0 0 1
    outer loop
      vertex 43.9495 80.8998 0
      vertex 46.8025 80.2516 0
      vertex 46.3916 81.9235 0
    endloop
  endfacet
  facet normal 0 0 1
    outer loop
      vertex 47.0164 78.969 0
      vertex 44.6374 76.0504 0
      vertex 44.6435 75.9099 0
    endloop
  endfacet
  facet normal 0 0 1
    outer loop
      vertex 43.8518 81.2267 0
      vertex 46.3916 81.9235 0
      vertex 45.8252 83.5214 0
    endloop
  endfacet
  facet normal 0 0 1
    outer loop
      vertex 43.3305 82.6997 0
      vertex 45.8252 83.5214 0
      vertex 45.7158 83.8299 0
    endloop
  endfacet
  facet normal -0 0 1
    outer loop
      vertex 44.5467 74.171 0
      vertex 46.8586 72.0647 0
      vertex 44.6357 75.7712 0
    endloop
  endfacet
  facet normal -0 0 1
    outer loop
      vertex 44.2801 72.4536 0
      vertex 46.8586 72.0647 0
      vertex 44.2983 72.5711 0
    endloop
  endfacet
  facet normal 0 0 1
    outer loop
      vertex 43.2534 82.8632 0
      vertex 45.7158 83.8299 0
      vertex 45.5751 84.1279 0
    endloop
  endfacet
  facet normal 0 0 1
    outer loop
      vertex 46.8586 72.0647 0
      vertex 44.2801 72.4536 0
      vertex 46.8296 71.8769 0
    endloop
  endfacet
  facet normal -0 0 1
    outer loop
      vertex 42.5937 84.2619 0
      vertex 45.5751 84.1279 0
      vertex 44.8556 85.6516 0
    endloop
  endfacet
  facet normal 0 0 1
    outer loop
      vertex 46.8296 71.8769 0
      vertex 44.2801 72.4536 0
      vertex 46.7668 71.6336 0
    endloop
  endfacet
  facet normal 0 0 1
    outer loop
      vertex 42.5937 84.2619 0
      vertex 44.8556 85.6516 0
      vertex 44.6802 85.9422 0
    endloop
  endfacet
  facet normal -0 0 1
    outer loop
      vertex 44.2508 72.3401 0
      vertex 46.7668 71.6336 0
      vertex 44.2801 72.4536 0
    endloop
  endfacet
  facet normal 0 0 1
    outer loop
      vertex 43.8467 70.7763 0
      vertex 46.7668 71.6336 0
      vertex 44.2508 72.3401 0
    endloop
  endfacet
  facet normal -0 0 1
    outer loop
      vertex 44.2983 72.5711 0
      vertex 46.8586 72.0647 0
      vertex 44.5467 74.171 0
    endloop
  endfacet
  facet normal 0 0 1
    outer loop
      vertex 47.0164 78.969 0
      vertex 44.5688 77.6513 0
      vertex 44.6374 76.0504 0
    endloop
  endfacet
  facet normal 0 0 1
    outer loop
      vertex 47.0164 78.969 0
      vertex 44.3458 79.2174 0
      vertex 44.5688 77.6513 0
    endloop
  endfacet
  facet normal 0 0 1
    outer loop
      vertex 46.8757 79.9534 0
      vertex 44.3232 79.376 0
      vertex 44.3458 79.2174 0
    endloop
  endfacet
  facet normal 0 0 1
    outer loop
      vertex 46.8025 80.2516 0
      vertex 43.9495 80.8998 0
      vertex 44.3232 79.376 0
    endloop
  endfacet
  facet normal 0 0 1
    outer loop
      vertex 46.3916 81.9235 0
      vertex 43.909 81.065 0
      vertex 43.9495 80.8998 0
    endloop
  endfacet
  facet normal 0 0 1
    outer loop
      vertex 46.3916 81.9235 0
      vertex 43.8518 81.2267 0
      vertex 43.909 81.065 0
    endloop
  endfacet
  facet normal 0 0 1
    outer loop
      vertex 41.8077 85.566 0
      vertex 44.6802 85.9422 0
      vertex 43.8199 87.3683 0
    endloop
  endfacet
  facet normal 0 0 1
    outer loop
      vertex 45.8252 83.5214 0
      vertex 43.3305 82.6997 0
      vertex 43.8518 81.2267 0
    endloop
  endfacet
  facet normal 0 0 1
    outer loop
      vertex 45.7158 83.8299 0
      vertex 43.2534 82.8632 0
      vertex 43.3305 82.6997 0
    endloop
  endfacet
  facet normal 0 0 1
    outer loop
      vertex 40.8006 86.9374 0
      vertex 43.8199 87.3683 0
      vertex 42.8338 88.6772 0
    endloop
  endfacet
  facet normal 0 0 1
    outer loop
      vertex 40.6783 87.0999 0
      vertex 42.8338 88.6772 0
      vertex 42.6202 88.9606 0
    endloop
  endfacet
  facet normal 0 0 1
    outer loop
      vertex 45.5751 84.1279 0
      vertex 42.5937 84.2619 0
      vertex 43.2534 82.8632 0
    endloop
  endfacet
  facet normal 0 0 1
    outer loop
      vertex 44.6802 85.9422 0
      vertex 41.8077 85.566 0
      vertex 42.5937 84.2619 0
    endloop
  endfacet
  facet normal 0 0 1
    outer loop
      vertex 43.8199 87.3683 0
      vertex 41.7064 85.7341 0
      vertex 41.8077 85.566 0
    endloop
  endfacet
  facet normal 0 0 1
    outer loop
      vertex 40.5393 87.2492 0
      vertex 42.6202 88.9606 0
      vertex 41.516 90.1461 0
    endloop
  endfacet
  facet normal 0 0 1
    outer loop
      vertex 39.5205 88.3439 0
      vertex 41.516 90.1461 0
      vertex 41.2693 90.4109 0
    endloop
  endfacet
  facet normal 0 0 1
    outer loop
      vertex 39.5205 88.3439 0
      vertex 41.2693 90.4109 0
      vertex 40.9956 90.6487 0
    endloop
  endfacet
  facet normal 0 0 1
    outer loop
      vertex 43.8199 87.3683 0
      vertex 40.8006 86.9374 0
      vertex 41.7064 85.7341 0
    endloop
  endfacet
  facet normal 0 0 1
    outer loop
      vertex 42.8338 88.6772 0
      vertex 40.6783 87.0999 0
      vertex 40.8006 86.9374 0
    endloop
  endfacet
  facet normal 0 0 1
    outer loop
      vertex 42.6202 88.9606 0
      vertex 40.5393 87.2492 0
      vertex 40.6783 87.0999 0
    endloop
  endfacet
  facet normal 0 0 1
    outer loop
      vertex 38.4079 89.3111 0
      vertex 40.9956 90.6487 0
      vertex 39.7822 91.7028 0
    endloop
  endfacet
  facet normal 0 0 1
    outer loop
      vertex 41.516 90.1461 0
      vertex 39.5205 88.3439 0
      vertex 40.5393 87.2492 0
    endloop
  endfacet
  facet normal 0 0 1
    outer loop
      vertex 38.0691 89.5751 0
      vertex 39.7822 91.7028 0
      vertex 38.481 92.6088 0
    endloop
  endfacet
  facet normal 0 0 1
    outer loop
      vertex 40.9956 90.6487 0
      vertex 38.4079 89.3111 0
      vertex 39.5205 88.3439 0
    endloop
  endfacet
  facet normal 0 0 1
    outer loop
      vertex 39.7822 91.7028 0
      vertex 38.2456 89.4522 0
      vertex 38.4079 89.3111 0
    endloop
  endfacet
  facet normal 0 0 1
    outer loop
      vertex 36.8679 90.412 0
      vertex 38.481 92.6088 0
      vertex 38.1752 92.8217 0
    endloop
  endfacet
  facet normal 0 0 1
    outer loop
      vertex 39.7822 91.7028 0
      vertex 38.0691 89.5751 0
      vertex 38.2456 89.4522 0
    endloop
  endfacet
  facet normal 0 0 1
    outer loop
      vertex 38.481 92.6088 0
      vertex 36.8679 90.412 0
      vertex 38.0691 89.5751 0
    endloop
  endfacet
  facet normal 0 0 1
    outer loop
      vertex 35.5981 91.1058 0
      vertex 38.1752 92.8217 0
      vertex 36.7964 93.5745 0
    endloop
  endfacet
  facet normal 0 0 1
    outer loop
      vertex 35.4024 91.2128 0
      vertex 36.7964 93.5745 0
      vertex 36.466 93.755 0
    endloop
  endfacet
  facet normal 0 0 1
    outer loop
      vertex 35.1962 91.2976 0
      vertex 36.466 93.755 0
      vertex 36.1178 93.8981 0
    endloop
  endfacet
  facet normal 0 0 1
    outer loop
      vertex 38.1752 92.8217 0
      vertex 35.5981 91.1058 0
      vertex 36.8679 90.412 0
    endloop
  endfacet
  facet normal 0 0 1
    outer loop
      vertex 36.7964 93.5745 0
      vertex 35.4024 91.2128 0
      vertex 35.5981 91.1058 0
    endloop
  endfacet
  facet normal 0 0 1
    outer loop
      vertex 36.466 93.755 0
      vertex 35.1962 91.2976 0
      vertex 35.4024 91.2128 0
    endloop
  endfacet
  facet normal 0 0 1
    outer loop
      vertex 33.8654 91.8452 0
      vertex 36.1178 93.8981 0
      vertex 34.6736 94.4921 0
    endloop
  endfacet
  facet normal 0 0 1
    outer loop
      vertex 33.6486 91.9074 0
      vertex 34.6736 94.4921 0
      vertex 34.3091 94.5967 0
    endloop
  endfacet
  facet normal 0 0 1
    outer loop
      vertex 36.1178 93.8981 0
      vertex 33.8654 91.8452 0
      vertex 35.1962 91.2976 0
    endloop
  endfacet
  facet normal 0 0 1
    outer loop
      vertex 34.6736 94.4921 0
      vertex 33.6486 91.9074 0
      vertex 33.8654 91.8452 0
    endloop
  endfacet
  facet normal 0 0 1
    outer loop
      vertex 32.2741 92.3021 0
      vertex 34.3091 94.5967 0
      vertex 32.8179 95.0246 0
    endloop
  endfacet
  facet normal 0 0 1
    outer loop
      vertex 34.3091 94.5967 0
      vertex 32.2741 92.3021 0
      vertex 33.6486 91.9074 0
    endloop
  endfacet
  facet normal 0 0 1
    outer loop
      vertex 31.2967 95.2826 0
      vertex 32.2741 92.3021 0
      vertex 32.8179 95.0246 0
    endloop
  endfacet
  facet normal 0 0 1
    outer loop
      vertex 30.6463 92.5784 0
      vertex 31.2967 95.2826 0
      vertex 30.9197 95.3466 0
    endloop
  endfacet
  facet normal 0 0 1
    outer loop
      vertex 31.2967 95.2826 0
      vertex 30.8717 92.5401 0
      vertex 32.2741 92.3021 0
    endloop
  endfacet
  facet normal 0 0 1
    outer loop
      vertex 31.2967 95.2826 0
      vertex 30.6463 92.5784 0
      vertex 30.8717 92.5401 0
    endloop
  endfacet
  facet normal 0 0 1
    outer loop
      vertex 29.3822 95.4329 0
      vertex 30.6463 92.5784 0
      vertex 30.9197 95.3466 0
    endloop
  endfacet
  facet normal 0 0 1
    outer loop
      vertex 29.3822 95.4329 0
      vertex 29.2287 92.658 0
      vertex 30.6463 92.5784 0
    endloop
  endfacet
  facet normal 0 0 1
    outer loop
      vertex 29 92.6708 0
      vertex 29.3822 95.4329 0
      vertex 29 95.4543 0
    endloop
  endfacet
  facet normal 0 0 1
    outer loop
      vertex 29.3822 95.4329 0
      vertex 29 92.6708 0
      vertex 29.2287 92.658 0
    endloop
  endfacet
  facet normal 0 0 1
    outer loop
      vertex 46.7668 71.6336 0
      vertex 43.8467 70.7763 0
      vertex 46.3249 69.9195 0
    endloop
  endfacet
  facet normal -0 0 1
    outer loop
      vertex 43.81 70.6763 0
      vertex 46.3249 69.9195 0
      vertex 43.8467 70.7763 0
    endloop
  endfacet
  facet normal 0 0 1
    outer loop
      vertex 46.3249 69.9195 0
      vertex 43.81 70.6763 0
      vertex 45.7101 68.2442 0
    endloop
  endfacet
  facet normal -0 0 1
    outer loop
      vertex 43.2518 69.1574 0
      vertex 45.7101 68.2442 0
      vertex 43.81 70.6763 0
    endloop
  endfacet
  facet normal 0 0 1
    outer loop
      vertex 45.7101 68.2442 0
      vertex 43.2518 69.1574 0
      vertex 45.6315 68.0299 0
    endloop
  endfacet
  facet normal 0 0 1
    outer loop
      vertex 45.6315 68.0299 0
      vertex 43.2518 69.1574 0
      vertex 45.5333 67.8277 0
    endloop
  endfacet
  facet normal 0 0 1
    outer loop
      vertex 42.5403 67.6932 0
      vertex 45.5333 67.8277 0
      vertex 43.2518 69.1574 0
    endloop
  endfacet
  facet normal 0 0 1
    outer loop
      vertex 45.5333 67.8277 0
      vertex 42.5403 67.6932 0
      vertex 44.7572 66.2286 0
    endloop
  endfacet
  facet normal -0 0 1
    outer loop
      vertex 42.5019 67.6143 0
      vertex 44.7572 66.2286 0
      vertex 42.5403 67.6932 0
    endloop
  endfacet
  facet normal -0 0 1
    outer loop
      vertex 42.4565 67.5408 0
      vertex 44.7572 66.2286 0
      vertex 42.5019 67.6143 0
    endloop
  endfacet
  facet normal 0 0 1
    outer loop
      vertex 44.7572 66.2286 0
      vertex 42.4565 67.5408 0
      vertex 44.6458 66.0482 0
    endloop
  endfacet
  facet normal -0 0 1
    outer loop
      vertex 41.6056 66.1636 0
      vertex 44.6458 66.0482 0
      vertex 42.4565 67.5408 0
    endloop
  endfacet
  facet normal 0 0 1
    outer loop
      vertex 44.6458 66.0482 0
      vertex 41.6056 66.1636 0
      vertex 43.7119 64.5351 0
    endloop
  endfacet
  facet normal 0 0 1
    outer loop
      vertex 43.7119 64.5351 0
      vertex 41.6056 66.1636 0
      vertex 43.59 64.3764 0
    endloop
  endfacet
  facet normal -0 0 1
    outer loop
      vertex 40.6154 64.8761 0
      vertex 43.59 64.3764 0
      vertex 41.6056 66.1636 0
    endloop
  endfacet
  facet normal 0 0 1
    outer loop
      vertex 43.59 64.3764 0
      vertex 40.6154 64.8761 0
      vertex 42.5072 62.9674 0
    endloop
  endfacet
  facet normal -0 0 1
    outer loop
      vertex 40.5729 64.8209 0
      vertex 42.5072 62.9674 0
      vertex 40.6154 64.8761 0
    endloop
  endfacet
  facet normal -0 0 1
    outer loop
      vertex 40.5257 64.7711 0
      vertex 42.5072 62.9674 0
      vertex 40.5729 64.8209 0
    endloop
  endfacet
  facet normal -0 0 1
    outer loop
      vertex 39.4151 63.6004 0
      vertex 42.5072 62.9674 0
      vertex 40.5257 64.7711 0
    endloop
  endfacet
  facet normal 0 0 1
    outer loop
      vertex 42.5072 62.9674 0
      vertex 39.4151 63.6004 0
      vertex 41.2814 61.6743 0
    endloop
  endfacet
  facet normal 0 0 1
    outer loop
      vertex 41.2814 61.6743 0
      vertex 39.4151 63.6004 0
      vertex 41.1564 61.5424 0
    endloop
  endfacet
  facet normal 0 0 1
    outer loop
      vertex 41.1564 61.5424 0
      vertex 39.4151 63.6004 0
      vertex 41.0203 61.426 0
    endloop
  endfacet
  facet normal -0 0 1
    outer loop
      vertex 38.1866 62.5509 0
      vertex 41.0203 61.426 0
      vertex 39.4151 63.6004 0
    endloop
  endfacet
  facet normal 0 0 1
    outer loop
      vertex 41.0203 61.426 0
      vertex 38.1866 62.5509 0
      vertex 39.6742 60.2752 0
    endloop
  endfacet
  facet normal -0 0 1
    outer loop
      vertex 38.1449 62.5153 0
      vertex 39.6742 60.2752 0
      vertex 38.1866 62.5509 0
    endloop
  endfacet
  facet normal 0 0 1
    outer loop
      vertex 39.6742 60.2752 0
      vertex 38.1449 62.5153 0
      vertex 39.5339 60.179 0
    endloop
  endfacet
  facet normal -0 0 1
    outer loop
      vertex 36.8165 61.6046 0
      vertex 39.5339 60.179 0
      vertex 38.1449 62.5153 0
    endloop
  endfacet
  facet normal 0 0 1
    outer loop
      vertex 39.5339 60.179 0
      vertex 36.8165 61.6046 0
      vertex 38.0768 59.1794 0
    endloop
  endfacet
  facet normal -0 0 1
    outer loop
      vertex 36.7761 61.5769 0
      vertex 38.0768 59.1794 0
      vertex 36.8165 61.6046 0
    endloop
  endfacet
  facet normal -0 0 1
    outer loop
      vertex 35.3624 60.8161 0
      vertex 38.0768 59.1794 0
      vertex 36.7761 61.5769 0
    endloop
  endfacet
  facet normal 0 0 1
    outer loop
      vertex 38.0768 59.1794 0
      vertex 35.3624 60.8161 0
      vertex 36.5205 58.3414 0
    endloop
  endfacet
  facet normal -0 0 1
    outer loop
      vertex 35.3236 60.7953 0
      vertex 36.5205 58.3414 0
      vertex 35.3624 60.8161 0
    endloop
  endfacet
  facet normal -0 0 1
    outer loop
      vertex 35.2833 60.7789 0
      vertex 36.5205 58.3414 0
      vertex 35.3236 60.7953 0
    endloop
  endfacet
  facet normal 0 0 1
    outer loop
      vertex 36.5205 58.3414 0
      vertex 35.2833 60.7789 0
      vertex 36.3816 58.2666 0
    endloop
  endfacet
  facet normal 0 0 1
    outer loop
      vertex 35.2833 60.7789 0
      vertex 34.7481 57.6037 0
      vertex 36.3816 58.2666 0
    endloop
  endfacet
  facet normal -0 0 1
    outer loop
      vertex 33.8032 60.1786 0
      vertex 34.7481 57.6037 0
      vertex 35.2833 60.7789 0
    endloop
  endfacet
  facet normal 0 0 1
    outer loop
      vertex 34.7481 57.6037 0
      vertex 33.8032 60.1786 0
      vertex 34.6068 57.5464 0
    endloop
  endfacet
  facet normal 0 0 1
    outer loop
      vertex 34.6068 57.5464 0
      vertex 33.8032 60.1786 0
      vertex 34.4613 57.5052 0
    endloop
  endfacet
  facet normal -0 0 1
    outer loop
      vertex 32.267 59.7436 0
      vertex 34.4613 57.5052 0
      vertex 33.8032 60.1786 0
    endloop
  endfacet
  facet normal 0 0 1
    outer loop
      vertex 34.4613 57.5052 0
      vertex 32.267 59.7436 0
      vertex 32.7717 57.0265 0
    endloop
  endfacet
  facet normal -0 0 1
    outer loop
      vertex 32.2311 59.7334 0
      vertex 32.7717 57.0265 0
      vertex 32.267 59.7436 0
    endloop
  endfacet
  facet normal 0 0 1
    outer loop
      vertex 32.2311 59.7334 0
      vertex 31.0402 56.7365 0
      vertex 32.7717 57.0265 0
    endloop
  endfacet
  facet normal -0 0 1
    outer loop
      vertex 30.6594 59.4703 0
      vertex 31.0402 56.7365 0
      vertex 32.2311 59.7334 0
    endloop
  endfacet
  facet normal -0 0 1
    outer loop
      vertex 30.6242 59.4645 0
      vertex 31.0402 56.7365 0
      vertex 30.6594 59.4703 0
    endloop
  endfacet
  facet normal 0 0 1
    outer loop
      vertex 31.0402 56.7365 0
      vertex 30.6242 59.4645 0
      vertex 30.8961 56.7123 0
    endloop
  endfacet
  facet normal 0 0 1
    outer loop
      vertex 30.8961 56.7123 0
      vertex 30.6242 59.4645 0
      vertex 30.7506 56.7043 0
    endloop
  endfacet
  facet normal -0 0 1
    outer loop
      vertex 30.5888 59.4625 0
      vertex 30.7506 56.7043 0
      vertex 30.6242 59.4645 0
    endloop
  endfacet
  facet normal -0 0 1
    outer loop
      vertex 29 59.3745 0
      vertex 30.7506 56.7043 0
      vertex 30.5888 59.4625 0
    endloop
  endfacet
  facet normal 0 0 1
    outer loop
      vertex 30.7506 56.7043 0
      vertex 29 59.3745 0
      vertex 29 56.6072 0
    endloop
  endfacet
  facet normal 0.0523515 -0.00116417 -0.998628
    outer loop
      vertex 48.8362 124.5 0.0438232
      vertex 48.5402 119.014 0.0347013
      vertex 48.6023 122 0.0344758
    endloop
  endfacet
  facet normal 0.0523258 -0.00116279 -0.998629
    outer loop
      vertex 48.8362 124.5 0.0438232
      vertex 47.3178 60.1925 0.0391411
      vertex 48.5402 119.014 0.0347013
    endloop
  endfacet
  facet normal 0.0523273 -0.00116282 -0.998629
    outer loop
      vertex 47.3178 60.1925 0.0391411
      vertex 48.8362 124.5 0.0438232
      vertex 47.0453 34.5 0.0547791
    endloop
  endfacet
  facet normal 0.0523331 -0.00116245 -0.998629
    outer loop
      vertex 48.5913 123 0.0327353
      vertex 48.8362 124.5 0.0438232
      vertex 48.6023 122 0.0344758
    endloop
  endfacet
  facet normal 0.0523357 -0.00116288 -0.998629
    outer loop
      vertex 48.5913 123 0.0327353
      vertex 48 124.5 0
      vertex 48.8362 124.5 0.0438232
    endloop
  endfacet
  facet normal 0.0523364 -0.00116259 -0.998629
    outer loop
      vertex 48 124.5 0
      vertex 48.5913 123 0.0327353
      vertex 47.9841 123 0.000912984
    endloop
  endfacet
  facet normal 0.155912 -0.0819427 -0.984366
    outer loop
      vertex 48.0791 34.5 0.218521
      vertex 43.8362 4.5 2.04382
      vertex 47.0453 34.5 0.0547791
    endloop
  endfacet
  facet normal 0.933562 0 -0.358416
    outer loop
      vertex 57.4127 69.5 8.29179
      vertex 56.9625 70.5 7.11916
      vertex 57.4127 70.5 8.29179
    endloop
  endfacet
  facet normal 0.933562 0 -0.358416
    outer loop
      vertex 56.9625 70.5 7.11916
      vertex 57.4127 69.5 8.29179
      vertex 56.9625 69.5 7.11916
    endloop
  endfacet
  facet normal 0.451185 -0.11128 -0.885465
    outer loop
      vertex 51 34.5 1.33975
      vertex 47 4.5 3.07179
      vertex 50.0674 34.5 0.864548
    endloop
  endfacet
  facet normal 0.932938 -0.0365569 -0.358177
    outer loop
      vertex 57.4127 69.5 8.29179
      vertex 55.1355 34.5 5.93263
      vertex 56.9625 69.5 7.11916
    endloop
  endfacet
  facet normal 0.775827 -0.0569731 0.628368
    outer loop
      vertex 54.9177 69.5 46.0296
      vertex 53.4314 34.5 44.6913
      vertex 54.0902 34.5 43.8779
    endloop
  endfacet
  facet normal 0.0523081 0 0.998631
    outer loop
      vertex 46 70.5 50
      vertex 47.2543 69.5 49.9343
      vertex 47.2543 70.5 49.9343
    endloop
  endfacet
  facet normal 0.0523081 0 0.998631
    outer loop
      vertex 47.2543 69.5 49.9343
      vertex 46 70.5 50
      vertex 46 69.5 50
    endloop
  endfacet
  facet normal 0.453341 -0.0569734 0.889514
    outer loop
      vertex 52 69.5 48.3923
      vertex 50.0674 34.5 47.1355
      vertex 51 34.5 46.6602
    endloop
  endfacet
  facet normal 0.0521778 0.0705494 0.996143
    outer loop
      vertex 48 125.5 46
      vertex 47.2543 70.5 49.9343
      vertex 48.8362 125.5 45.9562
    endloop
  endfacet
  facet normal 0.344262 -0.277752 0.896848
    outer loop
      vertex 50.0674 34.5 47.1355
      vertex 45.4721 4.5 39.6085
      vertex 46.2539 4.5 39.3084
    endloop
  endfacet
  facet normal 0.358356 -0.00651787 -0.933562
    outer loop
      vertex 50.0674 34.5 0.864548
      vertex 49.0902 34.5 0.489441
      vertex 50.4721 124.5 0.391541
    endloop
  endfacet
  facet normal 0.985078 -0.16418 -0.0516433
    outer loop
      vertex 56 34.5 10
      vertex 51 4.5 10
      vertex 55.9452 34.5 8.95471
    endloop
  endfacet
  facet normal 0.932043 -0.0569689 0.357842
    outer loop
      vertex 56.9625 69.5 42.8808
      vertex 55.1355 34.5 42.0674
      vertex 57.4127 69.5 41.7082
    endloop
  endfacet
  facet normal 0.987022 0.0366871 0.156336
    outer loop
      vertex 57.9343 70.5 39.2543
      vertex 55.9562 125.5 38.8362
      vertex 57.7378 70.5 40.4949
    endloop
  endfacet
  facet normal 0.156437 -0.00323316 -0.987683
    outer loop
      vertex 48.0791 34.5 0.218521
      vertex 47.0453 34.5 0.0547791
      vertex 48.8362 124.5 0.0438232
    endloop
  endfacet
  facet normal 0.800129 0 -0.599828
    outer loop
      vertex 55.7082 70.5 4.94658
      vertex 54.4721 124.5 3.29771
      vertex 54.4721 125.5 3.29771
    endloop
  endfacet
  facet normal 0.800129 0 -0.599828
    outer loop
      vertex 54.4721 124.5 3.29771
      vertex 55.7082 70.5 4.94658
      vertex 55.7082 69.5 4.94658
    endloop
  endfacet
  facet normal 0.356444 -0.101871 -0.928747
    outer loop
      vertex 45.6 5.56021 2.32432
      vertex 50.0674 34.5 0.864548
      vertex 45.6 5.33475 2.34905
    endloop
  endfacet
  facet normal 0.356499 -0.101879 -0.928724
    outer loop
      vertex 50.0674 34.5 0.864548
      vertex 45.6 5.56021 2.32432
      vertex 49.0902 34.5 0.489441
    endloop
  endfacet
  facet normal 0.700489 -0.136003 -0.700584
    outer loop
      vertex 48.353 4.5 4.05484
      vertex 53.4314 34.5 3.3087
      vertex 48.9452 4.5 4.64696
    endloop
  endfacet
  facet normal 0.700555 -0.136013 -0.700517
    outer loop
      vertex 53.4314 34.5 3.3087
      vertex 48.353 4.5 4.05484
      vertex 52.6913 34.5 2.56856
    endloop
  endfacet
  facet normal 0.997172 -0.0539956 -0.0522774
    outer loop
      vertex 56 34.5 10
      vertex 55.9452 34.5 8.95471
      vertex 57.9343 69.5 10.7457
    endloop
  endfacet
  facet normal 0.98508 -0.164178 -0.0515965
    outer loop
      vertex 51 4.5 10
      vertex 50.9562 4.5 9.16377
      vertex 55.9452 34.5 8.95471
    endloop
  endfacet
  facet normal 0.156092 0.0667895 0.985482
    outer loop
      vertex 48.8362 125.5 45.9562
      vertex 47.2543 70.5 49.9343
      vertex 48.4949 70.5 49.7378
    endloop
  endfacet
  facet normal 0.0504803 -0.262043 0.963735
    outer loop
      vertex 47.0453 34.5 47.9452
      vertex 43 4.5 40
      vertex 43.8362 4.5 39.9562
    endloop
  endfacet
  facet normal 0.0522231 -0.0569719 0.997009
    outer loop
      vertex 46 69.5 50
      vertex 46 34.5 48
      vertex 47.2543 69.5 49.9343
    endloop
  endfacet
  facet normal -0 0.0725357 0.997366
    outer loop
      vertex 29 125.5 46
      vertex 46 70.5 50
      vertex 48 125.5 46
    endloop
  endfacet
  facet normal 0 0.0725357 0.997366
    outer loop
      vertex 46 70.5 50
      vertex 29 125.5 46
      vertex 29 70.5 50
    endloop
  endfacet
  facet normal 0.543677 -0.0569697 0.837359
    outer loop
      vertex 53.0534 69.5 47.7082
      vertex 51 34.5 46.6602
      vertex 51.8779 34.5 46.0902
    endloop
  endfacet
  facet normal 0.628368 -0.0569731 0.775827
    outer loop
      vertex 54.0296 69.5 46.9177
      vertex 51.8779 34.5 46.0902
      vertex 52.6913 34.5 45.4314
    endloop
  endfacet
  facet normal 0.156085 0.0667896 0.985483
    outer loop
      vertex 48.8362 125.5 45.9562
      vertex 48.4949 70.5 49.7378
      vertex 49.6633 125.5 45.8252
    endloop
  endfacet
  facet normal 0.357728 0.059489 0.931929
    outer loop
      vertex 51.2539 125.5 45.3084
      vertex 50.4721 125.5 45.6085
      vertex 50.8808 70.5 48.9625
    endloop
  endfacet
  facet normal 0.156441 0 0.987687
    outer loop
      vertex 47.2543 70.5 49.9343
      vertex 48.4949 69.5 49.7378
      vertex 48.4949 70.5 49.7378
    endloop
  endfacet
  facet normal 0.156441 0 0.987687
    outer loop
      vertex 48.4949 69.5 49.7378
      vertex 47.2543 70.5 49.9343
      vertex 47.2543 69.5 49.9343
    endloop
  endfacet
  facet normal 0.156145 -0.0569718 0.98609
    outer loop
      vertex 48.4949 69.5 49.7378
      vertex 47.0453 34.5 47.9452
      vertex 48.0791 34.5 47.7815
    endloop
  endfacet
  facet normal 0.998631 0 -0.0523081
    outer loop
      vertex 58 69.5 12
      vertex 57.9343 70.5 10.7457
      vertex 58 70.5 12
    endloop
  endfacet
  facet normal 0.998631 0 -0.0523081
    outer loop
      vertex 57.9343 70.5 10.7457
      vertex 58 69.5 12
      vertex 57.9343 69.5 10.7457
    endloop
  endfacet
  facet normal 0.358357 0 -0.933585
    outer loop
      vertex 50.4721 124.5 0.391541
      vertex 51.2539 125.5 0.691635
      vertex 51.2539 124.5 0.691635
    endloop
  endfacet
  facet normal 0.358357 0 -0.933585
    outer loop
      vertex 51.2539 125.5 0.691635
      vertex 50.4721 124.5 0.391541
      vertex 50.4721 125.5 0.391541
    endloop
  endfacet
  facet normal 0.965248 0.0374763 0.258635
    outer loop
      vertex 57.7378 70.5 40.4949
      vertex 55.6085 125.5 40.4721
      vertex 57.4127 70.5 41.7082
    endloop
  endfacet
  facet normal 0.909509 -0.225633 0.349117
    outer loop
      vertex 55.1355 34.5 42.0674
      vertex 50.6085 4.5 34.4721
      vertex 55.5106 34.5 41.0902
    endloop
  endfacet
  facet normal 0.983359 -0.174204 0.0515527
    outer loop
      vertex 55.9452 34.5 39.0453
      vertex 51 4.5 32
      vertex 56 34.5 38
    endloop
  endfacet
  facet normal 0.998371 -0.0570498 0
    outer loop
      vertex 56 34.5 38
      vertex 58 69.5 12
      vertex 58 69.5 38
    endloop
  endfacet
  facet normal 0.998371 -0.0570498 0
    outer loop
      vertex 58 69.5 12
      vertex 56 34.5 38
      vertex 56 34.5 10
    endloop
  endfacet
  facet normal 0.0523357 0 -0.99863
    outer loop
      vertex 48 124.5 0
      vertex 48.8362 125.5 0.0438232
      vertex 48.8362 124.5 0.0438232
    endloop
  endfacet
  facet normal 0.0523357 0 -0.99863
    outer loop
      vertex 48.8362 125.5 0.0438232
      vertex 48 124.5 0
      vertex 48 125.5 0
    endloop
  endfacet
  facet normal 0.258813 -0.00502463 -0.965914
    outer loop
      vertex 49.0902 34.5 0.489441
      vertex 48.0791 34.5 0.218521
      vertex 50.4721 124.5 0.391541
    endloop
  endfacet
  facet normal 0.25882 -0.00502482 -0.965913
    outer loop
      vertex 50.4721 124.5 0.391541
      vertex 48.0791 34.5 0.218521
      vertex 49.6633 124.5 0.17482
    endloop
  endfacet
  facet normal 0.453991 -0.00769707 -0.890973
    outer loop
      vertex 51 34.5 1.33975
      vertex 50.0674 34.5 0.864548
      vertex 52 124.5 1.07179
    endloop
  endfacet
  facet normal 0.776962 -0.0210971 -0.629194
    outer loop
      vertex 55.7082 69.5 4.94658
      vertex 54.0902 34.5 4.12215
      vertex 54.9177 69.5 3.97043
    endloop
  endfacet
  facet normal 0.357776 -0.0569712 0.932068
    outer loop
      vertex 49.7082 69.5 49.4127
      vertex 49.0902 34.5 47.5106
      vertex 50.0674 34.5 47.1355
    endloop
  endfacet
  facet normal 0.258817 0 0.965926
    outer loop
      vertex 48.4949 70.5 49.7378
      vertex 49.7082 69.5 49.4127
      vertex 49.7082 70.5 49.4127
    endloop
  endfacet
  facet normal 0.258817 0 0.965926
    outer loop
      vertex 49.7082 69.5 49.4127
      vertex 48.4949 70.5 49.7378
      vertex 48.4949 69.5 49.7378
    endloop
  endfacet
  facet normal 0.258397 -0.0569718 0.964358
    outer loop
      vertex 48.4949 69.5 49.7378
      vertex 48.0791 34.5 47.7815
      vertex 49.7082 69.5 49.4127
    endloop
  endfacet
  facet normal 0.453215 -0.0569687 0.889579
    outer loop
      vertex 50.8808 69.5 48.9625
      vertex 50.0674 34.5 47.1355
      vertex 52 69.5 48.3923
    endloop
  endfacet
  facet normal 0.0521989 -0.0716242 -0.996065
    outer loop
      vertex 47.0453 34.5 0.0547791
      vertex 43 4.5 2
      vertex 46 34.5 0
    endloop
  endfacet
  facet normal 0.0521975 -0.071624 -0.996065
    outer loop
      vertex 43.8362 4.5 2.04382
      vertex 43 4.5 2
      vertex 47.0453 34.5 0.0547791
    endloop
  endfacet
  facet normal 0.150651 -0.269412 0.951168
    outer loop
      vertex 48.0791 34.5 47.7815
      vertex 43.8362 4.5 39.9562
      vertex 44.6633 4.5 39.8252
    endloop
  endfacet
  facet normal 0.150616 -0.269409 0.951175
    outer loop
      vertex 47.0453 34.5 47.9452
      vertex 43.8362 4.5 39.9562
      vertex 48.0791 34.5 47.7815
    endloop
  endfacet
  facet normal 0 -0.257663 0.966235
    outer loop
      vertex 29 34.5 48
      vertex 43 4.5 40
      vertex 46 34.5 48
    endloop
  endfacet
  facet normal 0 -0.257663 0.966235
    outer loop
      vertex 43 4.5 40
      vertex 29 34.5 48
      vertex 29 4.5 40
    endloop
  endfacet
  facet normal 0.0505238 -0.262047 0.963732
    outer loop
      vertex 46 34.5 48
      vertex 43 4.5 40
      vertex 47.0453 34.5 47.9452
    endloop
  endfacet
  facet normal 0.889579 -0.0569687 0.453215
    outer loop
      vertex 56.3923 69.5 44
      vertex 55.1355 34.5 42.0674
      vertex 56.9625 69.5 42.8808
    endloop
  endfacet
  facet normal 0.77715 -0 0.629315
    outer loop
      vertex 54.9177 69.5 46.0296
      vertex 55.7082 70.5 45.0534
      vertex 54.9177 70.5 46.0296
    endloop
  endfacet
  facet normal 0.77715 0 0.629315
    outer loop
      vertex 55.7082 70.5 45.0534
      vertex 54.9177 69.5 46.0296
      vertex 55.7082 69.5 45.0534
    endloop
  endfacet
  facet normal 0.681147 -0.268474 0.681147
    outer loop
      vertex 48.353 4.5 37.9452
      vertex 53.4314 34.5 44.6913
      vertex 52.6913 34.5 45.4314
    endloop
  endfacet
  facet normal 0.681147 -0.268474 0.681147
    outer loop
      vertex 53.4314 34.5 44.6913
      vertex 48.353 4.5 37.9452
      vertex 48.9452 4.5 37.353
    endloop
  endfacet
  facet normal 0.628293 -0.0569699 0.775888
    outer loop
      vertex 53.0534 69.5 47.7082
      vertex 51.8779 34.5 46.0902
      vertex 54.0296 69.5 46.9177
    endloop
  endfacet
  facet normal 0.523184 -0.277438 0.805795
    outer loop
      vertex 51 34.5 46.6602
      vertex 47 4.5 38.9282
      vertex 51.8779 34.5 46.0902
    endloop
  endfacet
  facet normal 0.523275 -0.277439 0.805736
    outer loop
      vertex 51.8779 34.5 46.0902
      vertex 47 4.5 38.9282
      vertex 47.7023 4.5 38.4721
    endloop
  endfacet
  facet normal 0.544647 0 0.838665
    outer loop
      vertex 52 70.5 48.3923
      vertex 53.0534 69.5 47.7082
      vertex 53.0534 70.5 47.7082
    endloop
  endfacet
  facet normal 0.544647 0 0.838665
    outer loop
      vertex 53.0534 69.5 47.7082
      vertex 52 70.5 48.3923
      vertex 52 69.5 48.3923
    endloop
  endfacet
  facet normal 0.357789 0.059488 0.931906
    outer loop
      vertex 50.4721 125.5 45.6085
      vertex 49.7082 70.5 49.4127
      vertex 50.8808 70.5 48.9625
    endloop
  endfacet
  facet normal 0.629294 -0.0126573 -0.777064
    outer loop
      vertex 52.6913 34.5 2.56856
      vertex 51.8779 34.5 1.90984
      vertex 54.0296 69.5 3.08226
    endloop
  endfacet
  facet normal 0.987371 0.0253264 -0.156387
    outer loop
      vertex 57.7378 70.5 9.50507
      vertex 55.9562 125.5 7.16377
      vertex 57.9343 70.5 10.7457
    endloop
  endfacet
  facet normal 0.837303 -0.056973 0.543762
    outer loop
      vertex 55.7082 69.5 45.0534
      vertex 54.6602 34.5 43
      vertex 56.3923 69.5 44
    endloop
  endfacet
  facet normal 0.909507 -0.225634 0.349121
    outer loop
      vertex 55.1355 34.5 42.0674
      vertex 50.3084 4.5 35.2539
      vertex 50.6085 4.5 34.4721
    endloop
  endfacet
  facet normal 0.964363 -0.0569712 0.258378
    outer loop
      vertex 57.4127 69.5 41.7082
      vertex 55.5106 34.5 41.0902
      vertex 55.7815 34.5 40.0791
    endloop
  endfacet
  facet normal 0.890266 0.0401937 0.453664
    outer loop
      vertex 55.3084 125.5 41.2539
      vertex 54.9282 125.5 42
      vertex 56.9625 70.5 42.8808
    endloop
  endfacet
  facet normal 0.837922 0.0420933 0.544164
    outer loop
      vertex 56.3923 70.5 44
      vertex 54.9282 125.5 42
      vertex 55.7082 70.5 45.0534
    endloop
  endfacet
  facet normal 0.999339 0.0363396 -0
    outer loop
      vertex 58 70.5 12
      vertex 56 125.5 38
      vertex 58 70.5 38
    endloop
  endfacet
  facet normal 0.999339 0.0363396 0
    outer loop
      vertex 56 125.5 38
      vertex 58 70.5 12
      vertex 56 125.5 8
    endloop
  endfacet
  facet normal 0.997973 0.0362899 0.0522736
    outer loop
      vertex 58 70.5 38
      vertex 56 125.5 38
      vertex 57.9343 70.5 39.2543
    endloop
  endfacet
  facet normal 0.998104 0.0324925 -0.0522805
    outer loop
      vertex 57.9343 70.5 10.7457
      vertex 56 125.5 8
      vertex 58 70.5 12
    endloop
  endfacet
  facet normal 0.998104 0.0324926 -0.0522786
    outer loop
      vertex 57.9343 70.5 10.7457
      vertex 55.9562 125.5 7.16377
      vertex 56 125.5 8
    endloop
  endfacet
  facet normal 0.15643 -0.00323311 -0.987684
    outer loop
      vertex 49.6633 124.5 0.17482
      vertex 48.0791 34.5 0.218521
      vertex 48.8362 124.5 0.0438232
    endloop
  endfacet
  facet normal 0.156431 0 -0.987689
    outer loop
      vertex 48.8362 124.5 0.0438232
      vertex 49.6633 125.5 0.17482
      vertex 49.6633 124.5 0.17482
    endloop
  endfacet
  facet normal 0.156431 0 -0.987689
    outer loop
      vertex 49.6633 125.5 0.17482
      vertex 48.8362 124.5 0.0438232
      vertex 48.8362 125.5 0.0438232
    endloop
  endfacet
  facet normal 0.358349 -0.00651785 -0.933565
    outer loop
      vertex 51.2539 124.5 0.691635
      vertex 50.0674 34.5 0.864548
      vertex 50.4721 124.5 0.391541
    endloop
  endfacet
  facet normal 0.540685 -0.120162 -0.832599
    outer loop
      vertex 47.7023 4.5 3.52786
      vertex 47 4.5 3.07179
      vertex 51.8779 34.5 1.90984
    endloop
  endfacet
  facet normal 0.540676 -0.12016 -0.832605
    outer loop
      vertex 51.8779 34.5 1.90984
      vertex 47 4.5 3.07179
      vertex 51 34.5 1.33975
    endloop
  endfacet
  facet normal 0.890588 -0.0311064 -0.453745
    outer loop
      vertex 56.9625 69.5 7.11916
      vertex 55.1355 34.5 5.93263
      vertex 56.3923 69.5 6
    endloop
  endfacet
  facet normal 0.258378 -0.0569712 0.964363
    outer loop
      vertex 49.7082 69.5 49.4127
      vertex 48.0791 34.5 47.7815
      vertex 49.0902 34.5 47.5106
    endloop
  endfacet
  facet normal 0.344258 -0.277752 0.89685
    outer loop
      vertex 49.0902 34.5 47.5106
      vertex 45.4721 4.5 39.6085
      vertex 50.0674 34.5 47.1355
    endloop
  endfacet
  facet normal 0.156187 -0.0569732 0.986083
    outer loop
      vertex 47.2543 69.5 49.9343
      vertex 47.0453 34.5 47.9452
      vertex 48.4949 69.5 49.7378
    endloop
  endfacet
  facet normal 0.453952 0 0.891026
    outer loop
      vertex 50.8808 70.5 48.9625
      vertex 52 69.5 48.3923
      vertex 52 70.5 48.3923
    endloop
  endfacet
  facet normal 0.453952 0 0.891026
    outer loop
      vertex 52 69.5 48.3923
      vertex 50.8808 70.5 48.9625
      vertex 50.8808 69.5 48.9625
    endloop
  endfacet
  facet normal 0.776398 0.0443233 0.628683
    outer loop
      vertex 54.4721 125.5 42.7023
      vertex 53.9452 125.5 43.353
      vertex 54.9177 70.5 46.0296
    endloop
  endfacet
  facet normal 0.837916 0.0420937 0.544174
    outer loop
      vertex 54.9282 125.5 42
      vertex 54.4721 125.5 42.7023
      vertex 55.7082 70.5 45.0534
    endloop
  endfacet
  facet normal 0.43609 -0.278679 0.855665
    outer loop
      vertex 50.0674 34.5 47.1355
      vertex 47 4.5 38.9282
      vertex 51 34.5 46.6602
    endloop
  endfacet
  facet normal 0.628538 0.049682 0.776191
    outer loop
      vertex 54.0296 70.5 46.9177
      vertex 52.7023 125.5 44.4721
      vertex 53.0534 70.5 47.7082
    endloop
  endfacet
  facet normal 0.543898 0.0527485 0.837492
    outer loop
      vertex 52.7023 125.5 44.4721
      vertex 52 125.5 44.9282
      vertex 53.0534 70.5 47.7082
    endloop
  endfacet
  facet normal 0.628524 0.0496822 0.776202
    outer loop
      vertex 53.353 125.5 43.9452
      vertex 52.7023 125.5 44.4721
      vertex 54.0296 70.5 46.9177
    endloop
  endfacet
  facet normal 0.453318 0.0560273 0.889586
    outer loop
      vertex 51.2539 125.5 45.3084
      vertex 50.8808 70.5 48.9625
      vertex 52 125.5 44.9282
    endloop
  endfacet
  facet normal 0.543889 0.0527487 0.837498
    outer loop
      vertex 52 125.5 44.9282
      vertex 52 70.5 48.3923
      vertex 53.0534 70.5 47.7082
    endloop
  endfacet
  facet normal 0.258284 0.0630908 0.964007
    outer loop
      vertex 49.6633 125.5 45.8252
      vertex 48.4949 70.5 49.7378
      vertex 50.4721 125.5 45.6085
    endloop
  endfacet
  facet normal 0.987688 0 -0.156437
    outer loop
      vertex 57.9343 69.5 10.7457
      vertex 57.7378 70.5 9.50507
      vertex 57.9343 70.5 10.7457
    endloop
  endfacet
  facet normal 0.987688 0 -0.156437
    outer loop
      vertex 57.7378 70.5 9.50507
      vertex 57.9343 69.5 10.7457
      vertex 57.7378 69.5 9.50507
    endloop
  endfacet
  facet normal 0.89102 0 -0.453965
    outer loop
      vertex 56.9625 69.5 7.11916
      vertex 56.3923 70.5 6
      vertex 56.9625 70.5 7.11916
    endloop
  endfacet
  facet normal 0.89102 0 -0.453965
    outer loop
      vertex 56.3923 70.5 6
      vertex 56.9625 69.5 7.11916
      vertex 56.3923 69.5 6
    endloop
  endfacet
  facet normal 0.965757 0.018676 -0.258776
    outer loop
      vertex 57.4127 70.5 8.29179
      vertex 55.6085 125.5 5.52786
      vertex 57.7378 70.5 9.50507
    endloop
  endfacet
  facet normal 0.86507 -0.239323 0.440883
    outer loop
      vertex 54.6602 34.5 43
      vertex 49.9282 4.5 36
      vertex 55.1355 34.5 42.0674
    endloop
  endfacet
  facet normal 0.837359 -0.0569697 0.543677
    outer loop
      vertex 55.7082 69.5 45.0534
      vertex 54.0902 34.5 43.8779
      vertex 54.6602 34.5 43
    endloop
  endfacet
  facet normal 0.932068 -0.0569712 0.357776
    outer loop
      vertex 57.4127 69.5 41.7082
      vertex 55.1355 34.5 42.0674
      vertex 55.5106 34.5 41.0902
    endloop
  endfacet
  facet normal 0.889514 -0.0569734 0.453341
    outer loop
      vertex 56.3923 69.5 44
      vertex 54.6602 34.5 43
      vertex 55.1355 34.5 42.0674
    endloop
  endfacet
  facet normal 0.953327 -0.161039 -0.25541
    outer loop
      vertex 50.8252 4.5 8.3367
      vertex 50.6085 4.5 7.52786
      vertex 55.7815 34.5 7.92088
    endloop
  endfacet
  facet normal 0.965066 -0.0422373 -0.258582
    outer loop
      vertex 55.7815 34.5 7.92088
      vertex 55.5106 34.5 6.90984
      vertex 57.4127 69.5 8.29179
    endloop
  endfacet
  facet normal 0.944366 -0.21013 0.25302
    outer loop
      vertex 55.5106 34.5 41.0902
      vertex 50.6085 4.5 34.4721
      vertex 55.7815 34.5 40.0791
    endloop
  endfacet
  facet normal 0.986083 -0.0569732 0.156187
    outer loop
      vertex 57.7378 69.5 40.4949
      vertex 55.9452 34.5 39.0453
      vertex 57.9343 69.5 39.2543
    endloop
  endfacet
  facet normal 0.965252 0.0374765 0.258618
    outer loop
      vertex 55.8252 125.5 39.6633
      vertex 55.6085 125.5 40.4721
      vertex 57.7378 70.5 40.4949
    endloop
  endfacet
  facet normal 0.776387 0.044324 0.628697
    outer loop
      vertex 55.7082 70.5 45.0534
      vertex 54.4721 125.5 42.7023
      vertex 54.9177 70.5 46.0296
    endloop
  endfacet
  facet normal 0.997973 0.0362899 0.0522736
    outer loop
      vertex 56 125.5 38
      vertex 55.9562 125.5 38.8362
      vertex 57.9343 70.5 39.2543
    endloop
  endfacet
  facet normal 0.707127 -0.00451103 -0.707072
    outer loop
      vertex 54.0296 69.5 3.08226
      vertex 53.9452 124.5 2.64696
      vertex 54.9177 69.5 3.97043
    endloop
  endfacet
  facet normal 0.707052 -0.00451175 -0.707147
    outer loop
      vertex 53.9452 124.5 2.64696
      vertex 54.0296 69.5 3.08226
      vertex 53.353 124.5 2.05484
    endloop
  endfacet
  facet normal 0.451164 -0.111279 -0.885476
    outer loop
      vertex 47 4.5 3.07179
      vertex 46.2539 4.5 2.69164
      vertex 50.0674 34.5 0.864548
    endloop
  endfacet
  facet normal 0.544632 0 -0.838675
    outer loop
      vertex 52 124.5 1.07179
      vertex 52.7023 125.5 1.52786
      vertex 52.7023 124.5 1.52786
    endloop
  endfacet
  facet normal 0.544632 0 -0.838675
    outer loop
      vertex 52.7023 125.5 1.52786
      vertex 52 124.5 1.07179
      vertex 52 125.5 1.07179
    endloop
  endfacet
  facet normal 0.629345 -0.00677437 -0.777097
    outer loop
      vertex 54.0296 69.5 3.08226
      vertex 52.7023 124.5 1.52786
      vertex 53.353 124.5 2.05484
    endloop
  endfacet
  facet normal 0.520108 -0.0083218 -0.85406
    outer loop
      vertex 52 69.5 1.6077
      vertex 51 34.5 1.33975
      vertex 52 124.5 1.07179
    endloop
  endfacet
  facet normal 0.880364 -0.153818 -0.448664
    outer loop
      vertex 55.1355 34.5 5.93263
      vertex 49.9282 4.5 6
      vertex 54.6602 34.5 5
    endloop
  endfacet
  facet normal 0.769218 -0.142816 -0.622822
    outer loop
      vertex 48.9452 4.5 4.64696
      vertex 54.0902 34.5 4.12215
      vertex 49.4721 4.5 5.29771
    endloop
  endfacet
  facet normal 0.769143 -0.142805 -0.622917
    outer loop
      vertex 54.0902 34.5 4.12215
      vertex 48.9452 4.5 4.64696
      vertex 53.4314 34.5 3.3087
    endloop
  endfacet
  facet normal 0.624132 -0.128438 -0.77069
    outer loop
      vertex 48.353 4.5 4.05484
      vertex 51.8779 34.5 1.90984
      vertex 52.6913 34.5 2.56856
    endloop
  endfacet
  facet normal 0.624146 -0.128439 -0.770678
    outer loop
      vertex 51.8779 34.5 1.90984
      vertex 48.353 4.5 4.05484
      vertex 47.7023 4.5 3.52786
    endloop
  endfacet
  facet normal 0.707037 -0.0166582 -0.706981
    outer loop
      vertex 53.4314 34.5 3.3087
      vertex 54.0296 69.5 3.08226
      vertex 54.9177 69.5 3.97043
    endloop
  endfacet
  facet normal 0.707028 -0.0166581 -0.70699
    outer loop
      vertex 54.0296 69.5 3.08226
      vertex 53.4314 34.5 3.3087
      vertex 52.6913 34.5 2.56856
    endloop
  endfacet
  facet normal 0.921859 -0.157926 -0.353885
    outer loop
      vertex 50.6085 4.5 7.52786
      vertex 50.3084 4.5 6.74611
      vertex 55.1355 34.5 5.93263
    endloop
  endfacet
  facet normal 0.932961 -0.0365625 -0.358115
    outer loop
      vertex 55.5106 34.5 6.90984
      vertex 55.1355 34.5 5.93263
      vertex 57.4127 69.5 8.29179
    endloop
  endfacet
  facet normal 0.357842 -0.0569689 0.932043
    outer loop
      vertex 50.8808 69.5 48.9625
      vertex 49.7082 69.5 49.4127
      vertex 50.0674 34.5 47.1355
    endloop
  endfacet
  facet normal 0.358424 0 0.933559
    outer loop
      vertex 49.7082 70.5 49.4127
      vertex 50.8808 69.5 48.9625
      vertex 50.8808 70.5 48.9625
    endloop
  endfacet
  facet normal 0.358424 0 0.933559
    outer loop
      vertex 50.8808 69.5 48.9625
      vertex 49.7082 70.5 49.4127
      vertex 49.7082 69.5 49.4127
    endloop
  endfacet
  facet normal 0 -0.066519 -0.997785
    outer loop
      vertex 29 34.5 0
      vertex 43 4.5 2
      vertex 29 4.5 2
    endloop
  endfacet
  facet normal 0 -0.066519 -0.997785
    outer loop
      vertex 43 4.5 2
      vertex 29 34.5 0
      vertex 46 34.5 0
    endloop
  endfacet
  facet normal 0 -1 0
    outer loop
      vertex 43 4.5 2
      vertex 44.9439 4.5 2.25
      vertex 29 4.5 2.25
    endloop
  endfacet
  facet normal -0 -1 0
    outer loop
      vertex 43.8362 4.5 2.04382
      vertex 44.9439 4.5 2.25
      vertex 43 4.5 2
    endloop
  endfacet
  facet normal 0 -1 0
    outer loop
      vertex 43 4.5 2
      vertex 29 4.5 2.25
      vertex 29 4.5 2
    endloop
  endfacet
  facet normal 0 -1 0
    outer loop
      vertex 44.9439 4.5 2.25
      vertex 43.8362 4.5 2.04382
      vertex 44.6633 4.5 2.17482
    endloop
  endfacet
  facet normal 0 -1 0
    outer loop
      vertex 29 4.5 17.75
      vertex 43 4.5 40
      vertex 29 4.5 40
    endloop
  endfacet
  facet normal 0 -1 0
    outer loop
      vertex 45.6 4.5 17.75
      vertex 43 4.5 40
      vertex 29 4.5 17.75
    endloop
  endfacet
  facet normal -0 -1 0
    outer loop
      vertex 51 4.5 32
      vertex 43 4.5 40
      vertex 45.6 4.5 17.75
    endloop
  endfacet
  facet normal 0 -1 0
    outer loop
      vertex 43 4.5 40
      vertex 51 4.5 32
      vertex 43.8362 4.5 39.9562
    endloop
  endfacet
  facet normal 0 -1 0
    outer loop
      vertex 44.6633 4.5 39.8252
      vertex 51 4.5 32
      vertex 45.4721 4.5 39.6085
    endloop
  endfacet
  facet normal 0 -1 0
    outer loop
      vertex 45.4721 4.5 39.6085
      vertex 51 4.5 32
      vertex 46.2539 4.5 39.3084
    endloop
  endfacet
  facet normal 0 -1 0
    outer loop
      vertex 47 4.5 38.9282
      vertex 51 4.5 32
      vertex 47.7023 4.5 38.4721
    endloop
  endfacet
  facet normal 0 -1 0
    outer loop
      vertex 47.7023 4.5 38.4721
      vertex 51 4.5 32
      vertex 48.353 4.5 37.9452
    endloop
  endfacet
  facet normal 0 -1 0
    outer loop
      vertex 48.353 4.5 37.9452
      vertex 51 4.5 32
      vertex 48.9452 4.5 37.353
    endloop
  endfacet
  facet normal 0 -1 0
    outer loop
      vertex 48.9452 4.5 37.353
      vertex 51 4.5 32
      vertex 49.4721 4.5 36.7023
    endloop
  endfacet
  facet normal 0 -1 0
    outer loop
      vertex 49.4721 4.5 36.7023
      vertex 51 4.5 32
      vertex 49.9282 4.5 36
    endloop
  endfacet
  facet normal 0 -1 0
    outer loop
      vertex 49.9282 4.5 36
      vertex 51 4.5 32
      vertex 50.3084 4.5 35.2539
    endloop
  endfacet
  facet normal 0 -1 0
    outer loop
      vertex 50.3084 4.5 35.2539
      vertex 51 4.5 32
      vertex 50.6085 4.5 34.4721
    endloop
  endfacet
  facet normal 0 -1 0
    outer loop
      vertex 50.6085 4.5 34.4721
      vertex 51 4.5 32
      vertex 50.8252 4.5 33.6633
    endloop
  endfacet
  facet normal 0 -1 0
    outer loop
      vertex 50.8252 4.5 33.6633
      vertex 51 4.5 32
      vertex 50.9562 4.5 32.8362
    endloop
  endfacet
  facet normal 0 -1 0
    outer loop
      vertex 43.8362 4.5 39.9562
      vertex 51 4.5 32
      vertex 44.6633 4.5 39.8252
    endloop
  endfacet
  facet normal 0 -1 0
    outer loop
      vertex 46.2539 4.5 39.3084
      vertex 51 4.5 32
      vertex 47 4.5 38.9282
    endloop
  endfacet
  facet normal 0 -1 0
    outer loop
      vertex 45.6 4.5 17.75
      vertex 51 4.5 10
      vertex 51 4.5 32
    endloop
  endfacet
  facet normal 0 -1 0
    outer loop
      vertex 45.6 4.5 17.75
      vertex 50.9562 4.5 9.16377
      vertex 51 4.5 10
    endloop
  endfacet
  facet normal 0 -1 0
    outer loop
      vertex 45.6 4.5 17.75
      vertex 50.8252 4.5 8.3367
      vertex 50.9562 4.5 9.16377
    endloop
  endfacet
  facet normal 0 -1 0
    outer loop
      vertex 45.6 4.5 17.75
      vertex 50.6085 4.5 7.52786
      vertex 50.8252 4.5 8.3367
    endloop
  endfacet
  facet normal 0 -1 0
    outer loop
      vertex 45.6 4.5 17.75
      vertex 50.3084 4.5 6.74611
      vertex 50.6085 4.5 7.52786
    endloop
  endfacet
  facet normal 0 -1 0
    outer loop
      vertex 45.6 4.5 17.75
      vertex 49.9282 4.5 6
      vertex 50.3084 4.5 6.74611
    endloop
  endfacet
  facet normal 0 -1 0
    outer loop
      vertex 45.6 4.5 17.75
      vertex 49.4721 4.5 5.29771
      vertex 49.9282 4.5 6
    endloop
  endfacet
  facet normal 0 -1 0
    outer loop
      vertex 45.6 4.5 17.75
      vertex 48.9452 4.5 4.64696
      vertex 49.4721 4.5 5.29771
    endloop
  endfacet
  facet normal 0 -1 0
    outer loop
      vertex 45.6 4.5 17.75
      vertex 48.353 4.5 4.05484
      vertex 48.9452 4.5 4.64696
    endloop
  endfacet
  facet normal 0 -1 0
    outer loop
      vertex 45.6 4.5 17.75
      vertex 47.7023 4.5 3.52786
      vertex 48.353 4.5 4.05484
    endloop
  endfacet
  facet normal 0 -1 0
    outer loop
      vertex 45.6 4.5 17.75
      vertex 47 4.5 3.07179
      vertex 47.7023 4.5 3.52786
    endloop
  endfacet
  facet normal 0 -1 0
    outer loop
      vertex 45.6 4.5 17.75
      vertex 46.2539 4.5 2.69164
      vertex 47 4.5 3.07179
    endloop
  endfacet
  facet normal -0 -1 0
    outer loop
      vertex 46.2539 4.5 2.69164
      vertex 45.6 4.5 17.75
      vertex 45.6 4.5 2.44062
    endloop
  endfacet
  facet normal 0 1 0
    outer loop
      vertex 41.1317 125.5 33.8935
      vertex 43 125.5 43
      vertex 44.9 125.5 43
    endloop
  endfacet
  facet normal 0 1 0
    outer loop
      vertex 43 125.5 43
      vertex 40.4068 125.5 34.1718
      vertex 40.25 125.5 34.18
    endloop
  endfacet
  facet normal 0 1 0
    outer loop
      vertex 43 125.5 43
      vertex 40.5619 125.5 34.1472
      vertex 40.4068 125.5 34.1718
    endloop
  endfacet
  facet normal 0 1 0
    outer loop
      vertex 43 125.5 43
      vertex 40.7135 125.5 34.1066
      vertex 40.5619 125.5 34.1472
    endloop
  endfacet
  facet normal 0 1 0
    outer loop
      vertex 43 125.5 43
      vertex 40.8601 125.5 34.0503
      vertex 40.7135 125.5 34.1066
    endloop
  endfacet
  facet normal 0 1 0
    outer loop
      vertex 43 125.5 43
      vertex 41 125.5 33.979
      vertex 40.8601 125.5 34.0503
    endloop
  endfacet
  facet normal 0 1 0
    outer loop
      vertex 43 125.5 43
      vertex 41.1317 125.5 33.8935
      vertex 41 125.5 33.979
    endloop
  endfacet
  facet normal 0 1 0
    outer loop
      vertex 44.9 125.5 43
      vertex 41.2537 125.5 33.7947
      vertex 41.1317 125.5 33.8935
    endloop
  endfacet
  facet normal 0 1 0
    outer loop
      vertex 44.9 125.5 43
      vertex 41.3647 125.5 33.6837
      vertex 41.2537 125.5 33.7947
    endloop
  endfacet
  facet normal 0 1 0
    outer loop
      vertex 44.9 125.5 43
      vertex 41.4635 125.5 33.5617
      vertex 41.3647 125.5 33.6837
    endloop
  endfacet
  facet normal 0 1 0
    outer loop
      vertex 44.9 125.5 43
      vertex 41.549 125.5 33.43
      vertex 41.4635 125.5 33.5617
    endloop
  endfacet
  facet normal 0 1 0
    outer loop
      vertex 44.9 125.5 43
      vertex 41.6203 125.5 33.2901
      vertex 41.549 125.5 33.43
    endloop
  endfacet
  facet normal 0 1 0
    outer loop
      vertex 44.9 125.5 43
      vertex 41.6766 125.5 33.1435
      vertex 41.6203 125.5 33.2901
    endloop
  endfacet
  facet normal 0 1 0
    outer loop
      vertex 44.9 125.5 43
      vertex 41.7172 125.5 32.9919
      vertex 41.6766 125.5 33.1435
    endloop
  endfacet
  facet normal 0 1 0
    outer loop
      vertex 44.9 125.5 43
      vertex 41.7418 125.5 32.8368
      vertex 41.7172 125.5 32.9919
    endloop
  endfacet
  facet normal 0 1 0
    outer loop
      vertex 44.9 125.5 43
      vertex 41.75 125.5 32.68
      vertex 41.7418 125.5 32.8368
    endloop
  endfacet
  facet normal 0 1 -0
    outer loop
      vertex 44.9 125.5 17
      vertex 41.75 125.5 32.68
      vertex 44.9 125.5 43
    endloop
  endfacet
  facet normal 0 1 0
    outer loop
      vertex 41.75 125.5 32.68
      vertex 44.9 125.5 17
      vertex 41.75 125.5 18.18
    endloop
  endfacet
  facet normal 0 1 -0
    outer loop
      vertex 43 125.5 17
      vertex 41.75 125.5 18.18
      vertex 44.9 125.5 17
    endloop
  endfacet
  facet normal 0 1 0
    outer loop
      vertex 41.75 125.5 18.18
      vertex 43 125.5 17
      vertex 41.7418 125.5 18.0232
    endloop
  endfacet
  facet normal 0 1 0
    outer loop
      vertex 41.7418 125.5 18.0232
      vertex 43 125.5 17
      vertex 41.7172 125.5 17.8681
    endloop
  endfacet
  facet normal 0 1 0
    outer loop
      vertex 41.7172 125.5 17.8681
      vertex 43 125.5 17
      vertex 41.6766 125.5 17.7165
    endloop
  endfacet
  facet normal 0 1 0
    outer loop
      vertex 41.6766 125.5 17.7165
      vertex 43 125.5 17
      vertex 41.6203 125.5 17.5699
    endloop
  endfacet
  facet normal 0 1 0
    outer loop
      vertex 41.6203 125.5 17.5699
      vertex 43 125.5 17
      vertex 41.549 125.5 17.43
    endloop
  endfacet
  facet normal 0 1 0
    outer loop
      vertex 41.549 125.5 17.43
      vertex 43 125.5 17
      vertex 41.4635 125.5 17.2983
    endloop
  endfacet
  facet normal 0 1 0
    outer loop
      vertex 41.4635 125.5 17.2983
      vertex 43 125.5 17
      vertex 41.3647 125.5 17.1763
    endloop
  endfacet
  facet normal 0 1 0
    outer loop
      vertex 41.3647 125.5 17.1763
      vertex 43 125.5 17
      vertex 41.2537 125.5 17.0653
    endloop
  endfacet
  facet normal 0 1 -0
    outer loop
      vertex 43 125.5 15.5
      vertex 41.2537 125.5 17.0653
      vertex 43 125.5 17
    endloop
  endfacet
  facet normal 0 1 0
    outer loop
      vertex 41.2537 125.5 17.0653
      vertex 43 125.5 15.5
      vertex 41.1317 125.5 16.9665
    endloop
  endfacet
  facet normal 0 1 0
    outer loop
      vertex 41.1317 125.5 16.9665
      vertex 43 125.5 15.5
      vertex 41 125.5 16.881
    endloop
  endfacet
  facet normal 0 1 0
    outer loop
      vertex 41 125.5 16.881
      vertex 43 125.5 15.5
      vertex 40.8601 125.5 16.8097
    endloop
  endfacet
  facet normal 0 1 0
    outer loop
      vertex 40.8601 125.5 16.8097
      vertex 43 125.5 15.5
      vertex 40.7135 125.5 16.7534
    endloop
  endfacet
  facet normal 0 1 0
    outer loop
      vertex 40.7135 125.5 16.7534
      vertex 43 125.5 15.5
      vertex 40.5619 125.5 16.7128
    endloop
  endfacet
  facet normal 0 1 0
    outer loop
      vertex 40.5619 125.5 16.7128
      vertex 43 125.5 15.5
      vertex 40.4068 125.5 16.6882
    endloop
  endfacet
  facet normal 0 1 0
    outer loop
      vertex 43 125.5 15.5
      vertex 40.25 125.5 16.68
      vertex 40.4068 125.5 16.6882
    endloop
  endfacet
  facet normal 0 1 0
    outer loop
      vertex 35.5 125.5 10
      vertex 40.25 125.5 16.68
      vertex 43 125.5 15.5
    endloop
  endfacet
  facet normal 0 1 0
    outer loop
      vertex 40.25 125.5 16.68
      vertex 35.5 125.5 10
      vertex 29 125.5 16.68
    endloop
  endfacet
  facet normal 0 1 0
    outer loop
      vertex 29 125.5 16.68
      vertex 35.5 125.5 10
      vertex 29 125.5 10
    endloop
  endfacet
  facet normal 0 1 0
    outer loop
      vertex 52.7023 125.5 44.4721
      vertex 47 125.5 44.5
      vertex 52 125.5 44.9282
    endloop
  endfacet
  facet normal 0 1 0
    outer loop
      vertex 53.353 125.5 43.9452
      vertex 47 125.5 44.5
      vertex 52.7023 125.5 44.4721
    endloop
  endfacet
  facet normal 0 1 0
    outer loop
      vertex 53.9452 125.5 43.353
      vertex 47 125.5 44.5
      vertex 53.353 125.5 43.9452
    endloop
  endfacet
  facet normal 0 1 0
    outer loop
      vertex 54.4721 125.5 42.7023
      vertex 47 125.5 44.5
      vertex 53.9452 125.5 43.353
    endloop
  endfacet
  facet normal 0 1 0
    outer loop
      vertex 54.9282 125.5 42
      vertex 47 125.5 44.5
      vertex 54.4721 125.5 42.7023
    endloop
  endfacet
  facet normal 0 1 0
    outer loop
      vertex 55.3084 125.5 41.2539
      vertex 47 125.5 44.5
      vertex 54.9282 125.5 42
    endloop
  endfacet
  facet normal 0 1 0
    outer loop
      vertex 55.6085 125.5 40.4721
      vertex 47 125.5 44.5
      vertex 55.3084 125.5 41.2539
    endloop
  endfacet
  facet normal 0 1 0
    outer loop
      vertex 55.8252 125.5 39.6633
      vertex 47 125.5 44.5
      vertex 55.6085 125.5 40.4721
    endloop
  endfacet
  facet normal 0 1 0
    outer loop
      vertex 55.9562 125.5 38.8362
      vertex 47 125.5 44.5
      vertex 55.8252 125.5 39.6633
    endloop
  endfacet
  facet normal 0 1 0
    outer loop
      vertex 56 125.5 38
      vertex 47 125.5 44.5
      vertex 55.9562 125.5 38.8362
    endloop
  endfacet
  facet normal 0 1 0
    outer loop
      vertex 56 125.5 38
      vertex 47 125.5 15.5
      vertex 47 125.5 44.5
    endloop
  endfacet
  facet normal 0 1 0
    outer loop
      vertex 48 125.5 0
      vertex 43 125.5 15.5
      vertex 47 125.5 15.5
    endloop
  endfacet
  facet normal 0 1 -0
    outer loop
      vertex 56 125.5 8
      vertex 47 125.5 15.5
      vertex 56 125.5 38
    endloop
  endfacet
  facet normal 0 1 -0
    outer loop
      vertex 55.9562 125.5 7.16377
      vertex 47 125.5 15.5
      vertex 56 125.5 8
    endloop
  endfacet
  facet normal 0 1 -0
    outer loop
      vertex 55.8252 125.5 6.3367
      vertex 47 125.5 15.5
      vertex 55.9562 125.5 7.16377
    endloop
  endfacet
  facet normal 0 1 -0
    outer loop
      vertex 55.6085 125.5 5.52786
      vertex 47 125.5 15.5
      vertex 55.8252 125.5 6.3367
    endloop
  endfacet
  facet normal 0 1 -0
    outer loop
      vertex 55.3084 125.5 4.74611
      vertex 47 125.5 15.5
      vertex 55.6085 125.5 5.52786
    endloop
  endfacet
  facet normal 0 1 -0
    outer loop
      vertex 54.9282 125.5 4
      vertex 47 125.5 15.5
      vertex 55.3084 125.5 4.74611
    endloop
  endfacet
  facet normal 0 1 -0
    outer loop
      vertex 54.4721 125.5 3.29771
      vertex 47 125.5 15.5
      vertex 54.9282 125.5 4
    endloop
  endfacet
  facet normal 0 1 -0
    outer loop
      vertex 53.9452 125.5 2.64696
      vertex 47 125.5 15.5
      vertex 54.4721 125.5 3.29771
    endloop
  endfacet
  facet normal 0 1 -0
    outer loop
      vertex 53.353 125.5 2.05484
      vertex 47 125.5 15.5
      vertex 53.9452 125.5 2.64696
    endloop
  endfacet
  facet normal 0 1 -0
    outer loop
      vertex 52.7023 125.5 1.52786
      vertex 47 125.5 15.5
      vertex 53.353 125.5 2.05484
    endloop
  endfacet
  facet normal 0 1 0
    outer loop
      vertex 47 125.5 15.5
      vertex 52.7023 125.5 1.52786
      vertex 48 125.5 0
    endloop
  endfacet
  facet normal 0 1 0
    outer loop
      vertex 48 125.5 0
      vertex 52.7023 125.5 1.52786
      vertex 52 125.5 1.07179
    endloop
  endfacet
  facet normal 0 1 0
    outer loop
      vertex 43 125.5 15.5
      vertex 48 125.5 0
      vertex 35.5 125.5 10
    endloop
  endfacet
  facet normal 0 1 0
    outer loop
      vertex 48 125.5 0
      vertex 52 125.5 1.07179
      vertex 51.2539 125.5 0.691635
    endloop
  endfacet
  facet normal 0 1 0
    outer loop
      vertex 35.5 125.5 10
      vertex 48 125.5 0
      vertex 35.5 125.5 1
    endloop
  endfacet
  facet normal 0 1 0
    outer loop
      vertex 48 125.5 0
      vertex 51.2539 125.5 0.691635
      vertex 50.4721 125.5 0.391541
    endloop
  endfacet
  facet normal 0 1 0
    outer loop
      vertex 48 125.5 0
      vertex 50.4721 125.5 0.391541
      vertex 49.6633 125.5 0.17482
    endloop
  endfacet
  facet normal 0 1 0
    outer loop
      vertex 48 125.5 0
      vertex 49.6633 125.5 0.17482
      vertex 48.8362 125.5 0.0438232
    endloop
  endfacet
  facet normal 0 1 0
    outer loop
      vertex 29 125.5 0
      vertex 35.5 125.5 1
      vertex 48 125.5 0
    endloop
  endfacet
  facet normal 0 1 0
    outer loop
      vertex 35.5 125.5 1
      vertex 29 125.5 0
      vertex 29 125.5 1
    endloop
  endfacet
  facet normal 0 1 0
    outer loop
      vertex 47 125.5 44.5
      vertex 48 125.5 46
      vertex 48.8362 125.5 45.9562
    endloop
  endfacet
  facet normal 0 1 0
    outer loop
      vertex 47 125.5 44.5
      vertex 48.8362 125.5 45.9562
      vertex 49.6633 125.5 45.8252
    endloop
  endfacet
  facet normal 0 1 0
    outer loop
      vertex 47 125.5 44.5
      vertex 49.6633 125.5 45.8252
      vertex 50.4721 125.5 45.6085
    endloop
  endfacet
  facet normal 0 1 0
    outer loop
      vertex 47 125.5 44.5
      vertex 50.4721 125.5 45.6085
      vertex 51.2539 125.5 45.3084
    endloop
  endfacet
  facet normal 0 1 0
    outer loop
      vertex 47 125.5 44.5
      vertex 51.2539 125.5 45.3084
      vertex 52 125.5 44.9282
    endloop
  endfacet
  facet normal 0 1 0
    outer loop
      vertex 48 125.5 46
      vertex 47 125.5 44.5
      vertex 43 125.5 44.5
    endloop
  endfacet
  facet normal 0 1 0
    outer loop
      vertex 48 125.5 46
      vertex 43 125.5 44.5
      vertex 29 125.5 46
    endloop
  endfacet
  facet normal 0 1 -0
    outer loop
      vertex 43 125.5 43
      vertex 29 125.5 46
      vertex 43 125.5 44.5
    endloop
  endfacet
  facet normal 0 1 -0
    outer loop
      vertex 40.25 125.5 34.18
      vertex 29 125.5 46
      vertex 43 125.5 43
    endloop
  endfacet
  facet normal 0 1 0
    outer loop
      vertex 29 125.5 46
      vertex 40.25 125.5 34.18
      vertex 29 125.5 34.18
    endloop
  endfacet
  facet normal -0 0 1
    outer loop
      vertex 29 70.5 50
      vertex 46 69.5 50
      vertex 46 70.5 50
    endloop
  endfacet
  facet normal 0 0 1
    outer loop
      vertex 46 69.5 50
      vertex 29 70.5 50
      vertex 29 69.5 50
    endloop
  endfacet
  facet normal 0.705958 -0.0569728 0.705958
    outer loop
      vertex 52.6913 34.5 45.4314
      vertex 54.9177 69.5 46.0296
      vertex 54.0296 69.5 46.9177
    endloop
  endfacet
  facet normal 0.705958 -0.0569728 0.705958
    outer loop
      vertex 54.9177 69.5 46.0296
      vertex 52.6913 34.5 45.4314
      vertex 53.4314 34.5 44.6913
    endloop
  endfacet
  facet normal 0.707107 -0 0.707107
    outer loop
      vertex 54.0296 69.5 46.9177
      vertex 54.9177 70.5 46.0296
      vertex 54.0296 70.5 46.9177
    endloop
  endfacet
  facet normal 0.707107 0 0.707107
    outer loop
      vertex 54.9177 70.5 46.0296
      vertex 54.0296 69.5 46.9177
      vertex 54.9177 69.5 46.0296
    endloop
  endfacet
  facet normal 0.248845 -0.274656 0.928784
    outer loop
      vertex 48.0791 34.5 47.7815
      vertex 45.4721 4.5 39.6085
      vertex 49.0902 34.5 47.5106
    endloop
  endfacet
  facet normal 0.248847 -0.274656 0.928784
    outer loop
      vertex 48.0791 34.5 47.7815
      vertex 44.6633 4.5 39.8252
      vertex 45.4721 4.5 39.6085
    endloop
  endfacet
  facet normal 0.629315 0 0.77715
    outer loop
      vertex 53.0534 70.5 47.7082
      vertex 54.0296 69.5 46.9177
      vertex 54.0296 70.5 46.9177
    endloop
  endfacet
  facet normal 0.629315 0 0.77715
    outer loop
      vertex 54.0296 69.5 46.9177
      vertex 53.0534 70.5 47.7082
      vertex 53.0534 69.5 47.7082
    endloop
  endfacet
  facet normal 0.453239 0.0560319 0.889626
    outer loop
      vertex 52 125.5 44.9282
      vertex 50.8808 70.5 48.9625
      vertex 52 70.5 48.3923
    endloop
  endfacet
  facet normal 0.965925 0 -0.258821
    outer loop
      vertex 57.7378 69.5 9.50507
      vertex 57.4127 70.5 8.29179
      vertex 57.7378 70.5 9.50507
    endloop
  endfacet
  facet normal 0.965925 0 -0.258821
    outer loop
      vertex 57.4127 70.5 8.29179
      vertex 57.7378 69.5 9.50507
      vertex 57.4127 69.5 8.29179
    endloop
  endfacet
  facet normal 0.986553 -0.048072 -0.156214
    outer loop
      vertex 55.9452 34.5 8.95471
      vertex 55.7815 34.5 7.92088
      vertex 57.7378 69.5 9.50507
    endloop
  endfacet
  facet normal 0.777185 0 -0.629272
    outer loop
      vertex 54.4721 124.5 3.29771
      vertex 53.9452 125.5 2.64696
      vertex 54.4721 125.5 3.29771
    endloop
  endfacet
  facet normal 0.777185 0 -0.629272
    outer loop
      vertex 53.9452 125.5 2.64696
      vertex 54.4721 124.5 3.29771
      vertex 53.9452 124.5 2.64696
    endloop
  endfacet
  facet normal 0.838388 -0.0259347 -0.544456
    outer loop
      vertex 56.3923 69.5 6
      vertex 54.6602 34.5 5
      vertex 55.7082 69.5 4.94658
    endloop
  endfacet
  facet normal 0.890536 -0.0311043 -0.453848
    outer loop
      vertex 55.1355 34.5 5.93263
      vertex 54.6602 34.5 5
      vertex 56.3923 69.5 6
    endloop
  endfacet
  facet normal 0.838665 -0 0.544647
    outer loop
      vertex 55.7082 69.5 45.0534
      vertex 56.3923 70.5 44
      vertex 55.7082 70.5 45.0534
    endloop
  endfacet
  facet normal 0.838665 0 0.544647
    outer loop
      vertex 56.3923 70.5 44
      vertex 55.7082 69.5 45.0534
      vertex 56.3923 69.5 44
    endloop
  endfacet
  facet normal 0.811859 -0.251052 0.527121
    outer loop
      vertex 54.0902 34.5 43.8779
      vertex 49.9282 4.5 36
      vertex 54.6602 34.5 43
    endloop
  endfacet
  facet normal 0.811797 -0.251067 0.527211
    outer loop
      vertex 54.0902 34.5 43.8779
      vertex 49.4721 4.5 36.7023
      vertex 49.9282 4.5 36
    endloop
  endfacet
  facet normal 0.997174 -0.0539967 -0.0522318
    outer loop
      vertex 58 69.5 12
      vertex 56 34.5 10
      vertex 57.9343 69.5 10.7457
    endloop
  endfacet
  facet normal 0.965063 -0.0422371 -0.25859
    outer loop
      vertex 57.7378 69.5 9.50507
      vertex 55.7815 34.5 7.92088
      vertex 57.4127 69.5 8.29179
    endloop
  endfacet
  facet normal 0.986546 -0.048071 -0.156256
    outer loop
      vertex 57.9343 69.5 10.7457
      vertex 55.9452 34.5 8.95471
      vertex 57.7378 69.5 9.50507
    endloop
  endfacet
  facet normal 0.983363 -0.174194 0.0515084
    outer loop
      vertex 55.9452 34.5 39.0453
      vertex 50.9562 4.5 32.8362
      vertex 51 4.5 32
    endloop
  endfacet
  facet normal 0.969138 -0.192929 0.153461
    outer loop
      vertex 55.7815 34.5 40.0791
      vertex 50.9562 4.5 32.8362
      vertex 55.9452 34.5 39.0453
    endloop
  endfacet
  facet normal 0.98609 -0.0569718 0.156145
    outer loop
      vertex 57.7378 69.5 40.4949
      vertex 55.7815 34.5 40.0791
      vertex 55.9452 34.5 39.0453
    endloop
  endfacet
  facet normal 0.997007 -0.0569734 0.0522682
    outer loop
      vertex 57.9343 69.5 39.2543
      vertex 55.9452 34.5 39.0453
      vertex 56 34.5 38
    endloop
  endfacet
  facet normal 0.987023 0.036687 0.156329
    outer loop
      vertex 55.9562 125.5 38.8362
      vertex 55.8252 125.5 39.6633
      vertex 57.7378 70.5 40.4949
    endloop
  endfacet
  facet normal 0.453975 -0.00769671 -0.890981
    outer loop
      vertex 52 124.5 1.07179
      vertex 50.0674 34.5 0.864548
      vertex 51.2539 124.5 0.691635
    endloop
  endfacet
  facet normal 0.776935 -0.0210966 -0.629227
    outer loop
      vertex 54.0902 34.5 4.12215
      vertex 53.4314 34.5 3.3087
      vertex 54.9177 69.5 3.97043
    endloop
  endfacet
  facet normal 0.829323 -0.148768 -0.538601
    outer loop
      vertex 49.9282 4.5 6
      vertex 49.4721 4.5 5.29771
      vertex 54.0902 34.5 4.12215
    endloop
  endfacet
  facet normal 0.880384 -0.153822 -0.448623
    outer loop
      vertex 50.3084 4.5 6.74611
      vertex 49.9282 4.5 6
      vertex 55.1355 34.5 5.93263
    endloop
  endfacet
  facet normal 0.605299 -0.274025 0.747344
    outer loop
      vertex 51.8779 34.5 46.0902
      vertex 48.353 4.5 37.9452
      vertex 52.6913 34.5 45.4314
    endloop
  endfacet
  facet normal 0.605212 -0.274033 0.747412
    outer loop
      vertex 48.353 4.5 37.9452
      vertex 51.8779 34.5 46.0902
      vertex 47.7023 4.5 38.4721
    endloop
  endfacet
  facet normal 0.750194 -0.260811 0.607607
    outer loop
      vertex 48.9452 4.5 37.353
      vertex 54.0902 34.5 43.8779
      vertex 53.4314 34.5 44.6913
    endloop
  endfacet
  facet normal 0.750265 -0.260805 0.607522
    outer loop
      vertex 54.0902 34.5 43.8779
      vertex 48.9452 4.5 37.353
      vertex 49.4721 4.5 36.7023
    endloop
  endfacet
  facet normal 0.436044 -0.27868 0.855688
    outer loop
      vertex 50.0674 34.5 47.1355
      vertex 46.2539 4.5 39.3084
      vertex 47 4.5 38.9282
    endloop
  endfacet
  facet normal 0.890965 0.00720629 -0.454015
    outer loop
      vertex 56.9625 70.5 7.11916
      vertex 54.9282 125.5 4
      vertex 55.3084 125.5 4.74611
    endloop
  endfacet
  facet normal 0.9335 0.0126129 -0.358354
    outer loop
      vertex 56.9625 70.5 7.11916
      vertex 55.3084 125.5 4.74611
      vertex 55.6085 125.5 5.52786
    endloop
  endfacet
  facet normal 0.933488 0.0126116 -0.358388
    outer loop
      vertex 56.9625 70.5 7.11916
      vertex 55.6085 125.5 5.52786
      vertex 57.4127 70.5 8.29179
    endloop
  endfacet
  facet normal 0.829373 -0.148771 -0.538523
    outer loop
      vertex 54.6602 34.5 5
      vertex 49.9282 4.5 6
      vertex 54.0902 34.5 4.12215
    endloop
  endfacet
  facet normal 0.838424 -0.0259357 -0.5444
    outer loop
      vertex 54.6602 34.5 5
      vertex 54.0902 34.5 4.12215
      vertex 55.7082 69.5 4.94658
    endloop
  endfacet
  facet normal 0.933559 -0 0.358424
    outer loop
      vertex 56.9625 69.5 42.8808
      vertex 57.4127 70.5 41.7082
      vertex 56.9625 70.5 42.8808
    endloop
  endfacet
  facet normal 0.933559 0 0.358424
    outer loop
      vertex 57.4127 70.5 41.7082
      vertex 56.9625 69.5 42.8808
      vertex 57.4127 69.5 41.7082
    endloop
  endfacet
  facet normal 0.865095 -0.239318 0.440838
    outer loop
      vertex 55.1355 34.5 42.0674
      vertex 49.9282 4.5 36
      vertex 50.3084 4.5 35.2539
    endloop
  endfacet
  facet normal 0.974464 -0.163129 -0.1543
    outer loop
      vertex 55.9452 34.5 8.95471
      vertex 50.9562 4.5 9.16377
      vertex 55.7815 34.5 7.92088
    endloop
  endfacet
  facet normal 0.974457 -0.163129 -0.154345
    outer loop
      vertex 50.9562 4.5 9.16377
      vertex 50.8252 4.5 8.3367
      vertex 55.7815 34.5 7.92088
    endloop
  endfacet
  facet normal 0.997009 -0.0569719 0.0522231
    outer loop
      vertex 57.9343 69.5 39.2543
      vertex 56 34.5 38
      vertex 58 69.5 38
    endloop
  endfacet
  facet normal 0.998631 -0 0.0523081
    outer loop
      vertex 57.9343 69.5 39.2543
      vertex 58 70.5 38
      vertex 57.9343 70.5 39.2543
    endloop
  endfacet
  facet normal 0.998631 0 0.0523081
    outer loop
      vertex 58 70.5 38
      vertex 57.9343 69.5 39.2543
      vertex 58 69.5 38
    endloop
  endfacet
  facet normal 0.965926 -0 0.258817
    outer loop
      vertex 57.4127 69.5 41.7082
      vertex 57.7378 70.5 40.4949
      vertex 57.4127 70.5 41.7082
    endloop
  endfacet
  facet normal 0.965926 0 0.258817
    outer loop
      vertex 57.7378 70.5 40.4949
      vertex 57.4127 69.5 41.7082
      vertex 57.7378 69.5 40.4949
    endloop
  endfacet
  facet normal 0.987687 -0 0.156441
    outer loop
      vertex 57.7378 69.5 40.4949
      vertex 57.9343 70.5 39.2543
      vertex 57.7378 70.5 40.4949
    endloop
  endfacet
  facet normal 0.987687 0 0.156441
    outer loop
      vertex 57.9343 70.5 39.2543
      vertex 57.7378 69.5 40.4949
      vertex 57.9343 69.5 39.2543
    endloop
  endfacet
  facet normal 0.453989 0 -0.891007
    outer loop
      vertex 51.2539 124.5 0.691635
      vertex 52 125.5 1.07179
      vertex 52 124.5 1.07179
    endloop
  endfacet
  facet normal 0.453989 0 -0.891007
    outer loop
      vertex 52 125.5 1.07179
      vertex 51.2539 124.5 0.691635
      vertex 51.2539 125.5 0.691635
    endloop
  endfacet
  facet normal 0.629359 0 -0.777115
    outer loop
      vertex 52.7023 124.5 1.52786
      vertex 53.353 125.5 2.05484
      vertex 53.353 124.5 2.05484
    endloop
  endfacet
  facet normal 0.629359 0 -0.777115
    outer loop
      vertex 53.353 125.5 2.05484
      vertex 52.7023 124.5 1.52786
      vertex 52.7023 125.5 1.52786
    endloop
  endfacet
  facet normal 0.62925 -0.0126534 -0.7771
    outer loop
      vertex 54.0296 69.5 3.08226
      vertex 51.8779 34.5 1.90984
      vertex 53.0534 69.5 2.29179
    endloop
  endfacet
  facet normal 0.5446 -0.00913874 -0.838646
    outer loop
      vertex 51.8779 34.5 1.90984
      vertex 51 34.5 1.33975
      vertex 53.0534 69.5 2.29179
    endloop
  endfacet
  facet normal 0.777184 -0.00140019 -0.629271
    outer loop
      vertex 54.9177 69.5 3.97043
      vertex 53.9452 124.5 2.64696
      vertex 54.4721 124.5 3.29771
    endloop
  endfacet
  facet normal 0.777134 -0.00140136 -0.629334
    outer loop
      vertex 54.9177 69.5 3.97043
      vertex 54.4721 124.5 3.29771
      vertex 55.7082 69.5 4.94658
    endloop
  endfacet
  facet normal 0.965766 0.0186787 -0.258743
    outer loop
      vertex 57.7378 70.5 9.50507
      vertex 55.6085 125.5 5.52786
      vertex 55.8252 125.5 6.3367
    endloop
  endfacet
  facet normal 0.838653 0.00251972 -0.54466
    outer loop
      vertex 55.7082 70.5 4.94658
      vertex 54.4721 125.5 3.29771
      vertex 54.9282 125.5 4
    endloop
  endfacet
  facet normal 0.932885 0.0386485 0.358095
    outer loop
      vertex 55.6085 125.5 40.4721
      vertex 55.3084 125.5 41.2539
      vertex 56.9625 70.5 42.8808
    endloop
  endfacet
  facet normal 0.953321 -0.161038 -0.255435
    outer loop
      vertex 55.7815 34.5 7.92088
      vertex 50.6085 4.5 7.52786
      vertex 55.5106 34.5 6.90984
    endloop
  endfacet
  facet normal 0.92187 -0.157926 -0.353858
    outer loop
      vertex 55.5106 34.5 6.90984
      vertex 50.6085 4.5 7.52786
      vertex 55.1355 34.5 5.93263
    endloop
  endfacet
  facet normal 0.969131 -0.192937 0.153496
    outer loop
      vertex 55.7815 34.5 40.0791
      vertex 50.8252 4.5 33.6633
      vertex 50.9562 4.5 32.8362
    endloop
  endfacet
  facet normal 0.944365 -0.21013 0.253022
    outer loop
      vertex 55.7815 34.5 40.0791
      vertex 50.6085 4.5 34.4721
      vertex 50.8252 4.5 33.6633
    endloop
  endfacet
  facet normal 0.544623 -0.00817157 -0.838641
    outer loop
      vertex 53.0534 69.5 2.29179
      vertex 52 69.5 1.6077
      vertex 52 124.5 1.07179
    endloop
  endfacet
  facet normal 0.544619 -0.00914019 -0.838634
    outer loop
      vertex 53.0534 69.5 2.29179
      vertex 51 34.5 1.33975
      vertex 52 69.5 1.6077
    endloop
  endfacet
  facet normal 0.629286 -0.00677712 -0.777144
    outer loop
      vertex 53.0534 69.5 2.29179
      vertex 52.7023 124.5 1.52786
      vertex 54.0296 69.5 3.08226
    endloop
  endfacet
  facet normal 0.544613 -0.00817189 -0.838647
    outer loop
      vertex 53.0534 69.5 2.29179
      vertex 52 124.5 1.07179
      vertex 52.7023 124.5 1.52786
    endloop
  endfacet
  facet normal 0.707059 0 -0.707155
    outer loop
      vertex 53.9452 124.5 2.64696
      vertex 53.353 125.5 2.05484
      vertex 53.9452 125.5 2.64696
    endloop
  endfacet
  facet normal 0.707059 0 -0.707155
    outer loop
      vertex 53.353 125.5 2.05484
      vertex 53.9452 124.5 2.64696
      vertex 53.353 124.5 2.05484
    endloop
  endfacet
  facet normal 0.890996 0.00721094 -0.453953
    outer loop
      vertex 56.3923 70.5 6
      vertex 54.9282 125.5 4
      vertex 56.9625 70.5 7.11916
    endloop
  endfacet
  facet normal 0.891026 -0 0.453952
    outer loop
      vertex 56.3923 69.5 44
      vertex 56.9625 70.5 42.8808
      vertex 56.3923 70.5 44
    endloop
  endfacet
  facet normal 0.891026 0 0.453952
    outer loop
      vertex 56.9625 70.5 42.8808
      vertex 56.3923 69.5 44
      vertex 56.9625 69.5 42.8808
    endloop
  endfacet
  facet normal 0.890306 0.040194 0.453585
    outer loop
      vertex 56.9625 70.5 42.8808
      vertex 54.9282 125.5 42
      vertex 56.3923 70.5 44
    endloop
  endfacet
  facet normal 0.932861 0.0386506 0.358156
    outer loop
      vertex 57.4127 70.5 41.7082
      vertex 55.6085 125.5 40.4721
      vertex 56.9625 70.5 42.8808
    endloop
  endfacet
  facet normal 0.838668 0.00252032 -0.544638
    outer loop
      vertex 55.7082 70.5 4.94658
      vertex 54.9282 125.5 4
      vertex 56.3923 70.5 6
    endloop
  endfacet
  facet normal 0.83867 0 -0.54464
    outer loop
      vertex 56.3923 69.5 6
      vertex 55.7082 70.5 4.94658
      vertex 56.3923 70.5 6
    endloop
  endfacet
  facet normal 0.83867 0 -0.54464
    outer loop
      vertex 55.7082 70.5 4.94658
      vertex 56.3923 69.5 6
      vertex 55.7082 69.5 4.94658
    endloop
  endfacet
  facet normal -3.62857e-05 0.342017 -0.939694
    outer loop
      vertex 48.8904 112.894 -95.4997
      vertex 48.563 107.022 -97.6369
      vertex 48.563 114.837 -94.7925
    endloop
  endfacet
  facet normal 0.453891 0.831329 0.320742
    outer loop
      vertex 39 127.171 -90.1968
      vertex 36.7964 93.5745 0
      vertex 38.1752 92.8217 0
    endloop
  endfacet
  facet normal 4.59045e-05 0.342245 -0.939611
    outer loop
      vertex 35.1803 128.803 -89.7091
      vertex 29 129.723 -89.3743
      vertex 33.1582 129.312 -89.5238
    endloop
  endfacet
  facet normal 0.156466 -0.928161 -0.337692
    outer loop
      vertex 31.0906 92.2041 -102.924
      vertex 33.1582 92.5461 -102.906
      vertex 33.1582 92.5119 -102.812
    endloop
  endfacet
  facet normal 0.156466 -0.928161 -0.337692
    outer loop
      vertex 33.1582 92.5461 -102.906
      vertex 31.0906 92.2041 -102.924
      vertex 31.0906 92.2383 -103.018
    endloop
  endfacet
  facet normal 0.629324 0.730807 0.264334
    outer loop
      vertex 40.7557 126.134 -90.6807
      vertex 40.7557 126.1 -90.5867
      vertex 42.3826 124.896 -91.1313
    endloop
  endfacet
  facet normal -1.47222e-05 0.342017 -0.939694
    outer loop
      vertex 48.563 107.022 -97.6369
      vertex 35.75 107.405 -97.4973
      vertex 48.563 114.837 -94.7925
    endloop
  endfacet
  facet normal 0 0.342452 -0.939535
    outer loop
      vertex 29 107.022 -97.6369
      vertex 35.75 107.405 -97.4973
      vertex 48.563 107.022 -97.6369
    endloop
  endfacet
  facet normal 0 0.342452 -0.939535
    outer loop
      vertex 35.75 107.405 -97.4973
      vertex 29 107.022 -97.6369
      vertex 29 107.405 -97.4973
    endloop
  endfacet
  facet normal -1.18208e-05 0.342013 -0.939695
    outer loop
      vertex 35.75 114.453 -94.9321
      vertex 48.563 114.837 -94.7925
      vertex 35.75 107.405 -97.4973
    endloop
  endfacet
  facet normal 0 0.341664 -0.939822
    outer loop
      vertex 29 114.837 -94.7925
      vertex 35.75 114.453 -94.9321
      vertex 29 114.453 -94.9321
    endloop
  endfacet
  facet normal 0 0.341664 -0.939822
    outer loop
      vertex 35.75 114.453 -94.9321
      vertex 29 114.837 -94.7925
      vertex 48.563 114.837 -94.7925
    endloop
  endfacet
  facet normal 0.777197 0.591739 0.214033
    outer loop
      vertex 43.8629 123.505 -91.6376
      vertex 43.8629 123.471 -91.5436
      vertex 45.1803 121.942 -92.1001
    endloop
  endfacet
  facet normal 0.707002 -0.670206 -0.225771
    outer loop
      vertex 42.5072 62.9674 0
      vertex 41.2814 61.6743 0
      vertex 43.8629 98.3195 -100.698
    endloop
  endfacet
  facet normal 0.987695 -0.147067 -0.0531946
    outer loop
      vertex 48.8904 108.965 -96.9297
      vertex 48.563 106.988 -97.5429
      vertex 48.563 107.022 -97.6369
    endloop
  endfacet
  facet normal 0.453955 -0.842973 -0.288653
    outer loop
      vertex 36.3816 58.2666 0
      vertex 39 94.6191 -102.045
      vertex 36.5205 58.3414 0
    endloop
  endfacet
  facet normal 0.453917 -0.842992 -0.28866
    outer loop
      vertex 39 94.6191 -102.045
      vertex 36.3816 58.2666 0
      vertex 37.1347 93.726 -102.37
    endloop
  endfacet
  facet normal 0 0.342028 -0.93969
    outer loop
      vertex 48.563 114.837 -94.7925
      vertex 29 114.837 -94.7925
      vertex 29 129.723 -89.3743
    endloop
  endfacet
  facet normal -2.79834e-05 0.342105 -0.939662
    outer loop
      vertex 33.1582 92.5461 -102.906
      vertex 31.0906 92.2383 -103.018
      vertex 39 94.6533 -102.139
    endloop
  endfacet
  facet normal 0.891028 0.426882 0.154404
    outer loop
      vertex 47.2709 118.573 -93.4325
      vertex 46.3205 120.292 -92.7005
      vertex 47.2709 118.539 -93.3385
    endloop
  endfacet
  facet normal 0.933418 -0.342609 -0.106536
    outer loop
      vertex 45.7101 68.2442 0
      vertex 47.2709 103.251 -98.903
      vertex 48.0211 105.087 -98.2345
    endloop
  endfacet
  facet normal 0.933508 -0.342388 -0.106457
    outer loop
      vertex 47.2709 103.251 -98.903
      vertex 45.7101 68.2442 0
      vertex 45.6315 68.0299 0
    endloop
  endfacet
  facet normal 0 0.342005 -0.939698
    outer loop
      vertex 29 107.022 -97.6369
      vertex 42.3826 96.9627 -101.298
      vertex 29 96.9627 -101.298
    endloop
  endfacet
  facet normal 0 0.342005 -0.939698
    outer loop
      vertex 42.3826 96.9627 -101.298
      vertex 29 107.022 -97.6369
      vertex 48.563 107.022 -97.6369
    endloop
  endfacet
  facet normal 0 0.342101 -0.939663
    outer loop
      vertex 29 96.9627 -101.298
      vertex 31.0906 92.2383 -103.018
      vertex 29 92.2383 -103.018
    endloop
  endfacet
  facet normal 0 0.342101 -0.939663
    outer loop
      vertex 31.0906 92.2383 -103.018
      vertex 29 96.9627 -101.298
      vertex 42.3826 96.9627 -101.298
    endloop
  endfacet
  facet normal 0.629227 -0.736011 -0.249723
    outer loop
      vertex 41.0203 61.426 0
      vertex 39.6742 60.2752 0
      vertex 40.7557 95.6905 -101.655
    endloop
  endfacet
  facet normal 0.998629 0.0492215 0.0178035
    outer loop
      vertex 49 110.929 -96.2147
      vertex 48.8904 112.894 -95.4997
      vertex 49 110.895 -96.1207
    endloop
  endfacet
  facet normal -9.79324e-05 0.342307 -0.939588
    outer loop
      vertex 39 94.6533 -102.139
      vertex 31.0906 92.2383 -103.018
      vertex 42.3826 96.9627 -101.298
    endloop
  endfacet
  facet normal 0.453982 -0.837314 -0.30464
    outer loop
      vertex 39 94.6191 -102.045
      vertex 37.1347 93.726 -102.37
      vertex 37.1347 93.7602 -102.464
    endloop
  endfacet
  facet normal 0.965912 -0.243437 -0.0880518
    outer loop
      vertex 48.563 106.988 -97.5429
      vertex 48.0211 105.122 -98.3285
      vertex 48.563 107.022 -97.6369
    endloop
  endfacet
  facet normal 0.987544 -0.152817 -0.0374573
    outer loop
      vertex 46.8586 72.0647 0
      vertex 48.563 106.988 -97.5429
      vertex 47.099 73.6156 0.0107422
    endloop
  endfacet
  facet normal 0.987597 -0.152504 -0.0373445
    outer loop
      vertex 48.563 106.988 -97.5429
      vertex 46.8586 72.0647 0
      vertex 46.8296 71.8769 0
    endloop
  endfacet
  facet normal 0.000374204 0.34218 -0.939634
    outer loop
      vertex 48.563 114.837 -94.7925
      vertex 46.3205 120.326 -92.7945
      vertex 47.2709 118.573 -93.4325
    endloop
  endfacet
  facet normal 0.0521753 -0.944114 -0.325464
    outer loop
      vertex 30.0396 66.7084 -29.1344
      vertex 29 92.1012 -102.961
      vertex 30.2562 66.7001 -29.0756
    endloop
  endfacet
  facet normal 0.0523883 -0.944102 -0.325463
    outer loop
      vertex 29.5226 66.7096 -29.2211
      vertex 29 92.1012 -102.961
      vertex 30.0396 66.7084 -29.1344
    endloop
  endfacet
  facet normal 0.0523342 -0.944105 -0.325464
    outer loop
      vertex 29 92.1012 -102.961
      vertex 29.5226 66.7096 -29.2211
      vertex 29 66.6928 -29.2564
    endloop
  endfacet
  facet normal 0.0524115 -0.944102 -0.32546
    outer loop
      vertex 29.5226 63.4679 -19.8175
      vertex 29 56.6072 0
      vertex 29 63.4332 -19.801
    endloop
  endfacet
  facet normal 0.0523663 -0.944104 -0.325462
    outer loop
      vertex 29 56.6072 0
      vertex 29.5226 63.4679 -19.8175
      vertex 30.7506 56.7043 0
    endloop
  endfacet
  facet normal 0.0523899 -0.944102 -0.325463
    outer loop
      vertex 30.0396 63.5201 -19.8857
      vertex 30.7506 56.7043 0
      vertex 29.5226 63.4679 -19.8175
    endloop
  endfacet
  facet normal 0.0522912 -0.944108 -0.325462
    outer loop
      vertex 30.7506 56.7043 0
      vertex 30.0396 63.5201 -19.8857
      vertex 30.411 63.5708 -19.9731
    endloop
  endfacet
  facet normal 0.000209459 0.342121 -0.939656
    outer loop
      vertex 48.563 114.837 -94.7925
      vertex 43.8629 123.505 -91.6376
      vertex 46.3205 120.326 -92.7945
    endloop
  endfacet
  facet normal 0.933441 -0.342553 -0.106515
    outer loop
      vertex 46.3249 69.9195 0
      vertex 45.7101 68.2442 0
      vertex 48.0211 105.087 -98.2345
    endloop
  endfacet
  facet normal -4.02537e-05 0.342001 -0.939699
    outer loop
      vertex 48.563 114.837 -94.7925
      vertex 37.1347 128.098 -89.9657
      vertex 43.8629 123.505 -91.6376
    endloop
  endfacet
  facet normal 1.04656e-05 0.34204 -0.939685
    outer loop
      vertex 48.563 114.837 -94.7925
      vertex 29 129.723 -89.3743
      vertex 37.1347 128.098 -89.9657
    endloop
  endfacet
  facet normal 0.707101 0.664952 0.240515
    outer loop
      vertex 42.3826 124.862 -91.0373
      vertex 43.8629 123.505 -91.6376
      vertex 42.3826 124.896 -91.1313
    endloop
  endfacet
  facet normal 0.707101 0.664952 0.240515
    outer loop
      vertex 43.8629 123.505 -91.6376
      vertex 42.3826 124.862 -91.0373
      vertex 43.8629 123.471 -91.5436
    endloop
  endfacet
  facet normal 0.965802 -0.248954 -0.0724495
    outer loop
      vertex 46.8296 71.8769 0
      vertex 48.0211 105.087 -98.2345
      vertex 48.563 106.988 -97.5429
    endloop
  endfacet
  facet normal 0.965713 -0.249267 -0.0725565
    outer loop
      vertex 48.0211 105.087 -98.2345
      vertex 46.8296 71.8769 0
      vertex 46.7668 71.6336 0
    endloop
  endfacet
  facet normal 0.706998 0.658532 0.257853
    outer loop
      vertex 41.2693 90.4109 0
      vertex 43.8629 123.471 -91.5436
      vertex 42.3826 124.862 -91.0373
    endloop
  endfacet
  facet normal 0.706924 0.658603 0.257877
    outer loop
      vertex 43.8629 123.471 -91.5436
      vertex 41.2693 90.4109 0
      vertex 41.516 90.1461 0
    endloop
  endfacet
  facet normal 0.707009 0.658523 0.25785
    outer loop
      vertex 43.8629 123.471 -91.5436
      vertex 41.516 90.1461 0
      vertex 42.6202 88.9606 0
    endloop
  endfacet
  facet normal 0.987695 -0.147052 -0.0532455
    outer loop
      vertex 48.8904 108.931 -96.8358
      vertex 48.563 106.988 -97.5429
      vertex 48.8904 108.965 -96.9297
    endloop
  endfacet
  facet normal 0.998628 -0.0492436 -0.0178115
    outer loop
      vertex 49 110.895 -96.1207
      vertex 48.8904 108.965 -96.9297
      vertex 49 110.929 -96.2147
    endloop
  endfacet
  facet normal 0.998628 -0.0492367 -0.017828
    outer loop
      vertex 48.8904 108.965 -96.9297
      vertex 49 110.895 -96.1207
      vertex 48.8904 108.931 -96.8358
    endloop
  endfacet
  facet normal -0.000832125 0.343257 -0.939241
    outer loop
      vertex 40.7557 95.7247 -101.749
      vertex 39 94.6533 -102.139
      vertex 42.3826 96.9627 -101.298
    endloop
  endfacet
  facet normal 0.258832 -0.913366 -0.314276
    outer loop
      vertex 34.0997 67.2202 -28.5323
      vertex 35.1803 93.021 -102.626
      vertex 34.7659 67.388 -28.4713
    endloop
  endfacet
  facet normal 0.258862 -0.913358 -0.314273
    outer loop
      vertex 35.1803 93.021 -102.626
      vertex 34.0997 67.2202 -28.5323
      vertex 33.1582 92.5119 -102.812
    endloop
  endfacet
  facet normal 0.258644 -0.913414 -0.314291
    outer loop
      vertex 34.4613 57.5052 0
      vertex 34.7184 64.4473 -19.964
      vertex 34.6068 57.5464 0
    endloop
  endfacet
  facet normal 0.258798 -0.913375 -0.314276
    outer loop
      vertex 34.7184 64.4473 -19.964
      vertex 34.4613 57.5052 0
      vertex 34.2077 64.3187 -20.0108
    endloop
  endfacet
  facet normal 0.259386 -0.913252 -0.314149
    outer loop
      vertex 34.1586 65.6378 -23.8849
      vertex 34.2 65.7811 -24.2673
      vertex 34.1885 65.7068 -24.0608
    endloop
  endfacet
  facet normal 0.257473 -0.913668 -0.314512
    outer loop
      vertex 34.1586 65.6378 -23.8849
      vertex 34.1885 65.8497 -24.476
      vertex 34.2 65.7811 -24.2673
    endloop
  endfacet
  facet normal 0.258822 -0.91335 -0.314329
    outer loop
      vertex 34.1482 65.9174 -24.7059
      vertex 34.1885 65.8497 -24.476
      vertex 34.1586 65.6378 -23.8849
    endloop
  endfacet
  facet normal 0.269516 -0.90995 -0.315203
    outer loop
      vertex 34.1885 65.8497 -24.476
      vertex 34.1482 65.9174 -24.7059
      vertex 34.1541 65.9117 -24.6844
    endloop
  endfacet
  facet normal 0.96594 -0.242502 -0.0902932
    outer loop
      vertex 48.563 106.988 -97.5429
      vertex 48.0211 105.087 -98.2345
      vertex 48.0211 105.122 -98.3285
    endloop
  endfacet
  facet normal 0.838601 -0.512266 -0.185288
    outer loop
      vertex 46.3205 101.498 -99.5409
      vertex 45.1803 99.8825 -100.235
      vertex 46.3205 101.532 -99.6349
    endloop
  endfacet
  facet normal 0.777194 -0.591339 -0.215147
    outer loop
      vertex 45.1803 99.8483 -100.141
      vertex 43.8629 98.3195 -100.698
      vertex 45.1803 99.8825 -100.235
    endloop
  endfacet
  facet normal 0.544642 -0.788126 -0.286744
    outer loop
      vertex 40.7557 95.7247 -101.749
      vertex 39 94.6191 -102.045
      vertex 39 94.6533 -102.139
    endloop
  endfacet
  facet normal 0.453915 -0.842993 -0.28866
    outer loop
      vertex 38.0768 59.1794 0
      vertex 36.5205 58.3414 0
      vertex 39 94.6191 -102.045
    endloop
  endfacet
  facet normal 0.629364 -0.730278 -0.265697
    outer loop
      vertex 42.3826 96.9285 -101.204
      vertex 40.7557 95.6905 -101.655
      vertex 40.7557 95.7247 -101.749
    endloop
  endfacet
  facet normal 0.838629 -0.511877 -0.186236
    outer loop
      vertex 46.3205 101.498 -99.5409
      vertex 45.1803 99.8483 -100.141
      vertex 45.1803 99.8825 -100.235
    endloop
  endfacet
  facet normal 0.0522338 -0.938452 -0.341437
    outer loop
      vertex 31.0906 92.2383 -103.018
      vertex 29 92.1012 -102.961
      vertex 29 92.1354 -103.055
    endloop
  endfacet
  facet normal 0.258819 -0.913358 -0.314308
    outer loop
      vertex 33.817 67.1491 -28.5582
      vertex 33.3996 66.3487 -26.576
      vertex 33.3301 66.3756 -26.7114
    endloop
  endfacet
  facet normal 0.258787 -0.913367 -0.314308
    outer loop
      vertex 33.817 67.1491 -28.5582
      vertex 33.248 66.3961 -26.8385
      vertex 33.0451 66.4467 -27.1526
    endloop
  endfacet
  facet normal 0.25912 -0.913296 -0.31424
    outer loop
      vertex 33.5677 66.2837 -26.2486
      vertex 33.817 67.1491 -28.5582
      vertex 33.6417 66.2397 -26.0597
    endloop
  endfacet
  facet normal 0.258934 -0.913337 -0.314275
    outer loop
      vertex 33.3996 66.3487 -26.576
      vertex 33.817 67.1491 -28.5582
      vertex 33.5677 66.2837 -26.2486
    endloop
  endfacet
  facet normal 0.258618 -0.913392 -0.314375
    outer loop
      vertex 33.248 66.3961 -26.8385
      vertex 33.817 67.1491 -28.5582
      vertex 33.3301 66.3756 -26.7114
    endloop
  endfacet
  facet normal 0.258708 -0.913374 -0.314355
    outer loop
      vertex 32.8746 66.4723 -27.3673
      vertex 33.817 67.1491 -28.5582
      vertex 33.0451 66.4467 -27.1526
    endloop
  endfacet
  facet normal 0.258807 -0.913373 -0.314276
    outer loop
      vertex 33.817 67.1491 -28.5582
      vertex 32.8746 66.4723 -27.3673
      vertex 33.1582 92.5119 -102.812
    endloop
  endfacet
  facet normal 0.258529 -0.913444 -0.314298
    outer loop
      vertex 34.0997 67.2202 -28.5323
      vertex 33.817 67.1491 -28.5582
      vertex 33.1582 92.5119 -102.812
    endloop
  endfacet
  facet normal 0.25878 -0.91338 -0.314277
    outer loop
      vertex 32.7717 57.0265 0
      vertex 34.2077 64.3187 -20.0108
      vertex 34.4613 57.5052 0
    endloop
  endfacet
  facet normal 0.258748 -0.913387 -0.314282
    outer loop
      vertex 32.7717 57.0265 0
      vertex 33.2234 64.0709 -20.101
      vertex 34.2077 64.3187 -20.0108
    endloop
  endfacet
  facet normal 0.258674 -0.913405 -0.31429
    outer loop
      vertex 32.8521 64.4079 -21.386
      vertex 33.2234 64.0709 -20.101
      vertex 32.7717 57.0265 0
    endloop
  endfacet
  facet normal 0.258596 -0.913433 -0.314275
    outer loop
      vertex 33.0451 64.534 -21.5937
      vertex 33.2234 64.0709 -20.101
      vertex 32.8521 64.4079 -21.386
    endloop
  endfacet
  facet normal 0.25879 -0.913376 -0.314281
    outer loop
      vertex 33.3301 64.7486 -21.9827
      vertex 33.2234 64.0709 -20.101
      vertex 33.0451 64.534 -21.5937
    endloop
  endfacet
  facet normal 0.258806 -0.913372 -0.314278
    outer loop
      vertex 33.2234 64.0709 -20.101
      vertex 33.3301 64.7486 -21.9827
      vertex 33.3591 64.7744 -22.0338
    endloop
  endfacet
  facet normal 0.257204 -0.913364 -0.315613
    outer loop
      vertex 33.8907 65.365 -23.3125
      vertex 33.9187 65.3686 -23.3001
      vertex 33.8664 65.3292 -23.2287
    endloop
  endfacet
  facet normal 0.257215 -0.913352 -0.31564
    outer loop
      vertex 33.8907 65.365 -23.3125
      vertex 34.0184 65.4575 -23.4761
      vertex 33.9187 65.3686 -23.3001
    endloop
  endfacet
  facet normal 0.259163 -0.91333 -0.314107
    outer loop
      vertex 33.9726 65.5538 -23.7939
      vertex 34.0184 65.4575 -23.4761
      vertex 33.8907 65.365 -23.3125
    endloop
  endfacet
  facet normal 0.258864 -0.91342 -0.314092
    outer loop
      vertex 34.0184 65.4575 -23.4761
      vertex 33.9726 65.5538 -23.7939
      vertex 34.0972 65.5441 -23.663
    endloop
  endfacet
  facet normal 0.258911 -0.913392 -0.314135
    outer loop
      vertex 33.9726 65.5538 -23.7939
      vertex 34.1541 65.6275 -23.8586
      vertex 34.0972 65.5441 -23.663
    endloop
  endfacet
  facet normal 0.259228 -0.913546 -0.313422
    outer loop
      vertex 33.9726 65.5538 -23.7939
      vertex 34.1586 65.6378 -23.8849
      vertex 34.1541 65.6275 -23.8586
    endloop
  endfacet
  facet normal 0.258673 -0.91337 -0.314395
    outer loop
      vertex 33.9914 65.6754 -24.1317
      vertex 34.1586 65.6378 -23.8849
      vertex 33.9726 65.5538 -23.7939
    endloop
  endfacet
  facet normal 0.2586 -0.913405 -0.314351
    outer loop
      vertex 34 65.7308 -24.2856
      vertex 34.1586 65.6378 -23.8849
      vertex 33.9914 65.6754 -24.1317
    endloop
  endfacet
  facet normal 0.258885 -0.913369 -0.314223
    outer loop
      vertex 34.1482 65.9174 -24.7059
      vertex 34 65.7308 -24.2856
      vertex 33.9811 65.8431 -24.6276
    endloop
  endfacet
  facet normal 0.258586 -0.913411 -0.314347
    outer loop
      vertex 34 65.7308 -24.2856
      vertex 34.1482 65.9174 -24.7059
      vertex 34.1586 65.6378 -23.8849
    endloop
  endfacet
  facet normal 0.258724 -0.913314 -0.314514
    outer loop
      vertex 33.9726 65.894 -24.7824
      vertex 34.1482 65.9174 -24.7059
      vertex 33.9811 65.8431 -24.6276
    endloop
  endfacet
  facet normal 0.258562 -0.913508 -0.314084
    outer loop
      vertex 33.9726 65.894 -24.7824
      vertex 34.0972 65.9664 -24.8904
      vertex 34.1482 65.9174 -24.7059
    endloop
  endfacet
  facet normal 0.258836 -0.913533 -0.313785
    outer loop
      vertex 33.9472 65.9397 -24.9364
      vertex 34.0972 65.9664 -24.8904
      vertex 33.9726 65.894 -24.7824
    endloop
  endfacet
  facet normal 0.25903 -0.913193 -0.314613
    outer loop
      vertex 33.9472 65.9397 -24.9364
      vertex 34.0184 66.0134 -25.0917
      vertex 34.0972 65.9664 -24.8904
    endloop
  endfacet
  facet normal 0.259599 -0.913132 -0.314323
    outer loop
      vertex 33.8907 66.0415 -25.2788
      vertex 34.0184 66.0134 -25.0917
      vertex 33.9472 65.9397 -24.9364
    endloop
  endfacet
  facet normal 0.260252 -0.912809 -0.31472
    outer loop
      vertex 33.8907 66.0415 -25.2788
      vertex 33.9187 66.052 -25.2861
      vertex 34.0184 66.0134 -25.0917
    endloop
  endfacet
  facet normal 0.260194 -0.912769 -0.314884
    outer loop
      vertex 33.9187 66.052 -25.2861
      vertex 33.8907 66.0415 -25.2788
      vertex 33.8664 66.065 -25.367
    endloop
  endfacet
  facet normal 0.0523374 0.93243 0.357541
    outer loop
      vertex 31.0906 129.586 -89.3178
      vertex 29.3822 95.4329 0
      vertex 30.9197 95.3466 0
    endloop
  endfacet
  facet normal 0.0523598 0.939086 0.33967
    outer loop
      vertex 31.0906 129.62 -89.4118
      vertex 29 129.723 -89.3743
      vertex 31.0906 129.586 -89.3178
    endloop
  endfacet
  facet normal 0.629324 0.730807 0.264334
    outer loop
      vertex 42.3826 124.896 -91.1313
      vertex 40.7557 126.1 -90.5867
      vertex 42.3826 124.862 -91.0373
    endloop
  endfacet
  facet normal 0.83856 0.505864 0.202284
    outer loop
      vertex 45.1803 121.942 -92.1001
      vertex 43.8199 87.3683 0
      vertex 44.6802 85.9422 0
    endloop
  endfacet
  facet normal 0.83856 0.505864 0.202284
    outer loop
      vertex 44.6802 85.9422 0
      vertex 46.3205 120.292 -92.7005
      vertex 45.1803 121.942 -92.1001
    endloop
  endfacet
  facet normal 0.838427 0.506057 0.202353
    outer loop
      vertex 46.3205 120.292 -92.7005
      vertex 44.6802 85.9422 0
      vertex 44.8556 85.6516 0
    endloop
  endfacet
  facet normal 0.998484 0.0433422 0.0339389
    outer loop
      vertex 47.1631 77.9382 0.00892395
      vertex 49 110.895 -96.1207
      vertex 48.8904 112.86 -95.4057
    endloop
  endfacet
  facet normal 0.998486 0.0432917 0.0339216
    outer loop
      vertex 49 110.895 -96.1207
      vertex 47.1631 77.9382 0.00892395
      vertex 47.1757 77.6468 0.00993415
    endloop
  endfacet
  facet normal 0.998629 0.0492215 0.0178035
    outer loop
      vertex 48.8904 112.894 -95.4997
      vertex 48.8904 112.86 -95.4057
      vertex 49 110.895 -96.1207
    endloop
  endfacet
  facet normal 0.891028 0.426882 0.154404
    outer loop
      vertex 46.3205 120.326 -92.7945
      vertex 46.3205 120.292 -92.7005
      vertex 47.2709 118.573 -93.4325
    endloop
  endfacet
  facet normal 0.629287 0.724289 0.281786
    outer loop
      vertex 41.2693 90.4109 0
      vertex 40.7557 126.1 -90.5867
      vertex 40.9956 90.6487 0
    endloop
  endfacet
  facet normal 0.629233 0.724329 0.281802
    outer loop
      vertex 40.7557 126.1 -90.5867
      vertex 41.2693 90.4109 0
      vertex 42.3826 124.862 -91.0373
    endloop
  endfacet
  facet normal 0.544579 0.782127 0.302838
    outer loop
      vertex 40.7557 126.1 -90.5867
      vertex 38.481 92.6088 0
      vertex 39.7822 91.7028 0
    endloop
  endfacet
  facet normal 0.987551 -0.152778 -0.0374446
    outer loop
      vertex 47.1395 73.8765 0.0125493
      vertex 48.563 106.988 -97.5429
      vertex 48.8904 108.931 -96.8358
    endloop
  endfacet
  facet normal 0.987508 -0.153033 -0.0375318
    outer loop
      vertex 48.563 106.988 -97.5429
      vertex 47.1395 73.8765 0.0125493
      vertex 47.099 73.6156 0.0107422
    endloop
  endfacet
  facet normal 7.21744e-05 0.342012 -0.939696
    outer loop
      vertex 48.8904 108.965 -96.9297
      vertex 48.563 107.022 -97.6369
      vertex 48.8904 112.894 -95.4997
    endloop
  endfacet
  facet normal 0.998482 -0.0550391 -0.00186964
    outer loop
      vertex 47.1542 74.1441 0.0130016
      vertex 48.8904 108.931 -96.8358
      vertex 49 110.895 -96.1207
    endloop
  endfacet
  facet normal 0.998493 -0.0548469 -0.00180044
    outer loop
      vertex 48.8904 108.931 -96.8358
      vertex 47.1542 74.1441 0.0130016
      vertex 47.1395 73.8765 0.0125493
    endloop
  endfacet
  facet normal 0.998482 0.0433755 0.0339505
    outer loop
      vertex 49 110.895 -96.1207
      vertex 47.1757 77.6468 0.00993415
      vertex 47.2512 75.9041 0.0159757
    endloop
  endfacet
  facet normal 0.3581 -0.883065 -0.303251
    outer loop
      vertex 34.6068 57.5464 0
      vertex 35.2 64.621 -19.9007
      vertex 34.7481 57.6037 0
    endloop
  endfacet
  facet normal 0.358323 -0.882986 -0.303216
    outer loop
      vertex 35.2 64.621 -19.9007
      vertex 34.6068 57.5464 0
      vertex 34.7184 64.4473 -19.964
    endloop
  endfacet
  facet normal 0.356623 -0.883588 -0.303469
    outer loop
      vertex 35.2 64.621 -19.9007
      vertex 37.1347 93.726 -102.37
      vertex 34.7481 57.6037 0
    endloop
  endfacet
  facet normal 0.358178 -0.883037 -0.303238
    outer loop
      vertex 35.2 67.5446 -28.4143
      vertex 37.1347 93.726 -102.37
      vertex 35.2 64.621 -19.9007
    endloop
  endfacet
  facet normal 0.358345 -0.882978 -0.303213
    outer loop
      vertex 34.7659 67.388 -28.4713
      vertex 37.1347 93.726 -102.37
      vertex 35.2 67.5446 -28.4143
    endloop
  endfacet
  facet normal 0.358244 -0.883014 -0.303229
    outer loop
      vertex 37.1347 93.726 -102.37
      vertex 34.7659 67.388 -28.4713
      vertex 35.1803 93.021 -102.626
    endloop
  endfacet
  facet normal 0.358329 -0.882984 -0.303216
    outer loop
      vertex 36.3816 58.2666 0
      vertex 34.7481 57.6037 0
      vertex 37.1347 93.726 -102.37
    endloop
  endfacet
  facet normal 0.761816 -0.0885425 -0.641714
    outer loop
      vertex 32.7157 66.5126 -27.5615
      vertex 32.8746 66.4723 -27.3673
      vertex 32.8066 66.4895 -27.4504
    endloop
  endfacet
  facet normal 0.562773 0.70034 -0.439102
    outer loop
      vertex 32.3457 66.578 -27.9314
      vertex 32.7157 66.5126 -27.5615
      vertex 32.6149 66.5304 -27.6623
    endloop
  endfacet
  facet normal 0.156357 -0.933834 -0.321723
    outer loop
      vertex 32.7157 66.5126 -27.5615
      vertex 33.1582 92.5119 -102.812
      vertex 32.8746 66.4723 -27.3673
    endloop
  endfacet
  facet normal 0.156568 -0.933803 -0.321711
    outer loop
      vertex 32.3457 66.578 -27.9314
      vertex 33.1582 92.5119 -102.812
      vertex 32.7157 66.5126 -27.5615
    endloop
  endfacet
  facet normal 0.156323 -0.933839 -0.321727
    outer loop
      vertex 31.9389 66.6248 -28.2649
      vertex 33.1582 92.5119 -102.812
      vertex 32.3457 66.578 -27.9314
    endloop
  endfacet
  facet normal 0.156386 -0.93383 -0.321722
    outer loop
      vertex 33.1582 92.5119 -102.812
      vertex 31.9389 66.6248 -28.2649
      vertex 31.6268 66.6444 -28.4735
    endloop
  endfacet
  facet normal 0.156402 -0.933828 -0.321719
    outer loop
      vertex 31.4594 63.8182 -20.3517
      vertex 32.7717 57.0265 0
      vertex 31.0402 56.7365 0
    endloop
  endfacet
  facet normal 0.156523 -0.933808 -0.32172
    outer loop
      vertex 31.5 63.831 -20.3691
      vertex 32.7717 57.0265 0
      vertex 31.4594 63.8182 -20.3517
    endloop
  endfacet
  facet normal 0.156488 -0.933814 -0.32172
    outer loop
      vertex 31.9389 63.9892 -20.6148
      vertex 32.7717 57.0265 0
      vertex 31.5 63.831 -20.3691
    endloop
  endfacet
  facet normal 0.156323 -0.933841 -0.321722
    outer loop
      vertex 32.3457 64.157 -20.9042
      vertex 32.7717 57.0265 0
      vertex 31.9389 63.9892 -20.6148
    endloop
  endfacet
  facet normal 0.156582 -0.9338 -0.321714
    outer loop
      vertex 32.7157 64.3327 -21.2341
      vertex 32.7717 57.0265 0
      vertex 32.3457 64.157 -20.9042
    endloop
  endfacet
  facet normal 0.156551 -0.933805 -0.321715
    outer loop
      vertex 32.7717 57.0265 0
      vertex 32.7157 64.3327 -21.2341
      vertex 32.8521 64.4079 -21.386
    endloop
  endfacet
  facet normal 0.156712 -0.933783 -0.321699
    outer loop
      vertex 31.5 66.6523 -28.5582
      vertex 33.1582 92.5119 -102.812
      vertex 31.6268 66.6444 -28.4735
    endloop
  endfacet
  facet normal 0.156463 -0.933819 -0.321717
    outer loop
      vertex 31.0337 66.6603 -28.8082
      vertex 33.1582 92.5119 -102.812
      vertex 31.5 66.6523 -28.5582
    endloop
  endfacet
  facet normal 0.155343 -0.933976 -0.321804
    outer loop
      vertex 30.9506 66.6584 -28.8428
      vertex 33.1582 92.5119 -102.812
      vertex 31.0337 66.6603 -28.8082
    endloop
  endfacet
  facet normal 0.156444 -0.933822 -0.321718
    outer loop
      vertex 33.1582 92.5119 -102.812
      vertex 30.9506 66.6584 -28.8428
      vertex 31.0906 92.2041 -102.924
    endloop
  endfacet
  facet normal 0.156816 -0.933766 -0.321699
    outer loop
      vertex 30.9341 63.6569 -20.1389
      vertex 31.0402 56.7365 0
      vertex 30.8961 56.7123 0
    endloop
  endfacet
  facet normal 0.156784 -0.93377 -0.321701
    outer loop
      vertex 31.0337 63.6842 -20.1696
      vertex 31.0402 56.7365 0
      vertex 30.9341 63.6569 -20.1389
    endloop
  endfacet
  facet normal 0.156123 -0.93387 -0.321735
    outer loop
      vertex 31.1564 63.7228 -20.2221
      vertex 31.0402 56.7365 0
      vertex 31.0337 63.6842 -20.1696
    endloop
  endfacet
  facet normal 0.156411 -0.933827 -0.321718
    outer loop
      vertex 31.0402 56.7365 0
      vertex 31.1564 63.7228 -20.2221
      vertex 31.4594 63.8182 -20.3517
    endloop
  endfacet
  facet normal 0.453982 -0.837314 -0.30464
    outer loop
      vertex 39 94.6191 -102.045
      vertex 37.1347 93.7602 -102.464
      vertex 39 94.6533 -102.139
    endloop
  endfacet
  facet normal 0.00106678 0.339424 -0.940633
    outer loop
      vertex 35.1803 93.0552 -102.72
      vertex 33.1582 92.5461 -102.906
      vertex 39 94.6533 -102.139
    endloop
  endfacet
  facet normal 0.890896 -0.432351 -0.139201
    outer loop
      vertex 45.6315 68.0299 0
      vertex 46.3205 101.498 -99.5409
      vertex 47.2709 103.251 -98.903
    endloop
  endfacet
  facet normal 0.89076 -0.432604 -0.139287
    outer loop
      vertex 46.3205 101.498 -99.5409
      vertex 45.6315 68.0299 0
      vertex 45.5333 67.8277 0
    endloop
  endfacet
  facet normal 0.891028 -0.426829 -0.154549
    outer loop
      vertex 47.2709 103.251 -98.903
      vertex 46.3205 101.532 -99.6349
      vertex 47.2709 103.285 -98.9969
    endloop
  endfacet
  facet normal 0.891025 -0.426888 -0.154406
    outer loop
      vertex 46.3205 101.532 -99.6349
      vertex 47.2709 103.251 -98.903
      vertex 46.3205 101.498 -99.5409
    endloop
  endfacet
  facet normal 0.93361 -0.336887 -0.121982
    outer loop
      vertex 48.0211 105.122 -98.3285
      vertex 47.2709 103.251 -98.903
      vertex 47.2709 103.285 -98.9969
    endloop
  endfacet
  facet normal 0.706975 -0.67023 -0.225781
    outer loop
      vertex 41.2814 61.6743 0
      vertex 42.3826 96.9285 -101.204
      vertex 43.8629 98.3195 -100.698
    endloop
  endfacet
  facet normal 0.707102 -0.670112 -0.225738
    outer loop
      vertex 42.3826 96.9285 -101.204
      vertex 41.2814 61.6743 0
      vertex 41.1564 61.5424 0
    endloop
  endfacet
  facet normal 0.544569 -0.79381 -0.270759
    outer loop
      vertex 39.5339 60.179 0
      vertex 38.0768 59.1794 0
      vertex 39 94.6191 -102.045
    endloop
  endfacet
  facet normal 0.544375 -0.793928 -0.270803
    outer loop
      vertex 39.5339 60.179 0
      vertex 40.7557 95.6905 -101.655
      vertex 39.6742 60.2752 0
    endloop
  endfacet
  facet normal 0.544563 -0.793814 -0.270761
    outer loop
      vertex 40.7557 95.6905 -101.655
      vertex 39.5339 60.179 0
      vertex 39 94.6191 -102.045
    endloop
  endfacet
  facet normal -0.000884217 0.342424 -0.939545
    outer loop
      vertex 46.3205 101.532 -99.6349
      vertex 45.1803 99.8825 -100.235
      vertex 47.2709 103.285 -98.9969
    endloop
  endfacet
  facet normal 0 0.338363 -0.941016
    outer loop
      vertex 31.0906 92.2383 -103.018
      vertex 29 92.1354 -103.055
      vertex 29 92.2383 -103.018
    endloop
  endfacet
  facet normal 0.0525262 -0.944097 -0.325457
    outer loop
      vertex 30.5451 66.6891 -28.9973
      vertex 31.0906 92.2041 -102.924
      vertex 30.9506 66.6584 -28.8428
    endloop
  endfacet
  facet normal 0.0522623 -0.944109 -0.325463
    outer loop
      vertex 30.2562 66.7001 -29.0756
      vertex 31.0906 92.2041 -102.924
      vertex 30.5451 66.6891 -28.9973
    endloop
  endfacet
  facet normal 0.0522296 -0.944111 -0.325464
    outer loop
      vertex 31.0906 92.2041 -102.924
      vertex 30.2562 66.7001 -29.0756
      vertex 29 92.1012 -102.961
    endloop
  endfacet
  facet normal 0.0519109 -0.944129 -0.325462
    outer loop
      vertex 30.411 63.5708 -19.9731
      vertex 30.8961 56.7123 0
      vertex 30.7506 56.7043 0
    endloop
  endfacet
  facet normal 0.0521452 -0.944116 -0.325463
    outer loop
      vertex 30.5451 63.5891 -20.0047
      vertex 30.8961 56.7123 0
      vertex 30.411 63.5708 -19.9731
    endloop
  endfacet
  facet normal 0.0524053 -0.944101 -0.325463
    outer loop
      vertex 30.9068 63.6522 -20.1295
      vertex 30.8961 56.7123 0
      vertex 30.5451 63.5891 -20.0047
    endloop
  endfacet
  facet normal 0.050478 -0.944195 -0.325496
    outer loop
      vertex 30.8961 56.7123 0
      vertex 30.9068 63.6522 -20.1295
      vertex 30.9341 63.6569 -20.1389
    endloop
  endfacet
  facet normal 0.0522338 -0.938452 -0.341437
    outer loop
      vertex 31.0906 92.2041 -102.924
      vertex 29 92.1012 -102.961
      vertex 31.0906 92.2383 -103.018
    endloop
  endfacet
  facet normal 0.156542 0.922131 0.353792
    outer loop
      vertex 31.2967 95.2826 0
      vertex 31.0906 129.586 -89.3178
      vertex 30.9197 95.3466 0
    endloop
  endfacet
  facet normal 0.15653 0.922133 0.353793
    outer loop
      vertex 31.0906 129.586 -89.3178
      vertex 31.2967 95.2826 0
      vertex 33.1582 129.278 -89.4298
    endloop
  endfacet
  facet normal 0.156554 0.928781 0.335942
    outer loop
      vertex 31.0906 129.62 -89.4118
      vertex 31.0906 129.586 -89.3178
      vertex 33.1582 129.278 -89.4298
    endloop
  endfacet
  facet normal 0.358364 0.871296 0.335288
    outer loop
      vertex 35.1803 128.769 -89.6151
      vertex 34.6736 94.4921 0
      vertex 36.1178 93.8981 0
    endloop
  endfacet
  facet normal 0.258756 0.90835 0.328552
    outer loop
      vertex 35.1803 128.769 -89.6151
      vertex 33.1582 129.312 -89.5238
      vertex 33.1582 129.278 -89.4298
    endloop
  endfacet
  facet normal 0.258756 0.90835 0.328552
    outer loop
      vertex 33.1582 129.312 -89.5238
      vertex 35.1803 128.769 -89.6151
      vertex 35.1803 128.803 -89.7091
    endloop
  endfacet
  facet normal 0.54454 0.782152 0.302844
    outer loop
      vertex 38.481 92.6088 0
      vertex 39 127.171 -90.1968
      vertex 38.1752 92.8217 0
    endloop
  endfacet
  facet normal 0.544426 0.782222 0.302869
    outer loop
      vertex 39 127.171 -90.1968
      vertex 38.481 92.6088 0
      vertex 40.7557 126.1 -90.5867
    endloop
  endfacet
  facet normal 0.544504 0.788651 0.285561
    outer loop
      vertex 39 127.205 -90.2907
      vertex 39 127.171 -90.1968
      vertex 40.7557 126.1 -90.5867
    endloop
  endfacet
  facet normal 3.23119e-05 0.342061 -0.939678
    outer loop
      vertex 43.8629 123.505 -91.6376
      vertex 40.7557 126.134 -90.6807
      vertex 42.3826 124.896 -91.1313
    endloop
  endfacet
  facet normal 0.544515 0.788742 0.285289
    outer loop
      vertex 40.7557 126.134 -90.6807
      vertex 39 127.205 -90.2907
      vertex 40.7557 126.1 -90.5867
    endloop
  endfacet
  facet normal 0.890892 0.420684 0.17128
    outer loop
      vertex 46.3205 120.292 -92.7005
      vertex 44.8556 85.6516 0
      vertex 45.5751 84.1279 0
    endloop
  endfacet
  facet normal 0.77719 0.591673 0.214237
    outer loop
      vertex 45.1803 121.976 -92.194
      vertex 43.8629 123.505 -91.6376
      vertex 45.1803 121.942 -92.1001
    endloop
  endfacet
  facet normal 0.933443 0.330873 0.138592
    outer loop
      vertex 48.0211 116.703 -94.0069
      vertex 45.8252 83.5214 0
      vertex 46.3916 81.9235 0
    endloop
  endfacet
  facet normal 0.777084 0.585384 0.231229
    outer loop
      vertex 42.6202 88.9606 0
      vertex 45.1803 121.942 -92.1001
      vertex 43.8629 123.471 -91.5436
    endloop
  endfacet
  facet normal 0.776924 0.585571 0.231291
    outer loop
      vertex 45.1803 121.942 -92.1001
      vertex 42.6202 88.9606 0
      vertex 42.8338 88.6772 0
    endloop
  endfacet
  facet normal 0.777055 0.585418 0.231239
    outer loop
      vertex 45.1803 121.942 -92.1001
      vertex 42.8338 88.6772 0
      vertex 43.8199 87.3683 0
    endloop
  endfacet
  facet normal 0.987543 0.141149 0.0695379
    outer loop
      vertex 47.0164 78.969 0
      vertex 48.563 114.802 -94.6985
      vertex 46.8757 79.9534 0
    endloop
  endfacet
  facet normal 0.987534 0.141201 0.0695573
    outer loop
      vertex 48.563 114.802 -94.6985
      vertex 47.0164 78.969 0
      vertex 47.1215 78.2308 0.00639093
    endloop
  endfacet
  facet normal 0.9658 0.237284 0.104527
    outer loop
      vertex 46.8025 80.2516 0
      vertex 48.563 114.802 -94.6985
      vertex 48.0211 116.703 -94.0069
    endloop
  endfacet
  facet normal 0.965855 0.237091 0.104458
    outer loop
      vertex 48.563 114.802 -94.6985
      vertex 46.8025 80.2516 0
      vertex 46.8757 79.9534 0
    endloop
  endfacet
  facet normal 0.965779 0.237358 0.104555
    outer loop
      vertex 48.0211 116.703 -94.0069
      vertex 46.3916 81.9235 0
      vertex 46.8025 80.2516 0
    endloop
  endfacet
  facet normal 0.890882 -0.432377 -0.139209
    outer loop
      vertex 45.5333 67.8277 0
      vertex 44.7572 66.2286 0
      vertex 46.3205 101.498 -99.5409
    endloop
  endfacet
  facet normal -0.00111287 0.342325 -0.939581
    outer loop
      vertex 48.0211 105.122 -98.3285
      vertex 47.2709 103.285 -98.9969
      vertex 48.563 107.022 -97.6369
    endloop
  endfacet
  facet normal 0.933551 -0.335914 -0.125074
    outer loop
      vertex 48.0211 105.087 -98.2345
      vertex 47.2709 103.251 -98.903
      vertex 48.0211 105.122 -98.3285
    endloop
  endfacet
  facet normal 0.00156027 0.342011 -0.939694
    outer loop
      vertex 49 110.929 -96.2147
      vertex 48.8904 108.965 -96.9297
      vertex 48.8904 112.894 -95.4997
    endloop
  endfacet
  facet normal 0.998483 -0.0550269 -0.00186498
    outer loop
      vertex 47.2512 75.9041 0.0159757
      vertex 47.1542 74.1441 0.0130016
      vertex 49 110.895 -96.1207
    endloop
  endfacet
  facet normal 0.258905 -0.907693 -0.330246
    outer loop
      vertex 33.1582 92.5119 -102.812
      vertex 35.1803 93.0552 -102.72
      vertex 35.1803 93.021 -102.626
    endloop
  endfacet
  facet normal 0.258905 -0.907693 -0.330246
    outer loop
      vertex 35.1803 93.0552 -102.72
      vertex 33.1582 92.5119 -102.812
      vertex 33.1582 92.5461 -102.906
    endloop
  endfacet
  facet normal 0.629378 -0.735896 -0.249681
    outer loop
      vertex 41.0203 61.426 0
      vertex 42.3826 96.9285 -101.204
      vertex 41.1564 61.5424 0
    endloop
  endfacet
  facet normal 0.62927 -0.735978 -0.249711
    outer loop
      vertex 42.3826 96.9285 -101.204
      vertex 41.0203 61.426 0
      vertex 40.7557 95.6905 -101.655
    endloop
  endfacet
  facet normal 0.544642 -0.788126 -0.286744
    outer loop
      vertex 40.7557 95.6905 -101.655
      vertex 39 94.6191 -102.045
      vertex 40.7557 95.7247 -101.749
    endloop
  endfacet
  facet normal 0.629364 -0.730278 -0.265697
    outer loop
      vertex 42.3826 96.9285 -101.204
      vertex 40.7557 95.7247 -101.749
      vertex 42.3826 96.9627 -101.298
    endloop
  endfacet
  facet normal 0.707077 -0.664521 -0.241773
    outer loop
      vertex 43.8629 98.3195 -100.698
      vertex 42.3826 96.9627 -101.298
      vertex 43.8629 98.3537 -100.792
    endloop
  endfacet
  facet normal 0.707077 -0.664521 -0.241773
    outer loop
      vertex 42.3826 96.9627 -101.298
      vertex 43.8629 98.3195 -100.698
      vertex 42.3826 96.9285 -101.204
    endloop
  endfacet
  facet normal -0.00264746 0.344337 -0.938842
    outer loop
      vertex 43.8629 98.3537 -100.792
      vertex 42.3826 96.9627 -101.298
      vertex 45.1803 99.8825 -100.235
    endloop
  endfacet
  facet normal 0.777194 -0.591339 -0.215147
    outer loop
      vertex 45.1803 99.8825 -100.235
      vertex 43.8629 98.3195 -100.698
      vertex 43.8629 98.3537 -100.792
    endloop
  endfacet
  facet normal 0.0522086 0.932436 0.357544
    outer loop
      vertex 29.3822 95.4329 0
      vertex 29 129.689 -89.2803
      vertex 29 95.4543 0
    endloop
  endfacet
  facet normal 0.0523524 0.932429 0.357541
    outer loop
      vertex 29 129.689 -89.2803
      vertex 29.3822 95.4329 0
      vertex 31.0906 129.586 -89.3178
    endloop
  endfacet
  facet normal 0.0523598 0.939086 0.33967
    outer loop
      vertex 29 129.723 -89.3743
      vertex 29 129.689 -89.2803
      vertex 31.0906 129.586 -89.3178
    endloop
  endfacet
  facet normal 0.1564 0.922153 0.353798
    outer loop
      vertex 33.1582 129.278 -89.4298
      vertex 31.2967 95.2826 0
      vertex 32.8179 95.0246 0
    endloop
  endfacet
  facet normal 0.258762 0.901709 0.346357
    outer loop
      vertex 34.6736 94.4921 0
      vertex 33.1582 129.278 -89.4298
      vertex 34.3091 94.5967 0
    endloop
  endfacet
  facet normal 0.258719 0.901719 0.346362
    outer loop
      vertex 33.1582 129.278 -89.4298
      vertex 34.6736 94.4921 0
      vertex 35.1803 128.769 -89.6151
    endloop
  endfacet
  facet normal 0.358114 0.871385 0.335326
    outer loop
      vertex 36.466 93.755 0
      vertex 35.1803 128.769 -89.6151
      vertex 36.1178 93.8981 0
    endloop
  endfacet
  facet normal 0.358325 0.87131 0.335293
    outer loop
      vertex 35.1803 128.769 -89.6151
      vertex 36.466 93.755 0
      vertex 37.1347 128.064 -89.8717
    endloop
  endfacet
  facet normal 0.454105 0.831226 0.320704
    outer loop
      vertex 36.7964 93.5745 0
      vertex 37.1347 128.064 -89.8717
      vertex 36.466 93.755 0
    endloop
  endfacet
  facet normal 0.453894 0.831327 0.320742
    outer loop
      vertex 37.1347 128.064 -89.8717
      vertex 36.7964 93.5745 0
      vertex 39 127.171 -90.1968
    endloop
  endfacet
  facet normal 0.156554 0.928781 0.335942
    outer loop
      vertex 33.1582 129.312 -89.5238
      vertex 31.0906 129.62 -89.4118
      vertex 33.1582 129.278 -89.4298
    endloop
  endfacet
  facet normal -3.05332e-05 0.341562 -0.939859
    outer loop
      vertex 33.1582 129.312 -89.5238
      vertex 29 129.723 -89.3743
      vertex 31.0906 129.62 -89.4118
    endloop
  endfacet
  facet normal -0.00034304 0.341669 -0.93982
    outer loop
      vertex 43.8629 123.505 -91.6376
      vertex 39 127.205 -90.2907
      vertex 40.7557 126.134 -90.6807
    endloop
  endfacet
  facet normal 0.000103435 0.342187 -0.939632
    outer loop
      vertex 43.8629 123.505 -91.6376
      vertex 37.1347 128.098 -89.9657
      vertex 39 127.205 -90.2907
    endloop
  endfacet
  facet normal 0.838688 0.512078 0.185417
    outer loop
      vertex 45.1803 121.942 -92.1001
      vertex 46.3205 120.326 -92.7945
      vertex 45.1803 121.976 -92.194
    endloop
  endfacet
  facet normal 0.838683 0.512148 0.185245
    outer loop
      vertex 46.3205 120.326 -92.7945
      vertex 45.1803 121.942 -92.1001
      vertex 46.3205 120.292 -92.7005
    endloop
  endfacet
  facet normal 0.000228174 0.342134 -0.939651
    outer loop
      vertex 46.3205 120.326 -92.7945
      vertex 43.8629 123.505 -91.6376
      vertex 45.1803 121.976 -92.194
    endloop
  endfacet
  facet normal 0.629235 0.724328 0.281801
    outer loop
      vertex 40.7557 126.1 -90.5867
      vertex 39.7822 91.7028 0
      vertex 40.9956 90.6487 0
    endloop
  endfacet
  facet normal 0.890899 0.420671 0.171275
    outer loop
      vertex 45.5751 84.1279 0
      vertex 47.2709 118.539 -93.3385
      vertex 46.3205 120.292 -92.7005
    endloop
  endfacet
  facet normal 0.890914 0.420643 0.171265
    outer loop
      vertex 47.2709 118.539 -93.3385
      vertex 45.5751 84.1279 0
      vertex 45.7158 83.8299 0
    endloop
  endfacet
  facet normal 0.987541 0.141164 0.0695431
    outer loop
      vertex 47.1215 78.2308 0.00639093
      vertex 48.8904 112.86 -95.4057
      vertex 48.563 114.802 -94.6985
    endloop
  endfacet
  facet normal 0.987567 0.141008 0.0694868
    outer loop
      vertex 48.8904 112.86 -95.4057
      vertex 47.1215 78.2308 0.00639093
      vertex 47.1631 77.9382 0.00892395
    endloop
  endfacet
  facet normal 0.987694 0.146566 0.0545724
    outer loop
      vertex 48.563 114.802 -94.6985
      vertex 48.8904 112.894 -95.4997
      vertex 48.563 114.837 -94.7925
    endloop
  endfacet
  facet normal 0.987684 0.147133 0.0532182
    outer loop
      vertex 48.8904 112.894 -95.4997
      vertex 48.563 114.802 -94.6985
      vertex 48.8904 112.86 -95.4057
    endloop
  endfacet
  facet normal 0.838508 -0.517615 -0.170233
    outer loop
      vertex 44.7572 66.2286 0
      vertex 45.1803 99.8483 -100.141
      vertex 46.3205 101.498 -99.5409
    endloop
  endfacet
  facet normal 0.838422 -0.51774 -0.170275
    outer loop
      vertex 45.1803 99.8483 -100.141
      vertex 44.7572 66.2286 0
      vertex 44.6458 66.0482 0
    endloop
  endfacet
  facet normal 0.000509979 0.341668 -0.939821
    outer loop
      vertex 45.1803 99.8825 -100.235
      vertex 42.3826 96.9627 -101.298
      vertex 47.2709 103.285 -98.9969
    endloop
  endfacet
  facet normal 8.21392e-05 0.34196 -0.939714
    outer loop
      vertex 47.2709 103.285 -98.9969
      vertex 42.3826 96.9627 -101.298
      vertex 48.563 107.022 -97.6369
    endloop
  endfacet
  facet normal 0.965793 -0.248984 -0.072459
    outer loop
      vertex 46.7668 71.6336 0
      vertex 46.3249 69.9195 0
      vertex 48.0211 105.087 -98.2345
    endloop
  endfacet
  facet normal -0.00107198 0.343939 -0.938991
    outer loop
      vertex 37.1347 93.7602 -102.464
      vertex 35.1803 93.0552 -102.72
      vertex 39 94.6533 -102.139
    endloop
  endfacet
  facet normal 0.358292 -0.877346 -0.319205
    outer loop
      vertex 35.1803 93.021 -102.626
      vertex 37.1347 93.7602 -102.464
      vertex 37.1347 93.726 -102.37
    endloop
  endfacet
  facet normal 0.358292 -0.877346 -0.319205
    outer loop
      vertex 37.1347 93.7602 -102.464
      vertex 35.1803 93.021 -102.626
      vertex 35.1803 93.0552 -102.72
    endloop
  endfacet
  facet normal 0.258747 0.901713 0.346359
    outer loop
      vertex 33.1582 129.278 -89.4298
      vertex 32.8179 95.0246 0
      vertex 34.3091 94.5967 0
    endloop
  endfacet
  facet normal 0.358376 0.877914 0.317543
    outer loop
      vertex 35.1803 128.803 -89.7091
      vertex 35.1803 128.769 -89.6151
      vertex 37.1347 128.098 -89.9657
    endloop
  endfacet
  facet normal 1.39535e-05 0.342055 -0.93968
    outer loop
      vertex 37.1347 128.098 -89.9657
      vertex 29 129.723 -89.3743
      vertex 35.1803 128.803 -89.7091
    endloop
  endfacet
  facet normal 0.453959 0.837897 0.303069
    outer loop
      vertex 39 127.171 -90.1968
      vertex 37.1347 128.098 -89.9657
      vertex 37.1347 128.064 -89.8717
    endloop
  endfacet
  facet normal 0.453946 0.837799 0.303357
    outer loop
      vertex 37.1347 128.098 -89.9657
      vertex 39 127.171 -90.1968
      vertex 39 127.205 -90.2907
    endloop
  endfacet
  facet normal 0.358376 0.877914 0.317543
    outer loop
      vertex 37.1347 128.098 -89.9657
      vertex 35.1803 128.769 -89.6151
      vertex 37.1347 128.064 -89.8717
    endloop
  endfacet
  facet normal 0.933417 0.330937 0.138614
    outer loop
      vertex 45.7158 83.8299 0
      vertex 48.0211 116.703 -94.0069
      vertex 47.2709 118.539 -93.3385
    endloop
  endfacet
  facet normal 0.933392 0.330999 0.138636
    outer loop
      vertex 48.0211 116.703 -94.0069
      vertex 45.7158 83.8299 0
      vertex 45.8252 83.5214 0
    endloop
  endfacet
  facet normal 0.933552 0.33707 0.121919
    outer loop
      vertex 47.2709 118.539 -93.3385
      vertex 48.0211 116.737 -94.1009
      vertex 47.2709 118.573 -93.4325
    endloop
  endfacet
  facet normal 0.933552 0.33707 0.121919
    outer loop
      vertex 48.0211 116.737 -94.1009
      vertex 47.2709 118.539 -93.3385
      vertex 48.0211 116.703 -94.0069
    endloop
  endfacet
  facet normal 0.965912 0.243437 0.0880518
    outer loop
      vertex 48.0211 116.703 -94.0069
      vertex 48.563 114.837 -94.7925
      vertex 48.0211 116.737 -94.1009
    endloop
  endfacet
  facet normal 0.96594 0.242502 0.0902932
    outer loop
      vertex 48.563 114.837 -94.7925
      vertex 48.0211 116.703 -94.0069
      vertex 48.563 114.802 -94.6985
    endloop
  endfacet
  facet normal -0.000398198 0.341945 -0.93972
    outer loop
      vertex 48.563 114.837 -94.7925
      vertex 47.2709 118.573 -93.4325
      vertex 48.0211 116.737 -94.1009
    endloop
  endfacet
  facet normal 0.838546 -0.517559 -0.170213
    outer loop
      vertex 44.6458 66.0482 0
      vertex 43.7119 64.5351 0
      vertex 45.1803 99.8483 -100.141
    endloop
  endfacet
  facet normal 0.777022 -0.597132 -0.199174
    outer loop
      vertex 43.59 64.3764 0
      vertex 42.5072 62.9674 0
      vertex 43.8629 98.3195 -100.698
    endloop
  endfacet
  facet normal 0.777078 -0.597066 -0.199152
    outer loop
      vertex 43.7119 64.5351 0
      vertex 43.8629 98.3195 -100.698
      vertex 45.1803 99.8483 -100.141
    endloop
  endfacet
  facet normal 0.777171 -0.596958 -0.199115
    outer loop
      vertex 43.8629 98.3195 -100.698
      vertex 43.7119 64.5351 0
      vertex 43.59 64.3764 0
    endloop
  endfacet
  facet normal -0.454164 -0.830654 -0.322102
    outer loop
      vertex 36.1179 125.063 -88.3036
      vertex 35.5981 91.1058 0
      vertex 35.4024 91.2128 0
    endloop
  endfacet
  facet normal -0.454133 -0.830669 -0.322107
    outer loop
      vertex 35.5981 91.1058 0
      vertex 36.1179 125.063 -88.3036
      vertex 37.75 124.281 -88.588
    endloop
  endfacet
  facet normal -0.156441 0.928049 0.338011
    outer loop
      vertex 32.6385 93.9547 -99.6261
      vertex 32.6385 93.9889 -99.72
      vertex 30.8292 93.7196 -99.818
    endloop
  endfacet
  facet normal 3.93054e-05 -0.34204 0.939685
    outer loop
      vertex 40.7098 97.8534 -98.3135
      vertex 42.005 99.0706 -97.8705
      vertex 37.75 95.8327 -99.0489
    endloop
  endfacet
  facet normal -0.453969 0.837216 0.304929
    outer loop
      vertex 37.75 95.8327 -99.0489
      vertex 36.1179 95.0171 -99.2394
      vertex 37.75 95.7985 -98.955
    endloop
  endfacet
  facet normal -0.453984 0.837313 0.30464
    outer loop
      vertex 36.1179 95.0171 -99.2394
      vertex 37.75 95.8327 -99.0489
      vertex 36.1179 95.0513 -99.3334
    endloop
  endfacet
  facet normal -3.9916e-06 -0.342006 0.939698
    outer loop
      vertex 30.8292 93.7196 -99.818
      vertex 37.75 95.8327 -99.0489
      vertex 29 93.6295 -99.8508
    endloop
  endfacet
  facet normal -0.052347 0.93833 0.341756
    outer loop
      vertex 30.8292 93.7196 -99.818
      vertex 29 93.5953 -99.7569
      vertex 30.8292 93.6854 -99.7241
    endloop
  endfacet
  facet normal -0.052347 0.93833 0.341756
    outer loop
      vertex 29 93.5953 -99.7569
      vertex 30.8292 93.7196 -99.818
      vertex 29 93.6295 -99.8508
    endloop
  endfacet
  facet normal 0.000166845 0.341859 -0.939751
    outer loop
      vertex 40.1 63.1725 3.56922
      vertex 40.5187 63.5268 3.69818
      vertex 40.1 63.1333 3.55496
    endloop
  endfacet
  facet normal -0.358235 0.883506 0.301802
    outer loop
      vertex 36.1179 95.0171 -99.2394
      vertex 35.1512 65.8493 -15
      vertex 35.4437 65.9679 -15
    endloop
  endfacet
  facet normal -0.358323 0.883475 0.30179
    outer loop
      vertex 35.1512 65.8493 -15
      vertex 36.1179 95.0171 -99.2394
      vertex 34.4078 94.4002 -99.4639
    endloop
  endfacet
  facet normal -0.359372 0.88309 0.301668
    outer loop
      vertex 35.3236 60.7953 0
      vertex 35.1805 64.7249 -11.6738
      vertex 35.2833 60.7789 0
    endloop
  endfacet
  facet normal -0.358355 0.883464 0.301782
    outer loop
      vertex 35.1805 64.7249 -11.6738
      vertex 35.3236 60.7953 0
      vertex 35.4184 64.8794 -11.8436
    endloop
  endfacet
  facet normal 4.86431e-05 -0.342159 0.939642
    outer loop
      vertex 34.4078 94.4344 -99.5579
      vertex 37.75 95.8327 -99.0489
      vertex 30.8292 93.7196 -99.818
    endloop
  endfacet
  facet normal 0.000238845 -0.34256 0.939496
    outer loop
      vertex 36.1179 95.0513 -99.3334
      vertex 37.75 95.8327 -99.0489
      vertex 34.4078 94.4344 -99.5579
    endloop
  endfacet
  facet normal -0.965904 0.243466 0.088062
    outer loop
      vertex 45.6435 104.993 -95.7151
      vertex 46.1176 106.621 -95.0159
      vertex 46.1176 106.655 -95.1099
    endloop
  endfacet
  facet normal -0.965936 0.242515 0.090298
    outer loop
      vertex 46.1176 106.621 -95.0159
      vertex 45.6435 104.993 -95.7151
      vertex 45.6435 104.958 -95.6211
    endloop
  endfacet
  facet normal 2.48132e-05 -0.342024 0.939691
    outer loop
      vertex 42.005 99.0706 -97.8705
      vertex 44.987 116.763 -91.431
      vertex 37.75 95.8327 -99.0489
    endloop
  endfacet
  facet normal -0.000494025 0.342548 -0.9395
    outer loop
      vertex 40.1 63.2081 3.5822
      vertex 40.5187 63.5268 3.69818
      vertex 40.1 63.1725 3.56922
    endloop
  endfacet
  facet normal -0.259142 0.913779 0.312814
    outer loop
      vertex 34.4078 94.4002 -99.4639
      vertex 32.7157 68.9965 -26.6574
      vertex 32.8374 68.9785 -26.504
    endloop
  endfacet
  facet normal -0.258508 0.913935 0.312883
    outer loop
      vertex 34.4078 94.4002 -99.4639
      vertex 32.5185 69.0108 -26.8621
      vertex 32.7157 68.9965 -26.6574
    endloop
  endfacet
  facet normal -0.259184 0.91377 0.312808
    outer loop
      vertex 34.4078 94.4002 -99.4639
      vertex 32.3457 69.0232 -27.0415
      vertex 32.5185 69.0108 -26.8621
    endloop
  endfacet
  facet normal -0.23886 0.918525 0.315052
    outer loop
      vertex 34.4078 94.4002 -99.4639
      vertex 32.3416 69.0233 -27.0449
      vertex 32.3457 69.0232 -27.0415
    endloop
  endfacet
  facet normal -0.258787 0.913867 0.312852
    outer loop
      vertex 32.3416 69.0233 -27.0449
      vertex 34.4078 94.4002 -99.4639
      vertex 32.6385 93.9547 -99.6261
    endloop
  endfacet
  facet normal -0.258737 0.913877 0.312864
    outer loop
      vertex 32.5898 64.9701 -15
      vertex 32.3128 66.599 -19.9871
      vertex 32.2924 64.8859 -15
    endloop
  endfacet
  facet normal -0.258369 0.913977 0.312876
    outer loop
      vertex 32.5898 64.9701 -15
      vertex 32.3457 66.6159 -20.0093
      vertex 32.3128 66.599 -19.9871
    endloop
  endfacet
  facet normal -0.258675 0.913895 0.312864
    outer loop
      vertex 32.3457 66.6159 -20.0093
      vertex 32.5898 64.9701 -15
      vertex 32.7042 66.8223 -20.3158
    endloop
  endfacet
  facet normal -0.259593 0.913667 0.312768
    outer loop
      vertex 32.501 63.5318 -10.872
      vertex 32.2311 59.7334 0
      vertex 32.267 59.7436 0
    endloop
  endfacet
  facet normal -0.258768 0.91387 0.312859
    outer loop
      vertex 32.2311 59.7334 0
      vertex 32.501 63.5318 -10.872
      vertex 32.2756 63.4714 -10.882
    endloop
  endfacet
  facet normal -0.453942 0.843467 0.287228
    outer loop
      vertex 36.9237 66.7644 -15
      vertex 37.75 95.7985 -98.955
      vertex 35.7243 66.1189 -15
    endloop
  endfacet
  facet normal -0.453926 0.843474 0.287232
    outer loop
      vertex 36.7761 61.5769 0
      vertex 35.65 65.0298 -11.9193
      vertex 35.3624 60.8161 0
    endloop
  endfacet
  facet normal -0.453963 0.843456 0.28723
    outer loop
      vertex 36.7761 61.5769 0
      vertex 36.0534 65.2918 -12.0511
      vertex 35.65 65.0298 -11.9193
    endloop
  endfacet
  facet normal -0.453926 0.843474 0.287233
    outer loop
      vertex 36.0534 65.2918 -12.0511
      vertex 36.7761 61.5769 0
      vertex 36.9014 65.9785 -12.7275
    endloop
  endfacet
  facet normal -0.258832 0.907711 0.330252
    outer loop
      vertex 34.4078 94.4002 -99.4639
      vertex 34.4078 94.4344 -99.5579
      vertex 32.6385 93.9547 -99.6261
    endloop
  endfacet
  facet normal -0.358384 0.877312 0.319192
    outer loop
      vertex 36.1179 95.0513 -99.3334
      vertex 34.4078 94.4344 -99.5579
      vertex 34.4078 94.4002 -99.4639
    endloop
  endfacet
  facet normal -0.156441 0.928049 0.338011
    outer loop
      vertex 32.6385 93.9547 -99.6261
      vertex 30.8292 93.7196 -99.818
      vertex 30.8292 93.6854 -99.7241
    endloop
  endfacet
  facet normal -0.891038 0.425342 0.158541
    outer loop
      vertex 44.1554 101.852 -96.8582
      vertex 44.987 103.351 -96.206
      vertex 44.987 103.386 -96.2999
    endloop
  endfacet
  facet normal -0.890934 0.427056 0.154467
    outer loop
      vertex 44.987 103.351 -96.206
      vertex 44.1554 101.852 -96.8582
      vertex 44.1554 101.818 -96.7642
    endloop
  endfacet
  facet normal 3.14452e-05 -0.342024 0.939691
    outer loop
      vertex 44.987 103.386 -96.2999
      vertex 44.987 116.763 -91.431
      vertex 42.005 99.0706 -97.8705
    endloop
  endfacet
  facet normal 0 -0.342014 0.939695
    outer loop
      vertex 29 116.763 -91.431
      vertex 42.005 121.078 -89.8605
      vertex 29 121.078 -89.8605
    endloop
  endfacet
  facet normal 0 -0.342014 0.939695
    outer loop
      vertex 42.005 121.078 -89.8605
      vertex 29 116.763 -91.431
      vertex 44.987 116.763 -91.431
    endloop
  endfacet
  facet normal -0.890858 -0.420175 -0.172697
    outer loop
      vertex 44.1554 118.262 -90.7788
      vertex 43.2534 82.8632 0
      vertex 42.5937 84.2619 0
    endloop
  endfacet
  facet normal -0.890858 -0.420172 -0.172705
    outer loop
      vertex 43.2285 81.8883 2.5
      vertex 42.5007 82.2394 5.4
      vertex 42.5506 83.3256 2.5
    endloop
  endfacet
  facet normal -0.890841 -0.420213 -0.172696
    outer loop
      vertex 43.2285 81.8883 2.5
      vertex 43.1 80.9689 5.4
      vertex 42.5007 82.2394 5.4
    endloop
  endfacet
  facet normal -0.890895 -0.42011 -0.172665
    outer loop
      vertex 43.2285 81.8883 2.5
      vertex 43.1 80.188 7.3
      vertex 43.1 80.9689 5.4
    endloop
  endfacet
  facet normal -0.890875 -0.420148 -0.172678
    outer loop
      vertex 43.1 80.188 7.3
      vertex 43.2285 81.8883 2.5
      vertex 43.16 79.197 9.40168
    endloop
  endfacet
  facet normal -0.89086 -0.420163 -0.172716
    outer loop
      vertex 43.1 80.188 7.3
      vertex 42.4234 80.5554 9.8961
      vertex 42.4681 81.5278 7.3
    endloop
  endfacet
  facet normal -0.890843 -0.420204 -0.172706
    outer loop
      vertex 42.4234 80.5554 9.8961
      vertex 43.1 80.188 7.3
      vertex 43.16 79.197 9.40168
    endloop
  endfacet
  facet normal -0.454213 -0.837775 -0.303025
    outer loop
      vertex 36.1179 125.097 -88.3976
      vertex 37.75 124.281 -88.588
      vertex 36.1179 125.063 -88.3036
    endloop
  endfacet
  facet normal -0.453796 -0.835096 -0.31094
    outer loop
      vertex 37.75 124.281 -88.588
      vertex 36.1179 125.097 -88.3976
      vertex 37.75 124.316 -88.682
    endloop
  endfacet
  facet normal -0.544654 0.788021 0.287011
    outer loop
      vertex 39.2862 96.7702 -98.7077
      vertex 37.75 95.7985 -98.955
      vertex 39.2862 96.736 -98.6138
    endloop
  endfacet
  facet normal -0.544654 0.788021 0.287011
    outer loop
      vertex 37.75 95.7985 -98.955
      vertex 39.2862 96.7702 -98.7077
      vertex 37.75 95.8327 -99.0489
    endloop
  endfacet
  facet normal -0.629264 0.736466 0.248282
    outer loop
      vertex 40.7098 97.8192 -98.2195
      vertex 38.3185 67.7205 -15
      vertex 38.572 67.9371 -15
    endloop
  endfacet
  facet normal -0.629187 0.736525 0.248305
    outer loop
      vertex 38.3185 67.7205 -15
      vertex 40.7098 97.8192 -98.2195
      vertex 39.2862 96.736 -98.6138
    endloop
  endfacet
  facet normal -0.628942 0.73671 0.248373
    outer loop
      vertex 38.1866 62.5509 0
      vertex 38.3096 67.4544 -14.233
      vertex 38.1449 62.5153 0
    endloop
  endfacet
  facet normal -0.629031 0.736643 0.248349
    outer loop
      vertex 38.3096 67.4544 -14.233
      vertex 38.1866 62.5509 0
      vertex 38.5595 67.7629 -14.5151
    endloop
  endfacet
  facet normal -0.358384 0.877312 0.319192
    outer loop
      vertex 36.1179 95.0171 -99.2394
      vertex 36.1179 95.0513 -99.3334
      vertex 34.4078 94.4002 -99.4639
    endloop
  endfacet
  facet normal -1.55973e-05 -0.341875 0.939746
    outer loop
      vertex 32.6385 93.9889 -99.72
      vertex 34.4078 94.4344 -99.5579
      vertex 30.8292 93.7196 -99.818
    endloop
  endfacet
  facet normal -0.258815 0.907602 0.330564
    outer loop
      vertex 34.4078 94.4344 -99.5579
      vertex 32.6385 93.9889 -99.72
      vertex 32.6385 93.9547 -99.6261
    endloop
  endfacet
  facet normal -0.933567 0.335875 0.12506
    outer loop
      vertex 44.987 103.386 -96.2999
      vertex 45.6435 104.958 -95.6211
      vertex 45.6435 104.993 -95.7151
    endloop
  endfacet
  facet normal -0.933569 0.335827 0.125175
    outer loop
      vertex 45.6435 104.958 -95.6211
      vertex 44.987 103.386 -96.2999
      vertex 44.987 103.351 -96.206
    endloop
  endfacet
  facet normal -0.000339323 -0.342221 0.939619
    outer loop
      vertex 44.987 116.763 -91.431
      vertex 43.1578 119.74 -90.3474
      vertex 42.005 121.078 -89.8605
    endloop
  endfacet
  facet normal -0.777027 0.597602 0.19774
    outer loop
      vertex 41.6056 66.1636 0
      vertex 43.1578 100.374 -97.2896
      vertex 40.6154 64.8761 0
    endloop
  endfacet
  facet normal -0.777017 0.59762 0.197724
    outer loop
      vertex 40.5501 63.9639 2.5
      vertex 41.5398 64.7116 4.12941
      vertex 41.5658 65.2845 2.5
    endloop
  endfacet
  facet normal -0.776982 0.597682 0.197674
    outer loop
      vertex 41.5398 64.7116 4.12941
      vertex 40.5501 63.9639 2.5
      vertex 40.5187 63.5268 3.69818
    endloop
  endfacet
  facet normal -0.0523267 -0.931888 -0.358953
    outer loop
      vertex 30.8292 126.395 -87.8189
      vertex 30.6463 92.5784 0
      vertex 29.2287 92.658 0
    endloop
  endfacet
  facet normal -7.22948e-05 -0.341896 0.939738
    outer loop
      vertex 39.2862 96.7702 -98.7077
      vertex 40.7098 97.8534 -98.3135
      vertex 37.75 95.8327 -99.0489
    endloop
  endfacet
  facet normal 7.49137e-05 -0.341993 0.939702
    outer loop
      vertex 46.4041 108.355 -94.4911
      vertex 45.6435 115.156 -92.0159
      vertex 44.987 116.763 -91.431
    endloop
  endfacet
  facet normal -0.000246508 -0.342041 0.939685
    outer loop
      vertex 46.5 110.074 -93.8655
      vertex 46.1176 113.493 -92.6211
      vertex 45.6435 115.156 -92.0159
    endloop
  endfacet
  facet normal -0.0522537 0.9446 0.324037
    outer loop
      vertex 29.5226 69.1258 -28.3417
      vertex 29 93.5953 -99.7569
      vertex 29 69.109 -28.377
    endloop
  endfacet
  facet normal -0.0523932 0.944593 0.324036
    outer loop
      vertex 30.0396 69.1247 -28.2549
      vertex 29 93.5953 -99.7569
      vertex 29.5226 69.1258 -28.3417
    endloop
  endfacet
  facet normal -0.0527511 0.944573 0.324035
    outer loop
      vertex 29 93.5953 -99.7569
      vertex 30.0396 69.1247 -28.2549
      vertex 30.1392 69.121 -28.2279
    endloop
  endfacet
  facet normal -0.0523191 0.944598 0.324033
    outer loop
      vertex 30.5888 59.4625 0
      vertex 30.2543 63.0657 -10.5578
      vertex 29 59.3745 0
    endloop
  endfacet
  facet normal -0.0522309 0.944603 0.324032
    outer loop
      vertex 30.2543 63.0657 -10.5578
      vertex 30.5888 59.4625 0
      vertex 30.4198 63.0919 -10.6075
    endloop
  endfacet
  facet normal -0.0522938 0.944598 0.324036
    outer loop
      vertex 29 59.3745 0
      vertex 30.2543 63.0657 -10.5578
      vertex 29 63 -10.5687
    endloop
  endfacet
  facet normal -0.0523415 0.944596 0.324034
    outer loop
      vertex 29.5226 65.8982 -18.9329
      vertex 29 64.5201 -15
      vertex 30.3499 64.5949 -15
    endloop
  endfacet
  facet normal -0.0523085 0.944597 0.324039
    outer loop
      vertex 29 64.5201 -15
      vertex 29.5226 65.8982 -18.9329
      vertex 29 65.8636 -18.9164
    endloop
  endfacet
  facet normal -0.0524421 0.944585 0.324052
    outer loop
      vertex 30.3499 64.5949 -15
      vertex 30.0396 65.9503 -19.0011
      vertex 29.5226 65.8982 -18.9329
    endloop
  endfacet
  facet normal -0.0520708 0.944612 0.324032
    outer loop
      vertex 30.0396 65.9503 -19.0011
      vertex 30.3499 64.5949 -15
      vertex 30.2852 65.9837 -19.059
    endloop
  endfacet
  facet normal -0.707136 0.664465 0.241752
    outer loop
      vertex 40.7098 97.8534 -98.3135
      vertex 42.005 99.0364 -97.7765
      vertex 42.005 99.0706 -97.8705
    endloop
  endfacet
  facet normal -0.707136 0.664465 0.241752
    outer loop
      vertex 42.005 99.0364 -97.7765
      vertex 40.7098 97.8534 -98.3135
      vertex 40.7098 97.8192 -98.2195
    endloop
  endfacet
  facet normal -0.838742 0.512062 0.185214
    outer loop
      vertex 44.1554 101.852 -96.8582
      vertex 43.1578 100.408 -97.3836
      vertex 43.1578 100.374 -97.2896
    endloop
  endfacet
  facet normal -0.777078 0.591473 0.215196
    outer loop
      vertex 43.1578 100.408 -97.3836
      vertex 42.005 99.0706 -97.8705
      vertex 42.005 99.0364 -97.7765
    endloop
  endfacet
  facet normal -0.933412 0.34307 0.105098
    outer loop
      vertex 44.987 103.351 -96.206
      vertex 43.8467 70.7763 0
      vertex 45.6435 104.958 -95.6211
    endloop
  endfacet
  facet normal -0.933591 0.342628 0.104946
    outer loop
      vertex 43.8467 70.7763 0
      vertex 44.987 103.351 -96.206
      vertex 43.81 70.6763 0
    endloop
  endfacet
  facet normal -0.933404 0.343089 0.105107
    outer loop
      vertex 43.7998 69.8827 2.5
      vertex 43.7794 69.8272 2.5
      vertex 43.7414 68.7719 5.60725
    endloop
  endfacet
  facet normal 3.92248e-06 0.342019 -0.939693
    outer loop
      vertex 43.1 72.5772 6.99226
      vertex 44.1613 76.3011 8.34765
      vertex 43.7414 68.7719 5.60725
    endloop
  endfacet
  facet normal -1.12481e-05 0.342023 -0.939691
    outer loop
      vertex 43.1 73.4227 7.3
      vertex 44.1613 76.3011 8.34765
      vertex 43.1 72.5772 6.99226
    endloop
  endfacet
  facet normal 0 0.34202 -0.939693
    outer loop
      vertex 42.9575 73.4227 7.3
      vertex 44.1613 76.3011 8.34765
      vertex 43.1 73.4227 7.3
    endloop
  endfacet
  facet normal -2.07756e-07 0.34202 -0.939693
    outer loop
      vertex 41.7072 80.8409 10
      vertex 44.1613 76.3011 8.34765
      vertex 42.9575 73.4227 7.3
    endloop
  endfacet
  facet normal 0 0.34202 -0.939693
    outer loop
      vertex 44.1613 76.3011 8.34765
      vertex 41.7072 80.8409 10
      vertex 42.0103 80.8409 10
    endloop
  endfacet
  facet normal -0.544823 -0.785845 -0.292602
    outer loop
      vertex 37.75 124.316 -88.682
      vertex 39.2862 123.378 -89.0232
      vertex 37.75 124.281 -88.588
    endloop
  endfacet
  facet normal -0.707084 -0.664967 -0.24052
    outer loop
      vertex 42.005 121.078 -89.8605
      vertex 42.005 121.044 -89.7665
      vertex 40.7098 122.261 -89.3235
    endloop
  endfacet
  facet normal -0.777065 -0.58485 -0.232638
    outer loop
      vertex 43.1578 119.706 -90.2534
      vertex 40.6783 87.0999 0
      vertex 42.005 121.044 -89.7665
    endloop
  endfacet
  facet normal -0.777075 -0.584838 -0.232635
    outer loop
      vertex 40.6783 87.0999 0
      vertex 43.1578 119.706 -90.2534
      vertex 40.8006 86.9374 0
    endloop
  endfacet
  facet normal -0.777078 -0.584831 -0.232642
    outer loop
      vertex 40.7353 86.0297 2.5
      vertex 40.5984 85.058 5.4
      vertex 40.6413 86.1546 2.5
    endloop
  endfacet
  facet normal -0.776641 -0.58535 -0.232795
    outer loop
      vertex 40.5984 85.058 5.4
      vertex 40.7353 86.0297 2.5
      vertex 40.6596 84.9768 5.4
    endloop
  endfacet
  facet normal -0.777558 -0.584275 -0.232433
    outer loop
      vertex 40.61 84.2869 7.3
      vertex 40.5305 83.3186 10
      vertex 40.5704 84.3396 7.3
    endloop
  endfacet
  facet normal -0.778981 -0.5826 -0.231874
    outer loop
      vertex 40.5305 83.3186 10
      vertex 40.61 84.2869 7.3
      vertex 40.5394 83.3067 10
    endloop
  endfacet
  facet normal -0.0522876 0.944598 0.324037
    outer loop
      vertex 30.8292 93.6854 -99.7241
      vertex 30.5451 69.1057 -28.1177
      vertex 30.6819 69.0954 -28.0656
    endloop
  endfacet
  facet normal -0.0523684 0.944595 0.324035
    outer loop
      vertex 30.8292 93.6854 -99.7241
      vertex 30.1392 69.121 -28.2279
      vertex 30.5451 69.1057 -28.1177
    endloop
  endfacet
  facet normal -0.0523379 0.944596 0.324036
    outer loop
      vertex 30.1392 69.121 -28.2279
      vertex 30.8292 93.6854 -99.7241
      vertex 29 93.5953 -99.7569
    endloop
  endfacet
  facet normal -0.0523058 0.944599 0.324031
    outer loop
      vertex 30.6551 64.6118 -15
      vertex 30.2852 65.9837 -19.059
      vertex 30.3499 64.5949 -15
    endloop
  endfacet
  facet normal -0.0523576 0.944595 0.324035
    outer loop
      vertex 30.6551 64.6118 -15
      vertex 30.5451 66.0191 -19.1202
      vertex 30.2852 65.9837 -19.059
    endloop
  endfacet
  facet normal -0.0523681 0.944595 0.324035
    outer loop
      vertex 30.5451 66.0191 -19.1202
      vertex 30.6551 64.6118 -15
      vertex 30.6636 66.0397 -19.1611
    endloop
  endfacet
  facet normal -0.0533639 0.944541 0.324029
    outer loop
      vertex 30.6242 59.4645 0
      vertex 30.4198 63.0919 -10.6075
      vertex 30.5888 59.4625 0
    endloop
  endfacet
  facet normal -0.0526016 0.944584 0.324029
    outer loop
      vertex 30.4198 63.0919 -10.6075
      vertex 30.6242 59.4645 0
      vertex 30.6462 63.1278 -10.6754
    endloop
  endfacet
  facet normal -0.156622 0.934286 0.32028
    outer loop
      vertex 32.6385 93.9547 -99.6261
      vertex 31.0337 69.1039 -27.9188
      vertex 31.2121 69.101 -27.8231
    endloop
  endfacet
  facet normal -0.156234 0.934341 0.320308
    outer loop
      vertex 32.6385 93.9547 -99.6261
      vertex 30.6819 69.0954 -28.0656
      vertex 31.0337 69.1039 -27.9188
    endloop
  endfacet
  facet normal -0.156414 0.934316 0.320294
    outer loop
      vertex 30.6819 69.0954 -28.0656
      vertex 32.6385 93.9547 -99.6261
      vertex 30.8292 93.6854 -99.7241
    endloop
  endfacet
  facet normal -0.15639 0.934319 0.320296
    outer loop
      vertex 30.9574 64.6624 -15
      vertex 30.6636 66.0397 -19.1611
      vertex 30.6551 64.6118 -15
    endloop
  endfacet
  facet normal -0.156836 0.934242 0.320302
    outer loop
      vertex 30.9574 64.6624 -15
      vertex 30.7801 66.0716 -19.1971
      vertex 30.6636 66.0397 -19.1611
    endloop
  endfacet
  facet normal -0.156297 0.93433 0.320309
    outer loop
      vertex 30.9574 64.6624 -15
      vertex 31.0337 66.1409 -19.2755
      vertex 30.7801 66.0716 -19.1971
    endloop
  endfacet
  facet normal -0.153781 0.93469 0.320478
    outer loop
      vertex 31.0337 66.1409 -19.2755
      vertex 30.9574 64.6624 -15
      vertex 31.0424 66.1436 -19.2792
    endloop
  endfacet
  facet normal -0.154006 0.934656 0.320468
    outer loop
      vertex 30.8713 63.1635 -10.6695
      vertex 30.6242 59.4645 0
      vertex 30.6594 59.4703 0
    endloop
  endfacet
  facet normal -0.15657 0.934294 0.320283
    outer loop
      vertex 30.6242 59.4645 0
      vertex 30.8713 63.1635 -10.6695
      vertex 30.6462 63.1278 -10.6754
    endloop
  endfacet
  facet normal -0.998456 -0.042834 -0.0353587
    outer loop
      vertex 46.5 110.04 -93.7715
      vertex 44.6374 76.0504 0
      vertex 46.4041 111.759 -93.1459
    endloop
  endfacet
  facet normal -0.998428 -0.0433481 -0.0355444
    outer loop
      vertex 44.6374 76.0504 0
      vertex 46.5 110.04 -93.7715
      vertex 44.6435 75.9099 0
    endloop
  endfacet
  facet normal -0.998424 -0.0434097 -0.035577
    outer loop
      vertex 44.59 75.092 2.5
      vertex 44.594 75 2.5
      vertex 44.5 73.2728 7.24545
    endloop
  endfacet
  facet normal -0.965938 -0.243345 -0.0880183
    outer loop
      vertex 45.6435 115.156 -92.0159
      vertex 46.1176 113.493 -92.6211
      vertex 45.6435 115.122 -91.9219
    endloop
  endfacet
  facet normal -0.776984 0.597651 0.19776
    outer loop
      vertex 42.005 99.0364 -97.7765
      vertex 40.6154 64.8761 0
      vertex 43.1578 100.374 -97.2896
    endloop
  endfacet
  facet normal -0.776689 0.597994 0.197884
    outer loop
      vertex 40.6154 64.8761 0
      vertex 42.005 99.0364 -97.7765
      vertex 40.5729 64.8209 0
    endloop
  endfacet
  facet normal -0.776289 0.59848 0.197984
    outer loop
      vertex 40.5501 63.9639 2.5
      vertex 40.5363 63.946 2.5
      vertex 40.5187 63.5268 3.69818
    endloop
  endfacet
  facet normal -0.707015 0.670674 0.224337
    outer loop
      vertex 40.7098 97.8192 -98.2195
      vertex 40.5729 64.8209 0
      vertex 42.005 99.0364 -97.7765
    endloop
  endfacet
  facet normal -0.707316 0.670388 0.224241
    outer loop
      vertex 40.5729 64.8209 0
      vertex 40.7098 97.8192 -98.2195
      vertex 40.5257 64.7711 0
    endloop
  endfacet
  facet normal -0.706386 0.671287 0.224483
    outer loop
      vertex 40.5363 63.946 2.5
      vertex 40.521 63.9299 2.5
      vertex 40.5187 63.5268 3.69818
    endloop
  endfacet
  facet normal -0.6292 0.736515 0.248299
    outer loop
      vertex 39.4151 63.6004 0
      vertex 38.5595 67.7629 -14.5151
      vertex 38.1866 62.5509 0
    endloop
  endfacet
  facet normal -0.629374 0.736377 0.24827
    outer loop
      vertex 39.4151 63.6004 0
      vertex 38.7082 67.9466 -14.683
      vertex 38.5595 67.7629 -14.5151
    endloop
  endfacet
  facet normal -0.629315 0.736423 0.248281
    outer loop
      vertex 39.4151 63.6004 0
      vertex 38.8641 68.1867 -15
      vertex 38.7082 67.9466 -14.683
    endloop
  endfacet
  facet normal -0.629293 0.736444 0.248274
    outer loop
      vertex 38.8641 68.1867 -15
      vertex 40.7098 97.8192 -98.2195
      vertex 38.572 67.9371 -15
    endloop
  endfacet
  facet normal -0.629161 0.736544 0.248312
    outer loop
      vertex 40.7098 97.8192 -98.2195
      vertex 38.8641 68.1867 -15
      vertex 39.4151 63.6004 0
    endloop
  endfacet
  facet normal -0.706991 0.670696 0.224345
    outer loop
      vertex 40.5257 64.7711 0
      vertex 40.7098 97.8192 -98.2195
      vertex 39.4151 63.6004 0
    endloop
  endfacet
  facet normal -0.707015 0.670692 0.224282
    outer loop
      vertex 40.1 63.4861 2.5
      vertex 40.5187 63.5268 3.69818
      vertex 40.521 63.9299 2.5
    endloop
  endfacet
  facet normal -0.707029 0.670675 0.224287
    outer loop
      vertex 40.5187 63.5268 3.69818
      vertex 40.1 63.4861 2.5
      vertex 40.1 63.1333 3.55496
    endloop
  endfacet
  facet normal 1.96886e-05 0.342013 -0.939695
    outer loop
      vertex 43.7414 68.7719 5.60725
      vertex 42.4234 65.9902 4.59479
      vertex 41.5398 64.7116 4.12941
    endloop
  endfacet
  facet normal -0.838742 0.512062 0.185214
    outer loop
      vertex 44.1554 101.818 -96.7642
      vertex 44.1554 101.852 -96.8582
      vertex 43.1578 100.374 -97.2896
    endloop
  endfacet
  facet normal -0.00117662 -0.341203 0.939989
    outer loop
      vertex 43.1578 100.408 -97.3836
      vertex 44.1554 101.852 -96.8582
      vertex 42.005 99.0706 -97.8705
    endloop
  endfacet
  facet normal -0.777118 0.591831 0.214066
    outer loop
      vertex 43.1578 100.374 -97.2896
      vertex 43.1578 100.408 -97.3836
      vertex 42.005 99.0364 -97.7765
    endloop
  endfacet
  facet normal -0.965938 -0.243345 -0.0880183
    outer loop
      vertex 46.1176 113.493 -92.6211
      vertex 46.1176 113.459 -92.5271
      vertex 45.6435 115.122 -91.9219
    endloop
  endfacet
  facet normal -0.890781 -0.420316 -0.172751
    outer loop
      vertex 44.987 116.729 -91.337
      vertex 43.2534 82.8632 0
      vertex 44.1554 118.262 -90.7788
    endloop
  endfacet
  facet normal -0.890893 -0.420109 -0.172677
    outer loop
      vertex 43.2534 82.8632 0
      vertex 44.987 116.729 -91.337
      vertex 43.3305 82.6997 0
    endloop
  endfacet
  facet normal -0.890854 -0.420186 -0.172693
    outer loop
      vertex 43.2285 81.8883 2.5
      vertex 43.2851 81.7683 2.5
      vertex 43.16 79.197 9.40168
    endloop
  endfacet
  facet normal 4.56568e-05 0.342015 -0.939694
    outer loop
      vertex 44.5 73.2728 7.24545
      vertex 44.4151 71.7503 6.69131
      vertex 44.1613 70.2445 6.14324
    endloop
  endfacet
  facet normal -0.998457 0.0555322 0.00044378
    outer loop
      vertex 44.6357 75.7712 0
      vertex 46.4041 108.321 -94.3971
      vertex 44.5467 74.171 0
    endloop
  endfacet
  facet normal -0.998459 0.0555003 0.000432456
    outer loop
      vertex 44.4976 73.2666 2.5
      vertex 44.5 73.2728 7.24545
      vertex 44.5889 74.9091 2.5
    endloop
  endfacet
  facet normal -0.998457 0.0555201 0.00043243
    outer loop
      vertex 44.5 73.2728 7.24545
      vertex 44.4976 73.2666 2.5
      vertex 44.4151 71.7503 6.69131
    endloop
  endfacet
  facet normal 7.82571e-05 -0.341993 0.939703
    outer loop
      vertex 46.4041 108.355 -94.4911
      vertex 46.5 110.074 -93.8655
      vertex 45.6435 115.156 -92.0159
    endloop
  endfacet
  facet normal -0.000599584 -0.342707 0.939442
    outer loop
      vertex 42.005 121.078 -89.8605
      vertex 39.2862 123.378 -89.0232
      vertex 37.75 124.316 -88.682
    endloop
  endfacet
  facet normal -0.544486 -0.788662 -0.285565
    outer loop
      vertex 39.2862 123.378 -89.0232
      vertex 39.2862 123.344 -88.9293
      vertex 37.75 124.281 -88.588
    endloop
  endfacet
  facet normal 1.04907e-05 0.342018 -0.939694
    outer loop
      vertex 41.5398 64.7116 4.12941
      vertex 43.1 68.2025 5.4
      vertex 43.7414 68.7719 5.60725
    endloop
  endfacet
  facet normal 0 0.342022 -0.939692
    outer loop
      vertex 43.1 68.2025 5.4
      vertex 41.5398 64.7116 4.12941
      vertex 41.5398 68.2025 5.4
    endloop
  endfacet
  facet normal 7.94739e-06 0.34202 -0.939693
    outer loop
      vertex 43.7414 68.7719 5.60725
      vertex 43.1 68.2025 5.4
      vertex 43.1 72.5772 6.99226
    endloop
  endfacet
  facet normal 0 0.34202 -0.939693
    outer loop
      vertex 41.5398 73.4227 7.3
      vertex 41.7072 80.8409 10
      vertex 42.9575 73.4227 7.3
    endloop
  endfacet
  facet normal 0 0.34202 -0.939693
    outer loop
      vertex 41.7072 80.8409 10
      vertex 41.5398 73.4227 7.3
      vertex 41.5398 80.8409 10
    endloop
  endfacet
  facet normal -0.358336 0.883469 0.301792
    outer loop
      vertex 35.1512 65.8493 -15
      vertex 33.9411 67.9876 -22.6965
      vertex 33.8943 65.3395 -15
    endloop
  endfacet
  facet normal -0.357952 0.883629 0.301777
    outer loop
      vertex 35.1512 65.8493 -15
      vertex 33.9726 68.0632 -22.8805
      vertex 33.9411 67.9876 -22.6965
    endloop
  endfacet
  facet normal -0.358312 0.88348 0.301788
    outer loop
      vertex 35.1512 65.8493 -15
      vertex 33.9841 68.1383 -23.0867
      vertex 33.9726 68.0632 -22.8805
    endloop
  endfacet
  facet normal -0.358741 0.883302 0.3018
    outer loop
      vertex 35.1512 65.8493 -15
      vertex 34 68.2421 -23.3716
      vertex 33.9841 68.1383 -23.0867
    endloop
  endfacet
  facet normal -0.355324 0.884705 0.301731
    outer loop
      vertex 35.1512 65.8493 -15
      vertex 33.9885 68.309 -23.5813
      vertex 34 68.2421 -23.3716
    endloop
  endfacet
  facet normal -0.360486 0.882583 0.301822
    outer loop
      vertex 35.1512 65.8493 -15
      vertex 33.9726 68.4012 -23.8699
      vertex 33.9885 68.309 -23.5813
    endloop
  endfacet
  facet normal -0.358933 0.883254 0.301711
    outer loop
      vertex 33.9726 68.4012 -23.8699
      vertex 34.4078 94.4002 -99.4639
      vertex 33.9491 68.4406 -24.0132
    endloop
  endfacet
  facet normal -0.358315 0.883477 0.301791
    outer loop
      vertex 34.4078 94.4002 -99.4639
      vertex 33.9726 68.4012 -23.8699
      vertex 35.1512 65.8493 -15
    endloop
  endfacet
  facet normal -0.35832 0.883473 0.301798
    outer loop
      vertex 35.2833 60.7789 0
      vertex 33.8808 64.0375 -11.2043
      vertex 33.8032 60.1786 0
    endloop
  endfacet
  facet normal -0.35827 0.883494 0.301797
    outer loop
      vertex 35.2833 60.7789 0
      vertex 35 64.6077 -11.5449
      vertex 33.8808 64.0375 -11.2043
    endloop
  endfacet
  facet normal -0.358157 0.883536 0.301808
    outer loop
      vertex 35 64.6077 -11.5449
      vertex 35.2833 60.7789 0
      vertex 35.1805 64.7249 -11.6738
    endloop
  endfacet
  facet normal -0.362521 0.881947 0.301243
    outer loop
      vertex 33.8032 60.1786 0
      vertex 33.8808 64.0375 -11.2043
      vertex 33.8713 64.0338 -11.2049
    endloop
  endfacet
  facet normal -0.156203 0.934346 0.320309
    outer loop
      vertex 31.5 69.0962 -27.6687
      vertex 32.6385 93.9547 -99.6261
      vertex 31.2121 69.101 -27.8231
    endloop
  endfacet
  facet normal -0.156424 0.934314 0.320295
    outer loop
      vertex 31.9389 69.0691 -27.3753
      vertex 32.6385 93.9547 -99.6261
      vertex 31.5 69.0962 -27.6687
    endloop
  endfacet
  facet normal -0.156524 0.934299 0.320288
    outer loop
      vertex 32.6385 93.9547 -99.6261
      vertex 31.9389 69.0691 -27.3753
      vertex 32.3416 69.0233 -27.0449
    endloop
  endfacet
  facet normal -0.156403 0.934317 0.320297
    outer loop
      vertex 32.2311 59.7334 0
      vertex 31.4949 63.2622 -10.6531
      vertex 30.6594 59.4703 0
    endloop
  endfacet
  facet normal -0.156451 0.934308 0.320298
    outer loop
      vertex 31.4949 63.2622 -10.6531
      vertex 32.2311 59.7334 0
      vertex 32.2756 63.4714 -10.882
    endloop
  endfacet
  facet normal -0.156304 0.934329 0.32031
    outer loop
      vertex 30.6594 59.4703 0
      vertex 31.4949 63.2622 -10.6531
      vertex 30.8713 63.1635 -10.6695
    endloop
  endfacet
  facet normal -0.156419 0.934314 0.320296
    outer loop
      vertex 32.2924 64.8859 -15
      vertex 31.0424 66.1436 -19.2792
      vertex 30.9574 64.6624 -15
    endloop
  endfacet
  facet normal -0.156516 0.934291 0.320318
    outer loop
      vertex 32.2924 64.8859 -15
      vertex 31.2792 66.218 -19.3805
      vertex 31.0424 66.1436 -19.2792
    endloop
  endfacet
  facet normal -0.156189 0.934364 0.320264
    outer loop
      vertex 32.2924 64.8859 -15
      vertex 31.5 66.2873 -19.475
      vertex 31.2792 66.218 -19.3805
    endloop
  endfacet
  facet normal -0.156466 0.934307 0.320295
    outer loop
      vertex 32.2924 64.8859 -15
      vertex 31.9389 66.4451 -19.7209
      vertex 31.5 66.2873 -19.475
    endloop
  endfacet
  facet normal -0.156527 0.934296 0.320296
    outer loop
      vertex 31.9389 66.4451 -19.7209
      vertex 32.2924 64.8859 -15
      vertex 32.3128 66.599 -19.9871
    endloop
  endfacet
  facet normal -8.87975e-06 -0.342011 0.939696
    outer loop
      vertex 33.8 108.289 -94.5153
      vertex 44.987 116.763 -91.431
      vertex 33.8 111.86 -93.2156
    endloop
  endfacet
  facet normal 0 -0.342029 0.939689
    outer loop
      vertex 29 116.763 -91.431
      vertex 33.8 111.86 -93.2156
      vertex 44.987 116.763 -91.431
    endloop
  endfacet
  facet normal 0 -0.342029 0.939689
    outer loop
      vertex 33.8 111.86 -93.2156
      vertex 29 116.763 -91.431
      vertex 29 111.86 -93.2156
    endloop
  endfacet
  facet normal -6.74068e-06 -0.342014 0.939695
    outer loop
      vertex 44.987 116.763 -91.431
      vertex 33.8 108.289 -94.5153
      vertex 37.75 95.8327 -99.0489
    endloop
  endfacet
  facet normal 0 -0.342012 0.939696
    outer loop
      vertex 29 95.8327 -99.0489
      vertex 33.8 108.289 -94.5153
      vertex 29 108.289 -94.5153
    endloop
  endfacet
  facet normal 0 -0.342012 0.939696
    outer loop
      vertex 33.8 108.289 -94.5153
      vertex 29 95.8327 -99.0489
      vertex 37.75 95.8327 -99.0489
    endloop
  endfacet
  facet normal 0 -0.34202 0.939693
    outer loop
      vertex 37.75 95.8327 -99.0489
      vertex 29 95.8327 -99.0489
      vertex 29 93.6295 -99.8508
    endloop
  endfacet
  facet normal 0 0.342019 -0.939693
    outer loop
      vertex 40.1 64.7116 4.12941
      vertex 40.5187 63.5268 3.69818
      vertex 40.1 63.5268 3.69818
    endloop
  endfacet
  facet normal 0 0.342019 -0.939693
    outer loop
      vertex 40.5187 63.5268 3.69818
      vertex 40.1 64.7116 4.12941
      vertex 41.5398 64.7116 4.12941
    endloop
  endfacet
  facet normal 0 0.342022 -0.939692
    outer loop
      vertex 40.1 64.7116 4.12941
      vertex 41.3451 68.2025 5.4
      vertex 41.5398 64.7116 4.12941
    endloop
  endfacet
  facet normal 0 0.342022 -0.939692
    outer loop
      vertex 41.3451 68.2025 5.4
      vertex 40.1 64.7116 4.12941
      vertex 40.1 68.2025 5.4
    endloop
  endfacet
  facet normal -2.48151e-05 0.342013 -0.939695
    outer loop
      vertex 40.7378 77.4949 8.78218
      vertex 40.6402 80.8409 10
      vertex 40.8752 76.6271 8.46633
    endloop
  endfacet
  facet normal 2.02273e-05 0.342015 -0.939695
    outer loop
      vertex 40.4127 78.7082 9.22377
      vertex 40.6402 80.8409 10
      vertex 40.7378 77.4949 8.78218
    endloop
  endfacet
  facet normal 1.55054e-05 0.342015 -0.939694
    outer loop
      vertex 40.1 79.5228 9.52025
      vertex 40.6402 80.8409 10
      vertex 40.4127 78.7082 9.22377
    endloop
  endfacet
  facet normal 0 0.342021 -0.939692
    outer loop
      vertex 40.6402 80.8409 10
      vertex 40.1 79.5228 9.52025
      vertex 40.1 80.8409 10
    endloop
  endfacet
  facet normal 0.000125886 0.342029 -0.939689
    outer loop
      vertex 41.0539 73.4227 7.3
      vertex 40.9343 73.7457 7.41755
      vertex 40.9835 74.6854 7.75959
    endloop
  endfacet
  facet normal 0 0.341988 -0.939704
    outer loop
      vertex 40.9343 73.7457 7.41755
      vertex 41.0539 73.4227 7.3
      vertex 40.8831 73.4227 7.3
    endloop
  endfacet
  facet normal -0.629296 0.730239 0.265966
    outer loop
      vertex 40.7098 97.8192 -98.2195
      vertex 39.2862 96.7702 -98.7077
      vertex 39.2862 96.736 -98.6138
    endloop
  endfacet
  facet normal -0.629284 0.730339 0.265719
    outer loop
      vertex 40.7098 97.8192 -98.2195
      vertex 40.7098 97.8534 -98.3135
      vertex 39.2862 96.7702 -98.7077
    endloop
  endfacet
  facet normal -1.19929e-05 -0.341998 0.939701
    outer loop
      vertex 44.1554 101.852 -96.8582
      vertex 44.987 103.386 -96.2999
      vertex 42.005 99.0706 -97.8705
    endloop
  endfacet
  facet normal 0 0.342022 -0.939692
    outer loop
      vertex 41.5398 68.2025 5.4
      vertex 41.5398 64.7116 4.12941
      vertex 41.3451 68.2025 5.4
    endloop
  endfacet
  facet normal 2.28533e-05 0.342032 -0.939688
    outer loop
      vertex 41.5398 73.4227 7.3
      vertex 40.9835 74.6854 7.75959
      vertex 41 75 7.8741
    endloop
  endfacet
  facet normal 0 0.342023 -0.939691
    outer loop
      vertex 40.9835 74.6854 7.75959
      vertex 41.5398 73.4227 7.3
      vertex 41.0539 73.4227 7.3
    endloop
  endfacet
  facet normal 1.13266e-05 0.342029 -0.93969
    outer loop
      vertex 40.9343 76.2543 8.33064
      vertex 41.5398 73.4227 7.3
      vertex 41 75 7.8741
    endloop
  endfacet
  facet normal -3.63281e-05 0.34202 -0.939693
    outer loop
      vertex 41.5398 73.4227 7.3
      vertex 40.9343 76.2543 8.33064
      vertex 41.5398 80.8409 10
    endloop
  endfacet
  facet normal -3.47014e-05 0.34202 -0.939693
    outer loop
      vertex 40.8752 76.6271 8.46633
      vertex 41.5398 80.8409 10
      vertex 40.9343 76.2543 8.33064
    endloop
  endfacet
  facet normal 0 0.342015 -0.939695
    outer loop
      vertex 41.5398 80.8409 10
      vertex 40.8752 76.6271 8.46633
      vertex 40.6402 80.8409 10
    endloop
  endfacet
  facet normal -0.890934 -0.427056 -0.154467
    outer loop
      vertex 44.987 116.763 -91.431
      vertex 44.987 116.729 -91.337
      vertex 44.1554 118.262 -90.7788
    endloop
  endfacet
  facet normal -0.00112379 -0.341877 0.939744
    outer loop
      vertex 46.1176 106.655 -95.1099
      vertex 46.4041 108.355 -94.4911
      vertex 45.6435 104.993 -95.7151
    endloop
  endfacet
  facet normal -8.90174e-06 0.342018 -0.939694
    outer loop
      vertex 43.16 79.197 9.40168
      vertex 43.7414 77.7737 8.88364
      vertex 42.4234 80.5554 9.8961
    endloop
  endfacet
  facet normal 1.38721e-05 0.342018 -0.939693
    outer loop
      vertex 44.1613 76.3011 8.34765
      vertex 44.5 73.2728 7.24545
      vertex 44.1613 70.2445 6.14324
    endloop
  endfacet
  facet normal -0.933573 -0.33702 -0.121901
    outer loop
      vertex 45.6435 115.156 -92.0159
      vertex 45.6435 115.122 -91.9219
      vertex 44.987 116.763 -91.431
    endloop
  endfacet
  facet normal -0.838515 0.518075 0.168795
    outer loop
      vertex 42.4565 67.5408 0
      vertex 43.1578 100.374 -97.2896
      vertex 41.6056 66.1636 0
    endloop
  endfacet
  facet normal -0.838537 0.518046 0.168773
    outer loop
      vertex 41.5658 65.2845 2.5
      vertex 42.4234 65.9902 4.59479
      vertex 42.4385 66.6971 2.5
    endloop
  endfacet
  facet normal -0.838532 0.518055 0.168768
    outer loop
      vertex 42.4234 65.9902 4.59479
      vertex 41.5658 65.2845 2.5
      vertex 41.5398 64.7116 4.12941
    endloop
  endfacet
  facet normal -0.838599 0.517952 0.168753
    outer loop
      vertex 43.1578 100.374 -97.2896
      vertex 42.5019 67.6143 0
      vertex 44.1554 101.818 -96.7642
    endloop
  endfacet
  facet normal -0.83858 0.51798 0.168763
    outer loop
      vertex 42.5019 67.6143 0
      vertex 43.1578 100.374 -97.2896
      vertex 42.4565 67.5408 0
    endloop
  endfacet
  facet normal -0.838491 0.518112 0.168796
    outer loop
      vertex 42.4592 66.7306 2.5
      vertex 42.4385 66.6971 2.5
      vertex 42.4234 65.9902 4.59479
    endloop
  endfacet
  facet normal -0.965772 0.249478 0.0710346
    outer loop
      vertex 45.6435 104.958 -95.6211
      vertex 44.2801 72.4536 0
      vertex 46.1176 106.621 -95.0159
    endloop
  endfacet
  facet normal -0.965815 0.249325 0.0709819
    outer loop
      vertex 44.2801 72.4536 0
      vertex 45.6435 104.958 -95.6211
      vertex 44.2508 72.3401 0
    endloop
  endfacet
  facet normal -0.966094 0.248342 0.0706349
    outer loop
      vertex 44.2317 71.5546 2.5
      vertex 44.2144 71.4873 2.5
      vertex 44.1613 70.2445 6.14324
    endloop
  endfacet
  facet normal -0.965749 0.249558 0.0710624
    outer loop
      vertex 44.2508 72.3401 0
      vertex 45.6435 104.958 -95.6211
      vertex 43.8467 70.7763 0
    endloop
  endfacet
  facet normal -0.965756 0.249534 0.0710465
    outer loop
      vertex 43.7998 69.8827 2.5
      vertex 44.1613 70.2445 6.14324
      vertex 44.2144 71.4873 2.5
    endloop
  endfacet
  facet normal -0.96576 0.249519 0.0710484
    outer loop
      vertex 44.1613 70.2445 6.14324
      vertex 43.7998 69.8827 2.5
      vertex 43.7414 68.7719 5.60725
    endloop
  endfacet
  facet normal -0.987691 0.147089 0.0532025
    outer loop
      vertex 46.1176 106.655 -95.1099
      vertex 46.4041 108.321 -94.3971
      vertex 46.4041 108.355 -94.4911
    endloop
  endfacet
  facet normal -0.987691 0.147089 0.0532025
    outer loop
      vertex 46.4041 108.321 -94.3971
      vertex 46.1176 106.655 -95.1099
      vertex 46.1176 106.621 -95.0159
    endloop
  endfacet
  facet normal -0.258592 -0.908391 -0.328567
    outer loop
      vertex 34.4078 125.714 -88.1731
      vertex 34.4078 125.68 -88.0791
      vertex 32.6385 126.125 -87.9169
    endloop
  endfacet
  facet normal 0 -0.342026 0.939691
    outer loop
      vertex 42.005 121.078 -89.8605
      vertex 29 126.519 -87.8801
      vertex 29 121.078 -89.8605
    endloop
  endfacet
  facet normal -7.84016e-05 -0.342191 0.93963
    outer loop
      vertex 42.005 121.078 -89.8605
      vertex 32.6385 126.159 -88.0109
      vertex 29 126.519 -87.8801
    endloop
  endfacet
  facet normal 0.000281243 -0.341468 0.939893
    outer loop
      vertex 37.75 124.316 -88.682
      vertex 34.4078 125.714 -88.1731
      vertex 32.6385 126.159 -88.0109
    endloop
  endfacet
  facet normal -0.707 -0.65798 -0.259256
    outer loop
      vertex 40.7098 122.261 -89.3235
      vertex 40.5393 87.2492 0
      vertex 39.5205 88.3439 0
    endloop
  endfacet
  facet normal -0.706943 -0.658037 -0.259267
    outer loop
      vertex 40.5346 86.2693 2.5
      vertex 40.1 85.5936 5.4
      vertex 40.1 86.7362 2.5
    endloop
  endfacet
  facet normal -0.707027 -0.657949 -0.259259
    outer loop
      vertex 40.1 85.5936 5.4
      vertex 40.5346 86.2693 2.5
      vertex 40.529 85.1326 5.4
    endloop
  endfacet
  facet normal -0.70693 -0.658049 -0.259271
    outer loop
      vertex 40.5254 84.3879 7.3
      vertex 40.1 83.7811 10
      vertex 40.1 84.8449 7.3
    endloop
  endfacet
  facet normal -0.706915 -0.658065 -0.259272
    outer loop
      vertex 40.1 83.7811 10
      vertex 40.5254 84.3879 7.3
      vertex 40.5203 83.3296 10
    endloop
  endfacet
  facet normal -0.706963 -0.658014 -0.259269
    outer loop
      vertex 42.005 121.044 -89.7665
      vertex 40.5393 87.2492 0
      vertex 40.7098 122.261 -89.3235
    endloop
  endfacet
  facet normal -0.706869 -0.658103 -0.259301
    outer loop
      vertex 40.5393 87.2492 0
      vertex 42.005 121.044 -89.7665
      vertex 40.6783 87.0999 0
    endloop
  endfacet
  facet normal -0.707154 -0.657832 -0.259213
    outer loop
      vertex 40.6413 86.1546 2.5
      vertex 40.529 85.1326 5.4
      vertex 40.5346 86.2693 2.5
    endloop
  endfacet
  facet normal -0.707138 -0.657847 -0.259218
    outer loop
      vertex 40.529 85.1326 5.4
      vertex 40.6413 86.1546 2.5
      vertex 40.5984 85.058 5.4
    endloop
  endfacet
  facet normal -0.706619 -0.65834 -0.25938
    outer loop
      vertex 40.5704 84.3396 7.3
      vertex 40.5203 83.3296 10
      vertex 40.5254 84.3879 7.3
    endloop
  endfacet
  facet normal -0.708282 -0.65677 -0.258823
    outer loop
      vertex 40.5203 83.3296 10
      vertex 40.5704 84.3396 7.3
      vertex 40.5305 83.3186 10
    endloop
  endfacet
  facet normal -0.453906 0.843484 0.287235
    outer loop
      vertex 37.75 95.7985 -98.955
      vertex 35.4437 65.9679 -15
      vertex 35.7243 66.1189 -15
    endloop
  endfacet
  facet normal -0.45389 0.843491 0.287238
    outer loop
      vertex 35.4437 65.9679 -15
      vertex 37.75 95.7985 -98.955
      vertex 36.1179 95.0171 -99.2394
    endloop
  endfacet
  facet normal -0.45253 0.844143 0.287469
    outer loop
      vertex 35.3624 60.8161 0
      vertex 35.4184 64.8794 -11.8436
      vertex 35.3236 60.7953 0
    endloop
  endfacet
  facet normal -0.453877 0.843498 0.287241
    outer loop
      vertex 35.4184 64.8794 -11.8436
      vertex 35.3624 60.8161 0
      vertex 35.65 65.0298 -11.9193
    endloop
  endfacet
  facet normal 0.355047 -0.879 -0.318278
    outer loop
      vertex 33.9491 68.4406 -24.0132
      vertex 33.8907 68.5453 -24.3675
      vertex 33.9255 68.4831 -24.1569
    endloop
  endfacet
  facet normal -0.622366 -0.764301 0.168833
    outer loop
      vertex 33.5677 68.7861 -25.3378
      vertex 33.3301 68.8773 -25.8008
      vertex 33.4634 68.8261 -25.5412
    endloop
  endfacet
  facet normal 0.783278 -0.2871 -0.551407
    outer loop
      vertex 33.3301 68.8773 -25.8008
      vertex 33.0451 68.9477 -26.2423
      vertex 33.1728 68.9162 -26.0445
    endloop
  endfacet
  facet normal 0.321858 0.935566 -0.145336
    outer loop
      vertex 33.0451 68.9477 -26.2423
      vertex 32.8374 68.9785 -26.504
      vertex 32.8948 68.97 -26.4316
    endloop
  endfacet
  facet normal -0.258683 0.913893 0.312863
    outer loop
      vertex 33.0451 68.9477 -26.2423
      vertex 34.4078 94.4002 -99.4639
      vertex 32.8374 68.9785 -26.504
    endloop
  endfacet
  facet normal -0.258895 0.91384 0.312841
    outer loop
      vertex 33.3301 68.8773 -25.8008
      vertex 34.4078 94.4002 -99.4639
      vertex 33.0451 68.9477 -26.2423
    endloop
  endfacet
  facet normal -0.258856 0.91385 0.312845
    outer loop
      vertex 33.5677 68.7861 -25.3378
      vertex 34.4078 94.4002 -99.4639
      vertex 33.3301 68.8773 -25.8008
    endloop
  endfacet
  facet normal -0.258464 0.913948 0.312883
    outer loop
      vertex 33.7553 68.675 -24.8583
      vertex 34.4078 94.4002 -99.4639
      vertex 33.5677 68.7861 -25.3378
    endloop
  endfacet
  facet normal -0.258651 0.913901 0.312865
    outer loop
      vertex 33.8907 68.5453 -24.3675
      vertex 34.4078 94.4002 -99.4639
      vertex 33.7553 68.675 -24.8583
    endloop
  endfacet
  facet normal -0.259534 0.913679 0.312783
    outer loop
      vertex 34.4078 94.4002 -99.4639
      vertex 33.8907 68.5453 -24.3675
      vertex 33.9491 68.4406 -24.0132
    endloop
  endfacet
  facet normal -0.258777 0.913869 0.312854
    outer loop
      vertex 33.8032 60.1786 0
      vertex 32.7082 63.5873 -10.8628
      vertex 32.267 59.7436 0
    endloop
  endfacet
  facet normal -0.258802 0.913862 0.312854
    outer loop
      vertex 32.7082 63.5873 -10.8628
      vertex 33.8032 60.1786 0
      vertex 33.8713 64.0338 -11.2049
    endloop
  endfacet
  facet normal -0.258684 0.913892 0.312865
    outer loop
      vertex 32.267 59.7436 0
      vertex 32.7082 63.5873 -10.8628
      vertex 32.501 63.5318 -10.872
    endloop
  endfacet
  facet normal -0.258783 0.913868 0.312852
    outer loop
      vertex 33.8943 65.3395 -15
      vertex 32.7042 66.8223 -20.3158
      vertex 32.5898 64.9701 -15
    endloop
  endfacet
  facet normal -0.258086 0.914097 0.31276
    outer loop
      vertex 33.8943 65.3395 -15
      vertex 32.7157 66.8289 -20.3256
      vertex 32.7042 66.8223 -20.3158
    endloop
  endfacet
  facet normal -0.258775 0.913871 0.31285
    outer loop
      vertex 33.8943 65.3395 -15
      vertex 33.0451 67.0436 -20.6803
      vertex 32.7157 66.8289 -20.3256
    endloop
  endfacet
  facet normal -0.258927 0.913825 0.312858
    outer loop
      vertex 33.8943 65.3395 -15
      vertex 33.3301 67.2576 -21.0695
      vertex 33.0451 67.0436 -20.6803
    endloop
  endfacet
  facet normal -0.258795 0.913863 0.312858
    outer loop
      vertex 33.8943 65.3395 -15
      vertex 33.5677 67.4685 -21.489
      vertex 33.3301 67.2576 -21.0695
    endloop
  endfacet
  facet normal -0.258776 0.913868 0.312859
    outer loop
      vertex 33.8943 65.3395 -15
      vertex 33.7553 67.674 -21.9341
      vertex 33.5677 67.4685 -21.489
    endloop
  endfacet
  facet normal -0.258342 0.913981 0.312888
    outer loop
      vertex 33.8943 65.3395 -15
      vertex 33.8907 67.8718 -22.4001
      vertex 33.7553 67.674 -21.9341
    endloop
  endfacet
  facet normal -0.25979 0.913613 0.312763
    outer loop
      vertex 33.8907 67.8718 -22.4001
      vertex 33.8943 65.3395 -15
      vertex 33.9411 67.9876 -22.6965
    endloop
  endfacet
  facet normal -7.82827e-05 0.342066 -0.939676
    outer loop
      vertex 40.1 63.2712 3.60517
      vertex 40.5187 63.5268 3.69818
      vertex 40.1 63.2081 3.5822
    endloop
  endfacet
  facet normal 0 0.341953 -0.939717
    outer loop
      vertex 40.1 63.5268 3.69818
      vertex 40.5187 63.5268 3.69818
      vertex 40.1 63.2712 3.60517
    endloop
  endfacet
  facet normal 6.23047e-05 0.342047 -0.939683
    outer loop
      vertex 42.0783 80.8409 10
      vertex 42.4234 80.5554 9.8961
      vertex 43.7414 77.7737 8.88364
    endloop
  endfacet
  facet normal 0 0.341981 -0.939707
    outer loop
      vertex 42.4234 80.5554 9.8961
      vertex 42.0783 80.8409 10
      vertex 42.2261 80.8409 10
    endloop
  endfacet
  facet normal -0.00172318 -0.342971 0.939344
    outer loop
      vertex 44.987 116.763 -91.431
      vertex 44.1554 118.296 -90.8728
      vertex 43.1578 119.74 -90.3474
    endloop
  endfacet
  facet normal -0.965751 -0.236843 -0.105972
    outer loop
      vertex 46.1176 113.459 -92.5271
      vertex 44.3232 79.376 0
      vertex 43.9495 80.8998 0
    endloop
  endfacet
  facet normal -0.965764 -0.236797 -0.105958
    outer loop
      vertex 44.2747 78.4551 2.5
      vertex 43.7414 77.7737 8.88364
      vertex 43.891 80.02 2.5
    endloop
  endfacet
  facet normal -0.96576 -0.236812 -0.105959
    outer loop
      vertex 43.7414 77.7737 8.88364
      vertex 44.2747 78.4551 2.5
      vertex 44.1613 76.3011 8.34765
    endloop
  endfacet
  facet normal -0.933573 -0.33702 -0.121901
    outer loop
      vertex 44.987 116.763 -91.431
      vertex 45.6435 115.122 -91.9219
      vertex 44.987 116.729 -91.337
    endloop
  endfacet
  facet normal -0.838597 -0.505249 -0.203664
    outer loop
      vertex 44.1554 118.262 -90.7788
      vertex 41.7064 85.7341 0
      vertex 43.1578 119.706 -90.2534
    endloop
  endfacet
  facet normal -0.838546 -0.505323 -0.203689
    outer loop
      vertex 41.7064 85.7341 0
      vertex 44.1554 118.262 -90.7788
      vertex 41.8077 85.566 0
    endloop
  endfacet
  facet normal -0.838523 -0.505348 -0.203723
    outer loop
      vertex 41.7431 84.6655 2.5
      vertex 41.6195 83.7015 5.4
      vertex 41.6662 84.7931 2.5
    endloop
  endfacet
  facet normal -0.838095 -0.50598 -0.203915
    outer loop
      vertex 41.6195 83.7015 5.4
      vertex 41.7431 84.6655 2.5
      vertex 41.6681 83.621 5.4
    endloop
  endfacet
  facet normal -0.838959 -0.504726 -0.203468
    outer loop
      vertex 41.6189 82.9367 7.3
      vertex 41.5456 81.9701 10
      vertex 41.589 82.9864 7.3
    endloop
  endfacet
  facet normal -0.842367 -0.499709 -0.201765
    outer loop
      vertex 41.5456 81.9701 10
      vertex 41.6189 82.9367 7.3
      vertex 41.5491 81.9642 10
    endloop
  endfacet
  facet normal -0.777015 -0.584908 -0.232658
    outer loop
      vertex 43.1578 119.706 -90.2534
      vertex 41.7064 85.7341 0
      vertex 40.8006 86.9374 0
    endloop
  endfacet
  facet normal -0.777007 -0.584923 -0.23265
    outer loop
      vertex 41.6662 84.7931 2.5
      vertex 40.6596 84.9768 5.4
      vertex 40.7353 86.0297 2.5
    endloop
  endfacet
  facet normal -0.777043 -0.584869 -0.232666
    outer loop
      vertex 40.6596 84.9768 5.4
      vertex 41.6662 84.7931 2.5
      vertex 41.6195 83.7015 5.4
    endloop
  endfacet
  facet normal -0.777005 -0.584919 -0.232665
    outer loop
      vertex 41.589 82.9864 7.3
      vertex 40.5394 83.3067 10
      vertex 40.61 84.2869 7.3
    endloop
  endfacet
  facet normal -0.776999 -0.584929 -0.232661
    outer loop
      vertex 40.5394 83.3067 10
      vertex 41.589 82.9864 7.3
      vertex 41.5456 81.9701 10
    endloop
  endfacet
  facet normal -0.62921 -0.7238 -0.283212
    outer loop
      vertex 40.7098 122.261 -89.3235
      vertex 39.5205 88.3439 0
      vertex 38.4079 89.3111 0
    endloop
  endfacet
  facet normal -0.629238 -0.723779 -0.283202
    outer loop
      vertex 39.2862 123.344 -88.9293
      vertex 38.4079 89.3111 0
      vertex 38.2456 89.4522 0
    endloop
  endfacet
  facet normal -0.629114 -0.723873 -0.283237
    outer loop
      vertex 38.4079 89.3111 0
      vertex 39.2862 123.344 -88.9293
      vertex 40.7098 122.261 -89.3235
    endloop
  endfacet
  facet normal -0.998456 0.0555394 0.00044716
    outer loop
      vertex 46.4041 108.321 -94.3971
      vertex 44.6435 75.9099 0
      vertex 46.5 110.04 -93.7715
    endloop
  endfacet
  facet normal -0.998422 0.0561478 0.000656676
    outer loop
      vertex 44.6435 75.9099 0
      vertex 46.4041 108.321 -94.3971
      vertex 44.6357 75.7712 0
    endloop
  endfacet
  facet normal -0.99843 0.0560175 0.000611332
    outer loop
      vertex 44.594 75 2.5
      vertex 44.5889 74.9091 2.5
      vertex 44.5 73.2728 7.24545
    endloop
  endfacet
  facet normal 2.32296e-05 0.342018 -0.939693
    outer loop
      vertex 44.1613 76.3011 8.34765
      vertex 44.1613 70.2445 6.14324
      vertex 43.7414 68.7719 5.60725
    endloop
  endfacet
  facet normal -0.998629 0.0492312 0.017807
    outer loop
      vertex 46.5 110.04 -93.7715
      vertex 46.4041 108.355 -94.4911
      vertex 46.4041 108.321 -94.3971
    endloop
  endfacet
  facet normal -0.998629 0.0492312 0.017807
    outer loop
      vertex 46.5 110.04 -93.7715
      vertex 46.5 110.074 -93.8655
      vertex 46.4041 108.355 -94.4911
    endloop
  endfacet
  facet normal 8.90174e-06 0.342018 -0.939694
    outer loop
      vertex 43.7414 68.7719 5.60725
      vertex 43.16 67.3486 5.08921
      vertex 42.4234 65.9902 4.59479
    endloop
  endfacet
  facet normal -0.890779 0.433026 0.137843
    outer loop
      vertex 44.1554 101.818 -96.7642
      vertex 42.5403 67.6932 0
      vertex 44.987 103.351 -96.206
    endloop
  endfacet
  facet normal -0.890561 0.433429 0.137988
    outer loop
      vertex 42.5403 67.6932 0
      vertex 44.1554 101.818 -96.7642
      vertex 42.5019 67.6143 0
    endloop
  endfacet
  facet normal -0.890785 0.43302 0.137827
    outer loop
      vertex 42.4767 66.7666 2.5
      vertex 42.4592 66.7306 2.5
      vertex 42.4234 65.9902 4.59479
    endloop
  endfacet
  facet normal -0.987519 0.153322 0.0360363
    outer loop
      vertex 44.5467 74.171 0
      vertex 46.4041 108.321 -94.3971
      vertex 44.2983 72.5711 0
    endloop
  endfacet
  facet normal -0.987518 0.153332 0.0360334
    outer loop
      vertex 44.2426 71.6243 2.5
      vertex 44.4151 71.7503 6.69131
      vertex 44.4976 73.2666 2.5
    endloop
  endfacet
  facet normal -0.987518 0.153329 0.0360335
    outer loop
      vertex 44.4151 71.7503 6.69131
      vertex 44.2426 71.6243 2.5
      vertex 44.1613 70.2445 6.14324
    endloop
  endfacet
  facet normal -0.987521 0.153311 0.036032
    outer loop
      vertex 46.1176 106.621 -95.0159
      vertex 44.2983 72.5711 0
      vertex 46.4041 108.321 -94.3971
    endloop
  endfacet
  facet normal -0.987578 0.15297 0.0359087
    outer loop
      vertex 44.2983 72.5711 0
      vertex 46.1176 106.621 -95.0159
      vertex 44.2801 72.4536 0
    endloop
  endfacet
  facet normal -0.987335 0.154404 0.0364445
    outer loop
      vertex 44.2426 71.6243 2.5
      vertex 44.2317 71.5546 2.5
      vertex 44.1613 70.2445 6.14324
    endloop
  endfacet
  facet normal -0.258559 -0.901217 -0.347786
    outer loop
      vertex 32.6385 126.125 -87.9169
      vertex 33.8654 91.8452 0
      vertex 33.6486 91.9074 0
    endloop
  endfacet
  facet normal -0.258551 -0.901219 -0.347787
    outer loop
      vertex 33.8654 91.8452 0
      vertex 32.6385 126.125 -87.9169
      vertex 34.4078 125.68 -88.0791
    endloop
  endfacet
  facet normal -0.258777 -0.901163 -0.347763
    outer loop
      vertex 32.6385 126.125 -87.9169
      vertex 33.6486 91.9074 0
      vertex 32.2741 92.3021 0
    endloop
  endfacet
  facet normal -0.358307 -0.870773 -0.336706
    outer loop
      vertex 34.4078 125.68 -88.0791
      vertex 35.1962 91.2976 0
      vertex 33.8654 91.8452 0
    endloop
  endfacet
  facet normal -0.0522957 -0.939089 -0.339671
    outer loop
      vertex 30.8292 126.429 -87.9129
      vertex 30.8292 126.395 -87.8189
      vertex 29 126.519 -87.8801
    endloop
  endfacet
  facet normal -0.358132 -0.870835 -0.336732
    outer loop
      vertex 34.4078 125.68 -88.0791
      vertex 35.4024 91.2128 0
      vertex 35.1962 91.2976 0
    endloop
  endfacet
  facet normal -0.358366 -0.870752 -0.336697
    outer loop
      vertex 35.4024 91.2128 0
      vertex 34.4078 125.68 -88.0791
      vertex 36.1179 125.063 -88.3036
    endloop
  endfacet
  facet normal -0.258592 -0.908391 -0.328567
    outer loop
      vertex 32.6385 126.159 -88.0109
      vertex 34.4078 125.714 -88.1731
      vertex 32.6385 126.125 -87.9169
    endloop
  endfacet
  facet normal 0.0001129 -0.34188 0.939744
    outer loop
      vertex 42.005 121.078 -89.8605
      vertex 37.75 124.316 -88.682
      vertex 32.6385 126.159 -88.0109
    endloop
  endfacet
  facet normal -0.629222 -0.730795 -0.264611
    outer loop
      vertex 39.2862 123.378 -89.0232
      vertex 40.7098 122.261 -89.3235
      vertex 39.2862 123.344 -88.9293
    endloop
  endfacet
  facet normal 0.000268124 -0.341801 0.939772
    outer loop
      vertex 42.005 121.078 -89.8605
      vertex 40.7098 122.295 -89.4175
      vertex 39.2862 123.378 -89.0232
    endloop
  endfacet
  facet normal -0.544394 0.794401 0.269373
    outer loop
      vertex 39.2862 96.736 -98.6138
      vertex 36.9237 66.7644 -15
      vertex 37.1922 66.9484 -15
    endloop
  endfacet
  facet normal -0.54456 0.794301 0.269333
    outer loop
      vertex 36.9237 66.7644 -15
      vertex 39.2862 96.736 -98.6138
      vertex 37.75 95.7985 -98.955
    endloop
  endfacet
  facet normal -0.544593 0.79428 0.269328
    outer loop
      vertex 36.8165 61.6046 0
      vertex 36.9014 65.9785 -12.7275
      vertex 36.7761 61.5769 0
    endloop
  endfacet
  facet normal -0.544434 0.794378 0.269362
    outer loop
      vertex 36.8165 61.6046 0
      vertex 37.0296 66.0823 -12.7745
      vertex 36.9014 65.9785 -12.7275
    endloop
  endfacet
  facet normal -0.544634 0.794256 0.269316
    outer loop
      vertex 37.0296 66.0823 -12.7745
      vertex 36.8165 61.6046 0
      vertex 37.139 66.1917 -12.8759
    endloop
  endfacet
  facet normal -0.544523 0.794323 0.269342
    outer loop
      vertex 38.3185 67.7205 -15
      vertex 39.2862 96.736 -98.6138
      vertex 37.1922 66.9484 -15
    endloop
  endfacet
  facet normal -0.544547 0.794308 0.269337
    outer loop
      vertex 38.1449 62.5153 0
      vertex 37.139 66.1917 -12.8759
      vertex 36.8165 61.6046 0
    endloop
  endfacet
  facet normal -0.544526 0.794322 0.269339
    outer loop
      vertex 38.1449 62.5153 0
      vertex 37.9177 66.9704 -13.5981
      vertex 37.139 66.1917 -12.8759
    endloop
  endfacet
  facet normal -0.544611 0.794269 0.269323
    outer loop
      vertex 37.9177 66.9704 -13.5981
      vertex 38.1449 62.5153 0
      vertex 38.3096 67.4544 -14.233
    endloop
  endfacet
  facet normal -0.838742 -0.512062 -0.185214
    outer loop
      vertex 44.1554 118.296 -90.8728
      vertex 44.1554 118.262 -90.7788
      vertex 43.1578 119.74 -90.3474
    endloop
  endfacet
  facet normal -0.890934 -0.427056 -0.154467
    outer loop
      vertex 44.1554 118.296 -90.8728
      vertex 44.987 116.763 -91.431
      vertex 44.1554 118.262 -90.7788
    endloop
  endfacet
  facet normal -0.838742 -0.512062 -0.185214
    outer loop
      vertex 43.1578 119.74 -90.3474
      vertex 44.1554 118.262 -90.7788
      vertex 43.1578 119.706 -90.2534
    endloop
  endfacet
  facet normal -0.777199 -0.591736 -0.214032
    outer loop
      vertex 43.1578 119.74 -90.3474
      vertex 42.005 121.044 -89.7665
      vertex 42.005 121.078 -89.8605
    endloop
  endfacet
  facet normal -0.777199 -0.591736 -0.214032
    outer loop
      vertex 42.005 121.044 -89.7665
      vertex 43.1578 119.74 -90.3474
      vertex 43.1578 119.706 -90.2534
    endloop
  endfacet
  facet normal -0.987691 -0.147092 -0.0532035
    outer loop
      vertex 46.1176 113.493 -92.6211
      vertex 46.4041 111.793 -93.2398
      vertex 46.1176 113.459 -92.5271
    endloop
  endfacet
  facet normal 2.74106e-05 0.342031 -0.939689
    outer loop
      vertex 42.0103 80.8409 10
      vertex 43.7414 77.7737 8.88364
      vertex 44.1613 76.3011 8.34765
    endloop
  endfacet
  facet normal 0 0.342018 -0.939694
    outer loop
      vertex 43.7414 77.7737 8.88364
      vertex 42.0103 80.8409 10
      vertex 42.0783 80.8409 10
    endloop
  endfacet
  facet normal -0.838507 -0.50538 -0.203709
    outer loop
      vertex 44.1554 118.262 -90.7788
      vertex 42.5937 84.2619 0
      vertex 41.8077 85.566 0
    endloop
  endfacet
  facet normal -0.838497 -0.505395 -0.203713
    outer loop
      vertex 42.4681 81.5278 7.3
      vertex 41.5491 81.9642 10
      vertex 41.6189 82.9367 7.3
    endloop
  endfacet
  facet normal -0.838514 -0.505363 -0.203724
    outer loop
      vertex 42.4681 81.5278 7.3
      vertex 42.2261 80.8409 10
      vertex 41.5491 81.9642 10
    endloop
  endfacet
  facet normal -0.838527 -0.505342 -0.20372
    outer loop
      vertex 42.2261 80.8409 10
      vertex 42.4681 81.5278 7.3
      vertex 42.4234 80.5554 9.8961
    endloop
  endfacet
  facet normal -0.83853 -0.505346 -0.203698
    outer loop
      vertex 42.5506 83.3256 2.5
      vertex 41.6681 83.621 5.4
      vertex 41.7431 84.6655 2.5
    endloop
  endfacet
  facet normal -0.838538 -0.505332 -0.203702
    outer loop
      vertex 41.6681 83.621 5.4
      vertex 42.5506 83.3256 2.5
      vertex 42.5007 82.2394 5.4
    endloop
  endfacet
  facet normal -0.965771 -0.236773 -0.105947
    outer loop
      vertex 46.1176 113.459 -92.5271
      vertex 43.909 81.065 0
      vertex 45.6435 115.122 -91.9219
    endloop
  endfacet
  facet normal -0.965773 -0.236766 -0.105945
    outer loop
      vertex 43.909 81.065 0
      vertex 46.1176 113.459 -92.5271
      vertex 43.9495 80.8998 0
    endloop
  endfacet
  facet normal -0.965611 -0.237339 -0.106145
    outer loop
      vertex 43.8618 80.1388 2.5
      vertex 43.891 80.02 2.5
      vertex 43.7414 77.7737 8.88364
    endloop
  endfacet
  facet normal -0.453921 -0.830771 -0.322141
    outer loop
      vertex 37.75 124.281 -88.588
      vertex 36.8679 90.412 0
      vertex 35.5981 91.1058 0
    endloop
  endfacet
  facet normal -0.890852 0.432893 0.137791
    outer loop
      vertex 43.2518 69.1574 0
      vertex 44.987 103.351 -96.206
      vertex 42.5403 67.6932 0
    endloop
  endfacet
  facet normal -0.890855 0.432886 0.137796
    outer loop
      vertex 42.4767 66.7666 2.5
      vertex 43.16 67.3486 5.08921
      vertex 43.2067 68.2689 2.5
    endloop
  endfacet
  facet normal -0.890843 0.432914 0.137786
    outer loop
      vertex 43.16 67.3486 5.08921
      vertex 42.4767 66.7666 2.5
      vertex 42.4234 65.9902 4.59479
    endloop
  endfacet
  facet normal -0.933425 0.343036 0.105087
    outer loop
      vertex 43.81 70.6763 0
      vertex 44.987 103.351 -96.206
      vertex 43.2518 69.1574 0
    endloop
  endfacet
  facet normal -0.933421 0.343047 0.105092
    outer loop
      vertex 43.2067 68.2689 2.5
      vertex 43.7414 68.7719 5.60725
      vertex 43.7794 69.8272 2.5
    endloop
  endfacet
  facet normal -0.933423 0.34304 0.105094
    outer loop
      vertex 43.7414 68.7719 5.60725
      vertex 43.2067 68.2689 2.5
      vertex 43.16 67.3486 5.08921
    endloop
  endfacet
  facet normal 0.000830394 -0.342268 0.939602
    outer loop
      vertex 45.6435 104.993 -95.7151
      vertex 46.4041 108.355 -94.4911
      vertex 44.987 103.386 -96.2999
    endloop
  endfacet
  facet normal -0.000136493 -0.342024 0.939691
    outer loop
      vertex 46.4041 108.355 -94.4911
      vertex 44.987 116.763 -91.431
      vertex 44.987 103.386 -96.2999
    endloop
  endfacet
  facet normal -0.358428 -0.877895 -0.317537
    outer loop
      vertex 34.4078 125.714 -88.1731
      vertex 36.1179 125.063 -88.3036
      vertex 34.4078 125.68 -88.0791
    endloop
  endfacet
  facet normal -0.000401097 -0.342908 0.939369
    outer loop
      vertex 37.75 124.316 -88.682
      vertex 36.1179 125.097 -88.3976
      vertex 34.4078 125.714 -88.1731
    endloop
  endfacet
  facet normal -0.629233 -0.730876 -0.264359
    outer loop
      vertex 40.7098 122.295 -89.4175
      vertex 40.7098 122.261 -89.3235
      vertex 39.2862 123.378 -89.0232
    endloop
  endfacet
  facet normal -0.707084 -0.664967 -0.24052
    outer loop
      vertex 40.7098 122.295 -89.4175
      vertex 42.005 121.078 -89.8605
      vertex 40.7098 122.261 -89.3235
    endloop
  endfacet
  facet normal -0.987521 -0.140603 -0.0709433
    outer loop
      vertex 46.4041 111.759 -93.1459
      vertex 44.3232 79.376 0
      vertex 46.1176 113.459 -92.5271
    endloop
  endfacet
  facet normal -0.987502 -0.140716 -0.0709822
    outer loop
      vertex 44.3232 79.376 0
      vertex 46.4041 111.759 -93.1459
      vertex 44.3458 79.2174 0
    endloop
  endfacet
  facet normal -0.987548 -0.140443 -0.0708837
    outer loop
      vertex 44.2747 78.4551 2.5
      vertex 44.2905 78.344 2.5
      vertex 44.1613 76.3011 8.34765
    endloop
  endfacet
  facet normal -0.998459 -0.0427849 -0.0353399
    outer loop
      vertex 46.4041 111.759 -93.1459
      vertex 44.6374 76.0504 0
      vertex 44.5688 77.6513 0
    endloop
  endfacet
  facet normal -0.998457 -0.0428223 -0.0353491
    outer loop
      vertex 44.59 75.092 2.5
      vertex 44.4151 74.7953 7.79959
      vertex 44.5195 76.7358 2.5
    endloop
  endfacet
  facet normal -0.998458 -0.0428118 -0.0353485
    outer loop
      vertex 44.4151 74.7953 7.79959
      vertex 44.59 75.092 2.5
      vertex 44.5 73.2728 7.24545
    endloop
  endfacet
  facet normal -0.933412 -0.330362 -0.140011
    outer loop
      vertex 45.6435 115.122 -91.9219
      vertex 43.8518 81.2267 0
      vertex 44.987 116.729 -91.337
    endloop
  endfacet
  facet normal -0.933474 -0.330209 -0.139956
    outer loop
      vertex 43.8518 81.2267 0
      vertex 45.6435 115.122 -91.9219
      vertex 43.909 81.065 0
    endloop
  endfacet
  facet normal -0.933489 -0.330176 -0.139934
    outer loop
      vertex 43.8207 80.255 2.5
      vertex 43.8618 80.1388 2.5
      vertex 43.7414 77.7737 8.88364
    endloop
  endfacet
  facet normal -0.933421 -0.330341 -0.140003
    outer loop
      vertex 44.987 116.729 -91.337
      vertex 43.8518 81.2267 0
      vertex 43.3305 82.6997 0
    endloop
  endfacet
  facet normal -0.933414 -0.330362 -0.139999
    outer loop
      vertex 43.8207 80.255 2.5
      vertex 43.16 79.197 9.40168
      vertex 43.2851 81.7683 2.5
    endloop
  endfacet
  facet normal -0.933423 -0.330337 -0.139996
    outer loop
      vertex 43.16 79.197 9.40168
      vertex 43.8207 80.255 2.5
      vertex 43.7414 77.7737 8.88364
    endloop
  endfacet
  facet normal -0.998629 -0.0492251 -0.0178238
    outer loop
      vertex 46.4041 111.793 -93.2398
      vertex 46.5 110.04 -93.7715
      vertex 46.4041 111.759 -93.1459
    endloop
  endfacet
  facet normal -0.987691 -0.147071 -0.0532526
    outer loop
      vertex 46.4041 111.793 -93.2398
      vertex 46.4041 111.759 -93.1459
      vertex 46.1176 113.459 -92.5271
    endloop
  endfacet
  facet normal -0.544555 -0.781598 -0.304243
    outer loop
      vertex 37.75 124.281 -88.588
      vertex 38.0691 89.5751 0
      vertex 36.8679 90.412 0
    endloop
  endfacet
  facet normal -0.544333 -0.781732 -0.304296
    outer loop
      vertex 37.75 124.281 -88.588
      vertex 38.2456 89.4522 0
      vertex 38.0691 89.5751 0
    endloop
  endfacet
  facet normal -0.544395 -0.781695 -0.304282
    outer loop
      vertex 38.2456 89.4522 0
      vertex 37.75 124.281 -88.588
      vertex 39.2862 123.344 -88.9293
    endloop
  endfacet
  facet normal -0.0522772 -0.938975 -0.339991
    outer loop
      vertex 29 126.519 -87.8801
      vertex 30.8292 126.395 -87.8189
      vertex 29 126.485 -87.7862
    endloop
  endfacet
  facet normal -0.0521569 -0.931896 -0.358955
    outer loop
      vertex 29 126.485 -87.7862
      vertex 29.2287 92.658 0
      vertex 29 92.6708 0
    endloop
  endfacet
  facet normal -0.0522676 -0.931891 -0.358953
    outer loop
      vertex 29.2287 92.658 0
      vertex 29 126.485 -87.7862
      vertex 30.8292 126.395 -87.8189
    endloop
  endfacet
  facet normal -0.358428 -0.877895 -0.317537
    outer loop
      vertex 36.1179 125.097 -88.3976
      vertex 36.1179 125.063 -88.3036
      vertex 34.4078 125.714 -88.1731
    endloop
  endfacet
  facet normal -0.998629 -0.0492303 -0.0178067
    outer loop
      vertex 46.5 110.074 -93.8655
      vertex 46.5 110.04 -93.7715
      vertex 46.4041 111.793 -93.2398
    endloop
  endfacet
  facet normal -0.000412706 -0.342057 0.939679
    outer loop
      vertex 46.5 110.074 -93.8655
      vertex 46.4041 111.793 -93.2398
      vertex 46.1176 113.493 -92.6211
    endloop
  endfacet
  facet normal -0.987519 -0.140615 -0.0709472
    outer loop
      vertex 46.4041 111.759 -93.1459
      vertex 44.5688 77.6513 0
      vertex 44.3458 79.2174 0
    endloop
  endfacet
  facet normal -0.987519 -0.140618 -0.070944
    outer loop
      vertex 44.5195 76.7358 2.5
      vertex 44.1613 76.3011 8.34765
      vertex 44.2905 78.344 2.5
    endloop
  endfacet
  facet normal -0.987518 -0.140623 -0.0709444
    outer loop
      vertex 44.1613 76.3011 8.34765
      vertex 44.5195 76.7358 2.5
      vertex 44.4151 74.7953 7.79959
    endloop
  endfacet
  facet normal 9.67429e-06 0.342018 -0.939693
    outer loop
      vertex 44.4151 74.7953 7.79959
      vertex 44.5 73.2728 7.24545
      vertex 44.1613 76.3011 8.34765
    endloop
  endfacet
  facet normal -0.156595 -0.92158 -0.355201
    outer loop
      vertex 30.8292 126.395 -87.8189
      vertex 30.8717 92.5401 0
      vertex 30.6463 92.5784 0
    endloop
  endfacet
  facet normal -0.156762 -0.921556 -0.355191
    outer loop
      vertex 30.8717 92.5401 0
      vertex 30.8292 126.395 -87.8189
      vertex 32.6385 126.125 -87.9169
    endloop
  endfacet
  facet normal -0.156406 -0.921611 -0.355205
    outer loop
      vertex 32.6385 126.125 -87.9169
      vertex 32.2741 92.3021 0
      vertex 30.8717 92.5401 0
    endloop
  endfacet
  facet normal -0.156791 -0.928745 -0.335929
    outer loop
      vertex 30.8292 126.429 -87.9129
      vertex 32.6385 126.125 -87.9169
      vertex 30.8292 126.395 -87.8189
    endloop
  endfacet
  facet normal -0.156791 -0.928745 -0.335929
    outer loop
      vertex 32.6385 126.125 -87.9169
      vertex 30.8292 126.429 -87.9129
      vertex 32.6385 126.159 -88.0109
    endloop
  endfacet
  facet normal 0.000102245 -0.340578 0.940216
    outer loop
      vertex 32.6385 126.159 -88.0109
      vertex 30.8292 126.429 -87.9129
      vertex 29 126.519 -87.8801
    endloop
  endfacet
  facet normal -0.998631 -0.0523081 -0
    outer loop
      vertex 41 75 10
      vertex 40.9343 76.2543 8.33064
      vertex 41 75 7.8741
    endloop
  endfacet
  facet normal -0.998631 -0.0523081 0
    outer loop
      vertex 40.9343 76.2543 8.33064
      vertex 41 75 10
      vertex 40.9343 76.2543 10
    endloop
  endfacet
  facet normal -0.36292 0.93182 0
    outer loop
      vertex 33.8808 64.0375 -11.2043
      vertex 33.8808 64.0375 -15
      vertex 33.8713 64.0338 -11.2049
    endloop
  endfacet
  facet normal -0.358424 0.933559 1.29478e-05
    outer loop
      vertex 32.7082 63.5873 -15
      vertex 33.8713 64.0338 -11.2049
      vertex 33.8808 64.0375 -15
    endloop
  endfacet
  facet normal -0.358387 0.933573 0
    outer loop
      vertex 33.8713 64.0338 -11.2049
      vertex 32.7082 63.5873 -15
      vertex 32.7082 63.5873 -10.8628
    endloop
  endfacet
  facet normal -0.777265 0.629174 0
    outer loop
      vertex 38.7082 67.9466 -15
      vertex 38.5595 67.7629 -14.5151
      vertex 38.7082 67.9466 -14.683
    endloop
  endfacet
  facet normal -0.77715 0.629315 8.85082e-05
    outer loop
      vertex 37.9177 66.9704 -15
      vertex 38.5595 67.7629 -14.5151
      vertex 38.7082 67.9466 -15
    endloop
  endfacet
  facet normal -0.777092 0.629387 -0.000105061
    outer loop
      vertex 38.5595 67.7629 -14.5151
      vertex 37.9177 66.9704 -15
      vertex 38.3096 67.4544 -14.233
    endloop
  endfacet
  facet normal -0.777174 0.629286 0
    outer loop
      vertex 38.3096 67.4544 -14.233
      vertex 37.9177 66.9704 -15
      vertex 37.9177 66.9704 -13.5981
    endloop
  endfacet
  facet normal -0.965926 -0.258817 -0
    outer loop
      vertex 40.7378 77.4949 10
      vertex 40.4127 78.7082 9.22377
      vertex 40.7378 77.4949 8.78218
    endloop
  endfacet
  facet normal -0.965926 -0.258817 0
    outer loop
      vertex 40.4127 78.7082 9.22377
      vertex 40.7378 77.4949 10
      vertex 40.4127 78.7082 10
    endloop
  endfacet
  facet normal -0.987694 -0.156399 4.38121e-05
    outer loop
      vertex 40.9343 76.2543 10
      vertex 40.7378 77.4949 8.78218
      vertex 40.8752 76.6271 8.46633
    endloop
  endfacet
  facet normal -0.987666 -0.156575 -0
    outer loop
      vertex 40.9343 76.2543 10
      vertex 40.8752 76.6271 8.46633
      vertex 40.9343 76.2543 8.33064
    endloop
  endfacet
  facet normal -0.987687 -0.156441 0
    outer loop
      vertex 40.7378 77.4949 8.78218
      vertex 40.9343 76.2543 10
      vertex 40.7378 77.4949 10
    endloop
  endfacet
  facet normal -0.933579 -0.358372 -0
    outer loop
      vertex 40.4127 78.7082 10
      vertex 40.1 79.5228 9.52025
      vertex 40.4127 78.7082 9.22377
    endloop
  endfacet
  facet normal -0.933579 -0.358372 0
    outer loop
      vertex 40.1 79.5228 9.52025
      vertex 40.4127 78.7082 10
      vertex 40.1 79.5228 10
    endloop
  endfacet
  facet normal 0 0 1
    outer loop
      vertex 38.572 67.9371 -15
      vertex 38.7082 67.9466 -15
      vertex 38.8641 68.1867 -15
    endloop
  endfacet
  facet normal 0 0 1
    outer loop
      vertex 38.3185 67.7205 -15
      vertex 38.7082 67.9466 -15
      vertex 38.572 67.9371 -15
    endloop
  endfacet
  facet normal -0 0 1
    outer loop
      vertex 38.3185 67.7205 -15
      vertex 37.9177 66.9704 -15
      vertex 38.7082 67.9466 -15
    endloop
  endfacet
  facet normal 0 0 1
    outer loop
      vertex 37.1922 66.9484 -15
      vertex 37.9177 66.9704 -15
      vertex 38.3185 67.7205 -15
    endloop
  endfacet
  facet normal -0 0 1
    outer loop
      vertex 37.1922 66.9484 -15
      vertex 37.0296 66.0823 -15
      vertex 37.9177 66.9704 -15
    endloop
  endfacet
  facet normal -0 0 1
    outer loop
      vertex 36.9237 66.7644 -15
      vertex 37.0296 66.0823 -15
      vertex 37.1922 66.9484 -15
    endloop
  endfacet
  facet normal -0 0 1
    outer loop
      vertex 35.7243 66.1189 -15
      vertex 37.0296 66.0823 -15
      vertex 36.9237 66.7644 -15
    endloop
  endfacet
  facet normal 0 0 1
    outer loop
      vertex 37.0296 66.0823 -15
      vertex 35.7243 66.1189 -15
      vertex 36.0534 65.2918 -15
    endloop
  endfacet
  facet normal -0 0 1
    outer loop
      vertex 35.4437 65.9679 -15
      vertex 36.0534 65.2918 -15
      vertex 35.7243 66.1189 -15
    endloop
  endfacet
  facet normal -0 0 1
    outer loop
      vertex 35.1512 65.8493 -15
      vertex 36.0534 65.2918 -15
      vertex 35.4437 65.9679 -15
    endloop
  endfacet
  facet normal 0 0 1
    outer loop
      vertex 35.1512 65.8493 -15
      vertex 35 64.6077 -15
      vertex 36.0534 65.2918 -15
    endloop
  endfacet
  facet normal -0 0 1
    outer loop
      vertex 33.8943 65.3395 -15
      vertex 35 64.6077 -15
      vertex 35.1512 65.8493 -15
    endloop
  endfacet
  facet normal 0 0 1
    outer loop
      vertex 33.8943 65.3395 -15
      vertex 33.8808 64.0375 -15
      vertex 35 64.6077 -15
    endloop
  endfacet
  facet normal -0 0 1
    outer loop
      vertex 32.5898 64.9701 -15
      vertex 33.8808 64.0375 -15
      vertex 33.8943 65.3395 -15
    endloop
  endfacet
  facet normal 0 0 1
    outer loop
      vertex 33.8808 64.0375 -15
      vertex 32.5898 64.9701 -15
      vertex 32.7082 63.5873 -15
    endloop
  endfacet
  facet normal -0 0 1
    outer loop
      vertex 32.2924 64.8859 -15
      vertex 32.7082 63.5873 -15
      vertex 32.5898 64.9701 -15
    endloop
  endfacet
  facet normal 0 0 1
    outer loop
      vertex 32.2924 64.8859 -15
      vertex 31.4949 63.2622 -15
      vertex 32.7082 63.5873 -15
    endloop
  endfacet
  facet normal -0 0 1
    outer loop
      vertex 30.9574 64.6624 -15
      vertex 31.4949 63.2622 -15
      vertex 32.2924 64.8859 -15
    endloop
  endfacet
  facet normal -0 0 1
    outer loop
      vertex 30.6551 64.6118 -15
      vertex 31.4949 63.2622 -15
      vertex 30.9574 64.6624 -15
    endloop
  endfacet
  facet normal 0 0 1
    outer loop
      vertex 30.2543 63.0657 -15
      vertex 30.6551 64.6118 -15
      vertex 30.3499 64.5949 -15
    endloop
  endfacet
  facet normal 0 0 1
    outer loop
      vertex 30.6551 64.6118 -15
      vertex 30.2543 63.0657 -15
      vertex 31.4949 63.2622 -15
    endloop
  endfacet
  facet normal -0 0 1
    outer loop
      vertex 29 64.5201 -15
      vertex 30.2543 63.0657 -15
      vertex 30.3499 64.5949 -15
    endloop
  endfacet
  facet normal 0 0 1
    outer loop
      vertex 30.2543 63.0657 -15
      vertex 29 64.5201 -15
      vertex 29 63 -15
    endloop
  endfacet
  facet normal -0.156441 0.987687 -1.65791e-05
    outer loop
      vertex 30.2543 63.0657 -15
      vertex 30.8713 63.1635 -10.6695
      vertex 31.4949 63.2622 -15
    endloop
  endfacet
  facet normal -0.156329 0.987705 0
    outer loop
      vertex 31.4949 63.2622 -15
      vertex 30.8713 63.1635 -10.6695
      vertex 31.4949 63.2622 -10.6531
    endloop
  endfacet
  facet normal -0.156639 0.987656 1.23259e-05
    outer loop
      vertex 30.8713 63.1635 -10.6695
      vertex 30.2543 63.0657 -15
      vertex 30.6462 63.1278 -10.6754
    endloop
  endfacet
  facet normal -0.156609 0.987661 9.59476e-06
    outer loop
      vertex 30.6462 63.1278 -10.6754
      vertex 30.2543 63.0657 -15
      vertex 30.4198 63.0919 -10.6075
    endloop
  endfacet
  facet normal -0.156361 0.9877 0
    outer loop
      vertex 30.4198 63.0919 -10.6075
      vertex 30.2543 63.0657 -15
      vertex 30.2543 63.0657 -10.5578
    endloop
  endfacet
  facet normal -0.544678 0.838645 1.56943e-05
    outer loop
      vertex 35 64.6077 -15
      vertex 35.65 65.0298 -11.9193
      vertex 36.0534 65.2918 -12.0511
    endloop
  endfacet
  facet normal -0.544647 0.838665 0
    outer loop
      vertex 35 64.6077 -15
      vertex 36.0534 65.2918 -12.0511
      vertex 36.0534 65.2918 -15
    endloop
  endfacet
  facet normal -0.544631 0.838675 1.80338e-06
    outer loop
      vertex 35.65 65.0298 -11.9193
      vertex 35 64.6077 -15
      vertex 35.4184 64.8794 -11.8436
    endloop
  endfacet
  facet normal -0.544651 0.838663 5.47918e-06
    outer loop
      vertex 35.4184 64.8794 -11.8436
      vertex 35 64.6077 -15
      vertex 35.1805 64.7249 -11.6738
    endloop
  endfacet
  facet normal -0.54458 0.838709 0
    outer loop
      vertex 35.1805 64.7249 -11.6738
      vertex 35 64.6077 -15
      vertex 35 64.6077 -11.5449
    endloop
  endfacet
  facet normal -0.707107 0.707107 0
    outer loop
      vertex 37.0296 66.0823 -15
      vertex 37.9177 66.9704 -13.5981
      vertex 37.9177 66.9704 -15
    endloop
  endfacet
  facet normal -0.707107 0.707107 2.21963e-15
    outer loop
      vertex 37.9177 66.9704 -13.5981
      vertex 37.0296 66.0823 -15
      vertex 37.139 66.1917 -12.8759
    endloop
  endfacet
  facet normal -0.707107 0.707107 0
    outer loop
      vertex 37.139 66.1917 -12.8759
      vertex 37.0296 66.0823 -15
      vertex 37.0296 66.0823 -12.7745
    endloop
  endfacet
  facet normal -0.838707 0.544583 0
    outer loop
      vertex 38.7082 67.9466 -14.683
      vertex 38.8641 68.1867 -15
      vertex 38.7082 67.9466 -15
    endloop
  endfacet
  facet normal -0.258836 0.965921 -5.36552e-06
    outer loop
      vertex 32.501 63.5318 -10.872
      vertex 32.7082 63.5873 -15
      vertex 32.2756 63.4714 -10.882
    endloop
  endfacet
  facet normal -0.258736 0.965948 0
    outer loop
      vertex 32.7082 63.5873 -15
      vertex 32.501 63.5318 -10.872
      vertex 32.7082 63.5873 -10.8628
    endloop
  endfacet
  facet normal -0.258817 0.965926 -3.24594e-06
    outer loop
      vertex 31.4949 63.2622 -15
      vertex 32.2756 63.4714 -10.882
      vertex 32.7082 63.5873 -15
    endloop
  endfacet
  facet normal -0.258833 0.965922 0
    outer loop
      vertex 32.2756 63.4714 -10.882
      vertex 31.4949 63.2622 -15
      vertex 31.4949 63.2622 -10.6531
    endloop
  endfacet
  facet normal -0.453952 0.891026 0
    outer loop
      vertex 33.8808 64.0375 -15
      vertex 35 64.6077 -11.5449
      vertex 35 64.6077 -15
    endloop
  endfacet
  facet normal -0.453952 0.891026 0
    outer loop
      vertex 35 64.6077 -11.5449
      vertex 33.8808 64.0375 -15
      vertex 33.8808 64.0375 -11.2043
    endloop
  endfacet
  facet normal -0.629268 0.777188 0
    outer loop
      vertex 37.0296 66.0823 -15
      vertex 36.9014 65.9785 -12.7275
      vertex 37.0296 66.0823 -12.7745
    endloop
  endfacet
  facet normal -0.629315 0.77715 -4.39299e-06
    outer loop
      vertex 36.0534 65.2918 -15
      vertex 36.9014 65.9785 -12.7275
      vertex 37.0296 66.0823 -15
    endloop
  endfacet
  facet normal -0.629322 0.777145 0
    outer loop
      vertex 36.9014 65.9785 -12.7275
      vertex 36.0534 65.2918 -15
      vertex 36.0534 65.2918 -12.0511
    endloop
  endfacet
  facet normal -0.933579 0.358372 0
    outer loop
      vertex 40.1 70.4772 7.3
      vertex 40.4127 71.2918 10
      vertex 40.4127 71.2918 7.3
    endloop
  endfacet
  facet normal -0.933579 0.358372 0
    outer loop
      vertex 40.4127 71.2918 10
      vertex 40.1 70.4772 7.3
      vertex 40.1 70.4772 10
    endloop
  endfacet
  facet normal -0.965926 0.258817 0
    outer loop
      vertex 40.4127 71.2918 7.3
      vertex 40.7378 72.5051 10
      vertex 40.7378 72.5051 7.3
    endloop
  endfacet
  facet normal -0.965926 0.258817 0
    outer loop
      vertex 40.7378 72.5051 10
      vertex 40.4127 71.2918 7.3
      vertex 40.4127 71.2918 10
    endloop
  endfacet
  facet normal -0.987671 0.156542 4.96071e-05
    outer loop
      vertex 40.7378 72.5051 10
      vertex 40.9343 73.7457 7.41755
      vertex 40.8831 73.4227 7.3
    endloop
  endfacet
  facet normal -0.987694 0.156399 0
    outer loop
      vertex 40.7378 72.5051 10
      vertex 40.8831 73.4227 7.3
      vertex 40.7378 72.5051 7.3
    endloop
  endfacet
  facet normal -0.987687 0.156441 0
    outer loop
      vertex 40.9343 73.7457 7.41755
      vertex 40.7378 72.5051 10
      vertex 40.9343 73.7457 10
    endloop
  endfacet
  facet normal -0.0523081 0.998631 0
    outer loop
      vertex 30.2543 63.0657 -15
      vertex 29 63 -10.5687
      vertex 30.2543 63.0657 -10.5578
    endloop
  endfacet
  facet normal -0.0523081 0.998631 0
    outer loop
      vertex 29 63 -10.5687
      vertex 30.2543 63.0657 -15
      vertex 29 63 -15
    endloop
  endfacet
  facet normal -0.998627 0.0523756 0
    outer loop
      vertex 40.9835 74.6854 7.75959
      vertex 41 75 10
      vertex 41 75 7.8741
    endloop
  endfacet
  facet normal -0.998632 0.0522855 0
    outer loop
      vertex 40.9343 73.7457 10
      vertex 40.9835 74.6854 7.75959
      vertex 40.9343 73.7457 7.41755
    endloop
  endfacet
  facet normal -0.998631 0.0523081 9.49894e-06
    outer loop
      vertex 40.9835 74.6854 7.75959
      vertex 40.9343 73.7457 10
      vertex 41 75 10
    endloop
  endfacet
  facet normal -0.890982 0 0.454039
    outer loop
      vertex 54.2272 69.5 4.75
      vertex 54.6787 70.5 5.636
      vertex 54.2272 70.5 4.75
    endloop
  endfacet
  facet normal -0.890982 0 0.454039
    outer loop
      vertex 54.6787 70.5 5.636
      vertex 54.2272 69.5 4.75
      vertex 54.6787 69.5 5.636
    endloop
  endfacet
  facet normal -0.777144 0 0.629323
    outer loop
      vertex 52.0873 122 1.81978
      vertex 52.4496 123 2.26718
      vertex 52.0873 123 1.81978
    endloop
  endfacet
  facet normal -0.777144 0 0.629323
    outer loop
      vertex 52.4496 123 2.26718
      vertex 52.0873 122 1.81978
      vertex 52.4496 122 2.26718
    endloop
  endfacet
  facet normal -0.950979 0.175247 0.254808
    outer loop
      vertex 48.3798 7 6.35649
      vertex 53.3361 34.5 5.94066
      vertex 48.2308 7 5.8004
    endloop
  endfacet
  facet normal -0.539959 0.130907 0.831449
    outer loop
      vertex 46.2328 7 3.0504
      vertex 49.75 34.5 1.00481
      vertex 45.75 7 2.73686
    endloop
  endfacet
  facet normal -0.450631 0.121251 0.884438
    outer loop
      vertex 45.6 9.61736 2.3016
      vertex 49.75 34.5 1.00481
      vertex 49.0505 34.5 0.648407
    endloop
  endfacet
  facet normal -0.45058 0.121244 0.884465
    outer loop
      vertex 49.75 34.5 1.00481
      vertex 45.6 9.61736 2.3016
      vertex 45.6 9.21169 2.35721
    endloop
  endfacet
  facet normal -0.950973 0.175246 0.254833
    outer loop
      vertex 53.3361 34.5 5.94066
      vertex 53.1329 34.5 5.18237
      vertex 48.2308 7 5.8004
    endloop
  endfacet
  facet normal -0.0521814 0.0780983 0.995579
    outer loop
      vertex 46.784 34.5 0.0410919
      vertex 46 34.5 0
      vertex 43 7 2
    endloop
  endfacet
  facet normal -0.544607 0.00914037 0.838641
    outer loop
      vertex 50.4084 34.5 1.43237
      vertex 51.584 69.5 1.81433
      vertex 49.75 34.5 1.00481
    endloop
  endfacet
  facet normal -0.258243 -0.0660824 -0.963817
    outer loop
      vertex 49.1435 123 40.8798
      vertex 49.6996 123 40.7308
      vertex 47.9752 70.5 44.7924
    endloop
  endfacet
  facet normal -0.623135 0.139893 0.769502
    outer loop
      vertex 46.6802 7 3.4127
      vertex 51.0185 34.5 1.92641
      vertex 46.2328 7 3.0504
    endloop
  endfacet
  facet normal -0.827635 0.161958 0.537392
    outer loop
      vertex 47.7631 7 4.75
      vertex 52.4952 34.5 3.75
      vertex 47.4496 7 4.26718
    endloop
  endfacet
  facet normal -0.156434 0 0.987688
    outer loop
      vertex 49.1435 123 0.120193
      vertex 48.6023 122 0.0344758
      vertex 49.1435 122 0.120193
    endloop
  endfacet
  facet normal -0.156431 -1.66451e-06 0.987689
    outer loop
      vertex 48.6023 122 0.0344758
      vertex 49.1435 123 0.120193
      vertex 48.5913 123 0.0327353
    endloop
  endfacet
  facet normal -0.45065 0.121254 0.884427
    outer loop
      vertex 45.6 9.21169 2.35721
      vertex 45.75 7 2.73686
      vertex 49.75 34.5 1.00481
    endloop
  endfacet
  facet normal -0.450646 0.121254 0.884429
    outer loop
      vertex 45.75 7 2.73686
      vertex 45.6 9.21169 2.35721
      vertex 45.6 7 2.66043
    endloop
  endfacet
  facet normal -0.838422 0.0259355 0.544404
    outer loop
      vertex 54.2272 69.5 4.75
      vertex 53.6857 69.5 3.91605
      vertex 52.4952 34.5 3.75
    endloop
  endfacet
  facet normal -0.776999 0.0211019 0.629149
    outer loop
      vertex 52.0676 34.5 3.09161
      vertex 53.6857 69.5 3.91605
      vertex 51.5736 34.5 2.48152
    endloop
  endfacet
  facet normal -0.965056 0.0422355 0.258618
    outer loop
      vertex 55.2924 69.5 7.52484
      vertex 55.035 69.5 6.56433
      vertex 53.3361 34.5 5.94066
    endloop
  endfacet
  facet normal -0.986548 0.0480704 0.156245
    outer loop
      vertex 53.4589 34.5 6.71603
      vertex 55.2924 69.5 7.52484
      vertex 53.3361 34.5 5.94066
    endloop
  endfacet
  facet normal -0.707089 0 0.707124
    outer loop
      vertex 51.6802 122 1.4127
      vertex 52.0873 123 1.81978
      vertex 51.6802 123 1.4127
    endloop
  endfacet
  facet normal -0.707089 0 0.707124
    outer loop
      vertex 52.0873 123 1.81978
      vertex 51.6802 122 1.4127
      vertex 52.0873 122 1.81978
    endloop
  endfacet
  facet normal -0.05221 0.056972 -0.99701
    outer loop
      vertex 46 69.5 45
      vertex 46.993 69.5 44.948
      vertex 46 34.5 43
    endloop
  endfacet
  facet normal -0.258813 0 0.965927
    outer loop
      vertex 49.1435 123 0.120193
      vertex 49.6996 122 0.269196
      vertex 49.6996 123 0.269196
    endloop
  endfacet
  facet normal -0.258813 0 0.965927
    outer loop
      vertex 49.6996 122 0.269196
      vertex 49.1435 123 0.120193
      vertex 49.1435 122 0.120193
    endloop
  endfacet
  facet normal -0.453951 0.00791646 0.890992
    outer loop
      vertex 50.75 122 0.736862
      vertex 50.237 122 0.475494
      vertex 49.75 34.5 1.00481
    endloop
  endfacet
  facet normal -0.699314 0.148116 0.699301
    outer loop
      vertex 46.6802 7 3.4127
      vertex 51.5736 34.5 2.48152
      vertex 51.0185 34.5 1.92641
    endloop
  endfacet
  facet normal -0.699291 0.148113 0.699325
    outer loop
      vertex 51.5736 34.5 2.48152
      vertex 46.6802 7 3.4127
      vertex 47.0873 7 3.81978
    endloop
  endfacet
  facet normal -0.767691 0.155493 0.621669
    outer loop
      vertex 47.4496 7 4.26718
      vertex 51.5736 34.5 2.48152
      vertex 47.0873 7 3.81978
    endloop
  endfacet
  facet normal -0.890982 0 -0.454039
    outer loop
      vertex 54.6787 69.5 39.364
      vertex 54.2272 70.5 40.25
      vertex 54.6787 70.5 39.364
    endloop
  endfacet
  facet normal -0.890982 -0 -0.454039
    outer loop
      vertex 54.2272 70.5 40.25
      vertex 54.6787 69.5 39.364
      vertex 54.2272 69.5 40.25
    endloop
  endfacet
  facet normal -0.77697 0.0210987 0.629185
    outer loop
      vertex 53.6857 69.5 3.91605
      vertex 53.0599 69.5 3.14326
      vertex 51.5736 34.5 2.48152
    endloop
  endfacet
  facet normal -0.453966 0.0079165 0.890984
    outer loop
      vertex 49.75 34.5 1.00481
      vertex 50.237 122 0.475494
      vertex 49.0505 34.5 0.648407
    endloop
  endfacet
  facet normal -0.878402 0.16743 0.447635
    outer loop
      vertex 48.0245 7 5.26295
      vertex 52.4952 34.5 3.75
      vertex 47.7631 7 4.75
    endloop
  endfacet
  facet normal -0.800129 0 0.599828
    outer loop
      vertex 52.4496 122 2.26718
      vertex 53.6857 70.5 3.91605
      vertex 52.4496 123 2.26718
    endloop
  endfacet
  facet normal -0.800129 0 0.599828
    outer loop
      vertex 53.6857 70.5 3.91605
      vertex 52.4496 122 2.26718
      vertex 53.6857 69.5 3.91605
    endloop
  endfacet
  facet normal -0.767719 0.155495 0.621635
    outer loop
      vertex 52.0676 34.5 3.09161
      vertex 51.5736 34.5 2.48152
      vertex 47.4496 7 4.26718
    endloop
  endfacet
  facet normal -0.982568 0.178647 0.0514433
    outer loop
      vertex 48.5 7 7.5
      vertex 53.4589 34.5 6.71603
      vertex 48.4699 7 6.92509
    endloop
  endfacet
  facet normal -0.998053 -0.0340391 0.052263
    outer loop
      vertex 55.448 70.5 8.50697
      vertex 55.5 70.5 9.5
      vertex 53.5 123 5.5
    endloop
  endfacet
  facet normal -0.9197 0.171878 0.353002
    outer loop
      vertex 53.1329 34.5 5.18237
      vertex 52.8516 34.5 4.44948
      vertex 48.0245 7 5.26295
    endloop
  endfacet
  facet normal -0.987681 0 0.156479
    outer loop
      vertex 55.2924 69.5 7.52484
      vertex 55.448 70.5 8.50697
      vertex 55.2924 70.5 7.52484
    endloop
  endfacet
  facet normal -0.987681 0 0.156479
    outer loop
      vertex 55.448 70.5 8.50697
      vertex 55.2924 69.5 7.52484
      vertex 55.448 69.5 8.50697
    endloop
  endfacet
  facet normal -0.965059 0.0422358 0.258608
    outer loop
      vertex 53.3361 34.5 5.94066
      vertex 55.035 69.5 6.56433
      vertex 53.1329 34.5 5.18237
    endloop
  endfacet
  facet normal -0.982564 0.178648 0.0515114
    outer loop
      vertex 53.5 34.5 7.5
      vertex 53.4589 34.5 6.71603
      vertex 48.5 7 7.5
    endloop
  endfacet
  facet normal -0.987329 -0.0265271 0.156452
    outer loop
      vertex 55.2924 70.5 7.52484
      vertex 53.4699 123 4.92509
      vertex 53.3798 123 4.35649
    endloop
  endfacet
  facet normal -0.358374 0.00670462 0.933554
    outer loop
      vertex 50.237 122 0.475494
      vertex 49.6996 122 0.269196
      vertex 48.3176 34.5 0.367081
    endloop
  endfacet
  facet normal -0.257513 0.100353 0.96105
    outer loop
      vertex 47.5593 34.5 0.163895
      vertex 44.7361 7.27752 2.25
      vertex 48.3176 34.5 0.367081
    endloop
  endfacet
  facet normal -0.258651 0.100447 0.960734
    outer loop
      vertex 44.7361 7.27752 2.25
      vertex 47.5593 34.5 0.163895
      vertex 44.7257 7.25074 2.25
    endloop
  endfacet
  facet normal -0.539943 0.130906 0.831459
    outer loop
      vertex 50.4084 34.5 1.43237
      vertex 49.75 34.5 1.00481
      vertex 46.2328 7 3.0504
    endloop
  endfacet
  facet normal -0.629263 0.0126556 0.777089
    outer loop
      vertex 51.0185 34.5 1.92641
      vertex 51.584 69.5 1.81433
      vertex 50.4084 34.5 1.43237
    endloop
  endfacet
  facet normal -0.838704 0 0.544587
    outer loop
      vertex 53.6857 69.5 3.91605
      vertex 54.2272 70.5 4.75
      vertex 53.6857 70.5 3.91605
    endloop
  endfacet
  facet normal -0.838704 0 0.544587
    outer loop
      vertex 54.2272 70.5 4.75
      vertex 53.6857 69.5 3.91605
      vertex 54.2272 69.5 4.75
    endloop
  endfacet
  facet normal -0.965743 -0.0195662 0.258763
    outer loop
      vertex 55.2924 70.5 7.52484
      vertex 53.3798 123 4.35649
      vertex 53.2308 123 3.8004
    endloop
  endfacet
  facet normal -0.919692 0.171876 0.353023
    outer loop
      vertex 48.2308 7 5.8004
      vertex 53.1329 34.5 5.18237
      vertex 48.0245 7 5.26295
    endloop
  endfacet
  facet normal -0.965918 0 0.258849
    outer loop
      vertex 55.035 69.5 6.56433
      vertex 55.2924 70.5 7.52484
      vertex 55.035 70.5 6.56433
    endloop
  endfacet
  facet normal -0.965918 0 0.258849
    outer loop
      vertex 55.2924 70.5 7.52484
      vertex 55.035 69.5 6.56433
      vertex 55.2924 69.5 7.52484
    endloop
  endfacet
  facet normal 0 0 -1
    outer loop
      vertex 29 69.5 45
      vertex 46 70.5 45
      vertex 46 69.5 45
    endloop
  endfacet
  facet normal -0 0 -1
    outer loop
      vertex 46 70.5 45
      vertex 29 69.5 45
      vertex 29 70.5 45
    endloop
  endfacet
  facet normal -1 0 0
    outer loop
      vertex 55.5 69.5 9.5
      vertex 55.5 70.5 35.5
      vertex 55.5 70.5 9.5
    endloop
  endfacet
  facet normal -1 -0 0
    outer loop
      vertex 55.5 70.5 35.5
      vertex 55.5 69.5 9.5
      vertex 55.5 69.5 35.5
    endloop
  endfacet
  facet normal -0.99701 0.056972 -0.05221
    outer loop
      vertex 55.448 69.5 36.493
      vertex 55.5 69.5 35.5
      vertex 53.5 34.5 35.5
    endloop
  endfacet
  facet normal -0.997175 0.0539976 0.052217
    outer loop
      vertex 55.5 69.5 9.5
      vertex 55.448 69.5 8.50697
      vertex 53.5 34.5 7.5
    endloop
  endfacet
  facet normal -0.998371 0.0570498 0
    outer loop
      vertex 53.5 34.5 35.5
      vertex 55.5 69.5 9.5
      vertex 53.5 34.5 7.5
    endloop
  endfacet
  facet normal -0.998371 0.0570498 0
    outer loop
      vertex 55.5 69.5 9.5
      vertex 53.5 34.5 35.5
      vertex 55.5 69.5 35.5
    endloop
  endfacet
  facet normal -0.998632 0 0.0522933
    outer loop
      vertex 55.448 69.5 8.50697
      vertex 55.5 70.5 9.5
      vertex 55.448 70.5 8.50697
    endloop
  endfacet
  facet normal -0.998632 0 0.0522933
    outer loop
      vertex 55.5 70.5 9.5
      vertex 55.448 69.5 8.50697
      vertex 55.5 69.5 9.5
    endloop
  endfacet
  facet normal -0.0523413 0.00117845 0.998629
    outer loop
      vertex 46.784 34.5 0.0410919
      vertex 46.7871 34.7287 0.0409845
      vertex 46 34.5 0
    endloop
  endfacet
  facet normal -0.0523129 0.00119564 0.99863
    outer loop
      vertex 47.1757 77.6468 0.00993415
      vertex 47.1542 74.1441 0.0130016
      vertex 47.2512 75.9041 0.0159757
    endloop
  endfacet
  facet normal -0.0523894 0.00119666 0.998626
    outer loop
      vertex 47.1215 78.2308 0.00639093
      vertex 47.1757 77.6468 0.00993415
      vertex 47.1631 77.9382 0.00892395
    endloop
  endfacet
  facet normal -0.0521891 0.0012153 0.998636
    outer loop
      vertex 47.0164 78.969 0
      vertex 47.1757 77.6468 0.00993415
      vertex 47.1215 78.2308 0.00639093
    endloop
  endfacet
  facet normal -0.0523499 0.00119587 0.998628
    outer loop
      vertex 47.1757 77.6468 0.00993415
      vertex 47.0164 78.969 0
      vertex 47.1542 74.1441 0.0130016
    endloop
  endfacet
  facet normal -0.0521348 0.001176 0.998639
    outer loop
      vertex 47.1542 74.1441 0.0130016
      vertex 47.099 73.6156 0.0107422
      vertex 47.1395 73.8765 0.0125493
    endloop
  endfacet
  facet normal -0.0523301 0.00119644 0.998629
    outer loop
      vertex 47.1542 74.1441 0.0130016
      vertex 47.0164 78.969 0
      vertex 47.099 73.6156 0.0107422
    endloop
  endfacet
  facet normal -0.0523409 0.00119627 0.998629
    outer loop
      vertex 47.099 73.6156 0.0107422
      vertex 47.0164 78.969 0
      vertex 46.8586 72.0647 0
    endloop
  endfacet
  facet normal -0.2575 0.100352 0.961053
    outer loop
      vertex 44.1435 7 2.12019
      vertex 44.7257 7.25074 2.25
      vertex 47.5593 34.5 0.163895
    endloop
  endfacet
  facet normal -0.257492 0.100331 0.961058
    outer loop
      vertex 44.7257 7.25074 2.25
      vertex 44.1435 7 2.12019
      vertex 44.628 7 2.25
    endloop
  endfacet
  facet normal -0.355805 0.111003 0.927945
    outer loop
      vertex 48.3176 34.5 0.367081
      vertex 45.5665 9.94112 2.25
      vertex 45.6 10.0485 2.25
    endloop
  endfacet
  facet normal -0.356143 0.11103 0.927812
    outer loop
      vertex 45.6 10.0485 2.25
      vertex 49.0505 34.5 0.648407
      vertex 48.3176 34.5 0.367081
    endloop
  endfacet
  facet normal -0.356223 0.111039 0.92778
    outer loop
      vertex 49.0505 34.5 0.648407
      vertex 45.6 10.0485 2.25
      vertex 45.6 9.61736 2.3016
    endloop
  endfacet
  facet normal -0.629312 0.0126562 0.777049
    outer loop
      vertex 52.3567 69.5 2.44012
      vertex 51.584 69.5 1.81433
      vertex 51.0185 34.5 1.92641
    endloop
  endfacet
  facet normal -0.707015 0.0166552 0.707002
    outer loop
      vertex 51.5736 34.5 2.48152
      vertex 52.3567 69.5 2.44012
      vertex 51.0185 34.5 1.92641
    endloop
  endfacet
  facet normal -0.706979 0.0166545 0.707039
    outer loop
      vertex 52.3567 69.5 2.44012
      vertex 51.5736 34.5 2.48152
      vertex 53.0599 69.5 3.14326
    endloop
  endfacet
  facet normal -0.623125 0.139891 0.76951
    outer loop
      vertex 51.0185 34.5 1.92641
      vertex 50.4084 34.5 1.43237
      vertex 46.2328 7 3.0504
    endloop
  endfacet
  facet normal -0.838367 0.0259333 0.544489
    outer loop
      vertex 52.4952 34.5 3.75
      vertex 53.6857 69.5 3.91605
      vertex 52.0676 34.5 3.09161
    endloop
  endfacet
  facet normal -0.827578 0.161949 0.537482
    outer loop
      vertex 52.4952 34.5 3.75
      vertex 52.0676 34.5 3.09161
      vertex 47.4496 7 4.26718
    endloop
  endfacet
  facet normal -0.707082 0.00472695 0.707116
    outer loop
      vertex 52.3567 69.5 2.44012
      vertex 52.0873 122 1.81978
      vertex 51.6802 122 1.4127
    endloop
  endfacet
  facet normal -0.707069 0.00472716 0.707129
    outer loop
      vertex 52.0873 122 1.81978
      vertex 52.3567 69.5 2.44012
      vertex 53.0599 69.5 3.14326
    endloop
  endfacet
  facet normal -0.890957 -0.00755037 0.454026
    outer loop
      vertex 54.2272 70.5 4.75
      vertex 54.6787 70.5 5.636
      vertex 53.0245 123 3.26295
    endloop
  endfacet
  facet normal -0.965733 -0.0195633 0.2588
    outer loop
      vertex 55.035 70.5 6.56433
      vertex 55.2924 70.5 7.52484
      vertex 53.2308 123 3.8004
    endloop
  endfacet
  facet normal -0.87843 0.167431 0.447579
    outer loop
      vertex 52.8516 34.5 4.44948
      vertex 52.4952 34.5 3.75
      vertex 48.0245 7 5.26295
    endloop
  endfacet
  facet normal -0.932974 0.0365647 0.358082
    outer loop
      vertex 55.035 69.5 6.56433
      vertex 54.6787 69.5 5.636
      vertex 52.8516 34.5 4.44948
    endloop
  endfacet
  facet normal -0.972004 0.17751 0.153942
    outer loop
      vertex 53.4589 34.5 6.71603
      vertex 53.3361 34.5 5.94066
      vertex 48.4699 7 6.92509
    endloop
  endfacet
  facet normal -0.971992 0.17751 0.154021
    outer loop
      vertex 48.4699 7 6.92509
      vertex 53.3361 34.5 5.94066
      vertex 48.3798 7 6.35649
    endloop
  endfacet
  facet normal -0.543766 -0.0552551 -0.837416
    outer loop
      vertex 50.75 123 40.2631
      vertex 51.2328 123 39.9496
      vertex 50.75 70.5 43.7272
    endloop
  endfacet
  facet normal 0 0.27933 -0.960195
    outer loop
      vertex 29 34.5 43
      vertex 43 7 35
      vertex 29 7 35
    endloop
  endfacet
  facet normal 0 0.27933 -0.960195
    outer loop
      vertex 43 7 35
      vertex 29 34.5 43
      vertex 46 34.5 43
    endloop
  endfacet
  facet normal -0.62847 -0.0520413 -0.776091
    outer loop
      vertex 51.6802 123 39.5873
      vertex 52.3567 70.5 42.5599
      vertex 51.2328 123 39.9496
    endloop
  endfacet
  facet normal -0.519498 0.300468 -0.799901
    outer loop
      vertex 49.75 34.5 41.9952
      vertex 50.4084 34.5 41.5676
      vertex 46.2328 7 33.9496
    endloop
  endfacet
  facet normal -0.964348 0.0569725 -0.258431
    outer loop
      vertex 55.035 69.5 38.4357
      vertex 55.2924 69.5 37.4752
      vertex 53.3361 34.5 37.0593
    endloop
  endfacet
  facet normal -0.940416 0.228282 -0.252001
    outer loop
      vertex 53.1329 34.5 37.8176
      vertex 53.3361 34.5 37.0593
      vertex 48.2308 7 31.1996
    endloop
  endfacet
  facet normal -0.986947 -0.0384325 -0.156391
    outer loop
      vertex 53.4699 123 36.0749
      vertex 55.2924 70.5 37.4752
      vertex 53.3798 123 36.6435
    endloop
  endfacet
  facet normal -0.837291 0.056974 -0.543781
    outer loop
      vertex 53.6857 69.5 41.084
      vertex 52.4952 34.5 39.25
      vertex 52.0676 34.5 39.9084
    endloop
  endfacet
  facet normal -0.98387 0.178885 0
    outer loop
      vertex 48.5 7 29.5
      vertex 53.5 34.5 7.5
      vertex 48.5 7 7.5
    endloop
  endfacet
  facet normal -0.98387 0.178885 0
    outer loop
      vertex 53.5 34.5 7.5
      vertex 48.5 7 29.5
      vertex 53.5 34.5 35.5
    endloop
  endfacet
  facet normal -0.998054 -0.0340397 0.0522541
    outer loop
      vertex 55.448 70.5 8.50697
      vertex 53.5 123 5.5
      vertex 53.4699 123 4.92509
    endloop
  endfacet
  facet normal -0.987334 -0.0265286 0.156424
    outer loop
      vertex 55.2924 70.5 7.52484
      vertex 55.448 70.5 8.50697
      vertex 53.4699 123 4.92509
    endloop
  endfacet
  facet normal -0.997172 0.0539957 0.0522772
    outer loop
      vertex 53.5 34.5 7.5
      vertex 55.448 69.5 8.50697
      vertex 53.4589 34.5 6.71603
    endloop
  endfacet
  facet normal -0.986539 0.0480687 0.156299
    outer loop
      vertex 55.448 69.5 8.50697
      vertex 55.2924 69.5 7.52484
      vertex 53.4589 34.5 6.71603
    endloop
  endfacet
  facet normal -0.356142 0.11103 0.927812
    outer loop
      vertex 45.5665 9.94112 2.25
      vertex 48.3176 34.5 0.367081
      vertex 44.7361 7.27752 2.25
    endloop
  endfacet
  facet normal -0.0495548 0.00114074 0.998771
    outer loop
      vertex 46.7887 34.7293 0.0410632
      vertex 46.7871 34.7287 0.0409845
      vertex 46.784 34.5 0.0410919
    endloop
  endfacet
  facet normal -0.156433 0.00332793 0.987683
    outer loop
      vertex 48.5402 119.014 0.0347013
      vertex 49.1435 122 0.120193
      vertex 48.6023 122 0.0344758
    endloop
  endfacet
  facet normal -0.15642 0.00332531 0.987685
    outer loop
      vertex 49.1435 122 0.120193
      vertex 48.5402 119.014 0.0347013
      vertex 47.5593 34.5 0.163895
    endloop
  endfacet
  facet normal -0.156432 0.00332544 0.987683
    outer loop
      vertex 47.3178 60.1925 0.0391411
      vertex 47.5593 34.5 0.163895
      vertex 48.5402 119.014 0.0347013
    endloop
  endfacet
  facet normal -0.156445 0.00332532 0.987681
    outer loop
      vertex 46.7887 34.7293 0.0410632
      vertex 47.5593 34.5 0.163895
      vertex 47.3178 60.1925 0.0391411
    endloop
  endfacet
  facet normal -0.156443 0.00333026 0.987681
    outer loop
      vertex 47.5593 34.5 0.163895
      vertex 46.7887 34.7293 0.0410632
      vertex 46.784 34.5 0.0410919
    endloop
  endfacet
  facet normal -0 0.0725357 0.997366
    outer loop
      vertex 29 34.5 0
      vertex 43 7 2
      vertex 46 34.5 0
    endloop
  endfacet
  facet normal 0 0.0725357 0.997366
    outer loop
      vertex 43 7 2
      vertex 29 34.5 0
      vertex 29 7 2
    endloop
  endfacet
  facet normal -0.358351 0.0067041 0.933563
    outer loop
      vertex 49.0505 34.5 0.648407
      vertex 50.237 122 0.475494
      vertex 48.3176 34.5 0.367081
    endloop
  endfacet
  facet normal -0.358382 0 0.933575
    outer loop
      vertex 49.6996 123 0.269196
      vertex 50.237 122 0.475494
      vertex 50.237 123 0.475494
    endloop
  endfacet
  facet normal -0.358382 0 0.933575
    outer loop
      vertex 50.237 122 0.475494
      vertex 49.6996 123 0.269196
      vertex 49.6996 122 0.269196
    endloop
  endfacet
  facet normal -0.777142 0.00146759 0.629324
    outer loop
      vertex 53.0599 69.5 3.14326
      vertex 53.6857 69.5 3.91605
      vertex 52.4496 122 2.26718
    endloop
  endfacet
  facet normal -0.933503 -0.013216 0.358325
    outer loop
      vertex 55.035 70.5 6.56433
      vertex 53.2308 123 3.8004
      vertex 53.0245 123 3.26295
    endloop
  endfacet
  facet normal -0.933517 -0.0132187 0.358291
    outer loop
      vertex 54.6787 70.5 5.636
      vertex 55.035 70.5 6.56433
      vertex 53.0245 123 3.26295
    endloop
  endfacet
  facet normal -0.932969 0.0365636 0.358095
    outer loop
      vertex 53.1329 34.5 5.18237
      vertex 55.035 69.5 6.56433
      vertex 52.8516 34.5 4.44948
    endloop
  endfacet
  facet normal -0.933598 0 0.358322
    outer loop
      vertex 54.6787 69.5 5.636
      vertex 55.035 70.5 6.56433
      vertex 54.6787 70.5 5.636
    endloop
  endfacet
  facet normal -0.933598 0 0.358322
    outer loop
      vertex 55.035 70.5 6.56433
      vertex 54.6787 69.5 5.636
      vertex 55.035 69.5 6.56433
    endloop
  endfacet
  facet normal -0.890577 0.0311077 0.453768
    outer loop
      vertex 52.8516 34.5 4.44948
      vertex 54.6787 69.5 5.636
      vertex 52.4952 34.5 3.75
    endloop
  endfacet
  facet normal -0.890551 0.0311033 0.453819
    outer loop
      vertex 54.6787 69.5 5.636
      vertex 54.2272 69.5 4.75
      vertex 52.4952 34.5 3.75
    endloop
  endfacet
  facet normal -4.84034e-06 -0.0759701 -0.99711
    outer loop
      vertex 46 70.5 45
      vertex 47 122.5 41.0381
      vertex 48 123 41
    endloop
  endfacet
  facet normal 0 -0.0759702 -0.99711
    outer loop
      vertex 46 70.5 45
      vertex 44.9 122.5 41.0381
      vertex 47 122.5 41.0381
    endloop
  endfacet
  facet normal 0 -0.0759702 -0.99711
    outer loop
      vertex 29 70.5 45
      vertex 44.9 122.5 41.0381
      vertex 46 70.5 45
    endloop
  endfacet
  facet normal 2.98625e-07 -0.0759703 -0.99711
    outer loop
      vertex 29 123 41
      vertex 44.9 122.5 41.0381
      vertex 29 70.5 45
    endloop
  endfacet
  facet normal 0 -0.0759797 -0.997109
    outer loop
      vertex 44.9 122.5 41.0381
      vertex 29 123 41
      vertex 44.9 123 41
    endloop
  endfacet
  facet normal -0 -0.0759797 -0.997109
    outer loop
      vertex 48 123 41
      vertex 47 122.5 41.0381
      vertex 47 123 41
    endloop
  endfacet
  facet normal -0.0521424 -0.0738917 -0.995902
    outer loop
      vertex 48 123 41
      vertex 48.5749 123 40.9699
      vertex 46.993 70.5 44.948
    endloop
  endfacet
  facet normal -0.43281 0.301796 -0.849468
    outer loop
      vertex 49.0505 34.5 42.3516
      vertex 49.75 34.5 41.9952
      vertex 45.237 7 34.5245
    endloop
  endfacet
  facet normal -0.156214 0.0569731 -0.986079
    outer loop
      vertex 46.993 69.5 44.948
      vertex 47.9752 69.5 44.7924
      vertex 46.784 34.5 42.9589
    endloop
  endfacet
  facet normal -0.932079 0.0569723 -0.357748
    outer loop
      vertex 55.035 69.5 38.4357
      vertex 53.1329 34.5 37.8176
      vertex 52.8516 34.5 38.5505
    endloop
  endfacet
  facet normal -0.986083 0.0569724 -0.156186
    outer loop
      vertex 55.2924 69.5 37.4752
      vertex 53.4589 34.5 36.284
      vertex 53.3361 34.5 37.0593
    endloop
  endfacet
  facet normal -0.964352 0.056972 -0.258415
    outer loop
      vertex 55.035 69.5 38.4357
      vertex 53.3361 34.5 37.0593
      vertex 53.1329 34.5 37.8176
    endloop
  endfacet
  facet normal -0.99791 -0.0380154 -0.0522475
    outer loop
      vertex 53.5 123 35.5
      vertex 55.448 70.5 36.493
      vertex 53.4699 123 36.0749
    endloop
  endfacet
  facet normal -0.940424 0.228278 -0.251975
    outer loop
      vertex 53.3361 34.5 37.0593
      vertex 48.3798 7 30.6435
      vertex 48.2308 7 31.1996
    endloop
  endfacet
  facet normal -0.905152 0.244958 -0.347413
    outer loop
      vertex 52.8516 34.5 38.5505
      vertex 53.1329 34.5 37.8176
      vertex 48.0245 7 31.737
    endloop
  endfacet
  facet normal -0.980542 0.189479 -0.0513382
    outer loop
      vertex 53.4589 34.5 36.284
      vertex 48.5 7 29.5
      vertex 48.4699 7 30.0749
    endloop
  endfacet
  facet normal -0.980535 0.189494 -0.0514031
    outer loop
      vertex 53.4589 34.5 36.284
      vertex 53.5 34.5 35.5
      vertex 48.5 7 29.5
    endloop
  endfacet
  facet normal -0.0521947 0.0781 0.995578
    outer loop
      vertex 43.5749 7 2.03014
      vertex 46.784 34.5 0.0410919
      vertex 43 7 2
    endloop
  endfacet
  facet normal -0.155818 0.0893359 0.983738
    outer loop
      vertex 47.5593 34.5 0.163895
      vertex 46.784 34.5 0.0410919
      vertex 43.5749 7 2.03014
    endloop
  endfacet
  facet normal 0 1 0
    outer loop
      vertex 43.1 7 17.75
      vertex 40.2091 7 15.989
      vertex 40 7 16
    endloop
  endfacet
  facet normal 0 1 0
    outer loop
      vertex 43.1 7 17.75
      vertex 40.4158 7 15.9563
      vertex 40.2091 7 15.989
    endloop
  endfacet
  facet normal 0 1 0
    outer loop
      vertex 43.1 7 17.75
      vertex 40.618 7 15.9021
      vertex 40.4158 7 15.9563
    endloop
  endfacet
  facet normal 0 1 0
    outer loop
      vertex 43.1 7 17.75
      vertex 40.8135 7 15.8271
      vertex 40.618 7 15.9021
    endloop
  endfacet
  facet normal 0 1 0
    outer loop
      vertex 43.1 7 17.75
      vertex 41 7 15.7321
      vertex 40.8135 7 15.8271
    endloop
  endfacet
  facet normal 0 1 0
    outer loop
      vertex 43.1 7 17.75
      vertex 41.1756 7 15.618
      vertex 41 7 15.7321
    endloop
  endfacet
  facet normal 0 1 0
    outer loop
      vertex 43.1 7 17.75
      vertex 41.3383 7 15.4863
      vertex 41.1756 7 15.618
    endloop
  endfacet
  facet normal 0 1 0
    outer loop
      vertex 43.1 7 17.75
      vertex 41.4863 7 15.3383
      vertex 41.3383 7 15.4863
    endloop
  endfacet
  facet normal 0 1 0
    outer loop
      vertex 43.1 7 17.75
      vertex 41.618 7 15.1756
      vertex 41.4863 7 15.3383
    endloop
  endfacet
  facet normal 0 1 0
    outer loop
      vertex 43.1 7 17.75
      vertex 41.7321 7 15
      vertex 41.618 7 15.1756
    endloop
  endfacet
  facet normal 0 1 0
    outer loop
      vertex 43.1 7 17.75
      vertex 41.8271 7 14.8135
      vertex 41.7321 7 15
    endloop
  endfacet
  facet normal 0 1 0
    outer loop
      vertex 43.1 7 17.75
      vertex 41.9021 7 14.618
      vertex 41.8271 7 14.8135
    endloop
  endfacet
  facet normal 0 1 0
    outer loop
      vertex 43.1 7 17.75
      vertex 41.9563 7 14.4158
      vertex 41.9021 7 14.618
    endloop
  endfacet
  facet normal 0 1 0
    outer loop
      vertex 43.1 7 17.75
      vertex 41.989 7 14.2091
      vertex 41.9563 7 14.4158
    endloop
  endfacet
  facet normal 0 1 0
    outer loop
      vertex 43.1 7 17.75
      vertex 42 7 14
      vertex 41.989 7 14.2091
    endloop
  endfacet
  facet normal 0 1 -0
    outer loop
      vertex 43.1 7 3.25
      vertex 42 7 14
      vertex 43.1 7 17.75
    endloop
  endfacet
  facet normal 0 1 0
    outer loop
      vertex 42 7 14
      vertex 43.1 7 3.25
      vertex 42 7 6
    endloop
  endfacet
  facet normal 0 1 0
    outer loop
      vertex 42 7 6
      vertex 43.1 7 3.25
      vertex 41.989 7 5.79094
    endloop
  endfacet
  facet normal 0 1 0
    outer loop
      vertex 43.1 7 3.25
      vertex 41.9563 7 5.58418
      vertex 41.989 7 5.79094
    endloop
  endfacet
  facet normal 0 1 0
    outer loop
      vertex 43.1 7 3.25
      vertex 41.9021 7 5.38197
      vertex 41.9563 7 5.58418
    endloop
  endfacet
  facet normal 0 1 0
    outer loop
      vertex 43.1 7 3.25
      vertex 41.8271 7 5.18652
      vertex 41.9021 7 5.38197
    endloop
  endfacet
  facet normal 0 1 0
    outer loop
      vertex 43.1 7 3.25
      vertex 41.7321 7 5
      vertex 41.8271 7 5.18652
    endloop
  endfacet
  facet normal 0 1 0
    outer loop
      vertex 43.1 7 3.25
      vertex 41.618 7 4.82443
      vertex 41.7321 7 5
    endloop
  endfacet
  facet normal 0 1 0
    outer loop
      vertex 43.1 7 3.25
      vertex 41.4863 7 4.66174
      vertex 41.618 7 4.82443
    endloop
  endfacet
  facet normal 0 1 0
    outer loop
      vertex 43.1 7 3.25
      vertex 41.3383 7 4.51372
      vertex 41.4863 7 4.66174
    endloop
  endfacet
  facet normal 0 1 0
    outer loop
      vertex 43.1 7 3.25
      vertex 41.1756 7 4.38197
      vertex 41.3383 7 4.51372
    endloop
  endfacet
  facet normal 0 1 0
    outer loop
      vertex 43.1 7 3.25
      vertex 41 7 4.26794
      vertex 41.1756 7 4.38197
    endloop
  endfacet
  facet normal 0 1 0
    outer loop
      vertex 43.1 7 3.25
      vertex 40.8135 7 4.17291
      vertex 41 7 4.26794
    endloop
  endfacet
  facet normal 0 1 0
    outer loop
      vertex 43.1 7 3.25
      vertex 40.618 7 4.09789
      vertex 40.8135 7 4.17291
    endloop
  endfacet
  facet normal 0 1 0
    outer loop
      vertex 43.1 7 3.25
      vertex 40.4158 7 4.0437
      vertex 40.618 7 4.09789
    endloop
  endfacet
  facet normal 0 1 0
    outer loop
      vertex 43.1 7 3.25
      vertex 40.2091 7 4.01096
      vertex 40.4158 7 4.0437
    endloop
  endfacet
  facet normal 0 1 0
    outer loop
      vertex 43.1 7 3.25
      vertex 40 7 4
      vertex 40.2091 7 4.01096
    endloop
  endfacet
  facet normal 0 1 0
    outer loop
      vertex 29 7 3.25
      vertex 40 7 4
      vertex 43.1 7 3.25
    endloop
  endfacet
  facet normal 0 1 0
    outer loop
      vertex 40 7 4
      vertex 29 7 3.25
      vertex 29 7 4
    endloop
  endfacet
  facet normal 0 1 -0
    outer loop
      vertex 48.5 7 7.5
      vertex 45.6 7 17.75
      vertex 48.5 7 29.5
    endloop
  endfacet
  facet normal 0 1 0
    outer loop
      vertex 45.6 7 2.66043
      vertex 48.5 7 7.5
      vertex 48.4699 7 6.92509
    endloop
  endfacet
  facet normal 0 1 0
    outer loop
      vertex 45.6 7 2.66043
      vertex 48.4699 7 6.92509
      vertex 48.3798 7 6.35649
    endloop
  endfacet
  facet normal 0 1 0
    outer loop
      vertex 45.6 7 2.66043
      vertex 48.3798 7 6.35649
      vertex 48.2308 7 5.8004
    endloop
  endfacet
  facet normal 0 1 0
    outer loop
      vertex 45.6 7 2.66043
      vertex 48.2308 7 5.8004
      vertex 48.0245 7 5.26295
    endloop
  endfacet
  facet normal 0 1 0
    outer loop
      vertex 45.6 7 2.66043
      vertex 48.0245 7 5.26295
      vertex 47.7631 7 4.75
    endloop
  endfacet
  facet normal 0 1 0
    outer loop
      vertex 45.6 7 2.66043
      vertex 47.7631 7 4.75
      vertex 47.4496 7 4.26718
    endloop
  endfacet
  facet normal 0 1 0
    outer loop
      vertex 45.6 7 2.66043
      vertex 47.4496 7 4.26718
      vertex 47.0873 7 3.81978
    endloop
  endfacet
  facet normal 0 1 0
    outer loop
      vertex 45.6 7 2.66043
      vertex 47.0873 7 3.81978
      vertex 46.6802 7 3.4127
    endloop
  endfacet
  facet normal 0 1 0
    outer loop
      vertex 45.6 7 2.66043
      vertex 46.6802 7 3.4127
      vertex 46.2328 7 3.0504
    endloop
  endfacet
  facet normal 0 1 0
    outer loop
      vertex 45.6 7 2.66043
      vertex 46.2328 7 3.0504
      vertex 45.75 7 2.73686
    endloop
  endfacet
  facet normal 0 1 0
    outer loop
      vertex 48.5 7 7.5
      vertex 45.6 7 2.66043
      vertex 45.6 7 17.75
    endloop
  endfacet
  facet normal 0 1 0
    outer loop
      vertex 48.5 7 29.5
      vertex 43 7 35
      vertex 43.5749 7 34.9699
    endloop
  endfacet
  facet normal 0 1 0
    outer loop
      vertex 48.5 7 29.5
      vertex 43.5749 7 34.9699
      vertex 44.1435 7 34.8798
    endloop
  endfacet
  facet normal 0 1 0
    outer loop
      vertex 48.5 7 29.5
      vertex 44.1435 7 34.8798
      vertex 44.6996 7 34.7308
    endloop
  endfacet
  facet normal 0 1 0
    outer loop
      vertex 48.5 7 29.5
      vertex 44.6996 7 34.7308
      vertex 45.237 7 34.5245
    endloop
  endfacet
  facet normal 0 1 0
    outer loop
      vertex 48.5 7 29.5
      vertex 45.237 7 34.5245
      vertex 45.75 7 34.2631
    endloop
  endfacet
  facet normal 0 1 0
    outer loop
      vertex 48.5 7 29.5
      vertex 45.75 7 34.2631
      vertex 46.2328 7 33.9496
    endloop
  endfacet
  facet normal 0 1 0
    outer loop
      vertex 48.5 7 29.5
      vertex 46.2328 7 33.9496
      vertex 46.6802 7 33.5873
    endloop
  endfacet
  facet normal 0 1 0
    outer loop
      vertex 48.5 7 29.5
      vertex 46.6802 7 33.5873
      vertex 47.0873 7 33.1802
    endloop
  endfacet
  facet normal 0 1 0
    outer loop
      vertex 48.5 7 29.5
      vertex 47.0873 7 33.1802
      vertex 47.4496 7 32.7328
    endloop
  endfacet
  facet normal 0 1 0
    outer loop
      vertex 48.5 7 29.5
      vertex 47.4496 7 32.7328
      vertex 47.7631 7 32.25
    endloop
  endfacet
  facet normal 0 1 0
    outer loop
      vertex 48.5 7 29.5
      vertex 47.7631 7 32.25
      vertex 48.0245 7 31.737
    endloop
  endfacet
  facet normal 0 1 0
    outer loop
      vertex 48.5 7 29.5
      vertex 48.0245 7 31.737
      vertex 48.2308 7 31.1996
    endloop
  endfacet
  facet normal 0 1 0
    outer loop
      vertex 48.5 7 29.5
      vertex 48.2308 7 31.1996
      vertex 48.3798 7 30.6435
    endloop
  endfacet
  facet normal 0 1 0
    outer loop
      vertex 48.5 7 29.5
      vertex 48.3798 7 30.6435
      vertex 48.4699 7 30.0749
    endloop
  endfacet
  facet normal 0 1 0
    outer loop
      vertex 43 7 35
      vertex 48.5 7 29.5
      vertex 43.1 7 17.75
    endloop
  endfacet
  facet normal 0 1 0
    outer loop
      vertex 43.1 7 17.75
      vertex 48.5 7 29.5
      vertex 45.6 7 17.75
    endloop
  endfacet
  facet normal 0 1 0
    outer loop
      vertex 40 7 16
      vertex 43 7 35
      vertex 43.1 7 17.75
    endloop
  endfacet
  facet normal 0 1 0
    outer loop
      vertex 43 7 35
      vertex 40 7 16
      vertex 29 7 35
    endloop
  endfacet
  facet normal 0 1 0
    outer loop
      vertex 29 7 35
      vertex 40 7 16
      vertex 29 7 16
    endloop
  endfacet
  facet normal 0 1 0
    outer loop
      vertex 43 7 2
      vertex 44.628 7 2.25
      vertex 44.1435 7 2.12019
    endloop
  endfacet
  facet normal 0 1 0
    outer loop
      vertex 43 7 2
      vertex 44.1435 7 2.12019
      vertex 43.5749 7 2.03014
    endloop
  endfacet
  facet normal 0 1 0
    outer loop
      vertex 44.628 7 2.25
      vertex 43 7 2
      vertex 29 7 2.25
    endloop
  endfacet
  facet normal 0 1 0
    outer loop
      vertex 29 7 2.25
      vertex 43 7 2
      vertex 29 7 2
    endloop
  endfacet
  facet normal -0.258816 0.00516836 0.965913
    outer loop
      vertex 48.3176 34.5 0.367081
      vertex 49.6996 122 0.269196
      vertex 47.5593 34.5 0.163895
    endloop
  endfacet
  facet normal -0.25881 0.00516822 0.965914
    outer loop
      vertex 49.6996 122 0.269196
      vertex 49.1435 122 0.120193
      vertex 47.5593 34.5 0.163895
    endloop
  endfacet
  facet normal -0.629323 0 0.777144
    outer loop
      vertex 51.2328 123 1.0504
      vertex 51.6802 122 1.4127
      vertex 51.6802 123 1.4127
    endloop
  endfacet
  facet normal -0.629323 0 0.777144
    outer loop
      vertex 51.6802 122 1.4127
      vertex 51.2328 123 1.0504
      vertex 51.2328 122 1.0504
    endloop
  endfacet
  facet normal -0.629347 0.00709747 0.777092
    outer loop
      vertex 51.584 69.5 1.81433
      vertex 52.3567 69.5 2.44012
      vertex 51.2328 122 1.0504
    endloop
  endfacet
  facet normal -0.629307 0.00709917 0.777124
    outer loop
      vertex 52.3567 69.5 2.44012
      vertex 51.6802 122 1.4127
      vertex 51.2328 122 1.0504
    endloop
  endfacet
  facet normal -0.838701 -0.00264321 0.544585
    outer loop
      vertex 53.6857 70.5 3.91605
      vertex 54.2272 70.5 4.75
      vertex 52.4496 123 2.26718
    endloop
  endfacet
  facet normal -0.777143 0.00146755 0.629322
    outer loop
      vertex 53.0599 69.5 3.14326
      vertex 52.4496 122 2.26718
      vertex 52.0873 122 1.81978
    endloop
  endfacet
  facet normal -0.890954 -0.00755015 0.454031
    outer loop
      vertex 54.2272 70.5 4.75
      vertex 53.0245 123 3.26295
      vertex 52.7631 123 2.75
    endloop
  endfacet
  facet normal -0.838705 -0.00264359 0.54458
    outer loop
      vertex 54.2272 70.5 4.75
      vertex 52.7631 123 2.75
      vertex 52.4496 123 2.26718
    endloop
  endfacet
  facet normal -0.0522949 0 -0.998632
    outer loop
      vertex 46 69.5 45
      vertex 46.993 70.5 44.948
      vertex 46.993 69.5 44.948
    endloop
  endfacet
  facet normal -0.0522949 0 -0.998632
    outer loop
      vertex 46.993 70.5 44.948
      vertex 46 69.5 45
      vertex 46 70.5 45
    endloop
  endfacet
  facet normal -0.052152 -0.0738915 -0.995902
    outer loop
      vertex 48 123 41
      vertex 46.993 70.5 44.948
      vertex 46 70.5 45
    endloop
  endfacet
  facet normal -0.258286 -0.0660801 -0.963806
    outer loop
      vertex 49.6996 123 40.7308
      vertex 48.9357 70.5 44.535
      vertex 47.9752 70.5 44.7924
    endloop
  endfacet
  facet normal -0.676528 0.290897 -0.676528
    outer loop
      vertex 46.6802 7 33.5873
      vertex 51.5736 34.5 40.5185
      vertex 47.0873 7 33.1802
    endloop
  endfacet
  facet normal -0.676528 0.290897 -0.676528
    outer loop
      vertex 51.5736 34.5 40.5185
      vertex 46.6802 7 33.5873
      vertex 51.0185 34.5 41.0736
    endloop
  endfacet
  facet normal -0.60096 0.296831 -0.742118
    outer loop
      vertex 51.0185 34.5 41.0736
      vertex 46.6802 7 33.5873
      vertex 46.2328 7 33.9496
    endloop
  endfacet
  facet normal 0 0.0570498 -0.998371
    outer loop
      vertex 29 34.5 43
      vertex 46 69.5 45
      vertex 46 34.5 43
    endloop
  endfacet
  facet normal 0 0.0570498 -0.998371
    outer loop
      vertex 46 69.5 45
      vertex 29 34.5 43
      vertex 29 69.5 45
    endloop
  endfacet
  facet normal -0.628347 0.0569712 -0.775845
    outer loop
      vertex 51.584 69.5 43.1857
      vertex 52.3567 69.5 42.5599
      vertex 51.0185 34.5 41.0736
    endloop
  endfacet
  facet normal -0.932078 0.0569723 -0.35775
    outer loop
      vertex 54.6787 69.5 39.364
      vertex 55.035 69.5 38.4357
      vertex 52.8516 34.5 38.5505
    endloop
  endfacet
  facet normal -0.933594 0 -0.358332
    outer loop
      vertex 55.035 69.5 38.4357
      vertex 54.6787 70.5 39.364
      vertex 55.035 70.5 38.4357
    endloop
  endfacet
  facet normal -0.933594 -0 -0.358332
    outer loop
      vertex 54.6787 70.5 39.364
      vertex 55.035 69.5 38.4357
      vertex 54.6787 69.5 39.364
    endloop
  endfacet
  facet normal -0.986953 -0.0384317 -0.156353
    outer loop
      vertex 55.448 70.5 36.493
      vertex 55.2924 70.5 37.4752
      vertex 53.4699 123 36.0749
    endloop
  endfacet
  facet normal -0.99791 -0.0380156 -0.0522571
    outer loop
      vertex 55.5 70.5 35.5
      vertex 55.448 70.5 36.493
      vertex 53.5 123 35.5
    endloop
  endfacet
  facet normal -0.999275 -0.0380676 0
    outer loop
      vertex 55.5 70.5 9.5
      vertex 53.5 123 35.5
      vertex 53.5 123 5.5
    endloop
  endfacet
  facet normal -0.999275 -0.0380676 0
    outer loop
      vertex 53.5 123 35.5
      vertex 55.5 70.5 9.5
      vertex 55.5 70.5 35.5
    endloop
  endfacet
  facet normal -0.807015 0.272257 -0.524025
    outer loop
      vertex 52.4952 34.5 39.25
      vertex 47.7631 7 32.25
      vertex 47.4496 7 32.7328
    endloop
  endfacet
  facet normal -0.905129 0.244966 -0.347466
    outer loop
      vertex 53.1329 34.5 37.8176
      vertex 48.2308 7 31.1996
      vertex 48.0245 7 31.737
    endloop
  endfacet
  facet normal -0.965719 0.209735 -0.152961
    outer loop
      vertex 53.3361 34.5 37.0593
      vertex 53.4589 34.5 36.284
      vertex 48.4699 7 30.0749
    endloop
  endfacet
  facet normal -0.965706 0.209749 -0.153025
    outer loop
      vertex 53.3361 34.5 37.0593
      vertex 48.4699 7 30.0749
      vertex 48.3798 7 30.6435
    endloop
  endfacet
  facet normal 0 -1 0
    outer loop
      vertex 35.5 123 10
      vertex 40.25 123 16.68
      vertex 29 123 16.68
    endloop
  endfacet
  facet normal 0 -1 -0
    outer loop
      vertex 40.25 123 16.68
      vertex 35.5 123 10
      vertex 43 123 15.5
    endloop
  endfacet
  facet normal 0 -1 0
    outer loop
      vertex 35.5 123 10
      vertex 29 123 16.68
      vertex 29 123 10
    endloop
  endfacet
  facet normal 0 -1 0
    outer loop
      vertex 43 123 15.5
      vertex 41.2537 123 17.0653
      vertex 41.1317 123 16.9665
    endloop
  endfacet
  facet normal 0 -1 0
    outer loop
      vertex 43 123 15.5
      vertex 41.1317 123 16.9665
      vertex 41 123 16.881
    endloop
  endfacet
  facet normal 0 -1 0
    outer loop
      vertex 43 123 15.5
      vertex 41 123 16.881
      vertex 40.8601 123 16.8097
    endloop
  endfacet
  facet normal 0 -1 0
    outer loop
      vertex 43 123 15.5
      vertex 40.8601 123 16.8097
      vertex 40.7135 123 16.7534
    endloop
  endfacet
  facet normal 0 -1 0
    outer loop
      vertex 43 123 15.5
      vertex 40.7135 123 16.7534
      vertex 40.5619 123 16.7128
    endloop
  endfacet
  facet normal 0 -1 0
    outer loop
      vertex 43 123 15.5
      vertex 40.5619 123 16.7128
      vertex 40.4068 123 16.6882
    endloop
  endfacet
  facet normal 0 -1 0
    outer loop
      vertex 41.2537 123 17.0653
      vertex 43 123 15.5
      vertex 43 123 17
    endloop
  endfacet
  facet normal 0 -1 0
    outer loop
      vertex 43 123 15.5
      vertex 40.4068 123 16.6882
      vertex 40.25 123 16.68
    endloop
  endfacet
  facet normal 0 -1 0
    outer loop
      vertex 40.25 123 34.18
      vertex 29 123 41
      vertex 29 123 34.18
    endloop
  endfacet
  facet normal 0 -1 0
    outer loop
      vertex 29 123 41
      vertex 40.25 123 34.18
      vertex 44.9 123 41
    endloop
  endfacet
  facet normal 0 -1 0
    outer loop
      vertex 40.4068 123 34.1718
      vertex 44.9 123 41
      vertex 40.25 123 34.18
    endloop
  endfacet
  facet normal 0 -1 0
    outer loop
      vertex 40.5619 123 34.1472
      vertex 44.9 123 41
      vertex 40.4068 123 34.1718
    endloop
  endfacet
  facet normal 0 -1 0
    outer loop
      vertex 40.7135 123 34.1066
      vertex 44.9 123 41
      vertex 40.5619 123 34.1472
    endloop
  endfacet
  facet normal 0 -1 0
    outer loop
      vertex 40.8601 123 34.0503
      vertex 44.9 123 41
      vertex 40.7135 123 34.1066
    endloop
  endfacet
  facet normal 0 -1 0
    outer loop
      vertex 41 123 33.979
      vertex 44.9 123 41
      vertex 40.8601 123 34.0503
    endloop
  endfacet
  facet normal 0 -1 0
    outer loop
      vertex 41.1317 123 33.8935
      vertex 44.9 123 41
      vertex 41 123 33.979
    endloop
  endfacet
  facet normal 0 -1 0
    outer loop
      vertex 41.2537 123 33.7947
      vertex 44.9 123 41
      vertex 41.1317 123 33.8935
    endloop
  endfacet
  facet normal 0 -1 0
    outer loop
      vertex 41.3647 123 33.6837
      vertex 44.9 123 41
      vertex 41.2537 123 33.7947
    endloop
  endfacet
  facet normal 0 -1 0
    outer loop
      vertex 41.4635 123 33.5617
      vertex 44.9 123 41
      vertex 41.3647 123 33.6837
    endloop
  endfacet
  facet normal 0 -1 0
    outer loop
      vertex 41.549 123 33.43
      vertex 44.9 123 41
      vertex 41.4635 123 33.5617
    endloop
  endfacet
  facet normal 0 -1 0
    outer loop
      vertex 41.6203 123 33.2901
      vertex 44.9 123 41
      vertex 41.549 123 33.43
    endloop
  endfacet
  facet normal 0 -1 0
    outer loop
      vertex 41.6766 123 33.1435
      vertex 44.9 123 41
      vertex 41.6203 123 33.2901
    endloop
  endfacet
  facet normal 0 -1 0
    outer loop
      vertex 41.7172 123 32.9919
      vertex 44.9 123 41
      vertex 41.6766 123 33.1435
    endloop
  endfacet
  facet normal 0 -1 0
    outer loop
      vertex 41.7418 123 32.8368
      vertex 44.9 123 41
      vertex 41.7172 123 32.9919
    endloop
  endfacet
  facet normal 0 -1 0
    outer loop
      vertex 41.75 123 32.68
      vertex 44.9 123 41
      vertex 41.7418 123 32.8368
    endloop
  endfacet
  facet normal 0 -1 0
    outer loop
      vertex 44.9 123 17
      vertex 41.75 123 32.68
      vertex 41.75 123 18.18
    endloop
  endfacet
  facet normal 0 -1 0
    outer loop
      vertex 43 123 17
      vertex 41.75 123 18.18
      vertex 41.7418 123 18.0232
    endloop
  endfacet
  facet normal 0 -1 0
    outer loop
      vertex 43 123 17
      vertex 41.3647 123 17.1763
      vertex 41.2537 123 17.0653
    endloop
  endfacet
  facet normal 0 -1 0
    outer loop
      vertex 43 123 17
      vertex 41.4635 123 17.2983
      vertex 41.3647 123 17.1763
    endloop
  endfacet
  facet normal 0 -1 0
    outer loop
      vertex 43 123 17
      vertex 41.549 123 17.43
      vertex 41.4635 123 17.2983
    endloop
  endfacet
  facet normal 0 -1 0
    outer loop
      vertex 43 123 17
      vertex 41.6203 123 17.5699
      vertex 41.549 123 17.43
    endloop
  endfacet
  facet normal 0 -1 0
    outer loop
      vertex 43 123 17
      vertex 41.6766 123 17.7165
      vertex 41.6203 123 17.5699
    endloop
  endfacet
  facet normal 0 -1 0
    outer loop
      vertex 43 123 17
      vertex 41.7172 123 17.8681
      vertex 41.6766 123 17.7165
    endloop
  endfacet
  facet normal 0 -1 0
    outer loop
      vertex 43 123 17
      vertex 41.7418 123 18.0232
      vertex 41.7172 123 17.8681
    endloop
  endfacet
  facet normal 0 -1 0
    outer loop
      vertex 41.75 123 18.18
      vertex 43 123 17
      vertex 44.9 123 17
    endloop
  endfacet
  facet normal 0 -1 0
    outer loop
      vertex 41.75 123 32.68
      vertex 44.9 123 17
      vertex 44.9 123 41
    endloop
  endfacet
  facet normal 0 -1 0
    outer loop
      vertex 53.5 123 35.5
      vertex 48 123 41
      vertex 47 123 41
    endloop
  endfacet
  facet normal 0 -1 0
    outer loop
      vertex 48 123 41
      vertex 53.5 123 35.5
      vertex 48.5749 123 40.9699
    endloop
  endfacet
  facet normal 0 -1 0
    outer loop
      vertex 48.5749 123 40.9699
      vertex 53.5 123 35.5
      vertex 49.1435 123 40.8798
    endloop
  endfacet
  facet normal 0 -1 0
    outer loop
      vertex 49.1435 123 40.8798
      vertex 53.5 123 35.5
      vertex 49.6996 123 40.7308
    endloop
  endfacet
  facet normal 0 -1 0
    outer loop
      vertex 49.6996 123 40.7308
      vertex 50.75 123 40.2631
      vertex 50.237 123 40.5245
    endloop
  endfacet
  facet normal 0 -1 0
    outer loop
      vertex 49.6996 123 40.7308
      vertex 51.2328 123 39.9496
      vertex 50.75 123 40.2631
    endloop
  endfacet
  facet normal 0 -1 0
    outer loop
      vertex 49.6996 123 40.7308
      vertex 51.6802 123 39.5873
      vertex 51.2328 123 39.9496
    endloop
  endfacet
  facet normal 0 -1 0
    outer loop
      vertex 49.6996 123 40.7308
      vertex 52.0873 123 39.1802
      vertex 51.6802 123 39.5873
    endloop
  endfacet
  facet normal 0 -1 0
    outer loop
      vertex 49.6996 123 40.7308
      vertex 52.4496 123 38.7328
      vertex 52.0873 123 39.1802
    endloop
  endfacet
  facet normal 0 -1 0
    outer loop
      vertex 49.6996 123 40.7308
      vertex 52.7631 123 38.25
      vertex 52.4496 123 38.7328
    endloop
  endfacet
  facet normal 0 -1 0
    outer loop
      vertex 49.6996 123 40.7308
      vertex 53.0245 123 37.737
      vertex 52.7631 123 38.25
    endloop
  endfacet
  facet normal 0 -1 0
    outer loop
      vertex 49.6996 123 40.7308
      vertex 53.2308 123 37.1996
      vertex 53.0245 123 37.737
    endloop
  endfacet
  facet normal 0 -1 0
    outer loop
      vertex 49.6996 123 40.7308
      vertex 53.3798 123 36.6435
      vertex 53.2308 123 37.1996
    endloop
  endfacet
  facet normal 0 -1 0
    outer loop
      vertex 49.6996 123 40.7308
      vertex 53.4699 123 36.0749
      vertex 53.3798 123 36.6435
    endloop
  endfacet
  facet normal 0 -1 0
    outer loop
      vertex 49.6996 123 40.7308
      vertex 53.5 123 35.5
      vertex 53.4699 123 36.0749
    endloop
  endfacet
  facet normal 0 -1 0
    outer loop
      vertex 47 123 15.5
      vertex 53.5 123 35.5
      vertex 47 123 41
    endloop
  endfacet
  facet normal 0 -1 0
    outer loop
      vertex 47.9667 123 0
      vertex 43 123 15.5
      vertex 35.5 123 10
    endloop
  endfacet
  facet normal 0 -1 0
    outer loop
      vertex 47 123 15.5
      vertex 53.5 123 5.5
      vertex 53.5 123 35.5
    endloop
  endfacet
  facet normal 0 -1 0
    outer loop
      vertex 43 123 15.5
      vertex 47.9667 123 0
      vertex 47 123 15.5
    endloop
  endfacet
  facet normal 0 -1 0
    outer loop
      vertex 47 123 15.5
      vertex 47.9667 123 0
      vertex 53.5 123 5.5
    endloop
  endfacet
  facet normal -0 -1 0
    outer loop
      vertex 47.9841 123 0.000912984
      vertex 53.5 123 5.5
      vertex 47.9667 123 0
    endloop
  endfacet
  facet normal 0 -1 0
    outer loop
      vertex 53.5 123 5.5
      vertex 47.9841 123 0.000912984
      vertex 53.4699 123 4.92509
    endloop
  endfacet
  facet normal 0 -1 0
    outer loop
      vertex 53.4699 123 4.92509
      vertex 47.9841 123 0.000912984
      vertex 53.3798 123 4.35649
    endloop
  endfacet
  facet normal 0 -1 0
    outer loop
      vertex 53.3798 123 4.35649
      vertex 47.9841 123 0.000912984
      vertex 53.2308 123 3.8004
    endloop
  endfacet
  facet normal 0 -1 0
    outer loop
      vertex 53.2308 123 3.8004
      vertex 47.9841 123 0.000912984
      vertex 53.0245 123 3.26295
    endloop
  endfacet
  facet normal 0 -1 0
    outer loop
      vertex 53.0245 123 3.26295
      vertex 47.9841 123 0.000912984
      vertex 52.7631 123 2.75
    endloop
  endfacet
  facet normal 0 -1 0
    outer loop
      vertex 52.7631 123 2.75
      vertex 47.9841 123 0.000912984
      vertex 52.4496 123 2.26718
    endloop
  endfacet
  facet normal 0 -1 0
    outer loop
      vertex 52.4496 123 2.26718
      vertex 47.9841 123 0.000912984
      vertex 52.0873 123 1.81978
    endloop
  endfacet
  facet normal 0 -1 0
    outer loop
      vertex 47.9667 123 0
      vertex 35.5 123 10
      vertex 35.5 123 1
    endloop
  endfacet
  facet normal 0 -1 0
    outer loop
      vertex 52.0873 123 1.81978
      vertex 47.9841 123 0.000912984
      vertex 51.6802 123 1.4127
    endloop
  endfacet
  facet normal 0 -1 0
    outer loop
      vertex 29 123 0
      vertex 35.5 123 1
      vertex 29 123 1
    endloop
  endfacet
  facet normal 0 -1 0
    outer loop
      vertex 51.6802 123 1.4127
      vertex 47.9841 123 0.000912984
      vertex 51.2328 123 1.0504
    endloop
  endfacet
  facet normal 0 -1 0
    outer loop
      vertex 51.2328 123 1.0504
      vertex 47.9841 123 0.000912984
      vertex 50.75 123 0.736862
    endloop
  endfacet
  facet normal 0 -1 0
    outer loop
      vertex 50.75 123 0.736862
      vertex 47.9841 123 0.000912984
      vertex 50.237 123 0.475494
    endloop
  endfacet
  facet normal 0 -1 0
    outer loop
      vertex 50.237 123 0.475494
      vertex 47.9841 123 0.000912984
      vertex 49.6996 123 0.269196
    endloop
  endfacet
  facet normal 0 -1 0
    outer loop
      vertex 49.1435 123 0.120193
      vertex 47.9841 123 0.000912984
      vertex 48.5913 123 0.0327353
    endloop
  endfacet
  facet normal 0 -1 -0
    outer loop
      vertex 35.5 123 1
      vertex 29 123 0
      vertex 47.9667 123 0
    endloop
  endfacet
  facet normal 0 -1 0
    outer loop
      vertex 49.6996 123 0.269196
      vertex 47.9841 123 0.000912984
      vertex 49.1435 123 0.120193
    endloop
  endfacet
  facet normal -0.155797 0.089333 0.983741
    outer loop
      vertex 44.1435 7 2.12019
      vertex 47.5593 34.5 0.163895
      vertex 43.5749 7 2.03014
    endloop
  endfacet
  facet normal -0.544587 0.00856037 0.838661
    outer loop
      vertex 51.584 69.5 1.81433
      vertex 51.2328 122 1.0504
      vertex 50.75 69.5 1.27277
    endloop
  endfacet
  facet normal -0.544584 0.00913878 0.838657
    outer loop
      vertex 51.584 69.5 1.81433
      vertex 50.75 69.5 1.27277
      vertex 49.75 34.5 1.00481
    endloop
  endfacet
  facet normal -0.544644 0 0.838667
    outer loop
      vertex 50.75 123 0.736862
      vertex 51.2328 122 1.0504
      vertex 51.2328 123 1.0504
    endloop
  endfacet
  facet normal -0.544644 0 0.838667
    outer loop
      vertex 51.2328 122 1.0504
      vertex 50.75 123 0.736862
      vertex 50.75 122 0.736862
    endloop
  endfacet
  facet normal -0.453965 0 0.89102
    outer loop
      vertex 50.237 123 0.475494
      vertex 50.75 122 0.736862
      vertex 50.75 123 0.736862
    endloop
  endfacet
  facet normal -0.453965 0 0.89102
    outer loop
      vertex 50.75 122 0.736862
      vertex 50.237 123 0.475494
      vertex 50.237 122 0.475494
    endloop
  endfacet
  facet normal -0.453256 -0.0586886 -0.889446
    outer loop
      vertex 50.237 123 40.5245
      vertex 50.75 70.5 43.7272
      vertex 49.864 70.5 44.1787
    endloop
  endfacet
  facet normal -0.35775 0.0569723 -0.932078
    outer loop
      vertex 49.864 69.5 44.1787
      vertex 49.0505 34.5 42.3516
      vertex 48.9357 69.5 44.535
    endloop
  endfacet
  facet normal -0.149627 0.291897 -0.944673
    outer loop
      vertex 46.784 34.5 42.9589
      vertex 47.5593 34.5 42.8361
      vertex 43.5749 7 34.9699
    endloop
  endfacet
  facet normal -0.341787 0.300804 -0.890336
    outer loop
      vertex 48.3176 34.5 42.6329
      vertex 45.237 7 34.5245
      vertex 44.6996 7 34.7308
    endloop
  endfacet
  facet normal -0.837904 -0.0440927 -0.544034
    outer loop
      vertex 54.2272 70.5 40.25
      vertex 53.6857 70.5 41.084
      vertex 52.4496 123 38.7328
    endloop
  endfacet
  facet normal -0.745444 0.282694 -0.603653
    outer loop
      vertex 51.5736 34.5 40.5185
      vertex 47.4496 7 32.7328
      vertex 47.0873 7 33.1802
    endloop
  endfacet
  facet normal -0.838719 0 -0.544564
    outer loop
      vertex 54.2272 69.5 40.25
      vertex 53.6857 70.5 41.084
      vertex 54.2272 70.5 40.25
    endloop
  endfacet
  facet normal -0.838719 -0 -0.544564
    outer loop
      vertex 53.6857 70.5 41.084
      vertex 54.2272 69.5 40.25
      vertex 53.6857 69.5 41.084
    endloop
  endfacet
  facet normal -0.998632 0 -0.0522949
    outer loop
      vertex 55.5 69.5 35.5
      vertex 55.448 70.5 36.493
      vertex 55.5 70.5 35.5
    endloop
  endfacet
  facet normal -0.998632 -0 -0.0522949
    outer loop
      vertex 55.448 70.5 36.493
      vertex 55.5 69.5 35.5
      vertex 55.448 69.5 36.493
    endloop
  endfacet
  facet normal -0.987683 0 -0.156469
    outer loop
      vertex 55.448 69.5 36.493
      vertex 55.2924 70.5 37.4752
      vertex 55.448 70.5 36.493
    endloop
  endfacet
  facet normal -0.987683 -0 -0.156469
    outer loop
      vertex 55.2924 70.5 37.4752
      vertex 55.448 69.5 36.493
      vertex 55.2924 69.5 37.4752
    endloop
  endfacet
  facet normal -0.890207 -0.042106 -0.453606
    outer loop
      vertex 53.0245 123 37.737
      vertex 54.2272 70.5 40.25
      vertex 52.7631 123 38.25
    endloop
  endfacet
  facet normal -0.965917 0 -0.258852
    outer loop
      vertex 55.2924 69.5 37.4752
      vertex 55.035 70.5 38.4357
      vertex 55.2924 70.5 37.4752
    endloop
  endfacet
  facet normal -0.965917 -0 -0.258852
    outer loop
      vertex 55.035 70.5 38.4357
      vertex 55.2924 69.5 37.4752
      vertex 55.035 69.5 38.4357
    endloop
  endfacet
  facet normal -0.544624 0.00856061 0.838637
    outer loop
      vertex 51.2328 122 1.0504
      vertex 50.75 122 0.736862
      vertex 50.75 69.5 1.27277
    endloop
  endfacet
  facet normal -0.530121 0.00865495 0.847878
    outer loop
      vertex 50.75 69.5 1.27277
      vertex 50.75 122 0.736862
      vertex 49.75 34.5 1.00481
    endloop
  endfacet
  facet normal -0.543732 -0.055257 -0.837438
    outer loop
      vertex 51.2328 123 39.9496
      vertex 51.584 70.5 43.1857
      vertex 50.75 70.5 43.7272
    endloop
  endfacet
  facet normal -0.453226 -0.0586892 -0.889461
    outer loop
      vertex 50.75 123 40.2631
      vertex 50.75 70.5 43.7272
      vertex 50.237 123 40.5245
    endloop
  endfacet
  facet normal -0.156085 -0.0699536 -0.985263
    outer loop
      vertex 48.5749 123 40.9699
      vertex 47.9752 70.5 44.7924
      vertex 46.993 70.5 44.948
    endloop
  endfacet
  facet normal -0.156469 0 -0.987683
    outer loop
      vertex 46.993 69.5 44.948
      vertex 47.9752 70.5 44.7924
      vertex 47.9752 69.5 44.7924
    endloop
  endfacet
  facet normal -0.156469 0 -0.987683
    outer loop
      vertex 47.9752 70.5 44.7924
      vertex 46.993 69.5 44.948
      vertex 46.993 70.5 44.948
    endloop
  endfacet
  facet normal -0.43284 0.301797 -0.849452
    outer loop
      vertex 49.75 34.5 41.9952
      vertex 45.75 7 34.2631
      vertex 45.237 7 34.5245
    endloop
  endfacet
  facet normal -0.519432 0.300471 -0.799942
    outer loop
      vertex 49.75 34.5 41.9952
      vertex 46.2328 7 33.9496
      vertex 45.75 7 34.2631
    endloop
  endfacet
  facet normal -0.156123 -0.0699527 -0.985257
    outer loop
      vertex 48.5749 123 40.9699
      vertex 49.1435 123 40.8798
      vertex 47.9752 70.5 44.7924
    endloop
  endfacet
  facet normal -0.0501322 0.284015 -0.957508
    outer loop
      vertex 46.784 34.5 42.9589
      vertex 43.5749 7 34.9699
      vertex 43 7 35
    endloop
  endfacet
  facet normal -0.837882 -0.0440929 -0.544068
    outer loop
      vertex 52.7631 123 38.25
      vertex 54.2272 70.5 40.25
      vertex 52.4496 123 38.7328
    endloop
  endfacet
  facet normal -0.706254 -0.0490894 -0.706254
    outer loop
      vertex 53.0599 70.5 41.8567
      vertex 51.6802 123 39.5873
      vertex 52.0873 123 39.1802
    endloop
  endfacet
  facet normal -0.706254 -0.0490894 -0.706254
    outer loop
      vertex 51.6802 123 39.5873
      vertex 53.0599 70.5 41.8567
      vertex 52.3567 70.5 42.5599
    endloop
  endfacet
  facet normal -0.776268 -0.0464328 -0.62869
    outer loop
      vertex 53.6857 70.5 41.084
      vertex 53.0599 70.5 41.8567
      vertex 52.4496 123 38.7328
    endloop
  endfacet
  facet normal -0.860435 0.259663 -0.438436
    outer loop
      vertex 52.4952 34.5 39.25
      vertex 48.0245 7 31.737
      vertex 47.7631 7 32.25
    endloop
  endfacet
  facet normal -0.860452 0.259657 -0.438406
    outer loop
      vertex 52.4952 34.5 39.25
      vertex 52.8516 34.5 38.5505
      vertex 48.0245 7 31.737
    endloop
  endfacet
  facet normal -0.543781 0.056974 -0.837291
    outer loop
      vertex 51.584 69.5 43.1857
      vertex 50.4084 34.5 41.5676
      vertex 49.75 34.5 41.9952
    endloop
  endfacet
  facet normal -0.60092 0.296833 -0.742149
    outer loop
      vertex 50.4084 34.5 41.5676
      vertex 51.0185 34.5 41.0736
      vertex 46.2328 7 33.9496
    endloop
  endfacet
  facet normal -0.986079 0.0569731 -0.156214
    outer loop
      vertex 55.2924 69.5 37.4752
      vertex 55.448 69.5 36.493
      vertex 53.4589 34.5 36.284
    endloop
  endfacet
  facet normal -0.997007 0.0569734 -0.0522665
    outer loop
      vertex 55.448 69.5 36.493
      vertex 53.5 34.5 35.5
      vertex 53.4589 34.5 36.284
    endloop
  endfacet
  facet normal -0.965172 -0.0392587 -0.258652
    outer loop
      vertex 55.2924 70.5 37.4752
      vertex 55.035 70.5 38.4357
      vertex 53.2308 123 37.1996
    endloop
  endfacet
  facet normal -0.889535 0.0569707 -0.453301
    outer loop
      vertex 54.2272 69.5 40.25
      vertex 54.6787 69.5 39.364
      vertex 52.4952 34.5 39.25
    endloop
  endfacet
  facet normal -0.889566 0.0569725 -0.45324
    outer loop
      vertex 54.6787 69.5 39.364
      vertex 52.8516 34.5 38.5505
      vertex 52.4952 34.5 39.25
    endloop
  endfacet
  facet normal -0.62826 0.056974 -0.775914
    outer loop
      vertex 51.584 69.5 43.1857
      vertex 51.0185 34.5 41.0736
      vertex 50.4084 34.5 41.5676
    endloop
  endfacet
  facet normal -0.775845 0.0569712 -0.628347
    outer loop
      vertex 53.0599 69.5 41.8567
      vertex 53.6857 69.5 41.084
      vertex 51.5736 34.5 40.5185
    endloop
  endfacet
  facet normal -0.258852 0 -0.965917
    outer loop
      vertex 47.9752 69.5 44.7924
      vertex 48.9357 70.5 44.535
      vertex 48.9357 69.5 44.535
    endloop
  endfacet
  facet normal -0.258852 0 -0.965917
    outer loop
      vertex 48.9357 70.5 44.535
      vertex 47.9752 69.5 44.7924
      vertex 47.9752 70.5 44.7924
    endloop
  endfacet
  facet normal -0.453301 0.0569707 -0.889535
    outer loop
      vertex 49.864 69.5 44.1787
      vertex 50.75 69.5 43.7272
      vertex 49.75 34.5 41.9952
    endloop
  endfacet
  facet normal -0.454039 0 -0.890982
    outer loop
      vertex 49.864 69.5 44.1787
      vertex 50.75 70.5 43.7272
      vertex 50.75 69.5 43.7272
    endloop
  endfacet
  facet normal -0.454039 0 -0.890982
    outer loop
      vertex 50.75 70.5 43.7272
      vertex 49.864 69.5 44.1787
      vertex 49.864 70.5 44.1787
    endloop
  endfacet
  facet normal -0.0501956 0.284022 -0.957503
    outer loop
      vertex 46 34.5 43
      vertex 46.784 34.5 42.9589
      vertex 43 7 35
    endloop
  endfacet
  facet normal -0.0522665 0.0569734 -0.997007
    outer loop
      vertex 46.993 69.5 44.948
      vertex 46.784 34.5 42.9589
      vertex 46 34.5 43
    endloop
  endfacet
  facet normal -0.45324 0.0569725 -0.889566
    outer loop
      vertex 49.864 69.5 44.1787
      vertex 49.75 34.5 41.9952
      vertex 49.0505 34.5 42.3516
    endloop
  endfacet
  facet normal -0.777107 0 -0.629369
    outer loop
      vertex 53.6857 69.5 41.084
      vertex 53.0599 70.5 41.8567
      vertex 53.6857 70.5 41.084
    endloop
  endfacet
  facet normal -0.777107 -0 -0.629369
    outer loop
      vertex 53.0599 70.5 41.8567
      vertex 53.6857 69.5 41.084
      vertex 53.0599 69.5 41.8567
    endloop
  endfacet
  facet normal -0.776306 -0.0464305 -0.628644
    outer loop
      vertex 52.4496 123 38.7328
      vertex 53.0599 70.5 41.8567
      vertex 52.0873 123 39.1802
    endloop
  endfacet
  facet normal -0.806971 0.272264 -0.52409
    outer loop
      vertex 52.0676 34.5 39.9084
      vertex 52.4952 34.5 39.25
      vertex 47.4496 7 32.7328
    endloop
  endfacet
  facet normal -0.837357 0.0569709 -0.54368
    outer loop
      vertex 53.6857 69.5 41.084
      vertex 54.2272 69.5 40.25
      vertex 52.4952 34.5 39.25
    endloop
  endfacet
  facet normal -0.965184 -0.039259 -0.258609
    outer loop
      vertex 53.3798 123 36.6435
      vertex 55.2924 70.5 37.4752
      vertex 53.2308 123 37.1996
    endloop
  endfacet
  facet normal -0.932829 -0.0404879 -0.358038
    outer loop
      vertex 55.035 70.5 38.4357
      vertex 54.6787 70.5 39.364
      vertex 53.0245 123 37.737
    endloop
  endfacet
  facet normal -0.890192 -0.0421071 -0.453636
    outer loop
      vertex 54.6787 70.5 39.364
      vertex 54.2272 70.5 40.25
      vertex 53.0245 123 37.737
    endloop
  endfacet
  facet normal -0.629369 0 -0.777107
    outer loop
      vertex 51.584 69.5 43.1857
      vertex 52.3567 70.5 42.5599
      vertex 52.3567 69.5 42.5599
    endloop
  endfacet
  facet normal -0.629369 0 -0.777107
    outer loop
      vertex 52.3567 70.5 42.5599
      vertex 51.584 69.5 43.1857
      vertex 51.584 70.5 43.1857
    endloop
  endfacet
  facet normal -0.628516 -0.0520404 -0.776054
    outer loop
      vertex 52.3567 70.5 42.5599
      vertex 51.584 70.5 43.1857
      vertex 51.2328 123 39.9496
    endloop
  endfacet
  facet normal -0.258431 0.0569725 -0.964348
    outer loop
      vertex 47.9752 69.5 44.7924
      vertex 48.9357 69.5 44.535
      vertex 47.5593 34.5 42.8361
    endloop
  endfacet
  facet normal -0.14969 0.291903 -0.944662
    outer loop
      vertex 47.5593 34.5 42.8361
      vertex 44.1435 7 34.8798
      vertex 43.5749 7 34.9699
    endloop
  endfacet
  facet normal -0.357636 -0.0623145 -0.93178
    outer loop
      vertex 50.237 123 40.5245
      vertex 49.864 70.5 44.1787
      vertex 48.9357 70.5 44.535
    endloop
  endfacet
  facet normal -0.357689 -0.0623116 -0.93176
    outer loop
      vertex 49.6996 123 40.7308
      vertex 50.237 123 40.5245
      vertex 48.9357 70.5 44.535
    endloop
  endfacet
  facet normal -0.54368 0.0569709 -0.837357
    outer loop
      vertex 50.75 69.5 43.7272
      vertex 51.584 69.5 43.1857
      vertex 49.75 34.5 41.9952
    endloop
  endfacet
  facet normal -0.544564 0 -0.838719
    outer loop
      vertex 50.75 69.5 43.7272
      vertex 51.584 70.5 43.1857
      vertex 51.584 69.5 43.1857
    endloop
  endfacet
  facet normal -0.544564 0 -0.838719
    outer loop
      vertex 51.584 70.5 43.1857
      vertex 50.75 69.5 43.7272
      vertex 50.75 70.5 43.7272
    endloop
  endfacet
  facet normal -0.247116 0.297501 -0.922186
    outer loop
      vertex 47.5593 34.5 42.8361
      vertex 48.3176 34.5 42.6329
      vertex 44.6996 7 34.7308
    endloop
  endfacet
  facet normal -0.705958 0.0569708 -0.705958
    outer loop
      vertex 51.0185 34.5 41.0736
      vertex 53.0599 69.5 41.8567
      vertex 51.5736 34.5 40.5185
    endloop
  endfacet
  facet normal -0.705958 0.0569708 -0.705958
    outer loop
      vertex 53.0599 69.5 41.8567
      vertex 51.0185 34.5 41.0736
      vertex 52.3567 69.5 42.5599
    endloop
  endfacet
  facet normal -0.707107 0 -0.707107
    outer loop
      vertex 53.0599 69.5 41.8567
      vertex 52.3567 70.5 42.5599
      vertex 53.0599 70.5 41.8567
    endloop
  endfacet
  facet normal -0.707107 -0 -0.707107
    outer loop
      vertex 52.3567 70.5 42.5599
      vertex 53.0599 69.5 41.8567
      vertex 52.3567 69.5 42.5599
    endloop
  endfacet
  facet normal -0.775914 0.056974 -0.62826
    outer loop
      vertex 53.6857 69.5 41.084
      vertex 52.0676 34.5 39.9084
      vertex 51.5736 34.5 40.5185
    endloop
  endfacet
  facet normal -0.745477 0.282688 -0.603615
    outer loop
      vertex 51.5736 34.5 40.5185
      vertex 52.0676 34.5 39.9084
      vertex 47.4496 7 32.7328
    endloop
  endfacet
  facet normal -0.932808 -0.0404878 -0.358091
    outer loop
      vertex 53.2308 123 37.1996
      vertex 55.035 70.5 38.4357
      vertex 53.0245 123 37.737
    endloop
  endfacet
  facet normal -0.258415 0.056972 -0.964352
    outer loop
      vertex 48.9357 69.5 44.535
      vertex 48.3176 34.5 42.6329
      vertex 47.5593 34.5 42.8361
    endloop
  endfacet
  facet normal -0.156186 0.0569724 -0.986083
    outer loop
      vertex 47.9752 69.5 44.7924
      vertex 47.5593 34.5 42.8361
      vertex 46.784 34.5 42.9589
    endloop
  endfacet
  facet normal -0.24709 0.2975 -0.922193
    outer loop
      vertex 47.5593 34.5 42.8361
      vertex 44.6996 7 34.7308
      vertex 44.1435 7 34.8798
    endloop
  endfacet
  facet normal -0.357748 0.0569723 -0.932079
    outer loop
      vertex 48.9357 69.5 44.535
      vertex 49.0505 34.5 42.3516
      vertex 48.3176 34.5 42.6329
    endloop
  endfacet
  facet normal -0.341735 0.300804 -0.890356
    outer loop
      vertex 48.3176 34.5 42.6329
      vertex 49.0505 34.5 42.3516
      vertex 45.237 7 34.5245
    endloop
  endfacet
  facet normal -0.358332 0 -0.933594
    outer loop
      vertex 48.9357 69.5 44.535
      vertex 49.864 70.5 44.1787
      vertex 49.864 69.5 44.1787
    endloop
  endfacet
  facet normal -0.358332 0 -0.933594
    outer loop
      vertex 49.864 70.5 44.1787
      vertex 48.9357 69.5 44.535
      vertex 48.9357 70.5 44.535
    endloop
  endfacet
  facet normal -1 0 0
    outer loop
      vertex 29 4.5 2.25
      vertex 29 7 2.25
      vertex 29 7 2
    endloop
  endfacet
  facet normal -1 0 0
    outer loop
      vertex 29 7 2.25
      vertex 29 4.5 2.25
      vertex 29 7 3.25
    endloop
  endfacet
  facet normal -1 0 0
    outer loop
      vertex 29 4.5 2
      vertex 29 7 2
      vertex 29 34.5 0
    endloop
  endfacet
  facet normal -1 0 0
    outer loop
      vertex 29 4.5 2.25
      vertex 29 7 2
      vertex 29 4.5 2
    endloop
  endfacet
  facet normal -1 -0 0
    outer loop
      vertex 29 7 3.25
      vertex 29 4.5 2.25
      vertex 29 7 4
    endloop
  endfacet
  facet normal -1 0 0
    outer loop
      vertex 29 2.9 4
      vertex 29 4.5 2.25
      vertex 29 2.9 2.25
    endloop
  endfacet
  facet normal -1 0 0
    outer loop
      vertex 29 4.5 2.25
      vertex 29 2.9 4
      vertex 29 7 4
    endloop
  endfacet
  facet normal -1 0 0
    outer loop
      vertex 29 7 2.25
      vertex 29 7.75 3.25
      vertex 29 7.75 2.25
    endloop
  endfacet
  facet normal -1 -0 0
    outer loop
      vertex 29 7.75 3.25
      vertex 29 7 2.25
      vertex 29 7 3.25
    endloop
  endfacet
  facet normal -1 0 0
    outer loop
      vertex 29 7 16
      vertex 29 4.5 17.75
      vertex 29 7 35
    endloop
  endfacet
  facet normal -1 0 0
    outer loop
      vertex 29 2.9 16
      vertex 29 4.5 17.75
      vertex 29 7 16
    endloop
  endfacet
  facet normal -1 -0 0
    outer loop
      vertex 29 4.5 17.75
      vertex 29 2.9 16
      vertex 29 2.9 17.75
    endloop
  endfacet
  facet normal -1 0 0
    outer loop
      vertex 29 123 41
      vertex 29 125.5 34.18
      vertex 29 123 34.18
    endloop
  endfacet
  facet normal -1 0 0
    outer loop
      vertex 29 125.5 34.18
      vertex 29 123 41
      vertex 29 125.5 46
    endloop
  endfacet
  facet normal -1 0 0
    outer loop
      vertex 29 70.5 50
      vertex 29 123 41
      vertex 29 70.5 45
    endloop
  endfacet
  facet normal -1 0 0
    outer loop
      vertex 29 123 41
      vertex 29 70.5 50
      vertex 29 125.5 46
    endloop
  endfacet
  facet normal -1 0 0
    outer loop
      vertex 29 69.5 45
      vertex 29 70.5 50
      vertex 29 70.5 45
    endloop
  endfacet
  facet normal -1 0 0
    outer loop
      vertex 29 69.5 45
      vertex 29 69.5 50
      vertex 29 70.5 50
    endloop
  endfacet
  facet normal -1 0 0
    outer loop
      vertex 29 34.5 48
      vertex 29 69.5 45
      vertex 29 34.5 43
    endloop
  endfacet
  facet normal -1 0 0
    outer loop
      vertex 29 69.5 45
      vertex 29 34.5 48
      vertex 29 69.5 50
    endloop
  endfacet
  facet normal -1 0 0
    outer loop
      vertex 29 4.5 40
      vertex 29 34.5 43
      vertex 29 7 35
    endloop
  endfacet
  facet normal -1 -0 0
    outer loop
      vertex 29 34.5 43
      vertex 29 4.5 40
      vertex 29 34.5 48
    endloop
  endfacet
  facet normal -1 0 0
    outer loop
      vertex 29 4.5 40
      vertex 29 7 35
      vertex 29 4.5 17.75
    endloop
  endfacet
  facet normal -1 0 0
    outer loop
      vertex 29 129.723 -89.3743
      vertex 29 126.519 -87.8801
      vertex 29 129.689 -89.2803
    endloop
  endfacet
  facet normal -1 -0 0
    outer loop
      vertex 29 129.723 -89.3743
      vertex 29 121.078 -89.8605
      vertex 29 126.519 -87.8801
    endloop
  endfacet
  facet normal -1 0 0
    outer loop
      vertex 29 114.837 -94.7925
      vertex 29 121.078 -89.8605
      vertex 29 129.723 -89.3743
    endloop
  endfacet
  facet normal -1 0 0
    outer loop
      vertex 29 121.078 -89.8605
      vertex 29 114.837 -94.7925
      vertex 29 116.763 -91.431
    endloop
  endfacet
  facet normal -1 0 0
    outer loop
      vertex 29 113.735 -92.9588
      vertex 29 114.837 -94.7925
      vertex 29 114.453 -94.9321
    endloop
  endfacet
  facet normal -1 0 0
    outer loop
      vertex 29 114.837 -94.7925
      vertex 29 113.735 -92.9588
      vertex 29 116.763 -91.431
    endloop
  endfacet
  facet normal -1 0 0
    outer loop
      vertex 29 111.86 -93.2156
      vertex 29 113.735 -92.9588
      vertex 29 111.996 -93.5915
    endloop
  endfacet
  facet normal -1 -0 0
    outer loop
      vertex 29 113.735 -92.9588
      vertex 29 111.86 -93.2156
      vertex 29 116.763 -91.431
    endloop
  endfacet
  facet normal -1 0 0
    outer loop
      vertex 29 126.485 -87.7862
      vertex 29 129.689 -89.2803
      vertex 29 126.519 -87.8801
    endloop
  endfacet
  facet normal -1 0 0
    outer loop
      vertex 29 126.485 -87.7862
      vertex 29 95.4543 0
      vertex 29 129.689 -89.2803
    endloop
  endfacet
  facet normal -1 -0 -0
    outer loop
      vertex 29 95.4543 0
      vertex 29 126.485 -87.7862
      vertex 29 92.6708 0
    endloop
  endfacet
  facet normal -1 0 0
    outer loop
      vertex 29 107.022 -97.6369
      vertex 29 106.687 -95.5239
      vertex 29 107.405 -97.4973
    endloop
  endfacet
  facet normal -1 0 0
    outer loop
      vertex 29 95.8327 -99.0489
      vertex 29 107.022 -97.6369
      vertex 29 96.9627 -101.298
    endloop
  endfacet
  facet normal -1 0 0
    outer loop
      vertex 29 106.687 -95.5239
      vertex 29 108.289 -94.5153
      vertex 29 108.426 -94.8912
    endloop
  endfacet
  facet normal -1 -0 0
    outer loop
      vertex 29 107.022 -97.6369
      vertex 29 95.8327 -99.0489
      vertex 29 106.687 -95.5239
    endloop
  endfacet
  facet normal -1 -0 0
    outer loop
      vertex 29 106.687 -95.5239
      vertex 29 95.8327 -99.0489
      vertex 29 108.289 -94.5153
    endloop
  endfacet
  facet normal -1 0 0
    outer loop
      vertex 29 96.9627 -101.298
      vertex 29 93.6295 -99.8508
      vertex 29 95.8327 -99.0489
    endloop
  endfacet
  facet normal -1 0 0
    outer loop
      vertex 29 92.2383 -103.018
      vertex 29 93.6295 -99.8508
      vertex 29 96.9627 -101.298
    endloop
  endfacet
  facet normal -1 0 0
    outer loop
      vertex 29 92.1012 -102.961
      vertex 29 93.6295 -99.8508
      vertex 29 92.2383 -103.018
    endloop
  endfacet
  facet normal -1 0 0
    outer loop
      vertex 29 92.1012 -102.961
      vertex 29 92.2383 -103.018
      vertex 29 92.1354 -103.055
    endloop
  endfacet
  facet normal -1 -0 0
    outer loop
      vertex 29 93.6295 -99.8508
      vertex 29 92.1012 -102.961
      vertex 29 93.5953 -99.7569
    endloop
  endfacet
  facet normal -1 0 0
    outer loop
      vertex 29 66.6928 -29.2564
      vertex 29 93.5953 -99.7569
      vertex 29 92.1012 -102.961
    endloop
  endfacet
  facet normal -1 0 0
    outer loop
      vertex 29 93.5953 -99.7569
      vertex 29 66.6928 -29.2564
      vertex 29 69.109 -28.377
    endloop
  endfacet
  facet normal -1 0 0
    outer loop
      vertex 29 63.4332 -19.801
      vertex 29 64.5201 -15
      vertex 29 65.8636 -18.9164
    endloop
  endfacet
  facet normal -1 0 0
    outer loop
      vertex 29 63.4332 -19.801
      vertex 29 63 -15
      vertex 29 64.5201 -15
    endloop
  endfacet
  facet normal -1 0 0
    outer loop
      vertex 29 56.6072 0
      vertex 29 63 -10.5687
      vertex 29 63 -15
    endloop
  endfacet
  facet normal -1 0 0
    outer loop
      vertex 29 56.6072 0
      vertex 29 63 -15
      vertex 29 63.4332 -19.801
    endloop
  endfacet
  facet normal -1 0 0
    outer loop
      vertex 29 63 -10.5687
      vertex 29 56.6072 0
      vertex 29 59.3745 0
    endloop
  endfacet
  facet normal -1 0 0
    outer loop
      vertex 29 123 0
      vertex 29 125.5 1
      vertex 29 125.5 0
    endloop
  endfacet
  facet normal -1 -0 0
    outer loop
      vertex 29 125.5 1
      vertex 29 123 0
      vertex 29 123 1
    endloop
  endfacet
  facet normal -1 0 0
    outer loop
      vertex 29 123 10
      vertex 29 125.5 16.68
      vertex 29 125.5 10
    endloop
  endfacet
  facet normal -1 -0 0
    outer loop
      vertex 29 125.5 16.68
      vertex 29 123 10
      vertex 29 123 16.68
    endloop
  endfacet
  facet normal 0 0.0523081 -0.998631
    outer loop
      vertex 29 22 16
      vertex 43 22.4181 16.0219
      vertex 43 22 16
    endloop
  endfacet
  facet normal 0 0.0523081 -0.998631
    outer loop
      vertex 43 22.4181 16.0219
      vertex 29 22 16
      vertex 29 22.4181 16.0219
    endloop
  endfacet
  facet normal -0 0.0523081 0.998631
    outer loop
      vertex 29 22.4181 23.9781
      vertex 43 22 24
      vertex 43 22.4181 23.9781
    endloop
  endfacet
  facet normal 0 0.0523081 0.998631
    outer loop
      vertex 43 22 24
      vertex 29 22.4181 23.9781
      vertex 29 22 24
    endloop
  endfacet
  facet normal 0 0.77715 0.629315
    outer loop
      vertex 43 25.2361 22.3511
      vertex 29 24.9726 22.6765
      vertex 43 24.9726 22.6765
    endloop
  endfacet
  facet normal 0 0.77715 0.629315
    outer loop
      vertex 29 24.9726 22.6765
      vertex 43 25.2361 22.3511
      vertex 29 25.2361 22.3511
    endloop
  endfacet
  facet normal 0 0.965917 0.258851
    outer loop
      vertex 43 25.9126 20.8316
      vertex 29 25.8042 21.2361
      vertex 43 25.8042 21.2361
    endloop
  endfacet
  facet normal 0 0.965917 0.258851
    outer loop
      vertex 29 25.8042 21.2361
      vertex 43 25.9126 20.8316
      vertex 29 25.9126 20.8316
    endloop
  endfacet
  facet normal 0 0.933592 -0.358339
    outer loop
      vertex 43 25.6542 18.3731
      vertex 29 25.8042 18.7639
      vertex 43 25.8042 18.7639
    endloop
  endfacet
  facet normal 0 0.933592 -0.358339
    outer loop
      vertex 29 25.8042 18.7639
      vertex 43 25.6542 18.3731
      vertex 29 25.6542 18.3731
    endloop
  endfacet
  facet normal -0 0.544627 0.838678
    outer loop
      vertex 29 24.3511 23.2361
      vertex 43 24 23.4641
      vertex 43 24.3511 23.2361
    endloop
  endfacet
  facet normal 0 0.544627 0.838678
    outer loop
      vertex 43 24 23.4641
      vertex 29 24.3511 23.2361
      vertex 29 24 23.4641
    endloop
  endfacet
  facet normal -0 0.629315 0.77715
    outer loop
      vertex 29 24.6765 22.9726
      vertex 43 24.3511 23.2361
      vertex 43 24.6765 22.9726
    endloop
  endfacet
  facet normal 0 0.629315 0.77715
    outer loop
      vertex 43 24.3511 23.2361
      vertex 29 24.6765 22.9726
      vertex 29 24.3511 23.2361
    endloop
  endfacet
  facet normal 0 0.998631 0.0523081
    outer loop
      vertex 43 26 20
      vertex 29 25.9781 20.4181
      vertex 43 25.9781 20.4181
    endloop
  endfacet
  facet normal 0 0.998631 0.0523081
    outer loop
      vertex 29 25.9781 20.4181
      vertex 43 26 20
      vertex 29 26 20
    endloop
  endfacet
  facet normal 0 -0.156453 0.987685
    outer loop
      vertex 29 21.5819 23.9781
      vertex 43 21.1684 23.9126
      vertex 43 21.5819 23.9781
    endloop
  endfacet
  facet normal 0 -0.156453 0.987685
    outer loop
      vertex 43 21.1684 23.9126
      vertex 29 21.5819 23.9781
      vertex 29 21.1684 23.9126
    endloop
  endfacet
  facet normal 0 0.156453 -0.987685
    outer loop
      vertex 29 22.4181 16.0219
      vertex 43 22.8316 16.0874
      vertex 43 22.4181 16.0219
    endloop
  endfacet
  facet normal 0 0.156453 -0.987685
    outer loop
      vertex 43 22.8316 16.0874
      vertex 29 22.4181 16.0219
      vertex 29 22.8316 16.0874
    endloop
  endfacet
  facet normal 0 0.358339 -0.933592
    outer loop
      vertex 29 23.2361 16.1958
      vertex 43 23.6269 16.3458
      vertex 43 23.2361 16.1958
    endloop
  endfacet
  facet normal 0 0.358339 -0.933592
    outer loop
      vertex 43 23.6269 16.3458
      vertex 29 23.2361 16.1958
      vertex 29 23.6269 16.3458
    endloop
  endfacet
  facet normal 0 0.629315 -0.77715
    outer loop
      vertex 29 24.3511 16.7639
      vertex 43 24.6765 17.0274
      vertex 43 24.3511 16.7639
    endloop
  endfacet
  facet normal 0 0.629315 -0.77715
    outer loop
      vertex 43 24.6765 17.0274
      vertex 29 24.3511 16.7639
      vertex 29 24.6765 17.0274
    endloop
  endfacet
  facet normal 0 0.453983 -0.89101
    outer loop
      vertex 29 23.6269 16.3458
      vertex 43 24 16.5359
      vertex 43 23.6269 16.3458
    endloop
  endfacet
  facet normal 0 0.453983 -0.89101
    outer loop
      vertex 43 24 16.5359
      vertex 29 23.6269 16.3458
      vertex 29 24 16.5359
    endloop
  endfacet
  facet normal 0 0.998631 -0.0523081
    outer loop
      vertex 43 25.9781 19.5819
      vertex 29 26 20
      vertex 43 26 20
    endloop
  endfacet
  facet normal 0 0.998631 -0.0523081
    outer loop
      vertex 29 26 20
      vertex 43 25.9781 19.5819
      vertex 29 25.9781 19.5819
    endloop
  endfacet
  facet normal 0 0.965917 -0.258851
    outer loop
      vertex 43 25.8042 18.7639
      vertex 29 25.9126 19.1684
      vertex 43 25.9126 19.1684
    endloop
  endfacet
  facet normal 0 0.965917 -0.258851
    outer loop
      vertex 29 25.9126 19.1684
      vertex 43 25.8042 18.7639
      vertex 29 25.8042 18.7639
    endloop
  endfacet
  facet normal 0 0.987685 -0.156453
    outer loop
      vertex 43 25.9126 19.1684
      vertex 29 25.9781 19.5819
      vertex 43 25.9781 19.5819
    endloop
  endfacet
  facet normal 0 0.987685 -0.156453
    outer loop
      vertex 29 25.9781 19.5819
      vertex 43 25.9126 19.1684
      vertex 29 25.9126 19.1684
    endloop
  endfacet
  facet normal 0 0.77715 -0.629315
    outer loop
      vertex 43 24.9726 17.3235
      vertex 29 25.2361 17.6489
      vertex 43 25.2361 17.6489
    endloop
  endfacet
  facet normal 0 0.77715 -0.629315
    outer loop
      vertex 29 25.2361 17.6489
      vertex 43 24.9726 17.3235
      vertex 29 24.9726 17.3235
    endloop
  endfacet
  facet normal 0 0.89101 -0.453983
    outer loop
      vertex 43 25.4641 18
      vertex 29 25.6542 18.3731
      vertex 43 25.6542 18.3731
    endloop
  endfacet
  facet normal 0 0.89101 -0.453983
    outer loop
      vertex 29 25.6542 18.3731
      vertex 43 25.4641 18
      vertex 29 25.4641 18
    endloop
  endfacet
  facet normal -0 0.453983 0.89101
    outer loop
      vertex 29 24 23.4641
      vertex 43 23.6269 23.6542
      vertex 43 24 23.4641
    endloop
  endfacet
  facet normal 0 0.453983 0.89101
    outer loop
      vertex 43 23.6269 23.6542
      vertex 29 24 23.4641
      vertex 29 23.6269 23.6542
    endloop
  endfacet
  facet normal -0 0.358339 0.933592
    outer loop
      vertex 29 23.6269 23.6542
      vertex 43 23.2361 23.8042
      vertex 43 23.6269 23.6542
    endloop
  endfacet
  facet normal 0 0.358339 0.933592
    outer loop
      vertex 43 23.2361 23.8042
      vertex 29 23.6269 23.6542
      vertex 29 23.2361 23.8042
    endloop
  endfacet
  facet normal -0 0.258851 0.965917
    outer loop
      vertex 29 23.2361 23.8042
      vertex 43 22.8316 23.9126
      vertex 43 23.2361 23.8042
    endloop
  endfacet
  facet normal 0 0.258851 0.965917
    outer loop
      vertex 43 22.8316 23.9126
      vertex 29 23.2361 23.8042
      vertex 29 22.8316 23.9126
    endloop
  endfacet
  facet normal -0 0.156453 0.987685
    outer loop
      vertex 29 22.8316 23.9126
      vertex 43 22.4181 23.9781
      vertex 43 22.8316 23.9126
    endloop
  endfacet
  facet normal 0 0.156453 0.987685
    outer loop
      vertex 43 22.4181 23.9781
      vertex 29 22.8316 23.9126
      vertex 29 22.4181 23.9781
    endloop
  endfacet
  facet normal 0 0.89101 0.453983
    outer loop
      vertex 43 25.6542 21.6269
      vertex 29 25.4641 22
      vertex 43 25.4641 22
    endloop
  endfacet
  facet normal 0 0.89101 0.453983
    outer loop
      vertex 29 25.4641 22
      vertex 43 25.6542 21.6269
      vertex 29 25.6542 21.6269
    endloop
  endfacet
  facet normal 0 -0.838678 -0.544627
    outer loop
      vertex 29 18.7639 17.6489
      vertex 43 18.5359 18
      vertex 29 18.5359 18
    endloop
  endfacet
  facet normal 0 -0.838678 -0.544627
    outer loop
      vertex 43 18.5359 18
      vertex 29 18.7639 17.6489
      vertex 43 18.7639 17.6489
    endloop
  endfacet
  facet normal 0 -0.358339 -0.933592
    outer loop
      vertex 29 20.3731 16.3458
      vertex 43 20.7639 16.1958
      vertex 43 20.3731 16.3458
    endloop
  endfacet
  facet normal -0 -0.358339 -0.933592
    outer loop
      vertex 43 20.7639 16.1958
      vertex 29 20.3731 16.3458
      vertex 29 20.7639 16.1958
    endloop
  endfacet
  facet normal 0 -0.629315 0.77715
    outer loop
      vertex 29 19.6489 23.2361
      vertex 43 19.3235 22.9726
      vertex 43 19.6489 23.2361
    endloop
  endfacet
  facet normal 0 -0.629315 0.77715
    outer loop
      vertex 43 19.3235 22.9726
      vertex 29 19.6489 23.2361
      vertex 29 19.3235 22.9726
    endloop
  endfacet
  facet normal 0 -0.89101 -0.453983
    outer loop
      vertex 29 18.5359 18
      vertex 43 18.3458 18.3731
      vertex 29 18.3458 18.3731
    endloop
  endfacet
  facet normal 0 -0.89101 -0.453983
    outer loop
      vertex 43 18.3458 18.3731
      vertex 29 18.5359 18
      vertex 43 18.5359 18
    endloop
  endfacet
  facet normal 0 -0.933592 -0.358339
    outer loop
      vertex 29 18.3458 18.3731
      vertex 43 18.1958 18.7639
      vertex 29 18.1958 18.7639
    endloop
  endfacet
  facet normal 0 -0.933592 -0.358339
    outer loop
      vertex 43 18.1958 18.7639
      vertex 29 18.3458 18.3731
      vertex 43 18.3458 18.3731
    endloop
  endfacet
  facet normal 0 0.258851 -0.965917
    outer loop
      vertex 29 22.8316 16.0874
      vertex 43 23.2361 16.1958
      vertex 43 22.8316 16.0874
    endloop
  endfacet
  facet normal 0 0.258851 -0.965917
    outer loop
      vertex 43 23.2361 16.1958
      vertex 29 22.8316 16.0874
      vertex 29 23.2361 16.1958
    endloop
  endfacet
  facet normal 0 0.707107 -0.707107
    outer loop
      vertex 29 24.6765 17.0274
      vertex 43 24.9726 17.3235
      vertex 43 24.6765 17.0274
    endloop
  endfacet
  facet normal 0 0.707107 -0.707107
    outer loop
      vertex 43 24.9726 17.3235
      vertex 29 24.6765 17.0274
      vertex 29 24.9726 17.3235
    endloop
  endfacet
  facet normal 0 0.544627 -0.838678
    outer loop
      vertex 29 24 16.5359
      vertex 43 24.3511 16.7639
      vertex 43 24 16.5359
    endloop
  endfacet
  facet normal 0 0.544627 -0.838678
    outer loop
      vertex 43 24.3511 16.7639
      vertex 29 24 16.5359
      vertex 29 24.3511 16.7639
    endloop
  endfacet
  facet normal 0 0.838678 -0.544627
    outer loop
      vertex 43 25.2361 17.6489
      vertex 29 25.4641 18
      vertex 43 25.4641 18
    endloop
  endfacet
  facet normal 0 0.838678 -0.544627
    outer loop
      vertex 29 25.4641 18
      vertex 43 25.2361 17.6489
      vertex 29 25.2361 17.6489
    endloop
  endfacet
  facet normal 0 0.707107 0.707107
    outer loop
      vertex 43 24.9726 22.6765
      vertex 29 24.6765 22.9726
      vertex 43 24.6765 22.9726
    endloop
  endfacet
  facet normal 0 0.707107 0.707107
    outer loop
      vertex 29 24.6765 22.9726
      vertex 43 24.9726 22.6765
      vertex 29 24.9726 22.6765
    endloop
  endfacet
  facet normal 0 0.838678 0.544627
    outer loop
      vertex 43 25.4641 22
      vertex 29 25.2361 22.3511
      vertex 43 25.2361 22.3511
    endloop
  endfacet
  facet normal 0 0.838678 0.544627
    outer loop
      vertex 29 25.2361 22.3511
      vertex 43 25.4641 22
      vertex 29 25.4641 22
    endloop
  endfacet
  facet normal 0 0.933592 0.358339
    outer loop
      vertex 43 25.8042 21.2361
      vertex 29 25.6542 21.6269
      vertex 43 25.6542 21.6269
    endloop
  endfacet
  facet normal 0 0.933592 0.358339
    outer loop
      vertex 29 25.6542 21.6269
      vertex 43 25.8042 21.2361
      vertex 29 25.8042 21.2361
    endloop
  endfacet
  facet normal 0 0.987685 0.156453
    outer loop
      vertex 43 25.9781 20.4181
      vertex 29 25.9126 20.8316
      vertex 43 25.9126 20.8316
    endloop
  endfacet
  facet normal 0 0.987685 0.156453
    outer loop
      vertex 29 25.9126 20.8316
      vertex 43 25.9781 20.4181
      vertex 29 25.9781 20.4181
    endloop
  endfacet
  facet normal 0 -0.544627 -0.838678
    outer loop
      vertex 29 19.6489 16.7639
      vertex 43 20 16.5359
      vertex 43 19.6489 16.7639
    endloop
  endfacet
  facet normal -0 -0.544627 -0.838678
    outer loop
      vertex 43 20 16.5359
      vertex 29 19.6489 16.7639
      vertex 29 20 16.5359
    endloop
  endfacet
  facet normal 0 -0.258851 -0.965917
    outer loop
      vertex 29 20.7639 16.1958
      vertex 43 21.1684 16.0874
      vertex 43 20.7639 16.1958
    endloop
  endfacet
  facet normal -0 -0.258851 -0.965917
    outer loop
      vertex 43 21.1684 16.0874
      vertex 29 20.7639 16.1958
      vertex 29 21.1684 16.0874
    endloop
  endfacet
  facet normal 0 -0.156453 -0.987685
    outer loop
      vertex 29 21.1684 16.0874
      vertex 43 21.5819 16.0219
      vertex 43 21.1684 16.0874
    endloop
  endfacet
  facet normal -0 -0.156453 -0.987685
    outer loop
      vertex 43 21.5819 16.0219
      vertex 29 21.1684 16.0874
      vertex 29 21.5819 16.0219
    endloop
  endfacet
  facet normal 0 -0.0523081 -0.998631
    outer loop
      vertex 29 21.5819 16.0219
      vertex 43 22 16
      vertex 43 21.5819 16.0219
    endloop
  endfacet
  facet normal -0 -0.0523081 -0.998631
    outer loop
      vertex 43 22 16
      vertex 29 21.5819 16.0219
      vertex 29 22 16
    endloop
  endfacet
  facet normal -1 0 0
    outer loop
      vertex 29 23.25 20
      vertex 29 26 20
      vertex 29 25.9781 19.5819
    endloop
  endfacet
  facet normal -1 0 0
    outer loop
      vertex 29 23.2432 19.8693
      vertex 29 25.9781 19.5819
      vertex 29 25.9126 19.1684
    endloop
  endfacet
  facet normal -1 0 0
    outer loop
      vertex 29 26 20
      vertex 29 23.25 20
      vertex 29 25.9781 20.4181
    endloop
  endfacet
  facet normal -1 0 0
    outer loop
      vertex 29 23.2227 19.7401
      vertex 29 25.9126 19.1684
      vertex 29 25.8042 18.7639
    endloop
  endfacet
  facet normal -1 0 0
    outer loop
      vertex 29 23.2432 20.1307
      vertex 29 25.9781 20.4181
      vertex 29 23.25 20
    endloop
  endfacet
  facet normal -1 0 0
    outer loop
      vertex 29 23.1888 19.6137
      vertex 29 25.8042 18.7639
      vertex 29 25.6542 18.3731
    endloop
  endfacet
  facet normal -1 -0 0
    outer loop
      vertex 29 25.9781 20.4181
      vertex 29 23.2432 20.1307
      vertex 29 25.9126 20.8316
    endloop
  endfacet
  facet normal -1 0 0
    outer loop
      vertex 29 23.1419 19.4916
      vertex 29 25.6542 18.3731
      vertex 29 25.4641 18
    endloop
  endfacet
  facet normal -1 0 0
    outer loop
      vertex 29 23.2227 20.2599
      vertex 29 25.9126 20.8316
      vertex 29 23.2432 20.1307
    endloop
  endfacet
  facet normal -1 0 0
    outer loop
      vertex 29 23.0825 19.375
      vertex 29 25.4641 18
      vertex 29 25.2361 17.6489
    endloop
  endfacet
  facet normal -1 -0 0
    outer loop
      vertex 29 25.9126 20.8316
      vertex 29 23.2227 20.2599
      vertex 29 25.8042 21.2361
    endloop
  endfacet
  facet normal -1 0 0
    outer loop
      vertex 29 23.0113 19.2653
      vertex 29 25.2361 17.6489
      vertex 29 24.9726 17.3235
    endloop
  endfacet
  facet normal -1 0 0
    outer loop
      vertex 29 23.1888 20.3863
      vertex 29 25.8042 21.2361
      vertex 29 23.2227 20.2599
    endloop
  endfacet
  facet normal -1 0 0
    outer loop
      vertex 29 22.9289 19.1636
      vertex 29 24.9726 17.3235
      vertex 29 24.6765 17.0274
    endloop
  endfacet
  facet normal -1 -0 0
    outer loop
      vertex 29 25.8042 21.2361
      vertex 29 23.1888 20.3863
      vertex 29 25.6542 21.6269
    endloop
  endfacet
  facet normal -1 0 0
    outer loop
      vertex 29 22.8364 19.0711
      vertex 29 24.6765 17.0274
      vertex 29 24.3511 16.7639
    endloop
  endfacet
  facet normal -1 0 0
    outer loop
      vertex 29 23.1419 20.5084
      vertex 29 25.6542 21.6269
      vertex 29 23.1888 20.3863
    endloop
  endfacet
  facet normal -1 0 0
    outer loop
      vertex 29 22.7347 18.9887
      vertex 29 24.3511 16.7639
      vertex 29 24 16.5359
    endloop
  endfacet
  facet normal -1 -0 0
    outer loop
      vertex 29 25.6542 21.6269
      vertex 29 23.1419 20.5084
      vertex 29 25.4641 22
    endloop
  endfacet
  facet normal -1 0 0
    outer loop
      vertex 29 22.625 18.9175
      vertex 29 24 16.5359
      vertex 29 23.6269 16.3458
    endloop
  endfacet
  facet normal -1 0 0
    outer loop
      vertex 29 23.0825 20.625
      vertex 29 25.4641 22
      vertex 29 23.1419 20.5084
    endloop
  endfacet
  facet normal -1 -0 0
    outer loop
      vertex 29 25.4641 22
      vertex 29 23.0825 20.625
      vertex 29 25.2361 22.3511
    endloop
  endfacet
  facet normal -1 0 0
    outer loop
      vertex 29 25.9781 19.5819
      vertex 29 23.2432 19.8693
      vertex 29 23.25 20
    endloop
  endfacet
  facet normal -1 0 0
    outer loop
      vertex 29 22.5084 18.8581
      vertex 29 23.6269 16.3458
      vertex 29 23.2361 16.1958
    endloop
  endfacet
  facet normal -1 0 0
    outer loop
      vertex 29 25.9126 19.1684
      vertex 29 23.2227 19.7401
      vertex 29 23.2432 19.8693
    endloop
  endfacet
  facet normal -1 0 0
    outer loop
      vertex 29 25.8042 18.7639
      vertex 29 23.1888 19.6137
      vertex 29 23.2227 19.7401
    endloop
  endfacet
  facet normal -1 0 0
    outer loop
      vertex 29 25.6542 18.3731
      vertex 29 23.1419 19.4916
      vertex 29 23.1888 19.6137
    endloop
  endfacet
  facet normal -1 0 0
    outer loop
      vertex 29 25.4641 18
      vertex 29 23.0825 19.375
      vertex 29 23.1419 19.4916
    endloop
  endfacet
  facet normal -1 0 0
    outer loop
      vertex 29 25.2361 17.6489
      vertex 29 23.0113 19.2653
      vertex 29 23.0825 19.375
    endloop
  endfacet
  facet normal -1 0 0
    outer loop
      vertex 29 24.9726 17.3235
      vertex 29 22.9289 19.1636
      vertex 29 23.0113 19.2653
    endloop
  endfacet
  facet normal -1 0 0
    outer loop
      vertex 29 24.6765 17.0274
      vertex 29 22.8364 19.0711
      vertex 29 22.9289 19.1636
    endloop
  endfacet
  facet normal -1 0 0
    outer loop
      vertex 29 22.3863 18.8112
      vertex 29 23.2361 16.1958
      vertex 29 22.8316 16.0874
    endloop
  endfacet
  facet normal -1 0 0
    outer loop
      vertex 29 24.3511 16.7639
      vertex 29 22.7347 18.9887
      vertex 29 22.8364 19.0711
    endloop
  endfacet
  facet normal -1 0 0
    outer loop
      vertex 29 24 16.5359
      vertex 29 22.625 18.9175
      vertex 29 22.7347 18.9887
    endloop
  endfacet
  facet normal -1 0 0
    outer loop
      vertex 29 23.6269 16.3458
      vertex 29 22.5084 18.8581
      vertex 29 22.625 18.9175
    endloop
  endfacet
  facet normal -1 0 0
    outer loop
      vertex 29 22.2599 18.7773
      vertex 29 22.8316 16.0874
      vertex 29 22.4181 16.0219
    endloop
  endfacet
  facet normal -1 0 0
    outer loop
      vertex 29 23.2361 16.1958
      vertex 29 22.3863 18.8112
      vertex 29 22.5084 18.8581
    endloop
  endfacet
  facet normal -1 0 0
    outer loop
      vertex 29 22.8316 16.0874
      vertex 29 22.2599 18.7773
      vertex 29 22.3863 18.8112
    endloop
  endfacet
  facet normal -1 0 0
    outer loop
      vertex 29 22.4181 16.0219
      vertex 29 22.1307 18.7568
      vertex 29 22.2599 18.7773
    endloop
  endfacet
  facet normal -1 0 0
    outer loop
      vertex 29 22 16
      vertex 29 22.1307 18.7568
      vertex 29 22.4181 16.0219
    endloop
  endfacet
  facet normal -1 0 0
    outer loop
      vertex 29 22 16
      vertex 29 22 18.75
      vertex 29 22.1307 18.7568
    endloop
  endfacet
  facet normal -1 0 0
    outer loop
      vertex 29 22 16
      vertex 29 21.8693 18.7568
      vertex 29 22 18.75
    endloop
  endfacet
  facet normal -1 0 0
    outer loop
      vertex 29 21.5819 16.0219
      vertex 29 21.8693 18.7568
      vertex 29 22 16
    endloop
  endfacet
  facet normal -1 -0 0
    outer loop
      vertex 29 21.8693 18.7568
      vertex 29 21.5819 16.0219
      vertex 29 21.7401 18.7773
    endloop
  endfacet
  facet normal -1 0 0
    outer loop
      vertex 29 21.1684 16.0874
      vertex 29 21.7401 18.7773
      vertex 29 21.5819 16.0219
    endloop
  endfacet
  facet normal -1 -0 0
    outer loop
      vertex 29 21.7401 18.7773
      vertex 29 21.1684 16.0874
      vertex 29 21.6137 18.8112
    endloop
  endfacet
  facet normal -1 0 0
    outer loop
      vertex 29 20.7639 16.1958
      vertex 29 21.6137 18.8112
      vertex 29 21.1684 16.0874
    endloop
  endfacet
  facet normal -1 -0 0
    outer loop
      vertex 29 21.6137 18.8112
      vertex 29 20.7639 16.1958
      vertex 29 21.4916 18.8581
    endloop
  endfacet
  facet normal -1 0 0
    outer loop
      vertex 29 20.3731 16.3458
      vertex 29 21.4916 18.8581
      vertex 29 20.7639 16.1958
    endloop
  endfacet
  facet normal -1 -0 0
    outer loop
      vertex 29 21.4916 18.8581
      vertex 29 20.3731 16.3458
      vertex 29 21.375 18.9175
    endloop
  endfacet
  facet normal -1 0 0
    outer loop
      vertex 29 20 16.5359
      vertex 29 21.375 18.9175
      vertex 29 20.3731 16.3458
    endloop
  endfacet
  facet normal -1 -0 0
    outer loop
      vertex 29 21.375 18.9175
      vertex 29 20 16.5359
      vertex 29 21.2653 18.9887
    endloop
  endfacet
  facet normal -1 0 0
    outer loop
      vertex 29 19.6489 16.7639
      vertex 29 21.2653 18.9887
      vertex 29 20 16.5359
    endloop
  endfacet
  facet normal -1 -0 0
    outer loop
      vertex 29 21.2653 18.9887
      vertex 29 19.6489 16.7639
      vertex 29 21.1636 19.0711
    endloop
  endfacet
  facet normal -1 0 0
    outer loop
      vertex 29 19.3235 17.0274
      vertex 29 21.1636 19.0711
      vertex 29 19.6489 16.7639
    endloop
  endfacet
  facet normal -1 -0 0
    outer loop
      vertex 29 21.1636 19.0711
      vertex 29 19.3235 17.0274
      vertex 29 21.0711 19.1636
    endloop
  endfacet
  facet normal -1 0 0
    outer loop
      vertex 29 19.0274 17.3235
      vertex 29 21.0711 19.1636
      vertex 29 19.3235 17.0274
    endloop
  endfacet
  facet normal -1 -0 0
    outer loop
      vertex 29 21.0711 19.1636
      vertex 29 19.0274 17.3235
      vertex 29 20.9887 19.2653
    endloop
  endfacet
  facet normal -1 0 0
    outer loop
      vertex 29 18.7639 17.6489
      vertex 29 20.9887 19.2653
      vertex 29 19.0274 17.3235
    endloop
  endfacet
  facet normal -1 -0 0
    outer loop
      vertex 29 20.9887 19.2653
      vertex 29 18.7639 17.6489
      vertex 29 20.9175 19.375
    endloop
  endfacet
  facet normal -1 0 0
    outer loop
      vertex 29 23.0113 20.7347
      vertex 29 25.2361 22.3511
      vertex 29 23.0825 20.625
    endloop
  endfacet
  facet normal -1 -0 0
    outer loop
      vertex 29 25.2361 22.3511
      vertex 29 23.0113 20.7347
      vertex 29 24.9726 22.6765
    endloop
  endfacet
  facet normal -1 0 0
    outer loop
      vertex 29 22.9289 20.8364
      vertex 29 24.9726 22.6765
      vertex 29 23.0113 20.7347
    endloop
  endfacet
  facet normal -1 -0 0
    outer loop
      vertex 29 24.9726 22.6765
      vertex 29 22.9289 20.8364
      vertex 29 24.6765 22.9726
    endloop
  endfacet
  facet normal -1 0 0
    outer loop
      vertex 29 22.8364 20.9289
      vertex 29 24.6765 22.9726
      vertex 29 22.9289 20.8364
    endloop
  endfacet
  facet normal -1 -0 0
    outer loop
      vertex 29 24.6765 22.9726
      vertex 29 22.8364 20.9289
      vertex 29 24.3511 23.2361
    endloop
  endfacet
  facet normal -1 0 0
    outer loop
      vertex 29 22.7347 21.0113
      vertex 29 24.3511 23.2361
      vertex 29 22.8364 20.9289
    endloop
  endfacet
  facet normal -1 -0 0
    outer loop
      vertex 29 24.3511 23.2361
      vertex 29 22.7347 21.0113
      vertex 29 24 23.4641
    endloop
  endfacet
  facet normal -1 0 0
    outer loop
      vertex 29 22.625 21.0825
      vertex 29 24 23.4641
      vertex 29 22.7347 21.0113
    endloop
  endfacet
  facet normal -1 -0 0
    outer loop
      vertex 29 24 23.4641
      vertex 29 22.625 21.0825
      vertex 29 23.6269 23.6542
    endloop
  endfacet
  facet normal -1 0 0
    outer loop
      vertex 29 22.5084 21.1419
      vertex 29 23.6269 23.6542
      vertex 29 22.625 21.0825
    endloop
  endfacet
  facet normal -1 -0 0
    outer loop
      vertex 29 23.6269 23.6542
      vertex 29 22.5084 21.1419
      vertex 29 23.2361 23.8042
    endloop
  endfacet
  facet normal -1 0 0
    outer loop
      vertex 29 22.3863 21.1888
      vertex 29 23.2361 23.8042
      vertex 29 22.5084 21.1419
    endloop
  endfacet
  facet normal -1 -0 0
    outer loop
      vertex 29 23.2361 23.8042
      vertex 29 22.3863 21.1888
      vertex 29 22.8316 23.9126
    endloop
  endfacet
  facet normal -1 0 0
    outer loop
      vertex 29 22.2599 21.2227
      vertex 29 22.8316 23.9126
      vertex 29 22.3863 21.1888
    endloop
  endfacet
  facet normal -1 -0 0
    outer loop
      vertex 29 22.8316 23.9126
      vertex 29 22.2599 21.2227
      vertex 29 22.4181 23.9781
    endloop
  endfacet
  facet normal -1 0 0
    outer loop
      vertex 29 22.1307 21.2432
      vertex 29 22.4181 23.9781
      vertex 29 22.2599 21.2227
    endloop
  endfacet
  facet normal -1 0 0
    outer loop
      vertex 29 22 21.25
      vertex 29 22.4181 23.9781
      vertex 29 22.1307 21.2432
    endloop
  endfacet
  facet normal -1 0 0
    outer loop
      vertex 29 22 21.25
      vertex 29 22 24
      vertex 29 22.4181 23.9781
    endloop
  endfacet
  facet normal -1 0 0
    outer loop
      vertex 29 21.8693 21.2432
      vertex 29 22 24
      vertex 29 22 21.25
    endloop
  endfacet
  facet normal -1 0 0
    outer loop
      vertex 29 21.5819 23.9781
      vertex 29 21.8693 21.2432
      vertex 29 21.7401 21.2227
    endloop
  endfacet
  facet normal -1 0 0
    outer loop
      vertex 29 21.1684 23.9126
      vertex 29 21.7401 21.2227
      vertex 29 21.6137 21.1888
    endloop
  endfacet
  facet normal -1 0 0
    outer loop
      vertex 29 21.8693 21.2432
      vertex 29 21.5819 23.9781
      vertex 29 22 24
    endloop
  endfacet
  facet normal -1 0 0
    outer loop
      vertex 29 20.7639 23.8042
      vertex 29 21.6137 21.1888
      vertex 29 21.4916 21.1419
    endloop
  endfacet
  facet normal -1 0 0
    outer loop
      vertex 29 20.3731 23.6542
      vertex 29 21.4916 21.1419
      vertex 29 21.375 21.0825
    endloop
  endfacet
  facet normal -1 0 0
    outer loop
      vertex 29 20 23.4641
      vertex 29 21.375 21.0825
      vertex 29 21.2653 21.0113
    endloop
  endfacet
  facet normal -1 0 0
    outer loop
      vertex 29 21.7401 21.2227
      vertex 29 21.1684 23.9126
      vertex 29 21.5819 23.9781
    endloop
  endfacet
  facet normal -1 0 0
    outer loop
      vertex 29 19.6489 23.2361
      vertex 29 21.2653 21.0113
      vertex 29 21.1636 20.9289
    endloop
  endfacet
  facet normal -1 0 0
    outer loop
      vertex 29 19.3235 22.9726
      vertex 29 21.1636 20.9289
      vertex 29 21.0711 20.8364
    endloop
  endfacet
  facet normal -1 0 0
    outer loop
      vertex 29 19.0274 22.6765
      vertex 29 21.0711 20.8364
      vertex 29 20.9887 20.7347
    endloop
  endfacet
  facet normal -1 0 0
    outer loop
      vertex 29 18.7639 22.3511
      vertex 29 20.9887 20.7347
      vertex 29 20.9175 20.625
    endloop
  endfacet
  facet normal -1 0 0
    outer loop
      vertex 29 18.5359 22
      vertex 29 20.9175 20.625
      vertex 29 20.8581 20.5084
    endloop
  endfacet
  facet normal -1 0 0
    outer loop
      vertex 29 18.3458 21.6269
      vertex 29 20.8581 20.5084
      vertex 29 20.8112 20.3863
    endloop
  endfacet
  facet normal -1 0 0
    outer loop
      vertex 29 18.1958 21.2361
      vertex 29 20.8112 20.3863
      vertex 29 20.7773 20.2599
    endloop
  endfacet
  facet normal -1 0 0
    outer loop
      vertex 29 21.6137 21.1888
      vertex 29 20.7639 23.8042
      vertex 29 21.1684 23.9126
    endloop
  endfacet
  facet normal -1 0 0
    outer loop
      vertex 29 18.0874 20.8316
      vertex 29 20.7773 20.2599
      vertex 29 20.7568 20.1307
    endloop
  endfacet
  facet normal -1 0 0
    outer loop
      vertex 29 18.0219 20.4181
      vertex 29 20.7568 20.1307
      vertex 29 20.75 20
    endloop
  endfacet
  facet normal -1 0 0
    outer loop
      vertex 29 18.5359 18
      vertex 29 20.9175 19.375
      vertex 29 18.7639 17.6489
    endloop
  endfacet
  facet normal -1 0 0
    outer loop
      vertex 29 21.4916 21.1419
      vertex 29 20.3731 23.6542
      vertex 29 20.7639 23.8042
    endloop
  endfacet
  facet normal -1 -0 0
    outer loop
      vertex 29 20.9175 19.375
      vertex 29 18.5359 18
      vertex 29 20.8581 19.4916
    endloop
  endfacet
  facet normal -1 0 0
    outer loop
      vertex 29 21.375 21.0825
      vertex 29 20 23.4641
      vertex 29 20.3731 23.6542
    endloop
  endfacet
  facet normal -1 0 0
    outer loop
      vertex 29 18.3458 18.3731
      vertex 29 20.8581 19.4916
      vertex 29 18.5359 18
    endloop
  endfacet
  facet normal -1 0 0
    outer loop
      vertex 29 21.2653 21.0113
      vertex 29 19.6489 23.2361
      vertex 29 20 23.4641
    endloop
  endfacet
  facet normal -1 -0 0
    outer loop
      vertex 29 20.8581 19.4916
      vertex 29 18.3458 18.3731
      vertex 29 20.8112 19.6137
    endloop
  endfacet
  facet normal -1 0 0
    outer loop
      vertex 29 21.1636 20.9289
      vertex 29 19.3235 22.9726
      vertex 29 19.6489 23.2361
    endloop
  endfacet
  facet normal -1 0 0
    outer loop
      vertex 29 18.1958 18.7639
      vertex 29 20.8112 19.6137
      vertex 29 18.3458 18.3731
    endloop
  endfacet
  facet normal -1 0 0
    outer loop
      vertex 29 21.0711 20.8364
      vertex 29 19.0274 22.6765
      vertex 29 19.3235 22.9726
    endloop
  endfacet
  facet normal -1 -0 0
    outer loop
      vertex 29 20.8112 19.6137
      vertex 29 18.1958 18.7639
      vertex 29 20.7773 19.7401
    endloop
  endfacet
  facet normal -1 0 0
    outer loop
      vertex 29 20.9887 20.7347
      vertex 29 18.7639 22.3511
      vertex 29 19.0274 22.6765
    endloop
  endfacet
  facet normal -1 0 0
    outer loop
      vertex 29 18.0874 19.1684
      vertex 29 20.7773 19.7401
      vertex 29 18.1958 18.7639
    endloop
  endfacet
  facet normal -1 0 0
    outer loop
      vertex 29 20.9175 20.625
      vertex 29 18.5359 22
      vertex 29 18.7639 22.3511
    endloop
  endfacet
  facet normal -1 -0 0
    outer loop
      vertex 29 20.7773 19.7401
      vertex 29 18.0874 19.1684
      vertex 29 20.7568 19.8693
    endloop
  endfacet
  facet normal -1 0 0
    outer loop
      vertex 29 20.8581 20.5084
      vertex 29 18.3458 21.6269
      vertex 29 18.5359 22
    endloop
  endfacet
  facet normal -1 0 0
    outer loop
      vertex 29 18.0219 19.5819
      vertex 29 20.7568 19.8693
      vertex 29 18.0874 19.1684
    endloop
  endfacet
  facet normal -1 0 0
    outer loop
      vertex 29 20.8112 20.3863
      vertex 29 18.1958 21.2361
      vertex 29 18.3458 21.6269
    endloop
  endfacet
  facet normal -1 -0 0
    outer loop
      vertex 29 20.7568 19.8693
      vertex 29 18.0219 19.5819
      vertex 29 20.75 20
    endloop
  endfacet
  facet normal -1 0 0
    outer loop
      vertex 29 20.7773 20.2599
      vertex 29 18.0874 20.8316
      vertex 29 18.1958 21.2361
    endloop
  endfacet
  facet normal -1 0 0
    outer loop
      vertex 29 18 20
      vertex 29 20.75 20
      vertex 29 18.0219 19.5819
    endloop
  endfacet
  facet normal -1 0 0
    outer loop
      vertex 29 20.7568 20.1307
      vertex 29 18.0219 20.4181
      vertex 29 18.0874 20.8316
    endloop
  endfacet
  facet normal -1 0 0
    outer loop
      vertex 29 20.75 20
      vertex 29 18 20
      vertex 29 18.0219 20.4181
    endloop
  endfacet
  facet normal 0 -0.933592 0.358339
    outer loop
      vertex 29 18.1958 21.2361
      vertex 43 18.3458 21.6269
      vertex 29 18.3458 21.6269
    endloop
  endfacet
  facet normal 0 -0.933592 0.358339
    outer loop
      vertex 43 18.3458 21.6269
      vertex 29 18.1958 21.2361
      vertex 43 18.1958 21.2361
    endloop
  endfacet
  facet normal 0 -0.0523081 0.998631
    outer loop
      vertex 29 22 24
      vertex 43 21.5819 23.9781
      vertex 43 22 24
    endloop
  endfacet
  facet normal 0 -0.0523081 0.998631
    outer loop
      vertex 43 21.5819 23.9781
      vertex 29 22 24
      vertex 29 21.5819 23.9781
    endloop
  endfacet
  facet normal 0 -0.453983 -0.89101
    outer loop
      vertex 29 20 16.5359
      vertex 43 20.3731 16.3458
      vertex 43 20 16.5359
    endloop
  endfacet
  facet normal -0 -0.453983 -0.89101
    outer loop
      vertex 43 20.3731 16.3458
      vertex 29 20 16.5359
      vertex 29 20.3731 16.3458
    endloop
  endfacet
  facet normal 0 -0.998631 -0.0523081
    outer loop
      vertex 29 18.0219 19.5819
      vertex 43 18 20
      vertex 29 18 20
    endloop
  endfacet
  facet normal 0 -0.998631 -0.0523081
    outer loop
      vertex 43 18 20
      vertex 29 18.0219 19.5819
      vertex 43 18.0219 19.5819
    endloop
  endfacet
  facet normal 0 -0.998631 0.0523081
    outer loop
      vertex 29 18 20
      vertex 43 18.0219 20.4181
      vertex 29 18.0219 20.4181
    endloop
  endfacet
  facet normal 0 -0.998631 0.0523081
    outer loop
      vertex 43 18.0219 20.4181
      vertex 29 18 20
      vertex 43 18 20
    endloop
  endfacet
  facet normal 0 -0.707107 0.707107
    outer loop
      vertex 29 19.0274 22.6765
      vertex 43 19.3235 22.9726
      vertex 29 19.3235 22.9726
    endloop
  endfacet
  facet normal 0 -0.707107 0.707107
    outer loop
      vertex 43 19.3235 22.9726
      vertex 29 19.0274 22.6765
      vertex 43 19.0274 22.6765
    endloop
  endfacet
  facet normal 0 -0.258851 0.965917
    outer loop
      vertex 29 21.1684 23.9126
      vertex 43 20.7639 23.8042
      vertex 43 21.1684 23.9126
    endloop
  endfacet
  facet normal 0 -0.258851 0.965917
    outer loop
      vertex 43 20.7639 23.8042
      vertex 29 21.1684 23.9126
      vertex 29 20.7639 23.8042
    endloop
  endfacet
  facet normal 0 -0.965917 -0.258851
    outer loop
      vertex 29 18.1958 18.7639
      vertex 43 18.0874 19.1684
      vertex 29 18.0874 19.1684
    endloop
  endfacet
  facet normal 0 -0.965917 -0.258851
    outer loop
      vertex 43 18.0874 19.1684
      vertex 29 18.1958 18.7639
      vertex 43 18.1958 18.7639
    endloop
  endfacet
  facet normal 0 -0.987685 -0.156453
    outer loop
      vertex 29 18.0874 19.1684
      vertex 43 18.0219 19.5819
      vertex 29 18.0219 19.5819
    endloop
  endfacet
  facet normal 0 -0.987685 -0.156453
    outer loop
      vertex 43 18.0219 19.5819
      vertex 29 18.0874 19.1684
      vertex 43 18.0874 19.1684
    endloop
  endfacet
  facet normal 0 -0.707107 -0.707107
    outer loop
      vertex 29 19.3235 17.0274
      vertex 43 19.0274 17.3235
      vertex 29 19.0274 17.3235
    endloop
  endfacet
  facet normal 0 -0.707107 -0.707107
    outer loop
      vertex 43 19.0274 17.3235
      vertex 29 19.3235 17.0274
      vertex 43 19.3235 17.0274
    endloop
  endfacet
  facet normal 0 -0.77715 -0.629315
    outer loop
      vertex 29 19.0274 17.3235
      vertex 43 18.7639 17.6489
      vertex 29 18.7639 17.6489
    endloop
  endfacet
  facet normal 0 -0.77715 -0.629315
    outer loop
      vertex 43 18.7639 17.6489
      vertex 29 19.0274 17.3235
      vertex 43 19.0274 17.3235
    endloop
  endfacet
  facet normal 0 -0.629315 -0.77715
    outer loop
      vertex 29 19.3235 17.0274
      vertex 43 19.6489 16.7639
      vertex 43 19.3235 17.0274
    endloop
  endfacet
  facet normal -0 -0.629315 -0.77715
    outer loop
      vertex 43 19.6489 16.7639
      vertex 29 19.3235 17.0274
      vertex 29 19.6489 16.7639
    endloop
  endfacet
  facet normal 0 -0.965917 0.258851
    outer loop
      vertex 29 18.0874 20.8316
      vertex 43 18.1958 21.2361
      vertex 29 18.1958 21.2361
    endloop
  endfacet
  facet normal 0 -0.965917 0.258851
    outer loop
      vertex 43 18.1958 21.2361
      vertex 29 18.0874 20.8316
      vertex 43 18.0874 20.8316
    endloop
  endfacet
  facet normal 1 0 0
    outer loop
      vertex 43 25.9781 20.4181
      vertex 43 25.9781 19.5819
      vertex 43 26 20
    endloop
  endfacet
  facet normal 1 0 0
    outer loop
      vertex 43 25.9126 20.8316
      vertex 43 25.9781 19.5819
      vertex 43 25.9781 20.4181
    endloop
  endfacet
  facet normal 1 0 0
    outer loop
      vertex 43 25.9126 20.8316
      vertex 43 25.9126 19.1684
      vertex 43 25.9781 19.5819
    endloop
  endfacet
  facet normal 1 0 0
    outer loop
      vertex 43 25.8042 21.2361
      vertex 43 25.9126 19.1684
      vertex 43 25.9126 20.8316
    endloop
  endfacet
  facet normal 1 0 0
    outer loop
      vertex 43 25.8042 21.2361
      vertex 43 25.8042 18.7639
      vertex 43 25.9126 19.1684
    endloop
  endfacet
  facet normal 1 0 0
    outer loop
      vertex 43 25.6542 21.6269
      vertex 43 25.8042 18.7639
      vertex 43 25.8042 21.2361
    endloop
  endfacet
  facet normal 1 0 0
    outer loop
      vertex 43 25.6542 21.6269
      vertex 43 25.6542 18.3731
      vertex 43 25.8042 18.7639
    endloop
  endfacet
  facet normal 1 0 0
    outer loop
      vertex 43 25.4641 22
      vertex 43 25.6542 18.3731
      vertex 43 25.6542 21.6269
    endloop
  endfacet
  facet normal 1 0 0
    outer loop
      vertex 43 25.4641 22
      vertex 43 25.4641 18
      vertex 43 25.6542 18.3731
    endloop
  endfacet
  facet normal 1 0 0
    outer loop
      vertex 43 25.2361 22.3511
      vertex 43 25.4641 18
      vertex 43 25.4641 22
    endloop
  endfacet
  facet normal 1 0 0
    outer loop
      vertex 43 25.2361 22.3511
      vertex 43 25.2361 17.6489
      vertex 43 25.4641 18
    endloop
  endfacet
  facet normal 1 0 0
    outer loop
      vertex 43 24.9726 22.6765
      vertex 43 25.2361 17.6489
      vertex 43 25.2361 22.3511
    endloop
  endfacet
  facet normal 1 0 0
    outer loop
      vertex 43 24.9726 22.6765
      vertex 43 24.9726 17.3235
      vertex 43 25.2361 17.6489
    endloop
  endfacet
  facet normal 1 0 0
    outer loop
      vertex 43 24.6765 22.9726
      vertex 43 24.9726 17.3235
      vertex 43 24.9726 22.6765
    endloop
  endfacet
  facet normal 1 0 0
    outer loop
      vertex 43 24.6765 22.9726
      vertex 43 24.6765 17.0274
      vertex 43 24.9726 17.3235
    endloop
  endfacet
  facet normal 1 0 0
    outer loop
      vertex 43 24.3511 23.2361
      vertex 43 24.6765 17.0274
      vertex 43 24.6765 22.9726
    endloop
  endfacet
  facet normal 1 0 0
    outer loop
      vertex 43 24.3511 23.2361
      vertex 43 24.3511 16.7639
      vertex 43 24.6765 17.0274
    endloop
  endfacet
  facet normal 1 0 0
    outer loop
      vertex 43 24 23.4641
      vertex 43 24.3511 16.7639
      vertex 43 24.3511 23.2361
    endloop
  endfacet
  facet normal 1 0 0
    outer loop
      vertex 43 24 23.4641
      vertex 43 24 16.5359
      vertex 43 24.3511 16.7639
    endloop
  endfacet
  facet normal 1 0 0
    outer loop
      vertex 43 23.6269 23.6542
      vertex 43 24 16.5359
      vertex 43 24 23.4641
    endloop
  endfacet
  facet normal 1 0 0
    outer loop
      vertex 43 23.6269 23.6542
      vertex 43 23.6269 16.3458
      vertex 43 24 16.5359
    endloop
  endfacet
  facet normal 1 0 0
    outer loop
      vertex 43 23.2361 23.8042
      vertex 43 23.6269 16.3458
      vertex 43 23.6269 23.6542
    endloop
  endfacet
  facet normal 1 0 0
    outer loop
      vertex 43 23.2361 23.8042
      vertex 43 23.2361 16.1958
      vertex 43 23.6269 16.3458
    endloop
  endfacet
  facet normal 1 0 0
    outer loop
      vertex 43 22.8316 23.9126
      vertex 43 23.2361 16.1958
      vertex 43 23.2361 23.8042
    endloop
  endfacet
  facet normal 1 0 0
    outer loop
      vertex 43 22.8316 23.9126
      vertex 43 22.8316 16.0874
      vertex 43 23.2361 16.1958
    endloop
  endfacet
  facet normal 1 0 0
    outer loop
      vertex 43 22.4181 23.9781
      vertex 43 22.8316 16.0874
      vertex 43 22.8316 23.9126
    endloop
  endfacet
  facet normal 1 0 0
    outer loop
      vertex 43 22.4181 23.9781
      vertex 43 22.4181 16.0219
      vertex 43 22.8316 16.0874
    endloop
  endfacet
  facet normal 1 0 0
    outer loop
      vertex 43 22 24
      vertex 43 22.4181 16.0219
      vertex 43 22.4181 23.9781
    endloop
  endfacet
  facet normal 1 0 0
    outer loop
      vertex 43 22 24
      vertex 43 22 16
      vertex 43 22.4181 16.0219
    endloop
  endfacet
  facet normal 1 -0 0
    outer loop
      vertex 43 21.5819 23.9781
      vertex 43 22 16
      vertex 43 22 24
    endloop
  endfacet
  facet normal 1 0 0
    outer loop
      vertex 43 21.5819 23.9781
      vertex 43 21.5819 16.0219
      vertex 43 22 16
    endloop
  endfacet
  facet normal 1 -0 0
    outer loop
      vertex 43 21.1684 23.9126
      vertex 43 21.5819 16.0219
      vertex 43 21.5819 23.9781
    endloop
  endfacet
  facet normal 1 0 0
    outer loop
      vertex 43 21.1684 23.9126
      vertex 43 21.1684 16.0874
      vertex 43 21.5819 16.0219
    endloop
  endfacet
  facet normal 1 -0 0
    outer loop
      vertex 43 20.7639 23.8042
      vertex 43 21.1684 16.0874
      vertex 43 21.1684 23.9126
    endloop
  endfacet
  facet normal 1 0 0
    outer loop
      vertex 43 20.7639 23.8042
      vertex 43 20.7639 16.1958
      vertex 43 21.1684 16.0874
    endloop
  endfacet
  facet normal 1 -0 0
    outer loop
      vertex 43 20.3731 23.6542
      vertex 43 20.7639 16.1958
      vertex 43 20.7639 23.8042
    endloop
  endfacet
  facet normal 1 0 0
    outer loop
      vertex 43 20.3731 23.6542
      vertex 43 20.3731 16.3458
      vertex 43 20.7639 16.1958
    endloop
  endfacet
  facet normal 1 -0 0
    outer loop
      vertex 43 20 23.4641
      vertex 43 20.3731 16.3458
      vertex 43 20.3731 23.6542
    endloop
  endfacet
  facet normal 1 0 0
    outer loop
      vertex 43 20 23.4641
      vertex 43 20 16.5359
      vertex 43 20.3731 16.3458
    endloop
  endfacet
  facet normal 1 -0 0
    outer loop
      vertex 43 19.6489 23.2361
      vertex 43 20 16.5359
      vertex 43 20 23.4641
    endloop
  endfacet
  facet normal 1 0 0
    outer loop
      vertex 43 19.6489 23.2361
      vertex 43 19.6489 16.7639
      vertex 43 20 16.5359
    endloop
  endfacet
  facet normal 1 -0 0
    outer loop
      vertex 43 19.3235 22.9726
      vertex 43 19.6489 16.7639
      vertex 43 19.6489 23.2361
    endloop
  endfacet
  facet normal 1 0 0
    outer loop
      vertex 43 19.3235 22.9726
      vertex 43 19.3235 17.0274
      vertex 43 19.6489 16.7639
    endloop
  endfacet
  facet normal 1 -0 0
    outer loop
      vertex 43 19.0274 22.6765
      vertex 43 19.3235 17.0274
      vertex 43 19.3235 22.9726
    endloop
  endfacet
  facet normal 1 0 0
    outer loop
      vertex 43 19.0274 22.6765
      vertex 43 19.0274 17.3235
      vertex 43 19.3235 17.0274
    endloop
  endfacet
  facet normal 1 -0 0
    outer loop
      vertex 43 18.7639 22.3511
      vertex 43 19.0274 17.3235
      vertex 43 19.0274 22.6765
    endloop
  endfacet
  facet normal 1 0 0
    outer loop
      vertex 43 18.7639 22.3511
      vertex 43 18.7639 17.6489
      vertex 43 19.0274 17.3235
    endloop
  endfacet
  facet normal 1 -0 0
    outer loop
      vertex 43 18.5359 22
      vertex 43 18.7639 17.6489
      vertex 43 18.7639 22.3511
    endloop
  endfacet
  facet normal 1 0 0
    outer loop
      vertex 43 18.5359 22
      vertex 43 18.5359 18
      vertex 43 18.7639 17.6489
    endloop
  endfacet
  facet normal 1 -0 0
    outer loop
      vertex 43 18.3458 21.6269
      vertex 43 18.5359 18
      vertex 43 18.5359 22
    endloop
  endfacet
  facet normal 1 0 0
    outer loop
      vertex 43 18.3458 21.6269
      vertex 43 18.3458 18.3731
      vertex 43 18.5359 18
    endloop
  endfacet
  facet normal 1 -0 0
    outer loop
      vertex 43 18.1958 21.2361
      vertex 43 18.3458 18.3731
      vertex 43 18.3458 21.6269
    endloop
  endfacet
  facet normal 1 0 0
    outer loop
      vertex 43 18.1958 21.2361
      vertex 43 18.1958 18.7639
      vertex 43 18.3458 18.3731
    endloop
  endfacet
  facet normal 1 -0 0
    outer loop
      vertex 43 18.0874 20.8316
      vertex 43 18.1958 18.7639
      vertex 43 18.1958 21.2361
    endloop
  endfacet
  facet normal 1 0 0
    outer loop
      vertex 43 18.0874 20.8316
      vertex 43 18.0874 19.1684
      vertex 43 18.1958 18.7639
    endloop
  endfacet
  facet normal 1 -0 0
    outer loop
      vertex 43 18.0219 20.4181
      vertex 43 18.0874 19.1684
      vertex 43 18.0874 20.8316
    endloop
  endfacet
  facet normal 1 0 0
    outer loop
      vertex 43 18.0219 20.4181
      vertex 43 18.0219 19.5819
      vertex 43 18.0874 19.1684
    endloop
  endfacet
  facet normal 1 0 -0
    outer loop
      vertex 43 18.0219 19.5819
      vertex 43 18.0219 20.4181
      vertex 43 18 20
    endloop
  endfacet
  facet normal 0 -0.987685 0.156453
    outer loop
      vertex 29 18.0219 20.4181
      vertex 43 18.0874 20.8316
      vertex 29 18.0874 20.8316
    endloop
  endfacet
  facet normal 0 -0.987685 0.156453
    outer loop
      vertex 43 18.0874 20.8316
      vertex 29 18.0219 20.4181
      vertex 43 18.0219 20.4181
    endloop
  endfacet
  facet normal 0 -0.544627 0.838678
    outer loop
      vertex 29 20 23.4641
      vertex 43 19.6489 23.2361
      vertex 43 20 23.4641
    endloop
  endfacet
  facet normal 0 -0.544627 0.838678
    outer loop
      vertex 43 19.6489 23.2361
      vertex 29 20 23.4641
      vertex 29 19.6489 23.2361
    endloop
  endfacet
  facet normal 0 -0.453983 0.89101
    outer loop
      vertex 29 20.3731 23.6542
      vertex 43 20 23.4641
      vertex 43 20.3731 23.6542
    endloop
  endfacet
  facet normal 0 -0.453983 0.89101
    outer loop
      vertex 43 20 23.4641
      vertex 29 20.3731 23.6542
      vertex 29 20 23.4641
    endloop
  endfacet
  facet normal 0 -0.358339 0.933592
    outer loop
      vertex 29 20.7639 23.8042
      vertex 43 20.3731 23.6542
      vertex 43 20.7639 23.8042
    endloop
  endfacet
  facet normal 0 -0.358339 0.933592
    outer loop
      vertex 43 20.3731 23.6542
      vertex 29 20.7639 23.8042
      vertex 29 20.3731 23.6542
    endloop
  endfacet
  facet normal 0 -0.89101 0.453983
    outer loop
      vertex 29 18.3458 21.6269
      vertex 43 18.5359 22
      vertex 29 18.5359 22
    endloop
  endfacet
  facet normal 0 -0.89101 0.453983
    outer loop
      vertex 43 18.5359 22
      vertex 29 18.3458 21.6269
      vertex 43 18.3458 21.6269
    endloop
  endfacet
  facet normal 0 -0.838678 0.544627
    outer loop
      vertex 29 18.5359 22
      vertex 43 18.7639 22.3511
      vertex 29 18.7639 22.3511
    endloop
  endfacet
  facet normal 0 -0.838678 0.544627
    outer loop
      vertex 43 18.7639 22.3511
      vertex 29 18.5359 22
      vertex 43 18.5359 22
    endloop
  endfacet
  facet normal 0 -0.77715 0.629315
    outer loop
      vertex 29 18.7639 22.3511
      vertex 43 19.0274 22.6765
      vertex 29 19.0274 22.6765
    endloop
  endfacet
  facet normal 0 -0.77715 0.629315
    outer loop
      vertex 43 19.0274 22.6765
      vertex 29 18.7639 22.3511
      vertex 43 18.7639 22.3511
    endloop
  endfacet
  facet normal 0 0.0523206 -0.99863
    outer loop
      vertex 29 108 16
      vertex 43 108.418 16.0219
      vertex 43 108 16
    endloop
  endfacet
  facet normal 0 0.0523206 -0.99863
    outer loop
      vertex 43 108.418 16.0219
      vertex 29 108 16
      vertex 29 108.418 16.0219
    endloop
  endfacet
  facet normal -0 0.0523206 0.99863
    outer loop
      vertex 29 108.418 23.9781
      vertex 43 108 24
      vertex 43 108.418 23.9781
    endloop
  endfacet
  facet normal 0 0.0523206 0.99863
    outer loop
      vertex 43 108 24
      vertex 29 108.418 23.9781
      vertex 29 108 24
    endloop
  endfacet
  facet normal 0 -0.998618 -0.0525463
    outer loop
      vertex 29 104.022 19.5819
      vertex 43 104 20
      vertex 29 104 20
    endloop
  endfacet
  facet normal 0 -0.998618 -0.0525463
    outer loop
      vertex 43 104 20
      vertex 29 104.022 19.5819
      vertex 43 104.022 19.5819
    endloop
  endfacet
  facet normal 0 0.777734 0.628593
    outer loop
      vertex 43 111.236 22.3511
      vertex 29 110.973 22.6765
      vertex 43 110.973 22.6765
    endloop
  endfacet
  facet normal 0 0.777734 0.628593
    outer loop
      vertex 29 110.973 22.6765
      vertex 43 111.236 22.3511
      vertex 29 111.236 22.3511
    endloop
  endfacet
  facet normal 0 0.965558 0.260187
    outer loop
      vertex 43 111.913 20.8316
      vertex 29 111.804 21.2361
      vertex 43 111.804 21.2361
    endloop
  endfacet
  facet normal 0 0.965558 0.260187
    outer loop
      vertex 29 111.804 21.2361
      vertex 43 111.913 20.8316
      vertex 29 111.913 20.8316
    endloop
  endfacet
  facet normal 0 0.933592 -0.358339
    outer loop
      vertex 43 111.654 18.3731
      vertex 29 111.804 18.7639
      vertex 43 111.804 18.7639
    endloop
  endfacet
  facet normal 0 0.933592 -0.358339
    outer loop
      vertex 29 111.804 18.7639
      vertex 43 111.654 18.3731
      vertex 29 111.654 18.3731
    endloop
  endfacet
  facet normal -0 0.45408 0.890961
    outer loop
      vertex 29 110 23.4641
      vertex 43 109.627 23.6542
      vertex 43 110 23.4641
    endloop
  endfacet
  facet normal 0 0.45408 0.890961
    outer loop
      vertex 43 109.627 23.6542
      vertex 29 110 23.4641
      vertex 29 109.627 23.6542
    endloop
  endfacet
  facet normal 0 0.998618 0.0525463
    outer loop
      vertex 43 112 20
      vertex 29 111.978 20.4181
      vertex 43 111.978 20.4181
    endloop
  endfacet
  facet normal 0 0.998618 0.0525463
    outer loop
      vertex 29 111.978 20.4181
      vertex 43 112 20
      vertex 29 112 20
    endloop
  endfacet
  facet normal 0 -0.891107 -0.453793
    outer loop
      vertex 29 104.536 18
      vertex 43 104.346 18.3731
      vertex 29 104.346 18.3731
    endloop
  endfacet
  facet normal 0 -0.891107 -0.453793
    outer loop
      vertex 43 104.346 18.3731
      vertex 29 104.536 18
      vertex 43 104.536 18
    endloop
  endfacet
  facet normal 0 0.156269 -0.987715
    outer loop
      vertex 29 108.418 16.0219
      vertex 43 108.832 16.0874
      vertex 43 108.418 16.0219
    endloop
  endfacet
  facet normal 0 0.156269 -0.987715
    outer loop
      vertex 43 108.832 16.0874
      vertex 29 108.418 16.0219
      vertex 29 108.832 16.0874
    endloop
  endfacet
  facet normal 0 0.358179 -0.933653
    outer loop
      vertex 29 109.236 16.1958
      vertex 43 109.627 16.3458
      vertex 43 109.236 16.1958
    endloop
  endfacet
  facet normal 0 0.358179 -0.933653
    outer loop
      vertex 43 109.627 16.3458
      vertex 29 109.236 16.1958
      vertex 29 109.627 16.3458
    endloop
  endfacet
  facet normal 0 0.628615 -0.777717
    outer loop
      vertex 29 110.351 16.7639
      vertex 43 110.677 17.0274
      vertex 43 110.351 16.7639
    endloop
  endfacet
  facet normal 0 0.628615 -0.777717
    outer loop
      vertex 43 110.677 17.0274
      vertex 29 110.351 16.7639
      vertex 29 110.677 17.0274
    endloop
  endfacet
  facet normal 0 0.45408 -0.890961
    outer loop
      vertex 29 109.627 16.3458
      vertex 43 110 16.5359
      vertex 43 109.627 16.3458
    endloop
  endfacet
  facet normal 0 0.45408 -0.890961
    outer loop
      vertex 43 110 16.5359
      vertex 29 109.627 16.3458
      vertex 29 110 16.5359
    endloop
  endfacet
  facet normal 0 0.965558 -0.260187
    outer loop
      vertex 43 111.804 18.7639
      vertex 29 111.913 19.1684
      vertex 43 111.913 19.1684
    endloop
  endfacet
  facet normal 0 0.965558 -0.260187
    outer loop
      vertex 29 111.913 19.1684
      vertex 43 111.804 18.7639
      vertex 29 111.804 18.7639
    endloop
  endfacet
  facet normal 0 0.998618 -0.0525463
    outer loop
      vertex 43 111.978 19.5819
      vertex 29 112 20
      vertex 43 112 20
    endloop
  endfacet
  facet normal 0 0.998618 -0.0525463
    outer loop
      vertex 29 112 20
      vertex 43 111.978 19.5819
      vertex 29 111.978 19.5819
    endloop
  endfacet
  facet normal 0 0.891107 -0.453793
    outer loop
      vertex 43 111.464 18
      vertex 29 111.654 18.3731
      vertex 43 111.654 18.3731
    endloop
  endfacet
  facet normal 0 0.891107 -0.453793
    outer loop
      vertex 29 111.654 18.3731
      vertex 43 111.464 18
      vertex 29 111.464 18
    endloop
  endfacet
  facet normal 0 0.777734 -0.628593
    outer loop
      vertex 43 110.973 17.3235
      vertex 29 111.236 17.6489
      vertex 43 111.236 17.6489
    endloop
  endfacet
  facet normal 0 0.777734 -0.628593
    outer loop
      vertex 29 111.236 17.6489
      vertex 43 110.973 17.3235
      vertex 29 110.973 17.3235
    endloop
  endfacet
  facet normal -0 0.25915 0.965837
    outer loop
      vertex 29 109.236 23.8042
      vertex 43 108.832 23.9126
      vertex 43 109.236 23.8042
    endloop
  endfacet
  facet normal 0 0.25915 0.965837
    outer loop
      vertex 43 108.832 23.9126
      vertex 29 109.236 23.8042
      vertex 29 108.832 23.9126
    endloop
  endfacet
  facet normal -0 0.628615 0.777717
    outer loop
      vertex 29 110.677 22.9726
      vertex 43 110.351 23.2361
      vertex 43 110.677 22.9726
    endloop
  endfacet
  facet normal 0 0.628615 0.777717
    outer loop
      vertex 43 110.351 23.2361
      vertex 29 110.677 22.9726
      vertex 29 110.351 23.2361
    endloop
  endfacet
  facet normal 0 0.707226 0.706987
    outer loop
      vertex 43 110.973 22.6765
      vertex 29 110.677 22.9726
      vertex 43 110.677 22.9726
    endloop
  endfacet
  facet normal 0 0.707226 0.706987
    outer loop
      vertex 29 110.677 22.9726
      vertex 43 110.973 22.6765
      vertex 29 110.973 22.6765
    endloop
  endfacet
  facet normal -0 0.544736 0.838607
    outer loop
      vertex 29 110.351 23.2361
      vertex 43 110 23.4641
      vertex 43 110.351 23.2361
    endloop
  endfacet
  facet normal 0 0.544736 0.838607
    outer loop
      vertex 43 110 23.4641
      vertex 29 110.351 23.2361
      vertex 29 110 23.4641
    endloop
  endfacet
  facet normal -0 0.358179 0.933653
    outer loop
      vertex 29 109.627 23.6542
      vertex 43 109.236 23.8042
      vertex 43 109.627 23.6542
    endloop
  endfacet
  facet normal 0 0.358179 0.933653
    outer loop
      vertex 43 109.236 23.8042
      vertex 29 109.627 23.6542
      vertex 29 109.236 23.8042
    endloop
  endfacet
  facet normal -0 0.156269 0.987715
    outer loop
      vertex 29 108.832 23.9126
      vertex 43 108.418 23.9781
      vertex 43 108.832 23.9126
    endloop
  endfacet
  facet normal 0 0.156269 0.987715
    outer loop
      vertex 43 108.418 23.9781
      vertex 29 108.832 23.9126
      vertex 29 108.418 23.9781
    endloop
  endfacet
  facet normal 0 0.891107 0.453793
    outer loop
      vertex 43 111.654 21.6269
      vertex 29 111.464 22
      vertex 43 111.464 22
    endloop
  endfacet
  facet normal 0 0.891107 0.453793
    outer loop
      vertex 29 111.464 22
      vertex 43 111.654 21.6269
      vertex 29 111.654 21.6269
    endloop
  endfacet
  facet normal 0 0.933592 0.358339
    outer loop
      vertex 43 111.804 21.2361
      vertex 29 111.654 21.6269
      vertex 43 111.654 21.6269
    endloop
  endfacet
  facet normal 0 0.933592 0.358339
    outer loop
      vertex 29 111.654 21.6269
      vertex 43 111.804 21.2361
      vertex 29 111.804 21.2361
    endloop
  endfacet
  facet normal 0 0.838678 0.544627
    outer loop
      vertex 43 111.464 22
      vertex 29 111.236 22.3511
      vertex 43 111.236 22.3511
    endloop
  endfacet
  facet normal 0 0.838678 0.544627
    outer loop
      vertex 29 111.236 22.3511
      vertex 43 111.464 22
      vertex 29 111.464 22
    endloop
  endfacet
  facet normal 0 0.987869 0.155288
    outer loop
      vertex 43 111.978 20.4181
      vertex 29 111.913 20.8316
      vertex 43 111.913 20.8316
    endloop
  endfacet
  facet normal 0 0.987869 0.155288
    outer loop
      vertex 29 111.913 20.8316
      vertex 43 111.978 20.4181
      vertex 29 111.978 20.4181
    endloop
  endfacet
  facet normal 0 -0.0523206 -0.99863
    outer loop
      vertex 29 107.582 16.0219
      vertex 43 108 16
      vertex 43 107.582 16.0219
    endloop
  endfacet
  facet normal -0 -0.0523206 -0.99863
    outer loop
      vertex 43 108 16
      vertex 29 107.582 16.0219
      vertex 29 108 16
    endloop
  endfacet
  facet normal 0 -0.358179 -0.933653
    outer loop
      vertex 29 106.373 16.3458
      vertex 43 106.764 16.1958
      vertex 43 106.373 16.3458
    endloop
  endfacet
  facet normal -0 -0.358179 -0.933653
    outer loop
      vertex 43 106.764 16.1958
      vertex 29 106.373 16.3458
      vertex 29 106.764 16.1958
    endloop
  endfacet
  facet normal 0 0.25915 -0.965837
    outer loop
      vertex 29 108.832 16.0874
      vertex 43 109.236 16.1958
      vertex 43 108.832 16.0874
    endloop
  endfacet
  facet normal 0 0.25915 -0.965837
    outer loop
      vertex 43 109.236 16.1958
      vertex 29 108.832 16.0874
      vertex 29 109.236 16.1958
    endloop
  endfacet
  facet normal 0 0.707226 -0.706987
    outer loop
      vertex 29 110.677 17.0274
      vertex 43 110.973 17.3235
      vertex 43 110.677 17.0274
    endloop
  endfacet
  facet normal 0 0.707226 -0.706987
    outer loop
      vertex 43 110.973 17.3235
      vertex 29 110.677 17.0274
      vertex 29 110.973 17.3235
    endloop
  endfacet
  facet normal 0 0.544736 -0.838607
    outer loop
      vertex 29 110 16.5359
      vertex 43 110.351 16.7639
      vertex 43 110 16.5359
    endloop
  endfacet
  facet normal 0 0.544736 -0.838607
    outer loop
      vertex 43 110.351 16.7639
      vertex 29 110 16.5359
      vertex 29 110.351 16.7639
    endloop
  endfacet
  facet normal 0 0.987869 -0.155288
    outer loop
      vertex 43 111.913 19.1684
      vertex 29 111.978 19.5819
      vertex 43 111.978 19.5819
    endloop
  endfacet
  facet normal 0 0.987869 -0.155288
    outer loop
      vertex 29 111.978 19.5819
      vertex 43 111.913 19.1684
      vertex 29 111.913 19.1684
    endloop
  endfacet
  facet normal 0 0.838678 -0.544627
    outer loop
      vertex 43 111.236 17.6489
      vertex 29 111.464 18
      vertex 43 111.464 18
    endloop
  endfacet
  facet normal 0 0.838678 -0.544627
    outer loop
      vertex 29 111.464 18
      vertex 43 111.236 17.6489
      vertex 29 111.236 17.6489
    endloop
  endfacet
  facet normal 0 -0.838678 -0.544627
    outer loop
      vertex 29 104.764 17.6489
      vertex 43 104.536 18
      vertex 29 104.536 18
    endloop
  endfacet
  facet normal 0 -0.838678 -0.544627
    outer loop
      vertex 43 104.536 18
      vertex 29 104.764 17.6489
      vertex 43 104.764 17.6489
    endloop
  endfacet
  facet normal 0 -0.707226 -0.706987
    outer loop
      vertex 29 105.027 17.3235
      vertex 43 105.323 17.0274
      vertex 43 105.027 17.3235
    endloop
  endfacet
  facet normal -0 -0.707226 -0.706987
    outer loop
      vertex 43 105.323 17.0274
      vertex 29 105.027 17.3235
      vertex 29 105.323 17.0274
    endloop
  endfacet
  facet normal 0 -0.544736 -0.838607
    outer loop
      vertex 29 105.649 16.7639
      vertex 43 106 16.5359
      vertex 43 105.649 16.7639
    endloop
  endfacet
  facet normal -0 -0.544736 -0.838607
    outer loop
      vertex 43 106 16.5359
      vertex 29 105.649 16.7639
      vertex 29 106 16.5359
    endloop
  endfacet
  facet normal 0 -0.156269 -0.987715
    outer loop
      vertex 29 107.168 16.0874
      vertex 43 107.582 16.0219
      vertex 43 107.168 16.0874
    endloop
  endfacet
  facet normal -0 -0.156269 -0.987715
    outer loop
      vertex 43 107.582 16.0219
      vertex 29 107.168 16.0874
      vertex 29 107.582 16.0219
    endloop
  endfacet
  facet normal 0 -0.25915 -0.965837
    outer loop
      vertex 29 106.764 16.1958
      vertex 43 107.168 16.0874
      vertex 43 106.764 16.1958
    endloop
  endfacet
  facet normal -0 -0.25915 -0.965837
    outer loop
      vertex 43 107.168 16.0874
      vertex 29 106.764 16.1958
      vertex 29 107.168 16.0874
    endloop
  endfacet
  facet normal 0 -0.777734 0.628593
    outer loop
      vertex 29 104.764 22.3511
      vertex 43 105.027 22.6765
      vertex 29 105.027 22.6765
    endloop
  endfacet
  facet normal 0 -0.777734 0.628593
    outer loop
      vertex 43 105.027 22.6765
      vertex 29 104.764 22.3511
      vertex 43 104.764 22.3511
    endloop
  endfacet
  facet normal 1 0 0
    outer loop
      vertex 43 111.978 20.4181
      vertex 43 111.978 19.5819
      vertex 43 112 20
    endloop
  endfacet
  facet normal 1 0 0
    outer loop
      vertex 43 111.913 20.8316
      vertex 43 111.978 19.5819
      vertex 43 111.978 20.4181
    endloop
  endfacet
  facet normal 1 0 0
    outer loop
      vertex 43 111.913 20.8316
      vertex 43 111.913 19.1684
      vertex 43 111.978 19.5819
    endloop
  endfacet
  facet normal 1 0 0
    outer loop
      vertex 43 111.804 21.2361
      vertex 43 111.913 19.1684
      vertex 43 111.913 20.8316
    endloop
  endfacet
  facet normal 1 0 0
    outer loop
      vertex 43 111.804 21.2361
      vertex 43 111.804 18.7639
      vertex 43 111.913 19.1684
    endloop
  endfacet
  facet normal 1 0 0
    outer loop
      vertex 43 111.654 21.6269
      vertex 43 111.804 18.7639
      vertex 43 111.804 21.2361
    endloop
  endfacet
  facet normal 1 0 0
    outer loop
      vertex 43 111.654 21.6269
      vertex 43 111.654 18.3731
      vertex 43 111.804 18.7639
    endloop
  endfacet
  facet normal 1 0 0
    outer loop
      vertex 43 111.464 22
      vertex 43 111.654 18.3731
      vertex 43 111.654 21.6269
    endloop
  endfacet
  facet normal 1 0 0
    outer loop
      vertex 43 111.464 22
      vertex 43 111.464 18
      vertex 43 111.654 18.3731
    endloop
  endfacet
  facet normal 1 0 0
    outer loop
      vertex 43 111.236 22.3511
      vertex 43 111.464 18
      vertex 43 111.464 22
    endloop
  endfacet
  facet normal 1 0 0
    outer loop
      vertex 43 111.236 22.3511
      vertex 43 111.236 17.6489
      vertex 43 111.464 18
    endloop
  endfacet
  facet normal 1 0 0
    outer loop
      vertex 43 110.973 22.6765
      vertex 43 111.236 17.6489
      vertex 43 111.236 22.3511
    endloop
  endfacet
  facet normal 1 0 0
    outer loop
      vertex 43 110.973 22.6765
      vertex 43 110.973 17.3235
      vertex 43 111.236 17.6489
    endloop
  endfacet
  facet normal 1 0 0
    outer loop
      vertex 43 110.677 22.9726
      vertex 43 110.973 17.3235
      vertex 43 110.973 22.6765
    endloop
  endfacet
  facet normal 1 0 0
    outer loop
      vertex 43 110.677 22.9726
      vertex 43 110.677 17.0274
      vertex 43 110.973 17.3235
    endloop
  endfacet
  facet normal 1 0 0
    outer loop
      vertex 43 110.351 23.2361
      vertex 43 110.677 17.0274
      vertex 43 110.677 22.9726
    endloop
  endfacet
  facet normal 1 0 0
    outer loop
      vertex 43 110.351 23.2361
      vertex 43 110.351 16.7639
      vertex 43 110.677 17.0274
    endloop
  endfacet
  facet normal 1 0 0
    outer loop
      vertex 43 110 23.4641
      vertex 43 110.351 16.7639
      vertex 43 110.351 23.2361
    endloop
  endfacet
  facet normal 1 0 0
    outer loop
      vertex 43 110 23.4641
      vertex 43 110 16.5359
      vertex 43 110.351 16.7639
    endloop
  endfacet
  facet normal 1 0 0
    outer loop
      vertex 43 109.627 23.6542
      vertex 43 110 16.5359
      vertex 43 110 23.4641
    endloop
  endfacet
  facet normal 1 0 0
    outer loop
      vertex 43 109.627 23.6542
      vertex 43 109.627 16.3458
      vertex 43 110 16.5359
    endloop
  endfacet
  facet normal 1 0 0
    outer loop
      vertex 43 109.236 23.8042
      vertex 43 109.627 16.3458
      vertex 43 109.627 23.6542
    endloop
  endfacet
  facet normal 1 0 0
    outer loop
      vertex 43 109.236 23.8042
      vertex 43 109.236 16.1958
      vertex 43 109.627 16.3458
    endloop
  endfacet
  facet normal 1 0 0
    outer loop
      vertex 43 108.832 23.9126
      vertex 43 109.236 16.1958
      vertex 43 109.236 23.8042
    endloop
  endfacet
  facet normal 1 0 0
    outer loop
      vertex 43 108.832 23.9126
      vertex 43 108.832 16.0874
      vertex 43 109.236 16.1958
    endloop
  endfacet
  facet normal 1 0 0
    outer loop
      vertex 43 108.418 23.9781
      vertex 43 108.832 16.0874
      vertex 43 108.832 23.9126
    endloop
  endfacet
  facet normal 1 0 0
    outer loop
      vertex 43 108.418 23.9781
      vertex 43 108.418 16.0219
      vertex 43 108.832 16.0874
    endloop
  endfacet
  facet normal 1 0 0
    outer loop
      vertex 43 108 24
      vertex 43 108.418 16.0219
      vertex 43 108.418 23.9781
    endloop
  endfacet
  facet normal 1 0 0
    outer loop
      vertex 43 108 24
      vertex 43 108 16
      vertex 43 108.418 16.0219
    endloop
  endfacet
  facet normal 1 -0 0
    outer loop
      vertex 43 107.582 23.9781
      vertex 43 108 16
      vertex 43 108 24
    endloop
  endfacet
  facet normal 1 0 0
    outer loop
      vertex 43 107.582 23.9781
      vertex 43 107.582 16.0219
      vertex 43 108 16
    endloop
  endfacet
  facet normal 1 -0 0
    outer loop
      vertex 43 107.168 23.9126
      vertex 43 107.582 16.0219
      vertex 43 107.582 23.9781
    endloop
  endfacet
  facet normal 1 0 0
    outer loop
      vertex 43 107.168 23.9126
      vertex 43 107.168 16.0874
      vertex 43 107.582 16.0219
    endloop
  endfacet
  facet normal 1 -0 0
    outer loop
      vertex 43 106.764 23.8042
      vertex 43 107.168 16.0874
      vertex 43 107.168 23.9126
    endloop
  endfacet
  facet normal 1 0 0
    outer loop
      vertex 43 106.764 23.8042
      vertex 43 106.764 16.1958
      vertex 43 107.168 16.0874
    endloop
  endfacet
  facet normal 1 -0 0
    outer loop
      vertex 43 106.373 23.6542
      vertex 43 106.764 16.1958
      vertex 43 106.764 23.8042
    endloop
  endfacet
  facet normal 1 0 0
    outer loop
      vertex 43 106.373 23.6542
      vertex 43 106.373 16.3458
      vertex 43 106.764 16.1958
    endloop
  endfacet
  facet normal 1 -0 0
    outer loop
      vertex 43 106 23.4641
      vertex 43 106.373 16.3458
      vertex 43 106.373 23.6542
    endloop
  endfacet
  facet normal 1 0 0
    outer loop
      vertex 43 106 23.4641
      vertex 43 106 16.5359
      vertex 43 106.373 16.3458
    endloop
  endfacet
  facet normal 1 -0 0
    outer loop
      vertex 43 105.649 23.2361
      vertex 43 106 16.5359
      vertex 43 106 23.4641
    endloop
  endfacet
  facet normal 1 0 0
    outer loop
      vertex 43 105.649 23.2361
      vertex 43 105.649 16.7639
      vertex 43 106 16.5359
    endloop
  endfacet
  facet normal 1 -0 0
    outer loop
      vertex 43 105.323 22.9726
      vertex 43 105.649 16.7639
      vertex 43 105.649 23.2361
    endloop
  endfacet
  facet normal 1 0 0
    outer loop
      vertex 43 105.323 22.9726
      vertex 43 105.323 17.0274
      vertex 43 105.649 16.7639
    endloop
  endfacet
  facet normal 1 -0 0
    outer loop
      vertex 43 105.027 22.6765
      vertex 43 105.323 17.0274
      vertex 43 105.323 22.9726
    endloop
  endfacet
  facet normal 1 0 0
    outer loop
      vertex 43 105.027 22.6765
      vertex 43 105.027 17.3235
      vertex 43 105.323 17.0274
    endloop
  endfacet
  facet normal 1 -0 0
    outer loop
      vertex 43 104.764 22.3511
      vertex 43 105.027 17.3235
      vertex 43 105.027 22.6765
    endloop
  endfacet
  facet normal 1 0 0
    outer loop
      vertex 43 104.764 22.3511
      vertex 43 104.764 17.6489
      vertex 43 105.027 17.3235
    endloop
  endfacet
  facet normal 1 -0 0
    outer loop
      vertex 43 104.536 22
      vertex 43 104.764 17.6489
      vertex 43 104.764 22.3511
    endloop
  endfacet
  facet normal 1 0 0
    outer loop
      vertex 43 104.536 22
      vertex 43 104.536 18
      vertex 43 104.764 17.6489
    endloop
  endfacet
  facet normal 1 -0 0
    outer loop
      vertex 43 104.346 21.6269
      vertex 43 104.536 18
      vertex 43 104.536 22
    endloop
  endfacet
  facet normal 1 0 0
    outer loop
      vertex 43 104.346 21.6269
      vertex 43 104.346 18.3731
      vertex 43 104.536 18
    endloop
  endfacet
  facet normal 1 -0 0
    outer loop
      vertex 43 104.196 21.2361
      vertex 43 104.346 18.3731
      vertex 43 104.346 21.6269
    endloop
  endfacet
  facet normal 1 0 0
    outer loop
      vertex 43 104.196 21.2361
      vertex 43 104.196 18.7639
      vertex 43 104.346 18.3731
    endloop
  endfacet
  facet normal 1 -0 0
    outer loop
      vertex 43 104.087 20.8316
      vertex 43 104.196 18.7639
      vertex 43 104.196 21.2361
    endloop
  endfacet
  facet normal 1 0 0
    outer loop
      vertex 43 104.087 20.8316
      vertex 43 104.087 19.1684
      vertex 43 104.196 18.7639
    endloop
  endfacet
  facet normal 1 -0 0
    outer loop
      vertex 43 104.022 20.4181
      vertex 43 104.087 19.1684
      vertex 43 104.087 20.8316
    endloop
  endfacet
  facet normal 1 0 0
    outer loop
      vertex 43 104.022 20.4181
      vertex 43 104.022 19.5819
      vertex 43 104.087 19.1684
    endloop
  endfacet
  facet normal 1 0 -0
    outer loop
      vertex 43 104.022 19.5819
      vertex 43 104.022 20.4181
      vertex 43 104 20
    endloop
  endfacet
  facet normal 0 -0.156269 0.987715
    outer loop
      vertex 29 107.582 23.9781
      vertex 43 107.168 23.9126
      vertex 43 107.582 23.9781
    endloop
  endfacet
  facet normal 0 -0.156269 0.987715
    outer loop
      vertex 43 107.168 23.9126
      vertex 29 107.582 23.9781
      vertex 29 107.168 23.9126
    endloop
  endfacet
  facet normal 0 -0.987869 -0.155288
    outer loop
      vertex 29 104.087 19.1684
      vertex 43 104.022 19.5819
      vertex 29 104.022 19.5819
    endloop
  endfacet
  facet normal 0 -0.987869 -0.155288
    outer loop
      vertex 43 104.022 19.5819
      vertex 29 104.087 19.1684
      vertex 43 104.087 19.1684
    endloop
  endfacet
  facet normal 0 -0.933592 -0.358339
    outer loop
      vertex 29 104.346 18.3731
      vertex 43 104.196 18.7639
      vertex 29 104.196 18.7639
    endloop
  endfacet
  facet normal 0 -0.933592 -0.358339
    outer loop
      vertex 43 104.196 18.7639
      vertex 29 104.346 18.3731
      vertex 43 104.346 18.3731
    endloop
  endfacet
  facet normal 0 -0.777734 -0.628593
    outer loop
      vertex 29 105.027 17.3235
      vertex 43 104.764 17.6489
      vertex 29 104.764 17.6489
    endloop
  endfacet
  facet normal 0 -0.777734 -0.628593
    outer loop
      vertex 43 104.764 17.6489
      vertex 29 105.027 17.3235
      vertex 43 105.027 17.3235
    endloop
  endfacet
  facet normal 0 -0.45408 -0.890961
    outer loop
      vertex 29 106 16.5359
      vertex 43 106.373 16.3458
      vertex 43 106 16.5359
    endloop
  endfacet
  facet normal -0 -0.45408 -0.890961
    outer loop
      vertex 43 106.373 16.3458
      vertex 29 106 16.5359
      vertex 29 106.373 16.3458
    endloop
  endfacet
  facet normal 0 -0.998618 0.0525463
    outer loop
      vertex 29 104 20
      vertex 43 104.022 20.4181
      vertex 29 104.022 20.4181
    endloop
  endfacet
  facet normal 0 -0.998618 0.0525463
    outer loop
      vertex 43 104.022 20.4181
      vertex 29 104 20
      vertex 43 104 20
    endloop
  endfacet
  facet normal -1 0 0
    outer loop
      vertex 29 109.25 20
      vertex 29 112 20
      vertex 29 111.978 19.5819
    endloop
  endfacet
  facet normal -1 0 0
    outer loop
      vertex 29 109.243 19.8693
      vertex 29 111.978 19.5819
      vertex 29 111.913 19.1684
    endloop
  endfacet
  facet normal -1 0 0
    outer loop
      vertex 29 112 20
      vertex 29 109.25 20
      vertex 29 111.978 20.4181
    endloop
  endfacet
  facet normal -1 0 0
    outer loop
      vertex 29 109.223 19.7401
      vertex 29 111.913 19.1684
      vertex 29 111.804 18.7639
    endloop
  endfacet
  facet normal -1 0 0
    outer loop
      vertex 29 109.243 20.1307
      vertex 29 111.978 20.4181
      vertex 29 109.25 20
    endloop
  endfacet
  facet normal -1 0 0
    outer loop
      vertex 29 109.189 19.6137
      vertex 29 111.804 18.7639
      vertex 29 111.654 18.3731
    endloop
  endfacet
  facet normal -1 -0 0
    outer loop
      vertex 29 111.978 20.4181
      vertex 29 109.243 20.1307
      vertex 29 111.913 20.8316
    endloop
  endfacet
  facet normal -1 0 0
    outer loop
      vertex 29 109.142 19.4916
      vertex 29 111.654 18.3731
      vertex 29 111.464 18
    endloop
  endfacet
  facet normal -1 0 0
    outer loop
      vertex 29 109.223 20.2599
      vertex 29 111.913 20.8316
      vertex 29 109.243 20.1307
    endloop
  endfacet
  facet normal -1 0 0
    outer loop
      vertex 29 109.083 19.375
      vertex 29 111.464 18
      vertex 29 111.236 17.6489
    endloop
  endfacet
  facet normal -1 -0 0
    outer loop
      vertex 29 111.913 20.8316
      vertex 29 109.223 20.2599
      vertex 29 111.804 21.2361
    endloop
  endfacet
  facet normal -1 0 0
    outer loop
      vertex 29 109.011 19.2653
      vertex 29 111.236 17.6489
      vertex 29 110.973 17.3235
    endloop
  endfacet
  facet normal -1 0 0
    outer loop
      vertex 29 109.189 20.3863
      vertex 29 111.804 21.2361
      vertex 29 109.223 20.2599
    endloop
  endfacet
  facet normal -1 0 0
    outer loop
      vertex 29 108.929 19.1636
      vertex 29 110.973 17.3235
      vertex 29 110.677 17.0274
    endloop
  endfacet
  facet normal -1 -0 0
    outer loop
      vertex 29 111.804 21.2361
      vertex 29 109.189 20.3863
      vertex 29 111.654 21.6269
    endloop
  endfacet
  facet normal -1 0 0
    outer loop
      vertex 29 108.836 19.0711
      vertex 29 110.677 17.0274
      vertex 29 110.351 16.7639
    endloop
  endfacet
  facet normal -1 0 0
    outer loop
      vertex 29 109.142 20.5084
      vertex 29 111.654 21.6269
      vertex 29 109.189 20.3863
    endloop
  endfacet
  facet normal -1 0 0
    outer loop
      vertex 29 108.735 18.9887
      vertex 29 110.351 16.7639
      vertex 29 110 16.5359
    endloop
  endfacet
  facet normal -1 -0 0
    outer loop
      vertex 29 111.654 21.6269
      vertex 29 109.142 20.5084
      vertex 29 111.464 22
    endloop
  endfacet
  facet normal -1 0 0
    outer loop
      vertex 29 108.625 18.9175
      vertex 29 110 16.5359
      vertex 29 109.627 16.3458
    endloop
  endfacet
  facet normal -1 0 0
    outer loop
      vertex 29 109.083 20.625
      vertex 29 111.464 22
      vertex 29 109.142 20.5084
    endloop
  endfacet
  facet normal -1 -0 0
    outer loop
      vertex 29 111.464 22
      vertex 29 109.083 20.625
      vertex 29 111.236 22.3511
    endloop
  endfacet
  facet normal -1 0 0
    outer loop
      vertex 29 111.978 19.5819
      vertex 29 109.243 19.8693
      vertex 29 109.25 20
    endloop
  endfacet
  facet normal -1 0 0
    outer loop
      vertex 29 108.508 18.8581
      vertex 29 109.627 16.3458
      vertex 29 109.236 16.1958
    endloop
  endfacet
  facet normal -1 0 0
    outer loop
      vertex 29 111.913 19.1684
      vertex 29 109.223 19.7401
      vertex 29 109.243 19.8693
    endloop
  endfacet
  facet normal -1 0 0
    outer loop
      vertex 29 111.804 18.7639
      vertex 29 109.189 19.6137
      vertex 29 109.223 19.7401
    endloop
  endfacet
  facet normal -1 0 0
    outer loop
      vertex 29 111.654 18.3731
      vertex 29 109.142 19.4916
      vertex 29 109.189 19.6137
    endloop
  endfacet
  facet normal -1 0 0
    outer loop
      vertex 29 111.464 18
      vertex 29 109.083 19.375
      vertex 29 109.142 19.4916
    endloop
  endfacet
  facet normal -1 0 0
    outer loop
      vertex 29 111.236 17.6489
      vertex 29 109.011 19.2653
      vertex 29 109.083 19.375
    endloop
  endfacet
  facet normal -1 0 0
    outer loop
      vertex 29 110.973 17.3235
      vertex 29 108.929 19.1636
      vertex 29 109.011 19.2653
    endloop
  endfacet
  facet normal -1 0 0
    outer loop
      vertex 29 110.677 17.0274
      vertex 29 108.836 19.0711
      vertex 29 108.929 19.1636
    endloop
  endfacet
  facet normal -1 0 0
    outer loop
      vertex 29 108.386 18.8112
      vertex 29 109.236 16.1958
      vertex 29 108.832 16.0874
    endloop
  endfacet
  facet normal -1 0 0
    outer loop
      vertex 29 110.351 16.7639
      vertex 29 108.735 18.9887
      vertex 29 108.836 19.0711
    endloop
  endfacet
  facet normal -1 0 0
    outer loop
      vertex 29 110 16.5359
      vertex 29 108.625 18.9175
      vertex 29 108.735 18.9887
    endloop
  endfacet
  facet normal -1 0 0
    outer loop
      vertex 29 109.627 16.3458
      vertex 29 108.508 18.8581
      vertex 29 108.625 18.9175
    endloop
  endfacet
  facet normal -1 0 0
    outer loop
      vertex 29 108.26 18.7773
      vertex 29 108.832 16.0874
      vertex 29 108.418 16.0219
    endloop
  endfacet
  facet normal -1 0 0
    outer loop
      vertex 29 109.236 16.1958
      vertex 29 108.386 18.8112
      vertex 29 108.508 18.8581
    endloop
  endfacet
  facet normal -1 0 0
    outer loop
      vertex 29 108.832 16.0874
      vertex 29 108.26 18.7773
      vertex 29 108.386 18.8112
    endloop
  endfacet
  facet normal -1 0 0
    outer loop
      vertex 29 108.418 16.0219
      vertex 29 108.131 18.7568
      vertex 29 108.26 18.7773
    endloop
  endfacet
  facet normal -1 0 0
    outer loop
      vertex 29 108 16
      vertex 29 108.131 18.7568
      vertex 29 108.418 16.0219
    endloop
  endfacet
  facet normal -1 0 0
    outer loop
      vertex 29 108 16
      vertex 29 108 18.75
      vertex 29 108.131 18.7568
    endloop
  endfacet
  facet normal -1 0 0
    outer loop
      vertex 29 108 16
      vertex 29 107.869 18.7568
      vertex 29 108 18.75
    endloop
  endfacet
  facet normal -1 0 0
    outer loop
      vertex 29 107.582 16.0219
      vertex 29 107.869 18.7568
      vertex 29 108 16
    endloop
  endfacet
  facet normal -1 -0 0
    outer loop
      vertex 29 107.869 18.7568
      vertex 29 107.582 16.0219
      vertex 29 107.74 18.7773
    endloop
  endfacet
  facet normal -1 0 0
    outer loop
      vertex 29 107.168 16.0874
      vertex 29 107.74 18.7773
      vertex 29 107.582 16.0219
    endloop
  endfacet
  facet normal -1 -0 0
    outer loop
      vertex 29 107.74 18.7773
      vertex 29 107.168 16.0874
      vertex 29 107.614 18.8112
    endloop
  endfacet
  facet normal -1 0 0
    outer loop
      vertex 29 106.764 16.1958
      vertex 29 107.614 18.8112
      vertex 29 107.168 16.0874
    endloop
  endfacet
  facet normal -1 -0 0
    outer loop
      vertex 29 107.614 18.8112
      vertex 29 106.764 16.1958
      vertex 29 107.492 18.8581
    endloop
  endfacet
  facet normal -1 0 0
    outer loop
      vertex 29 106.373 16.3458
      vertex 29 107.492 18.8581
      vertex 29 106.764 16.1958
    endloop
  endfacet
  facet normal -1 -0 0
    outer loop
      vertex 29 107.492 18.8581
      vertex 29 106.373 16.3458
      vertex 29 107.375 18.9175
    endloop
  endfacet
  facet normal -1 0 0
    outer loop
      vertex 29 106 16.5359
      vertex 29 107.375 18.9175
      vertex 29 106.373 16.3458
    endloop
  endfacet
  facet normal -1 -0 0
    outer loop
      vertex 29 107.375 18.9175
      vertex 29 106 16.5359
      vertex 29 107.265 18.9887
    endloop
  endfacet
  facet normal -1 0 0
    outer loop
      vertex 29 105.649 16.7639
      vertex 29 107.265 18.9887
      vertex 29 106 16.5359
    endloop
  endfacet
  facet normal -1 -0 0
    outer loop
      vertex 29 107.265 18.9887
      vertex 29 105.649 16.7639
      vertex 29 107.164 19.0711
    endloop
  endfacet
  facet normal -1 0 0
    outer loop
      vertex 29 105.323 17.0274
      vertex 29 107.164 19.0711
      vertex 29 105.649 16.7639
    endloop
  endfacet
  facet normal -1 -0 0
    outer loop
      vertex 29 107.164 19.0711
      vertex 29 105.323 17.0274
      vertex 29 107.071 19.1636
    endloop
  endfacet
  facet normal -1 0 0
    outer loop
      vertex 29 105.027 17.3235
      vertex 29 107.071 19.1636
      vertex 29 105.323 17.0274
    endloop
  endfacet
  facet normal -1 -0 0
    outer loop
      vertex 29 107.071 19.1636
      vertex 29 105.027 17.3235
      vertex 29 106.989 19.2653
    endloop
  endfacet
  facet normal -1 0 0
    outer loop
      vertex 29 104.764 17.6489
      vertex 29 106.989 19.2653
      vertex 29 105.027 17.3235
    endloop
  endfacet
  facet normal -1 -0 0
    outer loop
      vertex 29 106.989 19.2653
      vertex 29 104.764 17.6489
      vertex 29 106.917 19.375
    endloop
  endfacet
  facet normal -1 0 0
    outer loop
      vertex 29 109.011 20.7347
      vertex 29 111.236 22.3511
      vertex 29 109.083 20.625
    endloop
  endfacet
  facet normal -1 -0 0
    outer loop
      vertex 29 111.236 22.3511
      vertex 29 109.011 20.7347
      vertex 29 110.973 22.6765
    endloop
  endfacet
  facet normal -1 0 0
    outer loop
      vertex 29 108.929 20.8364
      vertex 29 110.973 22.6765
      vertex 29 109.011 20.7347
    endloop
  endfacet
  facet normal -1 -0 0
    outer loop
      vertex 29 110.973 22.6765
      vertex 29 108.929 20.8364
      vertex 29 110.677 22.9726
    endloop
  endfacet
  facet normal -1 0 0
    outer loop
      vertex 29 108.836 20.9289
      vertex 29 110.677 22.9726
      vertex 29 108.929 20.8364
    endloop
  endfacet
  facet normal -1 -0 0
    outer loop
      vertex 29 110.677 22.9726
      vertex 29 108.836 20.9289
      vertex 29 110.351 23.2361
    endloop
  endfacet
  facet normal -1 0 0
    outer loop
      vertex 29 108.735 21.0113
      vertex 29 110.351 23.2361
      vertex 29 108.836 20.9289
    endloop
  endfacet
  facet normal -1 -0 0
    outer loop
      vertex 29 110.351 23.2361
      vertex 29 108.735 21.0113
      vertex 29 110 23.4641
    endloop
  endfacet
  facet normal -1 0 0
    outer loop
      vertex 29 108.625 21.0825
      vertex 29 110 23.4641
      vertex 29 108.735 21.0113
    endloop
  endfacet
  facet normal -1 -0 0
    outer loop
      vertex 29 110 23.4641
      vertex 29 108.625 21.0825
      vertex 29 109.627 23.6542
    endloop
  endfacet
  facet normal -1 0 0
    outer loop
      vertex 29 108.508 21.1419
      vertex 29 109.627 23.6542
      vertex 29 108.625 21.0825
    endloop
  endfacet
  facet normal -1 -0 0
    outer loop
      vertex 29 109.627 23.6542
      vertex 29 108.508 21.1419
      vertex 29 109.236 23.8042
    endloop
  endfacet
  facet normal -1 0 0
    outer loop
      vertex 29 108.386 21.1888
      vertex 29 109.236 23.8042
      vertex 29 108.508 21.1419
    endloop
  endfacet
  facet normal -1 -0 0
    outer loop
      vertex 29 109.236 23.8042
      vertex 29 108.386 21.1888
      vertex 29 108.832 23.9126
    endloop
  endfacet
  facet normal -1 0 0
    outer loop
      vertex 29 108.26 21.2227
      vertex 29 108.832 23.9126
      vertex 29 108.386 21.1888
    endloop
  endfacet
  facet normal -1 -0 0
    outer loop
      vertex 29 108.832 23.9126
      vertex 29 108.26 21.2227
      vertex 29 108.418 23.9781
    endloop
  endfacet
  facet normal -1 0 0
    outer loop
      vertex 29 108.131 21.2432
      vertex 29 108.418 23.9781
      vertex 29 108.26 21.2227
    endloop
  endfacet
  facet normal -1 0 0
    outer loop
      vertex 29 108 21.25
      vertex 29 108.418 23.9781
      vertex 29 108.131 21.2432
    endloop
  endfacet
  facet normal -1 0 0
    outer loop
      vertex 29 108 21.25
      vertex 29 108 24
      vertex 29 108.418 23.9781
    endloop
  endfacet
  facet normal -1 0 0
    outer loop
      vertex 29 107.869 21.2432
      vertex 29 108 24
      vertex 29 108 21.25
    endloop
  endfacet
  facet normal -1 0 0
    outer loop
      vertex 29 107.582 23.9781
      vertex 29 107.869 21.2432
      vertex 29 107.74 21.2227
    endloop
  endfacet
  facet normal -1 0 0
    outer loop
      vertex 29 107.168 23.9126
      vertex 29 107.74 21.2227
      vertex 29 107.614 21.1888
    endloop
  endfacet
  facet normal -1 0 0
    outer loop
      vertex 29 107.869 21.2432
      vertex 29 107.582 23.9781
      vertex 29 108 24
    endloop
  endfacet
  facet normal -1 0 0
    outer loop
      vertex 29 106.764 23.8042
      vertex 29 107.614 21.1888
      vertex 29 107.492 21.1419
    endloop
  endfacet
  facet normal -1 0 0
    outer loop
      vertex 29 106.373 23.6542
      vertex 29 107.492 21.1419
      vertex 29 107.375 21.0825
    endloop
  endfacet
  facet normal -1 0 0
    outer loop
      vertex 29 106 23.4641
      vertex 29 107.375 21.0825
      vertex 29 107.265 21.0113
    endloop
  endfacet
  facet normal -1 0 0
    outer loop
      vertex 29 107.74 21.2227
      vertex 29 107.168 23.9126
      vertex 29 107.582 23.9781
    endloop
  endfacet
  facet normal -1 0 0
    outer loop
      vertex 29 105.649 23.2361
      vertex 29 107.265 21.0113
      vertex 29 107.164 20.9289
    endloop
  endfacet
  facet normal -1 0 0
    outer loop
      vertex 29 105.323 22.9726
      vertex 29 107.164 20.9289
      vertex 29 107.071 20.8364
    endloop
  endfacet
  facet normal -1 0 0
    outer loop
      vertex 29 105.027 22.6765
      vertex 29 107.071 20.8364
      vertex 29 106.989 20.7347
    endloop
  endfacet
  facet normal -1 0 0
    outer loop
      vertex 29 104.764 22.3511
      vertex 29 106.989 20.7347
      vertex 29 106.917 20.625
    endloop
  endfacet
  facet normal -1 0 0
    outer loop
      vertex 29 104.536 22
      vertex 29 106.917 20.625
      vertex 29 106.858 20.5084
    endloop
  endfacet
  facet normal -1 0 0
    outer loop
      vertex 29 104.346 21.6269
      vertex 29 106.858 20.5084
      vertex 29 106.811 20.3863
    endloop
  endfacet
  facet normal -1 0 0
    outer loop
      vertex 29 104.196 21.2361
      vertex 29 106.811 20.3863
      vertex 29 106.777 20.2599
    endloop
  endfacet
  facet normal -1 0 0
    outer loop
      vertex 29 107.614 21.1888
      vertex 29 106.764 23.8042
      vertex 29 107.168 23.9126
    endloop
  endfacet
  facet normal -1 0 0
    outer loop
      vertex 29 104.087 20.8316
      vertex 29 106.777 20.2599
      vertex 29 106.757 20.1307
    endloop
  endfacet
  facet normal -1 0 0
    outer loop
      vertex 29 104.022 20.4181
      vertex 29 106.757 20.1307
      vertex 29 106.75 20
    endloop
  endfacet
  facet normal -1 0 0
    outer loop
      vertex 29 104.536 18
      vertex 29 106.917 19.375
      vertex 29 104.764 17.6489
    endloop
  endfacet
  facet normal -1 0 0
    outer loop
      vertex 29 107.492 21.1419
      vertex 29 106.373 23.6542
      vertex 29 106.764 23.8042
    endloop
  endfacet
  facet normal -1 -0 0
    outer loop
      vertex 29 106.917 19.375
      vertex 29 104.536 18
      vertex 29 106.858 19.4916
    endloop
  endfacet
  facet normal -1 0 0
    outer loop
      vertex 29 107.375 21.0825
      vertex 29 106 23.4641
      vertex 29 106.373 23.6542
    endloop
  endfacet
  facet normal -1 0 0
    outer loop
      vertex 29 104.346 18.3731
      vertex 29 106.858 19.4916
      vertex 29 104.536 18
    endloop
  endfacet
  facet normal -1 0 0
    outer loop
      vertex 29 107.265 21.0113
      vertex 29 105.649 23.2361
      vertex 29 106 23.4641
    endloop
  endfacet
  facet normal -1 -0 0
    outer loop
      vertex 29 106.858 19.4916
      vertex 29 104.346 18.3731
      vertex 29 106.811 19.6137
    endloop
  endfacet
  facet normal -1 0 0
    outer loop
      vertex 29 107.164 20.9289
      vertex 29 105.323 22.9726
      vertex 29 105.649 23.2361
    endloop
  endfacet
  facet normal -1 0 0
    outer loop
      vertex 29 104.196 18.7639
      vertex 29 106.811 19.6137
      vertex 29 104.346 18.3731
    endloop
  endfacet
  facet normal -1 0 0
    outer loop
      vertex 29 107.071 20.8364
      vertex 29 105.027 22.6765
      vertex 29 105.323 22.9726
    endloop
  endfacet
  facet normal -1 -0 0
    outer loop
      vertex 29 106.811 19.6137
      vertex 29 104.196 18.7639
      vertex 29 106.777 19.7401
    endloop
  endfacet
  facet normal -1 0 0
    outer loop
      vertex 29 106.989 20.7347
      vertex 29 104.764 22.3511
      vertex 29 105.027 22.6765
    endloop
  endfacet
  facet normal -1 0 0
    outer loop
      vertex 29 104.087 19.1684
      vertex 29 106.777 19.7401
      vertex 29 104.196 18.7639
    endloop
  endfacet
  facet normal -1 0 0
    outer loop
      vertex 29 106.917 20.625
      vertex 29 104.536 22
      vertex 29 104.764 22.3511
    endloop
  endfacet
  facet normal -1 -0 0
    outer loop
      vertex 29 106.777 19.7401
      vertex 29 104.087 19.1684
      vertex 29 106.757 19.8693
    endloop
  endfacet
  facet normal -1 0 0
    outer loop
      vertex 29 106.858 20.5084
      vertex 29 104.346 21.6269
      vertex 29 104.536 22
    endloop
  endfacet
  facet normal -1 0 0
    outer loop
      vertex 29 104.022 19.5819
      vertex 29 106.757 19.8693
      vertex 29 104.087 19.1684
    endloop
  endfacet
  facet normal -1 0 0
    outer loop
      vertex 29 106.811 20.3863
      vertex 29 104.196 21.2361
      vertex 29 104.346 21.6269
    endloop
  endfacet
  facet normal -1 -0 0
    outer loop
      vertex 29 106.757 19.8693
      vertex 29 104.022 19.5819
      vertex 29 106.75 20
    endloop
  endfacet
  facet normal -1 0 0
    outer loop
      vertex 29 106.777 20.2599
      vertex 29 104.087 20.8316
      vertex 29 104.196 21.2361
    endloop
  endfacet
  facet normal -1 0 0
    outer loop
      vertex 29 104 20
      vertex 29 106.75 20
      vertex 29 104.022 19.5819
    endloop
  endfacet
  facet normal -1 0 0
    outer loop
      vertex 29 106.757 20.1307
      vertex 29 104.022 20.4181
      vertex 29 104.087 20.8316
    endloop
  endfacet
  facet normal -1 0 0
    outer loop
      vertex 29 106.75 20
      vertex 29 104 20
      vertex 29 104.022 20.4181
    endloop
  endfacet
  facet normal 0 -0.965558 0.260187
    outer loop
      vertex 29 104.087 20.8316
      vertex 43 104.196 21.2361
      vertex 29 104.196 21.2361
    endloop
  endfacet
  facet normal 0 -0.965558 0.260187
    outer loop
      vertex 43 104.196 21.2361
      vertex 29 104.087 20.8316
      vertex 43 104.087 20.8316
    endloop
  endfacet
  facet normal 0 -0.544736 0.838607
    outer loop
      vertex 29 106 23.4641
      vertex 43 105.649 23.2361
      vertex 43 106 23.4641
    endloop
  endfacet
  facet normal 0 -0.544736 0.838607
    outer loop
      vertex 43 105.649 23.2361
      vertex 29 106 23.4641
      vertex 29 105.649 23.2361
    endloop
  endfacet
  facet normal 0 -0.707226 0.706987
    outer loop
      vertex 29 105.027 22.6765
      vertex 43 105.323 22.9726
      vertex 29 105.323 22.9726
    endloop
  endfacet
  facet normal 0 -0.707226 0.706987
    outer loop
      vertex 43 105.323 22.9726
      vertex 29 105.027 22.6765
      vertex 43 105.027 22.6765
    endloop
  endfacet
  facet normal 0 -0.628615 0.777717
    outer loop
      vertex 29 105.649 23.2361
      vertex 43 105.323 22.9726
      vertex 43 105.649 23.2361
    endloop
  endfacet
  facet normal 0 -0.628615 0.777717
    outer loop
      vertex 43 105.323 22.9726
      vertex 29 105.649 23.2361
      vertex 29 105.323 22.9726
    endloop
  endfacet
  facet normal 0 -0.358179 0.933653
    outer loop
      vertex 29 106.764 23.8042
      vertex 43 106.373 23.6542
      vertex 43 106.764 23.8042
    endloop
  endfacet
  facet normal 0 -0.358179 0.933653
    outer loop
      vertex 43 106.373 23.6542
      vertex 29 106.764 23.8042
      vertex 29 106.373 23.6542
    endloop
  endfacet
  facet normal 0 -0.25915 0.965837
    outer loop
      vertex 29 107.168 23.9126
      vertex 43 106.764 23.8042
      vertex 43 107.168 23.9126
    endloop
  endfacet
  facet normal 0 -0.25915 0.965837
    outer loop
      vertex 43 106.764 23.8042
      vertex 29 107.168 23.9126
      vertex 29 106.764 23.8042
    endloop
  endfacet
  facet normal 0 -0.0523206 0.99863
    outer loop
      vertex 29 108 24
      vertex 43 107.582 23.9781
      vertex 43 108 24
    endloop
  endfacet
  facet normal 0 -0.0523206 0.99863
    outer loop
      vertex 43 107.582 23.9781
      vertex 29 108 24
      vertex 29 107.582 23.9781
    endloop
  endfacet
  facet normal 0 -0.965558 -0.260187
    outer loop
      vertex 29 104.196 18.7639
      vertex 43 104.087 19.1684
      vertex 29 104.087 19.1684
    endloop
  endfacet
  facet normal 0 -0.965558 -0.260187
    outer loop
      vertex 43 104.087 19.1684
      vertex 29 104.196 18.7639
      vertex 43 104.196 18.7639
    endloop
  endfacet
  facet normal 0 -0.628615 -0.777717
    outer loop
      vertex 29 105.323 17.0274
      vertex 43 105.649 16.7639
      vertex 43 105.323 17.0274
    endloop
  endfacet
  facet normal -0 -0.628615 -0.777717
    outer loop
      vertex 43 105.649 16.7639
      vertex 29 105.323 17.0274
      vertex 29 105.649 16.7639
    endloop
  endfacet
  facet normal 0 -0.987869 0.155288
    outer loop
      vertex 29 104.022 20.4181
      vertex 43 104.087 20.8316
      vertex 29 104.087 20.8316
    endloop
  endfacet
  facet normal 0 -0.987869 0.155288
    outer loop
      vertex 43 104.087 20.8316
      vertex 29 104.022 20.4181
      vertex 43 104.022 20.4181
    endloop
  endfacet
  facet normal 0 -0.45408 0.890961
    outer loop
      vertex 29 106.373 23.6542
      vertex 43 106 23.4641
      vertex 43 106.373 23.6542
    endloop
  endfacet
  facet normal 0 -0.45408 0.890961
    outer loop
      vertex 43 106 23.4641
      vertex 29 106.373 23.6542
      vertex 29 106 23.4641
    endloop
  endfacet
  facet normal 0 -0.838678 0.544627
    outer loop
      vertex 29 104.536 22
      vertex 43 104.764 22.3511
      vertex 29 104.764 22.3511
    endloop
  endfacet
  facet normal 0 -0.838678 0.544627
    outer loop
      vertex 43 104.764 22.3511
      vertex 29 104.536 22
      vertex 43 104.536 22
    endloop
  endfacet
  facet normal 0 -0.933592 0.358339
    outer loop
      vertex 29 104.196 21.2361
      vertex 43 104.346 21.6269
      vertex 29 104.346 21.6269
    endloop
  endfacet
  facet normal 0 -0.933592 0.358339
    outer loop
      vertex 43 104.346 21.6269
      vertex 29 104.196 21.2361
      vertex 43 104.196 21.2361
    endloop
  endfacet
  facet normal 0 -0.891107 0.453793
    outer loop
      vertex 29 104.346 21.6269
      vertex 43 104.536 22
      vertex 29 104.536 22
    endloop
  endfacet
  facet normal 0 -0.891107 0.453793
    outer loop
      vertex 43 104.536 22
      vertex 29 104.346 21.6269
      vertex 43 104.346 21.6269
    endloop
  endfacet
  facet normal -1 0 0
    outer loop
      vertex 29 54.6 17.5
      vertex 29 57.1 17.75
      vertex 29 57.1 17.5
    endloop
  endfacet
  facet normal -1 -0 0
    outer loop
      vertex 29 57.1 17.75
      vertex 29 54.6 17.5
      vertex 29 54.6 17.75
    endloop
  endfacet
  facet normal -1 0 0
    outer loop
      vertex 29 57.1 2.25
      vertex 29 54.6 3.25
      vertex 29 57.1 5.5
    endloop
  endfacet
  facet normal -1 0 0
    outer loop
      vertex 29 52.25 2.25
      vertex 29 54.6 3.25
      vertex 29 57.1 2.25
    endloop
  endfacet
  facet normal -1 -0 0
    outer loop
      vertex 29 54.6 3.25
      vertex 29 52.25 2.25
      vertex 29 52.25 3.25
    endloop
  endfacet
  facet normal -1 -0 0
    outer loop
      vertex 29 57.1 5.5
      vertex 29 54.6 3.25
      vertex 29 54.6 5.5
    endloop
  endfacet
  facet normal -0 0 1
    outer loop
      vertex 29 4.5 17.75
      vertex 45.6 2.9 17.75
      vertex 45.6 4.5 17.75
    endloop
  endfacet
  facet normal 0 0 1
    outer loop
      vertex 45.6 2.9 17.75
      vertex 29 4.5 17.75
      vertex 29 2.9 17.75
    endloop
  endfacet
  facet normal 0 0 1
    outer loop
      vertex 45.6 57.1 17.75
      vertex 43.1 54.6 17.75
      vertex 45.6 7 17.75
    endloop
  endfacet
  facet normal -0 0 1
    outer loop
      vertex 29 57.1 17.75
      vertex 43.1 54.6 17.75
      vertex 45.6 57.1 17.75
    endloop
  endfacet
  facet normal 0 0 1
    outer loop
      vertex 43.1 54.6 17.75
      vertex 29 57.1 17.75
      vertex 29 54.6 17.75
    endloop
  endfacet
  facet normal 0 0 1
    outer loop
      vertex 45.6 7 17.75
      vertex 43.1 54.6 17.75
      vertex 43.1 7 17.75
    endloop
  endfacet
  facet normal 1 0 0
    outer loop
      vertex 45.6 4.5 17.75
      vertex 45.6 2.9 17.75
      vertex 45.6 4.5 2.44062
    endloop
  endfacet
  facet normal 1 0 0
    outer loop
      vertex 45.6 5.97138 2.28496
      vertex 45.6 2.9 2.25
      vertex 45.6 6.33665 2.25
    endloop
  endfacet
  facet normal 1 0 0
    outer loop
      vertex 45.6 5.56021 2.32432
      vertex 45.6 2.9 2.25
      vertex 45.6 5.97138 2.28496
    endloop
  endfacet
  facet normal 1 0 0
    outer loop
      vertex 45.6 5.33475 2.34905
      vertex 45.6 2.9 2.25
      vertex 45.6 5.56021 2.32432
    endloop
  endfacet
  facet normal 1 0 0
    outer loop
      vertex 45.6 4.5 2.44062
      vertex 45.6 2.9 2.25
      vertex 45.6 5.33475 2.34905
    endloop
  endfacet
  facet normal 1 0 0
    outer loop
      vertex 45.6 2.9 2.25
      vertex 45.6 4.5 2.44062
      vertex 45.6 2.9 17.75
    endloop
  endfacet
  facet normal 1 0 0
    outer loop
      vertex 45.6 57.1 17.75
      vertex 45.6 56.5 10
      vertex 45.6 57.1 10
    endloop
  endfacet
  facet normal 1 0 0
    outer loop
      vertex 45.6 56.5 10
      vertex 45.6 10.0485 2.25
      vertex 45.6 56.5 2.5
    endloop
  endfacet
  facet normal 1 -0 0
    outer loop
      vertex 45.6 7 17.75
      vertex 45.6 56.5 10
      vertex 45.6 57.1 17.75
    endloop
  endfacet
  facet normal 1 0 0
    outer loop
      vertex 45.6 56.5 10
      vertex 45.6 7 17.75
      vertex 45.6 10.0485 2.25
    endloop
  endfacet
  facet normal 1 0 0
    outer loop
      vertex 45.6 10.0485 2.25
      vertex 45.6 7 17.75
      vertex 45.6 9.61736 2.3016
    endloop
  endfacet
  facet normal 1 0 0
    outer loop
      vertex 45.6 9.61736 2.3016
      vertex 45.6 7 17.75
      vertex 45.6 9.21169 2.35721
    endloop
  endfacet
  facet normal 1 0 0
    outer loop
      vertex 45.6 9.21169 2.35721
      vertex 45.6 7 17.75
      vertex 45.6 7 2.66043
    endloop
  endfacet
  facet normal 1 -0 0
    outer loop
      vertex 45.6 56.5 2.5
      vertex 45.6 57.1 2.25
      vertex 45.6 57.1 2.5
    endloop
  endfacet
  facet normal 1 0 0
    outer loop
      vertex 45.6 57.1 2.25
      vertex 45.6 56.5 2.5
      vertex 45.6 10.0485 2.25
    endloop
  endfacet
  facet normal 0 1 0
    outer loop
      vertex 45.6 57.1 2.5
      vertex 45.6 57.1 2.25
      vertex 40.1 57.1 2.5
    endloop
  endfacet
  facet normal 0 1 0
    outer loop
      vertex 45.6 57.1 17.75
      vertex 36 57.1 17.5
      vertex 29 57.1 17.75
    endloop
  endfacet
  facet normal 0 1 0
    outer loop
      vertex 40.1 57.1 10
      vertex 45.6 57.1 17.75
      vertex 45.6 57.1 10
    endloop
  endfacet
  facet normal 0 1 0
    outer loop
      vertex 45.6 57.1 17.75
      vertex 40.1 57.1 10
      vertex 36 57.1 17.5
    endloop
  endfacet
  facet normal 0 1 0
    outer loop
      vertex 40.1 57.1 10
      vertex 36 57.1 5.5
      vertex 36 57.1 17.5
    endloop
  endfacet
  facet normal 0 1 -0
    outer loop
      vertex 40.1 57.1 2.5
      vertex 36 57.1 5.5
      vertex 40.1 57.1 10
    endloop
  endfacet
  facet normal 0 1 0
    outer loop
      vertex 29 57.1 2.25
      vertex 36 57.1 5.5
      vertex 40.1 57.1 2.5
    endloop
  endfacet
  facet normal 0 1 0
    outer loop
      vertex 36 57.1 5.5
      vertex 29 57.1 2.25
      vertex 29 57.1 5.5
    endloop
  endfacet
  facet normal 0 1 0
    outer loop
      vertex 29 57.1 2.25
      vertex 40.1 57.1 2.5
      vertex 45.6 57.1 2.25
    endloop
  endfacet
  facet normal 0 1 0
    outer loop
      vertex 29 57.1 17.75
      vertex 36 57.1 17.5
      vertex 29 57.1 17.5
    endloop
  endfacet
  facet normal 0 0 -1
    outer loop
      vertex 45.6 2.9 2.25
      vertex 44.9439 4.5 2.25
      vertex 45.6 6.33665 2.25
    endloop
  endfacet
  facet normal 0 0 -1
    outer loop
      vertex 29 2.9 2.25
      vertex 44.9439 4.5 2.25
      vertex 45.6 2.9 2.25
    endloop
  endfacet
  facet normal -0 0 -1
    outer loop
      vertex 44.9439 4.5 2.25
      vertex 29 2.9 2.25
      vertex 29 4.5 2.25
    endloop
  endfacet
  facet normal 0 0 -1
    outer loop
      vertex 29 7 2.25
      vertex 40.75 7.75 2.25
      vertex 44.628 7 2.25
    endloop
  endfacet
  facet normal -0 0 -1
    outer loop
      vertex 40.75 7.75 2.25
      vertex 29 7 2.25
      vertex 29 7.75 2.25
    endloop
  endfacet
  facet normal 0 0 -1
    outer loop
      vertex 40.75 7.75 2.25
      vertex 45.6 10.0485 2.25
      vertex 45.5665 9.94112 2.25
    endloop
  endfacet
  facet normal 0 0 -1
    outer loop
      vertex 40.75 7.75 2.25
      vertex 45.5665 9.94112 2.25
      vertex 44.7361 7.27752 2.25
    endloop
  endfacet
  facet normal 0 0 -1
    outer loop
      vertex 40.75 7.75 2.25
      vertex 44.7361 7.27752 2.25
      vertex 44.7257 7.25074 2.25
    endloop
  endfacet
  facet normal 0 0 -1
    outer loop
      vertex 40.75 7.75 2.25
      vertex 44.7257 7.25074 2.25
      vertex 44.628 7 2.25
    endloop
  endfacet
  facet normal -0 0 -1
    outer loop
      vertex 45.6 10.0485 2.25
      vertex 40.75 7.75 2.25
      vertex 40.75 52.25 2.25
    endloop
  endfacet
  facet normal 0 0 -1
    outer loop
      vertex 45.6 10.0485 2.25
      vertex 40.75 52.25 2.25
      vertex 45.6 57.1 2.25
    endloop
  endfacet
  facet normal 0 0 -1
    outer loop
      vertex 29 57.1 2.25
      vertex 40.75 52.25 2.25
      vertex 29 52.25 2.25
    endloop
  endfacet
  facet normal 0 0 -1
    outer loop
      vertex 40.75 52.25 2.25
      vertex 29 57.1 2.25
      vertex 45.6 57.1 2.25
    endloop
  endfacet
  facet normal 0 -1 0
    outer loop
      vertex 29 2.9 4
      vertex 29 2.9 2.25
      vertex 40 2.9 4
    endloop
  endfacet
  facet normal 0 -1 0
    outer loop
      vertex 40 2.9 16
      vertex 29 2.9 17.75
      vertex 29 2.9 16
    endloop
  endfacet
  facet normal 0 -1 0
    outer loop
      vertex 29 2.9 17.75
      vertex 40 2.9 16
      vertex 45.6 2.9 17.75
    endloop
  endfacet
  facet normal 0 -1 0
    outer loop
      vertex 40.2091 2.9 15.989
      vertex 45.6 2.9 17.75
      vertex 40 2.9 16
    endloop
  endfacet
  facet normal 0 -1 0
    outer loop
      vertex 40.4158 2.9 15.9563
      vertex 45.6 2.9 17.75
      vertex 40.2091 2.9 15.989
    endloop
  endfacet
  facet normal 0 -1 0
    outer loop
      vertex 40.618 2.9 15.9021
      vertex 45.6 2.9 17.75
      vertex 40.4158 2.9 15.9563
    endloop
  endfacet
  facet normal 0 -1 0
    outer loop
      vertex 40.8135 2.9 15.8271
      vertex 45.6 2.9 17.75
      vertex 40.618 2.9 15.9021
    endloop
  endfacet
  facet normal 0 -1 0
    outer loop
      vertex 41 2.9 15.7321
      vertex 45.6 2.9 17.75
      vertex 40.8135 2.9 15.8271
    endloop
  endfacet
  facet normal 0 -1 0
    outer loop
      vertex 41.1756 2.9 15.618
      vertex 45.6 2.9 17.75
      vertex 41 2.9 15.7321
    endloop
  endfacet
  facet normal 0 -1 0
    outer loop
      vertex 41.3383 2.9 15.4863
      vertex 45.6 2.9 17.75
      vertex 41.1756 2.9 15.618
    endloop
  endfacet
  facet normal 0 -1 0
    outer loop
      vertex 41.4863 2.9 15.3383
      vertex 45.6 2.9 17.75
      vertex 41.3383 2.9 15.4863
    endloop
  endfacet
  facet normal 0 -1 0
    outer loop
      vertex 41.618 2.9 15.1756
      vertex 45.6 2.9 17.75
      vertex 41.4863 2.9 15.3383
    endloop
  endfacet
  facet normal 0 -1 0
    outer loop
      vertex 41.7321 2.9 15
      vertex 45.6 2.9 17.75
      vertex 41.618 2.9 15.1756
    endloop
  endfacet
  facet normal 0 -1 0
    outer loop
      vertex 41.8271 2.9 14.8135
      vertex 45.6 2.9 17.75
      vertex 41.7321 2.9 15
    endloop
  endfacet
  facet normal 0 -1 0
    outer loop
      vertex 41.9021 2.9 14.618
      vertex 45.6 2.9 17.75
      vertex 41.8271 2.9 14.8135
    endloop
  endfacet
  facet normal 0 -1 0
    outer loop
      vertex 41.9563 2.9 14.4158
      vertex 45.6 2.9 17.75
      vertex 41.9021 2.9 14.618
    endloop
  endfacet
  facet normal 0 -1 0
    outer loop
      vertex 41.989 2.9 14.2091
      vertex 45.6 2.9 17.75
      vertex 41.9563 2.9 14.4158
    endloop
  endfacet
  facet normal 0 -1 0
    outer loop
      vertex 42 2.9 14
      vertex 45.6 2.9 17.75
      vertex 41.989 2.9 14.2091
    endloop
  endfacet
  facet normal 0 -1 0
    outer loop
      vertex 42 2.9 6
      vertex 45.6 2.9 17.75
      vertex 42 2.9 14
    endloop
  endfacet
  facet normal 0 -1 0
    outer loop
      vertex 45.6 2.9 2.25
      vertex 42 2.9 6
      vertex 41.989 2.9 5.79094
    endloop
  endfacet
  facet normal 0 -1 0
    outer loop
      vertex 45.6 2.9 2.25
      vertex 41.989 2.9 5.79094
      vertex 41.9563 2.9 5.58418
    endloop
  endfacet
  facet normal 0 -1 0
    outer loop
      vertex 45.6 2.9 2.25
      vertex 41.9563 2.9 5.58418
      vertex 41.9021 2.9 5.38197
    endloop
  endfacet
  facet normal 0 -1 0
    outer loop
      vertex 45.6 2.9 2.25
      vertex 40 2.9 4
      vertex 29 2.9 2.25
    endloop
  endfacet
  facet normal 0 -1 0
    outer loop
      vertex 42 2.9 6
      vertex 45.6 2.9 2.25
      vertex 45.6 2.9 17.75
    endloop
  endfacet
  facet normal 0 -1 0
    outer loop
      vertex 41.8271 2.9 5.18652
      vertex 45.6 2.9 2.25
      vertex 41.9021 2.9 5.38197
    endloop
  endfacet
  facet normal 0 -1 0
    outer loop
      vertex 41.7321 2.9 5
      vertex 45.6 2.9 2.25
      vertex 41.8271 2.9 5.18652
    endloop
  endfacet
  facet normal 0 -1 0
    outer loop
      vertex 41.618 2.9 4.82443
      vertex 45.6 2.9 2.25
      vertex 41.7321 2.9 5
    endloop
  endfacet
  facet normal 0 -1 0
    outer loop
      vertex 41.4863 2.9 4.66174
      vertex 45.6 2.9 2.25
      vertex 41.618 2.9 4.82443
    endloop
  endfacet
  facet normal 0 -1 0
    outer loop
      vertex 41.3383 2.9 4.51372
      vertex 45.6 2.9 2.25
      vertex 41.4863 2.9 4.66174
    endloop
  endfacet
  facet normal 0 -1 0
    outer loop
      vertex 41.1756 2.9 4.38197
      vertex 45.6 2.9 2.25
      vertex 41.3383 2.9 4.51372
    endloop
  endfacet
  facet normal 0 -1 0
    outer loop
      vertex 41 2.9 4.26794
      vertex 45.6 2.9 2.25
      vertex 41.1756 2.9 4.38197
    endloop
  endfacet
  facet normal 0 -1 0
    outer loop
      vertex 40.8135 2.9 4.17291
      vertex 45.6 2.9 2.25
      vertex 41 2.9 4.26794
    endloop
  endfacet
  facet normal 0 -1 0
    outer loop
      vertex 40.618 2.9 4.09789
      vertex 45.6 2.9 2.25
      vertex 40.8135 2.9 4.17291
    endloop
  endfacet
  facet normal 0 -1 0
    outer loop
      vertex 40.4158 2.9 4.0437
      vertex 45.6 2.9 2.25
      vertex 40.618 2.9 4.09789
    endloop
  endfacet
  facet normal 0 -1 0
    outer loop
      vertex 40.2091 2.9 4.01096
      vertex 45.6 2.9 2.25
      vertex 40.4158 2.9 4.0437
    endloop
  endfacet
  facet normal 0 -1 0
    outer loop
      vertex 40 2.9 4
      vertex 45.6 2.9 2.25
      vertex 40.2091 2.9 4.01096
    endloop
  endfacet
  facet normal -1 0 0
    outer loop
      vertex 43.1 7 3.25
      vertex 43.1 54.6 17.75
      vertex 43.1 54.6 3.25
    endloop
  endfacet
  facet normal -1 -0 0
    outer loop
      vertex 43.1 54.6 17.75
      vertex 43.1 7 3.25
      vertex 43.1 7 17.75
    endloop
  endfacet
  facet normal 0 0 1
    outer loop
      vertex 43.1 54.6 3.25
      vertex 40.75 52.25 3.25
      vertex 43.1 7 3.25
    endloop
  endfacet
  facet normal -0 0 1
    outer loop
      vertex 29 54.6 3.25
      vertex 40.75 52.25 3.25
      vertex 43.1 54.6 3.25
    endloop
  endfacet
  facet normal 0 0 1
    outer loop
      vertex 40.75 52.25 3.25
      vertex 29 54.6 3.25
      vertex 29 52.25 3.25
    endloop
  endfacet
  facet normal -0 0 1
    outer loop
      vertex 40.75 7.75 3.25
      vertex 43.1 7 3.25
      vertex 40.75 52.25 3.25
    endloop
  endfacet
  facet normal 0 0 1
    outer loop
      vertex 29 7 3.25
      vertex 40.75 7.75 3.25
      vertex 29 7.75 3.25
    endloop
  endfacet
  facet normal 0 0 1
    outer loop
      vertex 40.75 7.75 3.25
      vertex 29 7 3.25
      vertex 43.1 7 3.25
    endloop
  endfacet
  facet normal 0 -1 0
    outer loop
      vertex 29 54.6 5.5
      vertex 29 54.6 3.25
      vertex 36 54.6 5.5
    endloop
  endfacet
  facet normal 0 -1 0
    outer loop
      vertex 36 54.6 17.5
      vertex 29 54.6 17.75
      vertex 29 54.6 17.5
    endloop
  endfacet
  facet normal 0 -1 0
    outer loop
      vertex 29 54.6 17.75
      vertex 36 54.6 17.5
      vertex 43.1 54.6 17.75
    endloop
  endfacet
  facet normal 0 -1 0
    outer loop
      vertex 36 54.6 5.5
      vertex 43.1 54.6 17.75
      vertex 36 54.6 17.5
    endloop
  endfacet
  facet normal 0 -1 0
    outer loop
      vertex 36 54.6 5.5
      vertex 43.1 54.6 3.25
      vertex 43.1 54.6 17.75
    endloop
  endfacet
  facet normal 0 -1 0
    outer loop
      vertex 43.1 54.6 3.25
      vertex 36 54.6 5.5
      vertex 29 54.6 3.25
    endloop
  endfacet
  facet normal -1 0 0
    outer loop
      vertex 40.75 7.75 2.25
      vertex 40.75 52.25 3.25
      vertex 40.75 52.25 2.25
    endloop
  endfacet
  facet normal -1 -0 0
    outer loop
      vertex 40.75 52.25 3.25
      vertex 40.75 7.75 2.25
      vertex 40.75 7.75 3.25
    endloop
  endfacet
  facet normal 0 -1 0
    outer loop
      vertex 29 52.25 2.25
      vertex 40.75 52.25 3.25
      vertex 29 52.25 3.25
    endloop
  endfacet
  facet normal 0 -1 -0
    outer loop
      vertex 40.75 52.25 3.25
      vertex 29 52.25 2.25
      vertex 40.75 52.25 2.25
    endloop
  endfacet
  facet normal 0 1 -0
    outer loop
      vertex 40.75 7.75 2.25
      vertex 29 7.75 3.25
      vertex 40.75 7.75 3.25
    endloop
  endfacet
  facet normal 0 1 0
    outer loop
      vertex 29 7.75 3.25
      vertex 40.75 7.75 2.25
      vertex 29 7.75 2.25
    endloop
  endfacet
  facet normal 0 0 -1
    outer loop
      vertex 29 54.6 17.5
      vertex 36 57.1 17.5
      vertex 36 54.6 17.5
    endloop
  endfacet
  facet normal -0 0 -1
    outer loop
      vertex 36 57.1 17.5
      vertex 29 54.6 17.5
      vertex 29 57.1 17.5
    endloop
  endfacet
  facet normal -1 0 0
    outer loop
      vertex 36 54.6 5.5
      vertex 36 57.1 17.5
      vertex 36 57.1 5.5
    endloop
  endfacet
  facet normal -1 -0 0
    outer loop
      vertex 36 57.1 17.5
      vertex 36 54.6 5.5
      vertex 36 54.6 17.5
    endloop
  endfacet
  facet normal -0 0 1
    outer loop
      vertex 29 57.1 5.5
      vertex 36 54.6 5.5
      vertex 36 57.1 5.5
    endloop
  endfacet
  facet normal 0 0 1
    outer loop
      vertex 36 54.6 5.5
      vertex 29 57.1 5.5
      vertex 29 54.6 5.5
    endloop
  endfacet
  facet normal -1 0 0
    outer loop
      vertex 40.1 84.8449 7.3
      vertex 40.1 113.5 10
      vertex 40.1 113.5 7.3
    endloop
  endfacet
  facet normal -1 -0 0
    outer loop
      vertex 40.1 113.5 10
      vertex 40.1 84.8449 7.3
      vertex 40.1 83.7811 10
    endloop
  endfacet
  facet normal -1 0 0
    outer loop
      vertex 40.1 86.7362 2.5
      vertex 40.1 113.5 5.4
      vertex 40.1 113.5 2.5
    endloop
  endfacet
  facet normal -1 -0 0
    outer loop
      vertex 40.1 113.5 5.4
      vertex 40.1 86.7362 2.5
      vertex 40.1 85.5936 5.4
    endloop
  endfacet
  facet normal -1 0 0
    outer loop
      vertex 40.1 57.1 2.5
      vertex 40.1 63.1333 3.55496
      vertex 40.1 63.4861 2.5
    endloop
  endfacet
  facet normal -1 0 0
    outer loop
      vertex 40.1 57.1 10
      vertex 40.1 59 5.4
      vertex 40.1 57.1 2.5
    endloop
  endfacet
  facet normal -1 -0 0
    outer loop
      vertex 40.1 63.1333 3.55496
      vertex 40.1 57.1 2.5
      vertex 40.1 59 5.4
    endloop
  endfacet
  facet normal -1 0 0
    outer loop
      vertex 40.1 59 5.4
      vertex 40.1 63.2081 3.5822
      vertex 40.1 63.1725 3.56922
    endloop
  endfacet
  facet normal -1 0 0
    outer loop
      vertex 40.1 63.2081 3.5822
      vertex 40.1 59 5.4
      vertex 40.1 63.2712 3.60517
    endloop
  endfacet
  facet normal -1 0 0
    outer loop
      vertex 40.1 63.2712 3.60517
      vertex 40.1 59 5.4
      vertex 40.1 63.5268 3.69818
    endloop
  endfacet
  facet normal -1 0 0
    outer loop
      vertex 40.1 64.7116 4.12941
      vertex 40.1 59 5.4
      vertex 40.1 68.2025 5.4
    endloop
  endfacet
  facet normal -1 0 0
    outer loop
      vertex 40.1 63.5268 3.69818
      vertex 40.1 59 5.4
      vertex 40.1 64.7116 4.12941
    endloop
  endfacet
  facet normal -1 0 0
    outer loop
      vertex 40.1 59 5.4
      vertex 40.1 63.1725 3.56922
      vertex 40.1 63.1333 3.55496
    endloop
  endfacet
  facet normal -1 0 0
    outer loop
      vertex 40.1 59 7.3
      vertex 40.1 70.4772 10
      vertex 40.1 70.4772 7.3
    endloop
  endfacet
  facet normal -1 0 0
    outer loop
      vertex 40.1 59 7.3
      vertex 40.1 57.1 10
      vertex 40.1 70.4772 10
    endloop
  endfacet
  facet normal -1 0 0
    outer loop
      vertex 40.1 59 5.4
      vertex 40.1 57.1 10
      vertex 40.1 59 7.3
    endloop
  endfacet
  facet normal -1 -0 0
    outer loop
      vertex 40.1 80.8409 10
      vertex 40.1 79.5228 9.52025
      vertex 40.1 79.5228 10
    endloop
  endfacet
  facet normal 0 0 1
    outer loop
      vertex 42.2261 80.8409 10
      vertex 40.9343 76.2543 10
      vertex 41 75 10
    endloop
  endfacet
  facet normal 0 0 1
    outer loop
      vertex 41.7072 80.8409 10
      vertex 40.7378 77.4949 10
      vertex 40.9343 76.2543 10
    endloop
  endfacet
  facet normal 0 0 1
    outer loop
      vertex 40.1 79.5228 10
      vertex 41.5398 80.8409 10
      vertex 40.6402 80.8409 10
    endloop
  endfacet
  facet normal 0 0 1
    outer loop
      vertex 41.7072 80.8409 10
      vertex 40.4127 78.7082 10
      vertex 40.7378 77.4949 10
    endloop
  endfacet
  facet normal 0 0 1
    outer loop
      vertex 40.1 79.5228 10
      vertex 40.6402 80.8409 10
      vertex 40.1 80.8409 10
    endloop
  endfacet
  facet normal 0 0 1
    outer loop
      vertex 41.5398 80.8409 10
      vertex 40.1 79.5228 10
      vertex 40.4127 78.7082 10
    endloop
  endfacet
  facet normal -0 0 1
    outer loop
      vertex 42.2261 80.8409 10
      vertex 46.1 56.5 10
      vertex 46.1 113.5 10
    endloop
  endfacet
  facet normal -0 0 1
    outer loop
      vertex 40.9343 73.7457 10
      vertex 46.1 56.5 10
      vertex 42.2261 80.8409 10
    endloop
  endfacet
  facet normal 0 0 1
    outer loop
      vertex 46.1 113.5 10
      vertex 41.5491 81.9642 10
      vertex 42.2261 80.8409 10
    endloop
  endfacet
  facet normal 0 0 1
    outer loop
      vertex 46.1 113.5 10
      vertex 41.5456 81.9701 10
      vertex 41.5491 81.9642 10
    endloop
  endfacet
  facet normal 0 0 1
    outer loop
      vertex 46.1 113.5 10
      vertex 40.5394 83.3067 10
      vertex 41.5456 81.9701 10
    endloop
  endfacet
  facet normal 0 0 1
    outer loop
      vertex 46.1 113.5 10
      vertex 40.5305 83.3186 10
      vertex 40.5394 83.3067 10
    endloop
  endfacet
  facet normal 0 0 1
    outer loop
      vertex 46.1 113.5 10
      vertex 40.5203 83.3296 10
      vertex 40.5305 83.3186 10
    endloop
  endfacet
  facet normal 0 0 1
    outer loop
      vertex 40.1 83.7811 10
      vertex 46.1 113.5 10
      vertex 40.1 113.5 10
    endloop
  endfacet
  facet normal 0 0 1
    outer loop
      vertex 46.1 113.5 10
      vertex 40.1 83.7811 10
      vertex 40.5203 83.3296 10
    endloop
  endfacet
  facet normal 0 0 1
    outer loop
      vertex 46.1 56.5 10
      vertex 45.6 57.1 10
      vertex 45.6 56.5 10
    endloop
  endfacet
  facet normal 0 0 1
    outer loop
      vertex 40.9343 76.2543 10
      vertex 42.2261 80.8409 10
      vertex 42.0783 80.8409 10
    endloop
  endfacet
  facet normal 0 0 1
    outer loop
      vertex 40.9343 76.2543 10
      vertex 42.0783 80.8409 10
      vertex 42.0103 80.8409 10
    endloop
  endfacet
  facet normal 0 0 1
    outer loop
      vertex 40.9343 76.2543 10
      vertex 42.0103 80.8409 10
      vertex 41.7072 80.8409 10
    endloop
  endfacet
  facet normal 0 0 1
    outer loop
      vertex 40.4127 78.7082 10
      vertex 41.7072 80.8409 10
      vertex 41.5398 80.8409 10
    endloop
  endfacet
  facet normal 0 0 1
    outer loop
      vertex 40.9343 73.7457 10
      vertex 42.2261 80.8409 10
      vertex 41 75 10
    endloop
  endfacet
  facet normal 0 0 1
    outer loop
      vertex 46.1 56.5 10
      vertex 40.9343 73.7457 10
      vertex 45.6 57.1 10
    endloop
  endfacet
  facet normal -0 0 1
    outer loop
      vertex 40.7378 72.5051 10
      vertex 45.6 57.1 10
      vertex 40.9343 73.7457 10
    endloop
  endfacet
  facet normal -0 0 1
    outer loop
      vertex 40.4127 71.2918 10
      vertex 45.6 57.1 10
      vertex 40.7378 72.5051 10
    endloop
  endfacet
  facet normal -0 0 1
    outer loop
      vertex 40.1 70.4772 10
      vertex 45.6 57.1 10
      vertex 40.4127 71.2918 10
    endloop
  endfacet
  facet normal 0 0 1
    outer loop
      vertex 45.6 57.1 10
      vertex 40.1 70.4772 10
      vertex 40.1 57.1 10
    endloop
  endfacet
  facet normal 1 -0 0
    outer loop
      vertex 46.1 56.5 10
      vertex 46.1 113.5 2.5
      vertex 46.1 113.5 10
    endloop
  endfacet
  facet normal 1 0 0
    outer loop
      vertex 46.1 113.5 2.5
      vertex 46.1 56.5 10
      vertex 46.1 56.5 2.5
    endloop
  endfacet
  facet normal 0 0 -1
    outer loop
      vertex 46.1 56.5 2.5
      vertex 44.5889 74.9091 2.5
      vertex 44.594 75 2.5
    endloop
  endfacet
  facet normal 0 0 -1
    outer loop
      vertex 46.1 56.5 2.5
      vertex 44.4976 73.2666 2.5
      vertex 44.5889 74.9091 2.5
    endloop
  endfacet
  facet normal 0 0 -1
    outer loop
      vertex 46.1 56.5 2.5
      vertex 44.2426 71.6243 2.5
      vertex 44.4976 73.2666 2.5
    endloop
  endfacet
  facet normal 0 0 -1
    outer loop
      vertex 46.1 56.5 2.5
      vertex 44.2317 71.5546 2.5
      vertex 44.2426 71.6243 2.5
    endloop
  endfacet
  facet normal 0 0 -1
    outer loop
      vertex 46.1 56.5 2.5
      vertex 44.2144 71.4873 2.5
      vertex 44.2317 71.5546 2.5
    endloop
  endfacet
  facet normal 0 0 -1
    outer loop
      vertex 46.1 56.5 2.5
      vertex 43.7998 69.8827 2.5
      vertex 44.2144 71.4873 2.5
    endloop
  endfacet
  facet normal 0 0 -1
    outer loop
      vertex 46.1 56.5 2.5
      vertex 43.7794 69.8272 2.5
      vertex 43.7998 69.8827 2.5
    endloop
  endfacet
  facet normal 0 0 -1
    outer loop
      vertex 45.6 57.1 2.5
      vertex 43.2067 68.2689 2.5
      vertex 43.7794 69.8272 2.5
    endloop
  endfacet
  facet normal 0 0 -1
    outer loop
      vertex 45.6 57.1 2.5
      vertex 42.4767 66.7666 2.5
      vertex 43.2067 68.2689 2.5
    endloop
  endfacet
  facet normal 0 0 -1
    outer loop
      vertex 45.6 57.1 2.5
      vertex 42.4592 66.7306 2.5
      vertex 42.4767 66.7666 2.5
    endloop
  endfacet
  facet normal 0 0 -1
    outer loop
      vertex 45.6 57.1 2.5
      vertex 42.4385 66.6971 2.5
      vertex 42.4592 66.7306 2.5
    endloop
  endfacet
  facet normal 0 0 -1
    outer loop
      vertex 45.6 57.1 2.5
      vertex 41.5658 65.2845 2.5
      vertex 42.4385 66.6971 2.5
    endloop
  endfacet
  facet normal 0 0 -1
    outer loop
      vertex 45.6 57.1 2.5
      vertex 40.5501 63.9639 2.5
      vertex 41.5658 65.2845 2.5
    endloop
  endfacet
  facet normal 0 0 -1
    outer loop
      vertex 45.6 57.1 2.5
      vertex 40.5363 63.946 2.5
      vertex 40.5501 63.9639 2.5
    endloop
  endfacet
  facet normal 0 0 -1
    outer loop
      vertex 45.6 57.1 2.5
      vertex 40.521 63.9299 2.5
      vertex 40.5363 63.946 2.5
    endloop
  endfacet
  facet normal 0 0 -1
    outer loop
      vertex 40.1 63.4861 2.5
      vertex 45.6 57.1 2.5
      vertex 40.1 57.1 2.5
    endloop
  endfacet
  facet normal 0 0 -1
    outer loop
      vertex 45.6 57.1 2.5
      vertex 40.1 63.4861 2.5
      vertex 40.521 63.9299 2.5
    endloop
  endfacet
  facet normal 0 0 -1
    outer loop
      vertex 45.6 57.1 2.5
      vertex 46.1 56.5 2.5
      vertex 45.6 56.5 2.5
    endloop
  endfacet
  facet normal 0 0 -1
    outer loop
      vertex 43.7794 69.8272 2.5
      vertex 46.1 56.5 2.5
      vertex 45.6 57.1 2.5
    endloop
  endfacet
  facet normal 0 0 -1
    outer loop
      vertex 46.1 56.5 2.5
      vertex 44.594 75 2.5
      vertex 46.1 113.5 2.5
    endloop
  endfacet
  facet normal 0 0 -1
    outer loop
      vertex 44.59 75.092 2.5
      vertex 46.1 113.5 2.5
      vertex 44.594 75 2.5
    endloop
  endfacet
  facet normal 0 0 -1
    outer loop
      vertex 44.5195 76.7358 2.5
      vertex 46.1 113.5 2.5
      vertex 44.59 75.092 2.5
    endloop
  endfacet
  facet normal 0 0 -1
    outer loop
      vertex 44.2905 78.344 2.5
      vertex 46.1 113.5 2.5
      vertex 44.5195 76.7358 2.5
    endloop
  endfacet
  facet normal 0 0 -1
    outer loop
      vertex 44.2747 78.4551 2.5
      vertex 46.1 113.5 2.5
      vertex 44.2905 78.344 2.5
    endloop
  endfacet
  facet normal 0 0 -1
    outer loop
      vertex 43.891 80.02 2.5
      vertex 46.1 113.5 2.5
      vertex 44.2747 78.4551 2.5
    endloop
  endfacet
  facet normal 0 0 -1
    outer loop
      vertex 43.8618 80.1388 2.5
      vertex 46.1 113.5 2.5
      vertex 43.891 80.02 2.5
    endloop
  endfacet
  facet normal 0 0 -1
    outer loop
      vertex 43.8207 80.255 2.5
      vertex 46.1 113.5 2.5
      vertex 43.8618 80.1388 2.5
    endloop
  endfacet
  facet normal 0 0 -1
    outer loop
      vertex 43.2851 81.7683 2.5
      vertex 46.1 113.5 2.5
      vertex 43.8207 80.255 2.5
    endloop
  endfacet
  facet normal 0 0 -1
    outer loop
      vertex 43.2285 81.8883 2.5
      vertex 46.1 113.5 2.5
      vertex 43.2851 81.7683 2.5
    endloop
  endfacet
  facet normal 0 0 -1
    outer loop
      vertex 42.5506 83.3256 2.5
      vertex 46.1 113.5 2.5
      vertex 43.2285 81.8883 2.5
    endloop
  endfacet
  facet normal 0 0 -1
    outer loop
      vertex 41.7431 84.6655 2.5
      vertex 46.1 113.5 2.5
      vertex 42.5506 83.3256 2.5
    endloop
  endfacet
  facet normal 0 0 -1
    outer loop
      vertex 41.6662 84.7931 2.5
      vertex 46.1 113.5 2.5
      vertex 41.7431 84.6655 2.5
    endloop
  endfacet
  facet normal 0 0 -1
    outer loop
      vertex 40.7353 86.0297 2.5
      vertex 46.1 113.5 2.5
      vertex 41.6662 84.7931 2.5
    endloop
  endfacet
  facet normal 0 0 -1
    outer loop
      vertex 40.6413 86.1546 2.5
      vertex 46.1 113.5 2.5
      vertex 40.7353 86.0297 2.5
    endloop
  endfacet
  facet normal 0 0 -1
    outer loop
      vertex 40.5346 86.2693 2.5
      vertex 46.1 113.5 2.5
      vertex 40.6413 86.1546 2.5
    endloop
  endfacet
  facet normal 0 0 -1
    outer loop
      vertex 40.1 86.7362 2.5
      vertex 46.1 113.5 2.5
      vertex 40.5346 86.2693 2.5
    endloop
  endfacet
  facet normal -0 0 -1
    outer loop
      vertex 46.1 113.5 2.5
      vertex 40.1 86.7362 2.5
      vertex 40.1 113.5 2.5
    endloop
  endfacet
  facet normal 0 -1 0
    outer loop
      vertex 45.6 56.5 2.5
      vertex 46.1 56.5 10
      vertex 45.6 56.5 10
    endloop
  endfacet
  facet normal 0 -1 -0
    outer loop
      vertex 46.1 56.5 10
      vertex 45.6 56.5 2.5
      vertex 46.1 56.5 2.5
    endloop
  endfacet
  facet normal 0 1 0
    outer loop
      vertex 46.1 113.5 10
      vertex 43.1 113.5 7.3
      vertex 40.1 113.5 10
    endloop
  endfacet
  facet normal 0 1 0
    outer loop
      vertex 46.1 113.5 10
      vertex 43.1 113.5 5.4
      vertex 43.1 113.5 7.3
    endloop
  endfacet
  facet normal 0 1 -0
    outer loop
      vertex 46.1 113.5 2.5
      vertex 43.1 113.5 5.4
      vertex 46.1 113.5 10
    endloop
  endfacet
  facet normal 0 1 0
    outer loop
      vertex 40.1 113.5 2.5
      vertex 43.1 113.5 5.4
      vertex 46.1 113.5 2.5
    endloop
  endfacet
  facet normal 0 1 0
    outer loop
      vertex 43.1 113.5 5.4
      vertex 40.1 113.5 2.5
      vertex 40.1 113.5 5.4
    endloop
  endfacet
  facet normal 0 1 0
    outer loop
      vertex 40.1 113.5 10
      vertex 43.1 113.5 7.3
      vertex 40.1 113.5 7.3
    endloop
  endfacet
  facet normal 0 0 -1
    outer loop
      vertex 40.1 70.4772 7.3
      vertex 43.1 73.4227 7.3
      vertex 43.1 59 7.3
    endloop
  endfacet
  facet normal 0 -0 -1
    outer loop
      vertex 40.4127 71.2918 7.3
      vertex 43.1 73.4227 7.3
      vertex 40.1 70.4772 7.3
    endloop
  endfacet
  facet normal 0 -0 -1
    outer loop
      vertex 40.7378 72.5051 7.3
      vertex 42.9575 73.4227 7.3
      vertex 40.4127 71.2918 7.3
    endloop
  endfacet
  facet normal -0 0 -1
    outer loop
      vertex 41.5398 73.4227 7.3
      vertex 40.7378 72.5051 7.3
      vertex 41.0539 73.4227 7.3
    endloop
  endfacet
  facet normal -0 0 -1
    outer loop
      vertex 41.0539 73.4227 7.3
      vertex 40.7378 72.5051 7.3
      vertex 40.8831 73.4227 7.3
    endloop
  endfacet
  facet normal -0 0 -1
    outer loop
      vertex 42.9575 73.4227 7.3
      vertex 40.7378 72.5051 7.3
      vertex 41.5398 73.4227 7.3
    endloop
  endfacet
  facet normal 0 0 -1
    outer loop
      vertex 40.1 70.4772 7.3
      vertex 43.1 59 7.3
      vertex 40.1 59 7.3
    endloop
  endfacet
  facet normal -0 0 -1
    outer loop
      vertex 43.1 73.4227 7.3
      vertex 40.4127 71.2918 7.3
      vertex 42.9575 73.4227 7.3
    endloop
  endfacet
  facet normal 0 0 -1
    outer loop
      vertex 42.4681 81.5278 7.3
      vertex 43.1 113.5 7.3
      vertex 43.1 80.188 7.3
    endloop
  endfacet
  facet normal 0 0 -1
    outer loop
      vertex 41.6189 82.9367 7.3
      vertex 43.1 113.5 7.3
      vertex 42.4681 81.5278 7.3
    endloop
  endfacet
  facet normal 0 0 -1
    outer loop
      vertex 41.589 82.9864 7.3
      vertex 43.1 113.5 7.3
      vertex 41.6189 82.9367 7.3
    endloop
  endfacet
  facet normal 0 0 -1
    outer loop
      vertex 40.61 84.2869 7.3
      vertex 43.1 113.5 7.3
      vertex 41.589 82.9864 7.3
    endloop
  endfacet
  facet normal 0 0 -1
    outer loop
      vertex 40.5704 84.3396 7.3
      vertex 43.1 113.5 7.3
      vertex 40.61 84.2869 7.3
    endloop
  endfacet
  facet normal 0 0 -1
    outer loop
      vertex 40.5254 84.3879 7.3
      vertex 43.1 113.5 7.3
      vertex 40.5704 84.3396 7.3
    endloop
  endfacet
  facet normal 0 0 -1
    outer loop
      vertex 40.1 84.8449 7.3
      vertex 43.1 113.5 7.3
      vertex 40.5254 84.3879 7.3
    endloop
  endfacet
  facet normal -0 0 -1
    outer loop
      vertex 43.1 113.5 7.3
      vertex 40.1 84.8449 7.3
      vertex 40.1 113.5 7.3
    endloop
  endfacet
  facet normal -1 0 0
    outer loop
      vertex 43.1 59 7.3
      vertex 43.1 68.2025 5.4
      vertex 43.1 59 5.4
    endloop
  endfacet
  facet normal -1 0 0
    outer loop
      vertex 43.1 68.2025 5.4
      vertex 43.1 59 7.3
      vertex 43.1 72.5772 6.99226
    endloop
  endfacet
  facet normal -1 0 0
    outer loop
      vertex 43.1 72.5772 6.99226
      vertex 43.1 59 7.3
      vertex 43.1 73.4227 7.3
    endloop
  endfacet
  facet normal -1 0 0
    outer loop
      vertex 43.1 80.9689 5.4
      vertex 43.1 113.5 7.3
      vertex 43.1 113.5 5.4
    endloop
  endfacet
  facet normal -1 -0 0
    outer loop
      vertex 43.1 113.5 7.3
      vertex 43.1 80.9689 5.4
      vertex 43.1 80.188 7.3
    endloop
  endfacet
  facet normal 0 0 1
    outer loop
      vertex 43.1 113.5 5.4
      vertex 42.5007 82.2394 5.4
      vertex 43.1 80.9689 5.4
    endloop
  endfacet
  facet normal 0 0 1
    outer loop
      vertex 43.1 113.5 5.4
      vertex 41.6681 83.621 5.4
      vertex 42.5007 82.2394 5.4
    endloop
  endfacet
  facet normal 0 0 1
    outer loop
      vertex 43.1 113.5 5.4
      vertex 41.6195 83.7015 5.4
      vertex 41.6681 83.621 5.4
    endloop
  endfacet
  facet normal 0 0 1
    outer loop
      vertex 43.1 113.5 5.4
      vertex 40.6596 84.9768 5.4
      vertex 41.6195 83.7015 5.4
    endloop
  endfacet
  facet normal 0 0 1
    outer loop
      vertex 43.1 113.5 5.4
      vertex 40.5984 85.058 5.4
      vertex 40.6596 84.9768 5.4
    endloop
  endfacet
  facet normal 0 0 1
    outer loop
      vertex 43.1 113.5 5.4
      vertex 40.529 85.1326 5.4
      vertex 40.5984 85.058 5.4
    endloop
  endfacet
  facet normal 0 0 1
    outer loop
      vertex 40.1 85.5936 5.4
      vertex 43.1 113.5 5.4
      vertex 40.1 113.5 5.4
    endloop
  endfacet
  facet normal 0 0 1
    outer loop
      vertex 43.1 113.5 5.4
      vertex 40.1 85.5936 5.4
      vertex 40.529 85.1326 5.4
    endloop
  endfacet
  facet normal -0 0 1
    outer loop
      vertex 41.5398 68.2025 5.4
      vertex 43.1 59 5.4
      vertex 43.1 68.2025 5.4
    endloop
  endfacet
  facet normal 0 0 1
    outer loop
      vertex 40.1 59 5.4
      vertex 41.5398 68.2025 5.4
      vertex 41.3451 68.2025 5.4
    endloop
  endfacet
  facet normal 0 0 1
    outer loop
      vertex 40.1 59 5.4
      vertex 41.3451 68.2025 5.4
      vertex 40.1 68.2025 5.4
    endloop
  endfacet
  facet normal 0 0 1
    outer loop
      vertex 41.5398 68.2025 5.4
      vertex 40.1 59 5.4
      vertex 43.1 59 5.4
    endloop
  endfacet
  facet normal 0 1 -0
    outer loop
      vertex 43.1 59 5.4
      vertex 40.1 59 7.3
      vertex 43.1 59 7.3
    endloop
  endfacet
  facet normal 0 1 0
    outer loop
      vertex 40.1 59 7.3
      vertex 43.1 59 5.4
      vertex 40.1 59 5.4
    endloop
  endfacet
  facet normal -1 0 0
    outer loop
      vertex 43 122.5 15.5
      vertex 43 123 17
      vertex 43 123 15.5
    endloop
  endfacet
  facet normal -1 -0 0
    outer loop
      vertex 43 123 17
      vertex 43 122.5 15.5
      vertex 43 122.5 17
    endloop
  endfacet
  facet normal -1 0 0
    outer loop
      vertex 43 125.5 15.5
      vertex 43 128.5 17
      vertex 43 128.5 15.5
    endloop
  endfacet
  facet normal -1 -0 0
    outer loop
      vertex 43 128.5 17
      vertex 43 125.5 15.5
      vertex 43 125.5 17
    endloop
  endfacet
  facet normal -1 0 0
    outer loop
      vertex 43 125.5 43
      vertex 43 128.5 44.5
      vertex 43 128.5 43
    endloop
  endfacet
  facet normal -1 -0 0
    outer loop
      vertex 43 128.5 44.5
      vertex 43 125.5 43
      vertex 43 125.5 44.5
    endloop
  endfacet
  facet normal -0 0 1
    outer loop
      vertex 43 128.5 44.5
      vertex 47 125.5 44.5
      vertex 47 128.5 44.5
    endloop
  endfacet
  facet normal 0 0 1
    outer loop
      vertex 47 125.5 44.5
      vertex 43 128.5 44.5
      vertex 43 125.5 44.5
    endloop
  endfacet
  facet normal 1 -0 0
    outer loop
      vertex 47 125.5 44.5
      vertex 47 128.5 15.5
      vertex 47 128.5 44.5
    endloop
  endfacet
  facet normal 1 0 0
    outer loop
      vertex 47 128.5 15.5
      vertex 47 125.5 44.5
      vertex 47 125.5 15.5
    endloop
  endfacet
  facet normal 1 0 0
    outer loop
      vertex 47 122.5 15.5
      vertex 47 123 41
      vertex 47 122.5 41.0381
    endloop
  endfacet
  facet normal 1 0 0
    outer loop
      vertex 47 123 41
      vertex 47 122.5 15.5
      vertex 47 123 15.5
    endloop
  endfacet
  facet normal 0 1 0
    outer loop
      vertex 47 128.5 44.5
      vertex 44.9 128.5 43
      vertex 43 128.5 44.5
    endloop
  endfacet
  facet normal 0 1 0
    outer loop
      vertex 47 128.5 44.5
      vertex 44.9 128.5 17
      vertex 44.9 128.5 43
    endloop
  endfacet
  facet normal 0 1 -0
    outer loop
      vertex 47 128.5 15.5
      vertex 44.9 128.5 17
      vertex 47 128.5 44.5
    endloop
  endfacet
  facet normal 0 1 0
    outer loop
      vertex 43 128.5 15.5
      vertex 44.9 128.5 17
      vertex 47 128.5 15.5
    endloop
  endfacet
  facet normal 0 1 0
    outer loop
      vertex 44.9 128.5 17
      vertex 43 128.5 15.5
      vertex 43 128.5 17
    endloop
  endfacet
  facet normal 0 1 0
    outer loop
      vertex 43 128.5 44.5
      vertex 44.9 128.5 43
      vertex 43 128.5 43
    endloop
  endfacet
  facet normal 0 0 -1
    outer loop
      vertex 43 122.5 15.5
      vertex 47 123 15.5
      vertex 47 122.5 15.5
    endloop
  endfacet
  facet normal -0 0 -1
    outer loop
      vertex 47 123 15.5
      vertex 43 122.5 15.5
      vertex 43 123 15.5
    endloop
  endfacet
  facet normal 0 0 -1
    outer loop
      vertex 43 125.5 15.5
      vertex 47 128.5 15.5
      vertex 47 125.5 15.5
    endloop
  endfacet
  facet normal -0 0 -1
    outer loop
      vertex 47 128.5 15.5
      vertex 43 125.5 15.5
      vertex 43 128.5 15.5
    endloop
  endfacet
  facet normal 0 -1 0
    outer loop
      vertex 43 122.5 17
      vertex 43 122.5 15.5
      vertex 44.9 122.5 17
    endloop
  endfacet
  facet normal 0 -1 0
    outer loop
      vertex 44.9 122.5 17
      vertex 47 122.5 41.0381
      vertex 44.9 122.5 41.0381
    endloop
  endfacet
  facet normal 0 -1 0
    outer loop
      vertex 44.9 122.5 17
      vertex 47 122.5 15.5
      vertex 47 122.5 41.0381
    endloop
  endfacet
  facet normal 0 -1 0
    outer loop
      vertex 47 122.5 15.5
      vertex 44.9 122.5 17
      vertex 43 122.5 15.5
    endloop
  endfacet
  facet normal 0 0 -1
    outer loop
      vertex 43 125.5 43
      vertex 44.9 128.5 43
      vertex 44.9 125.5 43
    endloop
  endfacet
  facet normal -0 0 -1
    outer loop
      vertex 44.9 128.5 43
      vertex 43 125.5 43
      vertex 43 128.5 43
    endloop
  endfacet
  facet normal -1 0 0
    outer loop
      vertex 44.9 122.5 17
      vertex 44.9 123 41
      vertex 44.9 123 17
    endloop
  endfacet
  facet normal -1 -0 0
    outer loop
      vertex 44.9 123 41
      vertex 44.9 122.5 17
      vertex 44.9 122.5 41.0381
    endloop
  endfacet
  facet normal -1 0 0
    outer loop
      vertex 44.9 125.5 17
      vertex 44.9 128.5 43
      vertex 44.9 128.5 17
    endloop
  endfacet
  facet normal -1 -0 0
    outer loop
      vertex 44.9 128.5 43
      vertex 44.9 125.5 17
      vertex 44.9 125.5 43
    endloop
  endfacet
  facet normal -0 0 1
    outer loop
      vertex 43 123 17
      vertex 44.9 122.5 17
      vertex 44.9 123 17
    endloop
  endfacet
  facet normal 0 0 1
    outer loop
      vertex 44.9 122.5 17
      vertex 43 123 17
      vertex 43 122.5 17
    endloop
  endfacet
  facet normal -0 0 1
    outer loop
      vertex 43 128.5 17
      vertex 44.9 125.5 17
      vertex 44.9 128.5 17
    endloop
  endfacet
  facet normal 0 0 1
    outer loop
      vertex 44.9 125.5 17
      vertex 43 128.5 17
      vertex 43 125.5 17
    endloop
  endfacet
  facet normal -0.000103638 -0.342141 0.939649
    outer loop
      vertex 34.7184 64.4473 -19.964
      vertex 35.2 64.0709 -20.101
      vertex 35.2 64.621 -19.9007
    endloop
  endfacet
  facet normal 9.90861e-06 -0.342012 0.939695
    outer loop
      vertex 34.2077 64.3187 -20.0108
      vertex 35.2 64.0709 -20.101
      vertex 34.7184 64.4473 -19.964
    endloop
  endfacet
  facet normal 0 -0.342048 0.939683
    outer loop
      vertex 35.2 64.0709 -20.101
      vertex 34.2077 64.3187 -20.0108
      vertex 33.2234 64.0709 -20.101
    endloop
  endfacet
  facet normal 1 -0 0
    outer loop
      vertex 35.2 64.0709 -20.101
      vertex 35.2 67.5446 -28.4143
      vertex 35.2 64.621 -19.9007
    endloop
  endfacet
  facet normal 1 0 0
    outer loop
      vertex 35.2 67.5446 -28.4143
      vertex 35.2 64.0709 -20.101
      vertex 35.2 67.1491 -28.5582
    endloop
  endfacet
  facet normal 4.79481e-05 0.341915 -0.939731
    outer loop
      vertex 35.2 67.1491 -28.5582
      vertex 34.7659 67.388 -28.4713
      vertex 35.2 67.5446 -28.4143
    endloop
  endfacet
  facet normal -3.61334e-05 0.34178 -0.93978
    outer loop
      vertex 35.2 67.1491 -28.5582
      vertex 34.0997 67.2202 -28.5323
      vertex 34.7659 67.388 -28.4713
    endloop
  endfacet
  facet normal 0 0.342274 -0.9396
    outer loop
      vertex 34.0997 67.2202 -28.5323
      vertex 35.2 67.1491 -28.5582
      vertex 33.817 67.1491 -28.5582
    endloop
  endfacet
  facet normal 0 -0.93969 -0.342028
    outer loop
      vertex 33.3591 64.7744 -22.0338
      vertex 35.2 64.0709 -20.101
      vertex 33.2234 64.0709 -20.101
    endloop
  endfacet
  facet normal -9.70526e-05 -0.939719 -0.341946
    outer loop
      vertex 33.5677 64.9144 -22.4186
      vertex 35.2 64.0709 -20.101
      vertex 33.3591 64.7744 -22.0338
    endloop
  endfacet
  facet normal 1.59582e-05 -0.939694 -0.342017
    outer loop
      vertex 33.7553 65.0815 -22.8777
      vertex 35.2 64.0709 -20.101
      vertex 33.5677 64.9144 -22.4186
    endloop
  endfacet
  facet normal 0.00258037 -0.939928 -0.341363
    outer loop
      vertex 33.9187 65.2509 -23.3429
      vertex 33.7553 65.0815 -22.8777
      vertex 33.8664 65.2233 -23.2673
    endloop
  endfacet
  facet normal -0.00372608 -0.939212 -0.343318
    outer loop
      vertex 34.0184 65.3178 -23.527
      vertex 33.7553 65.0815 -22.8777
      vertex 33.9187 65.2509 -23.3429
    endloop
  endfacet
  facet normal -2.72405e-05 -0.939701 -0.341997
    outer loop
      vertex 33.7553 65.0815 -22.8777
      vertex 34.0184 65.3178 -23.527
      vertex 35.2 64.0709 -20.101
    endloop
  endfacet
  facet normal 0.00019421 -0.939677 -0.342064
    outer loop
      vertex 34.0972 65.388 -23.7198
      vertex 35.2 64.0709 -20.101
      vertex 34.0184 65.3178 -23.527
    endloop
  endfacet
  facet normal -8.06844e-05 -0.939703 -0.34199
    outer loop
      vertex 34.1541 65.4606 -23.9193
      vertex 35.2 64.0709 -20.101
      vertex 34.0972 65.388 -23.7198
    endloop
  endfacet
  facet normal 0.000547603 -0.939648 -0.342142
    outer loop
      vertex 34.1885 65.5349 -24.1233
      vertex 35.2 64.0709 -20.101
      vertex 34.1541 65.4606 -23.9193
    endloop
  endfacet
  facet normal 0.000189941 -0.939677 -0.342063
    outer loop
      vertex 34.2 65.61 -24.3296
      vertex 35.2 64.0709 -20.101
      vertex 34.1885 65.5349 -24.1233
    endloop
  endfacet
  facet normal -0.000189941 -0.939677 -0.342063
    outer loop
      vertex 35.2 67.1491 -28.5582
      vertex 34.2 65.61 -24.3296
      vertex 34.1885 65.6851 -24.5359
    endloop
  endfacet
  facet normal 0.000548881 -0.939737 -0.341899
    outer loop
      vertex 35.2 67.1491 -28.5582
      vertex 34.1885 65.6851 -24.5359
      vertex 34.1541 65.7593 -24.7399
    endloop
  endfacet
  facet normal 0.000477007 -0.939651 -0.342134
    outer loop
      vertex 33.7553 66.1384 -25.7815
      vertex 33.9187 65.9691 -25.3163
      vertex 33.8664 65.9966 -25.3919
    endloop
  endfacet
  facet normal -1.55671e-05 -0.939707 -0.341982
    outer loop
      vertex 33.7553 66.1384 -25.7815
      vertex 34.0184 65.9021 -25.1322
      vertex 33.9187 65.9691 -25.3163
    endloop
  endfacet
  facet normal 6.38068e-05 -0.939696 -0.34201
    outer loop
      vertex 35.2 67.1491 -28.5582
      vertex 34.0184 65.9021 -25.1322
      vertex 33.7553 66.1384 -25.7815
    endloop
  endfacet
  facet normal -0 -0.93969 -0.342027
    outer loop
      vertex 35.2 67.1491 -28.5582
      vertex 33.6417 66.2397 -26.0597
      vertex 33.817 67.1491 -28.5582
    endloop
  endfacet
  facet normal -0.000134882 -0.939663 -0.342101
    outer loop
      vertex 33.6417 66.2397 -26.0597
      vertex 35.2 67.1491 -28.5582
      vertex 33.7553 66.1384 -25.7815
    endloop
  endfacet
  facet normal -0.000157813 -0.939672 -0.342077
    outer loop
      vertex 34.0184 65.9021 -25.1322
      vertex 35.2 67.1491 -28.5582
      vertex 34.0972 65.8319 -24.9394
    endloop
  endfacet
  facet normal 0.0001247 -0.939699 -0.342001
    outer loop
      vertex 34.0972 65.8319 -24.9394
      vertex 35.2 67.1491 -28.5582
      vertex 34.1541 65.7593 -24.7399
    endloop
  endfacet
  facet normal 0 -0.939692 -0.342023
    outer loop
      vertex 34.2 65.61 -24.3296
      vertex 35.2 67.1491 -28.5582
      vertex 35.2 64.0709 -20.101
    endloop
  endfacet
  facet normal -0.99863 0.0179041 -0.0491717
    outer loop
      vertex 34.2 65.61 -24.3296
      vertex 34.1885 65.7068 -24.0608
      vertex 34.2 65.7811 -24.2673
    endloop
  endfacet
  facet normal -0.998631 0.0178741 -0.049161
    outer loop
      vertex 34.1885 65.7068 -24.0608
      vertex 34.2 65.61 -24.3296
      vertex 34.1885 65.5349 -24.1233
    endloop
  endfacet
  facet normal -0.987702 0.0534236 -0.146936
    outer loop
      vertex 34.1885 65.5349 -24.1233
      vertex 34.1586 65.6378 -23.8849
      vertex 34.1885 65.7068 -24.0608
    endloop
  endfacet
  facet normal -0.987679 0.0536232 -0.147019
    outer loop
      vertex 34.1541 65.4606 -23.9193
      vertex 34.1586 65.6378 -23.8849
      vertex 34.1885 65.5349 -24.1233
    endloop
  endfacet
  facet normal -0.987538 0.0537913 -0.147904
    outer loop
      vertex 34.1586 65.6378 -23.8849
      vertex 34.1541 65.4606 -23.9193
      vertex 34.1541 65.6275 -23.8586
    endloop
  endfacet
  facet normal -0.891126 0.155338 -0.426339
    outer loop
      vertex 34.0184 65.3178 -23.527
      vertex 33.9187 65.3686 -23.3001
      vertex 34.0184 65.4575 -23.4761
    endloop
  endfacet
  facet normal -0.8912 0.155018 -0.4263
    outer loop
      vertex 33.9187 65.3686 -23.3001
      vertex 34.0184 65.3178 -23.527
      vertex 33.9187 65.2509 -23.3429
    endloop
  endfacet
  facet normal -0.965917 0.0884723 -0.243262
    outer loop
      vertex 34.1541 65.4606 -23.9193
      vertex 34.0972 65.5441 -23.663
      vertex 34.1541 65.6275 -23.8586
    endloop
  endfacet
  facet normal -0.965909 0.0885208 -0.243276
    outer loop
      vertex 34.0972 65.5441 -23.663
      vertex 34.1541 65.4606 -23.9193
      vertex 34.0972 65.388 -23.7198
    endloop
  endfacet
  facet normal -0.987675 -0.0535584 0.147069
    outer loop
      vertex 34.1885 65.6851 -24.5359
      vertex 34.1541 65.9117 -24.6844
      vertex 34.1541 65.7593 -24.7399
    endloop
  endfacet
  facet normal -0.987671 -0.0535336 0.147106
    outer loop
      vertex 34.1541 65.9117 -24.6844
      vertex 34.1885 65.6851 -24.5359
      vertex 34.1885 65.8497 -24.476
    endloop
  endfacet
  facet normal -0.93356 0.122557 -0.336817
    outer loop
      vertex 34.0972 65.388 -23.7198
      vertex 34.0184 65.4575 -23.4761
      vertex 34.0972 65.5441 -23.663
    endloop
  endfacet
  facet normal -0.933523 0.122734 -0.336855
    outer loop
      vertex 34.0184 65.4575 -23.4761
      vertex 34.0972 65.388 -23.7198
      vertex 34.0184 65.3178 -23.527
    endloop
  endfacet
  facet normal -0.838766 0.186076 -0.51171
    outer loop
      vertex 33.9187 65.2509 -23.3429
      vertex 33.8664 65.3292 -23.2287
      vertex 33.9187 65.3686 -23.3001
    endloop
  endfacet
  facet normal -0.838502 0.186603 -0.51195
    outer loop
      vertex 33.8664 65.3292 -23.2287
      vertex 33.9187 65.2509 -23.3429
      vertex 33.8664 65.2233 -23.2673
    endloop
  endfacet
  facet normal -0.965855 -0.088685 0.243431
    outer loop
      vertex 34.0972 65.8319 -24.9394
      vertex 34.1482 65.9174 -24.7059
      vertex 34.0972 65.9664 -24.8904
    endloop
  endfacet
  facet normal -0.965909 -0.0883749 0.243329
    outer loop
      vertex 34.1482 65.9174 -24.7059
      vertex 34.0972 65.8319 -24.9394
      vertex 34.1541 65.7593 -24.7399
    endloop
  endfacet
  facet normal -0.966315 -0.0880668 0.241827
    outer loop
      vertex 34.1482 65.9174 -24.7059
      vertex 34.1541 65.7593 -24.7399
      vertex 34.1541 65.9117 -24.6844
    endloop
  endfacet
  facet normal -0.998631 -0.0178884 0.0491558
    outer loop
      vertex 34.2 65.61 -24.3296
      vertex 34.1885 65.8497 -24.476
      vertex 34.1885 65.6851 -24.5359
    endloop
  endfacet
  facet normal -0.998631 -0.0178946 0.0491456
    outer loop
      vertex 34.1885 65.8497 -24.476
      vertex 34.2 65.61 -24.3296
      vertex 34.2 65.7811 -24.2673
    endloop
  endfacet
  facet normal -0.838396 -0.186451 0.512179
    outer loop
      vertex 33.9187 65.9691 -25.3163
      vertex 33.8664 66.065 -25.367
      vertex 33.8664 65.9966 -25.3919
    endloop
  endfacet
  facet normal -0.838448 -0.186541 0.512062
    outer loop
      vertex 33.8664 66.065 -25.367
      vertex 33.9187 65.9691 -25.3163
      vertex 33.9187 66.052 -25.2861
    endloop
  endfacet
  facet normal -0.891232 -0.155244 0.426151
    outer loop
      vertex 34.0184 65.9021 -25.1322
      vertex 33.9187 66.052 -25.2861
      vertex 33.9187 65.9691 -25.3163
    endloop
  endfacet
  facet normal -0.891202 -0.155109 0.426263
    outer loop
      vertex 33.9187 66.052 -25.2861
      vertex 34.0184 65.9021 -25.1322
      vertex 34.0184 66.0134 -25.0917
    endloop
  endfacet
  facet normal -0.933523 -0.122594 0.336906
    outer loop
      vertex 34.0972 65.8319 -24.9394
      vertex 34.0184 66.0134 -25.0917
      vertex 34.0184 65.9021 -25.1322
    endloop
  endfacet
  facet normal -0.933549 -0.122699 0.336795
    outer loop
      vertex 34.0184 66.0134 -25.0917
      vertex 34.0972 65.8319 -24.9394
      vertex 34.0972 65.9664 -24.8904
    endloop
  endfacet
  facet normal -1 0 0
    outer loop
      vertex 33.8 108.426 -94.8912
      vertex 33.8 111.86 -93.2156
      vertex 33.8 111.996 -93.5915
    endloop
  endfacet
  facet normal -1 0 0
    outer loop
      vertex 33.8 111.86 -93.2156
      vertex 33.8 108.426 -94.8912
      vertex 33.8 108.289 -94.5153
    endloop
  endfacet
  facet normal 0 -0.940347 -0.340216
    outer loop
      vertex 29 111.996 -93.5915
      vertex 33.8 111.86 -93.2156
      vertex 29 111.86 -93.2156
    endloop
  endfacet
  facet normal 0 -0.940347 -0.340216
    outer loop
      vertex 33.8 111.86 -93.2156
      vertex 29 111.996 -93.5915
      vertex 33.8 111.996 -93.5915
    endloop
  endfacet
  facet normal 0 0.939545 0.342425
    outer loop
      vertex 33.8 108.426 -94.8912
      vertex 29 108.289 -94.5153
      vertex 33.8 108.289 -94.5153
    endloop
  endfacet
  facet normal 0 0.939545 0.342425
    outer loop
      vertex 29 108.289 -94.5153
      vertex 33.8 108.426 -94.8912
      vertex 29 108.426 -94.8912
    endloop
  endfacet
  facet normal 9.84101e-05 0.342001 -0.9397
    outer loop
      vertex 35.75 106.687 -95.5239
      vertex 33.8 108.426 -94.8912
      vertex 35.75 113.735 -92.9588
    endloop
  endfacet
  facet normal 0 0.341904 -0.939735
    outer loop
      vertex 29 106.687 -95.5239
      vertex 33.8 108.426 -94.8912
      vertex 35.75 106.687 -95.5239
    endloop
  endfacet
  facet normal 0 0.341904 -0.939735
    outer loop
      vertex 33.8 108.426 -94.8912
      vertex 29 106.687 -95.5239
      vertex 29 108.426 -94.8912
    endloop
  endfacet
  facet normal -0.000194277 0.342096 -0.939665
    outer loop
      vertex 33.8 111.996 -93.5915
      vertex 35.75 113.735 -92.9588
      vertex 33.8 108.426 -94.8912
    endloop
  endfacet
  facet normal 0 0.341904 -0.939735
    outer loop
      vertex 29 113.735 -92.9588
      vertex 33.8 111.996 -93.5915
      vertex 29 111.996 -93.5915
    endloop
  endfacet
  facet normal 0 0.341904 -0.939735
    outer loop
      vertex 33.8 111.996 -93.5915
      vertex 29 113.735 -92.9588
      vertex 35.75 113.735 -92.9588
    endloop
  endfacet
  facet normal -1 0 0
    outer loop
      vertex 35.75 107.405 -97.4973
      vertex 35.75 113.735 -92.9588
      vertex 35.75 114.453 -94.9321
    endloop
  endfacet
  facet normal -1 0 0
    outer loop
      vertex 35.75 113.735 -92.9588
      vertex 35.75 107.405 -97.4973
      vertex 35.75 106.687 -95.5239
    endloop
  endfacet
  facet normal 0 0.939732 0.341911
    outer loop
      vertex 35.75 107.405 -97.4973
      vertex 29 106.687 -95.5239
      vertex 35.75 106.687 -95.5239
    endloop
  endfacet
  facet normal 0 0.939732 0.341911
    outer loop
      vertex 29 106.687 -95.5239
      vertex 35.75 107.405 -97.4973
      vertex 29 107.405 -97.4973
    endloop
  endfacet
  facet normal 0 -0.939727 -0.341927
    outer loop
      vertex 29 114.453 -94.9321
      vertex 35.75 113.735 -92.9588
      vertex 29 113.735 -92.9588
    endloop
  endfacet
  facet normal 0 -0.939727 -0.341927
    outer loop
      vertex 35.75 113.735 -92.9588
      vertex 29 114.453 -94.9321
      vertex 35.75 114.453 -94.9321
    endloop
  endfacet
  facet normal -0.258867 0 0.965913
    outer loop
      vertex 40.4158 7 4.0437
      vertex 40.618 2.9 4.09789
      vertex 40.618 7 4.09789
    endloop
  endfacet
  facet normal -0.258867 0 0.965913
    outer loop
      vertex 40.618 2.9 4.09789
      vertex 40.4158 7 4.0437
      vertex 40.4158 2.9 4.0437
    endloop
  endfacet
  facet normal -0.156443 0 0.987687
    outer loop
      vertex 40.2091 7 4.01096
      vertex 40.4158 2.9 4.0437
      vertex 40.4158 7 4.0437
    endloop
  endfacet
  facet normal -0.156443 0 0.987687
    outer loop
      vertex 40.4158 2.9 4.0437
      vertex 40.2091 7 4.01096
      vertex 40.2091 2.9 4.01096
    endloop
  endfacet
  facet normal -0.0523433 0 0.998629
    outer loop
      vertex 40 7 4
      vertex 40.2091 2.9 4.01096
      vertex 40.2091 7 4.01096
    endloop
  endfacet
  facet normal -0.0523433 0 0.998629
    outer loop
      vertex 40.2091 2.9 4.01096
      vertex 40 7 4
      vertex 40 2.9 4
    endloop
  endfacet
  facet normal -0.358179 0 -0.933653
    outer loop
      vertex 40.618 2.9 15.9021
      vertex 40.8135 7 15.8271
      vertex 40.8135 2.9 15.8271
    endloop
  endfacet
  facet normal -0.358179 0 -0.933653
    outer loop
      vertex 40.8135 7 15.8271
      vertex 40.618 2.9 15.9021
      vertex 40.618 7 15.9021
    endloop
  endfacet
  facet normal -0 0 1
    outer loop
      vertex 29 7 4
      vertex 40 2.9 4
      vertex 40 7 4
    endloop
  endfacet
  facet normal 0 0 1
    outer loop
      vertex 40 2.9 4
      vertex 29 7 4
      vertex 29 2.9 4
    endloop
  endfacet
  facet normal -0.258911 0 -0.965901
    outer loop
      vertex 40.4158 2.9 15.9563
      vertex 40.618 7 15.9021
      vertex 40.618 2.9 15.9021
    endloop
  endfacet
  facet normal -0.258911 0 -0.965901
    outer loop
      vertex 40.618 7 15.9021
      vertex 40.4158 2.9 15.9563
      vertex 40.4158 7 15.9563
    endloop
  endfacet
  facet normal 0 0 -1
    outer loop
      vertex 29 2.9 16
      vertex 40 7 16
      vertex 40 2.9 16
    endloop
  endfacet
  facet normal -0 0 -1
    outer loop
      vertex 40 7 16
      vertex 29 2.9 16
      vertex 29 7 16
    endloop
  endfacet
  facet normal -0.998619 0 -0.0525338
    outer loop
      vertex 42 2.9 14
      vertex 41.989 7 14.2091
      vertex 42 7 14
    endloop
  endfacet
  facet normal -0.998619 -0 -0.0525338
    outer loop
      vertex 41.989 7 14.2091
      vertex 42 2.9 14
      vertex 41.989 2.9 14.2091
    endloop
  endfacet
  facet normal -0.987716 0 -0.156257
    outer loop
      vertex 41.989 2.9 14.2091
      vertex 41.9563 7 14.4158
      vertex 41.989 7 14.2091
    endloop
  endfacet
  facet normal -0.987716 -0 -0.156257
    outer loop
      vertex 41.9563 7 14.4158
      vertex 41.989 2.9 14.2091
      vertex 41.9563 2.9 14.4158
    endloop
  endfacet
  facet normal -0.156257 0 -0.987716
    outer loop
      vertex 40.2091 2.9 15.989
      vertex 40.4158 7 15.9563
      vertex 40.4158 2.9 15.9563
    endloop
  endfacet
  facet normal -0.156257 0 -0.987716
    outer loop
      vertex 40.4158 7 15.9563
      vertex 40.2091 2.9 15.989
      vertex 40.2091 7 15.989
    endloop
  endfacet
  facet normal -0.0525338 0 -0.998619
    outer loop
      vertex 40 2.9 16
      vertex 40.2091 7 15.989
      vertex 40.2091 2.9 15.989
    endloop
  endfacet
  facet normal -0.0525338 0 -0.998619
    outer loop
      vertex 40.2091 7 15.989
      vertex 40 2.9 16
      vertex 40 7 16
    endloop
  endfacet
  facet normal -0.965904 0 0.258899
    outer loop
      vertex 41.9021 2.9 5.38197
      vertex 41.9563 7 5.58418
      vertex 41.9021 7 5.38197
    endloop
  endfacet
  facet normal -0.965904 0 0.258899
    outer loop
      vertex 41.9563 7 5.58418
      vertex 41.9021 2.9 5.38197
      vertex 41.9563 2.9 5.58418
    endloop
  endfacet
  facet normal -1 0 0
    outer loop
      vertex 42 2.9 6
      vertex 42 7 14
      vertex 42 7 6
    endloop
  endfacet
  facet normal -1 -0 0
    outer loop
      vertex 42 7 14
      vertex 42 2.9 6
      vertex 42 2.9 14
    endloop
  endfacet
  facet normal -0.891058 0 -0.45389
    outer loop
      vertex 41.8271 2.9 14.8135
      vertex 41.7321 7 15
      vertex 41.8271 7 14.8135
    endloop
  endfacet
  facet normal -0.891058 -0 -0.45389
    outer loop
      vertex 41.7321 7 15
      vertex 41.8271 2.9 14.8135
      vertex 41.7321 2.9 15
    endloop
  endfacet
  facet normal -0.45389 0 -0.891058
    outer loop
      vertex 40.8135 2.9 15.8271
      vertex 41 7 15.7321
      vertex 41 2.9 15.7321
    endloop
  endfacet
  facet normal -0.45389 0 -0.891058
    outer loop
      vertex 41 7 15.7321
      vertex 40.8135 2.9 15.8271
      vertex 40.8135 7 15.8271
    endloop
  endfacet
  facet normal -0.998619 0 0.0525438
    outer loop
      vertex 41.989 2.9 5.79094
      vertex 42 7 6
      vertex 41.989 7 5.79094
    endloop
  endfacet
  facet normal -0.998619 0 0.0525438
    outer loop
      vertex 42 7 6
      vertex 41.989 2.9 5.79094
      vertex 42 2.9 6
    endloop
  endfacet
  facet normal -0.838488 0 0.54492
    outer loop
      vertex 41.618 2.9 4.82443
      vertex 41.7321 7 5
      vertex 41.618 7 4.82443
    endloop
  endfacet
  facet normal -0.838488 0 0.54492
    outer loop
      vertex 41.7321 7 5
      vertex 41.618 2.9 4.82443
      vertex 41.7321 2.9 5
    endloop
  endfacet
  facet normal -0.777248 0 0.629194
    outer loop
      vertex 41.4863 2.9 4.66174
      vertex 41.618 7 4.82443
      vertex 41.4863 7 4.66174
    endloop
  endfacet
  facet normal -0.777248 0 0.629194
    outer loop
      vertex 41.618 7 4.82443
      vertex 41.4863 2.9 4.66174
      vertex 41.618 2.9 4.82443
    endloop
  endfacet
  facet normal -0.629315 0 0.77715
    outer loop
      vertex 41.1756 7 4.38197
      vertex 41.3383 2.9 4.51372
      vertex 41.3383 7 4.51372
    endloop
  endfacet
  facet normal -0.629315 0 0.77715
    outer loop
      vertex 41.3383 2.9 4.51372
      vertex 41.1756 7 4.38197
      vertex 41.1756 2.9 4.38197
    endloop
  endfacet
  facet normal -0.544619 0 0.838684
    outer loop
      vertex 41 7 4.26794
      vertex 41.1756 2.9 4.38197
      vertex 41.1756 7 4.38197
    endloop
  endfacet
  facet normal -0.544619 0 0.838684
    outer loop
      vertex 41.1756 2.9 4.38197
      vertex 41 7 4.26794
      vertex 41 2.9 4.26794
    endloop
  endfacet
  facet normal -0.965901 0 -0.258911
    outer loop
      vertex 41.9563 2.9 14.4158
      vertex 41.9021 7 14.618
      vertex 41.9563 7 14.4158
    endloop
  endfacet
  facet normal -0.965901 -0 -0.258911
    outer loop
      vertex 41.9021 7 14.618
      vertex 41.9563 2.9 14.4158
      vertex 41.9021 2.9 14.618
    endloop
  endfacet
  facet normal -0.838531 0 -0.544854
    outer loop
      vertex 41.7321 2.9 15
      vertex 41.618 7 15.1756
      vertex 41.7321 7 15
    endloop
  endfacet
  facet normal -0.838531 -0 -0.544854
    outer loop
      vertex 41.618 7 15.1756
      vertex 41.7321 2.9 15
      vertex 41.618 2.9 15.1756
    endloop
  endfacet
  facet normal -0.777267 0 -0.629171
    outer loop
      vertex 41.618 2.9 15.1756
      vertex 41.4863 7 15.3383
      vertex 41.618 7 15.1756
    endloop
  endfacet
  facet normal -0.777267 -0 -0.629171
    outer loop
      vertex 41.4863 7 15.3383
      vertex 41.618 2.9 15.1756
      vertex 41.4863 2.9 15.3383
    endloop
  endfacet
  facet normal -0.987723 0 0.156213
    outer loop
      vertex 41.9563 2.9 5.58418
      vertex 41.989 7 5.79094
      vertex 41.9563 7 5.58418
    endloop
  endfacet
  facet normal -0.987723 0 0.156213
    outer loop
      vertex 41.989 7 5.79094
      vertex 41.9563 2.9 5.58418
      vertex 41.989 2.9 5.79094
    endloop
  endfacet
  facet normal -0.891077 0 0.453851
    outer loop
      vertex 41.7321 2.9 5
      vertex 41.8271 7 5.18652
      vertex 41.7321 7 5
    endloop
  endfacet
  facet normal -0.891077 0 0.453851
    outer loop
      vertex 41.8271 7 5.18652
      vertex 41.7321 2.9 5
      vertex 41.8271 2.9 5.18652
    endloop
  endfacet
  facet normal -0.933622 0 0.358259
    outer loop
      vertex 41.8271 2.9 5.18652
      vertex 41.9021 7 5.38197
      vertex 41.8271 7 5.18652
    endloop
  endfacet
  facet normal -0.933622 0 0.358259
    outer loop
      vertex 41.9021 7 5.38197
      vertex 41.8271 2.9 5.18652
      vertex 41.9021 2.9 5.38197
    endloop
  endfacet
  facet normal -0.707155 0 0.707059
    outer loop
      vertex 41.3383 2.9 4.51372
      vertex 41.4863 7 4.66174
      vertex 41.3383 7 4.51372
    endloop
  endfacet
  facet normal -0.707155 0 0.707059
    outer loop
      vertex 41.4863 7 4.66174
      vertex 41.3383 2.9 4.51372
      vertex 41.4863 2.9 4.66174
    endloop
  endfacet
  facet normal -0.358262 0 0.933621
    outer loop
      vertex 40.618 7 4.09789
      vertex 40.8135 2.9 4.17291
      vertex 40.8135 7 4.17291
    endloop
  endfacet
  facet normal -0.358262 0 0.933621
    outer loop
      vertex 40.8135 2.9 4.17291
      vertex 40.618 7 4.09789
      vertex 40.618 2.9 4.09789
    endloop
  endfacet
  facet normal -0.454004 0 0.891
    outer loop
      vertex 40.8135 7 4.17291
      vertex 41 2.9 4.26794
      vertex 41 7 4.26794
    endloop
  endfacet
  facet normal -0.454004 0 0.891
    outer loop
      vertex 41 2.9 4.26794
      vertex 40.8135 7 4.17291
      vertex 40.8135 2.9 4.17291
    endloop
  endfacet
  facet normal -0.544854 0 -0.838531
    outer loop
      vertex 41 2.9 15.7321
      vertex 41.1756 7 15.618
      vertex 41.1756 2.9 15.618
    endloop
  endfacet
  facet normal -0.544854 0 -0.838531
    outer loop
      vertex 41.1756 7 15.618
      vertex 41 2.9 15.7321
      vertex 41 7 15.7321
    endloop
  endfacet
  facet normal -0.933653 0 -0.358179
    outer loop
      vertex 41.9021 2.9 14.618
      vertex 41.8271 7 14.8135
      vertex 41.9021 7 14.618
    endloop
  endfacet
  facet normal -0.933653 -0 -0.358179
    outer loop
      vertex 41.8271 7 14.8135
      vertex 41.9021 2.9 14.618
      vertex 41.8271 2.9 14.8135
    endloop
  endfacet
  facet normal -0.707107 0 -0.707107
    outer loop
      vertex 41.4863 2.9 15.3383
      vertex 41.3383 7 15.4863
      vertex 41.4863 7 15.3383
    endloop
  endfacet
  facet normal -0.707107 -0 -0.707107
    outer loop
      vertex 41.3383 7 15.4863
      vertex 41.4863 2.9 15.3383
      vertex 41.3383 2.9 15.4863
    endloop
  endfacet
  facet normal -0.629171 0 -0.777267
    outer loop
      vertex 41.1756 2.9 15.618
      vertex 41.3383 7 15.4863
      vertex 41.3383 2.9 15.4863
    endloop
  endfacet
  facet normal -0.629171 0 -0.777267
    outer loop
      vertex 41.3383 7 15.4863
      vertex 41.1756 2.9 15.618
      vertex 41.1756 7 15.618
    endloop
  endfacet
  facet normal -0.258694 0 0.965959
    outer loop
      vertex 40.5619 125.5 16.7128
      vertex 40.7135 123 16.7534
      vertex 40.7135 125.5 16.7534
    endloop
  endfacet
  facet normal -0.258694 0 0.965959
    outer loop
      vertex 40.7135 123 16.7534
      vertex 40.5619 125.5 16.7128
      vertex 40.5619 123 16.7128
    endloop
  endfacet
  facet normal -0 0 1
    outer loop
      vertex 29 125.5 16.68
      vertex 40.25 123 16.68
      vertex 40.25 125.5 16.68
    endloop
  endfacet
  facet normal 0 0 1
    outer loop
      vertex 40.25 123 16.68
      vertex 29 125.5 16.68
      vertex 29 123 16.68
    endloop
  endfacet
  facet normal -0.0522246 0 0.998635
    outer loop
      vertex 40.25 125.5 16.68
      vertex 40.4068 123 16.6882
      vertex 40.4068 125.5 16.6882
    endloop
  endfacet
  facet normal -0.0522246 0 0.998635
    outer loop
      vertex 40.4068 123 16.6882
      vertex 40.25 125.5 16.68
      vertex 40.25 123 16.68
    endloop
  endfacet
  facet normal 0 0 -1
    outer loop
      vertex 29 123 34.18
      vertex 40.25 125.5 34.18
      vertex 40.25 123 34.18
    endloop
  endfacet
  facet normal -0 0 -1
    outer loop
      vertex 40.25 125.5 34.18
      vertex 29 123 34.18
      vertex 29 125.5 34.18
    endloop
  endfacet
  facet normal -0.258694 0 -0.965959
    outer loop
      vertex 40.5619 123 34.1472
      vertex 40.7135 125.5 34.1066
      vertex 40.7135 123 34.1066
    endloop
  endfacet
  facet normal -0.258694 0 -0.965959
    outer loop
      vertex 40.7135 125.5 34.1066
      vertex 40.5619 123 34.1472
      vertex 40.5619 125.5 34.1472
    endloop
  endfacet
  facet normal -0.933526 0 -0.35851
    outer loop
      vertex 41.6766 123 33.1435
      vertex 41.6203 125.5 33.2901
      vertex 41.6766 125.5 33.1435
    endloop
  endfacet
  facet normal -0.933526 -0 -0.35851
    outer loop
      vertex 41.6203 125.5 33.2901
      vertex 41.6766 123 33.1435
      vertex 41.6203 123 33.2901
    endloop
  endfacet
  facet normal -1 0 0
    outer loop
      vertex 41.75 123 18.18
      vertex 41.75 125.5 32.68
      vertex 41.75 125.5 18.18
    endloop
  endfacet
  facet normal -1 -0 0
    outer loop
      vertex 41.75 125.5 32.68
      vertex 41.75 123 18.18
      vertex 41.75 123 32.68
    endloop
  endfacet
  facet normal -0.777126 0 0.629345
    outer loop
      vertex 41.3647 123 17.1763
      vertex 41.4635 125.5 17.2983
      vertex 41.3647 125.5 17.1763
    endloop
  endfacet
  facet normal -0.777126 0 0.629345
    outer loop
      vertex 41.4635 125.5 17.2983
      vertex 41.3647 123 17.1763
      vertex 41.4635 123 17.2983
    endloop
  endfacet
  facet normal -0.156649 0 0.987654
    outer loop
      vertex 40.4068 125.5 16.6882
      vertex 40.5619 123 16.7128
      vertex 40.5619 125.5 16.7128
    endloop
  endfacet
  facet normal -0.156649 0 0.987654
    outer loop
      vertex 40.5619 123 16.7128
      vertex 40.4068 125.5 16.6882
      vertex 40.4068 123 16.6882
    endloop
  endfacet
  facet normal -0.544518 0 0.838749
    outer loop
      vertex 41 125.5 16.881
      vertex 41.1317 123 16.9665
      vertex 41.1317 125.5 16.9665
    endloop
  endfacet
  facet normal -0.544518 0 0.838749
    outer loop
      vertex 41.1317 123 16.9665
      vertex 41 125.5 16.881
      vertex 41 123 16.881
    endloop
  endfacet
  facet normal -0.35851 0 0.933526
    outer loop
      vertex 40.7135 125.5 16.7534
      vertex 40.8601 123 16.8097
      vertex 40.8601 125.5 16.8097
    endloop
  endfacet
  facet normal -0.35851 0 0.933526
    outer loop
      vertex 40.8601 123 16.8097
      vertex 40.7135 125.5 16.7534
      vertex 40.7135 123 16.7534
    endloop
  endfacet
  facet normal -0.454078 0 0.890962
    outer loop
      vertex 40.8601 125.5 16.8097
      vertex 41 123 16.881
      vertex 41 125.5 16.881
    endloop
  endfacet
  facet normal -0.454078 0 0.890962
    outer loop
      vertex 41 123 16.881
      vertex 40.8601 125.5 16.8097
      vertex 40.8601 123 16.8097
    endloop
  endfacet
  facet normal -0.0522246 0 -0.998635
    outer loop
      vertex 40.25 123 34.18
      vertex 40.4068 125.5 34.1718
      vertex 40.4068 123 34.1718
    endloop
  endfacet
  facet normal -0.0522246 0 -0.998635
    outer loop
      vertex 40.4068 125.5 34.1718
      vertex 40.25 123 34.18
      vertex 40.25 125.5 34.18
    endloop
  endfacet
  facet normal -0.156649 0 -0.987654
    outer loop
      vertex 40.4068 123 34.1718
      vertex 40.5619 125.5 34.1472
      vertex 40.5619 123 34.1472
    endloop
  endfacet
  facet normal -0.156649 0 -0.987654
    outer loop
      vertex 40.5619 125.5 34.1472
      vertex 40.4068 123 34.1718
      vertex 40.4068 125.5 34.1718
    endloop
  endfacet
  facet normal -0.629345 0 -0.777126
    outer loop
      vertex 41.1317 123 33.8935
      vertex 41.2537 125.5 33.7947
      vertex 41.2537 123 33.7947
    endloop
  endfacet
  facet normal -0.629345 0 -0.777126
    outer loop
      vertex 41.2537 125.5 33.7947
      vertex 41.1317 123 33.8935
      vertex 41.1317 125.5 33.8935
    endloop
  endfacet
  facet normal -0.777126 0 -0.629345
    outer loop
      vertex 41.4635 123 33.5617
      vertex 41.3647 125.5 33.6837
      vertex 41.4635 125.5 33.5617
    endloop
  endfacet
  facet normal -0.777126 -0 -0.629345
    outer loop
      vertex 41.3647 125.5 33.6837
      vertex 41.4635 123 33.5617
      vertex 41.3647 123 33.6837
    endloop
  endfacet
  facet normal -0.965959 0 -0.258694
    outer loop
      vertex 41.7172 123 32.9919
      vertex 41.6766 125.5 33.1435
      vertex 41.7172 125.5 32.9919
    endloop
  endfacet
  facet normal -0.965959 -0 -0.258694
    outer loop
      vertex 41.6766 125.5 33.1435
      vertex 41.7172 123 32.9919
      vertex 41.6766 123 33.1435
    endloop
  endfacet
  facet normal -0.629345 0 0.777126
    outer loop
      vertex 41.1317 125.5 16.9665
      vertex 41.2537 123 17.0653
      vertex 41.2537 125.5 17.0653
    endloop
  endfacet
  facet normal -0.629345 0 0.777126
    outer loop
      vertex 41.2537 123 17.0653
      vertex 41.1317 125.5 16.9665
      vertex 41.1317 123 16.9665
    endloop
  endfacet
  facet normal -0.965959 0 0.258694
    outer loop
      vertex 41.6766 123 17.7165
      vertex 41.7172 125.5 17.8681
      vertex 41.6766 125.5 17.7165
    endloop
  endfacet
  facet normal -0.965959 0 0.258694
    outer loop
      vertex 41.7172 125.5 17.8681
      vertex 41.6766 123 17.7165
      vertex 41.7172 123 17.8681
    endloop
  endfacet
  facet normal -0.933526 0 0.35851
    outer loop
      vertex 41.6203 123 17.5699
      vertex 41.6766 125.5 17.7165
      vertex 41.6203 125.5 17.5699
    endloop
  endfacet
  facet normal -0.933526 0 0.35851
    outer loop
      vertex 41.6766 125.5 17.7165
      vertex 41.6203 123 17.5699
      vertex 41.6766 123 17.7165
    endloop
  endfacet
  facet normal -0.838749 0 0.544518
    outer loop
      vertex 41.4635 123 17.2983
      vertex 41.549 125.5 17.43
      vertex 41.4635 125.5 17.2983
    endloop
  endfacet
  facet normal -0.838749 0 0.544518
    outer loop
      vertex 41.549 125.5 17.43
      vertex 41.4635 123 17.2983
      vertex 41.549 123 17.43
    endloop
  endfacet
  facet normal -0.998635 0 0.0522246
    outer loop
      vertex 41.7418 123 18.0232
      vertex 41.75 125.5 18.18
      vertex 41.7418 125.5 18.0232
    endloop
  endfacet
  facet normal -0.998635 0 0.0522246
    outer loop
      vertex 41.75 125.5 18.18
      vertex 41.7418 123 18.0232
      vertex 41.75 123 18.18
    endloop
  endfacet
  facet normal -0.35851 0 -0.933526
    outer loop
      vertex 40.7135 123 34.1066
      vertex 40.8601 125.5 34.0503
      vertex 40.8601 123 34.0503
    endloop
  endfacet
  facet normal -0.35851 0 -0.933526
    outer loop
      vertex 40.8601 125.5 34.0503
      vertex 40.7135 123 34.1066
      vertex 40.7135 125.5 34.1066
    endloop
  endfacet
  facet normal -0.454078 0 -0.890962
    outer loop
      vertex 40.8601 123 34.0503
      vertex 41 125.5 33.979
      vertex 41 123 33.979
    endloop
  endfacet
  facet normal -0.454078 0 -0.890962
    outer loop
      vertex 41 125.5 33.979
      vertex 40.8601 123 34.0503
      vertex 40.8601 125.5 34.0503
    endloop
  endfacet
  facet normal -0.544518 0 -0.838749
    outer loop
      vertex 41 123 33.979
      vertex 41.1317 125.5 33.8935
      vertex 41.1317 123 33.8935
    endloop
  endfacet
  facet normal -0.544518 0 -0.838749
    outer loop
      vertex 41.1317 125.5 33.8935
      vertex 41 123 33.979
      vertex 41 125.5 33.979
    endloop
  endfacet
  facet normal -0.838749 0 -0.544518
    outer loop
      vertex 41.549 123 33.43
      vertex 41.4635 125.5 33.5617
      vertex 41.549 125.5 33.43
    endloop
  endfacet
  facet normal -0.838749 -0 -0.544518
    outer loop
      vertex 41.4635 125.5 33.5617
      vertex 41.549 123 33.43
      vertex 41.4635 123 33.5617
    endloop
  endfacet
  facet normal -0.987654 0 -0.156649
    outer loop
      vertex 41.7418 123 32.8368
      vertex 41.7172 125.5 32.9919
      vertex 41.7418 125.5 32.8368
    endloop
  endfacet
  facet normal -0.987654 -0 -0.156649
    outer loop
      vertex 41.7172 125.5 32.9919
      vertex 41.7418 123 32.8368
      vertex 41.7172 123 32.9919
    endloop
  endfacet
  facet normal -0.998635 0 -0.0522246
    outer loop
      vertex 41.75 123 32.68
      vertex 41.7418 125.5 32.8368
      vertex 41.75 125.5 32.68
    endloop
  endfacet
  facet normal -0.998635 -0 -0.0522246
    outer loop
      vertex 41.7418 125.5 32.8368
      vertex 41.75 123 32.68
      vertex 41.7418 123 32.8368
    endloop
  endfacet
  facet normal -0.707107 0 0.707107
    outer loop
      vertex 41.2537 123 17.0653
      vertex 41.3647 125.5 17.1763
      vertex 41.2537 125.5 17.0653
    endloop
  endfacet
  facet normal -0.707107 0 0.707107
    outer loop
      vertex 41.3647 125.5 17.1763
      vertex 41.2537 123 17.0653
      vertex 41.3647 123 17.1763
    endloop
  endfacet
  facet normal -0.987654 0 0.156649
    outer loop
      vertex 41.7172 123 17.8681
      vertex 41.7418 125.5 18.0232
      vertex 41.7172 125.5 17.8681
    endloop
  endfacet
  facet normal -0.987654 0 0.156649
    outer loop
      vertex 41.7418 125.5 18.0232
      vertex 41.7172 123 17.8681
      vertex 41.7418 123 18.0232
    endloop
  endfacet
  facet normal -0.890962 0 0.454078
    outer loop
      vertex 41.549 123 17.43
      vertex 41.6203 125.5 17.5699
      vertex 41.549 125.5 17.43
    endloop
  endfacet
  facet normal -0.890962 0 0.454078
    outer loop
      vertex 41.6203 125.5 17.5699
      vertex 41.549 123 17.43
      vertex 41.6203 123 17.5699
    endloop
  endfacet
  facet normal -0.890962 0 -0.454078
    outer loop
      vertex 41.6203 123 33.2901
      vertex 41.549 125.5 33.43
      vertex 41.6203 125.5 33.2901
    endloop
  endfacet
  facet normal -0.890962 -0 -0.454078
    outer loop
      vertex 41.549 125.5 33.43
      vertex 41.6203 123 33.2901
      vertex 41.549 123 33.43
    endloop
  endfacet
  facet normal -0.707107 0 -0.707107
    outer loop
      vertex 41.3647 123 33.6837
      vertex 41.2537 125.5 33.7947
      vertex 41.3647 125.5 33.6837
    endloop
  endfacet
  facet normal -0.707107 -0 -0.707107
    outer loop
      vertex 41.2537 125.5 33.7947
      vertex 41.3647 123 33.6837
      vertex 41.2537 123 33.7947
    endloop
  endfacet
  facet normal 0 0 -1
    outer loop
      vertex 29 123 10
      vertex 35.5 125.5 10
      vertex 35.5 123 10
    endloop
  endfacet
  facet normal -0 0 -1
    outer loop
      vertex 35.5 125.5 10
      vertex 29 123 10
      vertex 29 125.5 10
    endloop
  endfacet
  facet normal -1 0 0
    outer loop
      vertex 35.5 123 1
      vertex 35.5 125.5 10
      vertex 35.5 125.5 1
    endloop
  endfacet
  facet normal -1 -0 0
    outer loop
      vertex 35.5 125.5 10
      vertex 35.5 123 1
      vertex 35.5 123 10
    endloop
  endfacet
  facet normal -0 0 1
    outer loop
      vertex 29 125.5 1
      vertex 35.5 123 1
      vertex 35.5 125.5 1
    endloop
  endfacet
  facet normal 0 0 1
    outer loop
      vertex 35.5 123 1
      vertex 29 125.5 1
      vertex 29 123 1
    endloop
  endfacet
  facet normal -0.998632 0.0178893 -0.0491384
    outer loop
      vertex 33.9726 65.5538 -23.7939
      vertex 33.9841 68.1383 -23.0867
      vertex 33.9914 65.6754 -24.1317
    endloop
  endfacet
  facet normal -0.99863 0.0178995 -0.0491755
    outer loop
      vertex 33.9841 68.1383 -23.0867
      vertex 33.9726 65.5538 -23.7939
      vertex 33.9726 68.0632 -22.8805
    endloop
  endfacet
  facet normal -0.987673 0.0535387 -0.147088
    outer loop
      vertex 33.9726 65.5538 -23.7939
      vertex 33.9411 67.9876 -22.6965
      vertex 33.9726 68.0632 -22.8805
    endloop
  endfacet
  facet normal -0.987681 0.0535186 -0.147044
    outer loop
      vertex 33.8907 65.365 -23.3125
      vertex 33.9411 67.9876 -22.6965
      vertex 33.9726 65.5538 -23.7939
    endloop
  endfacet
  facet normal -0.987682 0.0535172 -0.147037
    outer loop
      vertex 33.9411 67.9876 -22.6965
      vertex 33.8907 65.365 -23.3125
      vertex 33.8907 67.8718 -22.4001
    endloop
  endfacet
  facet normal -0.998621 0.0179573 -0.0493392
    outer loop
      vertex 33.9914 65.6754 -24.1317
      vertex 34 68.2421 -23.3716
      vertex 34 65.7308 -24.2856
    endloop
  endfacet
  facet normal -0.998628 0.0179174 -0.0492045
    outer loop
      vertex 34 68.2421 -23.3716
      vertex 33.9914 65.6754 -24.1317
      vertex 33.9841 68.1383 -23.0867
    endloop
  endfacet
  facet normal -0.83869 -0.186269 0.511764
    outer loop
      vertex 33.248 66.3961 -26.8385
      vertex 33.0451 68.9477 -26.2423
      vertex 33.0451 66.4467 -27.1526
    endloop
  endfacet
  facet normal -0.838676 -0.186273 0.511786
    outer loop
      vertex 33.0451 68.9477 -26.2423
      vertex 33.248 66.3961 -26.8385
      vertex 33.1728 68.9162 -26.0445
    endloop
  endfacet
  facet normal -0.706068 0.24219 -0.665442
    outer loop
      vertex 32.7157 64.3327 -21.2341
      vertex 32.7042 66.8223 -20.3158
      vertex 32.7157 66.8289 -20.3256
    endloop
  endfacet
  facet normal -0.707211 0.24179 -0.664372
    outer loop
      vertex 32.7042 66.8223 -20.3158
      vertex 32.7157 64.3327 -21.2341
      vertex 32.3457 66.6159 -20.0093
    endloop
  endfacet
  facet normal -0.707199 0.241797 -0.664382
    outer loop
      vertex 32.3457 66.6159 -20.0093
      vertex 32.7157 64.3327 -21.2341
      vertex 32.3457 64.157 -20.9042
    endloop
  endfacet
  facet normal -0.454084 -0.304724 0.837228
    outer loop
      vertex 31.2121 69.101 -27.8231
      vertex 31.5 66.6523 -28.5582
      vertex 31.5 69.0962 -27.6687
    endloop
  endfacet
  facet normal -0.454074 -0.304728 0.837232
    outer loop
      vertex 31.0337 66.6603 -28.8082
      vertex 31.2121 69.101 -27.8231
      vertex 31.0337 69.1039 -27.9188
    endloop
  endfacet
  facet normal -0.454093 -0.304723 0.837223
    outer loop
      vertex 31.2121 69.101 -27.8231
      vertex 31.0337 66.6603 -28.8082
      vertex 31.5 66.6523 -28.5582
    endloop
  endfacet
  facet normal -0.777183 -0.215224 0.591325
    outer loop
      vertex 32.8066 66.4895 -27.4504
      vertex 32.8374 68.9785 -26.504
      vertex 32.7157 68.9965 -26.6574
    endloop
  endfacet
  facet normal -0.777278 -0.215192 0.591212
    outer loop
      vertex 32.8066 66.4895 -27.4504
      vertex 32.7157 68.9965 -26.6574
      vertex 32.7157 66.5126 -27.5615
    endloop
  endfacet
  facet normal -0.777398 -0.215127 0.591078
    outer loop
      vertex 32.8374 68.9785 -26.504
      vertex 32.8066 66.4895 -27.4504
      vertex 32.8948 68.97 -26.4316
    endloop
  endfacet
  facet normal -0.987678 -0.0535265 0.147064
    outer loop
      vertex 33.9472 65.9397 -24.9364
      vertex 33.8907 68.5453 -24.3675
      vertex 33.8907 66.0415 -25.2788
    endloop
  endfacet
  facet normal -0.987629 -0.0535921 0.14737
    outer loop
      vertex 33.8907 68.5453 -24.3675
      vertex 33.9472 65.9397 -24.9364
      vertex 33.9255 68.4831 -24.1569
    endloop
  endfacet
  facet normal -0.838704 0.18626 -0.511745
    outer loop
      vertex 33.3301 64.7486 -21.9827
      vertex 33.0451 67.0436 -20.6803
      vertex 33.3301 67.2576 -21.0695
    endloop
  endfacet
  facet normal -0.838714 0.186251 -0.511732
    outer loop
      vertex 33.0451 67.0436 -20.6803
      vertex 33.3301 64.7486 -21.9827
      vertex 33.0451 64.534 -21.5937
    endloop
  endfacet
  facet normal -0.933538 0.122608 -0.336859
    outer loop
      vertex 33.7553 65.0815 -22.8777
      vertex 33.5677 67.4685 -21.489
      vertex 33.7553 67.674 -21.9341
    endloop
  endfacet
  facet normal -0.933544 0.1226 -0.336847
    outer loop
      vertex 33.5677 67.4685 -21.489
      vertex 33.7553 65.0815 -22.8777
      vertex 33.5677 64.9144 -22.4186
    endloop
  endfacet
  facet normal -0.838716 -0.186255 0.511726
    outer loop
      vertex 33.3301 66.3756 -26.7114
      vertex 33.1728 68.9162 -26.0445
      vertex 33.248 66.3961 -26.8385
    endloop
  endfacet
  facet normal -0.838759 -0.186241 0.511662
    outer loop
      vertex 33.1728 68.9162 -26.0445
      vertex 33.3301 66.3756 -26.7114
      vertex 33.3301 68.8773 -25.8008
    endloop
  endfacet
  facet normal -0.96614 0.0882473 -0.242458
    outer loop
      vertex 33.8664 65.3292 -23.2287
      vertex 33.8907 67.8718 -22.4001
      vertex 33.8907 65.365 -23.3125
    endloop
  endfacet
  facet normal -0.965955 0.0884606 -0.243118
    outer loop
      vertex 33.8907 67.8718 -22.4001
      vertex 33.8664 65.3292 -23.2287
      vertex 33.7553 67.674 -21.9341
    endloop
  endfacet
  facet normal -0.965921 0.0886396 -0.243185
    outer loop
      vertex 33.7553 65.0815 -22.8777
      vertex 33.8664 65.3292 -23.2287
      vertex 33.8664 65.2233 -23.2673
    endloop
  endfacet
  facet normal -0.965913 0.0885379 -0.243254
    outer loop
      vertex 33.8664 65.3292 -23.2287
      vertex 33.7553 65.0815 -22.8777
      vertex 33.7553 67.674 -21.9341
    endloop
  endfacet
  facet normal -0.629309 0.265785 -0.730293
    outer loop
      vertex 32.3457 64.157 -20.9042
      vertex 32.3128 66.599 -19.9871
      vertex 32.3457 66.6159 -20.0093
    endloop
  endfacet
  facet normal -0.629226 0.265832 -0.730348
    outer loop
      vertex 31.9389 66.4451 -19.7209
      vertex 32.3457 64.157 -20.9042
      vertex 31.9389 63.9892 -20.6148
    endloop
  endfacet
  facet normal -0.629325 0.265781 -0.730281
    outer loop
      vertex 32.3457 64.157 -20.9042
      vertex 31.9389 66.4451 -19.7209
      vertex 32.3128 66.599 -19.9871
    endloop
  endfacet
  facet normal -0.998623 -0.0179224 0.049302
    outer loop
      vertex 34 65.7308 -24.2856
      vertex 33.9885 68.309 -23.5813
      vertex 33.9811 65.8431 -24.6276
    endloop
  endfacet
  facet normal -0.998636 -0.0178586 0.0490681
    outer loop
      vertex 33.9885 68.309 -23.5813
      vertex 34 65.7308 -24.2856
      vertex 34 68.2421 -23.3716
    endloop
  endfacet
  facet normal -0.0524068 -0.341542 0.938404
    outer loop
      vertex 29 69.109 -28.377
      vertex 29.5226 66.7096 -29.2211
      vertex 29.5226 69.1258 -28.3417
    endloop
  endfacet
  facet normal -0.0524068 -0.341542 0.938404
    outer loop
      vertex 29.5226 66.7096 -29.2211
      vertex 29 69.109 -28.377
      vertex 29 66.6928 -29.2564
    endloop
  endfacet
  facet normal -0.61874 -0.268668 0.738226
    outer loop
      vertex 32.3416 69.0233 -27.0449
      vertex 32.3457 66.578 -27.9314
      vertex 32.3457 69.0232 -27.0415
    endloop
  endfacet
  facet normal -0.629367 -0.265773 0.730248
    outer loop
      vertex 31.9389 66.6248 -28.2649
      vertex 32.3416 69.0233 -27.0449
      vertex 31.9389 69.0691 -27.3753
    endloop
  endfacet
  facet normal -0.62929 -0.265812 0.7303
    outer loop
      vertex 32.3416 69.0233 -27.0449
      vertex 31.9389 66.6248 -28.2649
      vertex 32.3457 66.578 -27.9314
    endloop
  endfacet
  facet normal -0.453935 0.304751 -0.837299
    outer loop
      vertex 31.1564 63.7228 -20.2221
      vertex 31.0424 66.1436 -19.2792
      vertex 31.2792 66.218 -19.3805
    endloop
  endfacet
  facet normal -0.454086 0.304706 -0.837234
    outer loop
      vertex 31.0337 66.1409 -19.2755
      vertex 31.1564 63.7228 -20.2221
      vertex 31.0337 63.6842 -20.1696
    endloop
  endfacet
  facet normal -0.451354 0.305333 -0.838482
    outer loop
      vertex 31.1564 63.7228 -20.2221
      vertex 31.0337 66.1409 -19.2755
      vertex 31.0424 66.1436 -19.2792
    endloop
  endfacet
  facet normal -0.777138 -0.215257 0.591372
    outer loop
      vertex 32.8746 66.4723 -27.3673
      vertex 32.8948 68.97 -26.4316
      vertex 32.8066 66.4895 -27.4504
    endloop
  endfacet
  facet normal -0.777082 -0.215282 0.591436
    outer loop
      vertex 33.0451 66.4467 -27.1526
      vertex 32.8948 68.97 -26.4316
      vertex 32.8746 66.4723 -27.3673
    endloop
  endfacet
  facet normal -0.776989 -0.215309 0.591549
    outer loop
      vertex 32.8948 68.97 -26.4316
      vertex 33.0451 66.4467 -27.1526
      vertex 33.0451 68.9477 -26.2423
    endloop
  endfacet
  facet normal -0.258599 -0.330396 0.907725
    outer loop
      vertex 30.5451 69.1057 -28.1177
      vertex 30.2562 66.7001 -29.0756
      vertex 30.5451 66.6891 -28.9973
    endloop
  endfacet
  facet normal -0.258879 -0.330339 0.907666
    outer loop
      vertex 30.1392 69.121 -28.2279
      vertex 30.2562 66.7001 -29.0756
      vertex 30.5451 69.1057 -28.1177
    endloop
  endfacet
  facet normal -0.258361 -0.330421 0.907784
    outer loop
      vertex 30.0396 66.7084 -29.1344
      vertex 30.1392 69.121 -28.2279
      vertex 30.0396 69.1247 -28.2549
    endloop
  endfacet
  facet normal -0.259048 -0.330331 0.907621
    outer loop
      vertex 30.1392 69.121 -28.2279
      vertex 30.0396 66.7084 -29.1344
      vertex 30.2562 66.7001 -29.0756
    endloop
  endfacet
  facet normal -0.998641 -0.0178242 0.0489741
    outer loop
      vertex 33.9811 65.8431 -24.6276
      vertex 33.9726 68.4012 -23.8699
      vertex 33.9726 65.894 -24.7824
    endloop
  endfacet
  facet normal -0.998624 -0.0179187 0.0492932
    outer loop
      vertex 33.9726 68.4012 -23.8699
      vertex 33.9811 65.8431 -24.6276
      vertex 33.9885 68.309 -23.5813
    endloop
  endfacet
  facet normal -0.15654 -0.337817 0.928103
    outer loop
      vertex 29.5226 69.1258 -28.3417
      vertex 30.0396 66.7084 -29.1344
      vertex 30.0396 69.1247 -28.2549
    endloop
  endfacet
  facet normal -0.156429 -0.337801 0.928127
    outer loop
      vertex 30.0396 66.7084 -29.1344
      vertex 29.5226 69.1258 -28.3417
      vertex 29.5226 66.7096 -29.2211
    endloop
  endfacet
  facet normal -0.544723 -0.286809 0.788047
    outer loop
      vertex 31.9389 69.0691 -27.3753
      vertex 31.6268 66.6444 -28.4735
      vertex 31.9389 66.6248 -28.2649
    endloop
  endfacet
  facet normal -0.54457 -0.286867 0.788131
    outer loop
      vertex 31.5 69.0962 -27.6687
      vertex 31.6268 66.6444 -28.4735
      vertex 31.9389 69.0691 -27.3753
    endloop
  endfacet
  facet normal -0.544402 -0.286893 0.788238
    outer loop
      vertex 31.6268 66.6444 -28.4735
      vertex 31.5 69.0962 -27.6687
      vertex 31.5 66.6523 -28.5582
    endloop
  endfacet
  facet normal -0.777119 0.215247 -0.5914
    outer loop
      vertex 33.0451 64.534 -21.5937
      vertex 32.7157 66.8289 -20.3256
      vertex 33.0451 67.0436 -20.6803
    endloop
  endfacet
  facet normal -0.777104 0.215258 -0.591416
    outer loop
      vertex 32.8521 64.4079 -21.386
      vertex 32.7157 66.8289 -20.3256
      vertex 33.0451 64.534 -21.5937
    endloop
  endfacet
  facet normal -0.777181 0.215217 -0.591331
    outer loop
      vertex 32.7157 66.8289 -20.3256
      vertex 32.8521 64.4079 -21.386
      vertex 32.7157 64.3327 -21.2341
    endloop
  endfacet
  facet normal -0.356881 0.311766 -0.88059
    outer loop
      vertex 30.9068 63.6522 -20.1295
      vertex 31.0337 63.6842 -20.1696
      vertex 30.9341 63.6569 -20.1389
    endloop
  endfacet
  facet normal -0.357822 0.319421 -0.877459
    outer loop
      vertex 31.0337 63.6842 -20.1696
      vertex 30.9068 63.6522 -20.1295
      vertex 30.7801 66.0716 -19.1971
    endloop
  endfacet
  facet normal -0.358448 0.319272 -0.877257
    outer loop
      vertex 31.0337 63.6842 -20.1696
      vertex 30.7801 66.0716 -19.1971
      vertex 31.0337 66.1409 -19.2755
    endloop
  endfacet
  facet normal -0.891013 0.155267 -0.4266
    outer loop
      vertex 33.5677 64.9144 -22.4186
      vertex 33.3301 67.2576 -21.0695
      vertex 33.5677 67.4685 -21.489
    endloop
  endfacet
  facet normal -0.891041 0.155237 -0.426554
    outer loop
      vertex 33.3591 64.7744 -22.0338
      vertex 33.3301 67.2576 -21.0695
      vertex 33.5677 64.9144 -22.4186
    endloop
  endfacet
  facet normal -0.89077 0.155433 -0.427048
    outer loop
      vertex 33.3301 67.2576 -21.0695
      vertex 33.3591 64.7744 -22.0338
      vertex 33.3301 64.7486 -21.9827
    endloop
  endfacet
  facet normal -0.052307 0.341554 -0.938405
    outer loop
      vertex 29 65.8636 -18.9164
      vertex 29.5226 63.4679 -19.8175
      vertex 29 63.4332 -19.801
    endloop
  endfacet
  facet normal -0.0522425 0.341568 -0.938404
    outer loop
      vertex 29.5226 63.4679 -19.8175
      vertex 29 65.8636 -18.9164
      vertex 29.5226 65.8982 -18.9329
    endloop
  endfacet
  facet normal -0.156539 0.337818 -0.928103
    outer loop
      vertex 29.5226 65.8982 -18.9329
      vertex 30.0396 63.5201 -19.8857
      vertex 29.5226 63.4679 -19.8175
    endloop
  endfacet
  facet normal -0.156476 0.337834 -0.928108
    outer loop
      vertex 30.0396 63.5201 -19.8857
      vertex 29.5226 65.8982 -18.9329
      vertex 30.0396 65.9503 -19.0011
    endloop
  endfacet
  facet normal -0.987685 -0.0534888 0.147031
    outer loop
      vertex 33.9726 65.894 -24.7824
      vertex 33.9255 68.4831 -24.1569
      vertex 33.9472 65.9397 -24.9364
    endloop
  endfacet
  facet normal -0.987779 -0.0533491 0.146446
    outer loop
      vertex 33.9255 68.4831 -24.1569
      vertex 33.9726 65.894 -24.7824
      vertex 33.9491 68.4406 -24.0132
    endloop
  endfacet
  facet normal -0.987649 -0.0535857 0.147233
    outer loop
      vertex 33.9491 68.4406 -24.0132
      vertex 33.9726 65.894 -24.7824
      vertex 33.9726 68.4012 -23.8699
    endloop
  endfacet
  facet normal -0.890992 -0.155263 0.426645
    outer loop
      vertex 33.5677 66.2837 -26.2486
      vertex 33.4634 68.8261 -25.5412
      vertex 33.3996 66.3487 -26.576
    endloop
  endfacet
  facet normal -0.891109 -0.155205 0.426423
    outer loop
      vertex 33.4634 68.8261 -25.5412
      vertex 33.5677 66.2837 -26.2486
      vertex 33.5677 68.7861 -25.3378
    endloop
  endfacet
  facet normal -0.544595 0.286875 -0.788111
    outer loop
      vertex 31.5 66.2873 -19.475
      vertex 31.9389 63.9892 -20.6148
      vertex 31.5 63.831 -20.3691
    endloop
  endfacet
  facet normal -0.544662 0.286844 -0.788076
    outer loop
      vertex 31.9389 63.9892 -20.6148
      vertex 31.5 66.2873 -19.475
      vertex 31.9389 66.4451 -19.7209
    endloop
  endfacet
  facet normal -0.358504 0.319295 -0.877226
    outer loop
      vertex 30.9068 63.6522 -20.1295
      vertex 30.6636 66.0397 -19.1611
      vertex 30.7801 66.0716 -19.1971
    endloop
  endfacet
  facet normal -0.358395 0.319317 -0.877263
    outer loop
      vertex 30.5451 66.0191 -19.1202
      vertex 30.9068 63.6522 -20.1295
      vertex 30.5451 63.5891 -20.0047
    endloop
  endfacet
  facet normal -0.358308 0.319341 -0.877289
    outer loop
      vertex 30.9068 63.6522 -20.1295
      vertex 30.5451 66.0191 -19.1202
      vertex 30.6636 66.0397 -19.1611
    endloop
  endfacet
  facet normal -0.258962 0.330348 -0.907639
    outer loop
      vertex 30.2852 65.9837 -19.059
      vertex 30.5451 63.5891 -20.0047
      vertex 30.411 63.5708 -19.9731
    endloop
  endfacet
  facet normal -0.258739 0.330391 -0.907687
    outer loop
      vertex 30.5451 63.5891 -20.0047
      vertex 30.2852 65.9837 -19.059
      vertex 30.5451 66.0191 -19.1202
    endloop
  endfacet
  facet normal -0.258707 0.330403 -0.907692
    outer loop
      vertex 30.0396 65.9503 -19.0011
      vertex 30.411 63.5708 -19.9731
      vertex 30.0396 63.5201 -19.8857
    endloop
  endfacet
  facet normal -0.258905 0.330356 -0.907653
    outer loop
      vertex 30.411 63.5708 -19.9731
      vertex 30.0396 65.9503 -19.0011
      vertex 30.2852 65.9837 -19.059
    endloop
  endfacet
  facet normal -0.891051 -0.155253 0.426527
    outer loop
      vertex 33.3996 66.3487 -26.576
      vertex 33.3301 68.8773 -25.8008
      vertex 33.3301 66.3756 -26.7114
    endloop
  endfacet
  facet normal -0.890895 -0.155339 0.426822
    outer loop
      vertex 33.3301 68.8773 -25.8008
      vertex 33.3996 66.3487 -26.576
      vertex 33.4634 68.8261 -25.5412
    endloop
  endfacet
  facet normal -0.454712 0.304568 -0.836944
    outer loop
      vertex 31.2792 66.218 -19.3805
      vertex 31.5 63.831 -20.3691
      vertex 31.4594 63.8182 -20.3517
    endloop
  endfacet
  facet normal -0.453993 0.304766 -0.837262
    outer loop
      vertex 31.5 63.831 -20.3691
      vertex 31.2792 66.218 -19.3805
      vertex 31.5 66.2873 -19.475
    endloop
  endfacet
  facet normal -0.454053 0.304737 -0.83724
    outer loop
      vertex 31.2792 66.218 -19.3805
      vertex 31.4594 63.8182 -20.3517
      vertex 31.1564 63.7228 -20.2221
    endloop
  endfacet
  facet normal -0.358019 -0.31935 0.877404
    outer loop
      vertex 31.0337 69.1039 -27.9188
      vertex 30.9506 66.6584 -28.8428
      vertex 31.0337 66.6603 -28.8082
    endloop
  endfacet
  facet normal -0.358361 -0.319293 0.877285
    outer loop
      vertex 30.6819 69.0954 -28.0656
      vertex 30.9506 66.6584 -28.8428
      vertex 31.0337 69.1039 -27.9188
    endloop
  endfacet
  facet normal -0.358178 -0.319338 0.877344
    outer loop
      vertex 30.5451 66.6891 -28.9973
      vertex 30.6819 69.0954 -28.0656
      vertex 30.5451 69.1057 -28.1177
    endloop
  endfacet
  facet normal -0.35842 -0.319292 0.877262
    outer loop
      vertex 30.6819 69.0954 -28.0656
      vertex 30.5451 66.6891 -28.9973
      vertex 30.9506 66.6584 -28.8428
    endloop
  endfacet
  facet normal -0.933444 -0.122691 0.337091
    outer loop
      vertex 33.6417 66.2397 -26.0597
      vertex 33.5677 68.7861 -25.3378
      vertex 33.5677 66.2837 -26.2486
    endloop
  endfacet
  facet normal -0.933633 -0.122561 0.336612
    outer loop
      vertex 33.7553 66.1384 -25.7815
      vertex 33.5677 68.7861 -25.3378
      vertex 33.6417 66.2397 -26.0597
    endloop
  endfacet
  facet normal -0.933548 -0.122593 0.336837
    outer loop
      vertex 33.5677 68.7861 -25.3378
      vertex 33.7553 66.1384 -25.7815
      vertex 33.7553 68.675 -24.8583
    endloop
  endfacet
  facet normal -0.965921 -0.0885409 0.243221
    outer loop
      vertex 33.7553 66.1384 -25.7815
      vertex 33.8664 65.9966 -25.3919
      vertex 33.8664 66.065 -25.367
    endloop
  endfacet
  facet normal -0.965922 -0.0885219 0.243224
    outer loop
      vertex 33.8664 66.065 -25.367
      vertex 33.7553 68.675 -24.8583
      vertex 33.7553 66.1384 -25.7815
    endloop
  endfacet
  facet normal -0.966087 -0.0884094 0.242611
    outer loop
      vertex 33.8907 66.0415 -25.2788
      vertex 33.7553 68.675 -24.8583
      vertex 33.8664 66.065 -25.367
    endloop
  endfacet
  facet normal -0.965957 -0.0884811 0.243102
    outer loop
      vertex 33.7553 68.675 -24.8583
      vertex 33.8907 66.0415 -25.2788
      vertex 33.8907 68.5453 -24.3675
    endloop
  endfacet
  facet normal -0.707045 -0.241847 0.664528
    outer loop
      vertex 32.6149 66.5304 -27.6623
      vertex 32.3457 69.0232 -27.0415
      vertex 32.3457 66.578 -27.9314
    endloop
  endfacet
  facet normal -0.707151 -0.241831 0.66442
    outer loop
      vertex 32.3457 69.0232 -27.0415
      vertex 32.6149 66.5304 -27.6623
      vertex 32.5185 69.0108 -26.8621
    endloop
  endfacet
  facet normal -0.707138 -0.241835 0.664433
    outer loop
      vertex 32.7157 66.5126 -27.5615
      vertex 32.5185 69.0108 -26.8621
      vertex 32.6149 66.5304 -27.6623
    endloop
  endfacet
  facet normal -0.707188 -0.241825 0.664384
    outer loop
      vertex 32.5185 69.0108 -26.8621
      vertex 32.7157 66.5126 -27.5615
      vertex 32.7157 68.9965 -26.6574
    endloop
  endfacet
  facet normal 0 -0.453926 0.891039
    outer loop
      vertex 29 22.625 18.9175
      vertex 38.9 22.5084 18.8581
      vertex 38.9 22.625 18.9175
    endloop
  endfacet
  facet normal 0 -0.453926 0.891039
    outer loop
      vertex 38.9 22.5084 18.8581
      vertex 29 22.625 18.9175
      vertex 29 22.5084 18.8581
    endloop
  endfacet
  facet normal 0 -0.891039 0.453926
    outer loop
      vertex 29 23.0825 19.375
      vertex 38.9 23.1419 19.4916
      vertex 29 23.1419 19.4916
    endloop
  endfacet
  facet normal 0 -0.891039 0.453926
    outer loop
      vertex 38.9 23.1419 19.4916
      vertex 29 23.0825 19.375
      vertex 38.9 23.0825 19.375
    endloop
  endfacet
  facet normal 0 -0.933503 -0.358569
    outer loop
      vertex 29 23.1888 20.3863
      vertex 38.9 23.1419 20.5084
      vertex 29 23.1419 20.5084
    endloop
  endfacet
  facet normal 0 -0.933503 -0.358569
    outer loop
      vertex 38.9 23.1419 20.5084
      vertex 29 23.1888 20.3863
      vertex 38.9 23.1888 20.3863
    endloop
  endfacet
  facet normal 0 -0.453926 -0.891039
    outer loop
      vertex 29 22.5084 21.1419
      vertex 38.9 22.625 21.0825
      vertex 38.9 22.5084 21.1419
    endloop
  endfacet
  facet normal -0 -0.453926 -0.891039
    outer loop
      vertex 38.9 22.625 21.0825
      vertex 29 22.5084 21.1419
      vertex 29 22.625 21.0825
    endloop
  endfacet
  facet normal 0 -0.156708 0.987645
    outer loop
      vertex 29 22.2599 18.7773
      vertex 38.9 22.1307 18.7568
      vertex 38.9 22.2599 18.7773
    endloop
  endfacet
  facet normal 0 -0.156708 0.987645
    outer loop
      vertex 38.9 22.1307 18.7568
      vertex 29 22.2599 18.7773
      vertex 29 22.1307 18.7568
    endloop
  endfacet
  facet normal 0 -0.987645 0.156708
    outer loop
      vertex 29 23.2227 19.7401
      vertex 38.9 23.2432 19.8693
      vertex 29 23.2432 19.8693
    endloop
  endfacet
  facet normal 0 -0.987645 0.156708
    outer loop
      vertex 38.9 23.2432 19.8693
      vertex 29 23.2227 19.7401
      vertex 38.9 23.2227 19.7401
    endloop
  endfacet
  facet normal 0 -0.776978 0.629528
    outer loop
      vertex 29 22.9289 19.1636
      vertex 38.9 23.0113 19.2653
      vertex 29 23.0113 19.2653
    endloop
  endfacet
  facet normal 0 -0.776978 0.629528
    outer loop
      vertex 38.9 23.0113 19.2653
      vertex 29 22.9289 19.1636
      vertex 38.9 22.9289 19.1636
    endloop
  endfacet
  facet normal 0 -0.156708 -0.987645
    outer loop
      vertex 29 22.1307 21.2432
      vertex 38.9 22.2599 21.2227
      vertex 38.9 22.1307 21.2432
    endloop
  endfacet
  facet normal -0 -0.156708 -0.987645
    outer loop
      vertex 38.9 22.2599 21.2227
      vertex 29 22.1307 21.2432
      vertex 29 22.2599 21.2227
    endloop
  endfacet
  facet normal 0 -0.707107 -0.707107
    outer loop
      vertex 29 22.9289 20.8364
      vertex 38.9 22.8364 20.9289
      vertex 29 22.8364 20.9289
    endloop
  endfacet
  facet normal 0 -0.707107 -0.707107
    outer loop
      vertex 38.9 22.8364 20.9289
      vertex 29 22.9289 20.8364
      vertex 38.9 22.9289 20.8364
    endloop
  endfacet
  facet normal 0 -0.891039 -0.453926
    outer loop
      vertex 29 23.1419 20.5084
      vertex 38.9 23.0825 20.625
      vertex 29 23.0825 20.625
    endloop
  endfacet
  facet normal 0 -0.891039 -0.453926
    outer loop
      vertex 38.9 23.0825 20.625
      vertex 29 23.1419 20.5084
      vertex 38.9 23.1419 20.5084
    endloop
  endfacet
  facet normal 0 -0.987645 -0.156708
    outer loop
      vertex 29 23.2432 20.1307
      vertex 38.9 23.2227 20.2599
      vertex 29 23.2227 20.2599
    endloop
  endfacet
  facet normal 0 -0.987645 -0.156708
    outer loop
      vertex 38.9 23.2227 20.2599
      vertex 29 23.2432 20.1307
      vertex 38.9 23.2432 20.1307
    endloop
  endfacet
  facet normal 0 0.83881 0.544424
    outer loop
      vertex 38.9 20.9887 19.2653
      vertex 29 20.9175 19.375
      vertex 38.9 20.9175 19.375
    endloop
  endfacet
  facet normal 0 0.83881 0.544424
    outer loop
      vertex 29 20.9175 19.375
      vertex 38.9 20.9887 19.2653
      vertex 29 20.9887 19.2653
    endloop
  endfacet
  facet normal 0 0.707107 -0.707107
    outer loop
      vertex 38.9 21.0711 20.8364
      vertex 29 21.1636 20.9289
      vertex 38.9 21.1636 20.9289
    endloop
  endfacet
  facet normal 0 0.707107 -0.707107
    outer loop
      vertex 29 21.1636 20.9289
      vertex 38.9 21.0711 20.8364
      vertex 29 21.0711 20.8364
    endloop
  endfacet
  facet normal 0 -0.259042 0.965866
    outer loop
      vertex 29 22.3863 18.8112
      vertex 38.9 22.2599 18.7773
      vertex 38.9 22.3863 18.8112
    endloop
  endfacet
  facet normal 0 -0.259042 0.965866
    outer loop
      vertex 38.9 22.2599 18.7773
      vertex 29 22.3863 18.8112
      vertex 29 22.2599 18.7773
    endloop
  endfacet
  facet normal 0 -0.629528 0.776978
    outer loop
      vertex 29 22.8364 19.0711
      vertex 38.9 22.7347 18.9887
      vertex 38.9 22.8364 19.0711
    endloop
  endfacet
  facet normal 0 -0.629528 0.776978
    outer loop
      vertex 38.9 22.7347 18.9887
      vertex 29 22.8364 19.0711
      vertex 29 22.7347 18.9887
    endloop
  endfacet
  facet normal 0 -0.707107 0.707107
    outer loop
      vertex 29 22.8364 19.0711
      vertex 38.9 22.9289 19.1636
      vertex 29 22.9289 19.1636
    endloop
  endfacet
  facet normal 0 -0.707107 0.707107
    outer loop
      vertex 38.9 22.9289 19.1636
      vertex 29 22.8364 19.0711
      vertex 38.9 22.8364 19.0711
    endloop
  endfacet
  facet normal 0 -0.998649 0.0519573
    outer loop
      vertex 29 23.2432 19.8693
      vertex 38.9 23.25 20
      vertex 29 23.25 20
    endloop
  endfacet
  facet normal 0 -0.998649 0.0519573
    outer loop
      vertex 38.9 23.25 20
      vertex 29 23.2432 19.8693
      vertex 38.9 23.2432 19.8693
    endloop
  endfacet
  facet normal 0 -0.933503 0.358569
    outer loop
      vertex 29 23.1419 19.4916
      vertex 38.9 23.1888 19.6137
      vertex 29 23.1888 19.6137
    endloop
  endfacet
  facet normal 0 -0.933503 0.358569
    outer loop
      vertex 38.9 23.1888 19.6137
      vertex 29 23.1419 19.4916
      vertex 38.9 23.1419 19.4916
    endloop
  endfacet
  facet normal 0 -0.83881 0.544424
    outer loop
      vertex 29 23.0113 19.2653
      vertex 38.9 23.0825 19.375
      vertex 29 23.0825 19.375
    endloop
  endfacet
  facet normal 0 -0.83881 0.544424
    outer loop
      vertex 38.9 23.0825 19.375
      vertex 29 23.0113 19.2653
      vertex 38.9 23.0113 19.2653
    endloop
  endfacet
  facet normal 0 -0.0519573 -0.998649
    outer loop
      vertex 29 22 21.25
      vertex 38.9 22.1307 21.2432
      vertex 38.9 22 21.25
    endloop
  endfacet
  facet normal -0 -0.0519573 -0.998649
    outer loop
      vertex 38.9 22.1307 21.2432
      vertex 29 22 21.25
      vertex 29 22.1307 21.2432
    endloop
  endfacet
  facet normal 0 -0.358569 -0.933503
    outer loop
      vertex 29 22.3863 21.1888
      vertex 38.9 22.5084 21.1419
      vertex 38.9 22.3863 21.1888
    endloop
  endfacet
  facet normal -0 -0.358569 -0.933503
    outer loop
      vertex 38.9 22.5084 21.1419
      vertex 29 22.3863 21.1888
      vertex 29 22.5084 21.1419
    endloop
  endfacet
  facet normal 0 -0.259042 -0.965866
    outer loop
      vertex 29 22.2599 21.2227
      vertex 38.9 22.3863 21.1888
      vertex 38.9 22.2599 21.2227
    endloop
  endfacet
  facet normal -0 -0.259042 -0.965866
    outer loop
      vertex 38.9 22.3863 21.1888
      vertex 29 22.2599 21.2227
      vertex 29 22.3863 21.1888
    endloop
  endfacet
  facet normal 0 -0.544424 -0.83881
    outer loop
      vertex 29 22.625 21.0825
      vertex 38.9 22.7347 21.0113
      vertex 38.9 22.625 21.0825
    endloop
  endfacet
  facet normal -0 -0.544424 -0.83881
    outer loop
      vertex 38.9 22.7347 21.0113
      vertex 29 22.625 21.0825
      vertex 29 22.7347 21.0113
    endloop
  endfacet
  facet normal 0 -0.629528 -0.776978
    outer loop
      vertex 29 22.7347 21.0113
      vertex 38.9 22.8364 20.9289
      vertex 38.9 22.7347 21.0113
    endloop
  endfacet
  facet normal -0 -0.629528 -0.776978
    outer loop
      vertex 38.9 22.8364 20.9289
      vertex 29 22.7347 21.0113
      vertex 29 22.8364 20.9289
    endloop
  endfacet
  facet normal 0 -0.965866 -0.259042
    outer loop
      vertex 29 23.2227 20.2599
      vertex 38.9 23.1888 20.3863
      vertex 29 23.1888 20.3863
    endloop
  endfacet
  facet normal 0 -0.965866 -0.259042
    outer loop
      vertex 38.9 23.1888 20.3863
      vertex 29 23.2227 20.2599
      vertex 38.9 23.2227 20.2599
    endloop
  endfacet
  facet normal 0 -0.998649 -0.0519573
    outer loop
      vertex 29 23.25 20
      vertex 38.9 23.2432 20.1307
      vertex 29 23.2432 20.1307
    endloop
  endfacet
  facet normal 0 -0.998649 -0.0519573
    outer loop
      vertex 38.9 23.2432 20.1307
      vertex 29 23.25 20
      vertex 38.9 23.25 20
    endloop
  endfacet
  facet normal 0 -0.83881 -0.544424
    outer loop
      vertex 29 23.0825 20.625
      vertex 38.9 23.0113 20.7347
      vertex 29 23.0113 20.7347
    endloop
  endfacet
  facet normal 0 -0.83881 -0.544424
    outer loop
      vertex 38.9 23.0113 20.7347
      vertex 29 23.0825 20.625
      vertex 38.9 23.0825 20.625
    endloop
  endfacet
  facet normal 0 -0.776978 -0.629528
    outer loop
      vertex 29 23.0113 20.7347
      vertex 38.9 22.9289 20.8364
      vertex 29 22.9289 20.8364
    endloop
  endfacet
  facet normal 0 -0.776978 -0.629528
    outer loop
      vertex 38.9 22.9289 20.8364
      vertex 29 23.0113 20.7347
      vertex 38.9 23.0113 20.7347
    endloop
  endfacet
  facet normal 0 -0.0519573 0.998649
    outer loop
      vertex 29 22.1307 18.7568
      vertex 38.9 22 18.75
      vertex 38.9 22.1307 18.7568
    endloop
  endfacet
  facet normal 0 -0.0519573 0.998649
    outer loop
      vertex 38.9 22 18.75
      vertex 29 22.1307 18.7568
      vertex 29 22 18.75
    endloop
  endfacet
  facet normal -0 0.0519573 0.998649
    outer loop
      vertex 29 22 18.75
      vertex 38.9 21.8693 18.7568
      vertex 38.9 22 18.75
    endloop
  endfacet
  facet normal 0 0.0519573 0.998649
    outer loop
      vertex 38.9 21.8693 18.7568
      vertex 29 22 18.75
      vertex 29 21.8693 18.7568
    endloop
  endfacet
  facet normal -0 0.156708 0.987645
    outer loop
      vertex 29 21.8693 18.7568
      vertex 38.9 21.7401 18.7773
      vertex 38.9 21.8693 18.7568
    endloop
  endfacet
  facet normal 0 0.156708 0.987645
    outer loop
      vertex 38.9 21.7401 18.7773
      vertex 29 21.8693 18.7568
      vertex 29 21.7401 18.7773
    endloop
  endfacet
  facet normal 0 0.998649 0.0519573
    outer loop
      vertex 38.9 20.7568 19.8693
      vertex 29 20.75 20
      vertex 38.9 20.75 20
    endloop
  endfacet
  facet normal 0 0.998649 0.0519573
    outer loop
      vertex 29 20.75 20
      vertex 38.9 20.7568 19.8693
      vertex 29 20.7568 19.8693
    endloop
  endfacet
  facet normal 0 0.453926 -0.891039
    outer loop
      vertex 29 21.375 21.0825
      vertex 38.9 21.4916 21.1419
      vertex 38.9 21.375 21.0825
    endloop
  endfacet
  facet normal 0 0.453926 -0.891039
    outer loop
      vertex 38.9 21.4916 21.1419
      vertex 29 21.375 21.0825
      vertex 29 21.4916 21.1419
    endloop
  endfacet
  facet normal 0 0.987645 0.156708
    outer loop
      vertex 38.9 20.7773 19.7401
      vertex 29 20.7568 19.8693
      vertex 38.9 20.7568 19.8693
    endloop
  endfacet
  facet normal 0 0.987645 0.156708
    outer loop
      vertex 29 20.7568 19.8693
      vertex 38.9 20.7773 19.7401
      vertex 29 20.7773 19.7401
    endloop
  endfacet
  facet normal 0 -0.358569 0.933503
    outer loop
      vertex 29 22.5084 18.8581
      vertex 38.9 22.3863 18.8112
      vertex 38.9 22.5084 18.8581
    endloop
  endfacet
  facet normal 0 -0.358569 0.933503
    outer loop
      vertex 38.9 22.3863 18.8112
      vertex 29 22.5084 18.8581
      vertex 29 22.3863 18.8112
    endloop
  endfacet
  facet normal 0 -0.544424 0.83881
    outer loop
      vertex 29 22.7347 18.9887
      vertex 38.9 22.625 18.9175
      vertex 38.9 22.7347 18.9887
    endloop
  endfacet
  facet normal 0 -0.544424 0.83881
    outer loop
      vertex 38.9 22.625 18.9175
      vertex 29 22.7347 18.9887
      vertex 29 22.625 18.9175
    endloop
  endfacet
  facet normal 0 -0.965866 0.259042
    outer loop
      vertex 29 23.1888 19.6137
      vertex 38.9 23.2227 19.7401
      vertex 29 23.2227 19.7401
    endloop
  endfacet
  facet normal 0 -0.965866 0.259042
    outer loop
      vertex 38.9 23.2227 19.7401
      vertex 29 23.1888 19.6137
      vertex 38.9 23.1888 19.6137
    endloop
  endfacet
  facet normal -0 0.629528 0.776978
    outer loop
      vertex 29 21.2653 18.9887
      vertex 38.9 21.1636 19.0711
      vertex 38.9 21.2653 18.9887
    endloop
  endfacet
  facet normal 0 0.629528 0.776978
    outer loop
      vertex 38.9 21.1636 19.0711
      vertex 29 21.2653 18.9887
      vertex 29 21.1636 19.0711
    endloop
  endfacet
  facet normal -0 0.544424 0.83881
    outer loop
      vertex 29 21.375 18.9175
      vertex 38.9 21.2653 18.9887
      vertex 38.9 21.375 18.9175
    endloop
  endfacet
  facet normal 0 0.544424 0.83881
    outer loop
      vertex 38.9 21.2653 18.9887
      vertex 29 21.375 18.9175
      vertex 29 21.2653 18.9887
    endloop
  endfacet
  facet normal -0 0.358569 0.933503
    outer loop
      vertex 29 21.6137 18.8112
      vertex 38.9 21.4916 18.8581
      vertex 38.9 21.6137 18.8112
    endloop
  endfacet
  facet normal 0 0.358569 0.933503
    outer loop
      vertex 38.9 21.4916 18.8581
      vertex 29 21.6137 18.8112
      vertex 29 21.4916 18.8581
    endloop
  endfacet
  facet normal 0 0.629528 -0.776978
    outer loop
      vertex 29 21.1636 20.9289
      vertex 38.9 21.2653 21.0113
      vertex 38.9 21.1636 20.9289
    endloop
  endfacet
  facet normal 0 0.629528 -0.776978
    outer loop
      vertex 38.9 21.2653 21.0113
      vertex 29 21.1636 20.9289
      vertex 29 21.2653 21.0113
    endloop
  endfacet
  facet normal 0 0.259042 -0.965866
    outer loop
      vertex 29 21.6137 21.1888
      vertex 38.9 21.7401 21.2227
      vertex 38.9 21.6137 21.1888
    endloop
  endfacet
  facet normal 0 0.259042 -0.965866
    outer loop
      vertex 38.9 21.7401 21.2227
      vertex 29 21.6137 21.1888
      vertex 29 21.7401 21.2227
    endloop
  endfacet
  facet normal 0 0.891039 0.453926
    outer loop
      vertex 38.9 20.9175 19.375
      vertex 29 20.8581 19.4916
      vertex 38.9 20.8581 19.4916
    endloop
  endfacet
  facet normal 0 0.891039 0.453926
    outer loop
      vertex 29 20.8581 19.4916
      vertex 38.9 20.9175 19.375
      vertex 29 20.9175 19.375
    endloop
  endfacet
  facet normal 0 0.707107 0.707107
    outer loop
      vertex 38.9 21.1636 19.0711
      vertex 29 21.0711 19.1636
      vertex 38.9 21.0711 19.1636
    endloop
  endfacet
  facet normal 0 0.707107 0.707107
    outer loop
      vertex 29 21.0711 19.1636
      vertex 38.9 21.1636 19.0711
      vertex 29 21.1636 19.0711
    endloop
  endfacet
  facet normal -0 0.259042 0.965866
    outer loop
      vertex 29 21.7401 18.7773
      vertex 38.9 21.6137 18.8112
      vertex 38.9 21.7401 18.7773
    endloop
  endfacet
  facet normal 0 0.259042 0.965866
    outer loop
      vertex 38.9 21.6137 18.8112
      vertex 29 21.7401 18.7773
      vertex 29 21.6137 18.8112
    endloop
  endfacet
  facet normal -0 0.453926 0.891039
    outer loop
      vertex 29 21.4916 18.8581
      vertex 38.9 21.375 18.9175
      vertex 38.9 21.4916 18.8581
    endloop
  endfacet
  facet normal 0 0.453926 0.891039
    outer loop
      vertex 38.9 21.375 18.9175
      vertex 29 21.4916 18.8581
      vertex 29 21.375 18.9175
    endloop
  endfacet
  facet normal 0 0.965866 -0.259042
    outer loop
      vertex 38.9 20.7773 20.2599
      vertex 29 20.8112 20.3863
      vertex 38.9 20.8112 20.3863
    endloop
  endfacet
  facet normal 0 0.965866 -0.259042
    outer loop
      vertex 29 20.8112 20.3863
      vertex 38.9 20.7773 20.2599
      vertex 29 20.7773 20.2599
    endloop
  endfacet
  facet normal -1 0 0
    outer loop
      vertex 38.9 23.2432 19.8693
      vertex 38.9 23.2432 20.1307
      vertex 38.9 23.25 20
    endloop
  endfacet
  facet normal -1 0 0
    outer loop
      vertex 38.9 23.2227 19.7401
      vertex 38.9 23.2432 20.1307
      vertex 38.9 23.2432 19.8693
    endloop
  endfacet
  facet normal -1 0 0
    outer loop
      vertex 38.9 23.2227 19.7401
      vertex 38.9 23.2227 20.2599
      vertex 38.9 23.2432 20.1307
    endloop
  endfacet
  facet normal -1 0 0
    outer loop
      vertex 38.9 23.1888 19.6137
      vertex 38.9 23.2227 20.2599
      vertex 38.9 23.2227 19.7401
    endloop
  endfacet
  facet normal -1 0 0
    outer loop
      vertex 38.9 23.1888 19.6137
      vertex 38.9 23.1888 20.3863
      vertex 38.9 23.2227 20.2599
    endloop
  endfacet
  facet normal -1 0 0
    outer loop
      vertex 38.9 23.1419 19.4916
      vertex 38.9 23.1888 20.3863
      vertex 38.9 23.1888 19.6137
    endloop
  endfacet
  facet normal -1 0 0
    outer loop
      vertex 38.9 23.1419 19.4916
      vertex 38.9 23.1419 20.5084
      vertex 38.9 23.1888 20.3863
    endloop
  endfacet
  facet normal -1 0 0
    outer loop
      vertex 38.9 23.0825 19.375
      vertex 38.9 23.1419 20.5084
      vertex 38.9 23.1419 19.4916
    endloop
  endfacet
  facet normal -1 0 0
    outer loop
      vertex 38.9 23.0825 19.375
      vertex 38.9 23.0825 20.625
      vertex 38.9 23.1419 20.5084
    endloop
  endfacet
  facet normal -1 0 0
    outer loop
      vertex 38.9 23.0113 19.2653
      vertex 38.9 23.0825 20.625
      vertex 38.9 23.0825 19.375
    endloop
  endfacet
  facet normal -1 0 0
    outer loop
      vertex 38.9 23.0113 19.2653
      vertex 38.9 23.0113 20.7347
      vertex 38.9 23.0825 20.625
    endloop
  endfacet
  facet normal -1 0 0
    outer loop
      vertex 38.9 22.9289 19.1636
      vertex 38.9 23.0113 20.7347
      vertex 38.9 23.0113 19.2653
    endloop
  endfacet
  facet normal -1 0 0
    outer loop
      vertex 38.9 22.9289 19.1636
      vertex 38.9 22.9289 20.8364
      vertex 38.9 23.0113 20.7347
    endloop
  endfacet
  facet normal -1 0 0
    outer loop
      vertex 38.9 22.8364 19.0711
      vertex 38.9 22.9289 20.8364
      vertex 38.9 22.9289 19.1636
    endloop
  endfacet
  facet normal -1 0 0
    outer loop
      vertex 38.9 22.8364 19.0711
      vertex 38.9 22.8364 20.9289
      vertex 38.9 22.9289 20.8364
    endloop
  endfacet
  facet normal -1 0 0
    outer loop
      vertex 38.9 22.7347 18.9887
      vertex 38.9 22.8364 20.9289
      vertex 38.9 22.8364 19.0711
    endloop
  endfacet
  facet normal -1 0 0
    outer loop
      vertex 38.9 22.7347 18.9887
      vertex 38.9 22.7347 21.0113
      vertex 38.9 22.8364 20.9289
    endloop
  endfacet
  facet normal -1 0 0
    outer loop
      vertex 38.9 22.625 18.9175
      vertex 38.9 22.7347 21.0113
      vertex 38.9 22.7347 18.9887
    endloop
  endfacet
  facet normal -1 0 0
    outer loop
      vertex 38.9 22.625 18.9175
      vertex 38.9 22.625 21.0825
      vertex 38.9 22.7347 21.0113
    endloop
  endfacet
  facet normal -1 0 0
    outer loop
      vertex 38.9 22.5084 18.8581
      vertex 38.9 22.625 21.0825
      vertex 38.9 22.625 18.9175
    endloop
  endfacet
  facet normal -1 0 0
    outer loop
      vertex 38.9 22.5084 18.8581
      vertex 38.9 22.5084 21.1419
      vertex 38.9 22.625 21.0825
    endloop
  endfacet
  facet normal -1 0 0
    outer loop
      vertex 38.9 22.3863 18.8112
      vertex 38.9 22.5084 21.1419
      vertex 38.9 22.5084 18.8581
    endloop
  endfacet
  facet normal -1 0 0
    outer loop
      vertex 38.9 22.3863 18.8112
      vertex 38.9 22.3863 21.1888
      vertex 38.9 22.5084 21.1419
    endloop
  endfacet
  facet normal -1 0 0
    outer loop
      vertex 38.9 22.2599 18.7773
      vertex 38.9 22.3863 21.1888
      vertex 38.9 22.3863 18.8112
    endloop
  endfacet
  facet normal -1 0 0
    outer loop
      vertex 38.9 22.2599 18.7773
      vertex 38.9 22.2599 21.2227
      vertex 38.9 22.3863 21.1888
    endloop
  endfacet
  facet normal -1 0 0
    outer loop
      vertex 38.9 22.1307 18.7568
      vertex 38.9 22.2599 21.2227
      vertex 38.9 22.2599 18.7773
    endloop
  endfacet
  facet normal -1 0 0
    outer loop
      vertex 38.9 22.1307 18.7568
      vertex 38.9 22.1307 21.2432
      vertex 38.9 22.2599 21.2227
    endloop
  endfacet
  facet normal -1 0 0
    outer loop
      vertex 38.9 22 18.75
      vertex 38.9 22.1307 21.2432
      vertex 38.9 22.1307 18.7568
    endloop
  endfacet
  facet normal -1 0 0
    outer loop
      vertex 38.9 22 18.75
      vertex 38.9 22 21.25
      vertex 38.9 22.1307 21.2432
    endloop
  endfacet
  facet normal -1 0 0
    outer loop
      vertex 38.9 21.8693 18.7568
      vertex 38.9 22 21.25
      vertex 38.9 22 18.75
    endloop
  endfacet
  facet normal -1 0 0
    outer loop
      vertex 38.9 21.8693 18.7568
      vertex 38.9 21.8693 21.2432
      vertex 38.9 22 21.25
    endloop
  endfacet
  facet normal -1 0 0
    outer loop
      vertex 38.9 21.7401 18.7773
      vertex 38.9 21.8693 21.2432
      vertex 38.9 21.8693 18.7568
    endloop
  endfacet
  facet normal -1 0 0
    outer loop
      vertex 38.9 21.7401 18.7773
      vertex 38.9 21.7401 21.2227
      vertex 38.9 21.8693 21.2432
    endloop
  endfacet
  facet normal -1 0 0
    outer loop
      vertex 38.9 21.6137 18.8112
      vertex 38.9 21.7401 21.2227
      vertex 38.9 21.7401 18.7773
    endloop
  endfacet
  facet normal -1 0 0
    outer loop
      vertex 38.9 21.6137 18.8112
      vertex 38.9 21.6137 21.1888
      vertex 38.9 21.7401 21.2227
    endloop
  endfacet
  facet normal -1 0 0
    outer loop
      vertex 38.9 21.4916 18.8581
      vertex 38.9 21.6137 21.1888
      vertex 38.9 21.6137 18.8112
    endloop
  endfacet
  facet normal -1 0 0
    outer loop
      vertex 38.9 21.4916 18.8581
      vertex 38.9 21.4916 21.1419
      vertex 38.9 21.6137 21.1888
    endloop
  endfacet
  facet normal -1 0 0
    outer loop
      vertex 38.9 21.375 18.9175
      vertex 38.9 21.4916 21.1419
      vertex 38.9 21.4916 18.8581
    endloop
  endfacet
  facet normal -1 0 0
    outer loop
      vertex 38.9 21.375 18.9175
      vertex 38.9 21.375 21.0825
      vertex 38.9 21.4916 21.1419
    endloop
  endfacet
  facet normal -1 0 0
    outer loop
      vertex 38.9 21.2653 18.9887
      vertex 38.9 21.375 21.0825
      vertex 38.9 21.375 18.9175
    endloop
  endfacet
  facet normal -1 0 0
    outer loop
      vertex 38.9 21.2653 18.9887
      vertex 38.9 21.2653 21.0113
      vertex 38.9 21.375 21.0825
    endloop
  endfacet
  facet normal -1 0 0
    outer loop
      vertex 38.9 21.1636 19.0711
      vertex 38.9 21.2653 21.0113
      vertex 38.9 21.2653 18.9887
    endloop
  endfacet
  facet normal -1 0 0
    outer loop
      vertex 38.9 21.1636 19.0711
      vertex 38.9 21.1636 20.9289
      vertex 38.9 21.2653 21.0113
    endloop
  endfacet
  facet normal -1 0 0
    outer loop
      vertex 38.9 21.0711 19.1636
      vertex 38.9 21.1636 20.9289
      vertex 38.9 21.1636 19.0711
    endloop
  endfacet
  facet normal -1 0 0
    outer loop
      vertex 38.9 21.0711 19.1636
      vertex 38.9 21.0711 20.8364
      vertex 38.9 21.1636 20.9289
    endloop
  endfacet
  facet normal -1 0 0
    outer loop
      vertex 38.9 20.9887 19.2653
      vertex 38.9 21.0711 20.8364
      vertex 38.9 21.0711 19.1636
    endloop
  endfacet
  facet normal -1 0 0
    outer loop
      vertex 38.9 20.9887 19.2653
      vertex 38.9 20.9887 20.7347
      vertex 38.9 21.0711 20.8364
    endloop
  endfacet
  facet normal -1 0 0
    outer loop
      vertex 38.9 20.9175 19.375
      vertex 38.9 20.9887 20.7347
      vertex 38.9 20.9887 19.2653
    endloop
  endfacet
  facet normal -1 0 0
    outer loop
      vertex 38.9 20.9175 19.375
      vertex 38.9 20.9175 20.625
      vertex 38.9 20.9887 20.7347
    endloop
  endfacet
  facet normal -1 0 0
    outer loop
      vertex 38.9 20.8581 19.4916
      vertex 38.9 20.9175 20.625
      vertex 38.9 20.9175 19.375
    endloop
  endfacet
  facet normal -1 0 0
    outer loop
      vertex 38.9 20.8581 19.4916
      vertex 38.9 20.8581 20.5084
      vertex 38.9 20.9175 20.625
    endloop
  endfacet
  facet normal -1 0 0
    outer loop
      vertex 38.9 20.8112 19.6137
      vertex 38.9 20.8581 20.5084
      vertex 38.9 20.8581 19.4916
    endloop
  endfacet
  facet normal -1 0 0
    outer loop
      vertex 38.9 20.8112 19.6137
      vertex 38.9 20.8112 20.3863
      vertex 38.9 20.8581 20.5084
    endloop
  endfacet
  facet normal -1 0 0
    outer loop
      vertex 38.9 20.7773 19.7401
      vertex 38.9 20.8112 20.3863
      vertex 38.9 20.8112 19.6137
    endloop
  endfacet
  facet normal -1 0 0
    outer loop
      vertex 38.9 20.7773 19.7401
      vertex 38.9 20.7773 20.2599
      vertex 38.9 20.8112 20.3863
    endloop
  endfacet
  facet normal -1 0 0
    outer loop
      vertex 38.9 20.7568 19.8693
      vertex 38.9 20.7773 20.2599
      vertex 38.9 20.7773 19.7401
    endloop
  endfacet
  facet normal -1 0 0
    outer loop
      vertex 38.9 20.7568 19.8693
      vertex 38.9 20.7568 20.1307
      vertex 38.9 20.7773 20.2599
    endloop
  endfacet
  facet normal -1 0 -0
    outer loop
      vertex 38.9 20.7568 20.1307
      vertex 38.9 20.7568 19.8693
      vertex 38.9 20.75 20
    endloop
  endfacet
  facet normal 0 0.998649 -0.0519573
    outer loop
      vertex 38.9 20.75 20
      vertex 29 20.7568 20.1307
      vertex 38.9 20.7568 20.1307
    endloop
  endfacet
  facet normal 0 0.998649 -0.0519573
    outer loop
      vertex 29 20.7568 20.1307
      vertex 38.9 20.75 20
      vertex 29 20.75 20
    endloop
  endfacet
  facet normal 0 0.544424 -0.83881
    outer loop
      vertex 29 21.2653 21.0113
      vertex 38.9 21.375 21.0825
      vertex 38.9 21.2653 21.0113
    endloop
  endfacet
  facet normal 0 0.544424 -0.83881
    outer loop
      vertex 38.9 21.375 21.0825
      vertex 29 21.2653 21.0113
      vertex 29 21.375 21.0825
    endloop
  endfacet
  facet normal 0 0.358569 -0.933503
    outer loop
      vertex 29 21.4916 21.1419
      vertex 38.9 21.6137 21.1888
      vertex 38.9 21.4916 21.1419
    endloop
  endfacet
  facet normal 0 0.358569 -0.933503
    outer loop
      vertex 38.9 21.6137 21.1888
      vertex 29 21.4916 21.1419
      vertex 29 21.6137 21.1888
    endloop
  endfacet
  facet normal 0 0.156708 -0.987645
    outer loop
      vertex 29 21.7401 21.2227
      vertex 38.9 21.8693 21.2432
      vertex 38.9 21.7401 21.2227
    endloop
  endfacet
  facet normal 0 0.156708 -0.987645
    outer loop
      vertex 38.9 21.8693 21.2432
      vertex 29 21.7401 21.2227
      vertex 29 21.8693 21.2432
    endloop
  endfacet
  facet normal 0 0.0519573 -0.998649
    outer loop
      vertex 29 21.8693 21.2432
      vertex 38.9 22 21.25
      vertex 38.9 21.8693 21.2432
    endloop
  endfacet
  facet normal 0 0.0519573 -0.998649
    outer loop
      vertex 38.9 22 21.25
      vertex 29 21.8693 21.2432
      vertex 29 22 21.25
    endloop
  endfacet
  facet normal 0 0.776978 0.629528
    outer loop
      vertex 38.9 21.0711 19.1636
      vertex 29 20.9887 19.2653
      vertex 38.9 20.9887 19.2653
    endloop
  endfacet
  facet normal 0 0.776978 0.629528
    outer loop
      vertex 29 20.9887 19.2653
      vertex 38.9 21.0711 19.1636
      vertex 29 21.0711 19.1636
    endloop
  endfacet
  facet normal 0 0.891039 -0.453926
    outer loop
      vertex 38.9 20.8581 20.5084
      vertex 29 20.9175 20.625
      vertex 38.9 20.9175 20.625
    endloop
  endfacet
  facet normal 0 0.891039 -0.453926
    outer loop
      vertex 29 20.9175 20.625
      vertex 38.9 20.8581 20.5084
      vertex 29 20.8581 20.5084
    endloop
  endfacet
  facet normal 0 0.987645 -0.156708
    outer loop
      vertex 38.9 20.7568 20.1307
      vertex 29 20.7773 20.2599
      vertex 38.9 20.7773 20.2599
    endloop
  endfacet
  facet normal 0 0.987645 -0.156708
    outer loop
      vertex 29 20.7773 20.2599
      vertex 38.9 20.7568 20.1307
      vertex 29 20.7568 20.1307
    endloop
  endfacet
  facet normal 0 0.933503 0.358569
    outer loop
      vertex 38.9 20.8581 19.4916
      vertex 29 20.8112 19.6137
      vertex 38.9 20.8112 19.6137
    endloop
  endfacet
  facet normal 0 0.933503 0.358569
    outer loop
      vertex 29 20.8112 19.6137
      vertex 38.9 20.8581 19.4916
      vertex 29 20.8581 19.4916
    endloop
  endfacet
  facet normal 0 0.965866 0.259042
    outer loop
      vertex 38.9 20.8112 19.6137
      vertex 29 20.7773 19.7401
      vertex 38.9 20.7773 19.7401
    endloop
  endfacet
  facet normal 0 0.965866 0.259042
    outer loop
      vertex 29 20.7773 19.7401
      vertex 38.9 20.8112 19.6137
      vertex 29 20.8112 19.6137
    endloop
  endfacet
  facet normal 0 0.83881 -0.544424
    outer loop
      vertex 38.9 20.9175 20.625
      vertex 29 20.9887 20.7347
      vertex 38.9 20.9887 20.7347
    endloop
  endfacet
  facet normal 0 0.83881 -0.544424
    outer loop
      vertex 29 20.9887 20.7347
      vertex 38.9 20.9175 20.625
      vertex 29 20.9175 20.625
    endloop
  endfacet
  facet normal 0 0.776978 -0.629528
    outer loop
      vertex 38.9 20.9887 20.7347
      vertex 29 21.0711 20.8364
      vertex 38.9 21.0711 20.8364
    endloop
  endfacet
  facet normal 0 0.776978 -0.629528
    outer loop
      vertex 29 21.0711 20.8364
      vertex 38.9 20.9887 20.7347
      vertex 29 20.9887 20.7347
    endloop
  endfacet
  facet normal 0 0.933503 -0.358569
    outer loop
      vertex 38.9 20.8112 20.3863
      vertex 29 20.8581 20.5084
      vertex 38.9 20.8581 20.5084
    endloop
  endfacet
  facet normal 0 0.933503 -0.358569
    outer loop
      vertex 29 20.8581 20.5084
      vertex 38.9 20.8112 20.3863
      vertex 29 20.8112 20.3863
    endloop
  endfacet
  facet normal 0 -0.452692 0.891667
    outer loop
      vertex 29 108.625 18.9175
      vertex 38.9 108.508 18.8581
      vertex 38.9 108.625 18.9175
    endloop
  endfacet
  facet normal 0 -0.452692 0.891667
    outer loop
      vertex 38.9 108.508 18.8581
      vertex 29 108.625 18.9175
      vertex 29 108.508 18.8581
    endloop
  endfacet
  facet normal 0 -0.892274 0.451494
    outer loop
      vertex 29 109.083 19.375
      vertex 38.9 109.142 19.4916
      vertex 29 109.142 19.4916
    endloop
  endfacet
  facet normal 0 -0.892274 0.451494
    outer loop
      vertex 38.9 109.142 19.4916
      vertex 29 109.083 19.375
      vertex 38.9 109.083 19.375
    endloop
  endfacet
  facet normal 0 -0.933247 -0.359235
    outer loop
      vertex 29 109.189 20.3863
      vertex 38.9 109.142 20.5084
      vertex 29 109.142 20.5084
    endloop
  endfacet
  facet normal 0 -0.933247 -0.359235
    outer loop
      vertex 38.9 109.142 20.5084
      vertex 29 109.189 20.3863
      vertex 38.9 109.189 20.3863
    endloop
  endfacet
  facet normal 0 -0.452692 -0.891667
    outer loop
      vertex 29 108.508 21.1419
      vertex 38.9 108.625 21.0825
      vertex 38.9 108.508 21.1419
    endloop
  endfacet
  facet normal -0 -0.452692 -0.891667
    outer loop
      vertex 38.9 108.625 21.0825
      vertex 29 108.508 21.1419
      vertex 29 108.625 21.0825
    endloop
  endfacet
  facet normal 0 -0.156945 0.987607
    outer loop
      vertex 29 108.26 18.7773
      vertex 38.9 108.131 18.7568
      vertex 38.9 108.26 18.7773
    endloop
  endfacet
  facet normal 0 -0.156945 0.987607
    outer loop
      vertex 38.9 108.131 18.7568
      vertex 29 108.26 18.7773
      vertex 29 108.131 18.7568
    endloop
  endfacet
  facet normal 0 -0.98823 0.152977
    outer loop
      vertex 29 109.223 19.7401
      vertex 38.9 109.243 19.8693
      vertex 29 109.243 19.8693
    endloop
  endfacet
  facet normal 0 -0.98823 0.152977
    outer loop
      vertex 38.9 109.243 19.8693
      vertex 29 109.223 19.7401
      vertex 38.9 109.223 19.7401
    endloop
  endfacet
  facet normal 0 -0.778473 0.627678
    outer loop
      vertex 29 108.929 19.1636
      vertex 38.9 109.011 19.2653
      vertex 29 109.011 19.2653
    endloop
  endfacet
  facet normal 0 -0.778473 0.627678
    outer loop
      vertex 38.9 109.011 19.2653
      vertex 29 108.929 19.1636
      vertex 38.9 108.929 19.1636
    endloop
  endfacet
  facet normal 0 -0.156945 -0.987607
    outer loop
      vertex 29 108.131 21.2432
      vertex 38.9 108.26 21.2227
      vertex 38.9 108.131 21.2432
    endloop
  endfacet
  facet normal -0 -0.156945 -0.987607
    outer loop
      vertex 38.9 108.26 21.2227
      vertex 29 108.131 21.2432
      vertex 29 108.26 21.2227
    endloop
  endfacet
  facet normal 0 -0.705198 -0.70901
    outer loop
      vertex 29 108.836 20.9289
      vertex 38.9 108.929 20.8364
      vertex 38.9 108.836 20.9289
    endloop
  endfacet
  facet normal -0 -0.705198 -0.70901
    outer loop
      vertex 38.9 108.929 20.8364
      vertex 29 108.836 20.9289
      vertex 29 108.929 20.8364
    endloop
  endfacet
  facet normal 0 -0.892274 -0.451494
    outer loop
      vertex 29 109.142 20.5084
      vertex 38.9 109.083 20.625
      vertex 29 109.083 20.625
    endloop
  endfacet
  facet normal 0 -0.892274 -0.451494
    outer loop
      vertex 38.9 109.083 20.625
      vertex 29 109.142 20.5084
      vertex 38.9 109.142 20.5084
    endloop
  endfacet
  facet normal 0 -0.98823 -0.152977
    outer loop
      vertex 29 109.243 20.1307
      vertex 38.9 109.223 20.2599
      vertex 29 109.223 20.2599
    endloop
  endfacet
  facet normal 0 -0.98823 -0.152977
    outer loop
      vertex 38.9 109.223 20.2599
      vertex 29 109.243 20.1307
      vertex 38.9 109.243 20.1307
    endloop
  endfacet
  facet normal 0 0.836015 0.548706
    outer loop
      vertex 38.9 106.989 19.2653
      vertex 29 106.917 19.375
      vertex 38.9 106.917 19.375
    endloop
  endfacet
  facet normal 0 0.836015 0.548706
    outer loop
      vertex 29 106.917 19.375
      vertex 38.9 106.989 19.2653
      vertex 29 106.989 19.2653
    endloop
  endfacet
  facet normal 0 -0.259809 0.96566
    outer loop
      vertex 29 108.386 18.8112
      vertex 38.9 108.26 18.7773
      vertex 38.9 108.386 18.8112
    endloop
  endfacet
  facet normal 0 -0.259809 0.96566
    outer loop
      vertex 38.9 108.26 18.7773
      vertex 29 108.386 18.8112
      vertex 29 108.26 18.7773
    endloop
  endfacet
  facet normal 0 -0.632151 0.774845
    outer loop
      vertex 29 108.836 19.0711
      vertex 38.9 108.735 18.9887
      vertex 38.9 108.836 19.0711
    endloop
  endfacet
  facet normal 0 -0.632151 0.774845
    outer loop
      vertex 38.9 108.735 18.9887
      vertex 29 108.836 19.0711
      vertex 29 108.735 18.9887
    endloop
  endfacet
  facet normal 0 -0.705198 0.70901
    outer loop
      vertex 29 108.929 19.1636
      vertex 38.9 108.836 19.0711
      vertex 38.9 108.929 19.1636
    endloop
  endfacet
  facet normal 0 -0.705198 0.70901
    outer loop
      vertex 38.9 108.836 19.0711
      vertex 29 108.929 19.1636
      vertex 29 108.836 19.0711
    endloop
  endfacet
  facet normal 0 -0.998569 0.0534811
    outer loop
      vertex 29 109.243 19.8693
      vertex 38.9 109.25 20
      vertex 29 109.25 20
    endloop
  endfacet
  facet normal 0 -0.998569 0.0534811
    outer loop
      vertex 38.9 109.25 20
      vertex 29 109.243 19.8693
      vertex 38.9 109.243 19.8693
    endloop
  endfacet
  facet normal 0 -0.933247 0.359235
    outer loop
      vertex 29 109.142 19.4916
      vertex 38.9 109.189 19.6137
      vertex 29 109.189 19.6137
    endloop
  endfacet
  facet normal 0 -0.933247 0.359235
    outer loop
      vertex 38.9 109.189 19.6137
      vertex 29 109.142 19.4916
      vertex 38.9 109.142 19.4916
    endloop
  endfacet
  facet normal 0 -0.836015 0.548706
    outer loop
      vertex 29 109.011 19.2653
      vertex 38.9 109.083 19.375
      vertex 29 109.083 19.375
    endloop
  endfacet
  facet normal 0 -0.836015 0.548706
    outer loop
      vertex 38.9 109.083 19.375
      vertex 29 109.011 19.2653
      vertex 38.9 109.011 19.2653
    endloop
  endfacet
  facet normal 0 -0.0518386 -0.998655
    outer loop
      vertex 29 108 21.25
      vertex 38.9 108.131 21.2432
      vertex 38.9 108 21.25
    endloop
  endfacet
  facet normal -0 -0.0518386 -0.998655
    outer loop
      vertex 38.9 108.131 21.2432
      vertex 29 108 21.25
      vertex 29 108.131 21.2432
    endloop
  endfacet
  facet normal 0 -0.358825 -0.933405
    outer loop
      vertex 29 108.386 21.1888
      vertex 38.9 108.508 21.1419
      vertex 38.9 108.386 21.1888
    endloop
  endfacet
  facet normal -0 -0.358825 -0.933405
    outer loop
      vertex 38.9 108.508 21.1419
      vertex 29 108.386 21.1888
      vertex 29 108.508 21.1419
    endloop
  endfacet
  facet normal 0 -0.259809 -0.96566
    outer loop
      vertex 29 108.26 21.2227
      vertex 38.9 108.386 21.1888
      vertex 38.9 108.26 21.2227
    endloop
  endfacet
  facet normal -0 -0.259809 -0.96566
    outer loop
      vertex 38.9 108.386 21.1888
      vertex 29 108.26 21.2227
      vertex 29 108.386 21.1888
    endloop
  endfacet
  facet normal 0 -0.543378 -0.839488
    outer loop
      vertex 29 108.625 21.0825
      vertex 38.9 108.735 21.0113
      vertex 38.9 108.625 21.0825
    endloop
  endfacet
  facet normal -0 -0.543378 -0.839488
    outer loop
      vertex 38.9 108.735 21.0113
      vertex 29 108.625 21.0825
      vertex 29 108.735 21.0113
    endloop
  endfacet
  facet normal 0 -0.632151 -0.774845
    outer loop
      vertex 29 108.735 21.0113
      vertex 38.9 108.836 20.9289
      vertex 38.9 108.735 21.0113
    endloop
  endfacet
  facet normal -0 -0.632151 -0.774845
    outer loop
      vertex 38.9 108.836 20.9289
      vertex 29 108.735 21.0113
      vertex 29 108.836 20.9289
    endloop
  endfacet
  facet normal 0 -0.965675 -0.259754
    outer loop
      vertex 29 109.223 20.2599
      vertex 38.9 109.189 20.3863
      vertex 29 109.189 20.3863
    endloop
  endfacet
  facet normal 0 -0.965675 -0.259754
    outer loop
      vertex 38.9 109.189 20.3863
      vertex 29 109.223 20.2599
      vertex 38.9 109.223 20.2599
    endloop
  endfacet
  facet normal 0 -0.998569 -0.0534811
    outer loop
      vertex 29 109.25 20
      vertex 38.9 109.243 20.1307
      vertex 29 109.243 20.1307
    endloop
  endfacet
  facet normal 0 -0.998569 -0.0534811
    outer loop
      vertex 38.9 109.243 20.1307
      vertex 29 109.25 20
      vertex 38.9 109.25 20
    endloop
  endfacet
  facet normal 0 -0.836015 -0.548706
    outer loop
      vertex 29 109.083 20.625
      vertex 38.9 109.011 20.7347
      vertex 29 109.011 20.7347
    endloop
  endfacet
  facet normal 0 -0.836015 -0.548706
    outer loop
      vertex 38.9 109.011 20.7347
      vertex 29 109.083 20.625
      vertex 38.9 109.083 20.625
    endloop
  endfacet
  facet normal 0 -0.778473 -0.627678
    outer loop
      vertex 29 109.011 20.7347
      vertex 38.9 108.929 20.8364
      vertex 29 108.929 20.8364
    endloop
  endfacet
  facet normal 0 -0.778473 -0.627678
    outer loop
      vertex 38.9 108.929 20.8364
      vertex 29 109.011 20.7347
      vertex 38.9 109.011 20.7347
    endloop
  endfacet
  facet normal 0 -0.0518386 0.998655
    outer loop
      vertex 29 108.131 18.7568
      vertex 38.9 108 18.75
      vertex 38.9 108.131 18.7568
    endloop
  endfacet
  facet normal 0 -0.0518386 0.998655
    outer loop
      vertex 38.9 108 18.75
      vertex 29 108.131 18.7568
      vertex 29 108 18.75
    endloop
  endfacet
  facet normal -0 0.0518386 0.998655
    outer loop
      vertex 29 108 18.75
      vertex 38.9 107.869 18.7568
      vertex 38.9 108 18.75
    endloop
  endfacet
  facet normal 0 0.0518386 0.998655
    outer loop
      vertex 38.9 107.869 18.7568
      vertex 29 108 18.75
      vertex 29 107.869 18.7568
    endloop
  endfacet
  facet normal -0 0.156945 0.987607
    outer loop
      vertex 29 107.869 18.7568
      vertex 38.9 107.74 18.7773
      vertex 38.9 107.869 18.7568
    endloop
  endfacet
  facet normal 0 0.156945 0.987607
    outer loop
      vertex 38.9 107.74 18.7773
      vertex 29 107.869 18.7568
      vertex 29 107.74 18.7773
    endloop
  endfacet
  facet normal 0 0.998569 0.0534811
    outer loop
      vertex 38.9 106.757 19.8693
      vertex 29 106.75 20
      vertex 38.9 106.75 20
    endloop
  endfacet
  facet normal 0 0.998569 0.0534811
    outer loop
      vertex 29 106.75 20
      vertex 38.9 106.757 19.8693
      vertex 29 106.757 19.8693
    endloop
  endfacet
  facet normal 0 0.452692 -0.891667
    outer loop
      vertex 29 107.375 21.0825
      vertex 38.9 107.492 21.1419
      vertex 38.9 107.375 21.0825
    endloop
  endfacet
  facet normal 0 0.452692 -0.891667
    outer loop
      vertex 38.9 107.492 21.1419
      vertex 29 107.375 21.0825
      vertex 29 107.492 21.1419
    endloop
  endfacet
  facet normal 0 0.98823 0.152977
    outer loop
      vertex 38.9 106.777 19.7401
      vertex 29 106.757 19.8693
      vertex 38.9 106.757 19.8693
    endloop
  endfacet
  facet normal 0 0.98823 0.152977
    outer loop
      vertex 29 106.757 19.8693
      vertex 38.9 106.777 19.7401
      vertex 29 106.777 19.7401
    endloop
  endfacet
  facet normal 0 0.892274 0.451494
    outer loop
      vertex 38.9 106.917 19.375
      vertex 29 106.858 19.4916
      vertex 38.9 106.858 19.4916
    endloop
  endfacet
  facet normal 0 0.892274 0.451494
    outer loop
      vertex 29 106.858 19.4916
      vertex 38.9 106.917 19.375
      vertex 29 106.917 19.375
    endloop
  endfacet
  facet normal 0 -0.358825 0.933405
    outer loop
      vertex 29 108.508 18.8581
      vertex 38.9 108.386 18.8112
      vertex 38.9 108.508 18.8581
    endloop
  endfacet
  facet normal 0 -0.358825 0.933405
    outer loop
      vertex 38.9 108.386 18.8112
      vertex 29 108.508 18.8581
      vertex 29 108.386 18.8112
    endloop
  endfacet
  facet normal 0 -0.543378 0.839488
    outer loop
      vertex 29 108.735 18.9887
      vertex 38.9 108.625 18.9175
      vertex 38.9 108.735 18.9887
    endloop
  endfacet
  facet normal 0 -0.543378 0.839488
    outer loop
      vertex 38.9 108.625 18.9175
      vertex 29 108.735 18.9887
      vertex 29 108.625 18.9175
    endloop
  endfacet
  facet normal 0 -0.965675 0.259754
    outer loop
      vertex 29 109.189 19.6137
      vertex 38.9 109.223 19.7401
      vertex 29 109.223 19.7401
    endloop
  endfacet
  facet normal 0 -0.965675 0.259754
    outer loop
      vertex 38.9 109.223 19.7401
      vertex 29 109.189 19.6137
      vertex 38.9 109.189 19.6137
    endloop
  endfacet
  facet normal -0 0.632151 0.774845
    outer loop
      vertex 29 107.265 18.9887
      vertex 38.9 107.164 19.0711
      vertex 38.9 107.265 18.9887
    endloop
  endfacet
  facet normal 0 0.632151 0.774845
    outer loop
      vertex 38.9 107.164 19.0711
      vertex 29 107.265 18.9887
      vertex 29 107.164 19.0711
    endloop
  endfacet
  facet normal -0 0.543378 0.839488
    outer loop
      vertex 29 107.375 18.9175
      vertex 38.9 107.265 18.9887
      vertex 38.9 107.375 18.9175
    endloop
  endfacet
  facet normal 0 0.543378 0.839488
    outer loop
      vertex 38.9 107.265 18.9887
      vertex 29 107.375 18.9175
      vertex 29 107.265 18.9887
    endloop
  endfacet
  facet normal -0 0.358825 0.933405
    outer loop
      vertex 29 107.614 18.8112
      vertex 38.9 107.492 18.8581
      vertex 38.9 107.614 18.8112
    endloop
  endfacet
  facet normal 0 0.358825 0.933405
    outer loop
      vertex 38.9 107.492 18.8581
      vertex 29 107.614 18.8112
      vertex 29 107.492 18.8581
    endloop
  endfacet
  facet normal -0 0.452692 0.891667
    outer loop
      vertex 29 107.492 18.8581
      vertex 38.9 107.375 18.9175
      vertex 38.9 107.492 18.8581
    endloop
  endfacet
  facet normal 0 0.452692 0.891667
    outer loop
      vertex 38.9 107.375 18.9175
      vertex 29 107.492 18.8581
      vertex 29 107.375 18.9175
    endloop
  endfacet
  facet normal 0 0.632151 -0.774845
    outer loop
      vertex 29 107.164 20.9289
      vertex 38.9 107.265 21.0113
      vertex 38.9 107.164 20.9289
    endloop
  endfacet
  facet normal 0 0.632151 -0.774845
    outer loop
      vertex 38.9 107.265 21.0113
      vertex 29 107.164 20.9289
      vertex 29 107.265 21.0113
    endloop
  endfacet
  facet normal 0 0.259809 -0.96566
    outer loop
      vertex 29 107.614 21.1888
      vertex 38.9 107.74 21.2227
      vertex 38.9 107.614 21.1888
    endloop
  endfacet
  facet normal 0 0.259809 -0.96566
    outer loop
      vertex 38.9 107.74 21.2227
      vertex 29 107.614 21.1888
      vertex 29 107.74 21.2227
    endloop
  endfacet
  facet normal 0 0.358825 -0.933405
    outer loop
      vertex 29 107.492 21.1419
      vertex 38.9 107.614 21.1888
      vertex 38.9 107.492 21.1419
    endloop
  endfacet
  facet normal 0 0.358825 -0.933405
    outer loop
      vertex 38.9 107.614 21.1888
      vertex 29 107.492 21.1419
      vertex 29 107.614 21.1888
    endloop
  endfacet
  facet normal -0 0.705198 0.70901
    outer loop
      vertex 29 107.164 19.0711
      vertex 38.9 107.071 19.1636
      vertex 38.9 107.164 19.0711
    endloop
  endfacet
  facet normal 0 0.705198 0.70901
    outer loop
      vertex 38.9 107.071 19.1636
      vertex 29 107.164 19.0711
      vertex 29 107.071 19.1636
    endloop
  endfacet
  facet normal -0 0.259809 0.96566
    outer loop
      vertex 29 107.74 18.7773
      vertex 38.9 107.614 18.8112
      vertex 38.9 107.74 18.7773
    endloop
  endfacet
  facet normal 0 0.259809 0.96566
    outer loop
      vertex 38.9 107.614 18.8112
      vertex 29 107.74 18.7773
      vertex 29 107.614 18.8112
    endloop
  endfacet
  facet normal 0 0.965675 -0.259754
    outer loop
      vertex 38.9 106.777 20.2599
      vertex 29 106.811 20.3863
      vertex 38.9 106.811 20.3863
    endloop
  endfacet
  facet normal 0 0.965675 -0.259754
    outer loop
      vertex 29 106.811 20.3863
      vertex 38.9 106.777 20.2599
      vertex 29 106.777 20.2599
    endloop
  endfacet
  facet normal -1 0 0
    outer loop
      vertex 38.9 109.243 19.8693
      vertex 38.9 109.243 20.1307
      vertex 38.9 109.25 20
    endloop
  endfacet
  facet normal -1 0 0
    outer loop
      vertex 38.9 109.223 19.7401
      vertex 38.9 109.243 20.1307
      vertex 38.9 109.243 19.8693
    endloop
  endfacet
  facet normal -1 0 0
    outer loop
      vertex 38.9 109.223 19.7401
      vertex 38.9 109.223 20.2599
      vertex 38.9 109.243 20.1307
    endloop
  endfacet
  facet normal -1 0 0
    outer loop
      vertex 38.9 109.189 19.6137
      vertex 38.9 109.223 20.2599
      vertex 38.9 109.223 19.7401
    endloop
  endfacet
  facet normal -1 0 0
    outer loop
      vertex 38.9 109.189 19.6137
      vertex 38.9 109.189 20.3863
      vertex 38.9 109.223 20.2599
    endloop
  endfacet
  facet normal -1 0 0
    outer loop
      vertex 38.9 109.142 19.4916
      vertex 38.9 109.189 20.3863
      vertex 38.9 109.189 19.6137
    endloop
  endfacet
  facet normal -1 0 0
    outer loop
      vertex 38.9 109.142 19.4916
      vertex 38.9 109.142 20.5084
      vertex 38.9 109.189 20.3863
    endloop
  endfacet
  facet normal -1 0 0
    outer loop
      vertex 38.9 109.083 19.375
      vertex 38.9 109.142 20.5084
      vertex 38.9 109.142 19.4916
    endloop
  endfacet
  facet normal -1 0 0
    outer loop
      vertex 38.9 109.083 19.375
      vertex 38.9 109.083 20.625
      vertex 38.9 109.142 20.5084
    endloop
  endfacet
  facet normal -1 0 0
    outer loop
      vertex 38.9 109.011 19.2653
      vertex 38.9 109.083 20.625
      vertex 38.9 109.083 19.375
    endloop
  endfacet
  facet normal -1 0 0
    outer loop
      vertex 38.9 109.011 19.2653
      vertex 38.9 109.011 20.7347
      vertex 38.9 109.083 20.625
    endloop
  endfacet
  facet normal -1 0 0
    outer loop
      vertex 38.9 108.929 19.1636
      vertex 38.9 109.011 20.7347
      vertex 38.9 109.011 19.2653
    endloop
  endfacet
  facet normal -1 0 0
    outer loop
      vertex 38.9 108.929 19.1636
      vertex 38.9 108.929 20.8364
      vertex 38.9 109.011 20.7347
    endloop
  endfacet
  facet normal -1 0 0
    outer loop
      vertex 38.9 108.836 19.0711
      vertex 38.9 108.929 20.8364
      vertex 38.9 108.929 19.1636
    endloop
  endfacet
  facet normal -1 0 0
    outer loop
      vertex 38.9 108.836 19.0711
      vertex 38.9 108.836 20.9289
      vertex 38.9 108.929 20.8364
    endloop
  endfacet
  facet normal -1 0 0
    outer loop
      vertex 38.9 108.735 18.9887
      vertex 38.9 108.836 20.9289
      vertex 38.9 108.836 19.0711
    endloop
  endfacet
  facet normal -1 0 0
    outer loop
      vertex 38.9 108.735 18.9887
      vertex 38.9 108.735 21.0113
      vertex 38.9 108.836 20.9289
    endloop
  endfacet
  facet normal -1 0 0
    outer loop
      vertex 38.9 108.625 18.9175
      vertex 38.9 108.735 21.0113
      vertex 38.9 108.735 18.9887
    endloop
  endfacet
  facet normal -1 0 0
    outer loop
      vertex 38.9 108.625 18.9175
      vertex 38.9 108.625 21.0825
      vertex 38.9 108.735 21.0113
    endloop
  endfacet
  facet normal -1 0 0
    outer loop
      vertex 38.9 108.508 18.8581
      vertex 38.9 108.625 21.0825
      vertex 38.9 108.625 18.9175
    endloop
  endfacet
  facet normal -1 0 0
    outer loop
      vertex 38.9 108.508 18.8581
      vertex 38.9 108.508 21.1419
      vertex 38.9 108.625 21.0825
    endloop
  endfacet
  facet normal -1 0 0
    outer loop
      vertex 38.9 108.386 18.8112
      vertex 38.9 108.508 21.1419
      vertex 38.9 108.508 18.8581
    endloop
  endfacet
  facet normal -1 0 0
    outer loop
      vertex 38.9 108.386 18.8112
      vertex 38.9 108.386 21.1888
      vertex 38.9 108.508 21.1419
    endloop
  endfacet
  facet normal -1 0 0
    outer loop
      vertex 38.9 108.26 18.7773
      vertex 38.9 108.386 21.1888
      vertex 38.9 108.386 18.8112
    endloop
  endfacet
  facet normal -1 0 0
    outer loop
      vertex 38.9 108.26 18.7773
      vertex 38.9 108.26 21.2227
      vertex 38.9 108.386 21.1888
    endloop
  endfacet
  facet normal -1 0 0
    outer loop
      vertex 38.9 108.131 18.7568
      vertex 38.9 108.26 21.2227
      vertex 38.9 108.26 18.7773
    endloop
  endfacet
  facet normal -1 0 0
    outer loop
      vertex 38.9 108.131 18.7568
      vertex 38.9 108.131 21.2432
      vertex 38.9 108.26 21.2227
    endloop
  endfacet
  facet normal -1 0 0
    outer loop
      vertex 38.9 108 18.75
      vertex 38.9 108.131 21.2432
      vertex 38.9 108.131 18.7568
    endloop
  endfacet
  facet normal -1 0 0
    outer loop
      vertex 38.9 108 18.75
      vertex 38.9 108 21.25
      vertex 38.9 108.131 21.2432
    endloop
  endfacet
  facet normal -1 0 0
    outer loop
      vertex 38.9 107.869 18.7568
      vertex 38.9 108 21.25
      vertex 38.9 108 18.75
    endloop
  endfacet
  facet normal -1 0 0
    outer loop
      vertex 38.9 107.869 18.7568
      vertex 38.9 107.869 21.2432
      vertex 38.9 108 21.25
    endloop
  endfacet
  facet normal -1 0 0
    outer loop
      vertex 38.9 107.74 18.7773
      vertex 38.9 107.869 21.2432
      vertex 38.9 107.869 18.7568
    endloop
  endfacet
  facet normal -1 0 0
    outer loop
      vertex 38.9 107.74 18.7773
      vertex 38.9 107.74 21.2227
      vertex 38.9 107.869 21.2432
    endloop
  endfacet
  facet normal -1 0 0
    outer loop
      vertex 38.9 107.614 18.8112
      vertex 38.9 107.74 21.2227
      vertex 38.9 107.74 18.7773
    endloop
  endfacet
  facet normal -1 0 0
    outer loop
      vertex 38.9 107.614 18.8112
      vertex 38.9 107.614 21.1888
      vertex 38.9 107.74 21.2227
    endloop
  endfacet
  facet normal -1 0 0
    outer loop
      vertex 38.9 107.492 18.8581
      vertex 38.9 107.614 21.1888
      vertex 38.9 107.614 18.8112
    endloop
  endfacet
  facet normal -1 0 0
    outer loop
      vertex 38.9 107.492 18.8581
      vertex 38.9 107.492 21.1419
      vertex 38.9 107.614 21.1888
    endloop
  endfacet
  facet normal -1 0 0
    outer loop
      vertex 38.9 107.375 18.9175
      vertex 38.9 107.492 21.1419
      vertex 38.9 107.492 18.8581
    endloop
  endfacet
  facet normal -1 0 0
    outer loop
      vertex 38.9 107.375 18.9175
      vertex 38.9 107.375 21.0825
      vertex 38.9 107.492 21.1419
    endloop
  endfacet
  facet normal -1 0 0
    outer loop
      vertex 38.9 107.265 18.9887
      vertex 38.9 107.375 21.0825
      vertex 38.9 107.375 18.9175
    endloop
  endfacet
  facet normal -1 0 0
    outer loop
      vertex 38.9 107.265 18.9887
      vertex 38.9 107.265 21.0113
      vertex 38.9 107.375 21.0825
    endloop
  endfacet
  facet normal -1 0 0
    outer loop
      vertex 38.9 107.164 19.0711
      vertex 38.9 107.265 21.0113
      vertex 38.9 107.265 18.9887
    endloop
  endfacet
  facet normal -1 0 0
    outer loop
      vertex 38.9 107.164 19.0711
      vertex 38.9 107.164 20.9289
      vertex 38.9 107.265 21.0113
    endloop
  endfacet
  facet normal -1 0 0
    outer loop
      vertex 38.9 107.071 19.1636
      vertex 38.9 107.164 20.9289
      vertex 38.9 107.164 19.0711
    endloop
  endfacet
  facet normal -1 0 0
    outer loop
      vertex 38.9 107.071 19.1636
      vertex 38.9 107.071 20.8364
      vertex 38.9 107.164 20.9289
    endloop
  endfacet
  facet normal -1 0 0
    outer loop
      vertex 38.9 106.989 19.2653
      vertex 38.9 107.071 20.8364
      vertex 38.9 107.071 19.1636
    endloop
  endfacet
  facet normal -1 0 0
    outer loop
      vertex 38.9 106.989 19.2653
      vertex 38.9 106.989 20.7347
      vertex 38.9 107.071 20.8364
    endloop
  endfacet
  facet normal -1 0 0
    outer loop
      vertex 38.9 106.917 19.375
      vertex 38.9 106.989 20.7347
      vertex 38.9 106.989 19.2653
    endloop
  endfacet
  facet normal -1 0 0
    outer loop
      vertex 38.9 106.917 19.375
      vertex 38.9 106.917 20.625
      vertex 38.9 106.989 20.7347
    endloop
  endfacet
  facet normal -1 0 0
    outer loop
      vertex 38.9 106.858 19.4916
      vertex 38.9 106.917 20.625
      vertex 38.9 106.917 19.375
    endloop
  endfacet
  facet normal -1 0 0
    outer loop
      vertex 38.9 106.858 19.4916
      vertex 38.9 106.858 20.5084
      vertex 38.9 106.917 20.625
    endloop
  endfacet
  facet normal -1 0 0
    outer loop
      vertex 38.9 106.811 19.6137
      vertex 38.9 106.858 20.5084
      vertex 38.9 106.858 19.4916
    endloop
  endfacet
  facet normal -1 0 0
    outer loop
      vertex 38.9 106.811 19.6137
      vertex 38.9 106.811 20.3863
      vertex 38.9 106.858 20.5084
    endloop
  endfacet
  facet normal -1 0 0
    outer loop
      vertex 38.9 106.777 19.7401
      vertex 38.9 106.811 20.3863
      vertex 38.9 106.811 19.6137
    endloop
  endfacet
  facet normal -1 0 0
    outer loop
      vertex 38.9 106.777 19.7401
      vertex 38.9 106.777 20.2599
      vertex 38.9 106.811 20.3863
    endloop
  endfacet
  facet normal -1 0 0
    outer loop
      vertex 38.9 106.757 19.8693
      vertex 38.9 106.777 20.2599
      vertex 38.9 106.777 19.7401
    endloop
  endfacet
  facet normal -1 0 0
    outer loop
      vertex 38.9 106.757 19.8693
      vertex 38.9 106.757 20.1307
      vertex 38.9 106.777 20.2599
    endloop
  endfacet
  facet normal -1 0 -0
    outer loop
      vertex 38.9 106.757 20.1307
      vertex 38.9 106.757 19.8693
      vertex 38.9 106.75 20
    endloop
  endfacet
  facet normal 0 0.998569 -0.0534811
    outer loop
      vertex 38.9 106.75 20
      vertex 29 106.757 20.1307
      vertex 38.9 106.757 20.1307
    endloop
  endfacet
  facet normal 0 0.998569 -0.0534811
    outer loop
      vertex 29 106.757 20.1307
      vertex 38.9 106.75 20
      vertex 29 106.75 20
    endloop
  endfacet
  facet normal 0 0.543378 -0.839488
    outer loop
      vertex 29 107.265 21.0113
      vertex 38.9 107.375 21.0825
      vertex 38.9 107.265 21.0113
    endloop
  endfacet
  facet normal 0 0.543378 -0.839488
    outer loop
      vertex 38.9 107.375 21.0825
      vertex 29 107.265 21.0113
      vertex 29 107.375 21.0825
    endloop
  endfacet
  facet normal 0 0.705198 -0.70901
    outer loop
      vertex 29 107.071 20.8364
      vertex 38.9 107.164 20.9289
      vertex 38.9 107.071 20.8364
    endloop
  endfacet
  facet normal 0 0.705198 -0.70901
    outer loop
      vertex 38.9 107.164 20.9289
      vertex 29 107.071 20.8364
      vertex 29 107.164 20.9289
    endloop
  endfacet
  facet normal 0 0.156945 -0.987607
    outer loop
      vertex 29 107.74 21.2227
      vertex 38.9 107.869 21.2432
      vertex 38.9 107.74 21.2227
    endloop
  endfacet
  facet normal 0 0.156945 -0.987607
    outer loop
      vertex 38.9 107.869 21.2432
      vertex 29 107.74 21.2227
      vertex 29 107.869 21.2432
    endloop
  endfacet
  facet normal 0 0.0518386 -0.998655
    outer loop
      vertex 29 107.869 21.2432
      vertex 38.9 108 21.25
      vertex 38.9 107.869 21.2432
    endloop
  endfacet
  facet normal 0 0.0518386 -0.998655
    outer loop
      vertex 38.9 108 21.25
      vertex 29 107.869 21.2432
      vertex 29 108 21.25
    endloop
  endfacet
  facet normal 0 0.778473 0.627678
    outer loop
      vertex 38.9 107.071 19.1636
      vertex 29 106.989 19.2653
      vertex 38.9 106.989 19.2653
    endloop
  endfacet
  facet normal 0 0.778473 0.627678
    outer loop
      vertex 29 106.989 19.2653
      vertex 38.9 107.071 19.1636
      vertex 29 107.071 19.1636
    endloop
  endfacet
  facet normal 0 0.892274 -0.451494
    outer loop
      vertex 38.9 106.858 20.5084
      vertex 29 106.917 20.625
      vertex 38.9 106.917 20.625
    endloop
  endfacet
  facet normal 0 0.892274 -0.451494
    outer loop
      vertex 29 106.917 20.625
      vertex 38.9 106.858 20.5084
      vertex 29 106.858 20.5084
    endloop
  endfacet
  facet normal 0 0.98823 -0.152977
    outer loop
      vertex 38.9 106.757 20.1307
      vertex 29 106.777 20.2599
      vertex 38.9 106.777 20.2599
    endloop
  endfacet
  facet normal 0 0.98823 -0.152977
    outer loop
      vertex 29 106.777 20.2599
      vertex 38.9 106.757 20.1307
      vertex 29 106.757 20.1307
    endloop
  endfacet
  facet normal 0 0.933247 0.359235
    outer loop
      vertex 38.9 106.858 19.4916
      vertex 29 106.811 19.6137
      vertex 38.9 106.811 19.6137
    endloop
  endfacet
  facet normal 0 0.933247 0.359235
    outer loop
      vertex 29 106.811 19.6137
      vertex 38.9 106.858 19.4916
      vertex 29 106.858 19.4916
    endloop
  endfacet
  facet normal 0 0.965675 0.259754
    outer loop
      vertex 38.9 106.811 19.6137
      vertex 29 106.777 19.7401
      vertex 38.9 106.777 19.7401
    endloop
  endfacet
  facet normal 0 0.965675 0.259754
    outer loop
      vertex 29 106.777 19.7401
      vertex 38.9 106.811 19.6137
      vertex 29 106.811 19.6137
    endloop
  endfacet
  facet normal 0 0.836015 -0.548706
    outer loop
      vertex 38.9 106.917 20.625
      vertex 29 106.989 20.7347
      vertex 38.9 106.989 20.7347
    endloop
  endfacet
  facet normal 0 0.836015 -0.548706
    outer loop
      vertex 29 106.989 20.7347
      vertex 38.9 106.917 20.625
      vertex 29 106.917 20.625
    endloop
  endfacet
  facet normal 0 0.778473 -0.627678
    outer loop
      vertex 38.9 106.989 20.7347
      vertex 29 107.071 20.8364
      vertex 38.9 107.071 20.8364
    endloop
  endfacet
  facet normal 0 0.778473 -0.627678
    outer loop
      vertex 29 107.071 20.8364
      vertex 38.9 106.989 20.7347
      vertex 29 106.989 20.7347
    endloop
  endfacet
  facet normal 0 0.933247 -0.359235
    outer loop
      vertex 38.9 106.811 20.3863
      vertex 29 106.858 20.5084
      vertex 38.9 106.858 20.5084
    endloop
  endfacet
  facet normal 0 0.933247 -0.359235
    outer loop
      vertex 29 106.858 20.5084
      vertex 38.9 106.811 20.3863
      vertex 29 106.811 20.3863
    endloop
  endfacet
endsolid OpenSCAD_Model
