ISO-10303-21;
HEADER;
FILE_DESCRIPTION(('Designed by EasyEDA Pro'),'2;1');
FILE_NAME('Open CASCADE Shape Model','2026-08-31T11:42:10',('Author'),(
    'Open CASCADE'),'Open CASCADE STEP processor 7.8','Open CASCADE 7.8'
  ,'Unknown');
FILE_SCHEMA(('AUTOMOTIVE_DESIGN { 1 0 10303 214 1 1 1 1 }'));
ENDSEC;
DATA;

#1 = APPLICATION_PROTOCOL_DEFINITION('international standard',  'automotive_design',2000,#2);
#2 = APPLICATION_CONTEXT(  'core data for automotive mechanical design processes');
#3 = SHAPE_DEFINITION_REPRESENTATION(#4,#10);
#4 = PRODUCT_DEFINITION_SHAPE('','',#5);
#5 = PRODUCT_DEFINITION('design','',#6,#9);
#6 = PRODUCT_DEFINITION_FORMATION('','',#7);
#7 = PRODUCT('EasyEDA PCB Model~GHZ8','EasyEDA PCB Model~GHZ8','',(#8));
#8 = PRODUCT_CONTEXT('',#2,'mechanical');
#9 = PRODUCT_DEFINITION_CONTEXT('part definition',#2,'design');
#10=SHAPE_REPRESENTATION('',(#11,#15,#19,#23,#27,#31,#35,#39),#43);
#11 = AXIS2_PLACEMENT_3D('',#12,#13,#14);
#12 = CARTESIAN_POINT('',(0.,0.,0.));
#13 = DIRECTION('',(0.,0.,1.));
#14 = DIRECTION('',(1.,0.,-0.));
#15 = AXIS2_PLACEMENT_3D('',#16,#17,#18);
#16 = CARTESIAN_POINT('',(0.,0.,0.));
#17 = DIRECTION('',(0.,0.,1.));
#18 = DIRECTION('',(1.,0.,-0.));
#19 = AXIS2_PLACEMENT_3D('',#20,#21,#22);
#20 = CARTESIAN_POINT('',(0.,0.,0.));
#21 = DIRECTION('',(0.,0.,1.));
#22 = DIRECTION('',(1.,0.,-0.));
#23 = AXIS2_PLACEMENT_3D('',#24,#25,#26);
#24 = CARTESIAN_POINT('',(0.,0.,0.));
#25 = DIRECTION('',(0.,0.,1.));
#26 = DIRECTION('',(1.,0.,-0.));
#27 = AXIS2_PLACEMENT_3D('',#28,#29,#30);
#28 = CARTESIAN_POINT('',(0.,0.,0.));
#29 = DIRECTION('',(0.,0.,1.));
#30 = DIRECTION('',(1.,0.,-0.));
#31 = AXIS2_PLACEMENT_3D('',#32,#33,#34);
#32 = CARTESIAN_POINT('',(0.,0.,0.));
#33 = DIRECTION('',(0.,0.,1.));
#34 = DIRECTION('',(1.,0.,-0.));
#35 = AXIS2_PLACEMENT_3D('',#36,#37,#38);
#36 = CARTESIAN_POINT('',(0.,0.,0.));
#37 = DIRECTION('',(0.,0.,1.));
#38 = DIRECTION('',(1.,0.,-0.));
#39 = AXIS2_PLACEMENT_3D('',#40,#41,#42);
#40 = CARTESIAN_POINT('',(0.,0.,0.));
#41 = DIRECTION('',(0.,0.,1.));
#42 = DIRECTION('',(1.,0.,-0.));
#43 = ( GEOMETRIC_REPRESENTATION_CONTEXT(3) GLOBAL_UNCERTAINTY_ASSIGNED_CONTEXT((#47)) GLOBAL_UNIT_ASSIGNED_CONTEXT((#44,#45,#46)) REPRESENTATION_CONTEXT('Context #1',  '3D Context with UNIT and UNCERTAINTY') );
#44 = ( LENGTH_UNIT() NAMED_UNIT(*) SI_UNIT(.MILLI.,.METRE.) );
#45 = ( NAMED_UNIT(*) PLANE_ANGLE_UNIT() SI_UNIT($,.RADIAN.) );
#46 = ( NAMED_UNIT(*) SI_UNIT($,.STERADIAN.) SOLID_ANGLE_UNIT() );
#47 = UNCERTAINTY_MEASURE_WITH_UNIT(LENGTH_MEASURE(1.E-07),#44,  'distance_accuracy_value','confusion accuracy');
#48 = PRODUCT_RELATED_PRODUCT_CATEGORY('part',$,(#7));
#49 = SHAPE_DEFINITION_REPRESENTATION(#50,#56);
#50 = PRODUCT_DEFINITION_SHAPE('','',#51);
#51 = PRODUCT_DEFINITION('design','',#52,#55);
#52 = PRODUCT_DEFINITION_FORMATION('','',#53);
#53 = PRODUCT('Board~GHZ8','Board~GHZ8','',(#54));
#54 = PRODUCT_CONTEXT('',#2,'mechanical');
#55 = PRODUCT_DEFINITION_CONTEXT('part definition',#2,'design');
#56 = ADVANCED_BREP_SHAPE_REPRESENTATION('',(#11,#57),#1975);
#57 = MANIFOLD_SOLID_BREP('',#58);
#58 = CLOSED_SHELL('',(#59,#101,#132,#165,#196,#229,#260,#293,#315,#357,    #381,#423,#447,#489,#513,#555,#579,#621,#645,#687,#711,#753,#777,    #819,#843,#885,#909,#951,#975,#1017,#1041,#1083,#1107,#1149,#1173,    #1215,#1239,#1281,#1305,#1347,#1371,#1413,#1437,#1479,#1503,#1545,    #1569,#1611,#1635,#1677,#1701,#1743,#1767,#1871));
#59 = ADVANCED_FACE('',(#60),#96,.T.);
#60 = FACE_BOUND('',#61,.T.);
#61 = EDGE_LOOP('',(#62,#72,#81,#89));
#62 = ORIENTED_EDGE('',*,*,#63,.T.);
#63 = EDGE_CURVE('',#64,#66,#68,.T.);
#64 = VERTEX_POINT('',#65);
#65 = CARTESIAN_POINT('',(100.01289992295,-102.0002085928,0.));
#66 = VERTEX_POINT('',#67);
#67 = CARTESIAN_POINT('',(100.01289992295,-102.0002085928,    9.004318008636E-02));
#68 = LINE('',#69,#70);
#69 = CARTESIAN_POINT('',(100.01289992295,-102.0002085928,0.));
#70 = VECTOR('',#71,1.);
#71 = DIRECTION('',(0.,0.,1.));
#72 = ORIENTED_EDGE('',*,*,#73,.T.);
#73 = EDGE_CURVE('',#66,#74,#76,.T.);
#74 = VERTEX_POINT('',#75);
#75 = CARTESIAN_POINT('',(102.00020859285,-100.0128999229,    9.004318008636E-02));
#76 = CIRCLE('',#77,1.988033641673);
#77 = AXIS2_PLACEMENT_3D('',#78,#79,#80);
#78 = CARTESIAN_POINT('',(102.00093343249,-102.0009334324,    9.004318008636E-02));
#79 = DIRECTION('',(0.,0.,-1.));
#80 = DIRECTION('',(-0.999999933533,3.646012930197E-04,0.));
#81 = ORIENTED_EDGE('',*,*,#82,.F.);
#82 = EDGE_CURVE('',#83,#74,#85,.T.);
#83 = VERTEX_POINT('',#84);
#84 = CARTESIAN_POINT('',(102.00020859285,-100.0128999229,0.));
#85 = LINE('',#86,#87);
#86 = CARTESIAN_POINT('',(102.00020859285,-100.0128999229,0.));
#87 = VECTOR('',#88,1.);
#88 = DIRECTION('',(0.,0.,1.));
#89 = ORIENTED_EDGE('',*,*,#90,.F.);
#90 = EDGE_CURVE('',#64,#83,#91,.T.);
#91 = CIRCLE('',#92,1.988033641673);
#92 = AXIS2_PLACEMENT_3D('',#93,#94,#95);
#93 = CARTESIAN_POINT('',(102.00093343249,-102.0009334324,0.));
#94 = DIRECTION('',(0.,0.,-1.));
#95 = DIRECTION('',(-0.999999933533,3.646012930197E-04,0.));
#96 = CYLINDRICAL_SURFACE('',#97,1.988033641673);
#97 = AXIS2_PLACEMENT_3D('',#98,#99,#100);
#98 = CARTESIAN_POINT('',(102.00093343249,-102.0009334324,0.));
#99 = DIRECTION('',(0.,0.,-1.));
#100 = DIRECTION('',(-0.999999933533,3.646012930197E-04,0.));
#101 = ADVANCED_FACE('',(#102),#127,.T.);
#102 = FACE_BOUND('',#103,.T.);
#103 = EDGE_LOOP('',(#104,#105,#113,#121));
#104 = ORIENTED_EDGE('',*,*,#82,.T.);
#105 = ORIENTED_EDGE('',*,*,#106,.T.);
#106 = EDGE_CURVE('',#74,#107,#109,.T.);
#107 = VERTEX_POINT('',#108);
#108 = CARTESIAN_POINT('',(148.00029128014,-100.0128999229,    9.004318008636E-02));
#109 = LINE('',#110,#111);
#110 = CARTESIAN_POINT('',(102.00020859285,-100.0128999229,    9.004318008636E-02));
#111 = VECTOR('',#112,1.);
#112 = DIRECTION('',(1.,0.,0.));
#113 = ORIENTED_EDGE('',*,*,#114,.F.);
#114 = EDGE_CURVE('',#115,#107,#117,.T.);
#115 = VERTEX_POINT('',#116);
#116 = CARTESIAN_POINT('',(148.00029128014,-100.0128999229,0.));
#117 = LINE('',#118,#119);
#118 = CARTESIAN_POINT('',(148.00029128014,-100.0128999229,0.));
#119 = VECTOR('',#120,1.);
#120 = DIRECTION('',(0.,0.,1.));
#121 = ORIENTED_EDGE('',*,*,#122,.F.);
#122 = EDGE_CURVE('',#83,#115,#123,.T.);
#123 = LINE('',#124,#125);
#124 = CARTESIAN_POINT('',(102.00020859285,-100.0128999229,0.));
#125 = VECTOR('',#126,1.);
#126 = DIRECTION('',(1.,0.,0.));
#127 = PLANE('',#128);
#128 = AXIS2_PLACEMENT_3D('',#129,#130,#131);
#129 = CARTESIAN_POINT('',(102.00020859285,-100.0128999229,0.));
#130 = DIRECTION('',(0.,1.,0.));
#131 = DIRECTION('',(1.,0.,0.));
#132 = ADVANCED_FACE('',(#133),#160,.T.);
#133 = FACE_BOUND('',#134,.T.);
#134 = EDGE_LOOP('',(#135,#136,#145,#153));
#135 = ORIENTED_EDGE('',*,*,#114,.T.);
#136 = ORIENTED_EDGE('',*,*,#137,.T.);
#137 = EDGE_CURVE('',#107,#138,#140,.T.);
#138 = VERTEX_POINT('',#139);
#139 = CARTESIAN_POINT('',(149.98759995004,-102.0002085928,    9.004318008636E-02));
#140 = CIRCLE('',#141,1.988033641673);
#141 = AXIS2_PLACEMENT_3D('',#142,#143,#144);
#142 = CARTESIAN_POINT('',(147.99956644051,-102.0009334324,    9.004318008636E-02));
#143 = DIRECTION('',(0.,0.,-1.));
#144 = DIRECTION('',(3.646012928154E-04,0.999999933533,0.));
#145 = ORIENTED_EDGE('',*,*,#146,.F.);
#146 = EDGE_CURVE('',#147,#138,#149,.T.);
#147 = VERTEX_POINT('',#148);
#148 = CARTESIAN_POINT('',(149.98759995004,-102.0002085928,0.));
#149 = LINE('',#150,#151);
#150 = CARTESIAN_POINT('',(149.98759995004,-102.0002085928,0.));
#151 = VECTOR('',#152,1.);
#152 = DIRECTION('',(0.,0.,1.));
#153 = ORIENTED_EDGE('',*,*,#154,.F.);
#154 = EDGE_CURVE('',#115,#147,#155,.T.);
#155 = CIRCLE('',#156,1.988033641673);
#156 = AXIS2_PLACEMENT_3D('',#157,#158,#159);
#157 = CARTESIAN_POINT('',(147.99956644051,-102.0009334324,0.));
#158 = DIRECTION('',(0.,0.,-1.));
#159 = DIRECTION('',(3.646012928154E-04,0.999999933533,0.));
#160 = CYLINDRICAL_SURFACE('',#161,1.988033641673);
#161 = AXIS2_PLACEMENT_3D('',#162,#163,#164);
#162 = CARTESIAN_POINT('',(147.99956644051,-102.0009334324,0.));
#163 = DIRECTION('',(0.,0.,-1.));
#164 = DIRECTION('',(3.646012928154E-04,0.999999933533,0.));
#165 = ADVANCED_FACE('',(#166),#191,.T.);
#166 = FACE_BOUND('',#167,.T.);
#167 = EDGE_LOOP('',(#168,#169,#177,#185));
#168 = ORIENTED_EDGE('',*,*,#146,.T.);
#169 = ORIENTED_EDGE('',*,*,#170,.T.);
#170 = EDGE_CURVE('',#138,#171,#173,.T.);
#171 = VERTEX_POINT('',#172);
#172 = CARTESIAN_POINT('',(149.98759995004,-148.0002912801,    9.004318008636E-02));
#173 = LINE('',#174,#175);
#174 = CARTESIAN_POINT('',(149.98759995004,-102.0002085928,    9.004318008636E-02));
#175 = VECTOR('',#176,1.);
#176 = DIRECTION('',(6.178621378491E-16,-1.,0.));
#177 = ORIENTED_EDGE('',*,*,#178,.F.);
#178 = EDGE_CURVE('',#179,#171,#181,.T.);
#179 = VERTEX_POINT('',#180);
#180 = CARTESIAN_POINT('',(149.98759995004,-148.0002912801,0.));
#181 = LINE('',#182,#183);
#182 = CARTESIAN_POINT('',(149.98759995004,-148.0002912801,0.));
#183 = VECTOR('',#184,1.);
#184 = DIRECTION('',(0.,0.,1.));
#185 = ORIENTED_EDGE('',*,*,#186,.F.);
#186 = EDGE_CURVE('',#147,#179,#187,.T.);
#187 = LINE('',#188,#189);
#188 = CARTESIAN_POINT('',(149.98759995004,-102.0002085928,0.));
#189 = VECTOR('',#190,1.);
#190 = DIRECTION('',(6.178621378491E-16,-1.,0.));
#191 = PLANE('',#192);
#192 = AXIS2_PLACEMENT_3D('',#193,#194,#195);
#193 = CARTESIAN_POINT('',(149.98759995004,-102.0002085928,0.));
#194 = DIRECTION('',(1.,6.178621378491E-16,-0.));
#195 = DIRECTION('',(6.178621378491E-16,-1.,0.));
#196 = ADVANCED_FACE('',(#197),#224,.T.);
#197 = FACE_BOUND('',#198,.T.);
#198 = EDGE_LOOP('',(#199,#200,#209,#217));
#199 = ORIENTED_EDGE('',*,*,#178,.T.);
#200 = ORIENTED_EDGE('',*,*,#201,.T.);
#201 = EDGE_CURVE('',#171,#202,#204,.T.);
#202 = VERTEX_POINT('',#203);
#203 = CARTESIAN_POINT('',(148.00029128014,-149.98759995,    9.004318008636E-02));
#204 = CIRCLE('',#205,1.988033641671);
#205 = AXIS2_PLACEMENT_3D('',#206,#207,#208);
#206 = CARTESIAN_POINT('',(147.99956644051,-147.9995664405,    9.004318008636E-02));
#207 = DIRECTION('',(0.,0.,-1.));
#208 = DIRECTION('',(0.999999933533,-3.646012920338E-04,0.));
#209 = ORIENTED_EDGE('',*,*,#210,.F.);
#210 = EDGE_CURVE('',#211,#202,#213,.T.);
#211 = VERTEX_POINT('',#212);
#212 = CARTESIAN_POINT('',(148.00029128014,-149.98759995,0.));
#213 = LINE('',#214,#215);
#214 = CARTESIAN_POINT('',(148.00029128014,-149.98759995,0.));
#215 = VECTOR('',#216,1.);
#216 = DIRECTION('',(0.,0.,1.));
#217 = ORIENTED_EDGE('',*,*,#218,.F.);
#218 = EDGE_CURVE('',#179,#211,#219,.T.);
#219 = CIRCLE('',#220,1.988033641671);
#220 = AXIS2_PLACEMENT_3D('',#221,#222,#223);
#221 = CARTESIAN_POINT('',(147.99956644051,-147.9995664405,0.));
#222 = DIRECTION('',(0.,0.,-1.));
#223 = DIRECTION('',(0.999999933533,-3.646012920338E-04,0.));
#224 = CYLINDRICAL_SURFACE('',#225,1.988033641671);
#225 = AXIS2_PLACEMENT_3D('',#226,#227,#228);
#226 = CARTESIAN_POINT('',(147.99956644051,-147.9995664405,0.));
#227 = DIRECTION('',(0.,0.,-1.));
#228 = DIRECTION('',(0.999999933533,-3.646012920338E-04,0.));
#229 = ADVANCED_FACE('',(#230),#255,.T.);
#230 = FACE_BOUND('',#231,.T.);
#231 = EDGE_LOOP('',(#232,#233,#241,#249));
#232 = ORIENTED_EDGE('',*,*,#210,.T.);
#233 = ORIENTED_EDGE('',*,*,#234,.T.);
#234 = EDGE_CURVE('',#202,#235,#237,.T.);
#235 = VERTEX_POINT('',#236);
#236 = CARTESIAN_POINT('',(102.00020859285,-149.98759995,    9.004318008636E-02));
#237 = LINE('',#238,#239);
#238 = CARTESIAN_POINT('',(148.00029128014,-149.98759995,    9.004318008636E-02));
#239 = VECTOR('',#240,1.);
#240 = DIRECTION('',(-1.,-6.178621378491E-16,0.));
#241 = ORIENTED_EDGE('',*,*,#242,.F.);
#242 = EDGE_CURVE('',#243,#235,#245,.T.);
#243 = VERTEX_POINT('',#244);
#244 = CARTESIAN_POINT('',(102.00020859285,-149.98759995,0.));
#245 = LINE('',#246,#247);
#246 = CARTESIAN_POINT('',(102.00020859285,-149.98759995,0.));
#247 = VECTOR('',#248,1.);
#248 = DIRECTION('',(0.,0.,1.));
#249 = ORIENTED_EDGE('',*,*,#250,.F.);
#250 = EDGE_CURVE('',#211,#243,#251,.T.);
#251 = LINE('',#252,#253);
#252 = CARTESIAN_POINT('',(148.00029128014,-149.98759995,0.));
#253 = VECTOR('',#254,1.);
#254 = DIRECTION('',(-1.,-6.178621378491E-16,0.));
#255 = PLANE('',#256);
#256 = AXIS2_PLACEMENT_3D('',#257,#258,#259);
#257 = CARTESIAN_POINT('',(148.00029128014,-149.98759995,0.));
#258 = DIRECTION('',(6.178621378491E-16,-1.,0.));
#259 = DIRECTION('',(-1.,-6.178621378491E-16,0.));
#260 = ADVANCED_FACE('',(#261),#288,.T.);
#261 = FACE_BOUND('',#262,.T.);
#262 = EDGE_LOOP('',(#263,#264,#273,#281));
#263 = ORIENTED_EDGE('',*,*,#242,.T.);
#264 = ORIENTED_EDGE('',*,*,#265,.T.);
#265 = EDGE_CURVE('',#235,#266,#268,.T.);
#266 = VERTEX_POINT('',#267);
#267 = CARTESIAN_POINT('',(100.01289992295,-148.0002912801,    9.004318008636E-02));
#268 = CIRCLE('',#269,1.988033641673);
#269 = AXIS2_PLACEMENT_3D('',#270,#271,#272);
#270 = CARTESIAN_POINT('',(102.00093343249,-147.9995664405,    9.004318008636E-02));
#271 = DIRECTION('',(0.,0.,-1.));
#272 = DIRECTION('',(-3.646012928176E-04,-0.999999933533,-0.));
#273 = ORIENTED_EDGE('',*,*,#274,.F.);
#274 = EDGE_CURVE('',#275,#266,#277,.T.);
#275 = VERTEX_POINT('',#276);
#276 = CARTESIAN_POINT('',(100.01289992295,-148.0002912801,0.));
#277 = LINE('',#278,#279);
#278 = CARTESIAN_POINT('',(100.01289992295,-148.0002912801,0.));
#279 = VECTOR('',#280,1.);
#280 = DIRECTION('',(0.,0.,1.));
#281 = ORIENTED_EDGE('',*,*,#282,.F.);
#282 = EDGE_CURVE('',#243,#275,#283,.T.);
#283 = CIRCLE('',#284,1.988033641673);
#284 = AXIS2_PLACEMENT_3D('',#285,#286,#287);
#285 = CARTESIAN_POINT('',(102.00093343249,-147.9995664405,0.));
#286 = DIRECTION('',(0.,0.,-1.));
#287 = DIRECTION('',(-3.646012928176E-04,-0.999999933533,-0.));
#288 = CYLINDRICAL_SURFACE('',#289,1.988033641673);
#289 = AXIS2_PLACEMENT_3D('',#290,#291,#292);
#290 = CARTESIAN_POINT('',(102.00093343249,-147.9995664405,0.));
#291 = DIRECTION('',(0.,0.,-1.));
#292 = DIRECTION('',(-3.646012928176E-04,-0.999999933533,-0.));
#293 = ADVANCED_FACE('',(#294),#310,.T.);
#294 = FACE_BOUND('',#295,.T.);
#295 = EDGE_LOOP('',(#296,#297,#303,#304));
#296 = ORIENTED_EDGE('',*,*,#274,.T.);
#297 = ORIENTED_EDGE('',*,*,#298,.T.);
#298 = EDGE_CURVE('',#266,#66,#299,.T.);
#299 = LINE('',#300,#301);
#300 = CARTESIAN_POINT('',(100.01289992295,-148.0002912801,    9.004318008636E-02));
#301 = VECTOR('',#302,1.);
#302 = DIRECTION('',(3.089310689245E-16,1.,0.));
#303 = ORIENTED_EDGE('',*,*,#63,.F.);
#304 = ORIENTED_EDGE('',*,*,#305,.F.);
#305 = EDGE_CURVE('',#275,#64,#306,.T.);
#306 = LINE('',#307,#308);
#307 = CARTESIAN_POINT('',(100.01289992295,-148.0002912801,0.));
#308 = VECTOR('',#309,1.);
#309 = DIRECTION('',(3.089310689245E-16,1.,0.));
#310 = PLANE('',#311);
#311 = AXIS2_PLACEMENT_3D('',#312,#313,#314);
#312 = CARTESIAN_POINT('',(100.01289992295,-148.0002912801,0.));
#313 = DIRECTION('',(-1.,3.089310689245E-16,0.));
#314 = DIRECTION('',(3.089310689245E-16,1.,0.));
#315 = ADVANCED_FACE('',(#316),#352,.F.);
#316 = FACE_BOUND('',#317,.T.);
#317 = EDGE_LOOP('',(#318,#328,#337,#345));
#318 = ORIENTED_EDGE('',*,*,#319,.T.);
#319 = EDGE_CURVE('',#320,#322,#324,.T.);
#320 = VERTEX_POINT('',#321);
#321 = CARTESIAN_POINT('',(105.10021017542,-103.5002070004,0.));
#322 = VERTEX_POINT('',#323);
#323 = CARTESIAN_POINT('',(105.10021017542,-103.5002070004,    9.004318008636E-02));
#324 = LINE('',#325,#326);
#325 = CARTESIAN_POINT('',(105.10021017542,-103.5002070004,0.));
#326 = VECTOR('',#327,1.);
#327 = DIRECTION('',(0.,0.,1.));
#328 = ORIENTED_EDGE('',*,*,#329,.T.);
#329 = EDGE_CURVE('',#322,#330,#332,.T.);
#330 = VERTEX_POINT('',#331);
#331 = CARTESIAN_POINT('',(101.9002038254,-103.5002070004,    9.004318008636E-02));
#332 = CIRCLE('',#333,1.600003175006);
#333 = AXIS2_PLACEMENT_3D('',#334,#335,#336);
#334 = CARTESIAN_POINT('',(103.50020700041,-103.5002070004,    9.004318008636E-02));
#335 = DIRECTION('',(0.,0.,1.));
#336 = DIRECTION('',(1.,1.110223024625E-16,-0.));
#337 = ORIENTED_EDGE('',*,*,#338,.F.);
#338 = EDGE_CURVE('',#339,#330,#341,.T.);
#339 = VERTEX_POINT('',#340);
#340 = CARTESIAN_POINT('',(101.9002038254,-103.5002070004,0.));
#341 = LINE('',#342,#343);
#342 = CARTESIAN_POINT('',(101.9002038254,-103.5002070004,0.));
#343 = VECTOR('',#344,1.);
#344 = DIRECTION('',(0.,0.,1.));
#345 = ORIENTED_EDGE('',*,*,#346,.F.);
#346 = EDGE_CURVE('',#320,#339,#347,.T.);
#347 = CIRCLE('',#348,1.600003175006);
#348 = AXIS2_PLACEMENT_3D('',#349,#350,#351);
#349 = CARTESIAN_POINT('',(103.50020700041,-103.5002070004,0.));
#350 = DIRECTION('',(0.,0.,1.));
#351 = DIRECTION('',(1.,1.110223024625E-16,-0.));
#352 = CYLINDRICAL_SURFACE('',#353,1.600003175006);
#353 = AXIS2_PLACEMENT_3D('',#354,#355,#356);
#354 = CARTESIAN_POINT('',(103.50020700041,-103.5002070004,0.));
#355 = DIRECTION('',(-0.,-0.,-1.));
#356 = DIRECTION('',(1.,1.110223024625E-16,-0.));
#357 = ADVANCED_FACE('',(#358),#376,.F.);
#358 = FACE_BOUND('',#359,.T.);
#359 = EDGE_LOOP('',(#360,#361,#368,#369));
#360 = ORIENTED_EDGE('',*,*,#338,.T.);
#361 = ORIENTED_EDGE('',*,*,#362,.T.);
#362 = EDGE_CURVE('',#330,#322,#363,.T.);
#363 = CIRCLE('',#364,1.600003175006);
#364 = AXIS2_PLACEMENT_3D('',#365,#366,#367);
#365 = CARTESIAN_POINT('',(103.50020700041,-103.5002070004,    9.004318008636E-02));
#366 = DIRECTION('',(0.,0.,1.));
#367 = DIRECTION('',(-1.,-1.110223024625E-16,0.));
#368 = ORIENTED_EDGE('',*,*,#319,.F.);
#369 = ORIENTED_EDGE('',*,*,#370,.F.);
#370 = EDGE_CURVE('',#339,#320,#371,.T.);
#371 = CIRCLE('',#372,1.600003175006);
#372 = AXIS2_PLACEMENT_3D('',#373,#374,#375);
#373 = CARTESIAN_POINT('',(103.50020700041,-103.5002070004,0.));
#374 = DIRECTION('',(0.,0.,1.));
#375 = DIRECTION('',(-1.,-1.110223024625E-16,0.));
#376 = CYLINDRICAL_SURFACE('',#377,1.600003175006);
#377 = AXIS2_PLACEMENT_3D('',#378,#379,#380);
#378 = CARTESIAN_POINT('',(103.50020700041,-103.5002070004,0.));
#379 = DIRECTION('',(-0.,-0.,-1.));
#380 = DIRECTION('',(-1.,-1.110223024625E-16,0.));
#381 = ADVANCED_FACE('',(#382),#418,.F.);
#382 = FACE_BOUND('',#383,.T.);
#383 = EDGE_LOOP('',(#384,#394,#403,#411));
#384 = ORIENTED_EDGE('',*,*,#385,.T.);
#385 = EDGE_CURVE('',#386,#388,#390,.T.);
#386 = VERTEX_POINT('',#387);
#387 = CARTESIAN_POINT('',(105.10021017542,-146.5002930005,0.));
#388 = VERTEX_POINT('',#389);
#389 = CARTESIAN_POINT('',(105.10021017542,-146.5002930005,    9.004318008636E-02));
#390 = LINE('',#391,#392);
#391 = CARTESIAN_POINT('',(105.10021017542,-146.5002930005,0.));
#392 = VECTOR('',#393,1.);
#393 = DIRECTION('',(0.,0.,1.));
#394 = ORIENTED_EDGE('',*,*,#395,.T.);
#395 = EDGE_CURVE('',#388,#396,#398,.T.);
#396 = VERTEX_POINT('',#397);
#397 = CARTESIAN_POINT('',(101.9002038254,-146.5002930005,    9.004318008636E-02));
#398 = CIRCLE('',#399,1.600003175006);
#399 = AXIS2_PLACEMENT_3D('',#400,#401,#402);
#400 = CARTESIAN_POINT('',(103.50020700041,-146.5002930005,    9.004318008636E-02));
#401 = DIRECTION('',(0.,0.,1.));
#402 = DIRECTION('',(1.,1.110223024625E-16,-0.));
#403 = ORIENTED_EDGE('',*,*,#404,.F.);
#404 = EDGE_CURVE('',#405,#396,#407,.T.);
#405 = VERTEX_POINT('',#406);
#406 = CARTESIAN_POINT('',(101.9002038254,-146.5002930005,0.));
#407 = LINE('',#408,#409);
#408 = CARTESIAN_POINT('',(101.9002038254,-146.5002930005,0.));
#409 = VECTOR('',#410,1.);
#410 = DIRECTION('',(0.,0.,1.));
#411 = ORIENTED_EDGE('',*,*,#412,.F.);
#412 = EDGE_CURVE('',#386,#405,#413,.T.);
#413 = CIRCLE('',#414,1.600003175006);
#414 = AXIS2_PLACEMENT_3D('',#415,#416,#417);
#415 = CARTESIAN_POINT('',(103.50020700041,-146.5002930005,0.));
#416 = DIRECTION('',(0.,0.,1.));
#417 = DIRECTION('',(1.,1.110223024625E-16,-0.));
#418 = CYLINDRICAL_SURFACE('',#419,1.600003175006);
#419 = AXIS2_PLACEMENT_3D('',#420,#421,#422);
#420 = CARTESIAN_POINT('',(103.50020700041,-146.5002930005,0.));
#421 = DIRECTION('',(-0.,-0.,-1.));
#422 = DIRECTION('',(1.,1.110223024625E-16,-0.));
#423 = ADVANCED_FACE('',(#424),#442,.F.);
#424 = FACE_BOUND('',#425,.T.);
#425 = EDGE_LOOP('',(#426,#427,#434,#435));
#426 = ORIENTED_EDGE('',*,*,#404,.T.);
#427 = ORIENTED_EDGE('',*,*,#428,.T.);
#428 = EDGE_CURVE('',#396,#388,#429,.T.);
#429 = CIRCLE('',#430,1.600003175006);
#430 = AXIS2_PLACEMENT_3D('',#431,#432,#433);
#431 = CARTESIAN_POINT('',(103.50020700041,-146.5002930005,    9.004318008636E-02));
#432 = DIRECTION('',(0.,0.,1.));
#433 = DIRECTION('',(-1.,-1.110223024625E-16,0.));
#434 = ORIENTED_EDGE('',*,*,#385,.F.);
#435 = ORIENTED_EDGE('',*,*,#436,.F.);
#436 = EDGE_CURVE('',#405,#386,#437,.T.);
#437 = CIRCLE('',#438,1.600003175006);
#438 = AXIS2_PLACEMENT_3D('',#439,#440,#441);
#439 = CARTESIAN_POINT('',(103.50020700041,-146.5002930005,0.));
#440 = DIRECTION('',(0.,0.,1.));
#441 = DIRECTION('',(-1.,-1.110223024625E-16,0.));
#442 = CYLINDRICAL_SURFACE('',#443,1.600003175006);
#443 = AXIS2_PLACEMENT_3D('',#444,#445,#446);
#444 = CARTESIAN_POINT('',(103.50020700041,-146.5002930005,0.));
#445 = DIRECTION('',(-0.,-0.,-1.));
#446 = DIRECTION('',(-1.,-1.110223024625E-16,0.));
#447 = ADVANCED_FACE('',(#448),#484,.F.);
#448 = FACE_BOUND('',#449,.T.);
#449 = EDGE_LOOP('',(#450,#460,#469,#477));
#450 = ORIENTED_EDGE('',*,*,#451,.T.);
#451 = EDGE_CURVE('',#452,#454,#456,.T.);
#452 = VERTEX_POINT('',#453);
#453 = CARTESIAN_POINT('',(116.58523310946,-116.1102322204,0.));
#454 = VERTEX_POINT('',#455);
#455 = CARTESIAN_POINT('',(116.58523310946,-116.1102322204,    9.004318008636E-02));
#456 = LINE('',#457,#458);
#457 = CARTESIAN_POINT('',(116.58523310946,-116.1102322204,0.));
#458 = VECTOR('',#459,1.);
#459 = DIRECTION('',(0.,0.,1.));
#460 = ORIENTED_EDGE('',*,*,#461,.T.);
#461 = EDGE_CURVE('',#454,#462,#464,.T.);
#462 = VERTEX_POINT('',#463);
#463 = CARTESIAN_POINT('',(115.63523133146,-116.1102322204,    9.004318008636E-02));
#464 = CIRCLE('',#465,0.475000889002);
#465 = AXIS2_PLACEMENT_3D('',#466,#467,#468);
#466 = CARTESIAN_POINT('',(116.11023222046,-116.1102322204,    9.004318008636E-02));
#467 = DIRECTION('',(0.,0.,1.));
#468 = DIRECTION('',(1.,1.110223024625E-16,-0.));
#469 = ORIENTED_EDGE('',*,*,#470,.F.);
#470 = EDGE_CURVE('',#471,#462,#473,.T.);
#471 = VERTEX_POINT('',#472);
#472 = CARTESIAN_POINT('',(115.63523133146,-116.1102322204,0.));
#473 = LINE('',#474,#475);
#474 = CARTESIAN_POINT('',(115.63523133146,-116.1102322204,0.));
#475 = VECTOR('',#476,1.);
#476 = DIRECTION('',(0.,0.,1.));
#477 = ORIENTED_EDGE('',*,*,#478,.F.);
#478 = EDGE_CURVE('',#452,#471,#479,.T.);
#479 = CIRCLE('',#480,0.475000889002);
#480 = AXIS2_PLACEMENT_3D('',#481,#482,#483);
#481 = CARTESIAN_POINT('',(116.11023222046,-116.1102322204,0.));
#482 = DIRECTION('',(0.,0.,1.));
#483 = DIRECTION('',(1.,1.110223024625E-16,-0.));
#484 = CYLINDRICAL_SURFACE('',#485,0.475000889002);
#485 = AXIS2_PLACEMENT_3D('',#486,#487,#488);
#486 = CARTESIAN_POINT('',(116.11023222046,-116.1102322204,0.));
#487 = DIRECTION('',(-0.,-0.,-1.));
#488 = DIRECTION('',(1.,1.110223024625E-16,-0.));
#489 = ADVANCED_FACE('',(#490),#508,.F.);
#490 = FACE_BOUND('',#491,.T.);
#491 = EDGE_LOOP('',(#492,#493,#500,#501));
#492 = ORIENTED_EDGE('',*,*,#470,.T.);
#493 = ORIENTED_EDGE('',*,*,#494,.T.);
#494 = EDGE_CURVE('',#462,#454,#495,.T.);
#495 = CIRCLE('',#496,0.475000889002);
#496 = AXIS2_PLACEMENT_3D('',#497,#498,#499);
#497 = CARTESIAN_POINT('',(116.11023222046,-116.1102322204,    9.004318008636E-02));
#498 = DIRECTION('',(0.,0.,1.));
#499 = DIRECTION('',(-1.,-1.110223024625E-16,0.));
#500 = ORIENTED_EDGE('',*,*,#451,.F.);
#501 = ORIENTED_EDGE('',*,*,#502,.F.);
#502 = EDGE_CURVE('',#471,#452,#503,.T.);
#503 = CIRCLE('',#504,0.475000889002);
#504 = AXIS2_PLACEMENT_3D('',#505,#506,#507);
#505 = CARTESIAN_POINT('',(116.11023222046,-116.1102322204,0.));
#506 = DIRECTION('',(0.,0.,1.));
#507 = DIRECTION('',(-1.,-1.110223024625E-16,0.));
#508 = CYLINDRICAL_SURFACE('',#509,0.475000889002);
#509 = AXIS2_PLACEMENT_3D('',#510,#511,#512);
#510 = CARTESIAN_POINT('',(116.11023222046,-116.1102322204,0.));
#511 = DIRECTION('',(-0.,-0.,-1.));
#512 = DIRECTION('',(-1.,-1.110223024625E-16,0.));
#513 = ADVANCED_FACE('',(#514),#550,.F.);
#514 = FACE_BOUND('',#515,.T.);
#515 = EDGE_LOOP('',(#516,#526,#535,#543));
#516 = ORIENTED_EDGE('',*,*,#517,.T.);
#517 = EDGE_CURVE('',#518,#520,#522,.T.);
#518 = VERTEX_POINT('',#519);
#519 = CARTESIAN_POINT('',(116.58523310946,-118.6502373004,0.));
#520 = VERTEX_POINT('',#521);
#521 = CARTESIAN_POINT('',(116.58523310946,-118.6502373004,    9.004318008636E-02));
#522 = LINE('',#523,#524);
#523 = CARTESIAN_POINT('',(116.58523310946,-118.6502373004,0.));
#524 = VECTOR('',#525,1.);
#525 = DIRECTION('',(0.,0.,1.));
#526 = ORIENTED_EDGE('',*,*,#527,.T.);
#527 = EDGE_CURVE('',#520,#528,#530,.T.);
#528 = VERTEX_POINT('',#529);
#529 = CARTESIAN_POINT('',(115.63523133146,-118.6502373004,    9.004318008636E-02));
#530 = CIRCLE('',#531,0.475000889002);
#531 = AXIS2_PLACEMENT_3D('',#532,#533,#534);
#532 = CARTESIAN_POINT('',(116.11023222046,-118.6502373004,    9.004318008636E-02));
#533 = DIRECTION('',(0.,0.,1.));
#534 = DIRECTION('',(1.,1.110223024625E-16,-0.));
#535 = ORIENTED_EDGE('',*,*,#536,.F.);
#536 = EDGE_CURVE('',#537,#528,#539,.T.);
#537 = VERTEX_POINT('',#538);
#538 = CARTESIAN_POINT('',(115.63523133146,-118.6502373004,0.));
#539 = LINE('',#540,#541);
#540 = CARTESIAN_POINT('',(115.63523133146,-118.6502373004,0.));
#541 = VECTOR('',#542,1.);
#542 = DIRECTION('',(0.,0.,1.));
#543 = ORIENTED_EDGE('',*,*,#544,.F.);
#544 = EDGE_CURVE('',#518,#537,#545,.T.);
#545 = CIRCLE('',#546,0.475000889002);
#546 = AXIS2_PLACEMENT_3D('',#547,#548,#549);
#547 = CARTESIAN_POINT('',(116.11023222046,-118.6502373004,0.));
#548 = DIRECTION('',(0.,0.,1.));
#549 = DIRECTION('',(1.,1.110223024625E-16,-0.));
#550 = CYLINDRICAL_SURFACE('',#551,0.475000889002);
#551 = AXIS2_PLACEMENT_3D('',#552,#553,#554);
#552 = CARTESIAN_POINT('',(116.11023222046,-118.6502373004,0.));
#553 = DIRECTION('',(-0.,-0.,-1.));
#554 = DIRECTION('',(1.,1.110223024625E-16,-0.));
#555 = ADVANCED_FACE('',(#556),#574,.F.);
#556 = FACE_BOUND('',#557,.T.);
#557 = EDGE_LOOP('',(#558,#559,#566,#567));
#558 = ORIENTED_EDGE('',*,*,#536,.T.);
#559 = ORIENTED_EDGE('',*,*,#560,.T.);
#560 = EDGE_CURVE('',#528,#520,#561,.T.);
#561 = CIRCLE('',#562,0.475000889002);
#562 = AXIS2_PLACEMENT_3D('',#563,#564,#565);
#563 = CARTESIAN_POINT('',(116.11023222046,-118.6502373004,    9.004318008636E-02));
#564 = DIRECTION('',(0.,0.,1.));
#565 = DIRECTION('',(-1.,-1.110223024625E-16,0.));
#566 = ORIENTED_EDGE('',*,*,#517,.F.);
#567 = ORIENTED_EDGE('',*,*,#568,.F.);
#568 = EDGE_CURVE('',#537,#518,#569,.T.);
#569 = CIRCLE('',#570,0.475000889002);
#570 = AXIS2_PLACEMENT_3D('',#571,#572,#573);
#571 = CARTESIAN_POINT('',(116.11023222046,-118.6502373004,0.));
#572 = DIRECTION('',(0.,0.,1.));
#573 = DIRECTION('',(-1.,-1.110223024625E-16,0.));
#574 = CYLINDRICAL_SURFACE('',#575,0.475000889002);
#575 = AXIS2_PLACEMENT_3D('',#576,#577,#578);
#576 = CARTESIAN_POINT('',(116.11023222046,-118.6502373004,0.));
#577 = DIRECTION('',(-0.,-0.,-1.));
#578 = DIRECTION('',(-1.,-1.110223024625E-16,0.));
#579 = ADVANCED_FACE('',(#580),#616,.F.);
#580 = FACE_BOUND('',#581,.T.);
#581 = EDGE_LOOP('',(#582,#592,#601,#609));
#582 = ORIENTED_EDGE('',*,*,#583,.T.);
#583 = EDGE_CURVE('',#584,#586,#588,.T.);
#584 = VERTEX_POINT('',#585);
#585 = CARTESIAN_POINT('',(116.58523310946,-121.1902423804,0.));
#586 = VERTEX_POINT('',#587);
#587 = CARTESIAN_POINT('',(116.58523310946,-121.1902423804,    9.004318008636E-02));
#588 = LINE('',#589,#590);
#589 = CARTESIAN_POINT('',(116.58523310946,-121.1902423804,0.));
#590 = VECTOR('',#591,1.);
#591 = DIRECTION('',(0.,0.,1.));
#592 = ORIENTED_EDGE('',*,*,#593,.T.);
#593 = EDGE_CURVE('',#586,#594,#596,.T.);
#594 = VERTEX_POINT('',#595);
#595 = CARTESIAN_POINT('',(115.63523133146,-121.1902423804,    9.004318008636E-02));
#596 = CIRCLE('',#597,0.475000889002);
#597 = AXIS2_PLACEMENT_3D('',#598,#599,#600);
#598 = CARTESIAN_POINT('',(116.11023222046,-121.1902423804,    9.004318008636E-02));
#599 = DIRECTION('',(0.,0.,1.));
#600 = DIRECTION('',(1.,1.110223024625E-16,-0.));
#601 = ORIENTED_EDGE('',*,*,#602,.F.);
#602 = EDGE_CURVE('',#603,#594,#605,.T.);
#603 = VERTEX_POINT('',#604);
#604 = CARTESIAN_POINT('',(115.63523133146,-121.1902423804,0.));
#605 = LINE('',#606,#607);
#606 = CARTESIAN_POINT('',(115.63523133146,-121.1902423804,0.));
#607 = VECTOR('',#608,1.);
#608 = DIRECTION('',(0.,0.,1.));
#609 = ORIENTED_EDGE('',*,*,#610,.F.);
#610 = EDGE_CURVE('',#584,#603,#611,.T.);
#611 = CIRCLE('',#612,0.475000889002);
#612 = AXIS2_PLACEMENT_3D('',#613,#614,#615);
#613 = CARTESIAN_POINT('',(116.11023222046,-121.1902423804,0.));
#614 = DIRECTION('',(0.,0.,1.));
#615 = DIRECTION('',(1.,1.110223024625E-16,-0.));
#616 = CYLINDRICAL_SURFACE('',#617,0.475000889002);
#617 = AXIS2_PLACEMENT_3D('',#618,#619,#620);
#618 = CARTESIAN_POINT('',(116.11023222046,-121.1902423804,0.));
#619 = DIRECTION('',(-0.,-0.,-1.));
#620 = DIRECTION('',(1.,1.110223024625E-16,-0.));
#621 = ADVANCED_FACE('',(#622),#640,.F.);
#622 = FACE_BOUND('',#623,.T.);
#623 = EDGE_LOOP('',(#624,#625,#632,#633));
#624 = ORIENTED_EDGE('',*,*,#602,.T.);
#625 = ORIENTED_EDGE('',*,*,#626,.T.);
#626 = EDGE_CURVE('',#594,#586,#627,.T.);
#627 = CIRCLE('',#628,0.475000889002);
#628 = AXIS2_PLACEMENT_3D('',#629,#630,#631);
#629 = CARTESIAN_POINT('',(116.11023222046,-121.1902423804,    9.004318008636E-02));
#630 = DIRECTION('',(0.,0.,1.));
#631 = DIRECTION('',(-1.,-1.110223024625E-16,0.));
#632 = ORIENTED_EDGE('',*,*,#583,.F.);
#633 = ORIENTED_EDGE('',*,*,#634,.F.);
#634 = EDGE_CURVE('',#603,#584,#635,.T.);
#635 = CIRCLE('',#636,0.475000889002);
#636 = AXIS2_PLACEMENT_3D('',#637,#638,#639);
#637 = CARTESIAN_POINT('',(116.11023222046,-121.1902423804,0.));
#638 = DIRECTION('',(0.,0.,1.));
#639 = DIRECTION('',(-1.,-1.110223024625E-16,0.));
#640 = CYLINDRICAL_SURFACE('',#641,0.475000889002);
#641 = AXIS2_PLACEMENT_3D('',#642,#643,#644);
#642 = CARTESIAN_POINT('',(116.11023222046,-121.1902423804,0.));
#643 = DIRECTION('',(-0.,-0.,-1.));
#644 = DIRECTION('',(-1.,-1.110223024625E-16,0.));
#645 = ADVANCED_FACE('',(#646),#682,.F.);
#646 = FACE_BOUND('',#647,.T.);
#647 = EDGE_LOOP('',(#648,#658,#667,#675));
#648 = ORIENTED_EDGE('',*,*,#649,.T.);
#649 = EDGE_CURVE('',#650,#652,#654,.T.);
#650 = VERTEX_POINT('',#651);
#651 = CARTESIAN_POINT('',(116.58523310946,-123.7302474604,0.));
#652 = VERTEX_POINT('',#653);
#653 = CARTESIAN_POINT('',(116.58523310946,-123.7302474604,    9.004318008636E-02));
#654 = LINE('',#655,#656);
#655 = CARTESIAN_POINT('',(116.58523310946,-123.7302474604,0.));
#656 = VECTOR('',#657,1.);
#657 = DIRECTION('',(0.,0.,1.));
#658 = ORIENTED_EDGE('',*,*,#659,.T.);
#659 = EDGE_CURVE('',#652,#660,#662,.T.);
#660 = VERTEX_POINT('',#661);
#661 = CARTESIAN_POINT('',(115.63523133146,-123.7302474604,    9.004318008636E-02));
#662 = CIRCLE('',#663,0.475000889002);
#663 = AXIS2_PLACEMENT_3D('',#664,#665,#666);
#664 = CARTESIAN_POINT('',(116.11023222046,-123.7302474604,    9.004318008636E-02));
#665 = DIRECTION('',(0.,0.,1.));
#666 = DIRECTION('',(1.,1.110223024625E-16,-0.));
#667 = ORIENTED_EDGE('',*,*,#668,.F.);
#668 = EDGE_CURVE('',#669,#660,#671,.T.);
#669 = VERTEX_POINT('',#670);
#670 = CARTESIAN_POINT('',(115.63523133146,-123.7302474604,0.));
#671 = LINE('',#672,#673);
#672 = CARTESIAN_POINT('',(115.63523133146,-123.7302474604,0.));
#673 = VECTOR('',#674,1.);
#674 = DIRECTION('',(0.,0.,1.));
#675 = ORIENTED_EDGE('',*,*,#676,.F.);
#676 = EDGE_CURVE('',#650,#669,#677,.T.);
#677 = CIRCLE('',#678,0.475000889002);
#678 = AXIS2_PLACEMENT_3D('',#679,#680,#681);
#679 = CARTESIAN_POINT('',(116.11023222046,-123.7302474604,0.));
#680 = DIRECTION('',(0.,0.,1.));
#681 = DIRECTION('',(1.,1.110223024625E-16,-0.));
#682 = CYLINDRICAL_SURFACE('',#683,0.475000889002);
#683 = AXIS2_PLACEMENT_3D('',#684,#685,#686);
#684 = CARTESIAN_POINT('',(116.11023222046,-123.7302474604,0.));
#685 = DIRECTION('',(-0.,-0.,-1.));
#686 = DIRECTION('',(1.,1.110223024625E-16,-0.));
#687 = ADVANCED_FACE('',(#688),#706,.F.);
#688 = FACE_BOUND('',#689,.T.);
#689 = EDGE_LOOP('',(#690,#691,#698,#699));
#690 = ORIENTED_EDGE('',*,*,#668,.T.);
#691 = ORIENTED_EDGE('',*,*,#692,.T.);
#692 = EDGE_CURVE('',#660,#652,#693,.T.);
#693 = CIRCLE('',#694,0.475000889002);
#694 = AXIS2_PLACEMENT_3D('',#695,#696,#697);
#695 = CARTESIAN_POINT('',(116.11023222046,-123.7302474604,    9.004318008636E-02));
#696 = DIRECTION('',(0.,0.,1.));
#697 = DIRECTION('',(-1.,-1.110223024625E-16,0.));
#698 = ORIENTED_EDGE('',*,*,#649,.F.);
#699 = ORIENTED_EDGE('',*,*,#700,.F.);
#700 = EDGE_CURVE('',#669,#650,#701,.T.);
#701 = CIRCLE('',#702,0.475000889002);
#702 = AXIS2_PLACEMENT_3D('',#703,#704,#705);
#703 = CARTESIAN_POINT('',(116.11023222046,-123.7302474604,0.));
#704 = DIRECTION('',(0.,0.,1.));
#705 = DIRECTION('',(-1.,-1.110223024625E-16,0.));
#706 = CYLINDRICAL_SURFACE('',#707,0.475000889002);
#707 = AXIS2_PLACEMENT_3D('',#708,#709,#710);
#708 = CARTESIAN_POINT('',(116.11023222046,-123.7302474604,0.));
#709 = DIRECTION('',(-0.,-0.,-1.));
#710 = DIRECTION('',(-1.,-1.110223024625E-16,0.));
#711 = ADVANCED_FACE('',(#712),#748,.F.);
#712 = FACE_BOUND('',#713,.T.);
#713 = EDGE_LOOP('',(#714,#724,#733,#741));
#714 = ORIENTED_EDGE('',*,*,#715,.T.);
#715 = EDGE_CURVE('',#716,#718,#720,.T.);
#716 = VERTEX_POINT('',#717);
#717 = CARTESIAN_POINT('',(116.58523310946,-126.2702525405,0.));
#718 = VERTEX_POINT('',#719);
#719 = CARTESIAN_POINT('',(116.58523310946,-126.2702525405,    9.004318008636E-02));
#720 = LINE('',#721,#722);
#721 = CARTESIAN_POINT('',(116.58523310946,-126.2702525405,0.));
#722 = VECTOR('',#723,1.);
#723 = DIRECTION('',(0.,0.,1.));
#724 = ORIENTED_EDGE('',*,*,#725,.T.);
#725 = EDGE_CURVE('',#718,#726,#728,.T.);
#726 = VERTEX_POINT('',#727);
#727 = CARTESIAN_POINT('',(115.63523133146,-126.2702525405,    9.004318008636E-02));
#728 = CIRCLE('',#729,0.475000889002);
#729 = AXIS2_PLACEMENT_3D('',#730,#731,#732);
#730 = CARTESIAN_POINT('',(116.11023222046,-126.2702525405,    9.004318008636E-02));
#731 = DIRECTION('',(0.,0.,1.));
#732 = DIRECTION('',(1.,1.110223024625E-16,-0.));
#733 = ORIENTED_EDGE('',*,*,#734,.F.);
#734 = EDGE_CURVE('',#735,#726,#737,.T.);
#735 = VERTEX_POINT('',#736);
#736 = CARTESIAN_POINT('',(115.63523133146,-126.2702525405,0.));
#737 = LINE('',#738,#739);
#738 = CARTESIAN_POINT('',(115.63523133146,-126.2702525405,0.));
#739 = VECTOR('',#740,1.);
#740 = DIRECTION('',(0.,0.,1.));
#741 = ORIENTED_EDGE('',*,*,#742,.F.);
#742 = EDGE_CURVE('',#716,#735,#743,.T.);
#743 = CIRCLE('',#744,0.475000889002);
#744 = AXIS2_PLACEMENT_3D('',#745,#746,#747);
#745 = CARTESIAN_POINT('',(116.11023222046,-126.2702525405,0.));
#746 = DIRECTION('',(0.,0.,1.));
#747 = DIRECTION('',(1.,1.110223024625E-16,-0.));
#748 = CYLINDRICAL_SURFACE('',#749,0.475000889002);
#749 = AXIS2_PLACEMENT_3D('',#750,#751,#752);
#750 = CARTESIAN_POINT('',(116.11023222046,-126.2702525405,0.));
#751 = DIRECTION('',(-0.,-0.,-1.));
#752 = DIRECTION('',(1.,1.110223024625E-16,-0.));
#753 = ADVANCED_FACE('',(#754),#772,.F.);
#754 = FACE_BOUND('',#755,.T.);
#755 = EDGE_LOOP('',(#756,#757,#764,#765));
#756 = ORIENTED_EDGE('',*,*,#734,.T.);
#757 = ORIENTED_EDGE('',*,*,#758,.T.);
#758 = EDGE_CURVE('',#726,#718,#759,.T.);
#759 = CIRCLE('',#760,0.475000889002);
#760 = AXIS2_PLACEMENT_3D('',#761,#762,#763);
#761 = CARTESIAN_POINT('',(116.11023222046,-126.2702525405,    9.004318008636E-02));
#762 = DIRECTION('',(0.,0.,1.));
#763 = DIRECTION('',(-1.,-1.110223024625E-16,0.));
#764 = ORIENTED_EDGE('',*,*,#715,.F.);
#765 = ORIENTED_EDGE('',*,*,#766,.F.);
#766 = EDGE_CURVE('',#735,#716,#767,.T.);
#767 = CIRCLE('',#768,0.475000889002);
#768 = AXIS2_PLACEMENT_3D('',#769,#770,#771);
#769 = CARTESIAN_POINT('',(116.11023222046,-126.2702525405,0.));
#770 = DIRECTION('',(0.,0.,1.));
#771 = DIRECTION('',(-1.,-1.110223024625E-16,0.));
#772 = CYLINDRICAL_SURFACE('',#773,0.475000889002);
#773 = AXIS2_PLACEMENT_3D('',#774,#775,#776);
#774 = CARTESIAN_POINT('',(116.11023222046,-126.2702525405,0.));
#775 = DIRECTION('',(-0.,-0.,-1.));
#776 = DIRECTION('',(-1.,-1.110223024625E-16,0.));
#777 = ADVANCED_FACE('',(#778),#814,.F.);
#778 = FACE_BOUND('',#779,.T.);
#779 = EDGE_LOOP('',(#780,#790,#799,#807));
#780 = ORIENTED_EDGE('',*,*,#781,.T.);
#781 = EDGE_CURVE('',#782,#784,#786,.T.);
#782 = VERTEX_POINT('',#783);
#783 = CARTESIAN_POINT('',(116.58523310946,-128.8102576205,0.));
#784 = VERTEX_POINT('',#785);
#785 = CARTESIAN_POINT('',(116.58523310946,-128.8102576205,    9.004318008636E-02));
#786 = LINE('',#787,#788);
#787 = CARTESIAN_POINT('',(116.58523310946,-128.8102576205,0.));
#788 = VECTOR('',#789,1.);
#789 = DIRECTION('',(0.,0.,1.));
#790 = ORIENTED_EDGE('',*,*,#791,.T.);
#791 = EDGE_CURVE('',#784,#792,#794,.T.);
#792 = VERTEX_POINT('',#793);
#793 = CARTESIAN_POINT('',(115.63523133146,-128.8102576205,    9.004318008636E-02));
#794 = CIRCLE('',#795,0.475000889002);
#795 = AXIS2_PLACEMENT_3D('',#796,#797,#798);
#796 = CARTESIAN_POINT('',(116.11023222046,-128.8102576205,    9.004318008636E-02));
#797 = DIRECTION('',(0.,0.,1.));
#798 = DIRECTION('',(1.,1.110223024625E-16,-0.));
#799 = ORIENTED_EDGE('',*,*,#800,.F.);
#800 = EDGE_CURVE('',#801,#792,#803,.T.);
#801 = VERTEX_POINT('',#802);
#802 = CARTESIAN_POINT('',(115.63523133146,-128.8102576205,0.));
#803 = LINE('',#804,#805);
#804 = CARTESIAN_POINT('',(115.63523133146,-128.8102576205,0.));
#805 = VECTOR('',#806,1.);
#806 = DIRECTION('',(0.,0.,1.));
#807 = ORIENTED_EDGE('',*,*,#808,.F.);
#808 = EDGE_CURVE('',#782,#801,#809,.T.);
#809 = CIRCLE('',#810,0.475000889002);
#810 = AXIS2_PLACEMENT_3D('',#811,#812,#813);
#811 = CARTESIAN_POINT('',(116.11023222046,-128.8102576205,0.));
#812 = DIRECTION('',(0.,0.,1.));
#813 = DIRECTION('',(1.,1.110223024625E-16,-0.));
#814 = CYLINDRICAL_SURFACE('',#815,0.475000889002);
#815 = AXIS2_PLACEMENT_3D('',#816,#817,#818);
#816 = CARTESIAN_POINT('',(116.11023222046,-128.8102576205,0.));
#817 = DIRECTION('',(-0.,-0.,-1.));
#818 = DIRECTION('',(1.,1.110223024625E-16,-0.));
#819 = ADVANCED_FACE('',(#820),#838,.F.);
#820 = FACE_BOUND('',#821,.T.);
#821 = EDGE_LOOP('',(#822,#823,#830,#831));
#822 = ORIENTED_EDGE('',*,*,#800,.T.);
#823 = ORIENTED_EDGE('',*,*,#824,.T.);
#824 = EDGE_CURVE('',#792,#784,#825,.T.);
#825 = CIRCLE('',#826,0.475000889002);
#826 = AXIS2_PLACEMENT_3D('',#827,#828,#829);
#827 = CARTESIAN_POINT('',(116.11023222046,-128.8102576205,    9.004318008636E-02));
#828 = DIRECTION('',(0.,0.,1.));
#829 = DIRECTION('',(-1.,-1.110223024625E-16,0.));
#830 = ORIENTED_EDGE('',*,*,#781,.F.);
#831 = ORIENTED_EDGE('',*,*,#832,.F.);
#832 = EDGE_CURVE('',#801,#782,#833,.T.);
#833 = CIRCLE('',#834,0.475000889002);
#834 = AXIS2_PLACEMENT_3D('',#835,#836,#837);
#835 = CARTESIAN_POINT('',(116.11023222046,-128.8102576205,0.));
#836 = DIRECTION('',(0.,0.,1.));
#837 = DIRECTION('',(-1.,-1.110223024625E-16,0.));
#838 = CYLINDRICAL_SURFACE('',#839,0.475000889002);
#839 = AXIS2_PLACEMENT_3D('',#840,#841,#842);
#840 = CARTESIAN_POINT('',(116.11023222046,-128.8102576205,0.));
#841 = DIRECTION('',(-0.,-0.,-1.));
#842 = DIRECTION('',(-1.,-1.110223024625E-16,0.));
#843 = ADVANCED_FACE('',(#844),#880,.F.);
#844 = FACE_BOUND('',#845,.T.);
#845 = EDGE_LOOP('',(#846,#856,#865,#873));
#846 = ORIENTED_EDGE('',*,*,#847,.T.);
#847 = EDGE_CURVE('',#848,#850,#852,.T.);
#848 = VERTEX_POINT('',#849);
#849 = CARTESIAN_POINT('',(116.58523310946,-131.3502627005,0.));
#850 = VERTEX_POINT('',#851);
#851 = CARTESIAN_POINT('',(116.58523310946,-131.3502627005,    9.004318008636E-02));
#852 = LINE('',#853,#854);
#853 = CARTESIAN_POINT('',(116.58523310946,-131.3502627005,0.));
#854 = VECTOR('',#855,1.);
#855 = DIRECTION('',(0.,0.,1.));
#856 = ORIENTED_EDGE('',*,*,#857,.T.);
#857 = EDGE_CURVE('',#850,#858,#860,.T.);
#858 = VERTEX_POINT('',#859);
#859 = CARTESIAN_POINT('',(115.63523133146,-131.3502627005,    9.004318008636E-02));
#860 = CIRCLE('',#861,0.475000889002);
#861 = AXIS2_PLACEMENT_3D('',#862,#863,#864);
#862 = CARTESIAN_POINT('',(116.11023222046,-131.3502627005,    9.004318008636E-02));
#863 = DIRECTION('',(0.,0.,1.));
#864 = DIRECTION('',(1.,1.110223024625E-16,-0.));
#865 = ORIENTED_EDGE('',*,*,#866,.F.);
#866 = EDGE_CURVE('',#867,#858,#869,.T.);
#867 = VERTEX_POINT('',#868);
#868 = CARTESIAN_POINT('',(115.63523133146,-131.3502627005,0.));
#869 = LINE('',#870,#871);
#870 = CARTESIAN_POINT('',(115.63523133146,-131.3502627005,0.));
#871 = VECTOR('',#872,1.);
#872 = DIRECTION('',(0.,0.,1.));
#873 = ORIENTED_EDGE('',*,*,#874,.F.);
#874 = EDGE_CURVE('',#848,#867,#875,.T.);
#875 = CIRCLE('',#876,0.475000889002);
#876 = AXIS2_PLACEMENT_3D('',#877,#878,#879);
#877 = CARTESIAN_POINT('',(116.11023222046,-131.3502627005,0.));
#878 = DIRECTION('',(0.,0.,1.));
#879 = DIRECTION('',(1.,1.110223024625E-16,-0.));
#880 = CYLINDRICAL_SURFACE('',#881,0.475000889002);
#881 = AXIS2_PLACEMENT_3D('',#882,#883,#884);
#882 = CARTESIAN_POINT('',(116.11023222046,-131.3502627005,0.));
#883 = DIRECTION('',(-0.,-0.,-1.));
#884 = DIRECTION('',(1.,1.110223024625E-16,-0.));
#885 = ADVANCED_FACE('',(#886),#904,.F.);
#886 = FACE_BOUND('',#887,.T.);
#887 = EDGE_LOOP('',(#888,#889,#896,#897));
#888 = ORIENTED_EDGE('',*,*,#866,.T.);
#889 = ORIENTED_EDGE('',*,*,#890,.T.);
#890 = EDGE_CURVE('',#858,#850,#891,.T.);
#891 = CIRCLE('',#892,0.475000889002);
#892 = AXIS2_PLACEMENT_3D('',#893,#894,#895);
#893 = CARTESIAN_POINT('',(116.11023222046,-131.3502627005,    9.004318008636E-02));
#894 = DIRECTION('',(0.,0.,1.));
#895 = DIRECTION('',(-1.,-1.110223024625E-16,0.));
#896 = ORIENTED_EDGE('',*,*,#847,.F.);
#897 = ORIENTED_EDGE('',*,*,#898,.F.);
#898 = EDGE_CURVE('',#867,#848,#899,.T.);
#899 = CIRCLE('',#900,0.475000889002);
#900 = AXIS2_PLACEMENT_3D('',#901,#902,#903);
#901 = CARTESIAN_POINT('',(116.11023222046,-131.3502627005,0.));
#902 = DIRECTION('',(0.,0.,1.));
#903 = DIRECTION('',(-1.,-1.110223024625E-16,0.));
#904 = CYLINDRICAL_SURFACE('',#905,0.475000889002);
#905 = AXIS2_PLACEMENT_3D('',#906,#907,#908);
#906 = CARTESIAN_POINT('',(116.11023222046,-131.3502627005,0.));
#907 = DIRECTION('',(-0.,-0.,-1.));
#908 = DIRECTION('',(-1.,-1.110223024625E-16,0.));
#909 = ADVANCED_FACE('',(#910),#946,.F.);
#910 = FACE_BOUND('',#911,.T.);
#911 = EDGE_LOOP('',(#912,#922,#931,#939));
#912 = ORIENTED_EDGE('',*,*,#913,.T.);
#913 = EDGE_CURVE('',#914,#916,#918,.T.);
#914 = VERTEX_POINT('',#915);
#915 = CARTESIAN_POINT('',(116.58523310946,-133.8902677805,0.));
#916 = VERTEX_POINT('',#917);
#917 = CARTESIAN_POINT('',(116.58523310946,-133.8902677805,    9.004318008636E-02));
#918 = LINE('',#919,#920);
#919 = CARTESIAN_POINT('',(116.58523310946,-133.8902677805,0.));
#920 = VECTOR('',#921,1.);
#921 = DIRECTION('',(0.,0.,1.));
#922 = ORIENTED_EDGE('',*,*,#923,.T.);
#923 = EDGE_CURVE('',#916,#924,#926,.T.);
#924 = VERTEX_POINT('',#925);
#925 = CARTESIAN_POINT('',(115.63523133146,-133.8902677805,    9.004318008636E-02));
#926 = CIRCLE('',#927,0.475000889002);
#927 = AXIS2_PLACEMENT_3D('',#928,#929,#930);
#928 = CARTESIAN_POINT('',(116.11023222046,-133.8902677805,    9.004318008636E-02));
#929 = DIRECTION('',(0.,0.,1.));
#930 = DIRECTION('',(1.,1.110223024625E-16,-0.));
#931 = ORIENTED_EDGE('',*,*,#932,.F.);
#932 = EDGE_CURVE('',#933,#924,#935,.T.);
#933 = VERTEX_POINT('',#934);
#934 = CARTESIAN_POINT('',(115.63523133146,-133.8902677805,0.));
#935 = LINE('',#936,#937);
#936 = CARTESIAN_POINT('',(115.63523133146,-133.8902677805,0.));
#937 = VECTOR('',#938,1.);
#938 = DIRECTION('',(0.,0.,1.));
#939 = ORIENTED_EDGE('',*,*,#940,.F.);
#940 = EDGE_CURVE('',#914,#933,#941,.T.);
#941 = CIRCLE('',#942,0.475000889002);
#942 = AXIS2_PLACEMENT_3D('',#943,#944,#945);
#943 = CARTESIAN_POINT('',(116.11023222046,-133.8902677805,0.));
#944 = DIRECTION('',(0.,0.,1.));
#945 = DIRECTION('',(1.,1.110223024625E-16,-0.));
#946 = CYLINDRICAL_SURFACE('',#947,0.475000889002);
#947 = AXIS2_PLACEMENT_3D('',#948,#949,#950);
#948 = CARTESIAN_POINT('',(116.11023222046,-133.8902677805,0.));
#949 = DIRECTION('',(-0.,-0.,-1.));
#950 = DIRECTION('',(1.,1.110223024625E-16,-0.));
#951 = ADVANCED_FACE('',(#952),#970,.F.);
#952 = FACE_BOUND('',#953,.T.);
#953 = EDGE_LOOP('',(#954,#955,#962,#963));
#954 = ORIENTED_EDGE('',*,*,#932,.T.);
#955 = ORIENTED_EDGE('',*,*,#956,.T.);
#956 = EDGE_CURVE('',#924,#916,#957,.T.);
#957 = CIRCLE('',#958,0.475000889002);
#958 = AXIS2_PLACEMENT_3D('',#959,#960,#961);
#959 = CARTESIAN_POINT('',(116.11023222046,-133.8902677805,    9.004318008636E-02));
#960 = DIRECTION('',(0.,0.,1.));
#961 = DIRECTION('',(-1.,-1.110223024625E-16,0.));
#962 = ORIENTED_EDGE('',*,*,#913,.F.);
#963 = ORIENTED_EDGE('',*,*,#964,.F.);
#964 = EDGE_CURVE('',#933,#914,#965,.T.);
#965 = CIRCLE('',#966,0.475000889002);
#966 = AXIS2_PLACEMENT_3D('',#967,#968,#969);
#967 = CARTESIAN_POINT('',(116.11023222046,-133.8902677805,0.));
#968 = DIRECTION('',(0.,0.,1.));
#969 = DIRECTION('',(-1.,-1.110223024625E-16,0.));
#970 = CYLINDRICAL_SURFACE('',#971,0.475000889002);
#971 = AXIS2_PLACEMENT_3D('',#972,#973,#974);
#972 = CARTESIAN_POINT('',(116.11023222046,-133.8902677805,0.));
#973 = DIRECTION('',(-0.,-0.,-1.));
#974 = DIRECTION('',(-1.,-1.110223024625E-16,0.));
#975 = ADVANCED_FACE('',(#976),#1012,.F.);
#976 = FACE_BOUND('',#977,.T.);
#977 = EDGE_LOOP('',(#978,#988,#997,#1005));
#978 = ORIENTED_EDGE('',*,*,#979,.T.);
#979 = EDGE_CURVE('',#980,#982,#984,.T.);
#980 = VERTEX_POINT('',#981);
#981 = CARTESIAN_POINT('',(134.36526866953,-116.1102322204,0.));
#982 = VERTEX_POINT('',#983);
#983 = CARTESIAN_POINT('',(134.36526866953,-116.1102322204,    9.004318008636E-02));
#984 = LINE('',#985,#986);
#985 = CARTESIAN_POINT('',(134.36526866953,-116.1102322204,0.));
#986 = VECTOR('',#987,1.);
#987 = DIRECTION('',(0.,0.,1.));
#988 = ORIENTED_EDGE('',*,*,#989,.T.);
#989 = EDGE_CURVE('',#982,#990,#992,.T.);
#990 = VERTEX_POINT('',#991);
#991 = CARTESIAN_POINT('',(133.41526689153,-116.1102322204,    9.004318008636E-02));
#992 = CIRCLE('',#993,0.475000889002);
#993 = AXIS2_PLACEMENT_3D('',#994,#995,#996);
#994 = CARTESIAN_POINT('',(133.89026778053,-116.1102322204,    9.004318008636E-02));
#995 = DIRECTION('',(0.,0.,1.));
#996 = DIRECTION('',(1.,1.110223024625E-16,-0.));
#997 = ORIENTED_EDGE('',*,*,#998,.F.);
#998 = EDGE_CURVE('',#999,#990,#1001,.T.);
#999 = VERTEX_POINT('',#1000);
#1000 = CARTESIAN_POINT('',(133.41526689153,-116.1102322204,0.));
#1001 = LINE('',#1002,#1003);
#1002 = CARTESIAN_POINT('',(133.41526689153,-116.1102322204,0.));
#1003 = VECTOR('',#1004,1.);
#1004 = DIRECTION('',(0.,0.,1.));
#1005 = ORIENTED_EDGE('',*,*,#1006,.F.);
#1006 = EDGE_CURVE('',#980,#999,#1007,.T.);
#1007 = CIRCLE('',#1008,0.475000889002);
#1008 = AXIS2_PLACEMENT_3D('',#1009,#1010,#1011);
#1009 = CARTESIAN_POINT('',(133.89026778053,-116.1102322204,0.));
#1010 = DIRECTION('',(0.,0.,1.));
#1011 = DIRECTION('',(1.,1.110223024625E-16,-0.));
#1012 = CYLINDRICAL_SURFACE('',#1013,0.475000889002);
#1013 = AXIS2_PLACEMENT_3D('',#1014,#1015,#1016);
#1014 = CARTESIAN_POINT('',(133.89026778053,-116.1102322204,0.));
#1015 = DIRECTION('',(-0.,-0.,-1.));
#1016 = DIRECTION('',(1.,1.110223024625E-16,-0.));
#1017 = ADVANCED_FACE('',(#1018),#1036,.F.);
#1018 = FACE_BOUND('',#1019,.T.);
#1019 = EDGE_LOOP('',(#1020,#1021,#1028,#1029));
#1020 = ORIENTED_EDGE('',*,*,#998,.T.);
#1021 = ORIENTED_EDGE('',*,*,#1022,.T.);
#1022 = EDGE_CURVE('',#990,#982,#1023,.T.);
#1023 = CIRCLE('',#1024,0.475000889002);
#1024 = AXIS2_PLACEMENT_3D('',#1025,#1026,#1027);
#1025 = CARTESIAN_POINT('',(133.89026778053,-116.1102322204,    9.004318008636E-02));
#1026 = DIRECTION('',(0.,0.,1.));
#1027 = DIRECTION('',(-1.,-1.110223024625E-16,0.));
#1028 = ORIENTED_EDGE('',*,*,#979,.F.);
#1029 = ORIENTED_EDGE('',*,*,#1030,.F.);
#1030 = EDGE_CURVE('',#999,#980,#1031,.T.);
#1031 = CIRCLE('',#1032,0.475000889002);
#1032 = AXIS2_PLACEMENT_3D('',#1033,#1034,#1035);
#1033 = CARTESIAN_POINT('',(133.89026778053,-116.1102322204,0.));
#1034 = DIRECTION('',(0.,0.,1.));
#1035 = DIRECTION('',(-1.,-1.110223024625E-16,0.));
#1036 = CYLINDRICAL_SURFACE('',#1037,0.475000889002);
#1037 = AXIS2_PLACEMENT_3D('',#1038,#1039,#1040);
#1038 = CARTESIAN_POINT('',(133.89026778053,-116.1102322204,0.));
#1039 = DIRECTION('',(-0.,-0.,-1.));
#1040 = DIRECTION('',(-1.,-1.110223024625E-16,0.));
#1041 = ADVANCED_FACE('',(#1042),#1078,.F.);
#1042 = FACE_BOUND('',#1043,.T.);
#1043 = EDGE_LOOP('',(#1044,#1054,#1063,#1071));
#1044 = ORIENTED_EDGE('',*,*,#1045,.T.);
#1045 = EDGE_CURVE('',#1046,#1048,#1050,.T.);
#1046 = VERTEX_POINT('',#1047);
#1047 = CARTESIAN_POINT('',(134.36526866953,-118.6502373004,0.));
#1048 = VERTEX_POINT('',#1049);
#1049 = CARTESIAN_POINT('',(134.36526866953,-118.6502373004,    9.004318008636E-02));
#1050 = LINE('',#1051,#1052);
#1051 = CARTESIAN_POINT('',(134.36526866953,-118.6502373004,0.));
#1052 = VECTOR('',#1053,1.);
#1053 = DIRECTION('',(0.,0.,1.));
#1054 = ORIENTED_EDGE('',*,*,#1055,.T.);
#1055 = EDGE_CURVE('',#1048,#1056,#1058,.T.);
#1056 = VERTEX_POINT('',#1057);
#1057 = CARTESIAN_POINT('',(133.41526689153,-118.6502373004,    9.004318008636E-02));
#1058 = CIRCLE('',#1059,0.475000889002);
#1059 = AXIS2_PLACEMENT_3D('',#1060,#1061,#1062);
#1060 = CARTESIAN_POINT('',(133.89026778053,-118.6502373004,    9.004318008636E-02));
#1061 = DIRECTION('',(0.,0.,1.));
#1062 = DIRECTION('',(1.,1.110223024625E-16,-0.));
#1063 = ORIENTED_EDGE('',*,*,#1064,.F.);
#1064 = EDGE_CURVE('',#1065,#1056,#1067,.T.);
#1065 = VERTEX_POINT('',#1066);
#1066 = CARTESIAN_POINT('',(133.41526689153,-118.6502373004,0.));
#1067 = LINE('',#1068,#1069);
#1068 = CARTESIAN_POINT('',(133.41526689153,-118.6502373004,0.));
#1069 = VECTOR('',#1070,1.);
#1070 = DIRECTION('',(0.,0.,1.));
#1071 = ORIENTED_EDGE('',*,*,#1072,.F.);
#1072 = EDGE_CURVE('',#1046,#1065,#1073,.T.);
#1073 = CIRCLE('',#1074,0.475000889002);
#1074 = AXIS2_PLACEMENT_3D('',#1075,#1076,#1077);
#1075 = CARTESIAN_POINT('',(133.89026778053,-118.6502373004,0.));
#1076 = DIRECTION('',(0.,0.,1.));
#1077 = DIRECTION('',(1.,1.110223024625E-16,-0.));
#1078 = CYLINDRICAL_SURFACE('',#1079,0.475000889002);
#1079 = AXIS2_PLACEMENT_3D('',#1080,#1081,#1082);
#1080 = CARTESIAN_POINT('',(133.89026778053,-118.6502373004,0.));
#1081 = DIRECTION('',(-0.,-0.,-1.));
#1082 = DIRECTION('',(1.,1.110223024625E-16,-0.));
#1083 = ADVANCED_FACE('',(#1084),#1102,.F.);
#1084 = FACE_BOUND('',#1085,.T.);
#1085 = EDGE_LOOP('',(#1086,#1087,#1094,#1095));
#1086 = ORIENTED_EDGE('',*,*,#1064,.T.);
#1087 = ORIENTED_EDGE('',*,*,#1088,.T.);
#1088 = EDGE_CURVE('',#1056,#1048,#1089,.T.);
#1089 = CIRCLE('',#1090,0.475000889002);
#1090 = AXIS2_PLACEMENT_3D('',#1091,#1092,#1093);
#1091 = CARTESIAN_POINT('',(133.89026778053,-118.6502373004,    9.004318008636E-02));
#1092 = DIRECTION('',(0.,0.,1.));
#1093 = DIRECTION('',(-1.,-1.110223024625E-16,0.));
#1094 = ORIENTED_EDGE('',*,*,#1045,.F.);
#1095 = ORIENTED_EDGE('',*,*,#1096,.F.);
#1096 = EDGE_CURVE('',#1065,#1046,#1097,.T.);
#1097 = CIRCLE('',#1098,0.475000889002);
#1098 = AXIS2_PLACEMENT_3D('',#1099,#1100,#1101);
#1099 = CARTESIAN_POINT('',(133.89026778053,-118.6502373004,0.));
#1100 = DIRECTION('',(0.,0.,1.));
#1101 = DIRECTION('',(-1.,-1.110223024625E-16,0.));
#1102 = CYLINDRICAL_SURFACE('',#1103,0.475000889002);
#1103 = AXIS2_PLACEMENT_3D('',#1104,#1105,#1106);
#1104 = CARTESIAN_POINT('',(133.89026778053,-118.6502373004,0.));
#1105 = DIRECTION('',(-0.,-0.,-1.));
#1106 = DIRECTION('',(-1.,-1.110223024625E-16,0.));
#1107 = ADVANCED_FACE('',(#1108),#1144,.F.);
#1108 = FACE_BOUND('',#1109,.T.);
#1109 = EDGE_LOOP('',(#1110,#1120,#1129,#1137));
#1110 = ORIENTED_EDGE('',*,*,#1111,.T.);
#1111 = EDGE_CURVE('',#1112,#1114,#1116,.T.);
#1112 = VERTEX_POINT('',#1113);
#1113 = CARTESIAN_POINT('',(134.36526866953,-121.1902423804,0.));
#1114 = VERTEX_POINT('',#1115);
#1115 = CARTESIAN_POINT('',(134.36526866953,-121.1902423804,    9.004318008636E-02));
#1116 = LINE('',#1117,#1118);
#1117 = CARTESIAN_POINT('',(134.36526866953,-121.1902423804,0.));
#1118 = VECTOR('',#1119,1.);
#1119 = DIRECTION('',(0.,0.,1.));
#1120 = ORIENTED_EDGE('',*,*,#1121,.T.);
#1121 = EDGE_CURVE('',#1114,#1122,#1124,.T.);
#1122 = VERTEX_POINT('',#1123);
#1123 = CARTESIAN_POINT('',(133.41526689153,-121.1902423804,    9.004318008636E-02));
#1124 = CIRCLE('',#1125,0.475000889002);
#1125 = AXIS2_PLACEMENT_3D('',#1126,#1127,#1128);
#1126 = CARTESIAN_POINT('',(133.89026778053,-121.1902423804,    9.004318008636E-02));
#1127 = DIRECTION('',(0.,0.,1.));
#1128 = DIRECTION('',(1.,1.110223024625E-16,-0.));
#1129 = ORIENTED_EDGE('',*,*,#1130,.F.);
#1130 = EDGE_CURVE('',#1131,#1122,#1133,.T.);
#1131 = VERTEX_POINT('',#1132);
#1132 = CARTESIAN_POINT('',(133.41526689153,-121.1902423804,0.));
#1133 = LINE('',#1134,#1135);
#1134 = CARTESIAN_POINT('',(133.41526689153,-121.1902423804,0.));
#1135 = VECTOR('',#1136,1.);
#1136 = DIRECTION('',(0.,0.,1.));
#1137 = ORIENTED_EDGE('',*,*,#1138,.F.);
#1138 = EDGE_CURVE('',#1112,#1131,#1139,.T.);
#1139 = CIRCLE('',#1140,0.475000889002);
#1140 = AXIS2_PLACEMENT_3D('',#1141,#1142,#1143);
#1141 = CARTESIAN_POINT('',(133.89026778053,-121.1902423804,0.));
#1142 = DIRECTION('',(0.,0.,1.));
#1143 = DIRECTION('',(1.,1.110223024625E-16,-0.));
#1144 = CYLINDRICAL_SURFACE('',#1145,0.475000889002);
#1145 = AXIS2_PLACEMENT_3D('',#1146,#1147,#1148);
#1146 = CARTESIAN_POINT('',(133.89026778053,-121.1902423804,0.));
#1147 = DIRECTION('',(-0.,-0.,-1.));
#1148 = DIRECTION('',(1.,1.110223024625E-16,-0.));
#1149 = ADVANCED_FACE('',(#1150),#1168,.F.);
#1150 = FACE_BOUND('',#1151,.T.);
#1151 = EDGE_LOOP('',(#1152,#1153,#1160,#1161));
#1152 = ORIENTED_EDGE('',*,*,#1130,.T.);
#1153 = ORIENTED_EDGE('',*,*,#1154,.T.);
#1154 = EDGE_CURVE('',#1122,#1114,#1155,.T.);
#1155 = CIRCLE('',#1156,0.475000889002);
#1156 = AXIS2_PLACEMENT_3D('',#1157,#1158,#1159);
#1157 = CARTESIAN_POINT('',(133.89026778053,-121.1902423804,    9.004318008636E-02));
#1158 = DIRECTION('',(0.,0.,1.));
#1159 = DIRECTION('',(-1.,-1.110223024625E-16,0.));
#1160 = ORIENTED_EDGE('',*,*,#1111,.F.);
#1161 = ORIENTED_EDGE('',*,*,#1162,.F.);
#1162 = EDGE_CURVE('',#1131,#1112,#1163,.T.);
#1163 = CIRCLE('',#1164,0.475000889002);
#1164 = AXIS2_PLACEMENT_3D('',#1165,#1166,#1167);
#1165 = CARTESIAN_POINT('',(133.89026778053,-121.1902423804,0.));
#1166 = DIRECTION('',(0.,0.,1.));
#1167 = DIRECTION('',(-1.,-1.110223024625E-16,0.));
#1168 = CYLINDRICAL_SURFACE('',#1169,0.475000889002);
#1169 = AXIS2_PLACEMENT_3D('',#1170,#1171,#1172);
#1170 = CARTESIAN_POINT('',(133.89026778053,-121.1902423804,0.));
#1171 = DIRECTION('',(-0.,-0.,-1.));
#1172 = DIRECTION('',(-1.,-1.110223024625E-16,0.));
#1173 = ADVANCED_FACE('',(#1174),#1210,.F.);
#1174 = FACE_BOUND('',#1175,.T.);
#1175 = EDGE_LOOP('',(#1176,#1186,#1195,#1203));
#1176 = ORIENTED_EDGE('',*,*,#1177,.T.);
#1177 = EDGE_CURVE('',#1178,#1180,#1182,.T.);
#1178 = VERTEX_POINT('',#1179);
#1179 = CARTESIAN_POINT('',(134.36526866953,-123.7302474604,0.));
#1180 = VERTEX_POINT('',#1181);
#1181 = CARTESIAN_POINT('',(134.36526866953,-123.7302474604,    9.004318008636E-02));
#1182 = LINE('',#1183,#1184);
#1183 = CARTESIAN_POINT('',(134.36526866953,-123.7302474604,0.));
#1184 = VECTOR('',#1185,1.);
#1185 = DIRECTION('',(0.,0.,1.));
#1186 = ORIENTED_EDGE('',*,*,#1187,.T.);
#1187 = EDGE_CURVE('',#1180,#1188,#1190,.T.);
#1188 = VERTEX_POINT('',#1189);
#1189 = CARTESIAN_POINT('',(133.41526689153,-123.7302474604,    9.004318008636E-02));
#1190 = CIRCLE('',#1191,0.475000889002);
#1191 = AXIS2_PLACEMENT_3D('',#1192,#1193,#1194);
#1192 = CARTESIAN_POINT('',(133.89026778053,-123.7302474604,    9.004318008636E-02));
#1193 = DIRECTION('',(0.,0.,1.));
#1194 = DIRECTION('',(1.,1.110223024625E-16,-0.));
#1195 = ORIENTED_EDGE('',*,*,#1196,.F.);
#1196 = EDGE_CURVE('',#1197,#1188,#1199,.T.);
#1197 = VERTEX_POINT('',#1198);
#1198 = CARTESIAN_POINT('',(133.41526689153,-123.7302474604,0.));
#1199 = LINE('',#1200,#1201);
#1200 = CARTESIAN_POINT('',(133.41526689153,-123.7302474604,0.));
#1201 = VECTOR('',#1202,1.);
#1202 = DIRECTION('',(0.,0.,1.));
#1203 = ORIENTED_EDGE('',*,*,#1204,.F.);
#1204 = EDGE_CURVE('',#1178,#1197,#1205,.T.);
#1205 = CIRCLE('',#1206,0.475000889002);
#1206 = AXIS2_PLACEMENT_3D('',#1207,#1208,#1209);
#1207 = CARTESIAN_POINT('',(133.89026778053,-123.7302474604,0.));
#1208 = DIRECTION('',(0.,0.,1.));
#1209 = DIRECTION('',(1.,1.110223024625E-16,-0.));
#1210 = CYLINDRICAL_SURFACE('',#1211,0.475000889002);
#1211 = AXIS2_PLACEMENT_3D('',#1212,#1213,#1214);
#1212 = CARTESIAN_POINT('',(133.89026778053,-123.7302474604,0.));
#1213 = DIRECTION('',(-0.,-0.,-1.));
#1214 = DIRECTION('',(1.,1.110223024625E-16,-0.));
#1215 = ADVANCED_FACE('',(#1216),#1234,.F.);
#1216 = FACE_BOUND('',#1217,.T.);
#1217 = EDGE_LOOP('',(#1218,#1219,#1226,#1227));
#1218 = ORIENTED_EDGE('',*,*,#1196,.T.);
#1219 = ORIENTED_EDGE('',*,*,#1220,.T.);
#1220 = EDGE_CURVE('',#1188,#1180,#1221,.T.);
#1221 = CIRCLE('',#1222,0.475000889002);
#1222 = AXIS2_PLACEMENT_3D('',#1223,#1224,#1225);
#1223 = CARTESIAN_POINT('',(133.89026778053,-123.7302474604,    9.004318008636E-02));
#1224 = DIRECTION('',(0.,0.,1.));
#1225 = DIRECTION('',(-1.,-1.110223024625E-16,0.));
#1226 = ORIENTED_EDGE('',*,*,#1177,.F.);
#1227 = ORIENTED_EDGE('',*,*,#1228,.F.);
#1228 = EDGE_CURVE('',#1197,#1178,#1229,.T.);
#1229 = CIRCLE('',#1230,0.475000889002);
#1230 = AXIS2_PLACEMENT_3D('',#1231,#1232,#1233);
#1231 = CARTESIAN_POINT('',(133.89026778053,-123.7302474604,0.));
#1232 = DIRECTION('',(0.,0.,1.));
#1233 = DIRECTION('',(-1.,-1.110223024625E-16,0.));
#1234 = CYLINDRICAL_SURFACE('',#1235,0.475000889002);
#1235 = AXIS2_PLACEMENT_3D('',#1236,#1237,#1238);
#1236 = CARTESIAN_POINT('',(133.89026778053,-123.7302474604,0.));
#1237 = DIRECTION('',(-0.,-0.,-1.));
#1238 = DIRECTION('',(-1.,-1.110223024625E-16,0.));
#1239 = ADVANCED_FACE('',(#1240),#1276,.F.);
#1240 = FACE_BOUND('',#1241,.T.);
#1241 = EDGE_LOOP('',(#1242,#1252,#1261,#1269));
#1242 = ORIENTED_EDGE('',*,*,#1243,.T.);
#1243 = EDGE_CURVE('',#1244,#1246,#1248,.T.);
#1244 = VERTEX_POINT('',#1245);
#1245 = CARTESIAN_POINT('',(134.36526866953,-126.2702525405,0.));
#1246 = VERTEX_POINT('',#1247);
#1247 = CARTESIAN_POINT('',(134.36526866953,-126.2702525405,    9.004318008636E-02));
#1248 = LINE('',#1249,#1250);
#1249 = CARTESIAN_POINT('',(134.36526866953,-126.2702525405,0.));
#1250 = VECTOR('',#1251,1.);
#1251 = DIRECTION('',(0.,0.,1.));
#1252 = ORIENTED_EDGE('',*,*,#1253,.T.);
#1253 = EDGE_CURVE('',#1246,#1254,#1256,.T.);
#1254 = VERTEX_POINT('',#1255);
#1255 = CARTESIAN_POINT('',(133.41526689153,-126.2702525405,    9.004318008636E-02));
#1256 = CIRCLE('',#1257,0.475000889002);
#1257 = AXIS2_PLACEMENT_3D('',#1258,#1259,#1260);
#1258 = CARTESIAN_POINT('',(133.89026778053,-126.2702525405,    9.004318008636E-02));
#1259 = DIRECTION('',(0.,0.,1.));
#1260 = DIRECTION('',(1.,1.110223024625E-16,-0.));
#1261 = ORIENTED_EDGE('',*,*,#1262,.F.);
#1262 = EDGE_CURVE('',#1263,#1254,#1265,.T.);
#1263 = VERTEX_POINT('',#1264);
#1264 = CARTESIAN_POINT('',(133.41526689153,-126.2702525405,0.));
#1265 = LINE('',#1266,#1267);
#1266 = CARTESIAN_POINT('',(133.41526689153,-126.2702525405,0.));
#1267 = VECTOR('',#1268,1.);
#1268 = DIRECTION('',(0.,0.,1.));
#1269 = ORIENTED_EDGE('',*,*,#1270,.F.);
#1270 = EDGE_CURVE('',#1244,#1263,#1271,.T.);
#1271 = CIRCLE('',#1272,0.475000889002);
#1272 = AXIS2_PLACEMENT_3D('',#1273,#1274,#1275);
#1273 = CARTESIAN_POINT('',(133.89026778053,-126.2702525405,0.));
#1274 = DIRECTION('',(0.,0.,1.));
#1275 = DIRECTION('',(1.,1.110223024625E-16,-0.));
#1276 = CYLINDRICAL_SURFACE('',#1277,0.475000889002);
#1277 = AXIS2_PLACEMENT_3D('',#1278,#1279,#1280);
#1278 = CARTESIAN_POINT('',(133.89026778053,-126.2702525405,0.));
#1279 = DIRECTION('',(-0.,-0.,-1.));
#1280 = DIRECTION('',(1.,1.110223024625E-16,-0.));
#1281 = ADVANCED_FACE('',(#1282),#1300,.F.);
#1282 = FACE_BOUND('',#1283,.T.);
#1283 = EDGE_LOOP('',(#1284,#1285,#1292,#1293));
#1284 = ORIENTED_EDGE('',*,*,#1262,.T.);
#1285 = ORIENTED_EDGE('',*,*,#1286,.T.);
#1286 = EDGE_CURVE('',#1254,#1246,#1287,.T.);
#1287 = CIRCLE('',#1288,0.475000889002);
#1288 = AXIS2_PLACEMENT_3D('',#1289,#1290,#1291);
#1289 = CARTESIAN_POINT('',(133.89026778053,-126.2702525405,    9.004318008636E-02));
#1290 = DIRECTION('',(0.,0.,1.));
#1291 = DIRECTION('',(-1.,-1.110223024625E-16,0.));
#1292 = ORIENTED_EDGE('',*,*,#1243,.F.);
#1293 = ORIENTED_EDGE('',*,*,#1294,.F.);
#1294 = EDGE_CURVE('',#1263,#1244,#1295,.T.);
#1295 = CIRCLE('',#1296,0.475000889002);
#1296 = AXIS2_PLACEMENT_3D('',#1297,#1298,#1299);
#1297 = CARTESIAN_POINT('',(133.89026778053,-126.2702525405,0.));
#1298 = DIRECTION('',(0.,0.,1.));
#1299 = DIRECTION('',(-1.,-1.110223024625E-16,0.));
#1300 = CYLINDRICAL_SURFACE('',#1301,0.475000889002);
#1301 = AXIS2_PLACEMENT_3D('',#1302,#1303,#1304);
#1302 = CARTESIAN_POINT('',(133.89026778053,-126.2702525405,0.));
#1303 = DIRECTION('',(-0.,-0.,-1.));
#1304 = DIRECTION('',(-1.,-1.110223024625E-16,0.));
#1305 = ADVANCED_FACE('',(#1306),#1342,.F.);
#1306 = FACE_BOUND('',#1307,.T.);
#1307 = EDGE_LOOP('',(#1308,#1318,#1327,#1335));
#1308 = ORIENTED_EDGE('',*,*,#1309,.T.);
#1309 = EDGE_CURVE('',#1310,#1312,#1314,.T.);
#1310 = VERTEX_POINT('',#1311);
#1311 = CARTESIAN_POINT('',(134.36526866953,-128.8102576205,0.));
#1312 = VERTEX_POINT('',#1313);
#1313 = CARTESIAN_POINT('',(134.36526866953,-128.8102576205,    9.004318008636E-02));
#1314 = LINE('',#1315,#1316);
#1315 = CARTESIAN_POINT('',(134.36526866953,-128.8102576205,0.));
#1316 = VECTOR('',#1317,1.);
#1317 = DIRECTION('',(0.,0.,1.));
#1318 = ORIENTED_EDGE('',*,*,#1319,.T.);
#1319 = EDGE_CURVE('',#1312,#1320,#1322,.T.);
#1320 = VERTEX_POINT('',#1321);
#1321 = CARTESIAN_POINT('',(133.41526689153,-128.8102576205,    9.004318008636E-02));
#1322 = CIRCLE('',#1323,0.475000889002);
#1323 = AXIS2_PLACEMENT_3D('',#1324,#1325,#1326);
#1324 = CARTESIAN_POINT('',(133.89026778053,-128.8102576205,    9.004318008636E-02));
#1325 = DIRECTION('',(0.,0.,1.));
#1326 = DIRECTION('',(1.,1.110223024625E-16,-0.));
#1327 = ORIENTED_EDGE('',*,*,#1328,.F.);
#1328 = EDGE_CURVE('',#1329,#1320,#1331,.T.);
#1329 = VERTEX_POINT('',#1330);
#1330 = CARTESIAN_POINT('',(133.41526689153,-128.8102576205,0.));
#1331 = LINE('',#1332,#1333);
#1332 = CARTESIAN_POINT('',(133.41526689153,-128.8102576205,0.));
#1333 = VECTOR('',#1334,1.);
#1334 = DIRECTION('',(0.,0.,1.));
#1335 = ORIENTED_EDGE('',*,*,#1336,.F.);
#1336 = EDGE_CURVE('',#1310,#1329,#1337,.T.);
#1337 = CIRCLE('',#1338,0.475000889002);
#1338 = AXIS2_PLACEMENT_3D('',#1339,#1340,#1341);
#1339 = CARTESIAN_POINT('',(133.89026778053,-128.8102576205,0.));
#1340 = DIRECTION('',(0.,0.,1.));
#1341 = DIRECTION('',(1.,1.110223024625E-16,-0.));
#1342 = CYLINDRICAL_SURFACE('',#1343,0.475000889002);
#1343 = AXIS2_PLACEMENT_3D('',#1344,#1345,#1346);
#1344 = CARTESIAN_POINT('',(133.89026778053,-128.8102576205,0.));
#1345 = DIRECTION('',(-0.,-0.,-1.));
#1346 = DIRECTION('',(1.,1.110223024625E-16,-0.));
#1347 = ADVANCED_FACE('',(#1348),#1366,.F.);
#1348 = FACE_BOUND('',#1349,.T.);
#1349 = EDGE_LOOP('',(#1350,#1351,#1358,#1359));
#1350 = ORIENTED_EDGE('',*,*,#1328,.T.);
#1351 = ORIENTED_EDGE('',*,*,#1352,.T.);
#1352 = EDGE_CURVE('',#1320,#1312,#1353,.T.);
#1353 = CIRCLE('',#1354,0.475000889002);
#1354 = AXIS2_PLACEMENT_3D('',#1355,#1356,#1357);
#1355 = CARTESIAN_POINT('',(133.89026778053,-128.8102576205,    9.004318008636E-02));
#1356 = DIRECTION('',(0.,0.,1.));
#1357 = DIRECTION('',(-1.,-1.110223024625E-16,0.));
#1358 = ORIENTED_EDGE('',*,*,#1309,.F.);
#1359 = ORIENTED_EDGE('',*,*,#1360,.F.);
#1360 = EDGE_CURVE('',#1329,#1310,#1361,.T.);
#1361 = CIRCLE('',#1362,0.475000889002);
#1362 = AXIS2_PLACEMENT_3D('',#1363,#1364,#1365);
#1363 = CARTESIAN_POINT('',(133.89026778053,-128.8102576205,0.));
#1364 = DIRECTION('',(0.,0.,1.));
#1365 = DIRECTION('',(-1.,-1.110223024625E-16,0.));
#1366 = CYLINDRICAL_SURFACE('',#1367,0.475000889002);
#1367 = AXIS2_PLACEMENT_3D('',#1368,#1369,#1370);
#1368 = CARTESIAN_POINT('',(133.89026778053,-128.8102576205,0.));
#1369 = DIRECTION('',(-0.,-0.,-1.));
#1370 = DIRECTION('',(-1.,-1.110223024625E-16,0.));
#1371 = ADVANCED_FACE('',(#1372),#1408,.F.);
#1372 = FACE_BOUND('',#1373,.T.);
#1373 = EDGE_LOOP('',(#1374,#1384,#1393,#1401));
#1374 = ORIENTED_EDGE('',*,*,#1375,.T.);
#1375 = EDGE_CURVE('',#1376,#1378,#1380,.T.);
#1376 = VERTEX_POINT('',#1377);
#1377 = CARTESIAN_POINT('',(134.36526866953,-131.3502627005,0.));
#1378 = VERTEX_POINT('',#1379);
#1379 = CARTESIAN_POINT('',(134.36526866953,-131.3502627005,    9.004318008636E-02));
#1380 = LINE('',#1381,#1382);
#1381 = CARTESIAN_POINT('',(134.36526866953,-131.3502627005,0.));
#1382 = VECTOR('',#1383,1.);
#1383 = DIRECTION('',(0.,0.,1.));
#1384 = ORIENTED_EDGE('',*,*,#1385,.T.);
#1385 = EDGE_CURVE('',#1378,#1386,#1388,.T.);
#1386 = VERTEX_POINT('',#1387);
#1387 = CARTESIAN_POINT('',(133.41526689153,-131.3502627005,    9.004318008636E-02));
#1388 = CIRCLE('',#1389,0.475000889002);
#1389 = AXIS2_PLACEMENT_3D('',#1390,#1391,#1392);
#1390 = CARTESIAN_POINT('',(133.89026778053,-131.3502627005,    9.004318008636E-02));
#1391 = DIRECTION('',(0.,0.,1.));
#1392 = DIRECTION('',(1.,1.110223024625E-16,-0.));
#1393 = ORIENTED_EDGE('',*,*,#1394,.F.);
#1394 = EDGE_CURVE('',#1395,#1386,#1397,.T.);
#1395 = VERTEX_POINT('',#1396);
#1396 = CARTESIAN_POINT('',(133.41526689153,-131.3502627005,0.));
#1397 = LINE('',#1398,#1399);
#1398 = CARTESIAN_POINT('',(133.41526689153,-131.3502627005,0.));
#1399 = VECTOR('',#1400,1.);
#1400 = DIRECTION('',(0.,0.,1.));
#1401 = ORIENTED_EDGE('',*,*,#1402,.F.);
#1402 = EDGE_CURVE('',#1376,#1395,#1403,.T.);
#1403 = CIRCLE('',#1404,0.475000889002);
#1404 = AXIS2_PLACEMENT_3D('',#1405,#1406,#1407);
#1405 = CARTESIAN_POINT('',(133.89026778053,-131.3502627005,0.));
#1406 = DIRECTION('',(0.,0.,1.));
#1407 = DIRECTION('',(1.,1.110223024625E-16,-0.));
#1408 = CYLINDRICAL_SURFACE('',#1409,0.475000889002);
#1409 = AXIS2_PLACEMENT_3D('',#1410,#1411,#1412);
#1410 = CARTESIAN_POINT('',(133.89026778053,-131.3502627005,0.));
#1411 = DIRECTION('',(-0.,-0.,-1.));
#1412 = DIRECTION('',(1.,1.110223024625E-16,-0.));
#1413 = ADVANCED_FACE('',(#1414),#1432,.F.);
#1414 = FACE_BOUND('',#1415,.T.);
#1415 = EDGE_LOOP('',(#1416,#1417,#1424,#1425));
#1416 = ORIENTED_EDGE('',*,*,#1394,.T.);
#1417 = ORIENTED_EDGE('',*,*,#1418,.T.);
#1418 = EDGE_CURVE('',#1386,#1378,#1419,.T.);
#1419 = CIRCLE('',#1420,0.475000889002);
#1420 = AXIS2_PLACEMENT_3D('',#1421,#1422,#1423);
#1421 = CARTESIAN_POINT('',(133.89026778053,-131.3502627005,    9.004318008636E-02));
#1422 = DIRECTION('',(0.,0.,1.));
#1423 = DIRECTION('',(-1.,-1.110223024625E-16,0.));
#1424 = ORIENTED_EDGE('',*,*,#1375,.F.);
#1425 = ORIENTED_EDGE('',*,*,#1426,.F.);
#1426 = EDGE_CURVE('',#1395,#1376,#1427,.T.);
#1427 = CIRCLE('',#1428,0.475000889002);
#1428 = AXIS2_PLACEMENT_3D('',#1429,#1430,#1431);
#1429 = CARTESIAN_POINT('',(133.89026778053,-131.3502627005,0.));
#1430 = DIRECTION('',(0.,0.,1.));
#1431 = DIRECTION('',(-1.,-1.110223024625E-16,0.));
#1432 = CYLINDRICAL_SURFACE('',#1433,0.475000889002);
#1433 = AXIS2_PLACEMENT_3D('',#1434,#1435,#1436);
#1434 = CARTESIAN_POINT('',(133.89026778053,-131.3502627005,0.));
#1435 = DIRECTION('',(-0.,-0.,-1.));
#1436 = DIRECTION('',(-1.,-1.110223024625E-16,0.));
#1437 = ADVANCED_FACE('',(#1438),#1474,.F.);
#1438 = FACE_BOUND('',#1439,.T.);
#1439 = EDGE_LOOP('',(#1440,#1450,#1459,#1467));
#1440 = ORIENTED_EDGE('',*,*,#1441,.T.);
#1441 = EDGE_CURVE('',#1442,#1444,#1446,.T.);
#1442 = VERTEX_POINT('',#1443);
#1443 = CARTESIAN_POINT('',(134.36526866953,-133.8902677805,0.));
#1444 = VERTEX_POINT('',#1445);
#1445 = CARTESIAN_POINT('',(134.36526866953,-133.8902677805,    9.004318008636E-02));
#1446 = LINE('',#1447,#1448);
#1447 = CARTESIAN_POINT('',(134.36526866953,-133.8902677805,0.));
#1448 = VECTOR('',#1449,1.);
#1449 = DIRECTION('',(0.,0.,1.));
#1450 = ORIENTED_EDGE('',*,*,#1451,.T.);
#1451 = EDGE_CURVE('',#1444,#1452,#1454,.T.);
#1452 = VERTEX_POINT('',#1453);
#1453 = CARTESIAN_POINT('',(133.41526689153,-133.8902677805,    9.004318008636E-02));
#1454 = CIRCLE('',#1455,0.475000889002);
#1455 = AXIS2_PLACEMENT_3D('',#1456,#1457,#1458);
#1456 = CARTESIAN_POINT('',(133.89026778053,-133.8902677805,    9.004318008636E-02));
#1457 = DIRECTION('',(0.,0.,1.));
#1458 = DIRECTION('',(1.,1.110223024625E-16,-0.));
#1459 = ORIENTED_EDGE('',*,*,#1460,.F.);
#1460 = EDGE_CURVE('',#1461,#1452,#1463,.T.);
#1461 = VERTEX_POINT('',#1462);
#1462 = CARTESIAN_POINT('',(133.41526689153,-133.8902677805,0.));
#1463 = LINE('',#1464,#1465);
#1464 = CARTESIAN_POINT('',(133.41526689153,-133.8902677805,0.));
#1465 = VECTOR('',#1466,1.);
#1466 = DIRECTION('',(0.,0.,1.));
#1467 = ORIENTED_EDGE('',*,*,#1468,.F.);
#1468 = EDGE_CURVE('',#1442,#1461,#1469,.T.);
#1469 = CIRCLE('',#1470,0.475000889002);
#1470 = AXIS2_PLACEMENT_3D('',#1471,#1472,#1473);
#1471 = CARTESIAN_POINT('',(133.89026778053,-133.8902677805,0.));
#1472 = DIRECTION('',(0.,0.,1.));
#1473 = DIRECTION('',(1.,1.110223024625E-16,-0.));
#1474 = CYLINDRICAL_SURFACE('',#1475,0.475000889002);
#1475 = AXIS2_PLACEMENT_3D('',#1476,#1477,#1478);
#1476 = CARTESIAN_POINT('',(133.89026778053,-133.8902677805,0.));
#1477 = DIRECTION('',(-0.,-0.,-1.));
#1478 = DIRECTION('',(1.,1.110223024625E-16,-0.));
#1479 = ADVANCED_FACE('',(#1480),#1498,.F.);
#1480 = FACE_BOUND('',#1481,.T.);
#1481 = EDGE_LOOP('',(#1482,#1483,#1490,#1491));
#1482 = ORIENTED_EDGE('',*,*,#1460,.T.);
#1483 = ORIENTED_EDGE('',*,*,#1484,.T.);
#1484 = EDGE_CURVE('',#1452,#1444,#1485,.T.);
#1485 = CIRCLE('',#1486,0.475000889002);
#1486 = AXIS2_PLACEMENT_3D('',#1487,#1488,#1489);
#1487 = CARTESIAN_POINT('',(133.89026778053,-133.8902677805,    9.004318008636E-02));
#1488 = DIRECTION('',(0.,0.,1.));
#1489 = DIRECTION('',(-1.,-1.110223024625E-16,0.));
#1490 = ORIENTED_EDGE('',*,*,#1441,.F.);
#1491 = ORIENTED_EDGE('',*,*,#1492,.F.);
#1492 = EDGE_CURVE('',#1461,#1442,#1493,.T.);
#1493 = CIRCLE('',#1494,0.475000889002);
#1494 = AXIS2_PLACEMENT_3D('',#1495,#1496,#1497);
#1495 = CARTESIAN_POINT('',(133.89026778053,-133.8902677805,0.));
#1496 = DIRECTION('',(0.,0.,1.));
#1497 = DIRECTION('',(-1.,-1.110223024625E-16,0.));
#1498 = CYLINDRICAL_SURFACE('',#1499,0.475000889002);
#1499 = AXIS2_PLACEMENT_3D('',#1500,#1501,#1502);
#1500 = CARTESIAN_POINT('',(133.89026778053,-133.8902677805,0.));
#1501 = DIRECTION('',(-0.,-0.,-1.));
#1502 = DIRECTION('',(-1.,-1.110223024625E-16,0.));
#1503 = ADVANCED_FACE('',(#1504),#1540,.F.);
#1504 = FACE_BOUND('',#1505,.T.);
#1505 = EDGE_LOOP('',(#1506,#1516,#1525,#1533));
#1506 = ORIENTED_EDGE('',*,*,#1507,.T.);
#1507 = EDGE_CURVE('',#1508,#1510,#1512,.T.);
#1508 = VERTEX_POINT('',#1509);
#1509 = CARTESIAN_POINT('',(144.40028876257,-125.0002499685,0.));
#1510 = VERTEX_POINT('',#1511);
#1511 = CARTESIAN_POINT('',(144.40028876257,-125.0002499685,    9.004318008636E-02));
#1512 = LINE('',#1513,#1514);
#1513 = CARTESIAN_POINT('',(144.40028876257,-125.0002499685,0.));
#1514 = VECTOR('',#1515,1.);
#1515 = DIRECTION('',(0.,0.,1.));
#1516 = ORIENTED_EDGE('',*,*,#1517,.T.);
#1517 = EDGE_CURVE('',#1510,#1518,#1520,.T.);
#1518 = VERTEX_POINT('',#1519);
#1519 = CARTESIAN_POINT('',(143.60028723857,-125.0002499685,    9.004318008636E-02));
#1520 = CIRCLE('',#1521,0.400000762002);
#1521 = AXIS2_PLACEMENT_3D('',#1522,#1523,#1524);
#1522 = CARTESIAN_POINT('',(144.00028800057,-125.0002499685,    9.004318008636E-02));
#1523 = DIRECTION('',(0.,0.,1.));
#1524 = DIRECTION('',(1.,1.110223024625E-16,-0.));
#1525 = ORIENTED_EDGE('',*,*,#1526,.F.);
#1526 = EDGE_CURVE('',#1527,#1518,#1529,.T.);
#1527 = VERTEX_POINT('',#1528);
#1528 = CARTESIAN_POINT('',(143.60028723857,-125.0002499685,0.));
#1529 = LINE('',#1530,#1531);
#1530 = CARTESIAN_POINT('',(143.60028723857,-125.0002499685,0.));
#1531 = VECTOR('',#1532,1.);
#1532 = DIRECTION('',(0.,0.,1.));
#1533 = ORIENTED_EDGE('',*,*,#1534,.F.);
#1534 = EDGE_CURVE('',#1508,#1527,#1535,.T.);
#1535 = CIRCLE('',#1536,0.400000762002);
#1536 = AXIS2_PLACEMENT_3D('',#1537,#1538,#1539);
#1537 = CARTESIAN_POINT('',(144.00028800057,-125.0002499685,0.));
#1538 = DIRECTION('',(0.,0.,1.));
#1539 = DIRECTION('',(1.,1.110223024625E-16,-0.));
#1540 = CYLINDRICAL_SURFACE('',#1541,0.400000762002);
#1541 = AXIS2_PLACEMENT_3D('',#1542,#1543,#1544);
#1542 = CARTESIAN_POINT('',(144.00028800057,-125.0002499685,0.));
#1543 = DIRECTION('',(-0.,-0.,-1.));
#1544 = DIRECTION('',(1.,1.110223024625E-16,-0.));
#1545 = ADVANCED_FACE('',(#1546),#1564,.F.);
#1546 = FACE_BOUND('',#1547,.T.);
#1547 = EDGE_LOOP('',(#1548,#1549,#1556,#1557));
#1548 = ORIENTED_EDGE('',*,*,#1526,.T.);
#1549 = ORIENTED_EDGE('',*,*,#1550,.T.);
#1550 = EDGE_CURVE('',#1518,#1510,#1551,.T.);
#1551 = CIRCLE('',#1552,0.400000762002);
#1552 = AXIS2_PLACEMENT_3D('',#1553,#1554,#1555);
#1553 = CARTESIAN_POINT('',(144.00028800057,-125.0002499685,    9.004318008636E-02));
#1554 = DIRECTION('',(0.,0.,1.));
#1555 = DIRECTION('',(-1.,-1.110223024625E-16,0.));
#1556 = ORIENTED_EDGE('',*,*,#1507,.F.);
#1557 = ORIENTED_EDGE('',*,*,#1558,.F.);
#1558 = EDGE_CURVE('',#1527,#1508,#1559,.T.);
#1559 = CIRCLE('',#1560,0.400000762002);
#1560 = AXIS2_PLACEMENT_3D('',#1561,#1562,#1563);
#1561 = CARTESIAN_POINT('',(144.00028800057,-125.0002499685,0.));
#1562 = DIRECTION('',(0.,0.,1.));
#1563 = DIRECTION('',(-1.,-1.110223024625E-16,0.));
#1564 = CYLINDRICAL_SURFACE('',#1565,0.400000762002);
#1565 = AXIS2_PLACEMENT_3D('',#1566,#1567,#1568);
#1566 = CARTESIAN_POINT('',(144.00028800057,-125.0002499685,0.));
#1567 = DIRECTION('',(-0.,-0.,-1.));
#1568 = DIRECTION('',(-1.,-1.110223024625E-16,0.));
#1569 = ADVANCED_FACE('',(#1570),#1606,.F.);
#1570 = FACE_BOUND('',#1571,.T.);
#1571 = EDGE_LOOP('',(#1572,#1582,#1591,#1599));
#1572 = ORIENTED_EDGE('',*,*,#1573,.T.);
#1573 = EDGE_CURVE('',#1574,#1576,#1578,.T.);
#1574 = VERTEX_POINT('',#1575);
#1575 = CARTESIAN_POINT('',(144.40028876257,-127.0002540325,0.));
#1576 = VERTEX_POINT('',#1577);
#1577 = CARTESIAN_POINT('',(144.40028876257,-127.0002540325,    9.004318008636E-02));
#1578 = LINE('',#1579,#1580);
#1579 = CARTESIAN_POINT('',(144.40028876257,-127.0002540325,0.));
#1580 = VECTOR('',#1581,1.);
#1581 = DIRECTION('',(0.,0.,1.));
#1582 = ORIENTED_EDGE('',*,*,#1583,.T.);
#1583 = EDGE_CURVE('',#1576,#1584,#1586,.T.);
#1584 = VERTEX_POINT('',#1585);
#1585 = CARTESIAN_POINT('',(143.60028723857,-127.0002540325,    9.004318008636E-02));
#1586 = CIRCLE('',#1587,0.400000762002);
#1587 = AXIS2_PLACEMENT_3D('',#1588,#1589,#1590);
#1588 = CARTESIAN_POINT('',(144.00028800057,-127.0002540325,    9.004318008636E-02));
#1589 = DIRECTION('',(0.,0.,1.));
#1590 = DIRECTION('',(1.,1.110223024625E-16,-0.));
#1591 = ORIENTED_EDGE('',*,*,#1592,.F.);
#1592 = EDGE_CURVE('',#1593,#1584,#1595,.T.);
#1593 = VERTEX_POINT('',#1594);
#1594 = CARTESIAN_POINT('',(143.60028723857,-127.0002540325,0.));
#1595 = LINE('',#1596,#1597);
#1596 = CARTESIAN_POINT('',(143.60028723857,-127.0002540325,0.));
#1597 = VECTOR('',#1598,1.);
#1598 = DIRECTION('',(0.,0.,1.));
#1599 = ORIENTED_EDGE('',*,*,#1600,.F.);
#1600 = EDGE_CURVE('',#1574,#1593,#1601,.T.);
#1601 = CIRCLE('',#1602,0.400000762002);
#1602 = AXIS2_PLACEMENT_3D('',#1603,#1604,#1605);
#1603 = CARTESIAN_POINT('',(144.00028800057,-127.0002540325,0.));
#1604 = DIRECTION('',(0.,0.,1.));
#1605 = DIRECTION('',(1.,1.110223024625E-16,-0.));
#1606 = CYLINDRICAL_SURFACE('',#1607,0.400000762002);
#1607 = AXIS2_PLACEMENT_3D('',#1608,#1609,#1610);
#1608 = CARTESIAN_POINT('',(144.00028800057,-127.0002540325,0.));
#1609 = DIRECTION('',(-0.,-0.,-1.));
#1610 = DIRECTION('',(1.,1.110223024625E-16,-0.));
#1611 = ADVANCED_FACE('',(#1612),#1630,.F.);
#1612 = FACE_BOUND('',#1613,.T.);
#1613 = EDGE_LOOP('',(#1614,#1615,#1622,#1623));
#1614 = ORIENTED_EDGE('',*,*,#1592,.T.);
#1615 = ORIENTED_EDGE('',*,*,#1616,.T.);
#1616 = EDGE_CURVE('',#1584,#1576,#1617,.T.);
#1617 = CIRCLE('',#1618,0.400000762002);
#1618 = AXIS2_PLACEMENT_3D('',#1619,#1620,#1621);
#1619 = CARTESIAN_POINT('',(144.00028800057,-127.0002540325,    9.004318008636E-02));
#1620 = DIRECTION('',(0.,0.,1.));
#1621 = DIRECTION('',(-1.,-1.110223024625E-16,0.));
#1622 = ORIENTED_EDGE('',*,*,#1573,.F.);
#1623 = ORIENTED_EDGE('',*,*,#1624,.F.);
#1624 = EDGE_CURVE('',#1593,#1574,#1625,.T.);
#1625 = CIRCLE('',#1626,0.400000762002);
#1626 = AXIS2_PLACEMENT_3D('',#1627,#1628,#1629);
#1627 = CARTESIAN_POINT('',(144.00028800057,-127.0002540325,0.));
#1628 = DIRECTION('',(0.,0.,1.));
#1629 = DIRECTION('',(-1.,-1.110223024625E-16,0.));
#1630 = CYLINDRICAL_SURFACE('',#1631,0.400000762002);
#1631 = AXIS2_PLACEMENT_3D('',#1632,#1633,#1634);
#1632 = CARTESIAN_POINT('',(144.00028800057,-127.0002540325,0.));
#1633 = DIRECTION('',(-0.,-0.,-1.));
#1634 = DIRECTION('',(-1.,-1.110223024625E-16,0.));
#1635 = ADVANCED_FACE('',(#1636),#1672,.F.);
#1636 = FACE_BOUND('',#1637,.T.);
#1637 = EDGE_LOOP('',(#1638,#1648,#1657,#1665));
#1638 = ORIENTED_EDGE('',*,*,#1639,.T.);
#1639 = EDGE_CURVE('',#1640,#1642,#1644,.T.);
#1640 = VERTEX_POINT('',#1641);
#1641 = CARTESIAN_POINT('',(148.10029617559,-103.5002070004,0.));
#1642 = VERTEX_POINT('',#1643);
#1643 = CARTESIAN_POINT('',(148.10029617559,-103.5002070004,    9.004318008636E-02));
#1644 = LINE('',#1645,#1646);
#1645 = CARTESIAN_POINT('',(148.10029617559,-103.5002070004,0.));
#1646 = VECTOR('',#1647,1.);
#1647 = DIRECTION('',(0.,0.,1.));
#1648 = ORIENTED_EDGE('',*,*,#1649,.T.);
#1649 = EDGE_CURVE('',#1642,#1650,#1652,.T.);
#1650 = VERTEX_POINT('',#1651);
#1651 = CARTESIAN_POINT('',(144.90028982558,-103.5002070004,    9.004318008636E-02));
#1652 = CIRCLE('',#1653,1.600003175006);
#1653 = AXIS2_PLACEMENT_3D('',#1654,#1655,#1656);
#1654 = CARTESIAN_POINT('',(146.50029300058,-103.5002070004,    9.004318008636E-02));
#1655 = DIRECTION('',(0.,0.,1.));
#1656 = DIRECTION('',(1.,1.110223024625E-16,-0.));
#1657 = ORIENTED_EDGE('',*,*,#1658,.F.);
#1658 = EDGE_CURVE('',#1659,#1650,#1661,.T.);
#1659 = VERTEX_POINT('',#1660);
#1660 = CARTESIAN_POINT('',(144.90028982558,-103.5002070004,0.));
#1661 = LINE('',#1662,#1663);
#1662 = CARTESIAN_POINT('',(144.90028982558,-103.5002070004,0.));
#1663 = VECTOR('',#1664,1.);
#1664 = DIRECTION('',(0.,0.,1.));
#1665 = ORIENTED_EDGE('',*,*,#1666,.F.);
#1666 = EDGE_CURVE('',#1640,#1659,#1667,.T.);
#1667 = CIRCLE('',#1668,1.600003175006);
#1668 = AXIS2_PLACEMENT_3D('',#1669,#1670,#1671);
#1669 = CARTESIAN_POINT('',(146.50029300058,-103.5002070004,0.));
#1670 = DIRECTION('',(0.,0.,1.));
#1671 = DIRECTION('',(1.,1.110223024625E-16,-0.));
#1672 = CYLINDRICAL_SURFACE('',#1673,1.600003175006);
#1673 = AXIS2_PLACEMENT_3D('',#1674,#1675,#1676);
#1674 = CARTESIAN_POINT('',(146.50029300058,-103.5002070004,0.));
#1675 = DIRECTION('',(-0.,-0.,-1.));
#1676 = DIRECTION('',(1.,1.110223024625E-16,-0.));
#1677 = ADVANCED_FACE('',(#1678),#1696,.F.);
#1678 = FACE_BOUND('',#1679,.T.);
#1679 = EDGE_LOOP('',(#1680,#1681,#1688,#1689));
#1680 = ORIENTED_EDGE('',*,*,#1658,.T.);
#1681 = ORIENTED_EDGE('',*,*,#1682,.T.);
#1682 = EDGE_CURVE('',#1650,#1642,#1683,.T.);
#1683 = CIRCLE('',#1684,1.600003175006);
#1684 = AXIS2_PLACEMENT_3D('',#1685,#1686,#1687);
#1685 = CARTESIAN_POINT('',(146.50029300058,-103.5002070004,    9.004318008636E-02));
#1686 = DIRECTION('',(0.,0.,1.));
#1687 = DIRECTION('',(-1.,-1.110223024625E-16,0.));
#1688 = ORIENTED_EDGE('',*,*,#1639,.F.);
#1689 = ORIENTED_EDGE('',*,*,#1690,.F.);
#1690 = EDGE_CURVE('',#1659,#1640,#1691,.T.);
#1691 = CIRCLE('',#1692,1.600003175006);
#1692 = AXIS2_PLACEMENT_3D('',#1693,#1694,#1695);
#1693 = CARTESIAN_POINT('',(146.50029300058,-103.5002070004,0.));
#1694 = DIRECTION('',(0.,0.,1.));
#1695 = DIRECTION('',(-1.,-1.110223024625E-16,0.));
#1696 = CYLINDRICAL_SURFACE('',#1697,1.600003175006);
#1697 = AXIS2_PLACEMENT_3D('',#1698,#1699,#1700);
#1698 = CARTESIAN_POINT('',(146.50029300058,-103.5002070004,0.));
#1699 = DIRECTION('',(-0.,-0.,-1.));
#1700 = DIRECTION('',(-1.,-1.110223024625E-16,0.));
#1701 = ADVANCED_FACE('',(#1702),#1738,.F.);
#1702 = FACE_BOUND('',#1703,.T.);
#1703 = EDGE_LOOP('',(#1704,#1714,#1723,#1731));
#1704 = ORIENTED_EDGE('',*,*,#1705,.T.);
#1705 = EDGE_CURVE('',#1706,#1708,#1710,.T.);
#1706 = VERTEX_POINT('',#1707);
#1707 = CARTESIAN_POINT('',(148.10029617559,-146.5002930005,0.));
#1708 = VERTEX_POINT('',#1709);
#1709 = CARTESIAN_POINT('',(148.10029617559,-146.5002930005,    9.004318008636E-02));
#1710 = LINE('',#1711,#1712);
#1711 = CARTESIAN_POINT('',(148.10029617559,-146.5002930005,0.));
#1712 = VECTOR('',#1713,1.);
#1713 = DIRECTION('',(0.,0.,1.));
#1714 = ORIENTED_EDGE('',*,*,#1715,.T.);
#1715 = EDGE_CURVE('',#1708,#1716,#1718,.T.);
#1716 = VERTEX_POINT('',#1717);
#1717 = CARTESIAN_POINT('',(144.90028982558,-146.5002930005,    9.004318008636E-02));
#1718 = CIRCLE('',#1719,1.600003175006);
#1719 = AXIS2_PLACEMENT_3D('',#1720,#1721,#1722);
#1720 = CARTESIAN_POINT('',(146.50029300058,-146.5002930005,    9.004318008636E-02));
#1721 = DIRECTION('',(0.,0.,1.));
#1722 = DIRECTION('',(1.,1.110223024625E-16,-0.));
#1723 = ORIENTED_EDGE('',*,*,#1724,.F.);
#1724 = EDGE_CURVE('',#1725,#1716,#1727,.T.);
#1725 = VERTEX_POINT('',#1726);
#1726 = CARTESIAN_POINT('',(144.90028982558,-146.5002930005,0.));
#1727 = LINE('',#1728,#1729);
#1728 = CARTESIAN_POINT('',(144.90028982558,-146.5002930005,0.));
#1729 = VECTOR('',#1730,1.);
#1730 = DIRECTION('',(0.,0.,1.));
#1731 = ORIENTED_EDGE('',*,*,#1732,.F.);
#1732 = EDGE_CURVE('',#1706,#1725,#1733,.T.);
#1733 = CIRCLE('',#1734,1.600003175006);
#1734 = AXIS2_PLACEMENT_3D('',#1735,#1736,#1737);
#1735 = CARTESIAN_POINT('',(146.50029300058,-146.5002930005,0.));
#1736 = DIRECTION('',(0.,0.,1.));
#1737 = DIRECTION('',(1.,1.110223024625E-16,-0.));
#1738 = CYLINDRICAL_SURFACE('',#1739,1.600003175006);
#1739 = AXIS2_PLACEMENT_3D('',#1740,#1741,#1742);
#1740 = CARTESIAN_POINT('',(146.50029300058,-146.5002930005,0.));
#1741 = DIRECTION('',(-0.,-0.,-1.));
#1742 = DIRECTION('',(1.,1.110223024625E-16,-0.));
#1743 = ADVANCED_FACE('',(#1744),#1762,.F.);
#1744 = FACE_BOUND('',#1745,.T.);
#1745 = EDGE_LOOP('',(#1746,#1747,#1754,#1755));
#1746 = ORIENTED_EDGE('',*,*,#1724,.T.);
#1747 = ORIENTED_EDGE('',*,*,#1748,.T.);
#1748 = EDGE_CURVE('',#1716,#1708,#1749,.T.);
#1749 = CIRCLE('',#1750,1.600003175006);
#1750 = AXIS2_PLACEMENT_3D('',#1751,#1752,#1753);
#1751 = CARTESIAN_POINT('',(146.50029300058,-146.5002930005,    9.004318008636E-02));
#1752 = DIRECTION('',(0.,0.,1.));
#1753 = DIRECTION('',(-1.,-1.110223024625E-16,0.));
#1754 = ORIENTED_EDGE('',*,*,#1705,.F.);
#1755 = ORIENTED_EDGE('',*,*,#1756,.F.);
#1756 = EDGE_CURVE('',#1725,#1706,#1757,.T.);
#1757 = CIRCLE('',#1758,1.600003175006);
#1758 = AXIS2_PLACEMENT_3D('',#1759,#1760,#1761);
#1759 = CARTESIAN_POINT('',(146.50029300058,-146.5002930005,0.));
#1760 = DIRECTION('',(0.,0.,1.));
#1761 = DIRECTION('',(-1.,-1.110223024625E-16,0.));
#1762 = CYLINDRICAL_SURFACE('',#1763,1.600003175006);
#1763 = AXIS2_PLACEMENT_3D('',#1764,#1765,#1766);
#1764 = CARTESIAN_POINT('',(146.50029300058,-146.5002930005,0.));
#1765 = DIRECTION('',(-0.,-0.,-1.));
#1766 = DIRECTION('',(-1.,-1.110223024625E-16,0.));
#1767 = ADVANCED_FACE('',(#1768,#1778,#1782,#1786,#1790,#1794,#1798,    #1802,#1806,#1810,#1814,#1818,#1822,#1826,#1830,#1834,#1838,#1842,    #1846,#1850,#1854,#1858,#1862),#1866,.T.);
#1768 = FACE_BOUND('',#1769,.T.);
#1769 = EDGE_LOOP('',(#1770,#1771,#1772,#1773,#1774,#1775,#1776,#1777));
#1770 = ORIENTED_EDGE('',*,*,#90,.T.);
#1771 = ORIENTED_EDGE('',*,*,#122,.T.);
#1772 = ORIENTED_EDGE('',*,*,#154,.T.);
#1773 = ORIENTED_EDGE('',*,*,#186,.T.);
#1774 = ORIENTED_EDGE('',*,*,#218,.T.);
#1775 = ORIENTED_EDGE('',*,*,#250,.T.);
#1776 = ORIENTED_EDGE('',*,*,#282,.T.);
#1777 = ORIENTED_EDGE('',*,*,#305,.T.);
#1778 = FACE_BOUND('',#1779,.T.);
#1779 = EDGE_LOOP('',(#1780,#1781));
#1780 = ORIENTED_EDGE('',*,*,#346,.T.);
#1781 = ORIENTED_EDGE('',*,*,#370,.T.);
#1782 = FACE_BOUND('',#1783,.T.);
#1783 = EDGE_LOOP('',(#1784,#1785));
#1784 = ORIENTED_EDGE('',*,*,#412,.T.);
#1785 = ORIENTED_EDGE('',*,*,#436,.T.);
#1786 = FACE_BOUND('',#1787,.T.);
#1787 = EDGE_LOOP('',(#1788,#1789));
#1788 = ORIENTED_EDGE('',*,*,#478,.T.);
#1789 = ORIENTED_EDGE('',*,*,#502,.T.);
#1790 = FACE_BOUND('',#1791,.T.);
#1791 = EDGE_LOOP('',(#1792,#1793));
#1792 = ORIENTED_EDGE('',*,*,#544,.T.);
#1793 = ORIENTED_EDGE('',*,*,#568,.T.);
#1794 = FACE_BOUND('',#1795,.T.);
#1795 = EDGE_LOOP('',(#1796,#1797));
#1796 = ORIENTED_EDGE('',*,*,#610,.T.);
#1797 = ORIENTED_EDGE('',*,*,#634,.T.);
#1798 = FACE_BOUND('',#1799,.T.);
#1799 = EDGE_LOOP('',(#1800,#1801));
#1800 = ORIENTED_EDGE('',*,*,#676,.T.);
#1801 = ORIENTED_EDGE('',*,*,#700,.T.);
#1802 = FACE_BOUND('',#1803,.T.);
#1803 = EDGE_LOOP('',(#1804,#1805));
#1804 = ORIENTED_EDGE('',*,*,#742,.T.);
#1805 = ORIENTED_EDGE('',*,*,#766,.T.);
#1806 = FACE_BOUND('',#1807,.T.);
#1807 = EDGE_LOOP('',(#1808,#1809));
#1808 = ORIENTED_EDGE('',*,*,#808,.T.);
#1809 = ORIENTED_EDGE('',*,*,#832,.T.);
#1810 = FACE_BOUND('',#1811,.T.);
#1811 = EDGE_LOOP('',(#1812,#1813));
#1812 = ORIENTED_EDGE('',*,*,#874,.T.);
#1813 = ORIENTED_EDGE('',*,*,#898,.T.);
#1814 = FACE_BOUND('',#1815,.T.);
#1815 = EDGE_LOOP('',(#1816,#1817));
#1816 = ORIENTED_EDGE('',*,*,#940,.T.);
#1817 = ORIENTED_EDGE('',*,*,#964,.T.);
#1818 = FACE_BOUND('',#1819,.T.);
#1819 = EDGE_LOOP('',(#1820,#1821));
#1820 = ORIENTED_EDGE('',*,*,#1006,.T.);
#1821 = ORIENTED_EDGE('',*,*,#1030,.T.);
#1822 = FACE_BOUND('',#1823,.T.);
#1823 = EDGE_LOOP('',(#1824,#1825));
#1824 = ORIENTED_EDGE('',*,*,#1072,.T.);
#1825 = ORIENTED_EDGE('',*,*,#1096,.T.);
#1826 = FACE_BOUND('',#1827,.T.);
#1827 = EDGE_LOOP('',(#1828,#1829));
#1828 = ORIENTED_EDGE('',*,*,#1138,.T.);
#1829 = ORIENTED_EDGE('',*,*,#1162,.T.);
#1830 = FACE_BOUND('',#1831,.T.);
#1831 = EDGE_LOOP('',(#1832,#1833));
#1832 = ORIENTED_EDGE('',*,*,#1204,.T.);
#1833 = ORIENTED_EDGE('',*,*,#1228,.T.);
#1834 = FACE_BOUND('',#1835,.T.);
#1835 = EDGE_LOOP('',(#1836,#1837));
#1836 = ORIENTED_EDGE('',*,*,#1270,.T.);
#1837 = ORIENTED_EDGE('',*,*,#1294,.T.);
#1838 = FACE_BOUND('',#1839,.T.);
#1839 = EDGE_LOOP('',(#1840,#1841));
#1840 = ORIENTED_EDGE('',*,*,#1336,.T.);
#1841 = ORIENTED_EDGE('',*,*,#1360,.T.);
#1842 = FACE_BOUND('',#1843,.T.);
#1843 = EDGE_LOOP('',(#1844,#1845));
#1844 = ORIENTED_EDGE('',*,*,#1402,.T.);
#1845 = ORIENTED_EDGE('',*,*,#1426,.T.);
#1846 = FACE_BOUND('',#1847,.T.);
#1847 = EDGE_LOOP('',(#1848,#1849));
#1848 = ORIENTED_EDGE('',*,*,#1468,.T.);
#1849 = ORIENTED_EDGE('',*,*,#1492,.T.);
#1850 = FACE_BOUND('',#1851,.T.);
#1851 = EDGE_LOOP('',(#1852,#1853));
#1852 = ORIENTED_EDGE('',*,*,#1534,.T.);
#1853 = ORIENTED_EDGE('',*,*,#1558,.T.);
#1854 = FACE_BOUND('',#1855,.T.);
#1855 = EDGE_LOOP('',(#1856,#1857));
#1856 = ORIENTED_EDGE('',*,*,#1600,.T.);
#1857 = ORIENTED_EDGE('',*,*,#1624,.T.);
#1858 = FACE_BOUND('',#1859,.T.);
#1859 = EDGE_LOOP('',(#1860,#1861));
#1860 = ORIENTED_EDGE('',*,*,#1666,.T.);
#1861 = ORIENTED_EDGE('',*,*,#1690,.T.);
#1862 = FACE_BOUND('',#1863,.T.);
#1863 = EDGE_LOOP('',(#1864,#1865));
#1864 = ORIENTED_EDGE('',*,*,#1732,.T.);
#1865 = ORIENTED_EDGE('',*,*,#1756,.T.);
#1866 = PLANE('',#1867);
#1867 = AXIS2_PLACEMENT_3D('',#1868,#1869,#1870);
#1868 = CARTESIAN_POINT('',(125.0002499365,-125.0002499365,0.));
#1869 = DIRECTION('',(-0.,-0.,-1.));
#1870 = DIRECTION('',(-1.,0.,0.));
#1871 = ADVANCED_FACE('',(#1872,#1882,#1886,#1890,#1894,#1898,#1902,    #1906,#1910,#1914,#1918,#1922,#1926,#1930,#1934,#1938,#1942,#1946,    #1950,#1954,#1958,#1962,#1966),#1970,.F.);
#1872 = FACE_BOUND('',#1873,.F.);
#1873 = EDGE_LOOP('',(#1874,#1875,#1876,#1877,#1878,#1879,#1880,#1881));
#1874 = ORIENTED_EDGE('',*,*,#73,.T.);
#1875 = ORIENTED_EDGE('',*,*,#106,.T.);
#1876 = ORIENTED_EDGE('',*,*,#137,.T.);
#1877 = ORIENTED_EDGE('',*,*,#170,.T.);
#1878 = ORIENTED_EDGE('',*,*,#201,.T.);
#1879 = ORIENTED_EDGE('',*,*,#234,.T.);
#1880 = ORIENTED_EDGE('',*,*,#265,.T.);
#1881 = ORIENTED_EDGE('',*,*,#298,.T.);
#1882 = FACE_BOUND('',#1883,.F.);
#1883 = EDGE_LOOP('',(#1884,#1885));
#1884 = ORIENTED_EDGE('',*,*,#329,.T.);
#1885 = ORIENTED_EDGE('',*,*,#362,.T.);
#1886 = FACE_BOUND('',#1887,.F.);
#1887 = EDGE_LOOP('',(#1888,#1889));
#1888 = ORIENTED_EDGE('',*,*,#395,.T.);
#1889 = ORIENTED_EDGE('',*,*,#428,.T.);
#1890 = FACE_BOUND('',#1891,.F.);
#1891 = EDGE_LOOP('',(#1892,#1893));
#1892 = ORIENTED_EDGE('',*,*,#461,.T.);
#1893 = ORIENTED_EDGE('',*,*,#494,.T.);
#1894 = FACE_BOUND('',#1895,.F.);
#1895 = EDGE_LOOP('',(#1896,#1897));
#1896 = ORIENTED_EDGE('',*,*,#527,.T.);
#1897 = ORIENTED_EDGE('',*,*,#560,.T.);
#1898 = FACE_BOUND('',#1899,.F.);
#1899 = EDGE_LOOP('',(#1900,#1901));
#1900 = ORIENTED_EDGE('',*,*,#593,.T.);
#1901 = ORIENTED_EDGE('',*,*,#626,.T.);
#1902 = FACE_BOUND('',#1903,.F.);
#1903 = EDGE_LOOP('',(#1904,#1905));
#1904 = ORIENTED_EDGE('',*,*,#659,.T.);
#1905 = ORIENTED_EDGE('',*,*,#692,.T.);
#1906 = FACE_BOUND('',#1907,.F.);
#1907 = EDGE_LOOP('',(#1908,#1909));
#1908 = ORIENTED_EDGE('',*,*,#725,.T.);
#1909 = ORIENTED_EDGE('',*,*,#758,.T.);
#1910 = FACE_BOUND('',#1911,.F.);
#1911 = EDGE_LOOP('',(#1912,#1913));
#1912 = ORIENTED_EDGE('',*,*,#791,.T.);
#1913 = ORIENTED_EDGE('',*,*,#824,.T.);
#1914 = FACE_BOUND('',#1915,.F.);
#1915 = EDGE_LOOP('',(#1916,#1917));
#1916 = ORIENTED_EDGE('',*,*,#857,.T.);
#1917 = ORIENTED_EDGE('',*,*,#890,.T.);
#1918 = FACE_BOUND('',#1919,.F.);
#1919 = EDGE_LOOP('',(#1920,#1921));
#1920 = ORIENTED_EDGE('',*,*,#923,.T.);
#1921 = ORIENTED_EDGE('',*,*,#956,.T.);
#1922 = FACE_BOUND('',#1923,.F.);
#1923 = EDGE_LOOP('',(#1924,#1925));
#1924 = ORIENTED_EDGE('',*,*,#989,.T.);
#1925 = ORIENTED_EDGE('',*,*,#1022,.T.);
#1926 = FACE_BOUND('',#1927,.F.);
#1927 = EDGE_LOOP('',(#1928,#1929));
#1928 = ORIENTED_EDGE('',*,*,#1055,.T.);
#1929 = ORIENTED_EDGE('',*,*,#1088,.T.);
#1930 = FACE_BOUND('',#1931,.F.);
#1931 = EDGE_LOOP('',(#1932,#1933));
#1932 = ORIENTED_EDGE('',*,*,#1121,.T.);
#1933 = ORIENTED_EDGE('',*,*,#1154,.T.);
#1934 = FACE_BOUND('',#1935,.F.);
#1935 = EDGE_LOOP('',(#1936,#1937));
#1936 = ORIENTED_EDGE('',*,*,#1187,.T.);
#1937 = ORIENTED_EDGE('',*,*,#1220,.T.);
#1938 = FACE_BOUND('',#1939,.F.);
#1939 = EDGE_LOOP('',(#1940,#1941));
#1940 = ORIENTED_EDGE('',*,*,#1253,.T.);
#1941 = ORIENTED_EDGE('',*,*,#1286,.T.);
#1942 = FACE_BOUND('',#1943,.F.);
#1943 = EDGE_LOOP('',(#1944,#1945));
#1944 = ORIENTED_EDGE('',*,*,#1319,.T.);
#1945 = ORIENTED_EDGE('',*,*,#1352,.T.);
#1946 = FACE_BOUND('',#1947,.F.);
#1947 = EDGE_LOOP('',(#1948,#1949));
#1948 = ORIENTED_EDGE('',*,*,#1385,.T.);
#1949 = ORIENTED_EDGE('',*,*,#1418,.T.);
#1950 = FACE_BOUND('',#1951,.F.);
#1951 = EDGE_LOOP('',(#1952,#1953));
#1952 = ORIENTED_EDGE('',*,*,#1451,.T.);
#1953 = ORIENTED_EDGE('',*,*,#1484,.T.);
#1954 = FACE_BOUND('',#1955,.F.);
#1955 = EDGE_LOOP('',(#1956,#1957));
#1956 = ORIENTED_EDGE('',*,*,#1517,.T.);
#1957 = ORIENTED_EDGE('',*,*,#1550,.T.);
#1958 = FACE_BOUND('',#1959,.F.);
#1959 = EDGE_LOOP('',(#1960,#1961));
#1960 = ORIENTED_EDGE('',*,*,#1583,.T.);
#1961 = ORIENTED_EDGE('',*,*,#1616,.T.);
#1962 = FACE_BOUND('',#1963,.F.);
#1963 = EDGE_LOOP('',(#1964,#1965));
#1964 = ORIENTED_EDGE('',*,*,#1649,.T.);
#1965 = ORIENTED_EDGE('',*,*,#1682,.T.);
#1966 = FACE_BOUND('',#1967,.F.);
#1967 = EDGE_LOOP('',(#1968,#1969));
#1968 = ORIENTED_EDGE('',*,*,#1715,.T.);
#1969 = ORIENTED_EDGE('',*,*,#1748,.T.);
#1970 = PLANE('',#1971);
#1971 = AXIS2_PLACEMENT_3D('',#1972,#1973,#1974);
#1972 = CARTESIAN_POINT('',(125.0002499365,-125.0002499365,    9.004318008636E-02));
#1973 = DIRECTION('',(-0.,-0.,-1.));
#1974 = DIRECTION('',(-1.,0.,0.));
#1975 = ( GEOMETRIC_REPRESENTATION_CONTEXT(3) GLOBAL_UNCERTAINTY_ASSIGNED_CONTEXT((#1979)) GLOBAL_UNIT_ASSIGNED_CONTEXT((#1976,#1977,#1978)) REPRESENTATION_CONTEXT('Context #1','3D Context with UNIT and UNCERTAINTY') );
#1976 = ( LENGTH_UNIT() NAMED_UNIT(*) SI_UNIT(.MILLI.,.METRE.) );
#1977 = ( NAMED_UNIT(*) PLANE_ANGLE_UNIT() SI_UNIT($,.RADIAN.) );
#1978 = ( NAMED_UNIT(*) SI_UNIT($,.STERADIAN.) SOLID_ANGLE_UNIT() );
#1979 = UNCERTAINTY_MEASURE_WITH_UNIT(LENGTH_MEASURE(1.E-07),#1976,  'distance_accuracy_value','confusion accuracy');
#1980 = CONTEXT_DEPENDENT_SHAPE_REPRESENTATION(#1981,#1983);
#1981 = ( REPRESENTATION_RELATIONSHIP('','',#56,#10) REPRESENTATION_RELATIONSHIP_WITH_TRANSFORMATION(#1982) SHAPE_REPRESENTATION_RELATIONSHIP() );
#1982 = ITEM_DEFINED_TRANSFORMATION('','',#11,#15);
#1983 = PRODUCT_DEFINITION_SHAPE('Placement','Placement of an item',  #1984);
#1984 = NEXT_ASSEMBLY_USAGE_OCCURRENCE('1','=>[0:1:1:2]','',#5,#51,$);
#1985 = PRODUCT_RELATED_PRODUCT_CATEGORY('part',$,(#53));
#1986 = SHAPE_DEFINITION_REPRESENTATION(#1987,#1993);
#1987 = PRODUCT_DEFINITION_SHAPE('','',#1988);
#1988 = PRODUCT_DEFINITION('design','',#1989,#1992);
#1989 = PRODUCT_DEFINITION_FORMATION('','',#1990);
#1990 = PRODUCT('TopCopper~GHZ8','TopCopper~GHZ8','',(#1991));
#1991 = PRODUCT_CONTEXT('',#2,'mechanical');
#1992 = PRODUCT_DEFINITION_CONTEXT('part definition',#2,'design');
#1993 = SHAPE_REPRESENTATION('',(#11),#1994);
#1994 = ( GEOMETRIC_REPRESENTATION_CONTEXT(3) GLOBAL_UNCERTAINTY_ASSIGNED_CONTEXT((#1998)) GLOBAL_UNIT_ASSIGNED_CONTEXT((#1995,#1996,#1997)) REPRESENTATION_CONTEXT('Context #1','3D Context with UNIT and UNCERTAINTY') );
#1995 = ( LENGTH_UNIT() NAMED_UNIT(*) SI_UNIT(.MILLI.,.METRE.) );
#1996 = ( NAMED_UNIT(*) PLANE_ANGLE_UNIT() SI_UNIT($,.RADIAN.) );
#1997 = ( NAMED_UNIT(*) SI_UNIT($,.STERADIAN.) SOLID_ANGLE_UNIT() );
#1998 = UNCERTAINTY_MEASURE_WITH_UNIT(LENGTH_MEASURE(1.E-07),#1995,  'distance_accuracy_value','confusion accuracy');
#1999 = CONTEXT_DEPENDENT_SHAPE_REPRESENTATION(#2000,#2002);
#2000 = ( REPRESENTATION_RELATIONSHIP('','',#1993,#10) REPRESENTATION_RELATIONSHIP_WITH_TRANSFORMATION(#2001) SHAPE_REPRESENTATION_RELATIONSHIP() );
#2001 = ITEM_DEFINED_TRANSFORMATION('','',#11,#19);
#2002 = PRODUCT_DEFINITION_SHAPE('Placement','Placement of an item',  #2003);
#2003 = NEXT_ASSEMBLY_USAGE_OCCURRENCE('2','=>[0:1:1:3]','',#5,#1988,$);
#2004 = PRODUCT_RELATED_PRODUCT_CATEGORY('part',$,(#1990));
#2005 = SHAPE_DEFINITION_REPRESENTATION(#2006,#2012);
#2006 = PRODUCT_DEFINITION_SHAPE('','',#2007);
#2007 = PRODUCT_DEFINITION('design','',#2008,#2011);
#2008 = PRODUCT_DEFINITION_FORMATION('','',#2009);
#2009 = PRODUCT('BottomCopper~GHZ8','BottomCopper~GHZ8','',(#2010));
#2010 = PRODUCT_CONTEXT('',#2,'mechanical');
#2011 = PRODUCT_DEFINITION_CONTEXT('part definition',#2,'design');
#2012 = SHAPE_REPRESENTATION('',(#11),#2013);
#2013 = ( GEOMETRIC_REPRESENTATION_CONTEXT(3) GLOBAL_UNCERTAINTY_ASSIGNED_CONTEXT((#2017)) GLOBAL_UNIT_ASSIGNED_CONTEXT((#2014,#2015,#2016)) REPRESENTATION_CONTEXT('Context #1','3D Context with UNIT and UNCERTAINTY') );
#2014 = ( LENGTH_UNIT() NAMED_UNIT(*) SI_UNIT(.MILLI.,.METRE.) );
#2015 = ( NAMED_UNIT(*) PLANE_ANGLE_UNIT() SI_UNIT($,.RADIAN.) );
#2016 = ( NAMED_UNIT(*) SI_UNIT($,.STERADIAN.) SOLID_ANGLE_UNIT() );
#2017 = UNCERTAINTY_MEASURE_WITH_UNIT(LENGTH_MEASURE(1.E-07),#2014,  'distance_accuracy_value','confusion accuracy');
#2018 = CONTEXT_DEPENDENT_SHAPE_REPRESENTATION(#2019,#2021);
#2019 = ( REPRESENTATION_RELATIONSHIP('','',#2012,#10) REPRESENTATION_RELATIONSHIP_WITH_TRANSFORMATION(#2020) SHAPE_REPRESENTATION_RELATIONSHIP() );
#2020 = ITEM_DEFINED_TRANSFORMATION('','',#11,#23);
#2021 = PRODUCT_DEFINITION_SHAPE('Placement','Placement of an item',  #2022);
#2022 = NEXT_ASSEMBLY_USAGE_OCCURRENCE('3','=>[0:1:1:4]','',#5,#2007,$);
#2023 = PRODUCT_RELATED_PRODUCT_CATEGORY('part',$,(#2009));
#2024 = SHAPE_DEFINITION_REPRESENTATION(#2025,#2031);
#2025 = PRODUCT_DEFINITION_SHAPE('','',#2026);
#2026 = PRODUCT_DEFINITION('design','',#2027,#2030);
#2027 = PRODUCT_DEFINITION_FORMATION('','',#2028);
#2028 = PRODUCT('TopSilkscreen~GHZ8','TopSilkscreen~GHZ8','',(#2029));
#2029 = PRODUCT_CONTEXT('',#2,'mechanical');
#2030 = PRODUCT_DEFINITION_CONTEXT('part definition',#2,'design');
#2031 = SHAPE_REPRESENTATION('',(#11),#2032);
#2032 = ( GEOMETRIC_REPRESENTATION_CONTEXT(3) GLOBAL_UNCERTAINTY_ASSIGNED_CONTEXT((#2036)) GLOBAL_UNIT_ASSIGNED_CONTEXT((#2033,#2034,#2035)) REPRESENTATION_CONTEXT('Context #1','3D Context with UNIT and UNCERTAINTY') );
#2033 = ( LENGTH_UNIT() NAMED_UNIT(*) SI_UNIT(.MILLI.,.METRE.) );
#2034 = ( NAMED_UNIT(*) PLANE_ANGLE_UNIT() SI_UNIT($,.RADIAN.) );
#2035 = ( NAMED_UNIT(*) SI_UNIT($,.STERADIAN.) SOLID_ANGLE_UNIT() );
#2036 = UNCERTAINTY_MEASURE_WITH_UNIT(LENGTH_MEASURE(1.E-07),#2033,  'distance_accuracy_value','confusion accuracy');
#2037 = CONTEXT_DEPENDENT_SHAPE_REPRESENTATION(#2038,#2040);
#2038 = ( REPRESENTATION_RELATIONSHIP('','',#2031,#10) REPRESENTATION_RELATIONSHIP_WITH_TRANSFORMATION(#2039) SHAPE_REPRESENTATION_RELATIONSHIP() );
#2039 = ITEM_DEFINED_TRANSFORMATION('','',#11,#27);
#2040 = PRODUCT_DEFINITION_SHAPE('Placement','Placement of an item',  #2041);
#2041 = NEXT_ASSEMBLY_USAGE_OCCURRENCE('4','=>[0:1:1:5]','',#5,#2026,$);
#2042 = PRODUCT_RELATED_PRODUCT_CATEGORY('part',$,(#2028));
#2043 = SHAPE_DEFINITION_REPRESENTATION(#2044,#2050);
#2044 = PRODUCT_DEFINITION_SHAPE('','',#2045);
#2045 = PRODUCT_DEFINITION('design','',#2046,#2049);
#2046 = PRODUCT_DEFINITION_FORMATION('','',#2047);
#2047 = PRODUCT('BottomSilkscreen~GHZ8','BottomSilkscreen~GHZ8','',(    #2048));
#2048 = PRODUCT_CONTEXT('',#2,'mechanical');
#2049 = PRODUCT_DEFINITION_CONTEXT('part definition',#2,'design');
#2050 = SHAPE_REPRESENTATION('',(#11),#2051);
#2051 = ( GEOMETRIC_REPRESENTATION_CONTEXT(3) GLOBAL_UNCERTAINTY_ASSIGNED_CONTEXT((#2055)) GLOBAL_UNIT_ASSIGNED_CONTEXT((#2052,#2053,#2054)) REPRESENTATION_CONTEXT('Context #1','3D Context with UNIT and UNCERTAINTY') );
#2052 = ( LENGTH_UNIT() NAMED_UNIT(*) SI_UNIT(.MILLI.,.METRE.) );
#2053 = ( NAMED_UNIT(*) PLANE_ANGLE_UNIT() SI_UNIT($,.RADIAN.) );
#2054 = ( NAMED_UNIT(*) SI_UNIT($,.STERADIAN.) SOLID_ANGLE_UNIT() );
#2055 = UNCERTAINTY_MEASURE_WITH_UNIT(LENGTH_MEASURE(1.E-07),#2052,  'distance_accuracy_value','confusion accuracy');
#2056 = CONTEXT_DEPENDENT_SHAPE_REPRESENTATION(#2057,#2059);
#2057 = ( REPRESENTATION_RELATIONSHIP('','',#2050,#10) REPRESENTATION_RELATIONSHIP_WITH_TRANSFORMATION(#2058) SHAPE_REPRESENTATION_RELATIONSHIP() );
#2058 = ITEM_DEFINED_TRANSFORMATION('','',#11,#31);
#2059 = PRODUCT_DEFINITION_SHAPE('Placement','Placement of an item',  #2060);
#2060 = NEXT_ASSEMBLY_USAGE_OCCURRENCE('5','=>[0:1:1:6]','',#5,#2045,$);
#2061 = PRODUCT_RELATED_PRODUCT_CATEGORY('part',$,(#2047));
#2062 = SHAPE_DEFINITION_REPRESENTATION(#2063,#2069);
#2063 = PRODUCT_DEFINITION_SHAPE('','',#2064);
#2064 = PRODUCT_DEFINITION('design','',#2065,#2068);
#2065 = PRODUCT_DEFINITION_FORMATION('','',#2066);
#2066 = PRODUCT('TopFpcStiffener~GHZ8','TopFpcStiffener~GHZ8','',(#2067)  );
#2067 = PRODUCT_CONTEXT('',#2,'mechanical');
#2068 = PRODUCT_DEFINITION_CONTEXT('part definition',#2,'design');
#2069 = SHAPE_REPRESENTATION('',(#11),#2070);
#2070 = ( GEOMETRIC_REPRESENTATION_CONTEXT(3) GLOBAL_UNCERTAINTY_ASSIGNED_CONTEXT((#2074)) GLOBAL_UNIT_ASSIGNED_CONTEXT((#2071,#2072,#2073)) REPRESENTATION_CONTEXT('Context #1','3D Context with UNIT and UNCERTAINTY') );
#2071 = ( LENGTH_UNIT() NAMED_UNIT(*) SI_UNIT(.MILLI.,.METRE.) );
#2072 = ( NAMED_UNIT(*) PLANE_ANGLE_UNIT() SI_UNIT($,.RADIAN.) );
#2073 = ( NAMED_UNIT(*) SI_UNIT($,.STERADIAN.) SOLID_ANGLE_UNIT() );
#2074 = UNCERTAINTY_MEASURE_WITH_UNIT(LENGTH_MEASURE(1.E-07),#2071,  'distance_accuracy_value','confusion accuracy');
#2075 = CONTEXT_DEPENDENT_SHAPE_REPRESENTATION(#2076,#2078);
#2076 = ( REPRESENTATION_RELATIONSHIP('','',#2069,#10) REPRESENTATION_RELATIONSHIP_WITH_TRANSFORMATION(#2077) SHAPE_REPRESENTATION_RELATIONSHIP() );
#2077 = ITEM_DEFINED_TRANSFORMATION('','',#11,#35);
#2078 = PRODUCT_DEFINITION_SHAPE('Placement','Placement of an item',  #2079);
#2079 = NEXT_ASSEMBLY_USAGE_OCCURRENCE('6','=>[0:1:1:7]','',#5,#2064,$);
#2080 = PRODUCT_RELATED_PRODUCT_CATEGORY('part',$,(#2066));
#2081 = SHAPE_DEFINITION_REPRESENTATION(#2082,#2088);
#2082 = PRODUCT_DEFINITION_SHAPE('','',#2083);
#2083 = PRODUCT_DEFINITION('design','',#2084,#2087);
#2084 = PRODUCT_DEFINITION_FORMATION('','',#2085);
#2085 = PRODUCT('BottomFpcStiffener~GHZ8','BottomFpcStiffener~GHZ8','',(    #2086));
#2086 = PRODUCT_CONTEXT('',#2,'mechanical');
#2087 = PRODUCT_DEFINITION_CONTEXT('part definition',#2,'design');
#2088 = SHAPE_REPRESENTATION('',(#11),#2089);
#2089 = ( GEOMETRIC_REPRESENTATION_CONTEXT(3) GLOBAL_UNCERTAINTY_ASSIGNED_CONTEXT((#2093)) GLOBAL_UNIT_ASSIGNED_CONTEXT((#2090,#2091,#2092)) REPRESENTATION_CONTEXT('Context #1','3D Context with UNIT and UNCERTAINTY') );
#2090 = ( LENGTH_UNIT() NAMED_UNIT(*) SI_UNIT(.MILLI.,.METRE.) );
#2091 = ( NAMED_UNIT(*) PLANE_ANGLE_UNIT() SI_UNIT($,.RADIAN.) );
#2092 = ( NAMED_UNIT(*) SI_UNIT($,.STERADIAN.) SOLID_ANGLE_UNIT() );
#2093 = UNCERTAINTY_MEASURE_WITH_UNIT(LENGTH_MEASURE(1.E-07),#2090,  'distance_accuracy_value','confusion accuracy');
#2094 = CONTEXT_DEPENDENT_SHAPE_REPRESENTATION(#2095,#2097);
#2095 = ( REPRESENTATION_RELATIONSHIP('','',#2088,#10) REPRESENTATION_RELATIONSHIP_WITH_TRANSFORMATION(#2096) SHAPE_REPRESENTATION_RELATIONSHIP() );
#2096 = ITEM_DEFINED_TRANSFORMATION('','',#11,#39);
#2097 = PRODUCT_DEFINITION_SHAPE('Placement','Placement of an item',  #2098);
#2098 = NEXT_ASSEMBLY_USAGE_OCCURRENCE('7','=>[0:1:1:8]','',#5,#2083,$);
#2099 = PRODUCT_RELATED_PRODUCT_CATEGORY('part',$,(#2085));
#2100 = MECHANICAL_DESIGN_GEOMETRIC_PRESENTATION_REPRESENTATION('',(    #2101,#2111,#2119,#2126,#2133,#2140,#2147,#2154,#2161,#2168,#2175,    #2182,#2189,#2196,#2203,#2210,#2217,#2224,#2231,#2238,#2245,#2252,    #2259,#2266,#2273,#2280,#2287,#2294,#2301,#2308,#2315,#2322,#2329,    #2336,#2343,#2350,#2357,#2364,#2371,#2378,#2385,#2392,#2399,#2406,    #2413,#2420,#2427,#2434,#2441,#2448,#2455,#2462,#2469),#1975);
#2101 = STYLED_ITEM('color',(#2102),#57);
#2102 = PRESENTATION_STYLE_ASSIGNMENT((#2103,#2109));
#2103 = SURFACE_STYLE_USAGE(.BOTH.,#2104);
#2104 = SURFACE_SIDE_STYLE('',(#2105));
#2105 = SURFACE_STYLE_FILL_AREA(#2106);
#2106 = FILL_AREA_STYLE('',(#2107));
#2107 = FILL_AREA_STYLE_COLOUR('',#2108);
#2108 = COLOUR_RGB('',0.,0.417002959305,0.637991923926);
#2109 = CURVE_STYLE('',#2110,POSITIVE_LENGTH_MEASURE(0.1),#2108);
#2110 = DRAUGHTING_PRE_DEFINED_CURVE_FONT('continuous');
#2111 = OVER_RIDING_STYLED_ITEM('overriding color',(#2112),#59,#2101);
#2112 = PRESENTATION_STYLE_ASSIGNMENT((#2113));
#2113 = SURFACE_STYLE_USAGE(.BOTH.,#2114);
#2114 = SURFACE_SIDE_STYLE('',(#2115));
#2115 = SURFACE_STYLE_FILL_AREA(#2116);
#2116 = FILL_AREA_STYLE('',(#2117));
#2117 = FILL_AREA_STYLE_COLOUR('',#2118);
#2118 = COLOUR_RGB('',0.937179583391,0.9357410338,0.649182888601);
#2119 = OVER_RIDING_STYLED_ITEM('overriding color',(#2120),#101,#2101);
#2120 = PRESENTATION_STYLE_ASSIGNMENT((#2121));
#2121 = SURFACE_STYLE_USAGE(.BOTH.,#2122);
#2122 = SURFACE_SIDE_STYLE('',(#2123));
#2123 = SURFACE_STYLE_FILL_AREA(#2124);
#2124 = FILL_AREA_STYLE('',(#2125));
#2125 = FILL_AREA_STYLE_COLOUR('',#2118);
#2126 = OVER_RIDING_STYLED_ITEM('overriding color',(#2127),#132,#2101);
#2127 = PRESENTATION_STYLE_ASSIGNMENT((#2128));
#2128 = SURFACE_STYLE_USAGE(.BOTH.,#2129);
#2129 = SURFACE_SIDE_STYLE('',(#2130));
#2130 = SURFACE_STYLE_FILL_AREA(#2131);
#2131 = FILL_AREA_STYLE('',(#2132));
#2132 = FILL_AREA_STYLE_COLOUR('',#2118);
#2133 = OVER_RIDING_STYLED_ITEM('overriding color',(#2134),#165,#2101);
#2134 = PRESENTATION_STYLE_ASSIGNMENT((#2135));
#2135 = SURFACE_STYLE_USAGE(.BOTH.,#2136);
#2136 = SURFACE_SIDE_STYLE('',(#2137));
#2137 = SURFACE_STYLE_FILL_AREA(#2138);
#2138 = FILL_AREA_STYLE('',(#2139));
#2139 = FILL_AREA_STYLE_COLOUR('',#2118);
#2140 = OVER_RIDING_STYLED_ITEM('overriding color',(#2141),#196,#2101);
#2141 = PRESENTATION_STYLE_ASSIGNMENT((#2142));
#2142 = SURFACE_STYLE_USAGE(.BOTH.,#2143);
#2143 = SURFACE_SIDE_STYLE('',(#2144));
#2144 = SURFACE_STYLE_FILL_AREA(#2145);
#2145 = FILL_AREA_STYLE('',(#2146));
#2146 = FILL_AREA_STYLE_COLOUR('',#2118);
#2147 = OVER_RIDING_STYLED_ITEM('overriding color',(#2148),#229,#2101);
#2148 = PRESENTATION_STYLE_ASSIGNMENT((#2149));
#2149 = SURFACE_STYLE_USAGE(.BOTH.,#2150);
#2150 = SURFACE_SIDE_STYLE('',(#2151));
#2151 = SURFACE_STYLE_FILL_AREA(#2152);
#2152 = FILL_AREA_STYLE('',(#2153));
#2153 = FILL_AREA_STYLE_COLOUR('',#2118);
#2154 = OVER_RIDING_STYLED_ITEM('overriding color',(#2155),#260,#2101);
#2155 = PRESENTATION_STYLE_ASSIGNMENT((#2156));
#2156 = SURFACE_STYLE_USAGE(.BOTH.,#2157);
#2157 = SURFACE_SIDE_STYLE('',(#2158));
#2158 = SURFACE_STYLE_FILL_AREA(#2159);
#2159 = FILL_AREA_STYLE('',(#2160));
#2160 = FILL_AREA_STYLE_COLOUR('',#2118);
#2161 = OVER_RIDING_STYLED_ITEM('overriding color',(#2162),#293,#2101);
#2162 = PRESENTATION_STYLE_ASSIGNMENT((#2163));
#2163 = SURFACE_STYLE_USAGE(.BOTH.,#2164);
#2164 = SURFACE_SIDE_STYLE('',(#2165));
#2165 = SURFACE_STYLE_FILL_AREA(#2166);
#2166 = FILL_AREA_STYLE('',(#2167));
#2167 = FILL_AREA_STYLE_COLOUR('',#2118);
#2168 = OVER_RIDING_STYLED_ITEM('overriding color',(#2169),#315,#2101);
#2169 = PRESENTATION_STYLE_ASSIGNMENT((#2170));
#2170 = SURFACE_STYLE_USAGE(.BOTH.,#2171);
#2171 = SURFACE_SIDE_STYLE('',(#2172));
#2172 = SURFACE_STYLE_FILL_AREA(#2173);
#2173 = FILL_AREA_STYLE('',(#2174));
#2174 = FILL_AREA_STYLE_COLOUR('',#2118);
#2175 = OVER_RIDING_STYLED_ITEM('overriding color',(#2176),#357,#2101);
#2176 = PRESENTATION_STYLE_ASSIGNMENT((#2177));
#2177 = SURFACE_STYLE_USAGE(.BOTH.,#2178);
#2178 = SURFACE_SIDE_STYLE('',(#2179));
#2179 = SURFACE_STYLE_FILL_AREA(#2180);
#2180 = FILL_AREA_STYLE('',(#2181));
#2181 = FILL_AREA_STYLE_COLOUR('',#2118);
#2182 = OVER_RIDING_STYLED_ITEM('overriding color',(#2183),#381,#2101);
#2183 = PRESENTATION_STYLE_ASSIGNMENT((#2184));
#2184 = SURFACE_STYLE_USAGE(.BOTH.,#2185);
#2185 = SURFACE_SIDE_STYLE('',(#2186));
#2186 = SURFACE_STYLE_FILL_AREA(#2187);
#2187 = FILL_AREA_STYLE('',(#2188));
#2188 = FILL_AREA_STYLE_COLOUR('',#2118);
#2189 = OVER_RIDING_STYLED_ITEM('overriding color',(#2190),#423,#2101);
#2190 = PRESENTATION_STYLE_ASSIGNMENT((#2191));
#2191 = SURFACE_STYLE_USAGE(.BOTH.,#2192);
#2192 = SURFACE_SIDE_STYLE('',(#2193));
#2193 = SURFACE_STYLE_FILL_AREA(#2194);
#2194 = FILL_AREA_STYLE('',(#2195));
#2195 = FILL_AREA_STYLE_COLOUR('',#2118);
#2196 = OVER_RIDING_STYLED_ITEM('overriding color',(#2197),#447,#2101);
#2197 = PRESENTATION_STYLE_ASSIGNMENT((#2198));
#2198 = SURFACE_STYLE_USAGE(.BOTH.,#2199);
#2199 = SURFACE_SIDE_STYLE('',(#2200));
#2200 = SURFACE_STYLE_FILL_AREA(#2201);
#2201 = FILL_AREA_STYLE('',(#2202));
#2202 = FILL_AREA_STYLE_COLOUR('',#2118);
#2203 = OVER_RIDING_STYLED_ITEM('overriding color',(#2204),#489,#2101);
#2204 = PRESENTATION_STYLE_ASSIGNMENT((#2205));
#2205 = SURFACE_STYLE_USAGE(.BOTH.,#2206);
#2206 = SURFACE_SIDE_STYLE('',(#2207));
#2207 = SURFACE_STYLE_FILL_AREA(#2208);
#2208 = FILL_AREA_STYLE('',(#2209));
#2209 = FILL_AREA_STYLE_COLOUR('',#2118);
#2210 = OVER_RIDING_STYLED_ITEM('overriding color',(#2211),#513,#2101);
#2211 = PRESENTATION_STYLE_ASSIGNMENT((#2212));
#2212 = SURFACE_STYLE_USAGE(.BOTH.,#2213);
#2213 = SURFACE_SIDE_STYLE('',(#2214));
#2214 = SURFACE_STYLE_FILL_AREA(#2215);
#2215 = FILL_AREA_STYLE('',(#2216));
#2216 = FILL_AREA_STYLE_COLOUR('',#2118);
#2217 = OVER_RIDING_STYLED_ITEM('overriding color',(#2218),#555,#2101);
#2218 = PRESENTATION_STYLE_ASSIGNMENT((#2219));
#2219 = SURFACE_STYLE_USAGE(.BOTH.,#2220);
#2220 = SURFACE_SIDE_STYLE('',(#2221));
#2221 = SURFACE_STYLE_FILL_AREA(#2222);
#2222 = FILL_AREA_STYLE('',(#2223));
#2223 = FILL_AREA_STYLE_COLOUR('',#2118);
#2224 = OVER_RIDING_STYLED_ITEM('overriding color',(#2225),#579,#2101);
#2225 = PRESENTATION_STYLE_ASSIGNMENT((#2226));
#2226 = SURFACE_STYLE_USAGE(.BOTH.,#2227);
#2227 = SURFACE_SIDE_STYLE('',(#2228));
#2228 = SURFACE_STYLE_FILL_AREA(#2229);
#2229 = FILL_AREA_STYLE('',(#2230));
#2230 = FILL_AREA_STYLE_COLOUR('',#2118);
#2231 = OVER_RIDING_STYLED_ITEM('overriding color',(#2232),#621,#2101);
#2232 = PRESENTATION_STYLE_ASSIGNMENT((#2233));
#2233 = SURFACE_STYLE_USAGE(.BOTH.,#2234);
#2234 = SURFACE_SIDE_STYLE('',(#2235));
#2235 = SURFACE_STYLE_FILL_AREA(#2236);
#2236 = FILL_AREA_STYLE('',(#2237));
#2237 = FILL_AREA_STYLE_COLOUR('',#2118);
#2238 = OVER_RIDING_STYLED_ITEM('overriding color',(#2239),#645,#2101);
#2239 = PRESENTATION_STYLE_ASSIGNMENT((#2240));
#2240 = SURFACE_STYLE_USAGE(.BOTH.,#2241);
#2241 = SURFACE_SIDE_STYLE('',(#2242));
#2242 = SURFACE_STYLE_FILL_AREA(#2243);
#2243 = FILL_AREA_STYLE('',(#2244));
#2244 = FILL_AREA_STYLE_COLOUR('',#2118);
#2245 = OVER_RIDING_STYLED_ITEM('overriding color',(#2246),#687,#2101);
#2246 = PRESENTATION_STYLE_ASSIGNMENT((#2247));
#2247 = SURFACE_STYLE_USAGE(.BOTH.,#2248);
#2248 = SURFACE_SIDE_STYLE('',(#2249));
#2249 = SURFACE_STYLE_FILL_AREA(#2250);
#2250 = FILL_AREA_STYLE('',(#2251));
#2251 = FILL_AREA_STYLE_COLOUR('',#2118);
#2252 = OVER_RIDING_STYLED_ITEM('overriding color',(#2253),#711,#2101);
#2253 = PRESENTATION_STYLE_ASSIGNMENT((#2254));
#2254 = SURFACE_STYLE_USAGE(.BOTH.,#2255);
#2255 = SURFACE_SIDE_STYLE('',(#2256));
#2256 = SURFACE_STYLE_FILL_AREA(#2257);
#2257 = FILL_AREA_STYLE('',(#2258));
#2258 = FILL_AREA_STYLE_COLOUR('',#2118);
#2259 = OVER_RIDING_STYLED_ITEM('overriding color',(#2260),#753,#2101);
#2260 = PRESENTATION_STYLE_ASSIGNMENT((#2261));
#2261 = SURFACE_STYLE_USAGE(.BOTH.,#2262);
#2262 = SURFACE_SIDE_STYLE('',(#2263));
#2263 = SURFACE_STYLE_FILL_AREA(#2264);
#2264 = FILL_AREA_STYLE('',(#2265));
#2265 = FILL_AREA_STYLE_COLOUR('',#2118);
#2266 = OVER_RIDING_STYLED_ITEM('overriding color',(#2267),#777,#2101);
#2267 = PRESENTATION_STYLE_ASSIGNMENT((#2268));
#2268 = SURFACE_STYLE_USAGE(.BOTH.,#2269);
#2269 = SURFACE_SIDE_STYLE('',(#2270));
#2270 = SURFACE_STYLE_FILL_AREA(#2271);
#2271 = FILL_AREA_STYLE('',(#2272));
#2272 = FILL_AREA_STYLE_COLOUR('',#2118);
#2273 = OVER_RIDING_STYLED_ITEM('overriding color',(#2274),#819,#2101);
#2274 = PRESENTATION_STYLE_ASSIGNMENT((#2275));
#2275 = SURFACE_STYLE_USAGE(.BOTH.,#2276);
#2276 = SURFACE_SIDE_STYLE('',(#2277));
#2277 = SURFACE_STYLE_FILL_AREA(#2278);
#2278 = FILL_AREA_STYLE('',(#2279));
#2279 = FILL_AREA_STYLE_COLOUR('',#2118);
#2280 = OVER_RIDING_STYLED_ITEM('overriding color',(#2281),#843,#2101);
#2281 = PRESENTATION_STYLE_ASSIGNMENT((#2282));
#2282 = SURFACE_STYLE_USAGE(.BOTH.,#2283);
#2283 = SURFACE_SIDE_STYLE('',(#2284));
#2284 = SURFACE_STYLE_FILL_AREA(#2285);
#2285 = FILL_AREA_STYLE('',(#2286));
#2286 = FILL_AREA_STYLE_COLOUR('',#2118);
#2287 = OVER_RIDING_STYLED_ITEM('overriding color',(#2288),#885,#2101);
#2288 = PRESENTATION_STYLE_ASSIGNMENT((#2289));
#2289 = SURFACE_STYLE_USAGE(.BOTH.,#2290);
#2290 = SURFACE_SIDE_STYLE('',(#2291));
#2291 = SURFACE_STYLE_FILL_AREA(#2292);
#2292 = FILL_AREA_STYLE('',(#2293));
#2293 = FILL_AREA_STYLE_COLOUR('',#2118);
#2294 = OVER_RIDING_STYLED_ITEM('overriding color',(#2295),#909,#2101);
#2295 = PRESENTATION_STYLE_ASSIGNMENT((#2296));
#2296 = SURFACE_STYLE_USAGE(.BOTH.,#2297);
#2297 = SURFACE_SIDE_STYLE('',(#2298));
#2298 = SURFACE_STYLE_FILL_AREA(#2299);
#2299 = FILL_AREA_STYLE('',(#2300));
#2300 = FILL_AREA_STYLE_COLOUR('',#2118);
#2301 = OVER_RIDING_STYLED_ITEM('overriding color',(#2302),#951,#2101);
#2302 = PRESENTATION_STYLE_ASSIGNMENT((#2303));
#2303 = SURFACE_STYLE_USAGE(.BOTH.,#2304);
#2304 = SURFACE_SIDE_STYLE('',(#2305));
#2305 = SURFACE_STYLE_FILL_AREA(#2306);
#2306 = FILL_AREA_STYLE('',(#2307));
#2307 = FILL_AREA_STYLE_COLOUR('',#2118);
#2308 = OVER_RIDING_STYLED_ITEM('overriding color',(#2309),#975,#2101);
#2309 = PRESENTATION_STYLE_ASSIGNMENT((#2310));
#2310 = SURFACE_STYLE_USAGE(.BOTH.,#2311);
#2311 = SURFACE_SIDE_STYLE('',(#2312));
#2312 = SURFACE_STYLE_FILL_AREA(#2313);
#2313 = FILL_AREA_STYLE('',(#2314));
#2314 = FILL_AREA_STYLE_COLOUR('',#2118);
#2315 = OVER_RIDING_STYLED_ITEM('overriding color',(#2316),#1017,#2101);
#2316 = PRESENTATION_STYLE_ASSIGNMENT((#2317));
#2317 = SURFACE_STYLE_USAGE(.BOTH.,#2318);
#2318 = SURFACE_SIDE_STYLE('',(#2319));
#2319 = SURFACE_STYLE_FILL_AREA(#2320);
#2320 = FILL_AREA_STYLE('',(#2321));
#2321 = FILL_AREA_STYLE_COLOUR('',#2118);
#2322 = OVER_RIDING_STYLED_ITEM('overriding color',(#2323),#1041,#2101);
#2323 = PRESENTATION_STYLE_ASSIGNMENT((#2324));
#2324 = SURFACE_STYLE_USAGE(.BOTH.,#2325);
#2325 = SURFACE_SIDE_STYLE('',(#2326));
#2326 = SURFACE_STYLE_FILL_AREA(#2327);
#2327 = FILL_AREA_STYLE('',(#2328));
#2328 = FILL_AREA_STYLE_COLOUR('',#2118);
#2329 = OVER_RIDING_STYLED_ITEM('overriding color',(#2330),#1083,#2101);
#2330 = PRESENTATION_STYLE_ASSIGNMENT((#2331));
#2331 = SURFACE_STYLE_USAGE(.BOTH.,#2332);
#2332 = SURFACE_SIDE_STYLE('',(#2333));
#2333 = SURFACE_STYLE_FILL_AREA(#2334);
#2334 = FILL_AREA_STYLE('',(#2335));
#2335 = FILL_AREA_STYLE_COLOUR('',#2118);
#2336 = OVER_RIDING_STYLED_ITEM('overriding color',(#2337),#1107,#2101);
#2337 = PRESENTATION_STYLE_ASSIGNMENT((#2338));
#2338 = SURFACE_STYLE_USAGE(.BOTH.,#2339);
#2339 = SURFACE_SIDE_STYLE('',(#2340));
#2340 = SURFACE_STYLE_FILL_AREA(#2341);
#2341 = FILL_AREA_STYLE('',(#2342));
#2342 = FILL_AREA_STYLE_COLOUR('',#2118);
#2343 = OVER_RIDING_STYLED_ITEM('overriding color',(#2344),#1149,#2101);
#2344 = PRESENTATION_STYLE_ASSIGNMENT((#2345));
#2345 = SURFACE_STYLE_USAGE(.BOTH.,#2346);
#2346 = SURFACE_SIDE_STYLE('',(#2347));
#2347 = SURFACE_STYLE_FILL_AREA(#2348);
#2348 = FILL_AREA_STYLE('',(#2349));
#2349 = FILL_AREA_STYLE_COLOUR('',#2118);
#2350 = OVER_RIDING_STYLED_ITEM('overriding color',(#2351),#1173,#2101);
#2351 = PRESENTATION_STYLE_ASSIGNMENT((#2352));
#2352 = SURFACE_STYLE_USAGE(.BOTH.,#2353);
#2353 = SURFACE_SIDE_STYLE('',(#2354));
#2354 = SURFACE_STYLE_FILL_AREA(#2355);
#2355 = FILL_AREA_STYLE('',(#2356));
#2356 = FILL_AREA_STYLE_COLOUR('',#2118);
#2357 = OVER_RIDING_STYLED_ITEM('overriding color',(#2358),#1215,#2101);
#2358 = PRESENTATION_STYLE_ASSIGNMENT((#2359));
#2359 = SURFACE_STYLE_USAGE(.BOTH.,#2360);
#2360 = SURFACE_SIDE_STYLE('',(#2361));
#2361 = SURFACE_STYLE_FILL_AREA(#2362);
#2362 = FILL_AREA_STYLE('',(#2363));
#2363 = FILL_AREA_STYLE_COLOUR('',#2118);
#2364 = OVER_RIDING_STYLED_ITEM('overriding color',(#2365),#1239,#2101);
#2365 = PRESENTATION_STYLE_ASSIGNMENT((#2366));
#2366 = SURFACE_STYLE_USAGE(.BOTH.,#2367);
#2367 = SURFACE_SIDE_STYLE('',(#2368));
#2368 = SURFACE_STYLE_FILL_AREA(#2369);
#2369 = FILL_AREA_STYLE('',(#2370));
#2370 = FILL_AREA_STYLE_COLOUR('',#2118);
#2371 = OVER_RIDING_STYLED_ITEM('overriding color',(#2372),#1281,#2101);
#2372 = PRESENTATION_STYLE_ASSIGNMENT((#2373));
#2373 = SURFACE_STYLE_USAGE(.BOTH.,#2374);
#2374 = SURFACE_SIDE_STYLE('',(#2375));
#2375 = SURFACE_STYLE_FILL_AREA(#2376);
#2376 = FILL_AREA_STYLE('',(#2377));
#2377 = FILL_AREA_STYLE_COLOUR('',#2118);
#2378 = OVER_RIDING_STYLED_ITEM('overriding color',(#2379),#1305,#2101);
#2379 = PRESENTATION_STYLE_ASSIGNMENT((#2380));
#2380 = SURFACE_STYLE_USAGE(.BOTH.,#2381);
#2381 = SURFACE_SIDE_STYLE('',(#2382));
#2382 = SURFACE_STYLE_FILL_AREA(#2383);
#2383 = FILL_AREA_STYLE('',(#2384));
#2384 = FILL_AREA_STYLE_COLOUR('',#2118);
#2385 = OVER_RIDING_STYLED_ITEM('overriding color',(#2386),#1347,#2101);
#2386 = PRESENTATION_STYLE_ASSIGNMENT((#2387));
#2387 = SURFACE_STYLE_USAGE(.BOTH.,#2388);
#2388 = SURFACE_SIDE_STYLE('',(#2389));
#2389 = SURFACE_STYLE_FILL_AREA(#2390);
#2390 = FILL_AREA_STYLE('',(#2391));
#2391 = FILL_AREA_STYLE_COLOUR('',#2118);
#2392 = OVER_RIDING_STYLED_ITEM('overriding color',(#2393),#1371,#2101);
#2393 = PRESENTATION_STYLE_ASSIGNMENT((#2394));
#2394 = SURFACE_STYLE_USAGE(.BOTH.,#2395);
#2395 = SURFACE_SIDE_STYLE('',(#2396));
#2396 = SURFACE_STYLE_FILL_AREA(#2397);
#2397 = FILL_AREA_STYLE('',(#2398));
#2398 = FILL_AREA_STYLE_COLOUR('',#2118);
#2399 = OVER_RIDING_STYLED_ITEM('overriding color',(#2400),#1413,#2101);
#2400 = PRESENTATION_STYLE_ASSIGNMENT((#2401));
#2401 = SURFACE_STYLE_USAGE(.BOTH.,#2402);
#2402 = SURFACE_SIDE_STYLE('',(#2403));
#2403 = SURFACE_STYLE_FILL_AREA(#2404);
#2404 = FILL_AREA_STYLE('',(#2405));
#2405 = FILL_AREA_STYLE_COLOUR('',#2118);
#2406 = OVER_RIDING_STYLED_ITEM('overriding color',(#2407),#1437,#2101);
#2407 = PRESENTATION_STYLE_ASSIGNMENT((#2408));
#2408 = SURFACE_STYLE_USAGE(.BOTH.,#2409);
#2409 = SURFACE_SIDE_STYLE('',(#2410));
#2410 = SURFACE_STYLE_FILL_AREA(#2411);
#2411 = FILL_AREA_STYLE('',(#2412));
#2412 = FILL_AREA_STYLE_COLOUR('',#2118);
#2413 = OVER_RIDING_STYLED_ITEM('overriding color',(#2414),#1479,#2101);
#2414 = PRESENTATION_STYLE_ASSIGNMENT((#2415));
#2415 = SURFACE_STYLE_USAGE(.BOTH.,#2416);
#2416 = SURFACE_SIDE_STYLE('',(#2417));
#2417 = SURFACE_STYLE_FILL_AREA(#2418);
#2418 = FILL_AREA_STYLE('',(#2419));
#2419 = FILL_AREA_STYLE_COLOUR('',#2118);
#2420 = OVER_RIDING_STYLED_ITEM('overriding color',(#2421),#1503,#2101);
#2421 = PRESENTATION_STYLE_ASSIGNMENT((#2422));
#2422 = SURFACE_STYLE_USAGE(.BOTH.,#2423);
#2423 = SURFACE_SIDE_STYLE('',(#2424));
#2424 = SURFACE_STYLE_FILL_AREA(#2425);
#2425 = FILL_AREA_STYLE('',(#2426));
#2426 = FILL_AREA_STYLE_COLOUR('',#2118);
#2427 = OVER_RIDING_STYLED_ITEM('overriding color',(#2428),#1545,#2101);
#2428 = PRESENTATION_STYLE_ASSIGNMENT((#2429));
#2429 = SURFACE_STYLE_USAGE(.BOTH.,#2430);
#2430 = SURFACE_SIDE_STYLE('',(#2431));
#2431 = SURFACE_STYLE_FILL_AREA(#2432);
#2432 = FILL_AREA_STYLE('',(#2433));
#2433 = FILL_AREA_STYLE_COLOUR('',#2118);
#2434 = OVER_RIDING_STYLED_ITEM('overriding color',(#2435),#1569,#2101);
#2435 = PRESENTATION_STYLE_ASSIGNMENT((#2436));
#2436 = SURFACE_STYLE_USAGE(.BOTH.,#2437);
#2437 = SURFACE_SIDE_STYLE('',(#2438));
#2438 = SURFACE_STYLE_FILL_AREA(#2439);
#2439 = FILL_AREA_STYLE('',(#2440));
#2440 = FILL_AREA_STYLE_COLOUR('',#2118);
#2441 = OVER_RIDING_STYLED_ITEM('overriding color',(#2442),#1611,#2101);
#2442 = PRESENTATION_STYLE_ASSIGNMENT((#2443));
#2443 = SURFACE_STYLE_USAGE(.BOTH.,#2444);
#2444 = SURFACE_SIDE_STYLE('',(#2445));
#2445 = SURFACE_STYLE_FILL_AREA(#2446);
#2446 = FILL_AREA_STYLE('',(#2447));
#2447 = FILL_AREA_STYLE_COLOUR('',#2118);
#2448 = OVER_RIDING_STYLED_ITEM('overriding color',(#2449),#1635,#2101);
#2449 = PRESENTATION_STYLE_ASSIGNMENT((#2450));
#2450 = SURFACE_STYLE_USAGE(.BOTH.,#2451);
#2451 = SURFACE_SIDE_STYLE('',(#2452));
#2452 = SURFACE_STYLE_FILL_AREA(#2453);
#2453 = FILL_AREA_STYLE('',(#2454));
#2454 = FILL_AREA_STYLE_COLOUR('',#2118);
#2455 = OVER_RIDING_STYLED_ITEM('overriding color',(#2456),#1677,#2101);
#2456 = PRESENTATION_STYLE_ASSIGNMENT((#2457));
#2457 = SURFACE_STYLE_USAGE(.BOTH.,#2458);
#2458 = SURFACE_SIDE_STYLE('',(#2459));
#2459 = SURFACE_STYLE_FILL_AREA(#2460);
#2460 = FILL_AREA_STYLE('',(#2461));
#2461 = FILL_AREA_STYLE_COLOUR('',#2118);
#2462 = OVER_RIDING_STYLED_ITEM('overriding color',(#2463),#1701,#2101);
#2463 = PRESENTATION_STYLE_ASSIGNMENT((#2464));
#2464 = SURFACE_STYLE_USAGE(.BOTH.,#2465);
#2465 = SURFACE_SIDE_STYLE('',(#2466));
#2466 = SURFACE_STYLE_FILL_AREA(#2467);
#2467 = FILL_AREA_STYLE('',(#2468));
#2468 = FILL_AREA_STYLE_COLOUR('',#2118);
#2469 = OVER_RIDING_STYLED_ITEM('overriding color',(#2470),#1743,#2101);
#2470 = PRESENTATION_STYLE_ASSIGNMENT((#2471));
#2471 = SURFACE_STYLE_USAGE(.BOTH.,#2472);
#2472 = SURFACE_SIDE_STYLE('',(#2473));
#2473 = SURFACE_STYLE_FILL_AREA(#2474);
#2474 = FILL_AREA_STYLE('',(#2475));
#2475 = FILL_AREA_STYLE_COLOUR('',#2118);


ENDSEC;
END-ISO-10303-21;