solid OpenSCAD_Model
  facet normal 0.99863 0.0523179 -0
    outer loop
      vertex 2.1 0 0
      vertex 2.0885 0.219509 5.55472
      vertex 2.1 0 5.56041
    endloop
  endfacet
  facet normal 0.99863 0.0523179 0
    outer loop
      vertex 2.0885 0.219509 5.55472
      vertex 2.1 0 0
      vertex 2.0885 0.219509 0
    endloop
  endfacet
  facet normal -0.99863 0.0523179 0
    outer loop
      vertex -2.1 0 0
      vertex -2.0885 0.219509 6
      vertex -2.0885 0.219509 0
    endloop
  endfacet
  facet normal -0.99863 0.0523179 0
    outer loop
      vertex -2.0885 0.219509 6
      vertex -2.1 0 0
      vertex -2.1 0 6
    endloop
  endfacet
  facet normal 0.0521761 0.998638 5.30966e-06
    outer loop
      vertex 0 2.1 0
      vertex 0.168022 2.09119 5.88764
      vertex 0.219509 2.0885 5.87696
    endloop
  endfacet
  facet normal 0.0523179 0.99863 0
    outer loop
      vertex 0 2.1 0
      vertex 0.219509 2.0885 5.87696
      vertex 0.219509 2.0885 0
    endloop
  endfacet
  facet normal 0.0523617 0.998628 0
    outer loop
      vertex 0.168022 2.09119 5.88764
      vertex 0 2.1 0
      vertex 0 2.1 5.92249
    endloop
  endfacet
  facet normal 0.707021 0.707193 0
    outer loop
      vertex 1.44631 1.51947 5.64116
      vertex 1.40517 1.5606 0
      vertex 1.40517 1.5606 5.64826
    endloop
  endfacet
  facet normal 0.707138 0.707076 -1.70247e-06
    outer loop
      vertex 1.5606 1.40517 5.62146
      vertex 1.40517 1.5606 0
      vertex 1.44631 1.51947 5.64116
    endloop
  endfacet
  facet normal 0.707107 0.707107 0
    outer loop
      vertex 1.40517 1.5606 0
      vertex 1.5606 1.40517 5.62146
      vertex 1.5606 1.40517 0
    endloop
  endfacet
  facet normal -0.629355 0.777118 0
    outer loop
      vertex -1.23435 1.69894 0
      vertex -1.40517 1.5606 6
      vertex -1.23435 1.69894 6
    endloop
  endfacet
  facet normal -0.629355 0.777118 0
    outer loop
      vertex -1.40517 1.5606 6
      vertex -1.23435 1.69894 0
      vertex -1.40517 1.5606 0
    endloop
  endfacet
  facet normal -0.258814 0.965927 0
    outer loop
      vertex -0.436614 2.05411 0
      vertex -0.648935 1.99722 6
      vertex -0.436614 2.05411 6
    endloop
  endfacet
  facet normal -0.258814 0.965927 0
    outer loop
      vertex -0.648935 1.99722 6
      vertex -0.436614 2.05411 0
      vertex -0.648935 1.99722 0
    endloop
  endfacet
  facet normal 0.891011 0.453981 0
    outer loop
      vertex 1.91844 0.854146 5.56689
      vertex 1.81865 1.05 0
      vertex 1.81865 1.05 5.58055
    endloop
  endfacet
  facet normal 0.891011 0.453981 0
    outer loop
      vertex 1.81865 1.05 0
      vertex 1.91844 0.854146 5.56689
      vertex 1.91844 0.854146 0
    endloop
  endfacet
  facet normal 0.358395 0.93357 0
    outer loop
      vertex 0.648935 1.99722 0
      vertex 0.854146 1.91844 5.75039
      vertex 0.854146 1.91844 0
    endloop
  endfacet
  facet normal 0.358395 0.93357 0
    outer loop
      vertex 0.854146 1.91844 5.75039
      vertex 0.648935 1.99722 0
      vertex 0.648935 1.99722 5.79044
    endloop
  endfacet
  facet normal 0.258778 0.965937 9.23153e-07
    outer loop
      vertex 0.436614 2.05411 0
      vertex 0.476533 2.04341 5.82483
      vertex 0.56776 2.01897 5.80663
    endloop
  endfacet
  facet normal 0.25881 0.965928 1.30565e-07
    outer loop
      vertex 0.436614 2.05411 0
      vertex 0.56776 2.01897 5.80663
      vertex 0.648935 1.99722 5.79044
    endloop
  endfacet
  facet normal 0.258814 0.965927 0
    outer loop
      vertex 0.436614 2.05411 0
      vertex 0.648935 1.99722 5.79044
      vertex 0.648935 1.99722 0
    endloop
  endfacet
  facet normal 0.258903 0.965903 0
    outer loop
      vertex 0.476533 2.04341 5.82483
      vertex 0.436614 2.05411 0
      vertex 0.436614 2.05411 5.83279
    endloop
  endfacet
  facet normal -0.838688 0.544613 0
    outer loop
      vertex -1.81865 1.05 0
      vertex -1.69894 1.23435 6
      vertex -1.69894 1.23435 0
    endloop
  endfacet
  facet normal -0.838688 0.544613 0
    outer loop
      vertex -1.69894 1.23435 6
      vertex -1.81865 1.05 0
      vertex -1.81865 1.05 6
    endloop
  endfacet
  facet normal -0.777118 0.629355 0
    outer loop
      vertex -1.69894 1.23435 0
      vertex -1.5606 1.40517 6
      vertex -1.5606 1.40517 0
    endloop
  endfacet
  facet normal -0.777118 0.629355 0
    outer loop
      vertex -1.5606 1.40517 6
      vertex -1.69894 1.23435 0
      vertex -1.69894 1.23435 6
    endloop
  endfacet
  facet normal -0.156487 0.98768 -0.000247403
    outer loop
      vertex -0.219509 2.0885 5.96886
      vertex -0.436614 2.05411 6
      vertex -0.36422 2.06558 6
    endloop
  endfacet
  facet normal -0.156452 0.987686 0
    outer loop
      vertex -0.436614 2.05411 0
      vertex -0.219509 2.0885 5.96886
      vertex -0.219509 2.0885 0
    endloop
  endfacet
  facet normal -0.156452 0.987686 0
    outer loop
      vertex -0.219509 2.0885 5.96886
      vertex -0.436614 2.05411 0
      vertex -0.436614 2.05411 6
    endloop
  endfacet
  facet normal 0.891011 -0.453981 0
    outer loop
      vertex 1.81865 -1.05 0
      vertex 1.91844 -0.854146 5.62994
      vertex 1.81865 -1.05 5.65806
    endloop
  endfacet
  facet normal 0.891011 -0.453981 0
    outer loop
      vertex 1.91844 -0.854146 5.62994
      vertex 1.81865 -1.05 0
      vertex 1.91844 -0.854146 0
    endloop
  endfacet
  facet normal 0.258814 -0.965927 0
    outer loop
      vertex 0.436614 -2.05411 0
      vertex 0.648935 -1.99722 5.93788
      vertex 0.436614 -2.05411 5.98442
    endloop
  endfacet
  facet normal 0.258814 -0.965927 0
    outer loop
      vertex 0.648935 -1.99722 5.93788
      vertex 0.436614 -2.05411 0
      vertex 0.648935 -1.99722 0
    endloop
  endfacet
  facet normal 0.707107 -0.707107 0
    outer loop
      vertex 1.40517 -1.5606 0
      vertex 1.5606 -1.40517 5.72519
      vertex 1.40517 -1.5606 5.76346
    endloop
  endfacet
  facet normal 0.707107 -0.707107 0
    outer loop
      vertex 1.5606 -1.40517 5.72519
      vertex 1.40517 -1.5606 0
      vertex 1.5606 -1.40517 0
    endloop
  endfacet
  facet normal 0.965925 -0.258823 3.70063e-07
    outer loop
      vertex 1.99722 -0.648935 0
      vertex 2.05411 -0.436614 5.58613
      vertex 2.02654 -0.539505 5.5957
    endloop
  endfacet
  facet normal 0.96593 -0.258805 0
    outer loop
      vertex 1.99722 -0.648935 0
      vertex 2.02654 -0.539505 5.5957
      vertex 1.99722 -0.648935 5.60588
    endloop
  endfacet
  facet normal 0.965927 -0.258814 0
    outer loop
      vertex 2.05411 -0.436614 5.58613
      vertex 1.99722 -0.648935 0
      vertex 2.05411 -0.436614 0
    endloop
  endfacet
  facet normal -0.358395 -0.93357 0
    outer loop
      vertex -0.854146 -1.91844 0
      vertex -0.648935 -1.99722 6
      vertex -0.854146 -1.91844 6
    endloop
  endfacet
  facet normal -0.358395 -0.93357 -0
    outer loop
      vertex -0.648935 -1.99722 6
      vertex -0.854146 -1.91844 0
      vertex -0.648935 -1.99722 0
    endloop
  endfacet
  facet normal -0.777118 -0.629355 0
    outer loop
      vertex -1.5606 -1.40517 0
      vertex -1.69894 -1.23435 6
      vertex -1.69894 -1.23435 0
    endloop
  endfacet
  facet normal -0.777118 -0.629355 0
    outer loop
      vertex -1.69894 -1.23435 6
      vertex -1.5606 -1.40517 0
      vertex -1.5606 -1.40517 6
    endloop
  endfacet
  facet normal -0.838688 -0.544613 0
    outer loop
      vertex -1.69894 -1.23435 0
      vertex -1.81865 -1.05 6
      vertex -1.81865 -1.05 0
    endloop
  endfacet
  facet normal -0.838688 -0.544613 0
    outer loop
      vertex -1.81865 -1.05 6
      vertex -1.69894 -1.23435 0
      vertex -1.69894 -1.23435 6
    endloop
  endfacet
  facet normal 0 0 -1
    outer loop
      vertex 2.0885 -0.219509 0
      vertex 2.0885 0.219509 0
      vertex 2.1 0 0
    endloop
  endfacet
  facet normal 0 0 -1
    outer loop
      vertex 2.05411 -0.436614 0
      vertex 2.0885 0.219509 0
      vertex 2.0885 -0.219509 0
    endloop
  endfacet
  facet normal 0 0 -1
    outer loop
      vertex 2.05411 -0.436614 0
      vertex 2.05411 0.436614 0
      vertex 2.0885 0.219509 0
    endloop
  endfacet
  facet normal 0 0 -1
    outer loop
      vertex 1.99722 -0.648935 0
      vertex 2.05411 0.436614 0
      vertex 2.05411 -0.436614 0
    endloop
  endfacet
  facet normal 0 0 -1
    outer loop
      vertex 1.99722 -0.648935 0
      vertex 1.99722 0.648935 0
      vertex 2.05411 0.436614 0
    endloop
  endfacet
  facet normal 0 0 -1
    outer loop
      vertex 1.91844 -0.854146 0
      vertex 1.99722 0.648935 0
      vertex 1.99722 -0.648935 0
    endloop
  endfacet
  facet normal 0 0 -1
    outer loop
      vertex 1.91844 -0.854146 0
      vertex 1.91844 0.854146 0
      vertex 1.99722 0.648935 0
    endloop
  endfacet
  facet normal 0 0 -1
    outer loop
      vertex 1.81865 -1.05 0
      vertex 1.91844 0.854146 0
      vertex 1.91844 -0.854146 0
    endloop
  endfacet
  facet normal 0 0 -1
    outer loop
      vertex 1.81865 -1.05 0
      vertex 1.81865 1.05 0
      vertex 1.91844 0.854146 0
    endloop
  endfacet
  facet normal 0 0 -1
    outer loop
      vertex 1.69894 -1.23435 0
      vertex 1.81865 1.05 0
      vertex 1.81865 -1.05 0
    endloop
  endfacet
  facet normal 0 0 -1
    outer loop
      vertex 1.69894 -1.23435 0
      vertex 1.69894 1.23435 0
      vertex 1.81865 1.05 0
    endloop
  endfacet
  facet normal 0 0 -1
    outer loop
      vertex 1.5606 -1.40517 0
      vertex 1.69894 1.23435 0
      vertex 1.69894 -1.23435 0
    endloop
  endfacet
  facet normal 0 0 -1
    outer loop
      vertex 1.5606 -1.40517 0
      vertex 1.5606 1.40517 0
      vertex 1.69894 1.23435 0
    endloop
  endfacet
  facet normal 0 0 -1
    outer loop
      vertex 1.40517 -1.5606 0
      vertex 1.5606 1.40517 0
      vertex 1.5606 -1.40517 0
    endloop
  endfacet
  facet normal 0 0 -1
    outer loop
      vertex 1.40517 -1.5606 0
      vertex 1.40517 1.5606 0
      vertex 1.5606 1.40517 0
    endloop
  endfacet
  facet normal 0 0 -1
    outer loop
      vertex 1.23435 -1.69894 0
      vertex 1.40517 1.5606 0
      vertex 1.40517 -1.5606 0
    endloop
  endfacet
  facet normal 0 0 -1
    outer loop
      vertex 1.23435 -1.69894 0
      vertex 1.23435 1.69894 0
      vertex 1.40517 1.5606 0
    endloop
  endfacet
  facet normal 0 0 -1
    outer loop
      vertex 1.05 -1.81865 0
      vertex 1.23435 1.69894 0
      vertex 1.23435 -1.69894 0
    endloop
  endfacet
  facet normal 0 0 -1
    outer loop
      vertex 1.05 -1.81865 0
      vertex 1.05 1.81865 0
      vertex 1.23435 1.69894 0
    endloop
  endfacet
  facet normal 0 0 -1
    outer loop
      vertex 0.854146 -1.91844 0
      vertex 1.05 1.81865 0
      vertex 1.05 -1.81865 0
    endloop
  endfacet
  facet normal 0 0 -1
    outer loop
      vertex 0.854146 -1.91844 0
      vertex 0.854146 1.91844 0
      vertex 1.05 1.81865 0
    endloop
  endfacet
  facet normal 0 0 -1
    outer loop
      vertex 0.648935 -1.99722 0
      vertex 0.854146 1.91844 0
      vertex 0.854146 -1.91844 0
    endloop
  endfacet
  facet normal 0 0 -1
    outer loop
      vertex 0.648935 -1.99722 0
      vertex 0.648935 1.99722 0
      vertex 0.854146 1.91844 0
    endloop
  endfacet
  facet normal 0 0 -1
    outer loop
      vertex 0.436614 -2.05411 0
      vertex 0.648935 1.99722 0
      vertex 0.648935 -1.99722 0
    endloop
  endfacet
  facet normal 0 0 -1
    outer loop
      vertex 0.436614 -2.05411 0
      vertex 0.436614 2.05411 0
      vertex 0.648935 1.99722 0
    endloop
  endfacet
  facet normal 0 0 -1
    outer loop
      vertex 0.219509 -2.0885 0
      vertex 0.436614 2.05411 0
      vertex 0.436614 -2.05411 0
    endloop
  endfacet
  facet normal 0 0 -1
    outer loop
      vertex 0.219509 -2.0885 0
      vertex 0.219509 2.0885 0
      vertex 0.436614 2.05411 0
    endloop
  endfacet
  facet normal 0 0 -1
    outer loop
      vertex 0 -2.1 0
      vertex 0.219509 2.0885 0
      vertex 0.219509 -2.0885 0
    endloop
  endfacet
  facet normal 0 0 -1
    outer loop
      vertex 0 -2.1 0
      vertex 0 2.1 0
      vertex 0.219509 2.0885 0
    endloop
  endfacet
  facet normal 0 0 -1
    outer loop
      vertex -0.219509 -2.0885 0
      vertex 0 2.1 0
      vertex 0 -2.1 0
    endloop
  endfacet
  facet normal 0 0 -1
    outer loop
      vertex -0.219509 -2.0885 0
      vertex -0.219509 2.0885 0
      vertex 0 2.1 0
    endloop
  endfacet
  facet normal 0 0 -1
    outer loop
      vertex -0.436614 -2.05411 0
      vertex -0.219509 2.0885 0
      vertex -0.219509 -2.0885 0
    endloop
  endfacet
  facet normal 0 0 -1
    outer loop
      vertex -0.436614 -2.05411 0
      vertex -0.436614 2.05411 0
      vertex -0.219509 2.0885 0
    endloop
  endfacet
  facet normal 0 0 -1
    outer loop
      vertex -0.648935 -1.99722 0
      vertex -0.436614 2.05411 0
      vertex -0.436614 -2.05411 0
    endloop
  endfacet
  facet normal 0 0 -1
    outer loop
      vertex -0.648935 -1.99722 0
      vertex -0.648935 1.99722 0
      vertex -0.436614 2.05411 0
    endloop
  endfacet
  facet normal 0 0 -1
    outer loop
      vertex -0.854146 -1.91844 0
      vertex -0.648935 1.99722 0
      vertex -0.648935 -1.99722 0
    endloop
  endfacet
  facet normal 0 0 -1
    outer loop
      vertex -0.854146 -1.91844 0
      vertex -0.854146 1.91844 0
      vertex -0.648935 1.99722 0
    endloop
  endfacet
  facet normal 0 0 -1
    outer loop
      vertex -1.05 -1.81865 0
      vertex -0.854146 1.91844 0
      vertex -0.854146 -1.91844 0
    endloop
  endfacet
  facet normal 0 0 -1
    outer loop
      vertex -1.05 -1.81865 0
      vertex -1.05 1.81865 0
      vertex -0.854146 1.91844 0
    endloop
  endfacet
  facet normal 0 0 -1
    outer loop
      vertex -1.23435 -1.69894 0
      vertex -1.05 1.81865 0
      vertex -1.05 -1.81865 0
    endloop
  endfacet
  facet normal 0 0 -1
    outer loop
      vertex -1.23435 -1.69894 0
      vertex -1.23435 1.69894 0
      vertex -1.05 1.81865 0
    endloop
  endfacet
  facet normal 0 0 -1
    outer loop
      vertex -1.40517 -1.5606 0
      vertex -1.23435 1.69894 0
      vertex -1.23435 -1.69894 0
    endloop
  endfacet
  facet normal 0 0 -1
    outer loop
      vertex -1.40517 -1.5606 0
      vertex -1.40517 1.5606 0
      vertex -1.23435 1.69894 0
    endloop
  endfacet
  facet normal 0 0 -1
    outer loop
      vertex -1.5606 -1.40517 0
      vertex -1.40517 1.5606 0
      vertex -1.40517 -1.5606 0
    endloop
  endfacet
  facet normal 0 0 -1
    outer loop
      vertex -1.5606 -1.40517 0
      vertex -1.5606 1.40517 0
      vertex -1.40517 1.5606 0
    endloop
  endfacet
  facet normal 0 0 -1
    outer loop
      vertex -1.69894 -1.23435 0
      vertex -1.5606 1.40517 0
      vertex -1.5606 -1.40517 0
    endloop
  endfacet
  facet normal 0 0 -1
    outer loop
      vertex -1.69894 -1.23435 0
      vertex -1.69894 1.23435 0
      vertex -1.5606 1.40517 0
    endloop
  endfacet
  facet normal 0 0 -1
    outer loop
      vertex -1.81865 -1.05 0
      vertex -1.69894 1.23435 0
      vertex -1.69894 -1.23435 0
    endloop
  endfacet
  facet normal 0 0 -1
    outer loop
      vertex -1.81865 -1.05 0
      vertex -1.81865 1.05 0
      vertex -1.69894 1.23435 0
    endloop
  endfacet
  facet normal 0 0 -1
    outer loop
      vertex -1.91844 -0.854146 0
      vertex -1.81865 1.05 0
      vertex -1.81865 -1.05 0
    endloop
  endfacet
  facet normal 0 0 -1
    outer loop
      vertex -1.91844 -0.854146 0
      vertex -1.91844 0.854146 0
      vertex -1.81865 1.05 0
    endloop
  endfacet
  facet normal 0 0 -1
    outer loop
      vertex -1.99722 -0.648935 0
      vertex -1.91844 0.854146 0
      vertex -1.91844 -0.854146 0
    endloop
  endfacet
  facet normal 0 0 -1
    outer loop
      vertex -1.99722 -0.648935 0
      vertex -1.99722 0.648935 0
      vertex -1.91844 0.854146 0
    endloop
  endfacet
  facet normal 0 0 -1
    outer loop
      vertex -2.05411 -0.436614 0
      vertex -1.99722 0.648935 0
      vertex -1.99722 -0.648935 0
    endloop
  endfacet
  facet normal 0 0 -1
    outer loop
      vertex -2.05411 -0.436614 0
      vertex -2.05411 0.436614 0
      vertex -1.99722 0.648935 0
    endloop
  endfacet
  facet normal 0 0 -1
    outer loop
      vertex -2.0885 -0.219509 0
      vertex -2.05411 0.436614 0
      vertex -2.05411 -0.436614 0
    endloop
  endfacet
  facet normal 0 0 -1
    outer loop
      vertex -2.0885 -0.219509 0
      vertex -2.0885 0.219509 0
      vertex -2.05411 0.436614 0
    endloop
  endfacet
  facet normal 0 -0 -1
    outer loop
      vertex -2.0885 0.219509 0
      vertex -2.0885 -0.219509 0
      vertex -2.1 0 0
    endloop
  endfacet
  facet normal 0.965927 0.258814 0
    outer loop
      vertex 2.05411 0.436614 5.5539
      vertex 1.99722 0.648935 0
      vertex 1.99722 0.648935 5.55797
    endloop
  endfacet
  facet normal 0.965927 0.258814 0
    outer loop
      vertex 1.99722 0.648935 0
      vertex 2.05411 0.436614 5.5539
      vertex 2.05411 0.436614 0
    endloop
  endfacet
  facet normal 0.987686 0.156452 0
    outer loop
      vertex 2.0885 0.219509 5.55472
      vertex 2.05411 0.436614 0
      vertex 2.05411 0.436614 5.5539
    endloop
  endfacet
  facet normal 0.987686 0.156452 0
    outer loop
      vertex 2.05411 0.436614 0
      vertex 2.0885 0.219509 5.55472
      vertex 2.0885 0.219509 0
    endloop
  endfacet
  facet normal 0.933564 0.35841 0
    outer loop
      vertex 1.93531 0.810204 5.56498
      vertex 1.91844 0.854146 0
      vertex 1.91844 0.854146 5.56689
    endloop
  endfacet
  facet normal 0.933571 0.358391 -1.65144e-07
    outer loop
      vertex 1.99722 0.648935 5.55797
      vertex 1.91844 0.854146 0
      vertex 1.93531 0.810204 5.56498
    endloop
  endfacet
  facet normal 0.93357 0.358395 0
    outer loop
      vertex 1.91844 0.854146 0
      vertex 1.99722 0.648935 5.55797
      vertex 1.99722 0.648935 0
    endloop
  endfacet
  facet normal 0.777118 0.629355 0
    outer loop
      vertex 1.69894 1.23435 5.59881
      vertex 1.5606 1.40517 0
      vertex 1.5606 1.40517 5.62146
    endloop
  endfacet
  facet normal 0.777118 0.629355 0
    outer loop
      vertex 1.5606 1.40517 0
      vertex 1.69894 1.23435 5.59881
      vertex 1.69894 1.23435 0
    endloop
  endfacet
  facet normal 0.838686 0.544615 0
    outer loop
      vertex 1.78052 1.10872 5.58636
      vertex 1.69894 1.23435 0
      vertex 1.69894 1.23435 5.59881
    endloop
  endfacet
  facet normal 0.838692 0.544607 -2.69648e-07
    outer loop
      vertex 1.81865 1.05 5.58055
      vertex 1.69894 1.23435 0
      vertex 1.78052 1.10872 5.58636
    endloop
  endfacet
  facet normal 0.838688 0.544613 0
    outer loop
      vertex 1.69894 1.23435 0
      vertex 1.81865 1.05 5.58055
      vertex 1.81865 1.05 0
    endloop
  endfacet
  facet normal 0.156429 0.987689 4.43678e-07
    outer loop
      vertex 0.219509 2.0885 0
      vertex 0.273603 2.07993 5.86596
      vertex 0.374437 2.06396 5.84544
    endloop
  endfacet
  facet normal 0.156467 0.987683 -5.87131e-07
    outer loop
      vertex 0.219509 2.0885 0
      vertex 0.374437 2.06396 5.84544
      vertex 0.436614 2.05411 5.83279
    endloop
  endfacet
  facet normal 0.156452 0.987686 0
    outer loop
      vertex 0.219509 2.0885 0
      vertex 0.436614 2.05411 5.83279
      vertex 0.436614 2.05411 0
    endloop
  endfacet
  facet normal 0.156476 0.987682 0
    outer loop
      vertex 0.273603 2.07993 5.86596
      vertex 0.219509 2.0885 0
      vertex 0.219509 2.0885 5.87696
    endloop
  endfacet
  facet normal 0.544613 0.838688 0
    outer loop
      vertex 1.05 1.81865 0
      vertex 1.23435 1.69894 5.67891
      vertex 1.23435 1.69894 0
    endloop
  endfacet
  facet normal 0.544613 0.838688 0
    outer loop
      vertex 1.23435 1.69894 5.67891
      vertex 1.05 1.81865 0
      vertex 1.05 1.81865 5.71308
    endloop
  endfacet
  facet normal 0.629355 0.777118 0
    outer loop
      vertex 1.23435 1.69894 0
      vertex 1.40517 1.5606 5.64826
      vertex 1.40517 1.5606 0
    endloop
  endfacet
  facet normal 0.629355 0.777118 0
    outer loop
      vertex 1.40517 1.5606 5.64826
      vertex 1.23435 1.69894 0
      vertex 1.23435 1.69894 5.67891
    endloop
  endfacet
  facet normal -0.965927 0.258814 0
    outer loop
      vertex -2.05411 0.436614 0
      vertex -1.99722 0.648935 6
      vertex -1.99722 0.648935 0
    endloop
  endfacet
  facet normal -0.965927 0.258814 0
    outer loop
      vertex -1.99722 0.648935 6
      vertex -2.05411 0.436614 0
      vertex -2.05411 0.436614 6
    endloop
  endfacet
  facet normal -0.891011 0.453981 0
    outer loop
      vertex -1.91844 0.854146 0
      vertex -1.81865 1.05 6
      vertex -1.81865 1.05 0
    endloop
  endfacet
  facet normal -0.891011 0.453981 0
    outer loop
      vertex -1.81865 1.05 6
      vertex -1.91844 0.854146 0
      vertex -1.91844 0.854146 6
    endloop
  endfacet
  facet normal -0.987686 0.156452 0
    outer loop
      vertex -2.0885 0.219509 0
      vertex -2.05411 0.436614 6
      vertex -2.05411 0.436614 0
    endloop
  endfacet
  facet normal -0.987686 0.156452 0
    outer loop
      vertex -2.05411 0.436614 6
      vertex -2.0885 0.219509 0
      vertex -2.0885 0.219509 6
    endloop
  endfacet
  facet normal 0 0 1
    outer loop
      vertex 0.357137 -2.02545 6
      vertex 0.219509 -2.0885 6
      vertex 0.364213 -2.06558 6
    endloop
  endfacet
  facet normal 0 0 1
    outer loop
      vertex 0.279813 -1.58692 6
      vertex 0.219509 -2.0885 6
      vertex 0.357137 -2.02545 6
    endloop
  endfacet
  facet normal 0 0 1
    outer loop
      vertex 0.279813 -1.58692 6
      vertex 0 -2.1 6
      vertex 0.219509 -2.0885 6
    endloop
  endfacet
  facet normal 0 0 1
    outer loop
      vertex -1.23435 -1.69894 6
      vertex 0.279813 -1.58692 6
      vertex -0.0557933 0.316395 6
    endloop
  endfacet
  facet normal 0 0 1
    outer loop
      vertex 0.279813 -1.58692 6
      vertex -0.219509 -2.0885 6
      vertex 0 -2.1 6
    endloop
  endfacet
  facet normal -0 0 1
    outer loop
      vertex -1.23435 1.69894 6
      vertex -0.0557933 0.316395 6
      vertex -0.310772 1.76245 6
    endloop
  endfacet
  facet normal 0 0 1
    outer loop
      vertex -0.436614 2.05411 6
      vertex -0.310772 1.76245 6
      vertex -0.357145 2.02545 6
    endloop
  endfacet
  facet normal -0 0 1
    outer loop
      vertex -0.436614 2.05411 6
      vertex -0.357145 2.02545 6
      vertex -0.36422 2.06558 6
    endloop
  endfacet
  facet normal 0 0 1
    outer loop
      vertex -0.310772 1.76245 6
      vertex -0.436614 2.05411 6
      vertex -0.648935 1.99722 6
    endloop
  endfacet
  facet normal 0 0 1
    outer loop
      vertex 0.279813 -1.58692 6
      vertex -0.436614 -2.05411 6
      vertex -0.219509 -2.0885 6
    endloop
  endfacet
  facet normal 0 0 1
    outer loop
      vertex -0.310772 1.76245 6
      vertex -0.648935 1.99722 6
      vertex -0.854146 1.91844 6
    endloop
  endfacet
  facet normal 0 0 1
    outer loop
      vertex 0.279813 -1.58692 6
      vertex -0.648935 -1.99722 6
      vertex -0.436614 -2.05411 6
    endloop
  endfacet
  facet normal 0 0 1
    outer loop
      vertex -0.310772 1.76245 6
      vertex -0.854146 1.91844 6
      vertex -1.05 1.81865 6
    endloop
  endfacet
  facet normal 0 0 1
    outer loop
      vertex 0.279813 -1.58692 6
      vertex -0.854146 -1.91844 6
      vertex -0.648935 -1.99722 6
    endloop
  endfacet
  facet normal 0 0 1
    outer loop
      vertex -0.310772 1.76245 6
      vertex -1.05 1.81865 6
      vertex -1.23435 1.69894 6
    endloop
  endfacet
  facet normal 0 0 1
    outer loop
      vertex 0.279813 -1.58692 6
      vertex -1.05 -1.81865 6
      vertex -0.854146 -1.91844 6
    endloop
  endfacet
  facet normal 0 0 1
    outer loop
      vertex -0.0557933 0.316395 6
      vertex -1.23435 1.69894 6
      vertex -1.40517 1.5606 6
    endloop
  endfacet
  facet normal 0 0 1
    outer loop
      vertex 0.279813 -1.58692 6
      vertex -1.23435 -1.69894 6
      vertex -1.05 -1.81865 6
    endloop
  endfacet
  facet normal 0 0 1
    outer loop
      vertex -0.0557933 0.316395 6
      vertex -1.40517 1.5606 6
      vertex -1.5606 1.40517 6
    endloop
  endfacet
  facet normal 0 0 1
    outer loop
      vertex -0.0557933 0.316395 6
      vertex -1.40517 -1.5606 6
      vertex -1.23435 -1.69894 6
    endloop
  endfacet
  facet normal 0 0 1
    outer loop
      vertex -0.0557933 0.316395 6
      vertex -1.5606 1.40517 6
      vertex -1.69894 1.23435 6
    endloop
  endfacet
  facet normal 0 0 1
    outer loop
      vertex -0.0557933 0.316395 6
      vertex -1.5606 -1.40517 6
      vertex -1.40517 -1.5606 6
    endloop
  endfacet
  facet normal 0 0 1
    outer loop
      vertex -0.0557933 0.316395 6
      vertex -1.69894 1.23435 6
      vertex -1.81865 1.05 6
    endloop
  endfacet
  facet normal 0 0 1
    outer loop
      vertex -0.0557933 0.316395 6
      vertex -1.69894 -1.23435 6
      vertex -1.5606 -1.40517 6
    endloop
  endfacet
  facet normal 0 0 1
    outer loop
      vertex -0.0557933 0.316395 6
      vertex -1.81865 1.05 6
      vertex -1.91844 0.854146 6
    endloop
  endfacet
  facet normal 0 0 1
    outer loop
      vertex -0.0557933 0.316395 6
      vertex -1.81865 -1.05 6
      vertex -1.69894 -1.23435 6
    endloop
  endfacet
  facet normal 0 0 1
    outer loop
      vertex -0.0557933 0.316395 6
      vertex -1.91844 0.854146 6
      vertex -1.99722 0.648935 6
    endloop
  endfacet
  facet normal 0 0 1
    outer loop
      vertex -0.0557933 0.316395 6
      vertex -1.91844 -0.854146 6
      vertex -1.81865 -1.05 6
    endloop
  endfacet
  facet normal 0 0 1
    outer loop
      vertex -0.0557933 0.316395 6
      vertex -1.99722 0.648935 6
      vertex -2.05411 0.436614 6
    endloop
  endfacet
  facet normal 0 0 1
    outer loop
      vertex -0.0557933 0.316395 6
      vertex -1.99722 -0.648935 6
      vertex -1.91844 -0.854146 6
    endloop
  endfacet
  facet normal 0 0 1
    outer loop
      vertex -0.0557933 0.316395 6
      vertex -2.05411 0.436614 6
      vertex -2.0885 0.219509 6
    endloop
  endfacet
  facet normal 0 0 1
    outer loop
      vertex -0.0557933 0.316395 6
      vertex -2.05411 -0.436614 6
      vertex -1.99722 -0.648935 6
    endloop
  endfacet
  facet normal 0 0 1
    outer loop
      vertex -0.0557933 0.316395 6
      vertex -2.0885 0.219509 6
      vertex -2.1 0 6
    endloop
  endfacet
  facet normal 0 0 1
    outer loop
      vertex -0.0557933 0.316395 6
      vertex -2.0885 -0.219509 6
      vertex -2.05411 -0.436614 6
    endloop
  endfacet
  facet normal 0 0 1
    outer loop
      vertex -0.0557933 0.316395 6
      vertex -2.1 0 6
      vertex -2.0885 -0.219509 6
    endloop
  endfacet
  facet normal -0.453981 0.891011 0
    outer loop
      vertex -0.854146 1.91844 0
      vertex -1.05 1.81865 6
      vertex -0.854146 1.91844 6
    endloop
  endfacet
  facet normal -0.453981 0.891011 0
    outer loop
      vertex -1.05 1.81865 6
      vertex -0.854146 1.91844 0
      vertex -1.05 1.81865 0
    endloop
  endfacet
  facet normal -0.0522739 0.998633 -1.63686e-06
    outer loop
      vertex -0.219509 2.0885 0
      vertex -0.0464227 2.09757 5.9323
      vertex 0 2.1 5.92249
    endloop
  endfacet
  facet normal -0.0523179 0.99863 0
    outer loop
      vertex -0.219509 2.0885 0
      vertex 0 2.1 5.92249
      vertex 0 2.1 0
    endloop
  endfacet
  facet normal -0.0523298 0.99863 0
    outer loop
      vertex -0.0464227 2.09757 5.9323
      vertex -0.219509 2.0885 0
      vertex -0.219509 2.0885 5.96886
    endloop
  endfacet
  facet normal 0.99863 -0.0523276 3.82294e-07
    outer loop
      vertex 2.0885 -0.219509 0
      vertex 2.1 0 5.56041
      vertex 2.095 -0.095421 5.56498
    endloop
  endfacet
  facet normal 0.998631 -0.0523105 0
    outer loop
      vertex 2.0885 -0.219509 0
      vertex 2.095 -0.095421 5.56498
      vertex 2.0885 -0.219509 5.57092
    endloop
  endfacet
  facet normal 0.99863 -0.0523179 0
    outer loop
      vertex 2.1 0 5.56041
      vertex 2.0885 -0.219509 0
      vertex 2.1 0 0
    endloop
  endfacet
  facet normal 0.0523179 -0.99863 0
    outer loop
      vertex 0 -2.1 0
      vertex 0.219509 -2.0885 6
      vertex 0 -2.1 6
    endloop
  endfacet
  facet normal 0.0523179 -0.99863 0
    outer loop
      vertex 0.219509 -2.0885 6
      vertex 0 -2.1 0
      vertex 0.219509 -2.0885 0
    endloop
  endfacet
  facet normal 0.453981 -0.891011 0
    outer loop
      vertex 0.854146 -1.91844 0
      vertex 1.05 -1.81865 5.84733
      vertex 0.854146 -1.91844 5.89201
    endloop
  endfacet
  facet normal 0.453981 -0.891011 0
    outer loop
      vertex 1.05 -1.81865 5.84733
      vertex 0.854146 -1.91844 0
      vertex 1.05 -1.81865 0
    endloop
  endfacet
  facet normal 0.629355 -0.777118 0
    outer loop
      vertex 1.23435 -1.69894 0
      vertex 1.40517 -1.5606 5.76346
      vertex 1.23435 -1.69894 5.80432
    endloop
  endfacet
  facet normal 0.629355 -0.777118 0
    outer loop
      vertex 1.40517 -1.5606 5.76346
      vertex 1.23435 -1.69894 0
      vertex 1.40517 -1.5606 0
    endloop
  endfacet
  facet normal 0.544641 -0.83867 0
    outer loop
      vertex 1.05 -1.81865 0
      vertex 1.14832 -1.7548 5.82439
      vertex 1.05 -1.81865 5.84733
    endloop
  endfacet
  facet normal 0.544581 -0.838708 1.43434e-06
    outer loop
      vertex 1.14832 -1.7548 5.82439
      vertex 1.05 -1.81865 0
      vertex 1.23435 -1.69894 5.80432
    endloop
  endfacet
  facet normal 0.544613 -0.838688 0
    outer loop
      vertex 1.23435 -1.69894 5.80432
      vertex 1.05 -1.81865 0
      vertex 1.23435 -1.69894 0
    endloop
  endfacet
  facet normal 0.776391 -0.630251 4.45537e-05
    outer loop
      vertex 1.5606 -1.40517 0
      vertex 1.69894 -1.23435 5.68993
      vertex 1.69329 -1.24131 5.69136
    endloop
  endfacet
  facet normal 0.777149 -0.629317 0
    outer loop
      vertex 1.5606 -1.40517 0
      vertex 1.69329 -1.24131 5.69136
      vertex 1.5606 -1.40517 5.72519
    endloop
  endfacet
  facet normal 0.777118 -0.629355 0
    outer loop
      vertex 1.69894 -1.23435 5.68993
      vertex 1.5606 -1.40517 0
      vertex 1.69894 -1.23435 0
    endloop
  endfacet
  facet normal 0.838688 -0.544613 0
    outer loop
      vertex 1.69894 -1.23435 0
      vertex 1.81865 -1.05 5.65806
      vertex 1.69894 -1.23435 5.68993
    endloop
  endfacet
  facet normal 0.838688 -0.544613 0
    outer loop
      vertex 1.81865 -1.05 5.65806
      vertex 1.69894 -1.23435 0
      vertex 1.81865 -1.05 0
    endloop
  endfacet
  facet normal -0.707107 -0.707107 0
    outer loop
      vertex -1.40517 -1.5606 0
      vertex -1.5606 -1.40517 6
      vertex -1.5606 -1.40517 0
    endloop
  endfacet
  facet normal -0.707107 -0.707107 0
    outer loop
      vertex -1.5606 -1.40517 6
      vertex -1.40517 -1.5606 0
      vertex -1.40517 -1.5606 6
    endloop
  endfacet
  facet normal -0.629355 -0.777118 0
    outer loop
      vertex -1.40517 -1.5606 0
      vertex -1.23435 -1.69894 6
      vertex -1.40517 -1.5606 6
    endloop
  endfacet
  facet normal -0.629355 -0.777118 -0
    outer loop
      vertex -1.23435 -1.69894 6
      vertex -1.40517 -1.5606 0
      vertex -1.23435 -1.69894 0
    endloop
  endfacet
  facet normal -0.544613 -0.838688 0
    outer loop
      vertex -1.23435 -1.69894 0
      vertex -1.05 -1.81865 6
      vertex -1.23435 -1.69894 6
    endloop
  endfacet
  facet normal -0.544613 -0.838688 -0
    outer loop
      vertex -1.05 -1.81865 6
      vertex -1.23435 -1.69894 0
      vertex -1.05 -1.81865 0
    endloop
  endfacet
  facet normal -0.156452 -0.987686 0
    outer loop
      vertex -0.436614 -2.05411 0
      vertex -0.219509 -2.0885 6
      vertex -0.436614 -2.05411 6
    endloop
  endfacet
  facet normal -0.156452 -0.987686 -0
    outer loop
      vertex -0.219509 -2.0885 6
      vertex -0.436614 -2.05411 0
      vertex -0.219509 -2.0885 0
    endloop
  endfacet
  facet normal -0.93357 -0.358395 0
    outer loop
      vertex -1.91844 -0.854146 0
      vertex -1.99722 -0.648935 6
      vertex -1.99722 -0.648935 0
    endloop
  endfacet
  facet normal -0.93357 -0.358395 0
    outer loop
      vertex -1.99722 -0.648935 6
      vertex -1.91844 -0.854146 0
      vertex -1.91844 -0.854146 6
    endloop
  endfacet
  facet normal -0.965927 -0.258814 0
    outer loop
      vertex -1.99722 -0.648935 0
      vertex -2.05411 -0.436614 6
      vertex -2.05411 -0.436614 0
    endloop
  endfacet
  facet normal -0.965927 -0.258814 0
    outer loop
      vertex -2.05411 -0.436614 6
      vertex -1.99722 -0.648935 0
      vertex -1.99722 -0.648935 6
    endloop
  endfacet
  facet normal -0.99863 -0.0523179 0
    outer loop
      vertex -2.0885 -0.219509 0
      vertex -2.1 0 6
      vertex -2.1 0 0
    endloop
  endfacet
  facet normal -0.99863 -0.0523179 0
    outer loop
      vertex -2.1 0 6
      vertex -2.0885 -0.219509 0
      vertex -2.0885 -0.219509 6
    endloop
  endfacet
  facet normal 0.453981 0.891011 0
    outer loop
      vertex 0.854146 1.91844 0
      vertex 1.05 1.81865 5.71308
      vertex 1.05 1.81865 0
    endloop
  endfacet
  facet normal 0.453981 0.891011 0
    outer loop
      vertex 1.05 1.81865 5.71308
      vertex 0.854146 1.91844 0
      vertex 0.854146 1.91844 5.75039
    endloop
  endfacet
  facet normal -0.707107 0.707107 0
    outer loop
      vertex -1.5606 1.40517 0
      vertex -1.40517 1.5606 6
      vertex -1.40517 1.5606 0
    endloop
  endfacet
  facet normal -0.707107 0.707107 0
    outer loop
      vertex -1.40517 1.5606 6
      vertex -1.5606 1.40517 0
      vertex -1.5606 1.40517 6
    endloop
  endfacet
  facet normal -0.93357 0.358395 0
    outer loop
      vertex -1.99722 0.648935 0
      vertex -1.91844 0.854146 6
      vertex -1.91844 0.854146 0
    endloop
  endfacet
  facet normal -0.93357 0.358395 0
    outer loop
      vertex -1.91844 0.854146 6
      vertex -1.99722 0.648935 0
      vertex -1.99722 0.648935 6
    endloop
  endfacet
  facet normal -0.544613 0.838688 0
    outer loop
      vertex -1.05 1.81865 0
      vertex -1.23435 1.69894 6
      vertex -1.05 1.81865 6
    endloop
  endfacet
  facet normal -0.544613 0.838688 0
    outer loop
      vertex -1.23435 1.69894 6
      vertex -1.05 1.81865 0
      vertex -1.23435 1.69894 0
    endloop
  endfacet
  facet normal -0.358395 0.93357 0
    outer loop
      vertex -0.648935 1.99722 0
      vertex -0.854146 1.91844 6
      vertex -0.648935 1.99722 6
    endloop
  endfacet
  facet normal -0.358395 0.93357 0
    outer loop
      vertex -0.854146 1.91844 6
      vertex -0.648935 1.99722 0
      vertex -0.854146 1.91844 0
    endloop
  endfacet
  facet normal 0.156442 -0.987687 -0.000141926
    outer loop
      vertex 0.219509 -2.0885 6
      vertex 0.436614 -2.05411 5.98442
      vertex 0.364213 -2.06558 6
    endloop
  endfacet
  facet normal 0.156452 -0.987686 0
    outer loop
      vertex 0.219509 -2.0885 0
      vertex 0.436614 -2.05411 5.98442
      vertex 0.219509 -2.0885 6
    endloop
  endfacet
  facet normal 0.156452 -0.987686 0
    outer loop
      vertex 0.436614 -2.05411 5.98442
      vertex 0.219509 -2.0885 0
      vertex 0.436614 -2.05411 0
    endloop
  endfacet
  facet normal 0.35856 -0.933506 0
    outer loop
      vertex 0.648935 -1.99722 0
      vertex 0.676584 -1.9866 5.9317
      vertex 0.648935 -1.99722 5.93788
    endloop
  endfacet
  facet normal 0.35837 -0.93358 1.02058e-06
    outer loop
      vertex 0.648935 -1.99722 0
      vertex 0.854146 -1.91844 5.89201
      vertex 0.676584 -1.9866 5.9317
    endloop
  endfacet
  facet normal 0.358395 -0.93357 0
    outer loop
      vertex 0.854146 -1.91844 5.89201
      vertex 0.648935 -1.99722 0
      vertex 0.854146 -1.91844 0
    endloop
  endfacet
  facet normal 0.93357 -0.358395 0
    outer loop
      vertex 1.91844 -0.854146 0
      vertex 1.99722 -0.648935 5.60588
      vertex 1.91844 -0.854146 5.62994
    endloop
  endfacet
  facet normal 0.93357 -0.358395 0
    outer loop
      vertex 1.99722 -0.648935 5.60588
      vertex 1.91844 -0.854146 0
      vertex 1.99722 -0.648935 0
    endloop
  endfacet
  facet normal 0.98766 -0.156613 6.42454e-06
    outer loop
      vertex 2.05411 -0.436614 0
      vertex 2.0885 -0.219509 5.57092
      vertex 2.0841 -0.247257 5.57287
    endloop
  endfacet
  facet normal 0.987685 -0.156457 9.82627e-07
    outer loop
      vertex 2.05411 -0.436614 0
      vertex 2.0841 -0.247257 5.57287
      vertex 2.06618 -0.360383 5.58079
    endloop
  endfacet
  facet normal 0.987693 -0.156403 2.36466e-07
    outer loop
      vertex 2.05411 -0.436614 0
      vertex 2.06618 -0.360383 5.58079
      vertex 2.05541 -0.428396 5.58556
    endloop
  endfacet
  facet normal 0.987718 -0.156246 0
    outer loop
      vertex 2.05411 -0.436614 0
      vertex 2.05541 -0.428396 5.58556
      vertex 2.05411 -0.436614 5.58613
    endloop
  endfacet
  facet normal 0.987686 -0.156452 0
    outer loop
      vertex 2.0885 -0.219509 5.57092
      vertex 2.05411 -0.436614 0
      vertex 2.0885 -0.219509 0
    endloop
  endfacet
  facet normal -0.453981 -0.891011 0
    outer loop
      vertex -1.05 -1.81865 0
      vertex -0.854146 -1.91844 6
      vertex -1.05 -1.81865 6
    endloop
  endfacet
  facet normal -0.453981 -0.891011 -0
    outer loop
      vertex -0.854146 -1.91844 6
      vertex -1.05 -1.81865 0
      vertex -0.854146 -1.91844 0
    endloop
  endfacet
  facet normal -0.258814 -0.965927 0
    outer loop
      vertex -0.648935 -1.99722 0
      vertex -0.436614 -2.05411 6
      vertex -0.648935 -1.99722 6
    endloop
  endfacet
  facet normal -0.258814 -0.965927 -0
    outer loop
      vertex -0.436614 -2.05411 6
      vertex -0.648935 -1.99722 0
      vertex -0.436614 -2.05411 0
    endloop
  endfacet
  facet normal -0.0523179 -0.99863 0
    outer loop
      vertex -0.219509 -2.0885 0
      vertex 0 -2.1 6
      vertex -0.219509 -2.0885 6
    endloop
  endfacet
  facet normal -0.0523179 -0.99863 -0
    outer loop
      vertex 0 -2.1 6
      vertex -0.219509 -2.0885 0
      vertex 0 -2.1 0
    endloop
  endfacet
  facet normal -0.891011 -0.453981 0
    outer loop
      vertex -1.81865 -1.05 0
      vertex -1.91844 -0.854146 6
      vertex -1.91844 -0.854146 0
    endloop
  endfacet
  facet normal -0.891011 -0.453981 0
    outer loop
      vertex -1.91844 -0.854146 6
      vertex -1.81865 -1.05 0
      vertex -1.81865 -1.05 6
    endloop
  endfacet
  facet normal -0.987686 -0.156452 0
    outer loop
      vertex -2.05411 -0.436614 0
      vertex -2.0885 -0.219509 6
      vertex -2.0885 -0.219509 0
    endloop
  endfacet
  facet normal -0.987686 -0.156452 0
    outer loop
      vertex -2.0885 -0.219509 6
      vertex -2.05411 -0.436614 0
      vertex -2.05411 -0.436614 6
    endloop
  endfacet
  facet normal 0.960298 0.222401 -0.168421
    outer loop
      vertex 3.36431 0.593218 12.9317
      vertex 2.06769 0.5981 5.5451
      vertex 3.34685 0.735173 13.0196
    endloop
  endfacet
  facet normal 0.960294 0.22242 -0.16842
    outer loop
      vertex 2.06769 0.5981 5.5451
      vertex 3.36431 0.593218 12.9317
      vertex 2.11923 0.373677 5.54259
    endloop
  endfacet
  facet normal 0.960268 0.222532 -0.168417
    outer loop
      vertex 5.44366 0.959865 25.2719
      vertex 3.93751 0.70152 16.3429
      vertex 3.92945 0.797603 16.4239
    endloop
  endfacet
  facet normal 0.96024 0.222655 -0.168416
    outer loop
      vertex 3.93751 0.70152 16.3429
      vertex 5.44366 0.959865 25.2719
      vertex 3.93811 0.694394 16.3369
    endloop
  endfacet
  facet normal -0.204382 -0.0362358 -0.97822
    outer loop
      vertex -1.93904 0.971169 6.37005
      vertex -2.0914 0.539854 6.41786
      vertex -2.02632 0.759673 6.39612
    endloop
  endfacet
  facet normal -0.205162 -0.0361778 -0.978059
    outer loop
      vertex 2.14756 0.145162 5.5451
      vertex 2.06769 0.5981 5.5451
      vertex 2.11923 0.373677 5.54259
    endloop
  endfacet
  facet normal 0.978408 0.119798 -0.168423
    outer loop
      vertex 3.36475 0.566849 12.9155
      vertex 2.11923 0.373677 5.54259
      vertex 3.36431 0.593218 12.9317
    endloop
  endfacet
  facet normal 0.978501 0.119045 -0.168419
    outer loop
      vertex 3.36541 0.538505 12.8993
      vertex 2.11923 0.373677 5.54259
      vertex 3.36475 0.566849 12.9155
    endloop
  endfacet
  facet normal 0.978428 0.119635 -0.16842
    outer loop
      vertex 3.36612 0.508062 12.8818
      vertex 2.11923 0.373677 5.54259
      vertex 3.36541 0.538505 12.8993
    endloop
  endfacet
  facet normal 0.978467 0.119318 -0.168421
    outer loop
      vertex 3.36771 0.446749 12.8476
      vertex 2.11923 0.373677 5.54259
      vertex 3.36612 0.508062 12.8818
    endloop
  endfacet
  facet normal 0.978451 0.119453 -0.168419
    outer loop
      vertex 2.11923 0.373677 5.54259
      vertex 3.36771 0.446749 12.8476
      vertex 2.14756 0.145162 5.5451
    endloop
  endfacet
  facet normal 0.978497 0.119076 -0.168415
    outer loop
      vertex 5.44366 0.959865 25.2719
      vertex 3.93748 0.656292 16.3063
      vertex 3.93811 0.694394 16.3369
    endloop
  endfacet
  facet normal 0.978458 0.11939 -0.168419
    outer loop
      vertex 5.44366 0.959865 25.2719
      vertex 3.93673 0.616451 16.2737
      vertex 3.93748 0.656292 16.3063
    endloop
  endfacet
  facet normal 0.978407 0.119799 -0.168426
    outer loop
      vertex 3.93673 0.616451 16.2737
      vertex 5.44366 0.959865 25.2719
      vertex 3.93619 0.58726 16.2498
    endloop
  endfacet
  facet normal -0.20477 -0.0361119 -0.978144
    outer loop
      vertex 2.06769 0.5981 5.5451
      vertex 1.89746 1.0249 5.56498
      vertex 1.99349 0.815969 5.55259
    endloop
  endfacet
  facet normal -0.583351 0.8012 0.133343
    outer loop
      vertex 1.39617 1.80496 17.7257
      vertex 3.21022 1.79719 25.7085
      vertex 3.32444 1.88488 25.6813
    endloop
  endfacet
  facet normal -0.583155 0.80135 0.133299
    outer loop
      vertex 1.37796 1.79254 17.7207
      vertex 3.21022 1.79719 25.7085
      vertex 1.39617 1.80496 17.7257
    endloop
  endfacet
  facet normal -0.583396 0.801165 0.133354
    outer loop
      vertex 3.21022 1.79719 25.7085
      vertex 1.37796 1.79254 17.7207
      vertex 1.31993 1.75293 17.7048
    endloop
  endfacet
  facet normal -0.583396 0.801165 0.133354
    outer loop
      vertex 0.572456 1.76939 14.3359
      vertex -1.39046 1.68947 6.2287
      vertex 0.52136 1.73423 14.3236
    endloop
  endfacet
  facet normal -0.582399 0.801932 0.133105
    outer loop
      vertex -1.39046 1.68947 6.2287
      vertex 0.572456 1.76939 14.3359
      vertex 0.574677 1.77092 14.3364
    endloop
  endfacet
  facet normal -0.204764 -0.0360493 -0.978147
    outer loop
      vertex 0.29155 2.17601 5.85865
      vertex -0.158413 2.19377 5.95219
      vertex 0.0669346 2.19692 5.9049
    endloop
  endfacet
  facet normal -0.204749 -0.03608 -0.978149
    outer loop
      vertex 0.158413 -2.19377 6.04781
      vertex -0.512971 -2.13125 6.18604
      vertex 0.601453 -2.11565 5.95219
    endloop
  endfacet
  facet normal -0.199583 -0.979771 0.0146547
    outer loop
      vertex 2.00897 2.14326 14.2215
      vertex 1.99364 2.14648 14.228
      vertex 2.00273 2.14457 14.2241
    endloop
  endfacet
  facet normal 0.191037 0.980945 -0.0353905
    outer loop
      vertex 2.00897 2.14326 14.2215
      vertex 0.29155 2.17601 5.85865
      vertex 1.99364 2.14648 14.228
    endloop
  endfacet
  facet normal 0.191341 0.980883 -0.0354531
    outer loop
      vertex 2.01505 2.14198 14.2189
      vertex 0.29155 2.17601 5.85865
      vertex 2.00897 2.14326 14.2215
    endloop
  endfacet
  facet normal 0.191083 0.980935 -0.0353997
    outer loop
      vertex 2.0718 2.13007 14.1952
      vertex 0.29155 2.17601 5.85865
      vertex 2.01505 2.14198 14.2189
    endloop
  endfacet
  facet normal 0.19088 0.980976 -0.0353561
    outer loop
      vertex 2.07691 2.129 14.1931
      vertex 0.29155 2.17601 5.85865
      vertex 2.0718 2.13007 14.1952
    endloop
  endfacet
  facet normal 0.191195 0.980913 -0.035424
    outer loop
      vertex 2.11574 2.12085 14.177
      vertex 0.29155 2.17601 5.85865
      vertex 2.07691 2.129 14.1931
    endloop
  endfacet
  facet normal 0.191145 0.980923 -0.0354129
    outer loop
      vertex 0.29155 2.17601 5.85865
      vertex 2.11574 2.12085 14.177
      vertex 0.512971 2.13125 5.81396
    endloop
  endfacet
  facet normal 0.191022 0.980948 -0.0353877
    outer loop
      vertex 4.28059 2.1068 25.473
      vertex 2.74813 2.12483 17.7006
      vertex 2.70289 2.13417 17.7153
    endloop
  endfacet
  facet normal 0.191071 0.980938 -0.0353974
    outer loop
      vertex 2.74813 2.12483 17.7006
      vertex 4.28059 2.1068 25.473
      vertex 2.78839 2.11649 17.6868
    endloop
  endfacet
  facet normal -0.204822 -0.0361132 -0.978133
    outer loop
      vertex 2.13356 -0.31412 5.56498
      vertex 2.095 -0.095421 5.56498
      vertex 2.1 0 5.56041
    endloop
  endfacet
  facet normal -0.204329 -0.0360621 -0.978238
    outer loop
      vertex 2.0885 0.219509 5.55472
      vertex 2.13356 -0.31412 5.56498
      vertex 2.1 0 5.56041
    endloop
  endfacet
  facet normal -0.205182 -0.0361307 -0.978057
    outer loop
      vertex 2.0885 0.219509 5.55472
      vertex 2.06769 0.5981 5.5451
      vertex 2.13356 -0.31412 5.56498
    endloop
  endfacet
  facet normal -0.204582 -0.0361009 -0.978183
    outer loop
      vertex 2.05411 0.436614 5.5539
      vertex 2.06769 0.5981 5.5451
      vertex 2.0885 0.219509 5.55472
    endloop
  endfacet
  facet normal -0.204678 -0.0360917 -0.978164
    outer loop
      vertex 1.99722 0.648935 5.55797
      vertex 2.06769 0.5981 5.5451
      vertex 2.05411 0.436614 5.5539
    endloop
  endfacet
  facet normal -0.204645 -0.0360426 -0.978173
    outer loop
      vertex 1.93531 0.810204 5.56498
      vertex 2.06769 0.5981 5.5451
      vertex 1.99722 0.648935 5.55797
    endloop
  endfacet
  facet normal -0.20472 -0.0360913 -0.978155
    outer loop
      vertex 2.06769 0.5981 5.5451
      vertex 1.93531 0.810204 5.56498
      vertex 1.89746 1.0249 5.56498
    endloop
  endfacet
  facet normal 0.203293 0.0299173 0.978661
    outer loop
      vertex 4.4215 2.07832 25.4446
      vertex 4.28059 2.1068 25.473
      vertex 4.55882 2.03498 25.4174
    endloop
  endfacet
  facet normal 0.204425 0.036046 0.978218
    outer loop
      vertex 2.76417 1.06561 25.8289
      vertex 2.73734 0.921964 25.8398
      vertex 2.88759 0.0698614 25.8398
    endloop
  endfacet
  facet normal -0.204797 -0.0360001 -0.978142
    outer loop
      vertex -0.601453 2.11565 6.04781
      vertex -1.21097 1.82728 6.18604
      vertex -0.81429 2.04154 6.0951
    endloop
  endfacet
  facet normal 0.20464 0.0361321 0.97817
    outer loop
      vertex 5.44366 0.959865 25.2719
      vertex 4.61325 -0.577092 25.5024
      vertex 5.329 0.104052 25.3275
    endloop
  endfacet
  facet normal -0.204665 -0.0361929 -0.978163
    outer loop
      vertex 2.13356 -0.31412 5.56498
      vertex 2.05541 -0.428396 5.58556
      vertex 2.06618 -0.360383 5.58079
    endloop
  endfacet
  facet normal -0.20475 -0.0361027 -0.978148
    outer loop
      vertex 0.357137 -2.02545 6
      vertex -0.512971 -2.13125 6.18604
      vertex 0.279813 -1.58692 6
    endloop
  endfacet
  facet normal -0.20478 -0.0360937 -0.978142
    outer loop
      vertex 1.01821 -1.94506 5.85865
      vertex 1.05 -1.81865 5.84733
      vertex 1.14832 -1.7548 5.82439
    endloop
  endfacet
  facet normal -0.20475 -0.0361019 -0.978148
    outer loop
      vertex 1.01821 -1.94506 5.85865
      vertex 0.854146 -1.91844 5.89201
      vertex 1.05 -1.81865 5.84733
    endloop
  endfacet
  facet normal -0.204759 -0.036166 -0.978144
    outer loop
      vertex 0.854146 -1.91844 5.89201
      vertex 1.01821 -1.94506 5.85865
      vertex 0.676584 -1.9866 5.9317
    endloop
  endfacet
  facet normal -0.204782 -0.0361675 -0.978139
    outer loop
      vertex 0.374437 2.06396 5.84544
      vertex 0.273603 2.07993 5.86596
      vertex 0.29155 2.17601 5.85865
    endloop
  endfacet
  facet normal -0.204764 -0.0360444 -0.978148
    outer loop
      vertex 2.13356 -0.31412 5.56498
      vertex 2.06618 -0.360383 5.58079
      vertex 2.0841 -0.247257 5.57287
    endloop
  endfacet
  facet normal -0.20475 -0.036103 -0.978148
    outer loop
      vertex 0.279813 -1.58692 6
      vertex -0.512971 -2.13125 6.18604
      vertex -0.0557933 0.316395 6
    endloop
  endfacet
  facet normal 0.204746 0.0360925 0.97815
    outer loop
      vertex 4.28059 2.1068 25.473
      vertex 3.012 1.58755 25.7577
      vertex 4.61325 -0.577092 25.5024
    endloop
  endfacet
  facet normal -0.204731 -0.0361291 -0.978151
    outer loop
      vertex 0.436614 2.05411 5.83279
      vertex 0.29155 2.17601 5.85865
      vertex 0.476533 2.04341 5.82483
    endloop
  endfacet
  facet normal -0.20473 -0.036127 -0.978152
    outer loop
      vertex 0.29155 2.17601 5.85865
      vertex 0.436614 2.05411 5.83279
      vertex 0.374437 2.06396 5.84544
    endloop
  endfacet
  facet normal -0.20478 -0.0361019 -0.978142
    outer loop
      vertex 1.91844 0.854146 5.56689
      vertex 1.89746 1.0249 5.56498
      vertex 1.93531 0.810204 5.56498
    endloop
  endfacet
  facet normal -0.204744 -0.0360975 -0.97815
    outer loop
      vertex 1.81865 1.05 5.58055
      vertex 1.89746 1.0249 5.56498
      vertex 1.91844 0.854146 5.56689
    endloop
  endfacet
  facet normal -0.20477 -0.0361868 -0.978141
    outer loop
      vertex 1.89746 1.0249 5.56498
      vertex 1.81865 1.05 5.58055
      vertex 1.78052 1.10872 5.58636
    endloop
  endfacet
  facet normal -0.204739 -0.0360987 -0.978151
    outer loop
      vertex 2.13356 -0.31412 5.56498
      vertex 2.0885 -0.219509 5.57092
      vertex 2.095 -0.095421 5.56498
    endloop
  endfacet
  facet normal -0.205003 -0.0362283 -0.978091
    outer loop
      vertex 2.0885 -0.219509 5.57092
      vertex 2.13356 -0.31412 5.56498
      vertex 2.0841 -0.247257 5.57287
    endloop
  endfacet
  facet normal 0.204911 0.0361316 0.978113
    outer loop
      vertex 3.012 1.58755 25.7577
      vertex 2.76417 1.06561 25.8289
      vertex 3.37333 -0.461642 25.7577
    endloop
  endfacet
  facet normal 0.204614 0.0364215 0.978165
    outer loop
      vertex 3.10569 1.69771 25.734
      vertex 3.012 1.58755 25.7577
      vertex 4.28059 2.1068 25.473
    endloop
  endfacet
  facet normal -0.204844 -0.0360634 -0.97813
    outer loop
      vertex 1.55472 -1.53315 5.73114
      vertex 1.5606 -1.40517 5.72519
      vertex 1.69329 -1.24131 5.69136
    endloop
  endfacet
  facet normal -0.204772 -0.0360674 -0.978145
    outer loop
      vertex 1.55472 -1.53315 5.73114
      vertex 1.40517 -1.5606 5.76346
      vertex 1.5606 -1.40517 5.72519
    endloop
  endfacet
  facet normal -0.204774 -0.036052 -0.978145
    outer loop
      vertex 1.55472 -1.53315 5.73114
      vertex 1.23435 -1.69894 5.80432
      vertex 1.40517 -1.5606 5.76346
    endloop
  endfacet
  facet normal -0.204739 -0.0361233 -0.97815
    outer loop
      vertex 1.01821 -1.94506 5.85865
      vertex 1.23435 -1.69894 5.80432
      vertex 1.55472 -1.53315 5.73114
    endloop
  endfacet
  facet normal -0.204737 -0.0361244 -0.97815
    outer loop
      vertex 1.23435 -1.69894 5.80432
      vertex 1.01821 -1.94506 5.85865
      vertex 1.14832 -1.7548 5.82439
    endloop
  endfacet
  facet normal -0.20599 -0.0352429 -0.977919
    outer loop
      vertex 2.13356 -0.31412 5.56498
      vertex 2.05411 -0.436614 5.58613
      vertex 2.05541 -0.428396 5.58556
    endloop
  endfacet
  facet normal -0.204679 -0.0361354 -0.978162
    outer loop
      vertex 2.05411 -0.436614 5.58613
      vertex 2.13356 -0.31412 5.56498
      vertex 2.02654 -0.539505 5.5957
    endloop
  endfacet
  facet normal -0.205119 -0.0357412 -0.978084
    outer loop
      vertex -1.39046 1.68947 6.2287
      vertex -1.70194 1.36004 6.30606
      vertex -1.55472 1.53315 6.26886
    endloop
  endfacet
  facet normal -0.54973 -0.814386 0.185937
    outer loop
      vertex -1.31927 -1.72742 6.33992
      vertex 0.135025 -1.37846 12.168
      vertex 0.095647 -1.34576 12.1948
    endloop
  endfacet
  facet normal -0.549785 -0.814346 0.185949
    outer loop
      vertex 0.135025 -1.37846 12.168
      vertex -1.31927 -1.72742 6.33992
      vertex 0.158224 -1.39773 12.1522
    endloop
  endfacet
  facet normal -0.549793 -0.81434 0.18595
    outer loop
      vertex -1.31927 -1.72742 6.33992
      vertex 0.212375 -1.44235 12.1169
      vertex 0.158224 -1.39773 12.1522
    endloop
  endfacet
  facet normal -0.549736 -0.814382 0.185937
    outer loop
      vertex 0.212375 -1.44235 12.1169
      vertex -1.31927 -1.72742 6.33992
      vertex -1.13414 -1.86012 6.30606
    endloop
  endfacet
  facet normal -0.549664 -0.814433 0.185926
    outer loop
      vertex 0.994792 -1.13278 15.786
      vertex 3.37333 -0.461642 25.7577
      vertex 0.96943 -1.11007 15.8105
    endloop
  endfacet
  facet normal -0.548275 -0.815429 0.185661
    outer loop
      vertex 0.998766 -1.13634 15.7821
      vertex 3.37333 -0.461642 25.7577
      vertex 0.994792 -1.13278 15.786
    endloop
  endfacet
  facet normal -0.552715 -0.812233 0.186502
    outer loop
      vertex 1.00273 -1.13991 15.7783
      vertex 3.37333 -0.461642 25.7577
      vertex 0.998766 -1.13634 15.7821
    endloop
  endfacet
  facet normal -0.549583 -0.814491 0.185911
    outer loop
      vertex 1.03572 -1.16952 15.7461
      vertex 3.37333 -0.461642 25.7577
      vertex 1.00273 -1.13991 15.7783
    endloop
  endfacet
  facet normal -0.547864 -0.81572 0.185597
    outer loop
      vertex 1.03961 -1.17302 15.7422
      vertex 3.37333 -0.461642 25.7577
      vertex 1.03572 -1.16952 15.7461
    endloop
  endfacet
  facet normal -0.550192 -0.814054 0.186021
    outer loop
      vertex 3.37333 -0.461642 25.7577
      vertex 1.03961 -1.17302 15.7422
      vertex 1.05008 -1.18245 15.7319
    endloop
  endfacet
  facet normal -0.204609 -0.0359429 -0.978184
    outer loop
      vertex 1.6443 1.4069 5.60387
      vertex 1.31927 1.72742 5.66008
      vertex 1.48995 1.57579 5.62995
    endloop
  endfacet
  facet normal 0.204637 0.0370919 0.978135
    outer loop
      vertex 4.05247 -0.675972 25.6235
      vertex 3.76862 -0.634183 25.6813
      vertex 3.90953 -0.662663 25.6529
    endloop
  endfacet
  facet normal -0.20475 -0.0361021 -0.978148
    outer loop
      vertex -0.310772 1.76245 6
      vertex -1.21097 1.82728 6.18604
      vertex -0.357145 2.02545 6
    endloop
  endfacet
  facet normal -0.20475 -0.0361079 -0.978148
    outer loop
      vertex -1.21097 1.82728 6.18604
      vertex -0.310772 1.76245 6
      vertex -2.0914 0.539854 6.41786
    endloop
  endfacet
  facet normal -0.204772 -0.0360912 -0.978144
    outer loop
      vertex 0 2.1 5.92249
      vertex 0.29155 2.17601 5.85865
      vertex 0.168022 2.09119 5.88764
    endloop
  endfacet
  facet normal -0.20482 -0.0359051 -0.978141
    outer loop
      vertex 0.29155 2.17601 5.85865
      vertex 0 2.1 5.92249
      vertex -0.0464227 2.09757 5.9323
    endloop
  endfacet
  facet normal 0.206382 0.0353948 0.977831
    outer loop
      vertex 2.93018 1.4679 25.7793
      vertex 2.76417 1.06561 25.8289
      vertex 3.012 1.58755 25.7577
    endloop
  endfacet
  facet normal -0.204755 -0.0361041 -0.978147
    outer loop
      vertex -1.78063 -1.2226 6.41786
      vertex -2.0914 0.539854 6.41786
      vertex -0.512971 -2.13125 6.18604
    endloop
  endfacet
  facet normal 0.720766 0.679873 -0.135162
    outer loop
      vertex 2.99818 1.5597 13.5918
      vertex 1.48995 1.57579 5.62995
      vertex 2.9722 1.59267 13.6191
    endloop
  endfacet
  facet normal 0.721087 0.67952 -0.135224
    outer loop
      vertex 3.02013 1.53189 13.5691
      vertex 1.48995 1.57579 5.62995
      vertex 2.99818 1.5597 13.5918
    endloop
  endfacet
  facet normal 0.720904 0.679722 -0.135187
    outer loop
      vertex 3.05193 1.49162 13.5362
      vertex 1.48995 1.57579 5.62995
      vertex 3.02013 1.53189 13.5691
    endloop
  endfacet
  facet normal 0.720907 0.679719 -0.135188
    outer loop
      vertex 1.48995 1.57579 5.62995
      vertex 3.05193 1.49162 13.5362
      vertex 1.6443 1.4069 5.60387
    endloop
  endfacet
  facet normal 0.720904 0.679721 -0.135187
    outer loop
      vertex 5.14143 1.61737 25.3109
      vertex 3.65465 1.56038 17.0959
      vertex 3.62425 1.6001 17.1335
    endloop
  endfacet
  facet normal 0.721147 0.679456 -0.135229
    outer loop
      vertex 3.65465 1.56038 17.0959
      vertex 5.14143 1.61737 25.3109
      vertex 3.67842 1.52932 17.0666
    endloop
  endfacet
  facet normal -0.204869 -0.0363312 -0.978115
    outer loop
      vertex 0.476533 2.04341 5.82483
      vertex 0.29155 2.17601 5.85865
      vertex 0.56776 2.01897 5.80663
    endloop
  endfacet
  facet normal -0.20458 -0.035908 -0.978191
    outer loop
      vertex 1.69894 1.23435 5.59881
      vertex 1.89746 1.0249 5.56498
      vertex 1.78052 1.10872 5.58636
    endloop
  endfacet
  facet normal -0.204865 -0.0361896 -0.978121
    outer loop
      vertex 1.69894 1.23435 5.59881
      vertex 1.6443 1.4069 5.60387
      vertex 1.89746 1.0249 5.56498
    endloop
  endfacet
  facet normal -0.204812 -0.0361726 -0.978133
    outer loop
      vertex 1.5606 1.40517 5.62146
      vertex 1.6443 1.4069 5.60387
      vertex 1.69894 1.23435 5.59881
    endloop
  endfacet
  facet normal -0.204811 -0.0362089 -0.978132
    outer loop
      vertex 1.6443 1.4069 5.60387
      vertex 1.5606 1.40517 5.62146
      vertex 1.44631 1.51947 5.64116
    endloop
  endfacet
  facet normal 0.204647 0.036048 0.978172
    outer loop
      vertex 5.14143 1.61737 25.3109
      vertex 4.55882 2.03498 25.4174
      vertex 5.44366 0.959865 25.2719
    endloop
  endfacet
  facet normal 0.720326 0.680354 -0.135088
    outer loop
      vertex 2.9443 1.6281 13.6484
      vertex 1.48995 1.57579 5.62995
      vertex 2.93766 1.63652 13.6554
    endloop
  endfacet
  facet normal 0.721019 0.679595 -0.135209
    outer loop
      vertex 1.48995 1.57579 5.62995
      vertex 2.9443 1.6281 13.6484
      vertex 2.9722 1.59267 13.6191
    endloop
  endfacet
  facet normal 0.720928 0.679696 -0.135193
    outer loop
      vertex 5.14143 1.61737 25.3109
      vertex 3.57574 1.66329 17.1926
      vertex 5.04321 1.72485 25.3275
    endloop
  endfacet
  facet normal 0.720291 0.680395 -0.135066
    outer loop
      vertex 3.57574 1.66329 17.1926
      vertex 5.14143 1.61737 25.3109
      vertex 3.58137 1.65598 17.1858
    endloop
  endfacet
  facet normal 0.720853 0.679778 -0.135177
    outer loop
      vertex 3.58137 1.65598 17.1858
      vertex 5.14143 1.61737 25.3109
      vertex 3.60271 1.62824 17.1601
    endloop
  endfacet
  facet normal 0.720958 0.679662 -0.135197
    outer loop
      vertex 3.60271 1.62824 17.1601
      vertex 5.14143 1.61737 25.3109
      vertex 3.62425 1.6001 17.1335
    endloop
  endfacet
  facet normal -0.204828 -0.036174 -0.978129
    outer loop
      vertex 1.6443 1.4069 5.60387
      vertex 1.13414 1.86012 5.69394
      vertex 1.31927 1.72742 5.66008
    endloop
  endfacet
  facet normal 0.202628 0.0318727 0.978737
    outer loop
      vertex 4.69107 1.97726 25.3919
      vertex 4.55882 2.03498 25.4174
      vertex 4.81679 1.90578 25.3682
    endloop
  endfacet
  facet normal -0.204751 -0.0360979 -0.978148
    outer loop
      vertex -0.357145 2.02545 6
      vertex -1.21097 1.82728 6.18604
      vertex -0.36422 2.06558 6
    endloop
  endfacet
  facet normal -0.204767 -0.0361392 -0.978143
    outer loop
      vertex -0.0464227 2.09757 5.9323
      vertex -0.158413 2.19377 5.95219
      vertex 0.29155 2.17601 5.85865
    endloop
  endfacet
  facet normal -0.204719 -0.0360817 -0.978155
    outer loop
      vertex -0.219509 2.0885 5.96886
      vertex -0.158413 2.19377 5.95219
      vertex -0.0464227 2.09757 5.9323
    endloop
  endfacet
  facet normal -0.204775 -0.0360476 -0.978145
    outer loop
      vertex -0.36422 2.06558 6
      vertex -0.158413 2.19377 5.95219
      vertex -0.219509 2.0885 5.96886
    endloop
  endfacet
  facet normal -0.204755 -0.0360804 -0.978148
    outer loop
      vertex -0.158413 2.19377 5.95219
      vertex -0.36422 2.06558 6
      vertex -1.21097 1.82728 6.18604
    endloop
  endfacet
  facet normal -0.204742 -0.0361192 -0.978149
    outer loop
      vertex -0.158413 2.19377 5.95219
      vertex -1.21097 1.82728 6.18604
      vertex -0.601453 2.11565 6.04781
    endloop
  endfacet
  facet normal -0.313358 0.946943 0.07145
    outer loop
      vertex -0.601453 2.11565 6.04781
      vertex 1.21752 2.08776 14.3949
      vertex 1.22064 2.0888 14.3948
    endloop
  endfacet
  facet normal -0.313835 0.946777 0.0715535
    outer loop
      vertex 1.21752 2.08776 14.3949
      vertex -0.601453 2.11565 6.04781
      vertex 1.11309 2.05297 14.3972
    endloop
  endfacet
  facet normal -0.313987 0.946725 0.0715866
    outer loop
      vertex -0.601453 2.11565 6.04781
      vertex 1.22064 2.0888 14.3948
      vertex 1.24066 2.09547 14.3944
    endloop
  endfacet
  facet normal -0.313779 0.946797 0.0715422
    outer loop
      vertex 1.11309 2.05297 14.3972
      vertex -0.601453 2.11565 6.04781
      vertex -0.81429 2.04154 6.0951
    endloop
  endfacet
  facet normal -0.313717 0.946819 0.0715275
    outer loop
      vertex 1.99421 2.08721 17.8087
      vertex 1.90419 2.05767 17.8049
      vertex 3.71232 2.06839 25.5934
    endloop
  endfacet
  facet normal 0.209051 0.0308814 0.977417
    outer loop
      vertex 3.21022 1.79719 25.7085
      vertex 3.10569 1.69771 25.734
      vertex 3.32444 1.88488 25.6813
    endloop
  endfacet
  facet normal -0.204745 -0.0361021 -0.978149
    outer loop
      vertex 0.382026 -2.16658 6
      vertex 0.158413 -2.19377 6.04781
      vertex 0.601453 -2.11565 5.95219
    endloop
  endfacet
  facet normal -0.204712 -0.0361327 -0.978155
    outer loop
      vertex 1.83052 -1.17203 5.66008
      vertex 1.55472 -1.53315 5.73114
      vertex 2.02632 -0.759673 5.60387
    endloop
  endfacet
  facet normal -0.204788 -0.0360837 -0.978141
    outer loop
      vertex -1.83052 1.17203 6.33992
      vertex -2.0914 0.539854 6.41786
      vertex -1.93904 0.971169 6.37005
    endloop
  endfacet
  facet normal -0.942049 -0.227726 0.246341
    outer loop
      vertex -2.11923 -0.373677 6.45741
      vertex -0.430134 -0.114828 13.1561
      vertex -0.430175 -0.113793 13.1569
    endloop
  endfacet
  facet normal -0.944032 -0.219172 0.246508
    outer loop
      vertex -2.11923 -0.373677 6.45741
      vertex -0.430423 -0.107003 13.162
      vertex -0.431441 -0.0760747 13.1856
    endloop
  endfacet
  facet normal -0.94393 -0.219624 0.2465
    outer loop
      vertex -2.11923 -0.373677 6.45741
      vertex -0.430175 -0.113793 13.1569
      vertex -0.430423 -0.107003 13.162
    endloop
  endfacet
  facet normal -0.943933 -0.219605 0.246502
    outer loop
      vertex -0.430134 -0.114828 13.1561
      vertex -2.11923 -0.373677 6.45741
      vertex -0.425608 -0.228907 13.0718
    endloop
  endfacet
  facet normal -0.943948 -0.21954 0.246504
    outer loop
      vertex -0.425608 -0.228907 13.0718
      vertex -2.11923 -0.373677 6.45741
      vertex -2.06769 -0.5981 6.4549
    endloop
  endfacet
  facet normal -0.943745 -0.220425 0.246493
    outer loop
      vertex 0.471837 0.0604923 16.7662
      vertex 2.74646 0.484274 25.854
      vertex 0.470657 0.0829893 16.7818
    endloop
  endfacet
  facet normal -0.943966 -0.219466 0.246503
    outer loop
      vertex 2.74646 0.484274 25.854
      vertex 0.471837 0.0604923 16.7662
      vertex 0.476382 -0.0261114 16.7065
    endloop
  endfacet
  facet normal 0.205868 0.0359512 0.977919
    outer loop
      vertex 5.44366 0.959865 25.2719
      vertex 5.329 0.104052 25.3275
      vertex 5.42595 0.378526 25.297
    endloop
  endfacet
  facet normal -0.204716 -0.0360992 -0.978155
    outer loop
      vertex 2.13356 -0.31412 5.56498
      vertex 2.06769 0.5981 5.5451
      vertex 2.14756 0.145162 5.5451
    endloop
  endfacet
  facet normal -0.204765 -0.0360924 -0.978146
    outer loop
      vertex 2.02632 -0.759673 5.60387
      vertex 2.02654 -0.539505 5.5957
      vertex 2.13356 -0.31412 5.56498
    endloop
  endfacet
  facet normal -0.204903 -0.0360912 -0.978117
    outer loop
      vertex 2.02632 -0.759673 5.60387
      vertex 1.99722 -0.648935 5.60588
      vertex 2.02654 -0.539505 5.5957
    endloop
  endfacet
  facet normal -0.204794 -0.0360622 -0.97814
    outer loop
      vertex 2.02632 -0.759673 5.60387
      vertex 1.91844 -0.854146 5.62994
      vertex 1.99722 -0.648935 5.60588
    endloop
  endfacet
  facet normal -0.204748 -0.0361174 -0.978148
    outer loop
      vertex 2.02632 -0.759673 5.60387
      vertex 1.81865 -1.05 5.65806
      vertex 1.91844 -0.854146 5.62994
    endloop
  endfacet
  facet normal -0.204821 -0.0360629 -0.978135
    outer loop
      vertex 1.55472 -1.53315 5.73114
      vertex 1.81865 -1.05 5.65806
      vertex 2.02632 -0.759673 5.60387
    endloop
  endfacet
  facet normal -0.200885 -0.0380452 -0.978876
    outer loop
      vertex 1.69894 -1.23435 5.68993
      vertex 1.55472 -1.53315 5.73114
      vertex 1.69329 -1.24131 5.69136
    endloop
  endfacet
  facet normal -0.205119 -0.0358917 -0.978079
    outer loop
      vertex 1.81865 -1.05 5.65806
      vertex 1.55472 -1.53315 5.73114
      vertex 1.69894 -1.23435 5.68993
    endloop
  endfacet
  facet normal 0.201176 0.0377093 0.978829
    outer loop
      vertex 5.42595 0.378526 25.297
      vertex 5.329 0.104052 25.3275
      vertex 5.38454 0.23864 25.3109
    endloop
  endfacet
  facet normal -0.204805 -0.0365468 -0.97812
    outer loop
      vertex -0.29155 -2.17601 6.14135
      vertex -0.512971 -2.13125 6.18604
      vertex -0.0669346 -2.19692 6.0951
    endloop
  endfacet
  facet normal -0.204644 -0.0361953 -0.978167
    outer loop
      vertex 0.219509 2.0885 5.87696
      vertex 0.29155 2.17601 5.85865
      vertex 0.273603 2.07993 5.86596
    endloop
  endfacet
  facet normal -0.204782 -0.0360769 -0.978143
    outer loop
      vertex 0.29155 2.17601 5.85865
      vertex 0.219509 2.0885 5.87696
      vertex 0.168022 2.09119 5.88764
    endloop
  endfacet
  facet normal -0.204753 -0.0361025 -0.978148
    outer loop
      vertex -2.0914 0.539854 6.41786
      vertex -0.0557933 0.316395 6
      vertex -0.512971 -2.13125 6.18604
    endloop
  endfacet
  facet normal -0.204753 -0.0361035 -0.978148
    outer loop
      vertex -0.0557933 0.316395 6
      vertex -2.0914 0.539854 6.41786
      vertex -0.310772 1.76245 6
    endloop
  endfacet
  facet normal -0.732372 0.6594 0.169773
    outer loop
      vertex 1.09719 1.55664 17.6176
      vertex 3.012 1.58755 25.7577
      vertex 3.10569 1.69771 25.734
    endloop
  endfacet
  facet normal -0.73242 0.659344 0.169785
    outer loop
      vertex 3.012 1.58755 25.7577
      vertex 1.09719 1.55664 17.6176
      vertex 1.03192 1.49199 17.5871
    endloop
  endfacet
  facet normal -0.732319 0.659463 0.169758
    outer loop
      vertex 0.236733 1.4794 14.2056
      vertex -1.70194 1.36004 6.30606
      vertex 0.209228 1.45228 14.1923
    endloop
  endfacet
  facet normal -0.732601 0.65913 0.169833
    outer loop
      vertex -1.70194 1.36004 6.30606
      vertex 0.236733 1.4794 14.2056
      vertex 0.255081 1.4975 14.2145
    endloop
  endfacet
  facet normal -0.204685 -0.0361791 -0.978159
    outer loop
      vertex -1.21097 1.82728 6.18604
      vertex -1.83052 1.17203 6.33992
      vertex -1.70194 1.36004 6.30606
    endloop
  endfacet
  facet normal 0.844246 0.513098 -0.154854
    outer loop
      vertex 3.15893 1.31581 13.4053
      vertex 1.78063 1.2226 5.58214
      vertex 3.15083 1.33288 13.4177
    endloop
  endfacet
  facet normal 0.844611 0.512479 -0.154911
    outer loop
      vertex 3.2059 1.21727 13.3354
      vertex 1.78063 1.2226 5.58214
      vertex 3.15893 1.31581 13.4053
    endloop
  endfacet
  facet normal 0.844827 0.512111 -0.154951
    outer loop
      vertex 3.20844 1.21193 13.3316
      vertex 1.78063 1.2226 5.58214
      vertex 3.2059 1.21727 13.3354
    endloop
  endfacet
  facet normal 0.844574 0.512543 -0.154904
    outer loop
      vertex 1.78063 1.2226 5.58214
      vertex 3.20844 1.21193 13.3316
      vertex 1.89746 1.0249 5.56498
    endloop
  endfacet
  facet normal 0.844599 0.512498 -0.15491
    outer loop
      vertex 5.22819 1.50009 25.297
      vertex 3.76839 1.3755 16.9257
      vertex 3.76534 1.38234 16.9317
    endloop
  endfacet
  facet normal 0.844527 0.512621 -0.154899
    outer loop
      vertex 5.22819 1.50009 25.297
      vertex 3.79797 1.30897 16.8668
      vertex 3.76839 1.3755 16.9257
    endloop
  endfacet
  facet normal 0.844821 0.512125 -0.154938
    outer loop
      vertex 3.79797 1.30897 16.8668
      vertex 5.22819 1.50009 25.297
      vertex 3.80333 1.2968 16.8558
    endloop
  endfacet
  facet normal 0.844471 0.512715 -0.154891
    outer loop
      vertex 3.23231 1.16186 13.296
      vertex 1.89746 1.0249 5.56498
      vertex 3.20844 1.21193 13.3316
    endloop
  endfacet
  facet normal 0.844604 0.51249 -0.15491
    outer loop
      vertex 5.30253 1.37428 25.2861
      vertex 3.80333 1.2968 16.8558
      vertex 5.22819 1.50009 25.297
    endloop
  endfacet
  facet normal 0.844572 0.512545 -0.154905
    outer loop
      vertex 5.30253 1.37428 25.2861
      vertex 3.82591 1.24566 16.8097
      vertex 3.80333 1.2968 16.8558
    endloop
  endfacet
  facet normal 0.844553 0.512577 -0.154902
    outer loop
      vertex 3.82591 1.24566 16.8097
      vertex 5.30253 1.37428 25.2861
      vertex 3.83557 1.22376 16.7899
    endloop
  endfacet
  facet normal 0.47906 0.87298 -0.0916963
    outer loop
      vertex 4.81679 1.90578 25.3682
      vertex 3.18573 1.97533 17.509
      vertex 4.69107 1.97726 25.3919
    endloop
  endfacet
  facet normal 0.479098 0.872958 -0.0917045
    outer loop
      vertex 3.18573 1.97533 17.509
      vertex 4.81679 1.90578 25.3682
      vertex 3.25509 1.93261 17.4647
    endloop
  endfacet
  facet normal 0.479614 0.872664 -0.0918032
    outer loop
      vertex 2.52061 1.96874 13.9715
      vertex 0.936587 1.97244 5.73114
      vertex 2.51137 1.97446 13.9776
    endloop
  endfacet
  facet normal 0.478868 0.873089 -0.0916596
    outer loop
      vertex 0.936587 1.97244 5.73114
      vertex 2.52061 1.96874 13.9715
      vertex 2.5597 1.94456 13.9454
    endloop
  endfacet
  facet normal 0.479186 0.872908 -0.0917229
    outer loop
      vertex 2.58282 1.93025 13.93
      vertex 0.936587 1.97244 5.73114
      vertex 2.5597 1.94456 13.9454
    endloop
  endfacet
  facet normal 0.479107 0.872953 -0.0917068
    outer loop
      vertex 2.61158 1.91248 13.9111
      vertex 0.936587 1.97244 5.73114
      vertex 2.58282 1.93025 13.93
    endloop
  endfacet
  facet normal 0.47914 0.872934 -0.0917138
    outer loop
      vertex 2.6656 1.87911 13.8757
      vertex 0.936587 1.97244 5.73114
      vertex 2.61158 1.91248 13.9111
    endloop
  endfacet
  facet normal 0.479068 0.872975 -0.0916981
    outer loop
      vertex 0.936587 1.97244 5.73114
      vertex 2.6656 1.87911 13.8757
      vertex 1.13414 1.86012 5.69394
    endloop
  endfacet
  facet normal 0.479155 0.872925 -0.0917158
    outer loop
      vertex 4.81679 1.90578 25.3682
      vertex 3.2851 1.91412 17.4455
      vertex 3.25509 1.93261 17.4647
    endloop
  endfacet
  facet normal 0.479046 0.872988 -0.0916946
    outer loop
      vertex 4.81679 1.90578 25.3682
      vertex 3.30334 1.90284 17.4334
      vertex 3.2851 1.91412 17.4455
    endloop
  endfacet
  facet normal 0.478947 0.873044 -0.0916757
    outer loop
      vertex 3.30334 1.90284 17.4334
      vertex 4.81679 1.90578 25.3682
      vertex 3.32832 1.88733 17.4162
    endloop
  endfacet
  facet normal 0.647068 0.75254 -0.122421
    outer loop
      vertex 4.9346 1.82134 25.3466
      vertex 3.51335 1.72717 17.2556
      vertex 3.45861 1.78299 17.3094
    endloop
  endfacet
  facet normal 0.646598 0.752957 -0.122344
    outer loop
      vertex 3.51335 1.72717 17.2556
      vertex 4.9346 1.82134 25.3466
      vertex 3.51988 1.72049 17.249
    endloop
  endfacet
  facet normal 0.647092 0.752519 -0.122425
    outer loop
      vertex 2.81556 1.75862 13.7607
      vertex 1.31927 1.72742 5.66008
      vertex 2.80811 1.7661 13.7673
    endloop
  endfacet
  facet normal 0.646927 0.752665 -0.122395
    outer loop
      vertex 2.8453 1.72883 13.7347
      vertex 1.31927 1.72742 5.66008
      vertex 2.81556 1.75862 13.7607
    endloop
  endfacet
  facet normal 0.64709 0.75252 -0.122425
    outer loop
      vertex 2.898 1.67616 13.6895
      vertex 1.31927 1.72742 5.66008
      vertex 2.8453 1.72883 13.7347
    endloop
  endfacet
  facet normal 0.646996 0.752604 -0.122407
    outer loop
      vertex 1.31927 1.72742 5.66008
      vertex 2.898 1.67616 13.6895
      vertex 1.48995 1.57579 5.62995
    endloop
  endfacet
  facet normal 0.203363 0.0334184 0.978533
    outer loop
      vertex 4.81679 1.90578 25.3682
      vertex 4.55882 2.03498 25.4174
      vertex 4.9346 1.82134 25.3466
    endloop
  endfacet
  facet normal 0.206002 0.0299283 0.978094
    outer loop
      vertex 3.85195 2.1008 25.563
      vertex 3.71232 2.06839 25.5934
      vertex 3.99425 2.1181 25.5325
    endloop
  endfacet
  facet normal -0.214952 0.975354 0.049794
    outer loop
      vertex 3.85195 2.1008 25.563
      vertex 2.08543 2.10745 17.807
      vertex 2.08205 2.1067 17.8071
    endloop
  endfacet
  facet normal -0.215449 0.975239 0.0499073
    outer loop
      vertex 2.08543 2.10745 17.807
      vertex 3.85195 2.1008 25.563
      vertex 2.17301 2.12688 17.8054
    endloop
  endfacet
  facet normal -0.215896 0.975135 0.0499983
    outer loop
      vertex -0.382026 2.16658 6
      vertex 1.30175 2.1093 14.3878
      vertex 1.31308 2.11187 14.3866
    endloop
  endfacet
  facet normal -0.215937 0.975126 0.0500066
    outer loop
      vertex -0.382026 2.16658 6
      vertex 1.31308 2.11187 14.3866
      vertex 1.31836 2.11307 14.386
    endloop
  endfacet
  facet normal -0.214695 0.975413 0.0497566
    outer loop
      vertex -0.382026 2.16658 6
      vertex 1.31836 2.11307 14.386
      vertex 1.3239 2.11432 14.3854
    endloop
  endfacet
  facet normal -0.21545 0.975239 0.0499091
    outer loop
      vertex -0.382026 2.16658 6
      vertex 1.3239 2.11432 14.3854
      vertex 1.4073 2.13319 14.3767
    endloop
  endfacet
  facet normal -0.21543 0.975243 0.0499049
    outer loop
      vertex -0.382026 2.16658 6
      vertex 1.4073 2.13319 14.3767
      vertex 1.43042 2.13842 14.3743
    endloop
  endfacet
  facet normal -0.21548 0.975232 0.0499155
    outer loop
      vertex 1.30175 2.1093 14.3878
      vertex -0.382026 2.16658 6
      vertex -0.601453 2.11565 6.04781
    endloop
  endfacet
  facet normal -0.114687 0.993002 0.0281617
    outer loop
      vertex 2.35201 2.14803 17.7892
      vertex 3.85195 2.1008 25.563
      vertex 3.99425 2.1181 25.5325
    endloop
  endfacet
  facet normal -0.114822 0.992986 0.0281875
    outer loop
      vertex 3.85195 2.1008 25.563
      vertex 2.35201 2.14803 17.7892
      vertex 2.26391 2.13761 17.7974
    endloop
  endfacet
  facet normal -0.115549 0.992897 0.0283373
    outer loop
      vertex 1.56229 2.15435 14.3498
      vertex -0.158413 2.19377 5.95219
      vertex 1.559 2.15395 14.3504
    endloop
  endfacet
  facet normal -0.115077 0.992955 0.0282408
    outer loop
      vertex 1.57113 2.15542 14.3482
      vertex -0.158413 2.19377 5.95219
      vertex 1.56229 2.15435 14.3498
    endloop
  endfacet
  facet normal -0.114743 0.992996 0.0281723
    outer loop
      vertex -0.158413 2.19377 5.95219
      vertex 1.57113 2.15542 14.3482
      vertex 1.62035 2.16136 14.3393
    endloop
  endfacet
  facet normal 0.0897108 0.995859 -0.0147318
    outer loop
      vertex 1.87555 2.1577 14.2674
      vertex 0.0669346 2.19692 5.9049
      vertex 1.86819 2.1584 14.2699
    endloop
  endfacet
  facet normal 0.0902066 0.995813 -0.0148393
    outer loop
      vertex 1.8837 2.15692 14.2646
      vertex 0.0669346 2.19692 5.9049
      vertex 1.87555 2.1577 14.2674
    endloop
  endfacet
  facet normal 0.0896874 0.995861 -0.0147262
    outer loop
      vertex 1.93769 2.15179 14.2465
      vertex 0.0669346 2.19692 5.9049
      vertex 1.8837 2.15692 14.2646
    endloop
  endfacet
  facet normal 0.0892459 0.995902 -0.014627
    outer loop
      vertex 1.94541 2.15106 14.2439
      vertex 0.0669346 2.19692 5.9049
      vertex 1.93769 2.15179 14.2465
    endloop
  endfacet
  facet normal 0.0897117 0.995859 -0.0147321
    outer loop
      vertex 1.99364 2.14648 14.228
      vertex 0.0669346 2.19692 5.9049
      vertex 1.94541 2.15106 14.2439
    endloop
  endfacet
  facet normal 0.0896755 0.995862 -0.0147237
    outer loop
      vertex 0.0669346 2.19692 5.9049
      vertex 1.99364 2.14648 14.228
      vertex 0.29155 2.17601 5.85865
    endloop
  endfacet
  facet normal 0.0897663 0.995854 -0.0147425
    outer loop
      vertex 2.70289 2.13417 17.7153
      vertex 2.61495 2.14243 17.7378
      vertex 4.28059 2.1068 25.473
    endloop
  endfacet
  facet normal -0.498438 0.859473 0.113425
    outer loop
      vertex -1.01821 1.94506 6.14135
      vertex 0.748069 1.88303 14.3732
      vertex 0.767898 1.89416 14.376
    endloop
  endfacet
  facet normal -0.498736 0.859292 0.113488
    outer loop
      vertex -1.01821 1.94506 6.14135
      vertex 0.767898 1.89416 14.376
      vertex 0.859662 1.94569 14.3891
    endloop
  endfacet
  facet normal -0.499088 0.859077 0.113568
    outer loop
      vertex -1.01821 1.94506 6.14135
      vertex 0.859662 1.94569 14.3891
      vertex 0.869677 1.95131 14.3906
    endloop
  endfacet
  facet normal -0.498734 0.859294 0.113487
    outer loop
      vertex 0.748069 1.88303 14.3732
      vertex -1.01821 1.94506 6.14135
      vertex -1.21097 1.82728 6.18604
    endloop
  endfacet
  facet normal -0.498786 0.859262 0.113499
    outer loop
      vertex 1.64533 1.95388 17.7799
      vertex 1.55939 1.90612 17.7638
      vertex 3.44711 1.95984 25.6529
    endloop
  endfacet
  facet normal 0.089707 0.995859 -0.0147301
    outer loop
      vertex 4.28059 2.1068 25.473
      vertex 2.52937 2.15046 17.7597
      vertex 4.13766 2.12011 25.5024
    endloop
  endfacet
  facet normal 0.0896745 0.995862 -0.0147227
    outer loop
      vertex 2.52937 2.15046 17.7597
      vertex 4.28059 2.1068 25.473
      vertex 2.61495 2.14243 17.7378
    endloop
  endfacet
  facet normal 0.0895854 0.995871 -0.0147057
    outer loop
      vertex 1.82405 2.1626 14.2849
      vertex 0.0669346 2.19692 5.9049
      vertex 1.80869 2.16406 14.2902
    endloop
  endfacet
  facet normal 0.0897484 0.995855 -0.0147399
    outer loop
      vertex 0.0669346 2.19692 5.9049
      vertex 1.82405 2.1626 14.2849
      vertex 1.86819 2.1584 14.2699
    endloop
  endfacet
  facet normal -0.0125399 0.9999 0.00652441
    outer loop
      vertex 2.44211 2.14925 17.7754
      vertex 2.35201 2.14803 17.7892
      vertex 3.99425 2.1181 25.5325
    endloop
  endfacet
  facet normal -0.00502193 0.999363 0.0353209
    outer loop
      vertex 1.69764 2.16247 14.3188
      vertex 1.63284 2.16154 14.3359
      vertex 1.68865 2.16234 14.3212
    endloop
  endfacet
  facet normal -0.0126291 0.999899 0.0065423
    outer loop
      vertex 1.63284 2.16154 14.3359
      vertex -0.158413 2.19377 5.95219
      vertex 1.62035 2.16136 14.3393
    endloop
  endfacet
  facet normal -0.0126242 0.999899 0.00654125
    outer loop
      vertex 1.69764 2.16247 14.3188
      vertex -0.158413 2.19377 5.95219
      vertex 1.63284 2.16154 14.3359
    endloop
  endfacet
  facet normal -0.0125627 0.9999 0.00652761
    outer loop
      vertex 1.70674 2.1626 14.3164
      vertex -0.158413 2.19377 5.95219
      vertex 1.69764 2.16247 14.3188
    endloop
  endfacet
  facet normal -0.0126406 0.999899 0.00654498
    outer loop
      vertex 1.74787 2.16319 14.3057
      vertex -0.158413 2.19377 5.95219
      vertex 1.70674 2.1626 14.3164
    endloop
  endfacet
  facet normal -0.0126052 0.999899 0.00653689
    outer loop
      vertex -0.158413 2.19377 5.95219
      vertex 1.74787 2.16319 14.3057
      vertex 0.0669346 2.19692 5.9049
    endloop
  endfacet
  facet normal -0.215495 0.975228 0.049918
    outer loop
      vertex 2.08205 2.1067 17.8071
      vertex 3.71232 2.06839 25.5934
      vertex 3.85195 2.1008 25.563
    endloop
  endfacet
  facet normal -0.215476 0.975233 0.049914
    outer loop
      vertex 3.71232 2.06839 25.5934
      vertex 2.08205 2.1067 17.8071
      vertex 1.99421 2.08721 17.8087
    endloop
  endfacet
  facet normal -0.215394 0.975252 0.0498959
    outer loop
      vertex 1.30175 2.1093 14.3878
      vertex -0.601453 2.11565 6.04781
      vertex 1.24066 2.09547 14.3944
    endloop
  endfacet
  facet normal 0.677919 -0.731392 -0.0741075
    outer loop
      vertex 1.55472 -1.53315 5.73114
      vertex 2.56311 -1.23365 11.9998
      vertex 1.39046 -1.68947 5.7713
    endloop
  endfacet
  facet normal 0.677969 -0.731344 -0.0741179
    outer loop
      vertex 2.56311 -1.23365 11.9998
      vertex 1.55472 -1.53315 5.73114
      vertex 2.65711 -1.15026 12.0368
    endloop
  endfacet
  facet normal 0.67784 -0.731467 -0.0740879
    outer loop
      vertex 2.65711 -1.15026 12.0368
      vertex 1.55472 -1.53315 5.73114
      vertex 2.6892 -1.12189 12.0503
    endloop
  endfacet
  facet normal 0.677935 -0.731376 -0.0741103
    outer loop
      vertex 5.08443 -0.253574 25.3919
      vertex 3.15884 -1.00208 15.1641
      vertex 3.25508 -0.916743 15.2023
    endloop
  endfacet
  facet normal -0.204768 -0.0360925 -0.978145
    outer loop
      vertex 0.601453 -2.11565 5.95219
      vertex 0.676584 -1.9866 5.9317
      vertex 1.01821 -1.94506 5.85865
    endloop
  endfacet
  facet normal -0.204768 -0.0360927 -0.978145
    outer loop
      vertex 0.676584 -1.9866 5.9317
      vertex 0.601453 -2.11565 5.95219
      vertex 0.648935 -1.99722 5.93788
    endloop
  endfacet
  facet normal -0.204733 -0.0361078 -0.978152
    outer loop
      vertex 0.601453 -2.11565 5.95219
      vertex 0.436614 -2.05411 5.98442
      vertex 0.648935 -1.99722 5.93788
    endloop
  endfacet
  facet normal -0.204756 -0.0361753 -0.978144
    outer loop
      vertex 0.601453 -2.11565 5.95219
      vertex 0.364213 -2.06558 6
      vertex 0.436614 -2.05411 5.98442
    endloop
  endfacet
  facet normal -0.20475 -0.036103 -0.978148
    outer loop
      vertex 0.364213 -2.06558 6
      vertex -0.512971 -2.13125 6.18604
      vertex 0.357137 -2.02545 6
    endloop
  endfacet
  facet normal -0.204748 -0.0361332 -0.978148
    outer loop
      vertex -0.512971 -2.13125 6.18604
      vertex 0.364213 -2.06558 6
      vertex 0.601453 -2.11565 5.95219
    endloop
  endfacet
  facet normal -0.204805 -0.0361284 -0.978136
    outer loop
      vertex -1.89746 -1.0249 6.43502
      vertex -1.99349 -0.815969 6.44741
      vertex -1.78063 -1.2226 6.41786
    endloop
  endfacet
  facet normal -0.828166 -0.509767 0.232978
    outer loop
      vertex -1.89746 -1.0249 6.43502
      vertex -0.328441 -0.707495 12.7069
      vertex -0.343324 -0.669331 12.7375
    endloop
  endfacet
  facet normal -0.82812 -0.509844 0.232971
    outer loop
      vertex -1.89746 -1.0249 6.43502
      vertex -0.315824 -0.739549 12.6816
      vertex -0.328441 -0.707495 12.7069
    endloop
  endfacet
  facet normal -0.82835 -0.509452 0.233011
    outer loop
      vertex -1.89746 -1.0249 6.43502
      vertex -0.288317 -0.80943 12.6266
      vertex -0.315824 -0.739549 12.6816
    endloop
  endfacet
  facet normal -0.828229 -0.509661 0.232987
    outer loop
      vertex -0.288317 -0.80943 12.6266
      vertex -1.89746 -1.0249 6.43502
      vertex -1.78063 -1.2226 6.41786
    endloop
  endfacet
  facet normal -0.828148 -0.509798 0.232975
    outer loop
      vertex 0.579927 -0.521917 16.3419
      vertex 2.88759 0.0698614 25.8398
      vertex 0.557083 -0.463329 16.3889
    endloop
  endfacet
  facet normal -0.828238 -0.509645 0.232987
    outer loop
      vertex 2.88759 0.0698614 25.8398
      vertex 0.579927 -0.521917 16.3419
      vertex 0.596437 -0.564474 16.3075
    endloop
  endfacet
  facet normal 0.200163 0.0381503 0.97902
    outer loop
      vertex 2.86112 1.34009 25.7984
      vertex 2.80558 1.2055 25.815
      vertex 2.93018 1.4679 25.7793
    endloop
  endfacet
  facet normal -0.893624 0.394898 0.213289
    outer loop
      vertex -0.142723 0.9647 13.9083
      vertex -2.02632 0.759673 6.39612
      vertex -0.162163 0.931673 13.888
    endloop
  endfacet
  facet normal -0.893368 0.395519 0.213208
    outer loop
      vertex -2.02632 0.759673 6.39612
      vertex -0.142723 0.9647 13.9083
      vertex -0.130879 0.984768 13.9207
    endloop
  endfacet
  facet normal -0.893564 0.395043 0.213273
    outer loop
      vertex 0.74124 1.08834 17.3829
      vertex 2.80558 1.2055 25.815
      vertex 2.86112 1.34009 25.7984
    endloop
  endfacet
  facet normal -0.893568 0.395033 0.213274
    outer loop
      vertex 2.80558 1.2055 25.815
      vertex 0.74124 1.08834 17.3829
      vertex 0.697274 1.01097 17.342
    endloop
  endfacet
  facet normal -0.893444 0.395333 0.213237
    outer loop
      vertex -1.93904 0.971169 6.37005
      vertex -0.0832673 1.06544 13.9708
      vertex -0.0590412 1.10649 13.9962
    endloop
  endfacet
  facet normal -0.894079 0.393795 0.213421
    outer loop
      vertex -1.93904 0.971169 6.37005
      vertex -0.0590412 1.10649 13.9962
      vertex -0.0533568 1.11609 14.0023
    endloop
  endfacet
  facet normal -0.893606 0.394941 0.213281
    outer loop
      vertex -0.0832673 1.06544 13.9708
      vertex -1.93904 0.971169 6.37005
      vertex -0.130879 0.984768 13.9207
    endloop
  endfacet
  facet normal -0.893564 0.395044 0.213271
    outer loop
      vertex -0.130879 0.984768 13.9207
      vertex -1.93904 0.971169 6.37005
      vertex -2.02632 0.759673 6.39612
    endloop
  endfacet
  facet normal -0.893709 0.39469 0.213315
    outer loop
      vertex 0.77174 1.14201 17.4112
      vertex 2.86112 1.34009 25.7984
      vertex 0.794021 1.18122 17.432
    endloop
  endfacet
  facet normal -0.893458 0.395301 0.213238
    outer loop
      vertex 2.86112 1.34009 25.7984
      vertex 0.77174 1.14201 17.4112
      vertex 0.74124 1.08834 17.3829
    endloop
  endfacet
  facet normal -0.952604 0.195606 0.232989
    outer loop
      vertex 0.616641 0.833079 17.2437
      vertex 2.73734 0.921964 25.8398
      vertex 2.76417 1.06561 25.8289
    endloop
  endfacet
  facet normal -0.952553 0.195874 0.232974
    outer loop
      vertex 0.606458 0.803897 17.2266
      vertex 2.73734 0.921964 25.8398
      vertex 0.616641 0.833079 17.2437
    endloop
  endfacet
  facet normal -0.952582 0.195721 0.232983
    outer loop
      vertex 2.73734 0.921964 25.8398
      vertex 0.606458 0.803897 17.2266
      vertex 0.588316 0.751906 17.1961
    endloop
  endfacet
  facet normal -0.952125 0.198122 0.232821
    outer loop
      vertex -0.273096 0.687838 13.7279
      vertex -2.0914 0.539854 6.41786
      vertex -0.274659 0.683617 13.7251
    endloop
  endfacet
  facet normal -0.952642 0.195399 0.233005
    outer loop
      vertex -2.0914 0.539854 6.41786
      vertex -0.273096 0.687838 13.7279
      vertex -0.254133 0.738792 13.7627
    endloop
  endfacet
  facet normal -0.204688 -0.0361003 -0.978161
    outer loop
      vertex 2.15235 -0.0849438 5.55259
      vertex 2.13356 -0.31412 5.56498
      vertex 2.14756 0.145162 5.5451
    endloop
  endfacet
  facet normal 0.20972 0.0357305 0.977108
    outer loop
      vertex 5.46169 0.814445 25.2735
      vertex 5.45278 0.522175 25.2861
      vertex 5.46474 0.668014 25.2782
    endloop
  endfacet
  facet normal 0.201319 0.0393461 0.978735
    outer loop
      vertex 5.17812 -0.143411 25.3682
      vertex 4.9799 -0.353048 25.4174
      vertex 5.08443 -0.253574 25.3919
    endloop
  endfacet
  facet normal 0.204773 0.0359858 0.978148
    outer loop
      vertex 5.329 0.104052 25.3275
      vertex 4.61325 -0.577092 25.5024
      vertex 4.9799 -0.353048 25.4174
    endloop
  endfacet
  facet normal 0.968933 -0.192805 -0.154905
    outer loop
      vertex 3.25965 -0.218102 12.4892
      vertex 2.13356 -0.31412 5.56498
      vertex 3.30139 -0.0684356 12.564
    endloop
  endfacet
  facet normal 0.968944 -0.192744 -0.154907
    outer loop
      vertex 2.13356 -0.31412 5.56498
      vertex 3.25965 -0.218102 12.4892
      vertex 2.0914 -0.539854 5.58214
    endloop
  endfacet
  facet normal 0.968935 -0.192795 -0.154904
    outer loop
      vertex 5.42595 0.378526 25.297
      vertex 3.80982 -0.0665788 15.742
      vertex 3.84583 0.0461029 15.827
    endloop
  endfacet
  facet normal -0.204628 -0.0361744 -0.978171
    outer loop
      vertex 1.93904 -0.971169 5.62995
      vertex 1.83052 -1.17203 5.66008
      vertex 2.02632 -0.759673 5.60387
    endloop
  endfacet
  facet normal 0.204819 0.0360939 0.978134
    outer loop
      vertex 3.37333 -0.461642 25.7577
      vertex 2.76417 1.06561 25.8289
      vertex 2.88759 0.0698614 25.8398
    endloop
  endfacet
  facet normal -0.204777 -0.0360883 -0.978143
    outer loop
      vertex -1.21097 1.82728 6.18604
      vertex -2.0914 0.539854 6.41786
      vertex -1.83052 1.17203 6.33992
    endloop
  endfacet
  facet normal 0.231824 -0.97235 0.0281678
    outer loop
      vertex 0.601453 -2.11565 5.95219
      vertex 1.55572 -1.71862 11.8039
      vertex 0.382026 -2.16658 6
    endloop
  endfacet
  facet normal 0.231808 -0.972354 0.0281707
    outer loop
      vertex 1.55572 -1.71862 11.8039
      vertex 0.601453 -2.11565 5.95219
      vertex 1.62211 -1.7027 11.8071
    endloop
  endfacet
  facet normal 0.231808 -0.972353 0.0281706
    outer loop
      vertex 1.62211 -1.7027 11.8071
      vertex 0.601453 -2.11565 5.95219
      vertex 1.71833 -1.67957 11.8137
    endloop
  endfacet
  facet normal 0.2318 -0.972355 0.0281726
    outer loop
      vertex 2.26114 -1.45464 15.1109
      vertex 4.33817 -0.656661 25.563
      vertex 2.22569 -1.46292 15.1168
    endloop
  endfacet
  facet normal 0.231793 -0.972357 0.0281743
    outer loop
      vertex 4.33817 -0.656661 25.563
      vertex 2.26114 -1.45464 15.1109
      vertex 2.34393 -1.43531 15.0969
    endloop
  endfacet
  facet normal -0.17475 -0.978051 0.113485
    outer loop
      vertex 0.896256 -1.72495 11.8578
      vertex -0.29155 -2.17601 6.14135
      vertex 0.937295 -1.73335 11.8486
    endloop
  endfacet
  facet normal -0.174802 -0.97804 0.113496
    outer loop
      vertex 1.62009 -1.45008 15.3413
      vertex 3.90953 -0.662663 25.6529
      vertex 3.76862 -0.634183 25.6813
    endloop
  endfacet
  facet normal -0.17472 -0.978057 0.113479
    outer loop
      vertex 3.90953 -0.662663 25.6529
      vertex 1.62009 -1.45008 15.3413
      vertex 1.68215 -1.46503 15.308
    endloop
  endfacet
  facet normal -0.204782 -0.0360735 -0.978143
    outer loop
      vertex -1.21097 1.82728 6.18604
      vertex -1.70194 1.36004 6.30606
      vertex -1.39046 1.68947 6.2287
    endloop
  endfacet
  facet normal 0.204762 0.0361053 0.978146
    outer loop
      vertex 4.61325 -0.577092 25.5024
      vertex 3.012 1.58755 25.7577
      vertex 3.37333 -0.461642 25.7577
    endloop
  endfacet
  facet normal -0.848978 0.488923 0.200475
    outer loop
      vertex -1.83052 1.17203 6.33992
      vertex -0.029398 1.14967 14.0219
      vertex 0.0342222 1.23882 14.0739
    endloop
  endfacet
  facet normal -0.849063 0.488768 0.200494
    outer loop
      vertex -1.83052 1.17203 6.33992
      vertex -0.0533568 1.11609 14.0023
      vertex -0.029398 1.14967 14.0219
    endloop
  endfacet
  facet normal -0.849049 0.488794 0.200491
    outer loop
      vertex -0.0533568 1.11609 14.0023
      vertex -1.83052 1.17203 6.33992
      vertex -1.93904 0.971169 6.37005
    endloop
  endfacet
  facet normal -0.848948 0.488978 0.200467
    outer loop
      vertex 0.84292 1.2513 17.4682
      vertex 2.86112 1.34009 25.7984
      vertex 0.854667 1.26821 17.4767
    endloop
  endfacet
  facet normal -0.849018 0.488849 0.200485
    outer loop
      vertex 2.86112 1.34009 25.7984
      vertex 0.84292 1.2513 17.4682
      vertex 0.794021 1.18122 17.432
    endloop
  endfacet
  facet normal -0.848872 0.489118 0.200448
    outer loop
      vertex 0.0421932 1.24999 14.0804
      vertex -1.83052 1.17203 6.33992
      vertex 0.0342222 1.23882 14.0739
    endloop
  endfacet
  facet normal -0.849164 0.488581 0.200524
    outer loop
      vertex -1.83052 1.17203 6.33992
      vertex 0.0421932 1.24999 14.0804
      vertex 0.0709489 1.2902 14.1042
    endloop
  endfacet
  facet normal -0.849075 0.488746 0.200499
    outer loop
      vertex 0.90599 1.3421 17.5139
      vertex 2.86112 1.34009 25.7984
      vertex 2.93018 1.4679 25.7793
    endloop
  endfacet
  facet normal -0.849046 0.488798 0.200492
    outer loop
      vertex 2.86112 1.34009 25.7984
      vertex 0.90599 1.3421 17.5139
      vertex 0.854667 1.26821 17.4767
    endloop
  endfacet
  facet normal 0.787089 0.599295 -0.146072
    outer loop
      vertex 3.15083 1.33288 13.4177
      vertex 1.78063 1.2226 5.58214
      vertex 3.12135 1.38008 13.4525
    endloop
  endfacet
  facet normal 0.786955 0.599475 -0.146054
    outer loop
      vertex 5.22819 1.50009 25.297
      vertex 3.72483 1.45097 16.9951
      vertex 5.14143 1.61737 25.3109
    endloop
  endfacet
  facet normal 0.786938 0.599497 -0.146051
    outer loop
      vertex 5.22819 1.50009 25.297
      vertex 3.74347 1.41951 16.9664
      vertex 3.72483 1.45097 16.9951
    endloop
  endfacet
  facet normal 0.787003 0.59941 -0.146061
    outer loop
      vertex 3.74347 1.41951 16.9664
      vertex 5.22819 1.50009 25.297
      vertex 3.76534 1.38234 16.9317
    endloop
  endfacet
  facet normal 0.931726 0.322925 -0.16615
    outer loop
      vertex 3.3401 0.790141 13.0537
      vertex 2.06769 0.5981 5.5451
      vertex 3.32746 0.84395 13.0874
    endloop
  endfacet
  facet normal 0.931732 0.322908 -0.16615
    outer loop
      vertex 5.41086 1.10268 25.2735
      vertex 3.90729 0.957108 16.5589
      vertex 5.36365 1.24132 25.2782
    endloop
  endfacet
  facet normal 0.931486 0.323634 -0.16612
    outer loop
      vertex 5.41086 1.10268 25.2735
      vertex 3.90984 0.944071 16.5478
      vertex 3.90729 0.957108 16.5589
    endloop
  endfacet
  facet normal 0.93182 0.322649 -0.166159
    outer loop
      vertex 5.41086 1.10268 25.2735
      vertex 3.91927 0.89495 16.5053
      vertex 3.90984 0.944071 16.5478
    endloop
  endfacet
  facet normal 0.931515 0.323544 -0.166129
    outer loop
      vertex 3.91927 0.89495 16.5053
      vertex 5.41086 1.10268 25.2735
      vertex 3.92252 0.878045 16.4906
    endloop
  endfacet
  facet normal 0.204433 0.0357351 0.978228
    outer loop
      vertex 5.04321 1.72485 25.3275
      vertex 4.55882 2.03498 25.4174
      vertex 5.14143 1.61737 25.3109
    endloop
  endfacet
  facet normal -0.204663 -0.035788 -0.978178
    outer loop
      vertex 0.728771 2.06315 5.7713
      vertex 0.29155 2.17601 5.85865
      vertex 0.512971 2.13125 5.81396
    endloop
  endfacet
  facet normal -0.204677 -0.0358485 -0.978173
    outer loop
      vertex 0.936587 1.97244 5.73114
      vertex 0.29155 2.17601 5.85865
      vertex 0.728771 2.06315 5.7713
    endloop
  endfacet
  facet normal 0.386872 0.919151 -0.074103
    outer loop
      vertex 4.69107 1.97726 25.3919
      vertex 3.03279 2.04621 17.5897
      vertex 4.55882 2.03498 25.4174
    endloop
  endfacet
  facet normal 0.388874 0.918271 -0.0745364
    outer loop
      vertex 4.69107 1.97726 25.3919
      vertex 3.03528 2.04505 17.5884
      vertex 3.03279 2.04621 17.5897
    endloop
  endfacet
  facet normal 0.386866 0.919154 -0.0741026
    outer loop
      vertex 3.03528 2.04505 17.5884
      vertex 4.69107 1.97726 25.3919
      vertex 3.10758 2.01158 17.5507
    endloop
  endfacet
  facet normal 0.386883 0.919146 -0.0741055
    outer loop
      vertex 2.3582 2.04581 14.063
      vertex 0.728771 2.06315 5.7713
      vertex 2.34654 2.05125 14.0696
    endloop
  endfacet
  facet normal 0.386639 0.919253 -0.0740573
    outer loop
      vertex 2.37837 2.0364 14.0515
      vertex 0.728771 2.06315 5.7713
      vertex 2.3582 2.04581 14.063
    endloop
  endfacet
  facet normal 0.386978 0.919105 -0.0741254
    outer loop
      vertex 0.728771 2.06315 5.7713
      vertex 2.37837 2.0364 14.0515
      vertex 2.39865 2.02695 14.0402
    endloop
  endfacet
  facet normal -0.114808 0.992988 0.0281857
    outer loop
      vertex 3.85195 2.1008 25.563
      vertex 2.20095 2.13017 17.8033
      vertex 2.17301 2.12688 17.8054
    endloop
  endfacet
  facet normal -0.114704 0.993 0.0281635
    outer loop
      vertex 2.20095 2.13017 17.8033
      vertex 3.85195 2.1008 25.563
      vertex 2.26391 2.13761 17.7974
    endloop
  endfacet
  facet normal -0.114731 0.992997 0.0281703
    outer loop
      vertex 1.47998 2.14441 14.365
      vertex -0.382026 2.16658 6
      vertex 1.43042 2.13842 14.3743
    endloop
  endfacet
  facet normal -0.114554 0.993018 0.0281357
    outer loop
      vertex -0.158413 2.19377 5.95219
      vertex 1.47998 2.14441 14.365
      vertex 1.48776 2.14535 14.3635
    endloop
  endfacet
  facet normal -0.114786 0.99299 0.0281808
    outer loop
      vertex -0.158413 2.19377 5.95219
      vertex 1.48776 2.14535 14.3635
      vertex 1.55365 2.15331 14.3514
    endloop
  endfacet
  facet normal -0.113583 0.993136 0.0279364
    outer loop
      vertex -0.158413 2.19377 5.95219
      vertex 1.55365 2.15331 14.3514
      vertex 1.559 2.15395 14.3504
    endloop
  endfacet
  facet normal -0.11472 0.992998 0.0281679
    outer loop
      vertex 1.47998 2.14441 14.365
      vertex -0.158413 2.19377 5.95219
      vertex -0.382026 2.16658 6
    endloop
  endfacet
  facet normal -0.204745 -0.0361021 -0.978149
    outer loop
      vertex -0.158413 2.19377 5.95219
      vertex -0.601453 2.11565 6.04781
      vertex -0.382026 2.16658 6
    endloop
  endfacet
  facet normal -0.409122 0.907735 0.0929333
    outer loop
      vertex -0.81429 2.04154 6.0951
      vertex 0.974524 1.99798 14.3955
      vertex 0.992079 2.0058 14.3964
    endloop
  endfacet
  facet normal -0.408519 0.908019 0.0928049
    outer loop
      vertex 0.974524 1.99798 14.3955
      vertex -0.81429 2.04154 6.0951
      vertex 0.869677 1.95131 14.3906
    endloop
  endfacet
  facet normal -0.405648 0.909369 0.0921844
    outer loop
      vertex -0.81429 2.04154 6.0951
      vertex 0.992079 2.0058 14.3964
      vertex 0.994478 2.00686 14.3965
    endloop
  endfacet
  facet normal -0.408551 0.908004 0.0928113
    outer loop
      vertex 0.869677 1.95131 14.3906
      vertex -0.81429 2.04154 6.0951
      vertex -1.01821 1.94506 6.14135
    endloop
  endfacet
  facet normal -0.408524 0.908017 0.0928049
    outer loop
      vertex 1.64721 1.9547 17.7801
      vertex 3.44711 1.95984 25.6529
      vertex 1.73399 1.99268 17.7905
    endloop
  endfacet
  facet normal -0.406322 0.909056 0.092301
    outer loop
      vertex 3.44711 1.95984 25.6529
      vertex 1.64721 1.9547 17.7801
      vertex 1.64533 1.95388 17.7799
    endloop
  endfacet
  facet normal -0.204935 -0.035737 -0.978123
    outer loop
      vertex -0.81429 2.04154 6.0951
      vertex -1.21097 1.82728 6.18604
      vertex -1.01821 1.94506 6.14135
    endloop
  endfacet
  facet normal -0.313911 0.946751 0.0715711
    outer loop
      vertex 1.09663 2.04749 14.3977
      vertex -0.81429 2.04154 6.0951
      vertex 1.05306 2.0329 14.3996
    endloop
  endfacet
  facet normal -0.313385 0.946934 0.0714498
    outer loop
      vertex 1.11207 2.05263 14.3973
      vertex -0.81429 2.04154 6.0951
      vertex 1.09663 2.04749 14.3977
    endloop
  endfacet
  facet normal -0.309216 0.948377 0.0704805
    outer loop
      vertex -0.81429 2.04154 6.0951
      vertex 1.11207 2.05263 14.3973
      vertex 1.11309 2.05297 14.3972
    endloop
  endfacet
  facet normal -0.313775 0.946798 0.0715408
    outer loop
      vertex 1.90419 2.05767 17.8049
      vertex 3.57688 2.02123 25.6235
      vertex 3.71232 2.06839 25.5934
    endloop
  endfacet
  facet normal -0.313933 0.946744 0.0715744
    outer loop
      vertex 1.86505 2.04482 17.8032
      vertex 3.57688 2.02123 25.6235
      vertex 1.90419 2.05767 17.8049
    endloop
  endfacet
  facet normal -0.313685 0.94683 0.0715205
    outer loop
      vertex 3.57688 2.02123 25.6235
      vertex 1.86505 2.04482 17.8032
      vertex 1.8178 2.02937 17.8005
    endloop
  endfacet
  facet normal -0.408528 0.908015 0.0928064
    outer loop
      vertex 1.05306 2.0329 14.3996
      vertex -0.81429 2.04154 6.0951
      vertex 0.994478 2.00686 14.3965
    endloop
  endfacet
  facet normal -0.408527 0.908016 0.0928063
    outer loop
      vertex 1.8178 2.02937 17.8005
      vertex 3.44711 1.95984 25.6529
      vertex 3.57688 2.02123 25.6235
    endloop
  endfacet
  facet normal -0.408573 0.907994 0.0928155
    outer loop
      vertex 3.44711 1.95984 25.6529
      vertex 1.8178 2.02937 17.8005
      vertex 1.73399 1.99268 17.7905
    endloop
  endfacet
  facet normal -0.204749 -0.036141 -0.978147
    outer loop
      vertex 0.81429 -2.04154 5.9049
      vertex 0.601453 -2.11565 5.95219
      vertex 1.01821 -1.94506 5.85865
    endloop
  endfacet
  facet normal -0.0733651 -0.992977 0.0928136
    outer loop
      vertex 1.79631 -1.47802 15.2593
      vertex 4.05247 -0.675972 25.6235
      vertex 3.90953 -0.662663 25.6529
    endloop
  endfacet
  facet normal -0.0733559 -0.992978 0.0928117
    outer loop
      vertex 4.05247 -0.675972 25.6235
      vertex 1.79631 -1.47802 15.2593
      vertex 1.86035 -1.48534 15.2316
    endloop
  endfacet
  facet normal -0.0732829 -0.992985 0.0927953
    outer loop
      vertex 1.13716 -1.75116 11.816
      vertex -0.0669346 -2.19692 6.0951
      vertex 1.13977 -1.75139 11.8156
    endloop
  endfacet
  facet normal -0.0739309 -0.992924 0.0929269
    outer loop
      vertex 1.12286 -1.74988 11.8183
      vertex -0.0669346 -2.19692 6.0951
      vertex 1.13716 -1.75116 11.816
    endloop
  endfacet
  facet normal -0.0728637 -0.993023 0.0927128
    outer loop
      vertex -0.0669346 -2.19692 6.0951
      vertex 1.12286 -1.74988 11.8183
      vertex 1.09754 -1.74763 11.8225
    endloop
  endfacet
  facet normal 0.203972 0.0359704 0.978316
    outer loop
      vertex 2.88759 0.0698614 25.8398
      vertex 2.72843 0.629694 25.8524
      vertex 2.77926 0.34146 25.8524
    endloop
  endfacet
  facet normal -0.876619 -0.41723 0.239703
    outer loop
      vertex 0.509684 -0.286878 16.5226
      vertex 2.88759 0.0698614 25.8398
      vertex 2.82647 0.202816 25.8477
    endloop
  endfacet
  facet normal -0.876653 -0.417155 0.239709
    outer loop
      vertex 2.88759 0.0698614 25.8398
      vertex 0.509684 -0.286878 16.5226
      vertex 0.529338 -0.358119 16.4705
    endloop
  endfacet
  facet normal 0.963874 0.265869 -0.0161268
    outer loop
      vertex -0.39404 -0.477896 12.8852
      vertex -0.382051 -0.52352 12.8496
      vertex -0.393243 -0.480931 12.8828
    endloop
  endfacet
  facet normal -0.876554 -0.417371 0.239695
    outer loop
      vertex -0.382051 -0.52352 12.8496
      vertex -0.39404 -0.477896 12.8852
      vertex -1.99349 -0.815969 6.44741
    endloop
  endfacet
  facet normal -0.966468 0.0920649 0.239715
    outer loop
      vertex 0.552518 0.649318 17.1359
      vertex 0.526692 0.543544 17.0724
      vertex 2.73734 0.921964 25.8398
    endloop
  endfacet
  facet normal -0.966535 0.0912501 0.239756
    outer loop
      vertex -2.13356 0.31412 6.43502
      vertex -0.332437 0.523127 13.6164
      vertex -0.328045 0.539432 13.6279
    endloop
  endfacet
  facet normal -0.966443 0.0923619 0.2397
    outer loop
      vertex -2.13356 0.31412 6.43502
      vertex -0.360118 0.420339 13.5444
      vertex -0.332437 0.523127 13.6164
    endloop
  endfacet
  facet normal -0.966505 0.0916468 0.239726
    outer loop
      vertex -2.13356 0.31412 6.43502
      vertex -0.366881 0.395054 13.5268
      vertex -0.360118 0.420339 13.5444
    endloop
  endfacet
  facet normal -0.966217 0.0949137 0.239617
    outer loop
      vertex -2.13356 0.31412 6.43502
      vertex -0.368135 0.390367 13.5236
      vertex -0.366881 0.395054 13.5268
    endloop
  endfacet
  facet normal -0.966458 0.0921985 0.239706
    outer loop
      vertex -0.368135 0.390367 13.5236
      vertex -2.13356 0.31412 6.43502
      vertex -2.15235 0.0849438 6.44741
    endloop
  endfacet
  facet normal 0.200827 0.0378183 0.978896
    outer loop
      vertex 2.80558 1.2055 25.815
      vertex 2.76417 1.06561 25.8289
      vertex 2.93018 1.4679 25.7793
    endloop
  endfacet
  facet normal 0.203801 0.0360328 0.978349
    outer loop
      vertex 5.44366 0.959865 25.2719
      vertex 5.42595 0.378526 25.297
      vertex 5.46169 0.814445 25.2735
    endloop
  endfacet
  facet normal 0.968462 -0.195303 -0.154718
    outer loop
      vertex 3.31539 -0.0185707 12.5896
      vertex 2.13356 -0.31412 5.56498
      vertex 3.31608 -0.016179 12.5909
    endloop
  endfacet
  facet normal 0.969098 -0.19192 -0.154967
    outer loop
      vertex 3.31004 -0.0375916 12.5797
      vertex 2.13356 -0.31412 5.56498
      vertex 3.31539 -0.0185707 12.5896
    endloop
  endfacet
  facet normal 0.968837 -0.193315 -0.154869
    outer loop
      vertex 3.30518 -0.0548185 12.5708
      vertex 2.13356 -0.31412 5.56498
      vertex 3.31004 -0.0375916 12.5797
    endloop
  endfacet
  facet normal 0.969021 -0.192334 -0.154936
    outer loop
      vertex 2.13356 -0.31412 5.56498
      vertex 3.30518 -0.0548185 12.5708
      vertex 3.30139 -0.0684356 12.564
    endloop
  endfacet
  facet normal 0.968947 -0.192729 -0.154909
    outer loop
      vertex 5.42595 0.378526 25.297
      vertex 3.87053 0.123518 15.8852
      vertex 5.45278 0.522175 25.2861
    endloop
  endfacet
  facet normal 0.969319 -0.190757 -0.155024
    outer loop
      vertex 5.42595 0.378526 25.297
      vertex 3.86916 0.119157 15.882
      vertex 3.87053 0.123518 15.8852
    endloop
  endfacet
  facet normal 0.96877 -0.193661 -0.154853
    outer loop
      vertex 5.42595 0.378526 25.297
      vertex 3.86674 0.111529 15.8764
      vertex 3.86916 0.119157 15.882
    endloop
  endfacet
  facet normal 0.969006 -0.19242 -0.154927
    outer loop
      vertex 5.42595 0.378526 25.297
      vertex 3.86636 0.11034 15.8755
      vertex 3.86674 0.111529 15.8764
    endloop
  endfacet
  facet normal 0.96895 -0.192715 -0.15491
    outer loop
      vertex 3.86636 0.11034 15.8755
      vertex 5.42595 0.378526 25.297
      vertex 3.84583 0.0461029 15.827
    endloop
  endfacet
  facet normal 0.985984 0.0151705 -0.166148
    outer loop
      vertex 3.35318 0.188023 12.7036
      vertex 2.14756 0.145162 5.5451
      vertex 3.36484 0.337029 12.7864
    endloop
  endfacet
  facet normal 0.985985 0.0151166 -0.166148
    outer loop
      vertex 2.14756 0.145162 5.5451
      vertex 3.35318 0.188023 12.7036
      vertex 2.15235 -0.0849438 5.55259
    endloop
  endfacet
  facet normal 0.985982 0.0152452 -0.166152
    outer loop
      vertex 5.46474 0.668014 25.2782
      vertex 3.9121 0.315075 16.0321
      vertex 3.92514 0.425344 16.1196
    endloop
  endfacet
  facet normal 0.982803 -0.0893071 -0.161626
    outer loop
      vertex 3.31608 -0.016179 12.5909
      vertex 2.15235 -0.0849438 5.55259
      vertex 3.34339 0.134149 12.6739
    endloop
  endfacet
  facet normal 0.982802 -0.0893173 -0.161626
    outer loop
      vertex 2.15235 -0.0849438 5.55259
      vertex 3.31608 -0.016179 12.5909
      vertex 2.13356 -0.31412 5.56498
    endloop
  endfacet
  facet normal 0.982801 -0.0893317 -0.161625
    outer loop
      vertex 5.45278 0.522175 25.2861
      vertex 3.87053 0.123518 15.8852
      vertex 3.89486 0.235592 15.9712
    endloop
  endfacet
  facet normal 0.20675 0.0344058 0.977789
    outer loop
      vertex 5.329 0.104052 25.3275
      vertex 4.9799 -0.353048 25.4174
      vertex 5.25994 -0.0237646 25.3466
    endloop
  endfacet
  facet normal 0.865358 -0.485978 -0.1224
    outer loop
      vertex 5.329 0.104052 25.3275
      vertex 3.591 -0.500923 15.442
      vertex 3.63509 -0.433219 15.4849
    endloop
  endfacet
  facet normal 0.865296 -0.486093 -0.122382
    outer loop
      vertex 3.591 -0.500923 15.442
      vertex 5.329 0.104052 25.3275
      vertex 3.56625 -0.538913 15.4179
    endloop
  endfacet
  facet normal 0.865365 -0.485964 -0.122403
    outer loop
      vertex 3.06438 -0.641571 12.2773
      vertex 1.93904 -0.971169 5.62995
      vertex 3.086 -0.607379 12.2944
    endloop
  endfacet
  facet normal 0.865401 -0.485897 -0.122413
    outer loop
      vertex 3.02137 -0.709885 12.2444
      vertex 1.93904 -0.971169 5.62995
      vertex 3.06438 -0.641571 12.2773
    endloop
  endfacet
  facet normal 0.865303 -0.486078 -0.122389
    outer loop
      vertex 2.99867 -0.745939 12.2271
      vertex 1.93904 -0.971169 5.62995
      vertex 3.02137 -0.709885 12.2444
    endloop
  endfacet
  facet normal 0.865393 -0.485912 -0.12241
    outer loop
      vertex 1.93904 -0.971169 5.62995
      vertex 2.99867 -0.745939 12.2271
      vertex 1.83052 -1.17203 5.66008
    endloop
  endfacet
  facet normal 0.204006 0.0372842 0.978259
    outer loop
      vertex 4.9799 -0.353048 25.4174
      vertex 4.61325 -0.577092 25.5024
      vertex 4.74301 -0.515698 25.473
    endloop
  endfacet
  facet normal 0.677928 -0.731383 -0.0741085
    outer loop
      vertex 4.9799 -0.353048 25.4174
      vertex 3.15884 -1.00208 15.1641
      vertex 5.08443 -0.253574 25.3919
    endloop
  endfacet
  facet normal 0.6778 -0.731505 -0.0740781
    outer loop
      vertex 4.9799 -0.353048 25.4174
      vertex 3.15424 -1.00616 15.1623
      vertex 3.15884 -1.00208 15.1641
    endloop
  endfacet
  facet normal 0.677931 -0.731381 -0.0741093
    outer loop
      vertex 3.15424 -1.00616 15.1623
      vertex 4.9799 -0.353048 25.4174
      vertex 3.10248 -1.05205 15.1417
    endloop
  endfacet
  facet normal 0.677921 -0.73139 -0.074108
    outer loop
      vertex 2.52576 -1.26678 11.9851
      vertex 1.39046 -1.68947 5.7713
      vertex 2.56311 -1.23365 11.9998
    endloop
  endfacet
  facet normal 0.909908 -0.392163 -0.135189
    outer loop
      vertex 5.329 0.104052 25.3275
      vertex 3.67288 -0.362371 15.5338
      vertex 5.38454 0.23864 25.3109
    endloop
  endfacet
  facet normal 0.909955 -0.392048 -0.135203
    outer loop
      vertex 3.67288 -0.362371 15.5338
      vertex 5.329 0.104052 25.3275
      vertex 3.63509 -0.433219 15.4849
    endloop
  endfacet
  facet normal 0.909932 -0.392104 -0.135197
    outer loop
      vertex 3.086 -0.607379 12.2944
      vertex 1.93904 -0.971169 5.62995
      vertex 3.10992 -0.560041 12.3181
    endloop
  endfacet
  facet normal 0.865411 -0.485879 -0.122417
    outer loop
      vertex 5.25994 -0.0237646 25.3466
      vertex 3.56625 -0.538913 15.4179
      vertex 5.329 0.104052 25.3275
    endloop
  endfacet
  facet normal 0.865495 -0.485723 -0.122439
    outer loop
      vertex 5.25994 -0.0237646 25.3466
      vertex 3.52304 -0.60527 15.3757
      vertex 3.56625 -0.538913 15.4179
    endloop
  endfacet
  facet normal 0.816462 -0.566987 -0.109158
    outer loop
      vertex 3.52304 -0.60527 15.3757
      vertex 5.25994 -0.0237646 25.3466
      vertex 3.52299 -0.605342 15.3757
    endloop
  endfacet
  facet normal 0.865424 -0.485856 -0.122419
    outer loop
      vertex 2.97079 -0.790233 12.2058
      vertex 1.83052 -1.17203 5.66008
      vertex 2.99867 -0.745939 12.2271
    endloop
  endfacet
  facet normal -0.204555 -0.0360368 -0.978192
    outer loop
      vertex -2.06769 -0.5981 6.4549
      vertex -2.11923 -0.373677 6.45741
      vertex -1.99349 -0.815969 6.44741
    endloop
  endfacet
  facet normal -0.915302 -0.320277 0.244222
    outer loop
      vertex 2.82647 0.202816 25.8477
      vertex 0.492526 -0.179128 16.5996
      vertex 0.509684 -0.286878 16.5226
    endloop
  endfacet
  facet normal -0.915362 -0.320102 0.244229
    outer loop
      vertex -2.06769 -0.5981 6.4549
      vertex -0.412489 -0.35436 12.978
      vertex -0.41639 -0.327869 12.9981
    endloop
  endfacet
  facet normal -0.915237 -0.320472 0.244211
    outer loop
      vertex -2.06769 -0.5981 6.4549
      vertex -0.406059 -0.398023 12.9448
      vertex -0.412489 -0.35436 12.978
    endloop
  endfacet
  facet normal -0.915398 -0.319992 0.244237
    outer loop
      vertex -2.06769 -0.5981 6.4549
      vertex -0.39404 -0.477896 12.8852
      vertex -0.406059 -0.398023 12.9448
    endloop
  endfacet
  facet normal -0.915349 -0.320138 0.244228
    outer loop
      vertex -0.39404 -0.477896 12.8852
      vertex -2.06769 -0.5981 6.4549
      vertex -1.99349 -0.815969 6.44741
    endloop
  endfacet
  facet normal -0.204768 -0.0361218 -0.978144
    outer loop
      vertex -1.31927 -1.72742 6.33992
      vertex -1.78063 -1.2226 6.41786
      vertex -0.512971 -2.13125 6.18604
    endloop
  endfacet
  facet normal -0.204712 -0.0360047 -0.97816
    outer loop
      vertex -1.13414 -1.86012 6.30606
      vertex -1.31927 -1.72742 6.33992
      vertex -0.512971 -2.13125 6.18604
    endloop
  endfacet
  facet normal -0.630734 -0.749649 0.200504
    outer loop
      vertex 0.805571 -0.93465 15.9882
      vertex 3.25552 -0.377197 25.7793
      vertex 3.14691 -0.280707 25.7984
    endloop
  endfacet
  facet normal -0.631334 -0.749111 0.200624
    outer loop
      vertex 0.808446 -0.93793 15.985
      vertex 3.25552 -0.377197 25.7793
      vertex 0.805571 -0.93465 15.9882
    endloop
  endfacet
  facet normal -0.631871 -0.74863 0.200731
    outer loop
      vertex 0.809623 -0.939272 15.9837
      vertex 3.25552 -0.377197 25.7793
      vertex 0.808446 -0.93793 15.985
    endloop
  endfacet
  facet normal -0.630627 -0.749743 0.200484
    outer loop
      vertex 0.848372 -0.983577 15.9399
      vertex 3.25552 -0.377197 25.7793
      vertex 0.809623 -0.939272 15.9837
    endloop
  endfacet
  facet normal -0.631127 -0.749298 0.200579
    outer loop
      vertex 3.25552 -0.377197 25.7793
      vertex 0.848372 -0.983577 15.9399
      vertex 0.849526 -0.984897 15.9386
    endloop
  endfacet
  facet normal -0.630515 -0.749844 0.200464
    outer loop
      vertex -0.0663851 -1.17819 12.3348
      vertex -1.48995 -1.57579 6.37005
      vertex -0.037951 -1.20905 12.3088
    endloop
  endfacet
  facet normal -0.770549 -0.596676 0.224126
    outer loop
      vertex -0.188897 -1.00349 12.4738
      vertex -1.6443 -1.4069 6.39612
      vertex -0.178905 -1.02169 12.4597
    endloop
  endfacet
  facet normal -0.77088 -0.59623 0.224175
    outer loop
      vertex -1.6443 -1.4069 6.39612
      vertex -0.188897 -1.00349 12.4738
      vertex -0.199977 -0.983299 12.4894
    endloop
  endfacet
  facet normal -0.770603 -0.596603 0.224133
    outer loop
      vertex 0.673096 -0.727237 16.1727
      vertex 3.04869 -0.173232 25.815
      vertex 2.96193 -0.0559464 25.8289
    endloop
  endfacet
  facet normal -0.770817 -0.596313 0.224169
    outer loop
      vertex 0.679942 -0.740184 16.1618
      vertex 3.04869 -0.173232 25.815
      vertex 0.673096 -0.727237 16.1727
    endloop
  endfacet
  facet normal -0.770798 -0.596339 0.224166
    outer loop
      vertex 0.69404 -0.766977 16.139
      vertex 3.04869 -0.173232 25.815
      vertex 0.679942 -0.740184 16.1618
    endloop
  endfacet
  facet normal -0.770626 -0.596572 0.224139
    outer loop
      vertex 3.04869 -0.173232 25.815
      vertex 0.69404 -0.766977 16.139
      vertex 0.705704 -0.789145 16.1201
    endloop
  endfacet
  facet normal -0.370575 -0.916248 0.152194
    outer loop
      vertex 1.2905 -1.33238 15.5447
      vertex 3.6313 -0.590843 25.7085
      vertex 3.49905 -0.533119 25.734
    endloop
  endfacet
  facet normal -0.370705 -0.916191 0.15222
    outer loop
      vertex 1.31123 -1.34321 15.53
      vertex 3.6313 -0.590843 25.7085
      vertex 1.2905 -1.33238 15.5447
    endloop
  endfacet
  facet normal -0.370671 -0.916206 0.152214
    outer loop
      vertex 1.33584 -1.35624 15.5115
      vertex 3.6313 -0.590843 25.7085
      vertex 1.31123 -1.34321 15.53
    endloop
  endfacet
  facet normal -0.370826 -0.916139 0.152243
    outer loop
      vertex 3.6313 -0.590843 25.7085
      vertex 1.33584 -1.35624 15.5115
      vertex 1.34705 -1.36219 15.503
    endloop
  endfacet
  facet normal -0.365733 -0.918344 0.151272
    outer loop
      vertex 0.549515 -1.62951 11.9518
      vertex -0.728771 -2.06315 6.2287
      vertex 0.551989 -1.63066 11.9508
    endloop
  endfacet
  facet normal -0.370783 -0.916158 0.152234
    outer loop
      vertex -0.728771 -2.06315 6.2287
      vertex 0.549515 -1.62951 11.9518
      vertex 0.514962 -1.61305 11.9667
    endloop
  endfacet
  facet normal -0.272404 -0.952949 0.132982
    outer loop
      vertex 1.41257 -1.38681 15.4618
      vertex 3.76862 -0.634183 25.6813
      vertex 1.40675 -1.38463 15.4655
    endloop
  endfacet
  facet normal -0.274602 -0.952254 0.133438
    outer loop
      vertex 1.43751 -1.39623 15.4459
      vertex 3.76862 -0.634183 25.6813
      vertex 1.41257 -1.38681 15.4618
    endloop
  endfacet
  facet normal -0.27427 -0.952359 0.13337
    outer loop
      vertex 1.50327 -1.42105 15.4039
      vertex 3.76862 -0.634183 25.6813
      vertex 1.43751 -1.39623 15.4459
    endloop
  endfacet
  facet normal -0.272877 -0.952798 0.133097
    outer loop
      vertex 3.76862 -0.634183 25.6813
      vertex 1.50327 -1.42105 15.4039
      vertex 1.51044 -1.42376 15.3992
    endloop
  endfacet
  facet normal -0.274296 -0.952351 0.133375
    outer loop
      vertex -0.728771 -2.06315 6.2287
      vertex 0.653395 -1.66427 11.9194
      vertex 0.591347 -1.64371 11.9386
    endloop
  endfacet
  facet normal -0.274151 -0.952397 0.133343
    outer loop
      vertex 0.653395 -1.66427 11.9194
      vertex -0.728771 -2.06315 6.2287
      vertex 0.729287 -1.68942 11.8958
    endloop
  endfacet
  facet normal -0.273863 -0.95249 0.133275
    outer loop
      vertex -0.728771 -2.06315 6.2287
      vertex 0.74032 -1.69304 11.8926
      vertex 0.729287 -1.68942 11.8958
    endloop
  endfacet
  facet normal -0.274183 -0.952387 0.133351
    outer loop
      vertex 0.74032 -1.69304 11.8926
      vertex -0.728771 -2.06315 6.2287
      vertex -0.512971 -2.13125 6.18604
    endloop
  endfacet
  facet normal -0.174812 -0.978038 0.113497
    outer loop
      vertex -0.512971 -2.13125 6.18604
      vertex 0.896256 -1.72495 11.8578
      vertex 0.74032 -1.69304 11.8926
    endloop
  endfacet
  facet normal -0.174803 -0.97804 0.113495
    outer loop
      vertex 0.896256 -1.72495 11.8578
      vertex -0.512971 -2.13125 6.18604
      vertex -0.29155 -2.17601 6.14135
    endloop
  endfacet
  facet normal -0.174659 -0.978069 0.113466
    outer loop
      vertex 1.55412 -1.43424 15.3761
      vertex 3.76862 -0.634183 25.6813
      vertex 1.51044 -1.42376 15.3992
    endloop
  endfacet
  facet normal -0.174894 -0.978022 0.113513
    outer loop
      vertex 1.61648 -1.44921 15.3432
      vertex 3.76862 -0.634183 25.6813
      vertex 1.55412 -1.43424 15.3761
    endloop
  endfacet
  facet normal -0.175818 -0.977836 0.113691
    outer loop
      vertex 3.76862 -0.634183 25.6813
      vertex 1.61648 -1.44921 15.3432
      vertex 1.62009 -1.45008 15.3413
    endloop
  endfacet
  facet normal -0.20476 -0.0362165 -0.978142
    outer loop
      vertex -0.0669346 -2.19692 6.0951
      vertex -0.512971 -2.13125 6.18604
      vertex 0.158413 -2.19377 6.04781
    endloop
  endfacet
  facet normal 0.130971 -0.990128 0.0499363
    outer loop
      vertex 1.34752 -1.74615 11.8044
      vertex 0.158413 -2.19377 6.04781
      vertex 1.39133 -1.74036 11.8043
    endloop
  endfacet
  facet normal 0.131064 -0.990117 0.0499153
    outer loop
      vertex 2.042 -1.48474 15.1664
      vertex 4.33817 -0.656661 25.563
      vertex 4.19587 -0.673965 25.5934
    endloop
  endfacet
  facet normal 0.131102 -0.990112 0.0499066
    outer loop
      vertex 2.08017 -1.4802 15.1562
      vertex 4.33817 -0.656661 25.563
      vertex 2.042 -1.48474 15.1664
    endloop
  endfacet
  facet normal 0.13128 -0.99009 0.0498662
    outer loop
      vertex 4.33817 -0.656661 25.563
      vertex 2.08017 -1.4802 15.1562
      vertex 2.10768 -1.47692 15.1489
    endloop
  endfacet
  facet normal 0.131064 -0.990116 0.0499153
    outer loop
      vertex 0.382026 -2.16658 6
      vertex 1.39133 -1.74036 11.8043
      vertex 0.158413 -2.19377 6.04781
    endloop
  endfacet
  facet normal 0.131061 -0.990117 0.049916
    outer loop
      vertex 1.39133 -1.74036 11.8043
      vertex 0.382026 -2.16658 6
      vertex 1.55572 -1.71862 11.8039
    endloop
  endfacet
  facet normal 0.131046 -0.990119 0.0499185
    outer loop
      vertex 2.15997 -1.4707 15.135
      vertex 4.33817 -0.656661 25.563
      vertex 2.10768 -1.47692 15.1489
    endloop
  endfacet
  facet normal 0.131036 -0.99012 0.0499207
    outer loop
      vertex 4.33817 -0.656661 25.563
      vertex 2.15997 -1.4707 15.135
      vertex 2.22569 -1.46292 15.1168
    endloop
  endfacet
  facet normal -0.795217 0.577102 0.185965
    outer loop
      vertex 0.979173 1.4292 17.5564
      vertex 3.012 1.58755 25.7577
      vertex 1.03192 1.49199 17.5871
    endloop
  endfacet
  facet normal -0.794732 0.577813 0.185831
    outer loop
      vertex 3.012 1.58755 25.7577
      vertex 0.979173 1.4292 17.5564
      vertex 0.964609 1.41187 17.548
    endloop
  endfacet
  facet normal -0.795137 0.577219 0.185944
    outer loop
      vertex -1.70194 1.36004 6.30606
      vertex 0.157516 1.39174 14.1591
      vertex 0.209228 1.45228 14.1923
    endloop
  endfacet
  facet normal -0.79508 0.577301 0.18593
    outer loop
      vertex -1.70194 1.36004 6.30606
      vertex 0.117633 1.34496 14.1338
      vertex 0.157516 1.39174 14.1591
    endloop
  endfacet
  facet normal -0.794083 0.578746 0.185701
    outer loop
      vertex -1.70194 1.36004 6.30606
      vertex 0.112328 1.33874 14.1305
      vertex 0.117633 1.34496 14.1338
    endloop
  endfacet
  facet normal -0.795109 0.577261 0.185935
    outer loop
      vertex 0.112328 1.33874 14.1305
      vertex -1.70194 1.36004 6.30606
      vertex -1.83052 1.17203 6.33992
    endloop
  endfacet
  facet normal -0.795098 0.577276 0.185934
    outer loop
      vertex 0.964609 1.41187 17.548
      vertex 2.93018 1.4679 25.7793
      vertex 3.012 1.58755 25.7577
    endloop
  endfacet
  facet normal -0.795158 0.577189 0.185949
    outer loop
      vertex 2.93018 1.4679 25.7793
      vertex 0.964609 1.41187 17.548
      vertex 0.90599 1.3421 17.5139
    endloop
  endfacet
  facet normal -0.795199 0.577129 0.18596
    outer loop
      vertex 0.112328 1.33874 14.1305
      vertex -1.83052 1.17203 6.33992
      vertex 0.0709489 1.2902 14.1042
    endloop
  endfacet
  facet normal -0.583452 0.801122 0.133369
    outer loop
      vertex 1.47891 1.86144 17.7484
      vertex 1.39617 1.80496 17.7257
      vertex 3.32444 1.88488 25.6813
    endloop
  endfacet
  facet normal -0.583365 0.801189 0.133347
    outer loop
      vertex -1.21097 1.82728 6.18604
      vertex 0.656921 1.82744 14.3567
      vertex 0.691862 1.85145 14.3653
    endloop
  endfacet
  facet normal -0.583463 0.801114 0.13337
    outer loop
      vertex 0.656921 1.82744 14.3567
      vertex -1.21097 1.82728 6.18604
      vertex 0.574677 1.77092 14.3364
    endloop
  endfacet
  facet normal -0.583416 0.80115 0.133359
    outer loop
      vertex 0.574677 1.77092 14.3364
      vertex -1.21097 1.82728 6.18604
      vertex -1.39046 1.68947 6.2287
    endloop
  endfacet
  facet normal 0.204685 0.036213 0.978158
    outer loop
      vertex 3.99425 2.1181 25.5325
      vertex 3.10569 1.69771 25.734
      vertex 4.28059 2.1068 25.473
    endloop
  endfacet
  facet normal 0.204707 0.0361652 0.978155
    outer loop
      vertex 3.32444 1.88488 25.6813
      vertex 3.10569 1.69771 25.734
      vertex 3.99425 2.1181 25.5325
    endloop
  endfacet
  facet normal 0.20512 0.0349516 0.978112
    outer loop
      vertex 3.71232 2.06839 25.5934
      vertex 3.32444 1.88488 25.6813
      vertex 3.99425 2.1181 25.5325
    endloop
  endfacet
  facet normal -0.610505 0.784973 -0.105367
    outer loop
      vertex 0.52136 1.73423 14.3236
      vertex 0.471317 1.69288 14.3055
      vertex 0.501096 1.71749 14.3163
    endloop
  endfacet
  facet normal -0.661688 0.734166 0.152215
    outer loop
      vertex 0.471317 1.69288 14.3055
      vertex 0.52136 1.73423 14.3236
      vertex -1.39046 1.68947 6.2287
    endloop
  endfacet
  facet normal -0.661625 0.734226 0.1522
    outer loop
      vertex 1.31993 1.75293 17.7048
      vertex 3.10569 1.69771 25.734
      vertex 3.21022 1.79719 25.7085
    endloop
  endfacet
  facet normal -0.661584 0.734265 0.152191
    outer loop
      vertex 3.10569 1.69771 25.734
      vertex 1.31993 1.75293 17.7048
      vertex 1.24905 1.69431 17.6795
    endloop
  endfacet
  facet normal 0.205429 0.034279 0.978071
    outer loop
      vertex 3.57688 2.02123 25.6235
      vertex 3.32444 1.88488 25.6813
      vertex 3.71232 2.06839 25.5934
    endloop
  endfacet
  facet normal 0.892973 0.420091 -0.161624
    outer loop
      vertex 5.36365 1.24132 25.2782
      vertex 3.86439 1.13163 16.7097
      vertex 5.30253 1.37428 25.2861
    endloop
  endfacet
  facet normal 0.893009 0.420012 -0.16163
    outer loop
      vertex 5.36365 1.24132 25.2782
      vertex 3.88246 1.0737 16.659
      vertex 3.86439 1.13163 16.7097
    endloop
  endfacet
  facet normal 0.893078 0.419864 -0.161639
    outer loop
      vertex 3.88246 1.0737 16.659
      vertex 5.36365 1.24132 25.2782
      vertex 3.8882 1.0551 16.6424
    endloop
  endfacet
  facet normal 0.892975 0.420087 -0.161625
    outer loop
      vertex 3.28389 1.0131 13.1944
      vertex 1.99349 0.815969 5.55259
      vertex 3.27703 1.03253 13.207
    endloop
  endfacet
  facet normal 0.892953 0.420135 -0.161622
    outer loop
      vertex 1.99349 0.815969 5.55259
      vertex 3.28389 1.0131 13.1944
      vertex 3.29547 0.980294 13.1731
    endloop
  endfacet
  facet normal 0.204991 0.0363872 0.978087
    outer loop
      vertex 5.30253 1.37428 25.2861
      vertex 5.22819 1.50009 25.297
      vertex 5.41086 1.10268 25.2735
    endloop
  endfacet
  facet normal -0.204536 -0.0359638 -0.978198
    outer loop
      vertex 1.89746 1.0249 5.56498
      vertex 1.6443 1.4069 5.60387
      vertex 1.78063 1.2226 5.58214
    endloop
  endfacet
  facet normal 0.787032 0.599371 -0.146064
    outer loop
      vertex 3.06739 1.46647 13.5163
      vertex 1.6443 1.4069 5.60387
      vertex 3.05193 1.49162 13.5362
    endloop
  endfacet
  facet normal 0.786991 0.599427 -0.146057
    outer loop
      vertex 3.12135 1.38008 13.4525
      vertex 1.6443 1.4069 5.60387
      vertex 3.06739 1.46647 13.5163
    endloop
  endfacet
  facet normal 0.787017 0.599392 -0.146062
    outer loop
      vertex 1.6443 1.4069 5.60387
      vertex 3.12135 1.38008 13.4525
      vertex 1.78063 1.2226 5.58214
    endloop
  endfacet
  facet normal 0.784293 0.603058 -0.145619
    outer loop
      vertex 5.14143 1.61737 25.3109
      vertex 3.67988 1.52689 17.0644
      vertex 3.67842 1.52932 17.0666
    endloop
  endfacet
  facet normal 0.78717 0.599185 -0.146086
    outer loop
      vertex 5.14143 1.61737 25.3109
      vertex 3.70396 1.48621 17.0273
      vertex 3.67988 1.52689 17.0644
    endloop
  endfacet
  facet normal 0.786939 0.599497 -0.146051
    outer loop
      vertex 3.70396 1.48621 17.0273
      vertex 5.14143 1.61737 25.3109
      vertex 3.72483 1.45097 16.9951
    endloop
  endfacet
  facet normal 0.566044 0.81729 -0.107849
    outer loop
      vertex 2.75347 1.80913 13.8066
      vertex 1.13414 1.86012 5.69394
      vertex 2.7096 1.84404 13.8409
    endloop
  endfacet
  facet normal 0.566054 0.817283 -0.10785
    outer loop
      vertex 2.80811 1.7661 13.7673
      vertex 1.13414 1.86012 5.69394
      vertex 2.75347 1.80913 13.8066
    endloop
  endfacet
  facet normal 0.566082 0.817263 -0.107857
    outer loop
      vertex 1.13414 1.86012 5.69394
      vertex 2.80811 1.7661 13.7673
      vertex 1.31927 1.72742 5.66008
    endloop
  endfacet
  facet normal 0.566473 0.816981 -0.107933
    outer loop
      vertex 4.9346 1.82134 25.3466
      vertex 3.39828 1.83138 17.3594
      vertex 3.39115 1.83709 17.3652
    endloop
  endfacet
  facet normal 0.56601 0.817314 -0.107843
    outer loop
      vertex 4.9346 1.82134 25.3466
      vertex 3.40879 1.82298 17.3509
      vertex 3.39828 1.83138 17.3594
    endloop
  endfacet
  facet normal 0.566269 0.817128 -0.107893
    outer loop
      vertex 4.9346 1.82134 25.3466
      vertex 3.42159 1.81271 17.3403
      vertex 3.40879 1.82298 17.3509
    endloop
  endfacet
  facet normal 0.56608 0.817264 -0.107857
    outer loop
      vertex 3.42159 1.81271 17.3403
      vertex 4.9346 1.82134 25.3466
      vertex 3.45861 1.78299 17.3094
    endloop
  endfacet
  facet normal 0.290546 0.955263 -0.0552724
    outer loop
      vertex 4.55882 2.03498 25.4174
      vertex 2.95358 2.07229 17.6241
      vertex 4.4215 2.07832 25.4446
    endloop
  endfacet
  facet normal 0.2911 0.955088 -0.0553874
    outer loop
      vertex 4.55882 2.03498 25.4174
      vertex 2.95939 2.07038 17.6217
      vertex 2.95358 2.07229 17.6241
    endloop
  endfacet
  facet normal 0.290476 0.955285 -0.0552586
    outer loop
      vertex 2.95939 2.07038 17.6217
      vertex 4.55882 2.03498 25.4174
      vertex 3.03279 2.04621 17.5897
    endloop
  endfacet
  facet normal 0.290602 0.955246 -0.0552836
    outer loop
      vertex 2.34654 2.05125 14.0696
      vertex 0.728771 2.06315 5.7713
      vertex 2.29119 2.06957 14.0952
    endloop
  endfacet
  facet normal -0.300233 -0.953241 0.0345268
    outer loop
      vertex 2.25431 2.08179 14.1125
      vertex 2.21235 2.09577 14.1336
      vertex 2.21373 2.09531 14.1329
    endloop
  endfacet
  facet normal 0.290585 0.955251 -0.0552817
    outer loop
      vertex 2.21088 2.09626 14.1343
      vertex 0.512971 2.13125 5.81396
      vertex 2.17337 2.10877 14.1533
    endloop
  endfacet
  facet normal 0.291838 0.954854 -0.055539
    outer loop
      vertex 2.21235 2.09577 14.1336
      vertex 0.512971 2.13125 5.81396
      vertex 2.21088 2.09626 14.1343
    endloop
  endfacet
  facet normal 0.290487 0.955282 -0.0552613
    outer loop
      vertex 2.25431 2.08179 14.1125
      vertex 0.512971 2.13125 5.81396
      vertex 2.21235 2.09577 14.1336
    endloop
  endfacet
  facet normal 0.290534 0.955267 -0.0552713
    outer loop
      vertex 2.2904 2.06983 14.0955
      vertex 0.512971 2.13125 5.81396
      vertex 2.25431 2.08179 14.1125
    endloop
  endfacet
  facet normal 0.29295 0.954498 -0.0557956
    outer loop
      vertex 2.29119 2.06957 14.0952
      vertex 0.512971 2.13125 5.81396
      vertex 2.2904 2.06983 14.0955
    endloop
  endfacet
  facet normal 0.290528 0.955269 -0.0552697
    outer loop
      vertex 0.512971 2.13125 5.81396
      vertex 2.29119 2.06957 14.0952
      vertex 0.728771 2.06315 5.7713
    endloop
  endfacet
  facet normal 0.290563 0.955258 -0.0552757
    outer loop
      vertex 2.95358 2.07229 17.6241
      vertex 2.87126 2.09932 17.6585
      vertex 4.4215 2.07832 25.4446
    endloop
  endfacet
  facet normal 0.191116 0.980929 -0.0354073
    outer loop
      vertex 2.14054 2.11565 14.1668
      vertex 0.512971 2.13125 5.81396
      vertex 2.11574 2.12085 14.177
    endloop
  endfacet
  facet normal 0.19102 0.980948 -0.0353886
    outer loop
      vertex 0.512971 2.13125 5.81396
      vertex 2.14054 2.11565 14.1668
      vertex 2.17337 2.10877 14.1533
    endloop
  endfacet
  facet normal 0.191124 0.980927 -0.0354075
    outer loop
      vertex 4.4215 2.07832 25.4446
      vertex 2.78839 2.11649 17.6868
      vertex 4.28059 2.1068 25.473
    endloop
  endfacet
  facet normal 0.191312 0.980889 -0.0354472
    outer loop
      vertex 4.4215 2.07832 25.4446
      vertex 2.82567 2.10876 17.6741
      vertex 2.78839 2.11649 17.6868
    endloop
  endfacet
  facet normal 0.19101 0.98095 -0.0353851
    outer loop
      vertex 2.82567 2.10876 17.6741
      vertex 4.4215 2.07832 25.4446
      vertex 2.87126 2.09932 17.6585
    endloop
  endfacet
  facet normal 0.204784 0.0360972 0.978141
    outer loop
      vertex 4.55882 2.03498 25.4174
      vertex 4.28059 2.1068 25.473
      vertex 4.61325 -0.577092 25.5024
    endloop
  endfacet
  facet normal 0.204703 0.036096 0.978158
    outer loop
      vertex 5.44366 0.959865 25.2719
      vertex 4.55882 2.03498 25.4174
      vertex 4.61325 -0.577092 25.5024
    endloop
  endfacet
  facet normal 0.56591 0.817386 -0.107824
    outer loop
      vertex 2.70566 1.84718 13.8439
      vertex 1.13414 1.86012 5.69394
      vertex 2.6656 1.87911 13.8757
    endloop
  endfacet
  facet normal 0.567891 0.81596 -0.108208
    outer loop
      vertex 1.13414 1.86012 5.69394
      vertex 2.70566 1.84718 13.8439
      vertex 2.7096 1.84404 13.8409
    endloop
  endfacet
  facet normal 0.566026 0.817303 -0.107846
    outer loop
      vertex 4.9346 1.82134 25.3466
      vertex 3.32832 1.88733 17.4162
      vertex 4.81679 1.90578 25.3682
    endloop
  endfacet
  facet normal 0.566005 0.817318 -0.107842
    outer loop
      vertex 3.32832 1.88733 17.4162
      vertex 4.9346 1.82134 25.3466
      vertex 3.39115 1.83709 17.3652
    endloop
  endfacet
  facet normal 0.386684 0.919233 -0.0740656
    outer loop
      vertex 4.69107 1.97726 25.3919
      vertex 3.13659 1.99816 17.5356
      vertex 3.10758 2.01158 17.5507
    endloop
  endfacet
  facet normal 0.386921 0.91913 -0.0741127
    outer loop
      vertex 4.69107 1.97726 25.3919
      vertex 3.17038 1.98246 17.5173
      vertex 3.13659 1.99816 17.5356
    endloop
  endfacet
  facet normal 0.386872 0.919151 -0.0741032
    outer loop
      vertex 3.17038 1.98246 17.5173
      vertex 4.69107 1.97726 25.3919
      vertex 3.18573 1.97533 17.509
    endloop
  endfacet
  facet normal 0.495503 0.850149 0.178109
    outer loop
      vertex 2.47513 1.99132 13.9975
      vertex 2.39865 2.02695 14.0402
      vertex 2.41032 2.02151 14.0337
    endloop
  endfacet
  facet normal 0.386844 0.919163 -0.074098
    outer loop
      vertex 2.47513 1.99132 13.9975
      vertex 0.728771 2.06315 5.7713
      vertex 2.39865 2.02695 14.0402
    endloop
  endfacet
  facet normal 0.386913 0.919133 -0.074113
    outer loop
      vertex 2.51137 1.97446 13.9776
      vertex 0.728771 2.06315 5.7713
      vertex 2.47513 1.99132 13.9975
    endloop
  endfacet
  facet normal 0.38688 0.919148 -0.0741055
    outer loop
      vertex 0.728771 2.06315 5.7713
      vertex 2.51137 1.97446 13.9776
      vertex 0.936587 1.97244 5.73114
    endloop
  endfacet
  facet normal -0.204629 -0.0359408 -0.978179
    outer loop
      vertex 1.6443 1.4069 5.60387
      vertex 0.936587 1.97244 5.73114
      vertex 1.13414 1.86012 5.69394
    endloop
  endfacet
  facet normal -0.204567 -0.0357562 -0.978199
    outer loop
      vertex 1.40517 1.5606 5.64826
      vertex 1.6443 1.4069 5.60387
      vertex 1.44631 1.51947 5.64116
    endloop
  endfacet
  facet normal -0.204902 -0.036304 -0.978109
    outer loop
      vertex 1.23435 1.69894 5.67891
      vertex 1.6443 1.4069 5.60387
      vertex 1.40517 1.5606 5.64826
    endloop
  endfacet
  facet normal -0.204862 -0.036246 -0.978119
    outer loop
      vertex 1.23435 1.69894 5.67891
      vertex 0.936587 1.97244 5.73114
      vertex 1.6443 1.4069 5.60387
    endloop
  endfacet
  facet normal -0.204774 -0.0361452 -0.978142
    outer loop
      vertex 1.05 1.81865 5.71308
      vertex 0.936587 1.97244 5.73114
      vertex 1.23435 1.69894 5.67891
    endloop
  endfacet
  facet normal -0.20474 -0.0361191 -0.97815
    outer loop
      vertex 0.854146 1.91844 5.75039
      vertex 0.936587 1.97244 5.73114
      vertex 1.05 1.81865 5.71308
    endloop
  endfacet
  facet normal -0.204756 -0.0360932 -0.978147
    outer loop
      vertex 0.648935 1.99722 5.79044
      vertex 0.936587 1.97244 5.73114
      vertex 0.854146 1.91844 5.75039
    endloop
  endfacet
  facet normal -0.204773 -0.0361522 -0.978142
    outer loop
      vertex 0.29155 2.17601 5.85865
      vertex 0.648935 1.99722 5.79044
      vertex 0.56776 2.01897 5.80663
    endloop
  endfacet
  facet normal -0.204758 -0.0361219 -0.978146
    outer loop
      vertex 0.648935 1.99722 5.79044
      vertex 0.29155 2.17601 5.85865
      vertex 0.936587 1.97244 5.73114
    endloop
  endfacet
  facet normal 0.413003 -0.908974 0.0565187
    outer loop
      vertex 2.09105 -1.53915 11.8635
      vertex 2.14994 -1.51169 11.8748
      vertex 2.13413 -1.51906 11.8718
    endloop
  endfacet
  facet normal 0.424896 -0.905122 -0.0147306
    outer loop
      vertex 1.01821 -1.94506 5.85865
      vertex 2.00767 -1.57806 11.8488
      vertex 0.81429 -2.04154 5.9049
    endloop
  endfacet
  facet normal 0.424967 -0.905089 -0.0147442
    outer loop
      vertex 2.00767 -1.57806 11.8488
      vertex 1.01821 -1.94506 5.85865
      vertex 2.09105 -1.53915 11.8635
    endloop
  endfacet
  facet normal 0.424881 -0.905129 -0.0147262
    outer loop
      vertex 2.09105 -1.53915 11.8635
      vertex 1.01821 -1.94506 5.85865
      vertex 2.14994 -1.51169 11.8748
    endloop
  endfacet
  facet normal 0.424991 -0.905077 -0.0147507
    outer loop
      vertex 2.14994 -1.51169 11.8748
      vertex 1.01821 -1.94506 5.85865
      vertex 2.16114 -1.50647 11.8772
    endloop
  endfacet
  facet normal 0.424784 -0.905175 -0.0147037
    outer loop
      vertex 4.74301 -0.515698 25.473
      vertex 2.73355 -1.28984 15.0775
      vertex 2.76893 -1.27324 15.0777
    endloop
  endfacet
  facet normal 0.424676 -0.905226 -0.0146791
    outer loop
      vertex 4.74301 -0.515698 25.473
      vertex 2.71459 -1.29873 15.0772
      vertex 2.73355 -1.28984 15.0775
    endloop
  endfacet
  facet normal 0.425017 -0.905065 -0.0147578
    outer loop
      vertex 4.74301 -0.515698 25.473
      vertex 2.66535 -1.32184 15.0764
      vertex 2.71459 -1.29873 15.0772
    endloop
  endfacet
  facet normal 0.424906 -0.905118 -0.0147314
    outer loop
      vertex 2.66535 -1.32184 15.0764
      vertex 4.74301 -0.515698 25.473
      vertex 2.65558 -1.32642 15.076
    endloop
  endfacet
  facet normal 0.330125 -0.943915 0.00654038
    outer loop
      vertex 0.81429 -2.04154 5.9049
      vertex 1.80597 -1.65371 11.822
      vertex 0.601453 -2.11565 5.95219
    endloop
  endfacet
  facet normal 0.330158 -0.943903 0.00653412
    outer loop
      vertex 1.80597 -1.65371 11.822
      vertex 0.81429 -2.04154 5.9049
      vertex 1.96506 -1.59793 11.8413
    endloop
  endfacet
  facet normal 0.335244 -0.942116 0.00534904
    outer loop
      vertex 2.47603 -1.39677 15.0814
      vertex 4.61325 -0.577092 25.5024
      vertex 2.47482 -1.3972 15.0815
    endloop
  endfacet
  facet normal 0.330079 -0.94393 0.00655091
    outer loop
      vertex 4.61325 -0.577092 25.5024
      vertex 2.47603 -1.39677 15.0814
      vertex 2.59158 -1.35642 15.0733
    endloop
  endfacet
  facet normal -0.928598 0.295649 0.22427
    outer loop
      vertex -2.02632 0.759673 6.39612
      vertex -0.165061 0.925605 13.884
      vertex -0.162163 0.931673 13.888
    endloop
  endfacet
  facet normal -0.928195 0.29701 0.224139
    outer loop
      vertex -2.02632 0.759673 6.39612
      vertex -0.212924 0.825381 13.8186
      vertex -0.165061 0.925605 13.884
    endloop
  endfacet
  facet normal -0.92831 0.296628 0.224171
    outer loop
      vertex -2.02632 0.759673 6.39612
      vertex -0.228284 0.793106 13.7977
      vertex -0.212924 0.825381 13.8186
    endloop
  endfacet
  facet normal -0.928206 0.296974 0.224144
    outer loop
      vertex -0.228284 0.793106 13.7977
      vertex -2.02632 0.759673 6.39612
      vertex -2.0914 0.539854 6.41786
    endloop
  endfacet
  facet normal -0.92826 0.296791 0.224162
    outer loop
      vertex 0.655612 0.91843 17.292
      vertex 2.80558 1.2055 25.815
      vertex 0.697274 1.01097 17.342
    endloop
  endfacet
  facet normal -0.928038 0.297545 0.22408
    outer loop
      vertex 2.80558 1.2055 25.815
      vertex 0.655612 0.91843 17.292
      vertex 0.653094 0.912911 17.2889
    endloop
  endfacet
  facet normal 0.203934 0.0359593 0.978324
    outer loop
      vertex 2.73734 0.921964 25.8398
      vertex 2.72843 0.629694 25.8524
      vertex 2.88759 0.0698614 25.8398
    endloop
  endfacet
  facet normal -0.952588 0.195686 0.232986
    outer loop
      vertex 0.588316 0.751906 17.1961
      vertex 0.552518 0.649318 17.1359
      vertex 2.73734 0.921964 25.8398
    endloop
  endfacet
  facet normal -0.952604 0.195604 0.23299
    outer loop
      vertex -2.0914 0.539854 6.41786
      vertex -0.311704 0.583607 13.6576
      vertex -0.274659 0.683617 13.7251
    endloop
  endfacet
  facet normal -0.95261 0.195575 0.232992
    outer loop
      vertex -2.0914 0.539854 6.41786
      vertex -0.323392 0.552052 13.6363
      vertex -0.311704 0.583607 13.6576
    endloop
  endfacet
  facet normal -0.952503 0.196125 0.232965
    outer loop
      vertex -2.0914 0.539854 6.41786
      vertex -0.328045 0.539432 13.6279
      vertex -0.323392 0.552052 13.6363
    endloop
  endfacet
  facet normal -0.9526 0.195627 0.232988
    outer loop
      vertex -0.328045 0.539432 13.6279
      vertex -2.0914 0.539854 6.41786
      vertex -2.13356 0.31412 6.43502
    endloop
  endfacet
  facet normal -0.928189 0.297032 0.224136
    outer loop
      vertex 0.653094 0.912911 17.2889
      vertex 2.76417 1.06561 25.8289
      vertex 2.80558 1.2055 25.815
    endloop
  endfacet
  facet normal -0.928221 0.296925 0.224146
    outer loop
      vertex 0.632322 0.867376 17.2632
      vertex 2.76417 1.06561 25.8289
      vertex 0.653094 0.912911 17.2889
    endloop
  endfacet
  facet normal -0.928048 0.297507 0.224089
    outer loop
      vertex 0.623712 0.848502 17.2526
      vertex 2.76417 1.06561 25.8289
      vertex 0.632322 0.867376 17.2632
    endloop
  endfacet
  facet normal -0.928415 0.296268 0.224212
    outer loop
      vertex 2.76417 1.06561 25.8289
      vertex 0.623712 0.848502 17.2526
      vertex 0.616641 0.833079 17.2437
    endloop
  endfacet
  facet normal -0.928174 0.297083 0.224131
    outer loop
      vertex -0.23024 0.788997 13.7951
      vertex -2.0914 0.539854 6.41786
      vertex -0.254133 0.738792 13.7627
    endloop
  endfacet
  facet normal -0.927365 0.299819 0.223834
    outer loop
      vertex -2.0914 0.539854 6.41786
      vertex -0.23024 0.788997 13.7951
      vertex -0.228284 0.793106 13.7977
    endloop
  endfacet
  facet normal 0.982799 -0.0893527 -0.161625
    outer loop
      vertex 5.45278 0.522175 25.2861
      vertex 3.9121 0.315075 16.0321
      vertex 5.46474 0.668014 25.2782
    endloop
  endfacet
  facet normal 0.982559 -0.092134 -0.161522
    outer loop
      vertex 5.45278 0.522175 25.2861
      vertex 3.91143 0.311962 16.0298
      vertex 3.9121 0.315075 16.0321
    endloop
  endfacet
  facet normal 0.98281 -0.0892186 -0.16163
    outer loop
      vertex 3.91143 0.311962 16.0298
      vertex 5.45278 0.522175 25.2861
      vertex 3.89486 0.235592 15.9712
    endloop
  endfacet
  facet normal 0.982787 -0.0894946 -0.161618
    outer loop
      vertex 3.34339 0.134149 12.6739
      vertex 2.15235 -0.0849438 5.55259
      vertex 3.35318 0.188023 12.7036
    endloop
  endfacet
  facet normal 0.205072 0.0359144 0.978088
    outer loop
      vertex 5.46169 0.814445 25.2735
      vertex 5.42595 0.378526 25.297
      vertex 5.45278 0.522175 25.2861
    endloop
  endfacet
  facet normal 0.748733 -0.656499 -0.0916945
    outer loop
      vertex 5.08443 -0.253574 25.3919
      vertex 3.39575 -0.767223 15.2805
      vertex 5.17812 -0.143411 25.3682
    endloop
  endfacet
  facet normal 0.748807 -0.656413 -0.0917112
    outer loop
      vertex 3.39575 -0.767223 15.2805
      vertex 5.08443 -0.253574 25.3919
      vertex 3.34315 -0.823175 15.2515
    endloop
  endfacet
  facet normal 0.748729 -0.656503 -0.0916928
    outer loop
      vertex 2.80324 -0.999787 12.1074
      vertex 1.70194 -1.36004 5.69394
      vertex 2.8382 -0.96236 12.1249
    endloop
  endfacet
  facet normal 0.748751 -0.656478 -0.0916979
    outer loop
      vertex 2.71895 -1.09003 12.0652
      vertex 1.70194 -1.36004 5.69394
      vertex 2.80324 -0.999787 12.1074
    endloop
  endfacet
  facet normal 0.74885 -0.656362 -0.0917188
    outer loop
      vertex 2.6892 -1.12189 12.0503
      vertex 1.70194 -1.36004 5.69394
      vertex 2.71895 -1.09003 12.0652
    endloop
  endfacet
  facet normal 0.748753 -0.656476 -0.0916993
    outer loop
      vertex 1.70194 -1.36004 5.69394
      vertex 2.6892 -1.12189 12.0503
      vertex 1.55472 -1.53315 5.73114
    endloop
  endfacet
  facet normal 0.74875 -0.656479 -0.0916978
    outer loop
      vertex 5.08443 -0.253574 25.3919
      vertex 3.30534 -0.863394 15.2307
      vertex 3.34315 -0.823175 15.2515
    endloop
  endfacet
  facet normal 0.748699 -0.65654 -0.0916852
    outer loop
      vertex 3.30534 -0.863394 15.2307
      vertex 5.08443 -0.253574 25.3919
      vertex 3.25508 -0.916743 15.2023
    endloop
  endfacet
  facet normal 0.424706 -0.905212 -0.0146852
    outer loop
      vertex 1.96506 -1.59793 11.8413
      vertex 0.81429 -2.04154 5.9049
      vertex 2.00767 -1.57806 11.8488
    endloop
  endfacet
  facet normal 0.424905 -0.905118 -0.0147313
    outer loop
      vertex 4.61325 -0.577092 25.5024
      vertex 2.65558 -1.32642 15.076
      vertex 4.74301 -0.515698 25.473
    endloop
  endfacet
  facet normal 0.424897 -0.905122 -0.0147295
    outer loop
      vertex 2.65558 -1.32642 15.076
      vertex 4.61325 -0.577092 25.5024
      vertex 2.59158 -1.35642 15.0733
    endloop
  endfacet
  facet normal -0.204608 -0.0363006 -0.978171
    outer loop
      vertex 1.39046 -1.68947 5.7713
      vertex 1.01821 -1.94506 5.85865
      vertex 1.55472 -1.53315 5.73114
    endloop
  endfacet
  facet normal 0.514999 -0.85646 -0.0353896
    outer loop
      vertex 1.21097 -1.82728 5.81396
      vertex 2.18203 -1.49414 11.8828
      vertex 2.16114 -1.50647 11.8772
    endloop
  endfacet
  facet normal 0.515076 -0.856413 -0.0354042
    outer loop
      vertex 1.21097 -1.82728 5.81396
      vertex 2.16114 -1.50647 11.8772
      vertex 1.01821 -1.94506 5.85865
    endloop
  endfacet
  facet normal 0.515093 -0.856403 -0.0354077
    outer loop
      vertex 2.18203 -1.49414 11.8828
      vertex 1.21097 -1.82728 5.81396
      vertex 2.30735 -1.42015 11.9163
    endloop
  endfacet
  facet normal 0.515151 -0.856367 -0.0354212
    outer loop
      vertex 4.74301 -0.515698 25.473
      vertex 2.76893 -1.27324 15.0777
      vertex 2.87787 -1.20829 15.0918
    endloop
  endfacet
  facet normal 0.599554 -0.798426 -0.0552298
    outer loop
      vertex 2.48581 -1.29588 11.9721
      vertex 1.39046 -1.68947 5.7713
      vertex 2.52576 -1.26678 11.9851
    endloop
  endfacet
  facet normal 0.599739 -0.798285 -0.0552721
    outer loop
      vertex 4.86568 -0.440743 25.4446
      vertex 3.10248 -1.05205 15.1417
      vertex 4.9799 -0.353048 25.4174
    endloop
  endfacet
  facet normal 0.599703 -0.798312 -0.0552642
    outer loop
      vertex 3.10248 -1.05205 15.1417
      vertex 4.86568 -0.440743 25.4446
      vertex 3.04309 -1.09564 15.1269
    endloop
  endfacet
  facet normal 0.944577 -0.294002 -0.14607
    outer loop
      vertex 5.42595 0.378526 25.297
      vertex 3.79214 -0.108576 15.7122
      vertex 3.80982 -0.0665788 15.742
    endloop
  endfacet
  facet normal 0.944544 -0.294113 -0.146059
    outer loop
      vertex 3.79214 -0.108576 15.7122
      vertex 5.42595 0.378526 25.297
      vertex 3.7626 -0.178365 15.6617
    endloop
  endfacet
  facet normal 0.944391 -0.294623 -0.146021
    outer loop
      vertex 2.0914 -0.539854 5.58214
      vertex 3.20832 -0.35017 12.4231
      vertex 3.20216 -0.366 12.4152
    endloop
  endfacet
  facet normal 0.944574 -0.294014 -0.146068
    outer loop
      vertex 3.20832 -0.35017 12.4231
      vertex 2.0914 -0.539854 5.58214
      vertex 3.25965 -0.218102 12.4892
    endloop
  endfacet
  facet normal 0.944553 -0.294085 -0.146061
    outer loop
      vertex 2.0914 -0.539854 5.58214
      vertex 3.20216 -0.366 12.4152
      vertex 2.02632 -0.759673 5.60387
    endloop
  endfacet
  facet normal -0.204386 -0.0361901 -0.978221
    outer loop
      vertex 2.0914 -0.539854 5.58214
      vertex 2.02632 -0.759673 5.60387
      vertex 2.13356 -0.31412 5.56498
    endloop
  endfacet
  facet normal 0.909986 -0.391975 -0.135211
    outer loop
      vertex 5.38454 0.23864 25.3109
      vertex 3.7186 -0.276352 15.5919
      vertex 3.73105 -0.252899 15.6077
    endloop
  endfacet
  facet normal 0.90986 -0.392279 -0.135174
    outer loop
      vertex 5.38454 0.23864 25.3109
      vertex 3.67995 -0.349113 15.5429
      vertex 3.7186 -0.276352 15.5919
    endloop
  endfacet
  facet normal 0.909811 -0.392399 -0.135158
    outer loop
      vertex 3.67995 -0.349113 15.5429
      vertex 5.38454 0.23864 25.3109
      vertex 3.67288 -0.362371 15.5338
    endloop
  endfacet
  facet normal 0.90992 -0.392134 -0.135192
    outer loop
      vertex 3.10992 -0.560041 12.3181
      vertex 2.02632 -0.759673 5.60387
      vertex 3.18277 -0.415889 12.3903
    endloop
  endfacet
  facet normal 0.909905 -0.392169 -0.135188
    outer loop
      vertex 2.02632 -0.759673 5.60387
      vertex 3.10992 -0.560041 12.3181
      vertex 1.93904 -0.971169 5.62995
    endloop
  endfacet
  facet normal 0.944542 -0.294123 -0.146058
    outer loop
      vertex 5.38454 0.23864 25.3109
      vertex 3.7626 -0.178365 15.6617
      vertex 5.42595 0.378526 25.297
    endloop
  endfacet
  facet normal 0.944575 -0.294009 -0.146068
    outer loop
      vertex 3.7626 -0.178365 15.6617
      vertex 5.38454 0.23864 25.3109
      vertex 3.73105 -0.252899 15.6077
    endloop
  endfacet
  facet normal 0.944518 -0.294205 -0.146048
    outer loop
      vertex 3.18277 -0.415889 12.3903
      vertex 2.02632 -0.759673 5.60387
      vertex 3.20216 -0.366 12.4152
    endloop
  endfacet
  facet normal 0.209201 0.0381111 0.97713
    outer loop
      vertex 2.88759 0.0698614 25.8398
      vertex 2.77926 0.34146 25.8524
      vertex 2.82647 0.202816 25.8477
    endloop
  endfacet
  facet normal -0.876594 -0.417286 0.239699
    outer loop
      vertex -1.99349 -0.815969 6.44741
      vertex -0.345843 -0.659869 12.7447
      vertex -0.375362 -0.548975 12.8298
    endloop
  endfacet
  facet normal -0.876783 -0.416871 0.23973
    outer loop
      vertex -1.99349 -0.815969 6.44741
      vertex -0.375362 -0.548975 12.8298
      vertex -0.382051 -0.52352 12.8496
    endloop
  endfacet
  facet normal -0.877168 -0.416009 0.239818
    outer loop
      vertex -0.345843 -0.659869 12.7447
      vertex -1.99349 -0.815969 6.44741
      vertex -0.343324 -0.669331 12.7375
    endloop
  endfacet
  facet normal -0.876656 -0.417149 0.23971
    outer loop
      vertex -0.343324 -0.669331 12.7375
      vertex -1.99349 -0.815969 6.44741
      vertex -1.89746 -1.0249 6.43502
    endloop
  endfacet
  facet normal -0.878581 -0.41291 0.24
    outer loop
      vertex 0.530155 -0.361078 16.4684
      vertex 2.88759 0.0698614 25.8398
      vertex 0.529338 -0.358119 16.4705
    endloop
  endfacet
  facet normal -0.87464 -0.421533 0.239405
    outer loop
      vertex 0.531057 -0.364483 16.4657
      vertex 2.88759 0.0698614 25.8398
      vertex 0.530155 -0.361078 16.4684
    endloop
  endfacet
  facet normal -0.884774 -0.398923 0.240905
    outer loop
      vertex 0.53125 -0.365213 16.4652
      vertex 2.88759 0.0698614 25.8398
      vertex 0.531057 -0.364483 16.4657
    endloop
  endfacet
  facet normal -0.873 -0.425057 0.239159
    outer loop
      vertex 0.53154 -0.366315 16.4643
      vertex 2.88759 0.0698614 25.8398
      vertex 0.53125 -0.365213 16.4652
    endloop
  endfacet
  facet normal -0.876667 -0.417125 0.239711
    outer loop
      vertex 2.88759 0.0698614 25.8398
      vertex 0.53154 -0.366315 16.4643
      vertex 0.557083 -0.463329 16.3889
    endloop
  endfacet
  facet normal -0.915401 -0.319985 0.244236
    outer loop
      vertex 0.480477 -0.104148 16.6527
      vertex 2.82647 0.202816 25.8477
      vertex 2.77926 0.34146 25.8524
    endloop
  endfacet
  facet normal -0.915382 -0.32004 0.244233
    outer loop
      vertex 0.488979 -0.156854 16.6155
      vertex 2.82647 0.202816 25.8477
      vertex 0.480477 -0.104148 16.6527
    endloop
  endfacet
  facet normal -0.91536 -0.320106 0.24423
    outer loop
      vertex 2.82647 0.202816 25.8477
      vertex 0.488979 -0.156854 16.6155
      vertex 0.492526 -0.179128 16.5996
    endloop
  endfacet
  facet normal -0.915494 -0.319709 0.244246
    outer loop
      vertex -0.42353 -0.279386 13.0348
      vertex -2.06769 -0.5981 6.4549
      vertex -0.41639 -0.327869 12.9981
    endloop
  endfacet
  facet normal -0.943811 -0.220133 0.246499
    outer loop
      vertex -0.424595 -0.25444 13.053
      vertex -2.06769 -0.5981 6.4549
      vertex -0.42353 -0.279386 13.0348
    endloop
  endfacet
  facet normal -0.944083 -0.218958 0.246505
    outer loop
      vertex -2.06769 -0.5981 6.4549
      vertex -0.424595 -0.25444 13.053
      vertex -0.425608 -0.228907 13.0718
    endloop
  endfacet
  facet normal -0.943944 -0.219557 0.246503
    outer loop
      vertex 0.476382 -0.0261114 16.7065
      vertex 2.77926 0.34146 25.8524
      vertex 2.74646 0.484274 25.854
    endloop
  endfacet
  facet normal -0.943962 -0.21948 0.246504
    outer loop
      vertex 2.77926 0.34146 25.8524
      vertex 0.476382 -0.0261114 16.7065
      vertex 0.480477 -0.104148 16.6527
    endloop
  endfacet
  facet normal 0.205374 0.0366218 0.977998
    outer loop
      vertex 3.37333 -0.461642 25.7577
      vertex 2.88759 0.0698614 25.8398
      vertex 2.96193 -0.0559464 25.8289
    endloop
  endfacet
  facet normal -0.828261 -0.509607 0.23299
    outer loop
      vertex 0.596437 -0.564474 16.3075
      vertex 2.96193 -0.0559464 25.8289
      vertex 2.88759 0.0698614 25.8398
    endloop
  endfacet
  facet normal -0.828422 -0.509333 0.233016
    outer loop
      vertex 0.612121 -0.604898 16.2749
      vertex 2.96193 -0.0559464 25.8289
      vertex 0.596437 -0.564474 16.3075
    endloop
  endfacet
  facet normal -0.828111 -0.50986 0.23297
    outer loop
      vertex 2.96193 -0.0559464 25.8289
      vertex 0.612121 -0.604898 16.2749
      vertex 0.622424 -0.631456 16.2534
    endloop
  endfacet
  facet normal -0.828244 -0.509635 0.232989
    outer loop
      vertex -0.288317 -0.80943 12.6266
      vertex -1.78063 -1.2226 6.41786
      vertex -0.271786 -0.851428 12.5935
    endloop
  endfacet
  facet normal -0.770347 -0.59695 0.224091
    outer loop
      vertex -1.78063 -1.2226 6.41786
      vertex -0.260114 -0.873285 12.5754
      vertex -0.271786 -0.851428 12.5935
    endloop
  endfacet
  facet normal -0.770695 -0.596478 0.22415
    outer loop
      vertex -1.78063 -1.2226 6.41786
      vertex -0.247714 -0.896334 12.5567
      vertex -0.260114 -0.873285 12.5754
    endloop
  endfacet
  facet normal -0.770677 -0.596503 0.224147
    outer loop
      vertex -1.78063 -1.2226 6.41786
      vertex -0.199977 -0.983299 12.4894
      vertex -0.247714 -0.896334 12.5567
    endloop
  endfacet
  facet normal -0.770667 -0.596516 0.224145
    outer loop
      vertex -0.199977 -0.983299 12.4894
      vertex -1.78063 -1.2226 6.41786
      vertex -1.6443 -1.4069 6.39612
    endloop
  endfacet
  facet normal -0.771077 -0.595962 0.22421
    outer loop
      vertex 0.629065 -0.643961 16.243
      vertex 2.96193 -0.0559464 25.8289
      vertex 0.622424 -0.631456 16.2534
    endloop
  endfacet
  facet normal -0.770651 -0.596538 0.224141
    outer loop
      vertex 0.657209 -0.69719 16.1981
      vertex 2.96193 -0.0559464 25.8289
      vertex 0.629065 -0.643961 16.243
    endloop
  endfacet
  facet normal -0.770446 -0.596815 0.224111
    outer loop
      vertex 2.96193 -0.0559464 25.8289
      vertex 0.657209 -0.69719 16.1981
      vertex 0.673096 -0.727237 16.1727
    endloop
  endfacet
  facet normal -0.70459 -0.676806 0.213276
    outer loop
      vertex -1.6443 -1.4069 6.39612
      vertex -0.102138 -1.12852 12.3743
      vertex -0.161528 -1.04602 12.4399
    endloop
  endfacet
  facet normal -0.704594 -0.676802 0.213276
    outer loop
      vertex -1.6443 -1.4069 6.39612
      vertex -0.161528 -1.04602 12.4399
      vertex -0.178905 -1.02169 12.4597
    endloop
  endfacet
  facet normal -0.704338 -0.677084 0.213224
    outer loop
      vertex -0.102138 -1.12852 12.3743
      vertex -1.6443 -1.4069 6.39612
      vertex -0.0913031 -1.14357 12.3623
    endloop
  endfacet
  facet normal -0.704567 -0.676831 0.213272
    outer loop
      vertex -0.0913031 -1.14357 12.3623
      vertex -1.6443 -1.4069 6.39612
      vertex -1.48995 -1.57579 6.37005
    endloop
  endfacet
  facet normal -0.704606 -0.676788 0.21328
    outer loop
      vertex 0.726164 -0.818671 16.094
      vertex 3.04869 -0.173232 25.815
      vertex 0.705704 -0.789145 16.1201
    endloop
  endfacet
  facet normal -0.704122 -0.677317 0.213199
    outer loop
      vertex 0.733611 -0.829466 16.0843
      vertex 3.04869 -0.173232 25.815
      vertex 0.726164 -0.818671 16.094
    endloop
  endfacet
  facet normal -0.704655 -0.676735 0.213287
    outer loop
      vertex 3.04869 -0.173232 25.815
      vertex 0.733611 -0.829466 16.0843
      vertex 0.767268 -0.878253 16.0407
    endloop
  endfacet
  facet normal -0.704565 -0.676833 0.213273
    outer loop
      vertex 0.767268 -0.878253 16.0407
      vertex 3.14691 -0.280707 25.7984
      vertex 3.04869 -0.173232 25.815
    endloop
  endfacet
  facet normal -0.703809 -0.677661 0.213139
    outer loop
      vertex 0.770864 -0.883466 16.036
      vertex 3.14691 -0.280707 25.7984
      vertex 0.767268 -0.878253 16.0407
    endloop
  endfacet
  facet normal -0.706061 -0.67519 0.213535
    outer loop
      vertex 0.772944 -0.886495 16.0333
      vertex 3.14691 -0.280707 25.7984
      vertex 0.770864 -0.883466 16.036
    endloop
  endfacet
  facet normal -0.70442 -0.676992 0.213247
    outer loop
      vertex 3.14691 -0.280707 25.7984
      vertex 0.772944 -0.886495 16.0333
      vertex 0.805571 -0.93465 15.9882
    endloop
  endfacet
  facet normal -0.704724 -0.67666 0.213297
    outer loop
      vertex -0.0913031 -1.14357 12.3623
      vertex -1.48995 -1.57579 6.37005
      vertex -0.0663851 -1.17819 12.3348
    endloop
  endfacet
  facet normal 0.201383 0.0328949 0.97896
    outer loop
      vertex 3.25552 -0.377197 25.7793
      vertex 2.96193 -0.0559464 25.8289
      vertex 3.14691 -0.280707 25.7984
    endloop
  endfacet
  facet normal -0.204689 -0.0358772 -0.978169
    outer loop
      vertex -0.728771 -2.06315 6.2287
      vertex -0.936587 -1.97244 6.26886
      vertex -0.512971 -2.13125 6.18604
    endloop
  endfacet
  facet normal -0.46269 -0.870112 0.169774
    outer loop
      vertex 1.13979 -1.24459 15.6579
      vertex 3.49905 -0.533119 25.734
      vertex 3.37333 -0.461642 25.7577
    endloop
  endfacet
  facet normal -0.462972 -0.869951 0.169829
    outer loop
      vertex 1.16071 -1.25912 15.6405
      vertex 3.49905 -0.533119 25.734
      vertex 1.13979 -1.24459 15.6579
    endloop
  endfacet
  facet normal -0.461599 -0.870731 0.169567
    outer loop
      vertex 1.16402 -1.26142 15.6377
      vertex 3.49905 -0.533119 25.734
      vertex 1.16071 -1.25912 15.6405
    endloop
  endfacet
  facet normal -0.462848 -0.870022 0.169805
    outer loop
      vertex 3.49905 -0.533119 25.734
      vertex 1.16402 -1.26142 15.6377
      vertex 1.19283 -1.28147 15.6135
    endloop
  endfacet
  facet normal -0.462516 -0.870211 0.169742
    outer loop
      vertex 0.341139 -1.52455 12.0466
      vertex -0.936587 -1.97244 6.26886
      vertex 0.375708 -1.54661 12.0277
    endloop
  endfacet
  facet normal 0.231846 -0.972345 0.0281632
    outer loop
      vertex 2.34393 -1.43531 15.0969
      vertex 4.4778 -0.624251 25.5325
      vertex 4.33817 -0.656661 25.563
    endloop
  endfacet
  facet normal 0.231862 -0.972341 0.0281595
    outer loop
      vertex 4.4778 -0.624251 25.5325
      vertex 2.34393 -1.43531 15.0969
      vertex 2.40965 -1.41996 15.0858
    endloop
  endfacet
  facet normal 0.231818 -0.972351 0.0281698
    outer loop
      vertex 1.74721 -1.67262 11.8157
      vertex 0.601453 -2.11565 5.95219
      vertex 1.76247 -1.66895 11.8168
    endloop
  endfacet
  facet normal 0.232037 -0.9723 0.028123
    outer loop
      vertex 0.601453 -2.11565 5.95219
      vertex 1.74721 -1.67262 11.8157
      vertex 1.71833 -1.67957 11.8137
    endloop
  endfacet
  facet normal 0.20703 0.042544 0.977409
    outer loop
      vertex 3.76862 -0.634183 25.6813
      vertex 3.49905 -0.533119 25.734
      vertex 3.6313 -0.590843 25.7085
    endloop
  endfacet
  facet normal 0.0289507 -0.997017 0.071545
    outer loop
      vertex 0.158413 -2.19377 6.04781
      vertex 1.18315 -1.75031 11.813
      vertex -0.0669346 -2.19692 6.0951
    endloop
  endfacet
  facet normal 0.0289763 -0.997017 0.0715404
    outer loop
      vertex 1.18315 -1.75031 11.813
      vertex 0.158413 -2.19377 6.04781
      vertex 1.34752 -1.74615 11.8044
    endloop
  endfacet
  facet normal 0.0288581 -0.997018 0.0715644
    outer loop
      vertex 1.93623 -1.48496 15.206
      vertex 4.19587 -0.673965 25.5934
      vertex 1.92577 -1.48499 15.2098
    endloop
  endfacet
  facet normal 0.0288666 -0.997018 0.0715625
    outer loop
      vertex 4.19587 -0.673965 25.5934
      vertex 1.93623 -1.48496 15.206
      vertex 2.042 -1.48474 15.1664
    endloop
  endfacet
  facet normal -0.0733297 -0.99298 0.0928054
    outer loop
      vertex -0.0669346 -2.19692 6.0951
      vertex 0.937295 -1.73335 11.8486
      vertex -0.29155 -2.17601 6.14135
    endloop
  endfacet
  facet normal -0.0733708 -0.992977 0.0928123
    outer loop
      vertex 0.937295 -1.73335 11.8486
      vertex -0.0669346 -2.19692 6.0951
      vertex 1.09754 -1.74763 11.8225
    endloop
  endfacet
  facet normal -0.0732 -0.992992 0.0927789
    outer loop
      vertex 1.72473 -1.46986 15.2899
      vertex 3.90953 -0.662663 25.6529
      vertex 1.68215 -1.46503 15.308
    endloop
  endfacet
  facet normal -0.0735359 -0.992961 0.0928473
    outer loop
      vertex 1.75769 -1.47361 15.2759
      vertex 3.90953 -0.662663 25.6529
      vertex 1.72473 -1.46986 15.2899
    endloop
  endfacet
  facet normal -0.0733829 -0.992975 0.0928167
    outer loop
      vertex 1.7809 -1.47626 15.2659
      vertex 3.90953 -0.662663 25.6529
      vertex 1.75769 -1.47361 15.2759
    endloop
  endfacet
  facet normal -0.0736327 -0.992952 0.0928661
    outer loop
      vertex 3.90953 -0.662663 25.6529
      vertex 1.7809 -1.47626 15.2659
      vertex 1.79631 -1.47802 15.2593
    endloop
  endfacet
  facet normal 0.329932 -0.943982 0.00658528
    outer loop
      vertex 1.76247 -1.66895 11.8168
      vertex 0.601453 -2.11565 5.95219
      vertex 1.80597 -1.65371 11.822
    endloop
  endfacet
  facet normal 0.330149 -0.943906 0.00653572
    outer loop
      vertex 2.43129 -1.4124 15.0845
      vertex 4.4778 -0.624251 25.5325
      vertex 2.40965 -1.41996 15.0858
    endloop
  endfacet
  facet normal 0.33006 -0.943937 0.00655552
    outer loop
      vertex 2.47482 -1.3972 15.0815
      vertex 4.4778 -0.624251 25.5325
      vertex 2.43129 -1.4124 15.0845
    endloop
  endfacet
  facet normal 0.330097 -0.943924 0.00654752
    outer loop
      vertex 4.4778 -0.624251 25.5325
      vertex 2.47482 -1.3972 15.0815
      vertex 4.61325 -0.577092 25.5024
    endloop
  endfacet
  facet normal 0.204726 0.0363041 0.978146
    outer loop
      vertex 4.61325 -0.577092 25.5024
      vertex 3.76862 -0.634183 25.6813
      vertex 4.4778 -0.624251 25.5325
    endloop
  endfacet
  facet normal -0.0126406 0.999899 0.00654533
    outer loop
      vertex 2.49683 2.15001 17.7659
      vertex 3.99425 2.1181 25.5325
      vertex 4.13766 2.12011 25.5024
    endloop
  endfacet
  facet normal -0.0129371 0.999895 0.00660388
    outer loop
      vertex 3.99425 2.1181 25.5325
      vertex 2.44639 2.14931 17.7747
      vertex 2.44211 2.14925 17.7754
    endloop
  endfacet
  facet normal -0.0126614 0.999898 0.00654888
    outer loop
      vertex 3.99425 2.1181 25.5325
      vertex 2.48768 2.14988 17.7675
      vertex 2.44639 2.14931 17.7747
    endloop
  endfacet
  facet normal -0.0130479 0.999893 0.00662384
    outer loop
      vertex 3.99425 2.1181 25.5325
      vertex 2.49683 2.15001 17.7659
      vertex 2.48768 2.14988 17.7675
    endloop
  endfacet
  facet normal -0.0126969 0.999898 0.00655728
    outer loop
      vertex 4.13766 2.12011 25.5024
      vertex 2.51045 2.1502 17.7633
      vertex 2.49683 2.15001 17.7659
    endloop
  endfacet
  facet normal -0.0125009 0.999901 0.00651607
    outer loop
      vertex 2.51045 2.1502 17.7633
      vertex 4.13766 2.12011 25.5024
      vertex 2.52937 2.15046 17.7597
    endloop
  endfacet
  facet normal 0.00368069 0.997467 0.0710373
    outer loop
      vertex 1.80869 2.16406 14.2902
      vertex 1.76137 2.16338 14.3022
      vertex 1.77053 2.16351 14.2999
    endloop
  endfacet
  facet normal -0.0123892 0.999902 0.00649367
    outer loop
      vertex 1.76137 2.16338 14.3022
      vertex 0.0669346 2.19692 5.9049
      vertex 1.74787 2.16319 14.3057
    endloop
  endfacet
  facet normal -0.0127058 0.999898 0.00655756
    outer loop
      vertex 0.0669346 2.19692 5.9049
      vertex 1.76137 2.16338 14.3022
      vertex 1.80869 2.16406 14.2902
    endloop
  endfacet
  facet normal 0.204748 0.0382746 0.978066
    outer loop
      vertex 4.13766 2.12011 25.5024
      vertex 3.99425 2.1181 25.5325
      vertex 4.28059 2.1068 25.473
    endloop
  endfacet
  facet normal 0.204968 0.035161 0.978137
    outer loop
      vertex 3.44711 1.95984 25.6529
      vertex 3.32444 1.88488 25.6813
      vertex 3.57688 2.02123 25.6235
    endloop
  endfacet
  facet normal -0.49879 0.859259 0.113501
    outer loop
      vertex 1.55939 1.90612 17.7638
      vertex 3.32444 1.88488 25.6813
      vertex 3.44711 1.95984 25.6529
    endloop
  endfacet
  facet normal -0.498753 0.859281 0.113492
    outer loop
      vertex 1.50412 1.8754 17.7535
      vertex 3.32444 1.88488 25.6813
      vertex 1.55939 1.90612 17.7638
    endloop
  endfacet
  facet normal -0.498778 0.859266 0.113498
    outer loop
      vertex 3.32444 1.88488 25.6813
      vertex 1.50412 1.8754 17.7535
      vertex 1.47891 1.86144 17.7484
    endloop
  endfacet
  facet normal -0.498622 0.859362 0.11346
    outer loop
      vertex 0.718625 1.86649 14.369
      vertex -1.21097 1.82728 6.18604
      vertex 0.691862 1.85145 14.3653
    endloop
  endfacet
  facet normal -0.498854 0.85922 0.113516
    outer loop
      vertex -1.21097 1.82728 6.18604
      vertex 0.718625 1.86649 14.369
      vertex 0.748069 1.88303 14.3732
    endloop
  endfacet
  facet normal -0.732185 0.65962 0.169726
    outer loop
      vertex -1.55472 1.53315 6.26886
      vertex 0.340035 1.58119 14.256
      vertex 0.359914 1.60076 14.2657
    endloop
  endfacet
  facet normal -0.732431 0.659331 0.169786
    outer loop
      vertex -1.55472 1.53315 6.26886
      vertex 0.286435 1.52842 14.2297
      vertex 0.340035 1.58119 14.256
    endloop
  endfacet
  facet normal -0.732472 0.659283 0.169795
    outer loop
      vertex -1.55472 1.53315 6.26886
      vertex 0.255081 1.4975 14.2145
      vertex 0.286435 1.52842 14.2297
    endloop
  endfacet
  facet normal -0.732409 0.659356 0.169781
    outer loop
      vertex 0.255081 1.4975 14.2145
      vertex -1.55472 1.53315 6.26886
      vertex -1.70194 1.36004 6.30606
    endloop
  endfacet
  facet normal -0.732565 0.659173 0.169821
    outer loop
      vertex 1.1488 1.60777 17.6416
      vertex 3.10569 1.69771 25.734
      vertex 1.17054 1.62938 17.6515
    endloop
  endfacet
  facet normal -0.732296 0.65949 0.169753
    outer loop
      vertex 3.10569 1.69771 25.734
      vertex 1.1488 1.60777 17.6416
      vertex 1.09719 1.55664 17.6176
    endloop
  endfacet
  facet normal -0.661589 0.73426 0.152192
    outer loop
      vertex -1.39046 1.68947 6.2287
      vertex 0.359914 1.60076 14.2657
      vertex 0.426351 1.65573 14.2893
    endloop
  endfacet
  facet normal -0.661514 0.734331 0.152175
    outer loop
      vertex -1.39046 1.68947 6.2287
      vertex 0.426351 1.65573 14.2893
      vertex 0.471317 1.69288 14.3055
    endloop
  endfacet
  facet normal -0.661573 0.734275 0.152188
    outer loop
      vertex 0.359914 1.60076 14.2657
      vertex -1.39046 1.68947 6.2287
      vertex -1.55472 1.53315 6.26886
    endloop
  endfacet
  facet normal -0.661556 0.734291 0.152185
    outer loop
      vertex 1.24905 1.69431 17.6795
      vertex 1.17054 1.62938 17.6515
      vertex 3.10569 1.69771 25.734
    endloop
  endfacet
  facet normal 0.892992 0.42005 -0.161627
    outer loop
      vertex 3.27003 1.05235 13.2198
      vertex 1.89746 1.0249 5.56498
      vertex 3.23231 1.16186 13.296
    endloop
  endfacet
  facet normal 0.893099 0.419816 -0.161645
    outer loop
      vertex 3.27703 1.03253 13.207
      vertex 1.89746 1.0249 5.56498
      vertex 3.27003 1.05235 13.2198
    endloop
  endfacet
  facet normal 0.893001 0.420031 -0.161628
    outer loop
      vertex 1.89746 1.0249 5.56498
      vertex 3.27703 1.03253 13.207
      vertex 1.99349 0.815969 5.55259
    endloop
  endfacet
  facet normal 0.893018 0.419995 -0.16163
    outer loop
      vertex 5.30253 1.37428 25.2861
      vertex 3.84475 1.19462 16.7649
      vertex 3.83557 1.22376 16.7899
    endloop
  endfacet
  facet normal 0.893003 0.420026 -0.161628
    outer loop
      vertex 5.30253 1.37428 25.2861
      vertex 3.86107 1.14226 16.719
      vertex 3.84475 1.19462 16.7649
    endloop
  endfacet
  facet normal 0.892892 0.420266 -0.161616
    outer loop
      vertex 3.86107 1.14226 16.719
      vertex 5.30253 1.37428 25.2861
      vertex 3.86439 1.13163 16.7097
    endloop
  endfacet
  facet normal 0.931939 0.322299 -0.166174
    outer loop
      vertex 3.29766 0.970868 13.1671
      vertex 1.99349 0.815969 5.55259
      vertex 3.29547 0.980294 13.1731
    endloop
  endfacet
  facet normal 0.931671 0.323086 -0.166144
    outer loop
      vertex 3.32746 0.84395 13.0874
      vertex 1.99349 0.815969 5.55259
      vertex 3.29766 0.970868 13.1671
    endloop
  endfacet
  facet normal 0.931694 0.32302 -0.166147
    outer loop
      vertex 1.99349 0.815969 5.55259
      vertex 3.32746 0.84395 13.0874
      vertex 2.06769 0.5981 5.5451
    endloop
  endfacet
  facet normal 0.931682 0.323054 -0.166147
    outer loop
      vertex 5.36365 1.24132 25.2782
      vertex 3.89942 0.997541 16.5934
      vertex 3.8882 1.0551 16.6424
    endloop
  endfacet
  facet normal 0.931664 0.323107 -0.166145
    outer loop
      vertex 3.89942 0.997541 16.5934
      vertex 5.36365 1.24132 25.2782
      vertex 3.90729 0.957108 16.5589
    endloop
  endfacet
  facet normal 0.207252 0.0374572 0.97757
    outer loop
      vertex 5.22819 1.50009 25.297
      vertex 5.14143 1.61737 25.3109
      vertex 5.41086 1.10268 25.2735
    endloop
  endfacet
  facet normal 0.209222 0.0381195 0.977125
    outer loop
      vertex 5.36365 1.24132 25.2782
      vertex 5.30253 1.37428 25.2861
      vertex 5.41086 1.10268 25.2735
    endloop
  endfacet
  facet normal 0.206033 0.0383603 0.977793
    outer loop
      vertex 4.9346 1.82134 25.3466
      vertex 4.55882 2.03498 25.4174
      vertex 5.04321 1.72485 25.3275
    endloop
  endfacet
  facet normal 0.647049 0.752557 -0.122418
    outer loop
      vertex 5.04321 1.72485 25.3275
      vertex 3.51988 1.72049 17.249
      vertex 4.9346 1.82134 25.3466
    endloop
  endfacet
  facet normal 0.64703 0.752574 -0.122414
    outer loop
      vertex 3.51988 1.72049 17.249
      vertex 5.04321 1.72485 25.3275
      vertex 3.57574 1.66329 17.1926
    endloop
  endfacet
  facet normal 0.646987 0.752612 -0.122405
    outer loop
      vertex 2.93766 1.63652 13.6554
      vertex 1.48995 1.57579 5.62995
      vertex 2.898 1.67616 13.6895
    endloop
  endfacet
  facet normal -0.962094 -0.116663 0.246503
    outer loop
      vertex -2.14756 -0.145162 6.4549
      vertex -0.424824 0.0228488 13.2582
      vertex -0.421102 0.0768834 13.2983
    endloop
  endfacet
  facet normal -0.962108 -0.116554 0.246504
    outer loop
      vertex -2.14756 -0.145162 6.4549
      vertex -0.431441 -0.0760747 13.1856
      vertex -0.424824 0.0228488 13.2582
    endloop
  endfacet
  facet normal -0.962106 -0.116569 0.246504
    outer loop
      vertex -0.431441 -0.0760747 13.1856
      vertex -2.14756 -0.145162 6.4549
      vertex -2.11923 -0.373677 6.45741
    endloop
  endfacet
  facet normal -0.962109 -0.116546 0.246502
    outer loop
      vertex 0.473408 0.137236 16.8181
      vertex 2.74646 0.484274 25.854
      vertex 0.476143 0.192281 16.8548
    endloop
  endfacet
  facet normal -0.962188 -0.1159 0.246497
    outer loop
      vertex 0.472218 0.113299 16.8022
      vertex 2.74646 0.484274 25.854
      vertex 0.473408 0.137236 16.8181
    endloop
  endfacet
  facet normal -0.962132 -0.116357 0.246502
    outer loop
      vertex 2.74646 0.484274 25.854
      vertex 0.472218 0.113299 16.8022
      vertex 0.470657 0.0829893 16.7818
    endloop
  endfacet
  facet normal 0.20972 0.0357305 0.977108
    outer loop
      vertex 2.73734 0.921964 25.8398
      vertex 2.72538 0.776125 25.8477
      vertex 2.72843 0.629694 25.8524
    endloop
  endfacet
  facet normal -0.204757 -0.0361044 -0.978147
    outer loop
      vertex -1.78063 -1.2226 6.41786
      vertex -2.15235 0.0849438 6.44741
      vertex -2.0914 0.539854 6.41786
    endloop
  endfacet
  facet normal -0.204953 -0.0360756 -0.978107
    outer loop
      vertex -2.0914 0.539854 6.41786
      vertex -2.15235 0.0849438 6.44741
      vertex -2.13356 0.31412 6.43502
    endloop
  endfacet
  facet normal 0.985983 0.0152041 -0.166149
    outer loop
      vertex 5.46474 0.668014 25.2782
      vertex 3.93466 0.506065 16.1834
      vertex 5.46169 0.814445 25.2735
    endloop
  endfacet
  facet normal 0.985988 0.0149165 -0.166145
    outer loop
      vertex 5.46474 0.668014 25.2782
      vertex 3.93311 0.492682 16.173
      vertex 3.93466 0.506065 16.1834
    endloop
  endfacet
  facet normal 0.985981 0.0153215 -0.166152
    outer loop
      vertex 5.46474 0.668014 25.2782
      vertex 3.92955 0.462598 16.1491
      vertex 3.93311 0.492682 16.173
    endloop
  endfacet
  facet normal 0.98599 0.0148437 -0.166142
    outer loop
      vertex 3.92955 0.462598 16.1491
      vertex 5.46474 0.668014 25.2782
      vertex 3.92514 0.425344 16.1196
    endloop
  endfacet
  facet normal 0.985982 0.0152796 -0.166151
    outer loop
      vertex 3.36484 0.337029 12.7864
      vertex 2.14756 0.145162 5.5451
      vertex 3.36913 0.391856 12.8169
    endloop
  endfacet
  facet normal 0.97845 0.119461 -0.168419
    outer loop
      vertex 5.46169 0.814445 25.2735
      vertex 3.93619 0.58726 16.2498
      vertex 5.44366 0.959865 25.2719
    endloop
  endfacet
  facet normal 0.978471 0.119292 -0.168419
    outer loop
      vertex 3.93619 0.58726 16.2498
      vertex 5.46169 0.814445 25.2735
      vertex 3.93466 0.506065 16.1834
    endloop
  endfacet
  facet normal 0.978444 0.119503 -0.16842
    outer loop
      vertex 3.36913 0.391856 12.8169
      vertex 2.14756 0.145162 5.5451
      vertex 3.36771 0.446749 12.8476
    endloop
  endfacet
  facet normal 0.811419 -0.574428 -0.107846
    outer loop
      vertex 2.90722 -0.872627 12.1663
      vertex 1.83052 -1.17203 5.66008
      vertex 2.93901 -0.83142 12.186
    endloop
  endfacet
  facet normal 0.81145 -0.574384 -0.107853
    outer loop
      vertex 2.8382 -0.96236 12.1249
      vertex 1.83052 -1.17203 5.66008
      vertex 2.90722 -0.872627 12.1663
    endloop
  endfacet
  facet normal 0.811454 -0.574378 -0.107854
    outer loop
      vertex 1.83052 -1.17203 5.66008
      vertex 2.8382 -0.96236 12.1249
      vertex 1.70194 -1.36004 5.69394
    endloop
  endfacet
  facet normal 0.811485 -0.574332 -0.107862
    outer loop
      vertex 5.17812 -0.143411 25.3682
      vertex 3.41348 -0.744673 15.2937
      vertex 3.47466 -0.666832 15.3395
    endloop
  endfacet
  facet normal 0.811217 -0.574724 -0.107792
    outer loop
      vertex 3.41348 -0.744673 15.2937
      vertex 5.17812 -0.143411 25.3682
      vertex 3.39575 -0.767223 15.2805
    endloop
  endfacet
  facet normal -0.204377 -0.0363998 -0.978215
    outer loop
      vertex 1.70194 -1.36004 5.69394
      vertex 1.55472 -1.53315 5.73114
      vertex 1.83052 -1.17203 5.66008
    endloop
  endfacet
  facet normal -0.204554 -0.0363817 -0.978179
    outer loop
      vertex 1.21097 -1.82728 5.81396
      vertex 1.01821 -1.94506 5.85865
      vertex 1.39046 -1.68947 5.7713
    endloop
  endfacet
  facet normal 0.201312 0.0413424 0.978654
    outer loop
      vertex 4.9799 -0.353048 25.4174
      vertex 4.74301 -0.515698 25.473
      vertex 4.86568 -0.440743 25.4446
    endloop
  endfacet
  facet normal 0.599761 -0.798267 -0.0552767
    outer loop
      vertex 1.39046 -1.68947 5.7713
      vertex 2.34915 -1.39547 11.9275
      vertex 1.21097 -1.82728 5.81396
    endloop
  endfacet
  facet normal 0.599768 -0.798262 -0.0552781
    outer loop
      vertex 2.34915 -1.39547 11.9275
      vertex 1.39046 -1.68947 5.7713
      vertex 2.48581 -1.29588 11.9721
    endloop
  endfacet
  facet normal 0.599848 -0.798201 -0.0552969
    outer loop
      vertex 4.86568 -0.440743 25.4446
      vertex 3.03624 -1.10067 15.1252
      vertex 3.04309 -1.09564 15.1269
    endloop
  endfacet
  facet normal 0.599778 -0.798255 -0.0552811
    outer loop
      vertex 4.86568 -0.440743 25.4446
      vertex 2.94931 -1.1644 15.1023
      vertex 3.03624 -1.10067 15.1252
    endloop
  endfacet
  facet normal 0.599784 -0.79825 -0.0552826
    outer loop
      vertex 2.94931 -1.1644 15.1023
      vertex 4.86568 -0.440743 25.4446
      vertex 2.93975 -1.17141 15.0998
    endloop
  endfacet
  facet normal 0.515124 -0.856384 -0.0354147
    outer loop
      vertex 2.30735 -1.42015 11.9163
      vertex 1.21097 -1.82728 5.81396
      vertex 2.34915 -1.39547 11.9275
    endloop
  endfacet
  facet normal 0.515091 -0.856404 -0.0354074
    outer loop
      vertex 4.74301 -0.515698 25.473
      vertex 2.93975 -1.17141 15.0998
      vertex 4.86568 -0.440743 25.4446
    endloop
  endfacet
  facet normal 0.515014 -0.856451 -0.035391
    outer loop
      vertex 2.93975 -1.17141 15.0998
      vertex 4.74301 -0.515698 25.473
      vertex 2.87787 -1.20829 15.0918
    endloop
  endfacet
  facet normal 0.201999 0.033422 0.978815
    outer loop
      vertex 3.14691 -0.280707 25.7984
      vertex 2.96193 -0.0559464 25.8289
      vertex 3.04869 -0.173232 25.815
    endloop
  endfacet
  facet normal 0.206029 0.0373153 0.977834
    outer loop
      vertex 3.37333 -0.461642 25.7577
      vertex 2.96193 -0.0559464 25.8289
      vertex 3.25552 -0.377197 25.7793
    endloop
  endfacet
  facet normal -0.204422 -0.0358232 -0.978227
    outer loop
      vertex -1.6443 -1.4069 6.39612
      vertex -1.78063 -1.2226 6.41786
      vertex -1.48995 -1.57579 6.37005
    endloop
  endfacet
  facet normal -0.204735 -0.0360909 -0.978152
    outer loop
      vertex -1.48995 -1.57579 6.37005
      vertex -1.78063 -1.2226 6.41786
      vertex -1.31927 -1.72742 6.33992
    endloop
  endfacet
  facet normal -0.204867 -0.0363809 -0.978113
    outer loop
      vertex -0.936587 -1.97244 6.26886
      vertex -1.13414 -1.86012 6.30606
      vertex -0.512971 -2.13125 6.18604
    endloop
  endfacet
  facet normal -0.462651 -0.870134 0.169766
    outer loop
      vertex -1.13414 -1.86012 6.30606
      vertex 0.278818 -1.48476 12.0806
      vertex 0.212375 -1.44235 12.1169
    endloop
  endfacet
  facet normal -0.462843 -0.870024 0.169806
    outer loop
      vertex -1.13414 -1.86012 6.30606
      vertex 0.341139 -1.52455 12.0466
      vertex 0.278818 -1.48476 12.0806
    endloop
  endfacet
  facet normal -0.462726 -0.870092 0.16978
    outer loop
      vertex 0.341139 -1.52455 12.0466
      vertex -1.13414 -1.86012 6.30606
      vertex -0.936587 -1.97244 6.26886
    endloop
  endfacet
  facet normal -0.462639 -0.870141 0.169765
    outer loop
      vertex 1.07591 -1.2003 15.7108
      vertex 3.37333 -0.461642 25.7577
      vertex 1.05008 -1.18245 15.7319
    endloop
  endfacet
  facet normal -0.463296 -0.869767 0.169888
    outer loop
      vertex 1.08007 -1.20318 15.7074
      vertex 3.37333 -0.461642 25.7577
      vertex 1.07591 -1.2003 15.7108
    endloop
  endfacet
  facet normal -0.462659 -0.870129 0.169769
    outer loop
      vertex 1.11892 -1.2301 15.6753
      vertex 3.37333 -0.461642 25.7577
      vertex 1.08007 -1.20318 15.7074
    endloop
  endfacet
  facet normal -0.462612 -0.870156 0.169761
    outer loop
      vertex 3.37333 -0.461642 25.7577
      vertex 1.11892 -1.2301 15.6753
      vertex 1.13979 -1.24459 15.6579
    endloop
  endfacet
  facet normal -0.274173 -0.95239 0.13335
    outer loop
      vertex 1.34705 -1.36219 15.503
      vertex 3.76862 -0.634183 25.6813
      vertex 3.6313 -0.590843 25.7085
    endloop
  endfacet
  facet normal -0.274195 -0.952383 0.133355
    outer loop
      vertex 1.39605 -1.38061 15.4722
      vertex 3.76862 -0.634183 25.6813
      vertex 1.34705 -1.36219 15.503
    endloop
  endfacet
  facet normal -0.274286 -0.952354 0.133374
    outer loop
      vertex 3.76862 -0.634183 25.6813
      vertex 1.39605 -1.38061 15.4722
      vertex 1.40675 -1.38463 15.4655
    endloop
  endfacet
  facet normal -0.27441 -0.952315 0.133399
    outer loop
      vertex 0.551989 -1.63066 11.9508
      vertex -0.728771 -2.06315 6.2287
      vertex 0.591347 -1.64371 11.9386
    endloop
  endfacet
  facet normal -0.370322 -0.916359 0.152146
    outer loop
      vertex -0.936587 -1.97244 6.26886
      vertex 0.405481 -1.5609 12.0141
      vertex 0.375708 -1.54661 12.0277
    endloop
  endfacet
  facet normal -0.370556 -0.916256 0.152193
    outer loop
      vertex -0.936587 -1.97244 6.26886
      vertex 0.514962 -1.61305 11.9667
      vertex 0.405481 -1.5609 12.0141
    endloop
  endfacet
  facet normal -0.370533 -0.916266 0.152188
    outer loop
      vertex 0.514962 -1.61305 11.9667
      vertex -0.936587 -1.97244 6.26886
      vertex -0.728771 -2.06315 6.2287
    endloop
  endfacet
  facet normal -0.370451 -0.916302 0.152172
    outer loop
      vertex 1.21159 -1.29123 15.6004
      vertex 3.49905 -0.533119 25.734
      vertex 1.19283 -1.28147 15.6135
    endloop
  endfacet
  facet normal -0.369884 -0.916549 0.152063
    outer loop
      vertex 1.21422 -1.29259 15.5986
      vertex 3.49905 -0.533119 25.734
      vertex 1.21159 -1.29123 15.6004
    endloop
  endfacet
  facet normal -0.369463 -0.916733 0.151981
    outer loop
      vertex 1.21673 -1.2939 15.5968
      vertex 3.49905 -0.533119 25.734
      vertex 1.21422 -1.29259 15.5986
    endloop
  endfacet
  facet normal -0.3706 -0.916237 0.1522
    outer loop
      vertex 1.2718 -1.32262 15.558
      vertex 3.49905 -0.533119 25.734
      vertex 1.21673 -1.2939 15.5968
    endloop
  endfacet
  facet normal -0.370127 -0.916443 0.152113
    outer loop
      vertex 3.49905 -0.533119 25.734
      vertex 1.2718 -1.32262 15.558
      vertex 1.2905 -1.33238 15.5447
    endloop
  endfacet
  facet normal 0.204744 0.0360582 0.978151
    outer loop
      vertex 4.61325 -0.577092 25.5024
      vertex 3.49905 -0.533119 25.734
      vertex 3.76862 -0.634183 25.6813
    endloop
  endfacet
  facet normal 0.204735 0.0357709 0.978164
    outer loop
      vertex 4.61325 -0.577092 25.5024
      vertex 3.37333 -0.461642 25.7577
      vertex 3.49905 -0.533119 25.734
    endloop
  endfacet
  facet normal 0.203786 0.0424942 0.978093
    outer loop
      vertex 4.4778 -0.624251 25.5325
      vertex 4.19587 -0.673965 25.5934
      vertex 4.33817 -0.656661 25.563
    endloop
  endfacet
  facet normal 0.204705 0.0373053 0.978113
    outer loop
      vertex 4.4778 -0.624251 25.5325
      vertex 3.76862 -0.634183 25.6813
      vertex 4.19587 -0.673965 25.5934
    endloop
  endfacet
  facet normal 0.204622 0.0360363 0.978177
    outer loop
      vertex 5.41086 1.10268 25.2735
      vertex 5.14143 1.61737 25.3109
      vertex 5.44366 0.959865 25.2719
    endloop
  endfacet
  facet normal 0.960297 0.222405 -0.168421
    outer loop
      vertex 3.34685 0.735173 13.0196
      vertex 2.06769 0.5981 5.5451
      vertex 3.3401 0.790141 13.0537
    endloop
  endfacet
  facet normal 0.960291 0.222435 -0.168419
    outer loop
      vertex 5.44366 0.959865 25.2719
      vertex 3.92252 0.878045 16.4906
      vertex 5.41086 1.10268 25.2735
    endloop
  endfacet
  facet normal 0.960315 0.222327 -0.168422
    outer loop
      vertex 5.44366 0.959865 25.2719
      vertex 3.92876 0.805791 16.4308
      vertex 3.92252 0.878045 16.4906
    endloop
  endfacet
  facet normal 0.960199 0.222835 -0.168411
    outer loop
      vertex 3.92876 0.805791 16.4308
      vertex 5.44366 0.959865 25.2719
      vertex 3.92945 0.797603 16.4239
    endloop
  endfacet
  facet normal 0.205492 0.0362385 0.977988
    outer loop
      vertex 2.77926 0.34146 25.8524
      vertex 2.72843 0.629694 25.8524
      vertex 2.74646 0.484274 25.854
    endloop
  endfacet
  facet normal -0.962125 -0.116413 0.246503
    outer loop
      vertex -0.417458 0.129772 13.3375
      vertex -2.14756 -0.145162 6.4549
      vertex -0.421102 0.0768834 13.2983
    endloop
  endfacet
  facet normal -0.962105 -0.116575 0.246503
    outer loop
      vertex 0.479504 0.272311 16.9058
      vertex 2.74646 0.484274 25.854
      vertex 2.72843 0.629694 25.8524
    endloop
  endfacet
  facet normal -0.962104 -0.116586 0.246503
    outer loop
      vertex 0.476603 0.201528 16.861
      vertex 2.74646 0.484274 25.854
      vertex 0.479504 0.272311 16.9058
    endloop
  endfacet
  facet normal -0.962002 -0.117422 0.246504
    outer loop
      vertex 2.74646 0.484274 25.854
      vertex 0.476603 0.201528 16.861
      vertex 0.476143 0.192281 16.8548
    endloop
  endfacet
  facet normal -0.204765 -0.0361067 -0.978145
    outer loop
      vertex -1.99349 -0.815969 6.44741
      vertex -2.15235 0.0849438 6.44741
      vertex -1.78063 -1.2226 6.41786
    endloop
  endfacet
  facet normal -0.204845 -0.0361208 -0.978128
    outer loop
      vertex -2.11923 -0.373677 6.45741
      vertex -2.15235 0.0849438 6.44741
      vertex -1.99349 -0.815969 6.44741
    endloop
  endfacet
  facet normal 0.202517 0.0381657 0.978535
    outer loop
      vertex 5.25994 -0.0237646 25.3466
      vertex 4.9799 -0.353048 25.4174
      vertex 5.17812 -0.143411 25.3682
    endloop
  endfacet
  facet normal 0.811452 -0.574381 -0.107854
    outer loop
      vertex 5.17812 -0.143411 25.3682
      vertex 3.52299 -0.605342 15.3757
      vertex 5.25994 -0.0237646 25.3466
    endloop
  endfacet
  facet normal 0.811495 -0.574319 -0.107864
    outer loop
      vertex 3.52299 -0.605342 15.3757
      vertex 5.17812 -0.143411 25.3682
      vertex 3.47466 -0.666832 15.3395
    endloop
  endfacet
  facet normal 0.811505 -0.574304 -0.107867
    outer loop
      vertex 2.93901 -0.83142 12.186
      vertex 1.83052 -1.17203 5.66008
      vertex 2.97079 -0.790233 12.2058
    endloop
  endfacet
  facet normal -0.62749 -0.752529 0.199889
    outer loop
      vertex 0.850472 -0.985978 15.9375
      vertex 3.25552 -0.377197 25.7793
      vertex 0.849526 -0.984897 15.9386
    endloop
  endfacet
  facet normal -0.630734 -0.749649 0.200504
    outer loop
      vertex 0.885063 -1.02562 15.8981
      vertex 3.25552 -0.377197 25.7793
      vertex 0.850472 -0.985978 15.9375
    endloop
  endfacet
  facet normal -0.629695 -0.750571 0.200315
    outer loop
      vertex 0.88776 -1.02871 15.895
      vertex 3.25552 -0.377197 25.7793
      vertex 0.885063 -1.02562 15.8981
    endloop
  endfacet
  facet normal -0.63116 -0.749269 0.20058
    outer loop
      vertex 0.89053 -1.0319 15.8918
      vertex 3.25552 -0.377197 25.7793
      vertex 0.88776 -1.02871 15.895
    endloop
  endfacet
  facet normal -0.630703 -0.749676 0.200498
    outer loop
      vertex 3.25552 -0.377197 25.7793
      vertex 0.89053 -1.0319 15.8918
      vertex 0.920523 -1.06636 15.8573
    endloop
  endfacet
  facet normal -0.630812 -0.749579 0.20052
    outer loop
      vertex -1.48995 -1.57579 6.37005
      vertex -0.0257823 -1.22226 12.2977
      vertex -0.037951 -1.20905 12.3088
    endloop
  endfacet
  facet normal -0.630619 -0.749751 0.200483
    outer loop
      vertex -1.48995 -1.57579 6.37005
      vertex 0.0640816 -1.31913 12.2181
      vertex -0.0257823 -1.22226 12.2977
    endloop
  endfacet
  facet normal -0.630651 -0.749722 0.20049
    outer loop
      vertex 0.0640816 -1.31913 12.2181
      vertex -1.48995 -1.57579 6.37005
      vertex -1.31927 -1.72742 6.33992
    endloop
  endfacet
  facet normal -0.54968 -0.814422 0.185927
    outer loop
      vertex 0.920523 -1.06636 15.8573
      vertex 3.37333 -0.461642 25.7577
      vertex 3.25552 -0.377197 25.7793
    endloop
  endfacet
  facet normal -0.550969 -0.813491 0.18619
    outer loop
      vertex 0.922994 -1.06856 15.855
      vertex 3.37333 -0.461642 25.7577
      vertex 0.920523 -1.06636 15.8573
    endloop
  endfacet
  facet normal -0.549607 -0.814474 0.185913
    outer loop
      vertex 0.957629 -1.09951 15.8218
      vertex 3.37333 -0.461642 25.7577
      vertex 0.922994 -1.06856 15.855
    endloop
  endfacet
  facet normal -0.551033 -0.813446 0.186194
    outer loop
      vertex 0.961476 -1.10294 15.8182
      vertex 3.37333 -0.461642 25.7577
      vertex 0.957629 -1.09951 15.8218
    endloop
  endfacet
  facet normal -0.549887 -0.814273 0.185969
    outer loop
      vertex 3.37333 -0.461642 25.7577
      vertex 0.961476 -1.10294 15.8182
      vertex 0.96943 -1.11007 15.8105
    endloop
  endfacet
  facet normal -0.560378 -0.806617 0.188004
    outer loop
      vertex 0.0951287 -1.34533 12.1951
      vertex -1.31927 -1.72742 6.33992
      vertex 0.095647 -1.34576 12.1948
    endloop
  endfacet
  facet normal -0.549597 -0.814481 0.185913
    outer loop
      vertex -1.31927 -1.72742 6.33992
      vertex 0.0951287 -1.34533 12.1951
      vertex 0.0640816 -1.31913 12.2181
    endloop
  endfacet
  facet normal 0.0289707 -0.997017 0.0715409
    outer loop
      vertex 1.86035 -1.48534 15.2316
      vertex 4.19587 -0.673965 25.5934
      vertex 4.05247 -0.675972 25.6235
    endloop
  endfacet
  facet normal 0.0290541 -0.997016 0.0715221
    outer loop
      vertex 1.91638 -1.48502 15.2133
      vertex 4.19587 -0.673965 25.5934
      vertex 1.86035 -1.48534 15.2316
    endloop
  endfacet
  facet normal 0.0297842 -0.997006 0.0713609
    outer loop
      vertex 4.19587 -0.673965 25.5934
      vertex 1.91638 -1.48502 15.2133
      vertex 1.92577 -1.48499 15.2098
    endloop
  endfacet
  facet normal 0.0289926 -0.997017 0.0715358
    outer loop
      vertex 1.1482 -1.75119 11.8149
      vertex -0.0669346 -2.19692 6.0951
      vertex 1.18315 -1.75031 11.813
    endloop
  endfacet
  facet normal 0.0295736 -0.997008 0.0714117
    outer loop
      vertex 1.14102 -1.75136 11.8155
      vertex -0.0669346 -2.19692 6.0951
      vertex 1.1482 -1.75119 11.8149
    endloop
  endfacet
  facet normal 0.02964 -0.997007 0.0713976
    outer loop
      vertex -0.0669346 -2.19692 6.0951
      vertex 1.14102 -1.75136 11.8155
      vertex 1.13977 -1.75139 11.8156
    endloop
  endfacet
  facet normal 0.204767 0.038061 0.978071
    outer loop
      vertex 4.19587 -0.673965 25.5934
      vertex 3.76862 -0.634183 25.6813
      vertex 4.05247 -0.675972 25.6235
    endloop
  endfacet
  facet normal -0.969637 -0.0124077 0.244232
    outer loop
      vertex -2.15235 0.0849438 6.44741
      vertex -0.410571 0.170977 13.3669
      vertex -0.391985 0.28142 13.4463
    endloop
  endfacet
  facet normal -0.969653 -0.0113555 0.244223
    outer loop
      vertex -0.410571 0.170977 13.3669
      vertex -2.15235 0.0849438 6.44741
      vertex -0.413279 0.154884 13.3554
    endloop
  endfacet
  facet normal -0.969632 -0.012803 0.244232
    outer loop
      vertex -2.15235 0.0849438 6.44741
      vertex -0.415706 0.1403 13.345
      vertex -0.413279 0.154884 13.3554
    endloop
  endfacet
  facet normal -0.969635 -0.012627 0.244232
    outer loop
      vertex -2.15235 0.0849438 6.44741
      vertex -0.417458 0.129772 13.3375
      vertex -0.415706 0.1403 13.345
    endloop
  endfacet
  facet normal -0.96964 -0.0122348 0.24423
    outer loop
      vertex -0.417458 0.129772 13.3375
      vertex -2.15235 0.0849438 6.44741
      vertex -2.14756 -0.145162 6.4549
    endloop
  endfacet
  facet normal -0.969641 -0.0121876 0.244228
    outer loop
      vertex 0.49076 0.350614 16.9544
      vertex 2.72843 0.629694 25.8524
      vertex 0.495045 0.380423 16.9729
    endloop
  endfacet
  facet normal -0.969641 -0.0121988 0.244228
    outer loop
      vertex 2.72843 0.629694 25.8524
      vertex 0.49076 0.350614 16.9544
      vertex 0.479504 0.272311 16.9058
    endloop
  endfacet
  facet normal -0.204503 -0.0360977 -0.9782
    outer loop
      vertex -2.14756 -0.145162 6.4549
      vertex -2.15235 0.0849438 6.44741
      vertex -2.11923 -0.373677 6.45741
    endloop
  endfacet
  facet normal -0.966454 0.0922418 0.239704
    outer loop
      vertex 0.526692 0.543544 17.0724
      vertex 2.72538 0.776125 25.8477
      vertex 2.73734 0.921964 25.8398
    endloop
  endfacet
  facet normal -0.966467 0.0920875 0.239712
    outer loop
      vertex 2.72538 0.776125 25.8477
      vertex 0.526692 0.543544 17.0724
      vertex 0.506719 0.461737 17.0233
    endloop
  endfacet
  facet normal -0.966481 0.0919016 0.239725
    outer loop
      vertex -0.368135 0.390367 13.5236
      vertex -2.15235 0.0849438 6.44741
      vertex -0.382759 0.335697 13.4856
    endloop
  endfacet
  facet normal -0.969639 -0.0123575 0.24423
    outer loop
      vertex 0.506719 0.461737 17.0233
      vertex 2.72843 0.629694 25.8524
      vertex 2.72538 0.776125 25.8477
    endloop
  endfacet
  facet normal -0.969682 -0.00944436 0.244186
    outer loop
      vertex 0.505753 0.454913 17.0192
      vertex 2.72843 0.629694 25.8524
      vertex 0.506719 0.461737 17.0233
    endloop
  endfacet
  facet normal -0.969637 -0.0124194 0.244233
    outer loop
      vertex 2.72843 0.629694 25.8524
      vertex 0.505753 0.454913 17.0192
      vertex 0.495045 0.380423 16.9729
    endloop
  endfacet
  facet normal -0.969652 -0.0116148 0.244213
    outer loop
      vertex -0.390927 0.287711 13.4508
      vertex -2.15235 0.0849438 6.44741
      vertex -0.391985 0.28142 13.4463
    endloop
  endfacet
  facet normal -0.969644 -0.0120652 0.244224
    outer loop
      vertex -2.15235 0.0849438 6.44741
      vertex -0.390927 0.287711 13.4508
      vertex -0.382759 0.335697 13.4856
    endloop
  endfacet
  facet normal 0.0653131 0.336578 -0.939388
    outer loop
      vertex 2.35758 -2.13778 11.6388
      vertex 2.25588 -1.83141 11.7415
      vertex 2.79379 -1.40327 11.9323
    endloop
  endfacet
  facet normal 0.210922 -0.835753 0.50698
    outer loop
      vertex -1.81022 -5.25117 12.4431
      vertex -2.05558 -5.4972 12.1396
      vertex -1.31919 -5.16789 12.3761
    endloop
  endfacet
  facet normal 0.453111 -0.212552 0.865743
    outer loop
      vertex 7.35694 6.04203 18.2721
      vertex 6.84863 5.92131 18.5085
      vertex 7.19449 5.75845 18.2875
    endloop
  endfacet
  facet normal 0.471634 -0.671547 0.571477
    outer loop
      vertex 5.52697 0.299109 15.135
      vertex 5.51987 -0.0988626 14.6732
      vertex 5.87984 0.413073 14.9777
    endloop
  endfacet
  facet normal 0.00356271 0.975313 -0.2208
    outer loop
      vertex 6.4208 6.78264 18.0966
      vertex 6.08271 6.86413 18.4511
      vertex 6.56534 6.82619 18.2913
    endloop
  endfacet
  facet normal -0.423917 0.677267 -0.601335
    outer loop
      vertex -1.83849 1.22721 14.9557
      vertex -2.19945 1.16669 15.142
      vertex -1.51306 1.64151 15.1929
    endloop
  endfacet
  facet normal 0.824917 -0.559802 0.0783193
    outer loop
      vertex 7.17132 1.4956 14.7566
      vertex 6.78089 0.865887 14.3679
      vertex 6.86619 0.972123 14.2288
    endloop
  endfacet
  facet normal 0.224084 -0.105199 0.968875
    outer loop
      vertex 6.10989 6.351 18.8506
      vertex 5.48504 6.0285 18.9601
      vertex 5.9892 6.05708 18.8466
    endloop
  endfacet
  facet normal -0.00580739 -0.583769 0.811899
    outer loop
      vertex -2.41539 -2.16577 15.4791
      vertex -2.95104 -2.34486 15.3465
      vertex -2.4979 -2.51515 15.2273
    endloop
  endfacet
  facet normal 0.247072 -0.802835 0.542597
    outer loop
      vertex -0.588236 -4.73525 12.6834
      vertex -1.31919 -5.16789 12.3761
      vertex -0.795415 -5.02792 12.3447
    endloop
  endfacet
  facet normal 0.191328 -0.40878 0.892352
    outer loop
      vertex 4.9203 4.80239 18.6787
      vertex 4.2399 4.22263 18.559
      vertex 4.65391 4.29285 18.5024
    endloop
  endfacet
  facet normal -0.168739 0.495489 -0.852067
    outer loop
      vertex -0.00405025 -1.88342 11.9019
      vertex 0.135025 -1.37846 12.168
      vertex 0.158224 -1.39773 12.1522
    endloop
  endfacet
  facet normal -0.168393 0.495444 -0.852161
    outer loop
      vertex 0.135025 -1.37846 12.168
      vertex -0.00405025 -1.88342 11.9019
      vertex -0.361732 -2.01015 11.8989
    endloop
  endfacet
  facet normal -0.794931 0.5513 0.253283
    outer loop
      vertex -2.89797 1.32873 16.5305
      vertex -2.91375 1.24207 16.6696
      vertex -2.34918 1.89189 17.0271
    endloop
  endfacet
  facet normal -0.708569 0.422779 -0.564967
    outer loop
      vertex -5.12684 -3.76383 12.9378
      vertex -5.14339 -3.31076 13.2976
      vertex -4.93861 -3.52306 12.8819
    endloop
  endfacet
  facet normal -0.400065 0.709793 -0.579777
    outer loop
      vertex -0.370506 2.83778 15.8232
      vertex -0.77503 2.45123 15.6291
      vertex -0.550016 2.97634 16.1167
    endloop
  endfacet
  facet normal -0.290873 0.550977 -0.782187
    outer loop
      vertex -2.18412 -1.86689 12.5024
      vertex -2.3127 -1.70195 12.6664
      vertex -1.63067 -1.29916 12.6965
    endloop
  endfacet
  facet normal -0.253829 -0.208608 0.944486
    outer loop
      vertex -0.664598 2.40243 17.9601
      vertex -1.40464 2.02612 17.6781
      vertex -1.23733 1.85514 17.6853
    endloop
  endfacet
  facet normal 0.152974 0.81842 -0.553884
    outer loop
      vertex 7.25613 6.18345 17.2075
      vertex 6.97144 6.40748 17.4599
      vertex 7.19585 6.51077 17.6745
    endloop
  endfacet
  facet normal -0.116926 0.673505 -0.729876
    outer loop
      vertex 5.2135 4.81615 15.8697
      vertex 4.66212 4.38578 15.5609
      vertex 5.02159 4.96717 16.0398
    endloop
  endfacet
  facet normal -0.333759 0.942476 -0.0185333
    outer loop
      vertex 4.25838 6.53304 18.4837
      vertex 3.62402 6.30829 18.4784
      vertex 3.70555 6.34116 18.6817
    endloop
  endfacet
  facet normal 0.244691 -0.466693 0.849896
    outer loop
      vertex 5.03577 4.3145 18.4165
      vertex 5.00033 3.73684 18.1095
      vertex 5.3813 4.28733 18.3021
    endloop
  endfacet
  facet normal 0.367439 -0.450025 0.81392
    outer loop
      vertex 6.94063 4.82095 17.9837
      vertex 6.34331 4.57759 18.1188
      vertex 6.5803 4.3911 17.9087
    endloop
  endfacet
  facet normal 0.221682 -0.555728 0.801263
    outer loop
      vertex 3.45861 1.78299 17.3094
      vertex 3.64609 1.89858 17.3377
      vertex 3.47097 1.91235 17.3957
    endloop
  endfacet
  facet normal 0.221435 -0.555401 0.801559
    outer loop
      vertex 3.64609 1.89858 17.3377
      vertex 3.45861 1.78299 17.3094
      vertex 3.51335 1.72717 17.2556
    endloop
  endfacet
  facet normal 0.222533 -0.555676 0.801064
    outer loop
      vertex 3.45861 1.78299 17.3094
      vertex 3.47097 1.91235 17.3957
      vertex 3.42159 1.81271 17.3403
    endloop
  endfacet
  facet normal 0.805313 -0.591347 0.0421818
    outer loop
      vertex 6.86619 0.972123 14.2288
      vertex 6.33348 0.229594 13.9895
      vertex 6.4087 0.321495 13.8418
    endloop
  endfacet
  facet normal 0.586748 -0.656414 0.474181
    outer loop
      vertex 6.52372 1.07474 15.158
      vertex 6.18472 0.527987 14.8206
      vertex 6.43828 0.642595 14.6655
    endloop
  endfacet
  facet normal 0.364821 -0.586157 0.723412
    outer loop
      vertex 5.46147 2.02141 16.7597
      vertex 5.43026 1.74096 16.5482
      vertex 5.98161 2.10769 16.5673
    endloop
  endfacet
  facet normal -0.0562094 0.528864 -0.846843
    outer loop
      vertex 3.28389 1.0131 13.1944
      vertex 3.45662 1.2899 13.3558
      vertex 3.91895 1.23912 13.2934
    endloop
  endfacet
  facet normal -0.0566628 0.529058 -0.846691
    outer loop
      vertex 3.27703 1.03253 13.207
      vertex 3.45662 1.2899 13.3558
      vertex 3.28389 1.0131 13.1944
    endloop
  endfacet
  facet normal -0.0545559 0.528037 -0.847467
    outer loop
      vertex 3.45662 1.2899 13.3558
      vertex 3.27703 1.03253 13.207
      vertex 3.27003 1.05235 13.2198
    endloop
  endfacet
  facet normal -0.272412 0.335709 -0.901716
    outer loop
      vertex -2.81932 -4.70228 11.1996
      vertex -3.01194 -4.25826 11.4231
      vertex -2.60212 -4.29047 11.2873
    endloop
  endfacet
  facet normal -0.314941 0.505286 -0.803429
    outer loop
      vertex -2.50529 -2.55971 12.1655
      vertex -3.1643 -2.91863 12.1981
      vertex -2.6972 -2.4087 12.3357
    endloop
  endfacet
  facet normal -0.142236 -0.430213 0.891452
    outer loop
      vertex -2.45726 0.0381012 16.7657
      vertex -2.84573 -0.514362 16.4371
      vertex -2.48814 -0.552811 16.4756
    endloop
  endfacet
  facet normal -0.906112 0.404315 0.12446
    outer loop
      vertex -4.26542 -0.616026 15.3739
      vertex -4.60201 -1.24615 14.9704
      vertex -4.29635 -0.724222 15.5002
    endloop
  endfacet
  facet normal -0.486744 0.783599 -0.386074
    outer loop
      vertex 0.303424 4.12416 17.1035
      vertex -0.34917 3.74658 17.1599
      vertex 0.267541 4.23746 17.3787
    endloop
  endfacet
  facet normal -0.343175 0.799752 -0.492573
    outer loop
      vertex 2.54805 5.32447 17.2748
      vertex 2.08642 5.28615 17.5342
      vertex 2.67288 5.58461 17.6102
    endloop
  endfacet
  facet normal -0.328169 0.685182 -0.650254
    outer loop
      vertex 0.3525 2.75158 15.3388
      vertex -0.170502 2.67362 15.5206
      vertex 0.195032 2.99266 15.6723
    endloop
  endfacet
  facet normal -0.176792 0.790342 -0.586604
    outer loop
      vertex 5.26313 6.27685 17.455
      vertex 4.5286 5.94213 17.2254
      vertex 4.81022 6.25117 17.5569
    endloop
  endfacet
  facet normal -0.294399 -0.0552987 0.954081
    outer loop
      vertex 0.468215 3.66078 18.4553
      vertex -0.270943 3.33953 18.2086
      vertex -0.177962 3.14645 18.2261
    endloop
  endfacet
  facet normal -0.472564 0.832409 -0.289446
    outer loop
      vertex 1.52994 5.1049 17.7187
      vertex 0.896207 4.69189 17.5656
      vertex 0.903866 4.78595 17.8236
    endloop
  endfacet
  facet normal 0.110409 0.988985 0.0985778
    outer loop
      vertex 6.56534 6.82619 18.2913
      vertex 6.16641 6.8388 18.6116
      vertex 6.65439 6.80044 18.4499
    endloop
  endfacet
  facet normal 0.285575 -0.256957 0.923266
    outer loop
      vertex 5.9892 6.05708 18.8466
      vertex 5.81932 5.70228 18.8004
      vertex 6.25472 5.66805 18.6562
    endloop
  endfacet
  facet normal -0.515898 0.844631 -0.142993
    outer loop
      vertex 1.56788 5.2187 17.9841
      vertex 0.903866 4.78595 17.8236
      vertex 1.60508 5.2808 18.2167
    endloop
  endfacet
  facet normal -0.122071 0.427632 -0.895673
    outer loop
      vertex 0.148149 -2.73085 11.4526
      vertex -0.333913 -2.94009 11.4184
      vertex 0.250856 -2.24158 11.6722
    endloop
  endfacet
  facet normal 0.837845 -0.320387 0.442005
    outer loop
      vertex 8.24246 4.95789 16.9837
      vertex 8.12684 4.76383 17.0622
      vertex 8.25939 4.49461 16.6158
    endloop
  endfacet
  facet normal -0.135243 0.684748 -0.716122
    outer loop
      vertex 5.02159 4.96717 16.0398
      vertex 4.49603 4.51647 15.7081
      vertex 4.78845 5.07695 16.1888
    endloop
  endfacet
  facet normal 0.0878283 -0.270498 0.958706
    outer loop
      vertex 4.26002 5.43781 19.0133
      vertex 3.58362 4.8464 18.9084
      vertex 4.13441 5.04154 18.913
    endloop
  endfacet
  facet normal 0.188651 -0.73302 0.653524
    outer loop
      vertex -1.2091 -4.16847 13.5833
      vertex -1.21379 -4.57346 13.1304
      vertex -0.869252 -4.14921 13.5068
    endloop
  endfacet
  facet normal 0.177866 -0.471458 0.863765
    outer loop
      vertex 3.9845 3.67926 18.3381
      vertex 3.59147 3.57422 18.3617
      vertex 3.70188 3.10105 18.0807
    endloop
  endfacet
  facet normal 0.302658 -0.72085 0.623517
    outer loop
      vertex 1.65634 -2.82295 13.9861
      vertex 1.17463 -3.42508 13.5238
      vertex 1.62092 -3.16582 13.6069
    endloop
  endfacet
  facet normal 0.268699 -0.586237 0.764282
    outer loop
      vertex 4.18653 1.4733 16.8585
      vertex 3.84475 1.19462 16.7649
      vertex 3.86107 1.14226 16.719
    endloop
  endfacet
  facet normal 0.733406 0.199976 0.649711
    outer loop
      vertex 7.79279 6.18494 17.8644
      vertex 7.48826 6.42458 18.1344
      vertex 7.75642 6.02787 17.9538
    endloop
  endfacet
  facet normal 0.227153 -0.697527 0.679601
    outer loop
      vertex 0.442978 -3.03224 14.251
      vertex 0.159447 -3.10801 14.268
      vertex 0.160269 -3.52903 13.8356
    endloop
  endfacet
  facet normal 0.212454 0.47379 -0.854627
    outer loop
      vertex 6.8195 2.61412 14.3396
      vertex 6.47054 2.59617 14.2429
      vertex 7.06332 3.1639 14.705
    endloop
  endfacet
  facet normal -0.400413 0.316115 -0.860082
    outer loop
      vertex -3.84863 -4.92131 11.4915
      vertex -3.96965 -4.41726 11.7331
      vertex -3.63957 -4.5727 11.5223
    endloop
  endfacet
  facet normal 0.00242146 0.446223 -0.894918
    outer loop
      vertex 3.56443 -0.261392 12.4685
      vertex 3.30139 -0.0684356 12.564
      vertex 3.30518 -0.0548185 12.5708
    endloop
  endfacet
  facet normal 0.00264158 0.446464 -0.894798
    outer loop
      vertex 3.56443 -0.261392 12.4685
      vertex 3.25965 -0.218102 12.4892
      vertex 3.30139 -0.0684356 12.564
    endloop
  endfacet
  facet normal 0.00268905 0.446733 -0.894663
    outer loop
      vertex 3.25965 -0.218102 12.4892
      vertex 3.56443 -0.261392 12.4685
      vertex 3.20832 -0.35017 12.4231
    endloop
  endfacet
  facet normal -0.118145 -0.372182 0.92061
    outer loop
      vertex -1.04004 1.66931 17.663
      vertex -1.54945 1.13595 17.382
      vertex -1.28695 0.976437 17.3512
    endloop
  endfacet
  facet normal 0.0558124 -0.559263 0.827109
    outer loop
      vertex -0.850406 -0.884927 16.2836
      vertex -1.39137 -0.952963 16.2741
      vertex -1.00512 -1.17456 16.0982
    endloop
  endfacet
  facet normal 0.445595 -0.0869346 -0.891004
    outer loop
      vertex 3.34452 -2.50149 11.844
      vertex 3.27094 -2.33953 11.7914
      vertex 3.91922 -1.7737 12.0604
    endloop
  endfacet
  facet normal 0.180029 -0.978202 0.103489
    outer loop
      vertex -1.86163 -5.69425 11.5525
      vertex -2.54932 -5.8339 11.4288
      vertex -1.97104 -5.73582 11.3499
    endloop
  endfacet
  facet normal -0.187553 0.609503 -0.770279
    outer loop
      vertex 2.21373 2.09531 14.1329
      vertex 2.21235 2.09577 14.1336
      vertex 2.25281 2.12288 14.1452
    endloop
  endfacet
  facet normal -0.728558 0.646661 -0.225906
    outer loop
      vertex -3.2053 0.859343 15.8517
      vertex -3.63773 0.244358 15.4859
      vertex -3.33348 0.770405 16.0105
    endloop
  endfacet
  facet normal -0.154271 0.749664 -0.643588
    outer loop
      vertex 5.32804 5.93607 17.0052
      vertex 4.59565 5.59511 16.7836
      vertex 4.94828 5.96592 17.131
    endloop
  endfacet
  facet normal -0.265707 0.152555 0.951907
    outer loop
      vertex 2.43891 5.41409 18.9057
      vertex 1.73849 5.0072 18.7754
      vertex 1.76617 4.81206 18.8144
    endloop
  endfacet
  facet normal -0.555217 0.829498 0.0605656
    outer loop
      vertex 1.64112 5.29051 18.4141
      vertex 0.918056 4.83306 18.0508
      vertex 0.938622 4.83269 18.2444
    endloop
  endfacet
  facet normal -0.345331 0.708253 -0.615731
    outer loop
      vertex 0.195032 2.99266 15.6723
      vertex 0.0518618 3.20644 15.9985
      vertex 0.487447 3.55314 16.153
    endloop
  endfacet
  facet normal -0.964525 0.260146 -0.0448872
    outer loop
      vertex -5.07328 -2.43767 14.163
      vertex -5.2441 -3.12046 13.8764
      vertex -5.11316 -2.56605 14.2759
    endloop
  endfacet
  facet normal -0.261696 0.723791 0.638468
    outer loop
      vertex 4.41875 6.54239 18.8501
      vertex 3.76292 6.31003 18.8447
      vertex 3.7955 6.21525 18.9655
    endloop
  endfacet
  facet normal 0.285601 -0.256938 0.923263
    outer loop
      vertex 6.4454 6.02122 18.6955
      vertex 5.9892 6.05708 18.8466
      vertex 6.25472 5.66805 18.6562
    endloop
  endfacet
  facet normal -0.280696 0.804448 -0.523519
    outer loop
      vertex 3.58824 5.73525 17.3166
      vertex 3.07786 5.55443 17.3124
      vertex 3.24463 5.83278 17.6507
    endloop
  endfacet
  facet normal -0.212173 0.715515 -0.665598
    outer loop
      vertex 3.49875 4.67402 16.1005
      vertex 3.17988 4.61993 16.144
      vertex 3.50079 5.08672 16.5435
    endloop
  endfacet
  facet normal -0.0545014 0.657003 -0.751915
    outer loop
      vertex 5.46568 4.39748 15.4734
      vertex 5.36207 4.62556 15.6802
      vertex 5.89112 4.98509 15.956
    endloop
  endfacet
  facet normal -0.24229 0.69979 -0.672005
    outer loop
      vertex 2.55702 4.03224 15.749
      vertex 2.25887 3.92661 15.7465
      vertex 2.83973 4.52903 16.1644
    endloop
  endfacet
  facet normal 0.948057 -0.0566493 0.313016
    outer loop
      vertex 8.28422 5.10311 16.8835
      vertex 8.1522 5.37077 17.3318
      vertex 8.24246 4.95789 16.9837
    endloop
  endfacet
  facet normal 0.402435 0.147303 -0.90352
    outer loop
      vertex 5.12682 -0.5661 12.682
      vertex 4.97169 -0.432407 12.6347
      vertex 5.6729 0.0624342 13.0277
    endloop
  endfacet
  facet normal -0.445723 0.0870614 0.890927
    outer loop
      vertex -0.344521 3.50149 18.156
      vertex -1.00741 2.92292 17.8809
      vertex -0.919225 2.7737 17.9396
    endloop
  endfacet
  facet normal -0.693354 0.698914 -0.175437
    outer loop
      vertex -2.72254 1.47395 16.2036
      vertex -2.834 1.4063 16.3746
      vertex -2.19475 2.08143 16.5378
    endloop
  endfacet
  facet normal -0.861678 0.454092 -0.22652
    outer loop
      vertex -4.96138 -2.27711 14.0592
      vertex -5.07328 -2.43767 14.163
      vertex -4.87229 -1.85559 14.5653
    endloop
  endfacet
  facet normal 0.618487 -0.773763 0.136985
    outer loop
      vertex 4.02759 -2.24859 12.8615
      vertex 3.40102 -2.79547 12.6014
      vertex 3.43204 -2.80826 12.3891
    endloop
  endfacet
  facet normal 0.676382 -0.382676 0.629338
    outer loop
      vertex 8.03857 5.16762 17.4026
      vertex 7.85329 4.91332 17.4471
      vertex 7.93861 4.52306 17.1181
    endloop
  endfacet
  facet normal 0.248002 -0.524727 0.814344
    outer loop
      vertex 4.58102 3.15089 17.8829
      vertex 4.12795 2.53589 17.6246
      vertex 4.81626 3.0926 17.7737
    endloop
  endfacet
  facet normal 0.214564 -0.532078 0.819057
    outer loop
      vertex 3.66094 2.53943 17.7533
      vertex 3.47097 1.91235 17.3957
      vertex 3.9061 2.55332 17.6981
    endloop
  endfacet
  facet normal -0.806775 0.267686 -0.526743
    outer loop
      vertex -5.03857 -4.16762 12.5974
      vertex -5.1522 -4.37077 12.6682
      vertex -5.12684 -3.76383 12.9378
    endloop
  endfacet
  facet normal 0.0995186 -0.424759 0.89982
    outer loop
      vertex 2.85185 3.73085 18.5474
      vertex 2.35739 3.47921 18.4833
      vertex 2.74914 3.24158 18.3278
    endloop
  endfacet
  facet normal 0.132335 -0.282432 0.950116
    outer loop
      vertex 4.26002 5.43781 19.0133
      vertex 4.13441 5.04154 18.913
      vertex 4.81648 5.58652 18.98
    endloop
  endfacet
  facet normal -0.0653138 -0.336578 0.939388
    outer loop
      vertex 0.642416 3.13778 18.3612
      vertex 0.206213 2.40327 18.0677
      vertex 0.744116 2.83141 18.2585
    endloop
  endfacet
  facet normal -0.0186549 0.986059 0.165348
    outer loop
      vertex 6.08271 6.86413 18.4511
      vertex 5.54932 6.8339 18.5712
      vertex 6.16641 6.8388 18.6116
    endloop
  endfacet
  facet normal 0.317128 0.387245 0.86572
    outer loop
      vertex 6.68697 6.70566 18.5708
      vertex 6.19898 6.74402 18.7324
      vertex 6.66271 6.54288 18.6525
    endloop
  endfacet
  facet normal 0.419261 0.18016 -0.889811
    outer loop
      vertex 5.6729 0.0624342 13.0277
      vertex 5.49949 0.175079 12.9688
      vertex 6.17239 0.698332 13.3918
    endloop
  endfacet
  facet normal 0.296068 -0.7737 0.560117
    outer loop
      vertex 0.588264 -4.01147 13.0855
      vertex -0.0778589 -4.55443 12.6876
      vertex 0.451951 -4.32447 12.7252
    endloop
  endfacet
  facet normal 0.243656 -0.418573 -0.874888
    outer loop
      vertex -0.114691 -4.91975 11.0827
      vertex -0.80292 -5.05785 10.9571
      vertex -0.129575 -4.76559 11.0048
    endloop
  endfacet
  facet normal 0.529863 -0.751698 0.392677
    outer loop
      vertex 4.37903 -1.65569 13.5947
      vertex 3.83994 -2.17083 13.336
      vertex 3.94717 -2.22464 13.0883
    endloop
  endfacet
  facet normal 0.795835 0.133413 -0.590634
    outer loop
      vertex 7.87737 3.0723 15.1965
      vertex 7.77492 3.1389 15.0735
      vertex 7.97591 3.72098 15.4758
    endloop
  endfacet
  facet normal 0.657454 -0.568718 0.494281
    outer loop
      vertex 7.52721 2.8668 16.1164
      vertex 7.34589 2.3417 15.7534
      vertex 7.58871 2.53593 15.6539
    endloop
  endfacet
  facet normal -0.00925483 0.438607 -0.898631
    outer loop
      vertex 3.1099 -0.695724 12.2504
      vertex 3.02137 -0.709885 12.2444
      vertex 3.06438 -0.641571 12.2773
    endloop
  endfacet
  facet normal -0.0616794 0.521719 -0.850885
    outer loop
      vertex 3.36431 0.593218 12.9317
      vertex 3.63731 0.88057 13.0881
      vertex 3.36475 0.566849 12.9155
    endloop
  endfacet
  facet normal -0.0594913 0.520223 -0.851956
    outer loop
      vertex 3.34685 0.735173 13.0196
      vertex 3.63731 0.88057 13.0881
      vertex 3.36431 0.593218 12.9317
    endloop
  endfacet
  facet normal -0.0599283 0.520889 -0.851518
    outer loop
      vertex 3.3401 0.790141 13.0537
      vertex 3.63731 0.88057 13.0881
      vertex 3.34685 0.735173 13.0196
    endloop
  endfacet
  facet normal -0.0595039 0.519767 -0.852233
    outer loop
      vertex 3.32746 0.84395 13.0874
      vertex 3.63731 0.88057 13.0881
      vertex 3.3401 0.790141 13.0537
    endloop
  endfacet
  facet normal -0.059625 0.520779 -0.851607
    outer loop
      vertex 3.63731 0.88057 13.0881
      vertex 3.32746 0.84395 13.0874
      vertex 3.29766 0.970868 13.1671
    endloop
  endfacet
  facet normal 0.114303 0.0282672 -0.993044
    outer loop
      vertex 0.547015 -3.95427 11.0652
      vertex -0.126605 -4.55374 10.9706
      vertex -0.105813 -4.28651 10.9806
    endloop
  endfacet
  facet normal -0.543348 0.414918 -0.729805
    outer loop
      vertex -4.69959 -4.25168 12.2461
      vertex -4.85329 -3.91332 12.5529
      vertex -4.59841 -3.61068 12.5352
    endloop
  endfacet
  facet normal -0.272246 0.335791 -0.901735
    outer loop
      vertex -2.81932 -4.70228 11.1996
      vertex -3.25472 -4.66805 11.3438
      vertex -3.01194 -4.25826 11.4231
    endloop
  endfacet
  facet normal 0.0419402 0.33001 -0.943045
    outer loop
      vertex 1.76584 -2.56552 11.4628
      vertex 1.70755 -2.22777 11.5784
      vertex 2.35758 -2.13778 11.6388
    endloop
  endfacet
  facet normal -0.731445 0.460667 -0.502767
    outer loop
      vertex -4.9011 -2.60442 13.5923
      vertex -5.14339 -3.31076 13.2976
      vertex -5.08803 -2.81337 13.6728
    endloop
  endfacet
  facet normal -0.712508 0.673107 -0.198139
    outer loop
      vertex -3.2053 0.859343 15.8517
      vertex -3.33348 0.770405 16.0105
      vertex -2.834 1.4063 16.3746
    endloop
  endfacet
  facet normal -0.561795 0.716058 -0.414304
    outer loop
      vertex -2.36258 1.5766 15.8241
      vertex -2.56483 1.53092 16.0194
      vertex -2.0611 2.1107 16.3384
    endloop
  endfacet
  facet normal 0.14156 -0.64023 0.755027
    outer loop
      vertex -0.54645 -2.29395 15.1796
      vertex -1.18327 -2.77534 14.8908
      vertex -0.461844 -2.40249 15.0717
    endloop
  endfacet
  facet normal -0.824867 0.517091 0.228496
    outer loop
      vertex -3.4087 0.678504 16.1582
      vertex -3.43014 0.584648 16.2932
      vertex -2.91375 1.24207 16.6696
    endloop
  endfacet
  facet normal 0.0469184 -0.779694 -0.6244
    outer loop
      vertex -2.04243 -5.70906 11.1872
      vertex -2.62712 -5.80823 11.2671
      vertex -2.075 -5.61428 11.0664
    endloop
  endfacet
  facet normal -0.47321 0.640261 -0.605093
    outer loop
      vertex -2.81279 0.239905 14.5805
      vertex -3.45881 -0.415519 14.3922
      vertex -3.19397 0.0802822 14.7097
    endloop
  endfacet
  facet normal -0.428938 0.651885 -0.625346
    outer loop
      vertex -2.38436 0.402378 14.456
      vertex -2.52697 0.70089 14.865
      vertex -2.12998 0.812651 14.7092
    endloop
  endfacet
  facet normal -0.374338 0.72687 -0.575787
    outer loop
      vertex 0.487447 3.55314 16.153
      vertex -0.0754414 3.39055 16.3137
      vertex 0.413982 3.78012 16.4873
    endloop
  endfacet
  facet normal -0.20044 0.617602 -0.760521
    outer loop
      vertex 1.87555 2.1577 14.2674
      vertex 2.00261 2.37392 14.4095
      vertex 2.07017 2.35718 14.3781
    endloop
  endfacet
  facet normal -0.199725 0.617409 -0.760866
    outer loop
      vertex 1.86819 2.1584 14.2699
      vertex 2.00261 2.37392 14.4095
      vertex 1.87555 2.1577 14.2674
    endloop
  endfacet
  facet normal -0.199801 0.617431 -0.760828
    outer loop
      vertex 2.00261 2.37392 14.4095
      vertex 1.86819 2.1584 14.2699
      vertex 1.82405 2.1626 14.2849
    endloop
  endfacet
  facet normal 0.152849 0.818428 -0.553906
    outer loop
      vertex 7.25613 6.18345 17.2075
      vertex 7.19585 6.51077 17.6745
      vertex 7.49041 6.27898 17.4133
    endloop
  endfacet
  facet normal 0.049896 0.430897 0.901021
    outer loop
      vertex 5.65969 6.71344 18.8538
      vertex 5.075 6.61428 18.9336
      vertex 5.64669 6.55059 18.9324
    endloop
  endfacet
  facet normal -0.322123 0.902544 0.285745
    outer loop
      vertex 4.41875 6.54239 18.8501
      vertex 3.70555 6.34116 18.6817
      vertex 3.76292 6.31003 18.8447
    endloop
  endfacet
  facet normal -0.235046 0.937277 0.257421
    outer loop
      vertex 4.97104 6.73582 18.6501
      vertex 4.3542 6.57097 18.6871
      vertex 4.41875 6.54239 18.8501
    endloop
  endfacet
  facet normal -0.205949 0.15889 0.965577
    outer loop
      vertex 3.12661 5.55374 19.0294
      vertex 2.43891 5.41409 18.9057
      vertex 2.45116 5.20998 18.9419
    endloop
  endfacet
  facet normal -0.573352 0.696942 -0.430743
    outer loop
      vertex -2.36258 1.5766 15.8241
      vertex -3.02557 0.944344 15.6836
      vertex -2.56483 1.53092 16.0194
    endloop
  endfacet
  facet normal -0.638673 0.221839 0.736807
    outer loop
      vertex -1.64229 2.31624 17.5762
      vertex -2.3166 1.79711 17.148
      vertex -2.24221 1.68811 17.2453
    endloop
  endfacet
  facet normal -0.401773 0.821347 -0.404929
    outer loop
      vertex 2.08642 5.28615 17.5342
      vertex 1.52994 5.1049 17.7187
      vertex 2.1618 5.47196 17.8363
    endloop
  endfacet
  facet normal -0.0624089 0.434631 0.898444
    outer loop
      vertex 5.075 6.61428 18.9336
      vertex 4.45157 6.28766 19.0483
      vertex 5.06841 6.45251 19.0114
    endloop
  endfacet
  facet normal 0.0126192 0.893015 -0.449851
    outer loop
      vertex 6.62558 6.57034 17.6809
      vertex 6.4208 6.78264 18.0966
      vertex 6.83801 6.67927 17.9031
    endloop
  endfacet
  facet normal -0.368187 0.830105 -0.418765
    outer loop
      vertex 2.67288 5.58461 17.6102
      vertex 2.08642 5.28615 17.5342
      vertex 2.78486 5.78905 17.917
    endloop
  endfacet
  facet normal -0.154199 0.749583 -0.643699
    outer loop
      vertex 4.94118 5.56795 16.6692
      vertex 4.59565 5.59511 16.7836
      vertex 5.32804 5.93607 17.0052
    endloop
  endfacet
  facet normal -0.20751 0.88053 -0.426152
    outer loop
      vertex 5.05558 6.4972 17.8604
      vertex 4.71538 6.58482 18.2071
      vertex 5.26198 6.67753 18.1325
    endloop
  endfacet
  facet normal -0.192703 0.709995 -0.677327
    outer loop
      vertex 4.2091 5.16847 16.4167
      vertex 3.49875 4.67402 16.1005
      vertex 3.86925 5.14921 16.4932
    endloop
  endfacet
  facet normal -0.186766 0.666146 -0.722058
    outer loop
      vertex 3.06501 3.58935 15.1818
      vertex 2.88989 3.60312 15.2398
      vertex 3.35153 4.16699 15.6406
    endloop
  endfacet
  facet normal -0.164602 0.724627 -0.669195
    outer loop
      vertex 4.94118 5.56795 16.6692
      vertex 4.2091 5.16847 16.4167
      vertex 4.59565 5.59511 16.7836
    endloop
  endfacet
  facet normal -0.109198 0.640034 -0.760548
    outer loop
      vertex 4.25802 3.6108 14.96
      vertex 4.18327 3.77534 15.1092
      vertex 4.88036 4.02344 15.2179
    endloop
  endfacet
  facet normal 0.601444 0.303183 -0.739152
    outer loop
      vertex 7.97591 3.72098 15.4758
      vertex 7.77492 3.1389 15.0735
      vertex 7.80029 3.74585 15.3431
    endloop
  endfacet
  facet normal 0.316634 0.385762 -0.866563
    outer loop
      vertex 6.79203 2.0133 14.0621
      vertex 6.51586 2.04567 13.9756
      vertex 6.8195 2.61412 14.3396
    endloop
  endfacet
  facet normal -0.291162 0.621334 -0.72744
    outer loop
      vertex -0.298647 1.04511 14.03
      vertex -0.986897 0.660423 13.9769
      vertex -0.864769 0.889054 14.1233
    endloop
  endfacet
  facet normal -0.00605232 0.602553 -0.798056
    outer loop
      vertex 6.08427 4.10155 15.211
      vertex 5.4979 3.51515 14.7727
      vertex 5.53397 3.83921 15.0171
    endloop
  endfacet
  facet normal 0.290864 -0.550963 0.7822
    outer loop
      vertex 5.3127 2.70195 17.3336
      vertex 4.63067 2.29916 17.3035
      vertex 4.73785 2.16167 17.1668
    endloop
  endfacet
  facet normal 0.948042 -0.0567124 0.31305
    outer loop
      vertex 8.19296 5.52057 17.2355
      vertex 8.1522 5.37077 17.3318
      vertex 8.28422 5.10311 16.8835
    endloop
  endfacet
  facet normal 0.199331 0.656816 -0.727228
    outer loop
      vertex 7.71555 5.17208 16.2905
      vertex 7.39726 5.06041 16.1024
      vertex 7.63024 5.56235 16.6196
    endloop
  endfacet
  facet normal 0.321313 0.650536 -0.688158
    outer loop
      vertex 7.96574 5.23257 16.4645
      vertex 7.63024 5.56235 16.6196
      vertex 7.87747 5.63636 16.805
    endloop
  endfacet
  facet normal -0.366534 0.127818 0.921583
    outer loop
      vertex 1.03599 4.54938 18.6057
      vertex 0.339108 4.04564 18.3984
      vertex 0.397623 3.87168 18.4458
    endloop
  endfacet
  facet normal -0.478963 0.0614214 0.875684
    outer loop
      vertex -1.00741 2.92292 17.8809
      vertex -1.64229 2.31624 17.5762
      vertex -0.919225 2.7737 17.9396
    endloop
  endfacet
  facet normal 0.224021 -0.105069 0.968904
    outer loop
      vertex 5.58826 6.32143 18.968
      vertex 5.48504 6.0285 18.9601
      vertex 6.10989 6.351 18.8506
    endloop
  endfacet
  facet normal 0.00263126 -0.166876 0.985974
    outer loop
      vertex 3.10581 5.28651 19.0194
      vertex 3.06743 4.96685 18.9654
      vertex 3.67486 5.23049 19.0084
    endloop
  endfacet
  facet normal 0.159973 -0.605966 0.779239
    outer loop
      vertex 0.75347 -0.968948 15.9739
      vertex 0.0420961 -1.45856 15.7392
      vertex 0.744506 -1.0495 15.9131
    endloop
  endfacet
  facet normal -0.0607928 -0.419063 0.90592
    outer loop
      vertex -0.814914 1.47067 17.6115
      vertex -1.28695 0.976437 17.3512
      vertex -0.564427 1.26139 17.5315
    endloop
  endfacet
  facet normal 0.183549 -0.645642 0.741253
    outer loop
      vertex 0.348706 -1.96761 15.2573
      vertex -0.0650101 -2.58935 14.8182
      vertex 0.460497 -1.9953 15.2055
    endloop
  endfacet
  facet normal 0.163195 -0.609859 0.775525
    outer loop
      vertex 0.747186 -1.12288 15.8548
      vertex 0.0420961 -1.45856 15.7392
      vertex 0.0465307 -1.57996 15.6428
    endloop
  endfacet
  facet normal 0.238678 -0.54297 0.805119
    outer loop
      vertex 4.12795 2.53589 17.6246
      vertex 3.80087 1.86023 17.2659
      vertex 4.32404 2.4873 17.5337
    endloop
  endfacet
  facet normal 0.410017 -0.699832 0.584912
    outer loop
      vertex 4.15728 -1.05101 14.5818
      vertex 3.77503 -1.45123 14.3709
      vertex 4.00454 -1.54201 14.1014
    endloop
  endfacet
  facet normal 0.247688 -0.524418 0.814639
    outer loop
      vertex 4.81626 3.0926 17.7737
      vertex 4.12795 2.53589 17.6246
      vertex 4.32404 2.4873 17.5337
    endloop
  endfacet
  facet normal 0.364085 -0.498418 0.786779
    outer loop
      vertex 6.5803 4.3911 17.9087
      vertex 6.1643 3.91863 17.8019
      vertex 6.76377 4.15574 17.6747
    endloop
  endfacet
  facet normal 0.753177 -0.529691 0.390066
    outer loop
      vertex 7.77869 3.08612 16.0342
      vertex 7.58871 2.53593 15.6539
      vertex 7.96138 3.27711 15.9408
    endloop
  endfacet
  facet normal 0.211593 -0.551651 0.80679
    outer loop
      vertex 3.47097 1.91235 17.3957
      vertex 3.39828 1.83138 17.3594
      vertex 3.40879 1.82298 17.3509
    endloop
  endfacet
  facet normal -0.0860134 -0.345736 0.934381
    outer loop
      vertex 0.0619287 2.67574 18.1553
      vertex -0.500944 2.18445 17.9217
      vertex -0.315368 1.94802 17.8513
    endloop
  endfacet
  facet normal 0.120548 -0.460537 0.879417
    outer loop
      vertex 2.74914 3.24158 18.3278
      vertex 2.2519 2.52844 18.0225
      vertex 2.63275 2.72227 18.0718
    endloop
  endfacet
  facet normal -0.52943 0.314077 0.788073
    outer loop
      vertex 0.339108 4.04564 18.3984
      vertex -0.397889 3.63058 18.0687
      vertex -0.344521 3.50149 18.156
    endloop
  endfacet
  facet normal -0.166861 -0.0285527 0.985567
    outer loop
      vertex 2.45116 5.20998 18.9419
      vertex 1.76617 4.81206 18.8144
      vertex 2.45298 4.95427 18.9348
    endloop
  endfacet
  facet normal -0.0858038 -0.345837 0.934363
    outer loop
      vertex 0.0619287 2.67574 18.1553
      vertex -0.315368 1.94802 17.8513
      vertex 0.206213 2.40327 18.0677
    endloop
  endfacet
  facet normal -0.0168035 -0.38931 0.920953
    outer loop
      vertex 0.744116 2.83141 18.2585
      vertex 0.206213 2.40327 18.0677
      vertex 0.854097 2.4995 18.1202
    endloop
  endfacet
  facet normal 0.213262 0.0964757 0.97222
    outer loop
      vertex 6.18007 6.58082 18.8124
      vertex 5.64669 6.55059 18.9324
      vertex 6.10989 6.351 18.8506
    endloop
  endfacet
  facet normal 0.226136 -0.231482 0.946192
    outer loop
      vertex 5.9892 6.05708 18.8466
      vertex 5.48504 6.0285 18.9601
      vertex 5.81932 5.70228 18.8004
    endloop
  endfacet
  facet normal 0.009514 -0.438167 0.898843
    outer loop
      vertex 0.364672 2.10994 17.9465
      vertex -0.109901 1.69572 17.7496
      vertex 0.53557 1.79897 17.7931
    endloop
  endfacet
  facet normal 0.799155 0.302714 -0.519341
    outer loop
      vertex 8.21152 4.21525 16.0028
      vertex 8.16202 4.77792 16.2546
      vertex 8.26875 4.72948 16.3906
    endloop
  endfacet
  facet normal 0.735644 0.615006 0.283895
    outer loop
      vertex 7.76021 6.27973 17.7435
      vertex 7.45568 6.51936 18.0135
      vertex 7.48826 6.42458 18.1344
    endloop
  endfacet
  facet normal 0.322926 -0.743458 0.585652
    outer loop
      vertex 1.62092 -3.16582 13.6069
      vertex 1.08273 -3.75982 13.1496
      vertex 1.58417 -3.46852 13.2429
    endloop
  endfacet
  facet normal 0.341577 -0.739267 0.580354
    outer loop
      vertex 2.06852 -2.87411 13.715
      vertex 1.58417 -3.46852 13.2429
      vertex 2.0871 -3.14076 13.3644
    endloop
  endfacet
  facet normal 0.367426 -0.449976 0.813953
    outer loop
      vertex 6.68489 5.0222 18.2104
      vertex 6.34331 4.57759 18.1188
      vertex 6.94063 4.82095 17.9837
    endloop
  endfacet
  facet normal 0.437781 -0.725078 0.53161
    outer loop
      vertex 4.20661 -1.61041 13.8417
      vertex 3.55002 -1.97634 13.8833
      vertex 3.70707 -2.08776 13.602
    endloop
  endfacet
  facet normal 0.318191 -0.71784 0.619242
    outer loop
      vertex 2.04371 -2.5705 14.0797
      vertex 1.65634 -2.82295 13.9861
      vertex 2.06852 -2.87411 13.715
    endloop
  endfacet
  facet normal 0.176792 -0.790342 0.586604
    outer loop
      vertex -1.5286 -4.94213 12.7746
      vertex -2.26313 -5.27685 12.545
      vertex -1.81022 -5.25117 12.4431
    endloop
  endfacet
  facet normal 0.570219 -0.754708 -0.324447
    outer loop
      vertex 1.35888 -4.29051 11.5859
      vertex 1.32438 -4.24775 11.4258
      vertex 2.06138 -3.83269 11.7556
    endloop
  endfacet
  facet normal 0.444095 -0.765447 0.465694
    outer loop
      vertex 3.18549 -2.543 13.3855
      vertex 2.69658 -3.12416 12.8965
      vertex 3.27706 -2.66211 13.1024
    endloop
  endfacet
  facet normal 0.505486 -0.81537 0.282235
    outer loop
      vertex 2.73246 -3.23746 12.6213
      vertex 2.09613 -3.78595 12.1764
      vertex 2.75484 -3.30981 12.3722
    endloop
  endfacet
  facet normal 0.861678 -0.454092 0.22652
    outer loop
      vertex 7.96138 3.27711 15.9408
      vertex 7.87229 2.85559 15.4347
      vertex 8.07328 3.43767 15.837
    endloop
  endfacet
  facet normal 0.515941 -0.84462 0.142909
    outer loop
      vertex 2.09613 -3.78595 12.1764
      vertex 1.39492 -4.2808 11.7833
      vertex 2.08194 -3.83306 11.9492
    endloop
  endfacet
  facet normal 0.69495 -0.651303 -0.304711
    outer loop
      vertex 4.10478 -2.20623 12.4804
      vertex 3.43046 -2.72536 12.0521
      vertex 4.10069 -2.14037 12.3303
    endloop
  endfacet
  facet normal 0.0652924 0.336589 -0.939385
    outer loop
      vertex 2.93807 -1.67574 11.8447
      vertex 2.35758 -2.13778 11.6388
      vertex 2.79379 -1.40327 11.9323
    endloop
  endfacet
  facet normal 0.794907 -0.551402 -0.253138
    outer loop
      vertex 5.89797 -0.328729 13.4695
      vertex 5.33958 -0.971425 13.116
      vertex 5.34918 -0.891891 12.9729
    endloop
  endfacet
  facet normal 0.768199 -0.38673 -0.510205
    outer loop
      vertex 5.91375 -0.242075 13.3304
      vertex 5.3166 -0.797108 12.852
      vertex 5.88117 -0.147291 13.2095
    endloop
  endfacet
  facet normal 0.0801302 0.467265 -0.880478
    outer loop
      vertex 5.12817 1.04088 13.2199
      vertex 4.75933 1.11393 13.2251
      vertex 5.08686 1.57972 13.5021
    endloop
  endfacet
  facet normal -0.138641 0.462837 -0.875534
    outer loop
      vertex 0.250856 -2.24158 11.6722
      vertex -0.178175 -2.42779 11.6417
      vertex -0.00405025 -1.88342 11.9019
    endloop
  endfacet
  facet normal -0.0499315 -0.431219 -0.900865
    outer loop
      vertex -2.075 -5.61428 11.0664
      vertex -2.64669 -5.55059 11.0676
      vertex -2.06841 -5.45251 10.9886
    endloop
  endfacet
  facet normal -0.367439 0.450025 -0.81392
    outer loop
      vertex -3.34331 -3.57759 11.8812
      vertex -3.94063 -3.82095 12.0163
      vertex -3.5803 -3.3911 12.0913
    endloop
  endfacet
  facet normal -0.200264 0.504344 -0.839959
    outer loop
      vertex -0.395129 -1.49434 12.2104
      vertex -1.02076 -2.15513 11.9628
      vertex -0.660935 -1.53943 12.2467
    endloop
  endfacet
  facet normal -0.191328 0.40878 -0.892352
    outer loop
      vertex -1.2399 -3.22263 11.441
      vertex -1.9203 -3.80239 11.3213
      vertex -1.65391 -3.29285 11.4976
    endloop
  endfacet
  facet normal 0.531644 -0.590776 -0.60691
    outer loop
      vertex 2.03466 -3.78485 11.5974
      vertex 1.32438 -4.24775 11.4258
      vertex 2.00208 -3.69007 11.4766
    endloop
  endfacet
  facet normal 0.086014 0.345736 -0.934381
    outer loop
      vertex 3.50094 -1.18445 12.0783
      vertex 2.93807 -1.67574 11.8447
      vertex 3.31537 -0.948021 12.1487
    endloop
  endfacet
  facet normal -0.424671 0.624292 -0.655678
    outer loop
      vertex -2.77103 -0.387428 13.9408
      vertex -3.24726 -0.647524 14.0016
      vertex -3.05376 -0.211212 14.2917
    endloop
  endfacet
  facet normal -0.387408 0.516509 -0.763631
    outer loop
      vertex -3.33124 -2.70447 12.4111
      vertex -3.76377 -3.15574 12.3253
      vertex -3.44766 -2.4482 12.6435
    endloop
  endfacet
  facet normal 0.140692 -0.603784 0.784634
    outer loop
      vertex 0.53125 -0.365213 16.4652
      vertex 0.527059 -0.36502 16.4661
      vertex 0.53154 -0.366315 16.4643
    endloop
  endfacet
  facet normal -0.253706 -0.208836 0.944469
    outer loop
      vertex -0.804536 2.59957 17.9661
      vertex -1.40464 2.02612 17.6781
      vertex -0.664598 2.40243 17.9601
    endloop
  endfacet
  facet normal -0.502008 -0.619042 0.603966
    outer loop
      vertex -4.96574 -4.23257 13.5355
      vertex -5.05484 -4.65409 13.0294
      vertex -4.87747 -4.63636 13.195
    endloop
  endfacet
  facet normal -0.114564 -0.743892 0.658407
    outer loop
      vertex -4.16914 -4.75581 13.2908
      vertex -4.47653 -4.90071 13.0736
      vertex -4.25613 -5.18345 12.7925
    endloop
  endfacet
  facet normal 0.192704 -0.709995 0.677327
    outer loop
      vertex -0.498755 -3.67402 13.8995
      vertex -1.2091 -4.16847 13.5833
      vertex -0.869252 -4.14921 13.5068
    endloop
  endfacet
  facet normal 0.154618 -0.530143 0.833692
    outer loop
      vertex 0.531057 -0.364483 16.4657
      vertex 0.527059 -0.36502 16.4661
      vertex 0.53125 -0.365213 16.4652
    endloop
  endfacet
  facet normal 0.123382 -0.815275 0.565778
    outer loop
      vertex -2.67295 -5.24463 12.6808
      vertex -2.97215 -5.49026 12.3921
      vertex -2.26313 -5.27685 12.545
    endloop
  endfacet
  facet normal 0.398824 -0.916953 -0.0116886
    outer loop
      vertex 0.0344877 -5.02247 11.5683
      vertex -0.624021 -5.30829 11.5216
      vertex -0.0322075 -5.0489 11.366
    endloop
  endfacet
  facet normal 0.397274 -0.865493 -0.305114
    outer loop
      vertex -0.705553 -5.34116 11.3183
      vertex -0.762921 -5.31003 11.1553
      vertex -0.0322075 -5.0489 11.366
    endloop
  endfacet
  facet normal -0.110368 -0.988995 -0.0985261
    outer loop
      vertex -3.08271 -5.86413 11.5489
      vertex -3.56534 -5.82619 11.7087
      vertex -3.16641 -5.8388 11.3884
    endloop
  endfacet
  facet normal -0.0126192 -0.893015 0.449851
    outer loop
      vertex -3.62558 -5.57034 12.3191
      vertex -3.83801 -5.67927 12.0969
      vertex -3.4208 -5.78264 11.9034
    endloop
  endfacet
  facet normal -0.453334 0.34828 -0.820481
    outer loop
      vertex -4.19449 -4.75845 11.7125
      vertex -4.47919 -4.53442 11.9649
      vertex -3.96965 -4.41726 11.7331
    endloop
  endfacet
  facet normal 0.380028 -0.38468 -0.841189
    outer loop
      vertex 0.583625 -4.56436 11.1732
      vertex 0.56109 -4.41409 11.0943
      vertex 1.2918 -4.15296 11.305
    endloop
  endfacet
  facet normal 0.103598 0.357663 -0.928087
    outer loop
      vertex 3.50094 -1.18445 12.0783
      vertex 3.31537 -0.948021 12.1487
      vertex 4.04004 -0.66931 12.337
    endloop
  endfacet
  facet normal -0.745919 0.496273 -0.444205
    outer loop
      vertex -4.9011 -2.60442 13.5923
      vertex -4.96138 -2.27711 14.0592
      vertex -4.77869 -2.08612 13.9658
    endloop
  endfacet
  facet normal -0.505304 0.579862 -0.639083
    outer loop
      vertex -3.93152 -1.7845 13.446
      vertex -4.20969 -1.62154 13.8138
      vertex -3.82962 -1.35305 13.7569
    endloop
  endfacet
  facet normal -0.441525 0.571062 -0.692057
    outer loop
      vertex -3.52439 -1.82093 13.1561
      vertex -3.97605 -2.18468 13.1441
      vertex -3.48387 -1.45682 13.4307
    endloop
  endfacet
  facet normal -0.802112 -0.212634 0.558035
    outer loop
      vertex -4.97591 -2.72098 14.5242
      vertex -5.21152 -3.21525 13.9972
      vertex -5.10542 -3.26933 14.1291
    endloop
  endfacet
  facet normal -0.353294 0.630993 -0.690674
    outer loop
      vertex -1.40498 0.728741 14.2261
      vertex -2.09898 0.218452 14.1149
      vertex -1.91337 0.56592 14.3374
    endloop
  endfacet
  facet normal -0.33249 0.71357 -0.616659
    outer loop
      vertex 0.956285 3.5705 15.9203
      vertex 0.487447 3.55314 16.153
      vertex 0.931476 3.87411 16.285
    endloop
  endfacet
  facet normal -0.173108 0.702944 -0.689858
    outer loop
      vertex 4.05902 4.66977 15.9462
      vertex 3.79288 4.69069 16.0343
      vertex 4.2091 5.16847 16.4167
    endloop
  endfacet
  facet normal -0.260677 0.62936 -0.732089
    outer loop
      vertex 0.359914 1.60076 14.2657
      vertex 0.206009 1.72313 14.4257
      vertex 0.426351 1.65573 14.2893
    endloop
  endfacet
  facet normal -0.261529 0.628667 -0.732379
    outer loop
      vertex 0.340035 1.58119 14.256
      vertex 0.206009 1.72313 14.4257
      vertex 0.359914 1.60076 14.2657
    endloop
  endfacet
  facet normal -0.260775 0.629178 -0.73221
    outer loop
      vertex 0.206009 1.72313 14.4257
      vertex 0.340035 1.58119 14.256
      vertex 0.0596867 1.55472 14.3331
    endloop
  endfacet
  facet normal -0.507083 0.709642 -0.489157
    outer loop
      vertex -1.67865 2.11618 15.8979
      vertex -2.36258 1.5766 15.8241
      vertex -1.88844 2.12233 16.1243
    endloop
  endfacet
  facet normal -0.0982638 0.859979 -0.50078
    outer loop
      vertex 5.97215 6.49026 17.6079
      vertex 5.53675 6.52448 17.7521
      vertex 6.22234 6.67025 17.8679
    endloop
  endfacet
  facet normal 0.321311 0.650535 -0.688159
    outer loop
      vertex 7.71555 5.17208 16.2905
      vertex 7.63024 5.56235 16.6196
      vertex 7.96574 5.23257 16.4645
    endloop
  endfacet
  facet normal 0.012653 0.893021 -0.449837
    outer loop
      vertex 6.62558 6.57034 17.6809
      vertex 6.22234 6.67025 17.8679
      vertex 6.4208 6.78264 18.0966
    endloop
  endfacet
  facet normal 0.618777 0.741173 -0.260342
    outer loop
      vertex 7.99597 5.97728 17.4428
      vertex 7.65905 6.31118 17.5926
      vertex 7.76021 6.27973 17.7435
    endloop
  endfacet
  facet normal -0.00484423 0.703145 -0.71103
    outer loop
      vertex 6.37207 5.29548 16.2214
      vertex 6.1886 5.53084 16.4554
      vertex 6.60164 5.80732 16.726
    endloop
  endfacet
  facet normal 0.081424 0.689518 -0.719677
    outer loop
      vertex 6.93772 5.24937 16.1978
      vertex 6.79964 5.55333 16.4734
      vertex 7.16914 5.75581 16.7092
    endloop
  endfacet
  facet normal -0.247092 0.802847 -0.54257
    outer loop
      vertex 4.07359 5.86496 17.2875
      vertex 3.58824 5.73525 17.3166
      vertex 4.31919 6.16789 17.6239
    endloop
  endfacet
  facet normal 0.101955 0.951968 -0.288726
    outer loop
      vertex 6.83801 6.67927 17.9031
      vertex 6.4208 6.78264 18.0966
      vertex 6.99195 6.7205 18.0934
    endloop
  endfacet
  facet normal 0.512996 0.841702 -0.168443
    outer loop
      vertex 7.65905 6.31118 17.5926
      vertex 7.35786 6.5482 17.8597
      vertex 7.45568 6.51936 18.0135
    endloop
  endfacet
  facet normal -0.555217 0.829498 0.0605653
    outer loop
      vertex 1.60508 5.2808 18.2167
      vertex 0.918056 4.83306 18.0508
      vertex 1.64112 5.29051 18.4141
    endloop
  endfacet
  facet normal -0.322133 0.902519 0.285814
    outer loop
      vertex 4.3542 6.57097 18.6871
      vertex 3.70555 6.34116 18.6817
      vertex 4.41875 6.54239 18.8501
    endloop
  endfacet
  facet normal -0.702039 0.710511 0.0481222
    outer loop
      vertex -1.70121 2.64913 17.0439
      vertex -1.73966 2.59955 17.215
      vertex -1.10478 3.20623 17.5196
    endloop
  endfacet
  facet normal -0.26595 0.152844 0.951793
    outer loop
      vertex 2.43891 5.41409 18.9057
      vertex 1.76617 4.81206 18.8144
      vertex 2.45116 5.20998 18.9419
    endloop
  endfacet
  facet normal -0.205927 0.158759 0.965603
    outer loop
      vertex 3.12957 5.76559 18.9952
      vertex 2.43891 5.41409 18.9057
      vertex 3.12661 5.55374 19.0294
    endloop
  endfacet
  facet normal -0.243656 0.418578 0.874885
    outer loop
      vertex 3.80292 6.05785 19.0429
      vertex 3.11469 5.91975 18.9173
      vertex 3.12957 5.76559 18.9952
    endloop
  endfacet
  facet normal 0.301703 -0.136727 0.943547
    outer loop
      vertex 6.10989 6.351 18.8506
      vertex 5.9892 6.05708 18.8466
      vertex 6.58189 6.3139 18.6943
    endloop
  endfacet
  facet normal -0.163535 0.754258 0.635885
    outer loop
      vertex 5.04243 6.70906 18.8128
      vertex 4.41875 6.54239 18.8501
      vertex 5.075 6.61428 18.9336
    endloop
  endfacet
  facet normal -0.23509 0.937295 0.257315
    outer loop
      vertex 4.97104 6.73582 18.6501
      vertex 4.41875 6.54239 18.8501
      vertex 5.04243 6.70906 18.8128
    endloop
  endfacet
  facet normal -0.323568 0.918624 -0.226787
    outer loop
      vertex 4.25838 6.53304 18.4837
      vertex 3.51922 6.21178 18.237
      vertex 3.62402 6.30829 18.4784
    endloop
  endfacet
  facet normal -0.508696 0.859458 0.0505982
    outer loop
      vertex 2.29006 5.67872 18.3442
      vertex 1.60508 5.2808 18.2167
      vertex 1.64112 5.29051 18.4141
    endloop
  endfacet
  facet normal -0.432734 0.810456 -0.394844
    outer loop
      vertex 1.49167 4.94065 17.4236
      vertex 0.895164 4.5519 17.2794
      vertex 0.896207 4.69189 17.5656
    endloop
  endfacet
  facet normal -0.444088 0.765446 -0.465702
    outer loop
      vertex -0.185486 3.543 16.6145
      vertex -0.277062 3.66211 16.8976
      vertex 0.303424 4.12416 17.1035
    endloop
  endfacet
  facet normal -0.783044 0.621853 -0.0118598
    outer loop
      vertex -3.33348 0.770405 16.0105
      vertex -3.4087 0.678504 16.1582
      vertex -2.834 1.4063 16.3746
    endloop
  endfacet
  facet normal -0.486733 0.783571 -0.386144
    outer loop
      vertex -0.277062 3.66211 16.8976
      vertex -0.34917 3.74658 17.1599
      vertex 0.303424 4.12416 17.1035
    endloop
  endfacet
  facet normal -0.741208 0.619338 -0.258903
    outer loop
      vertex -4.01509 -0.36427 15.1103
      vertex -4.17132 -0.495602 15.2434
      vertex -3.63773 0.244358 15.4859
    endloop
  endfacet
  facet normal -0.638772 0.222103 0.736641
    outer loop
      vertex -1.71003 2.43219 17.4825
      vertex -2.3166 1.79711 17.148
      vertex -1.64229 2.31624 17.5762
    endloop
  endfacet
  facet normal 0.17715 0.416291 0.891807
    outer loop
      vertex 5.65969 6.71344 18.8538
      vertex 5.64669 6.55059 18.9324
      vertex 6.19898 6.74402 18.7324
    endloop
  endfacet
  facet normal -0.131053 0.928091 -0.348529
    outer loop
      vertex 5.76614 6.70611 18.019
      vertex 5.42717 6.79017 18.3703
      vertex 5.9488 6.81974 18.2529
    endloop
  endfacet
  facet normal -0.428736 0.886638 -0.173377
    outer loop
      vertex 2.88276 5.93554 18.1919
      vertex 2.22993 5.6033 18.1072
      vertex 2.29006 5.67872 18.3442
    endloop
  endfacet
  facet normal -0.212299 0.798181 -0.56377
    outer loop
      vertex 4.81022 6.25117 17.5569
      vertex 4.07359 5.86496 17.2875
      vertex 4.31919 6.16789 17.6239
    endloop
  endfacet
  facet normal -0.280655 0.804484 -0.523487
    outer loop
      vertex 3.58824 5.73525 17.3166
      vertex 3.24463 5.83278 17.6507
      vertex 3.79541 6.02792 17.6553
    endloop
  endfacet
  facet normal -0.308422 0.879026 -0.363578
    outer loop
      vertex 3.97744 6.26001 17.9649
      vertex 3.51922 6.21178 18.237
      vertex 4.13233 6.42901 18.2421
    endloop
  endfacet
  facet normal -0.293686 0.839693 -0.456798
    outer loop
      vertex 3.79541 6.02792 17.6553
      vertex 3.24463 5.83278 17.6507
      vertex 3.97744 6.26001 17.9649
    endloop
  endfacet
  facet normal -0.288477 0.641489 -0.710826
    outer loop
      vertex 0.0596867 1.55472 14.3331
      vertex -0.166007 1.82787 14.6712
      vertex 0.206009 1.72313 14.4257
    endloop
  endfacet
  facet normal -0.18685 0.66616 -0.722023
    outer loop
      vertex 3.57337 4.14955 15.5671
      vertex 3.06501 3.58935 15.1818
      vertex 3.35153 4.16699 15.6406
    endloop
  endfacet
  facet normal -0.241427 0.771235 -0.58899
    outer loop
      vertex 3.79979 5.50325 16.9261
      vertex 3.58824 5.73525 17.3166
      vertex 4.07359 5.86496 17.2875
    endloop
  endfacet
  facet normal -0.271288 0.700853 -0.659703
    outer loop
      vertex 2.11075 4.24115 16.1351
      vertex 1.6319 3.63071 15.6835
      vertex 1.72989 4.04732 16.0858
    endloop
  endfacet
  facet normal -0.262765 0.619322 -0.739862
    outer loop
      vertex -0.0533568 1.11609 14.0023
      vertex -0.298647 1.04511 14.03
      vertex -0.029398 1.14967 14.0219
    endloop
  endfacet
  facet normal -0.263578 0.623677 -0.735904
    outer loop
      vertex -0.298647 1.04511 14.03
      vertex -0.0533568 1.11609 14.0023
      vertex -0.0590412 1.10649 13.9962
    endloop
  endfacet
  facet normal -0.180503 0.683749 -0.70704
    outer loop
      vertex 3.57337 4.14955 15.5671
      vertex 3.35153 4.16699 15.6406
      vertex 4.05902 4.66977 15.9462
    endloop
  endfacet
  facet normal -0.042563 0.840163 -0.540662
    outer loop
      vertex 6.62558 6.57034 17.6809
      vertex 5.97215 6.49026 17.6079
      vertex 6.22234 6.67025 17.8679
    endloop
  endfacet
  facet normal -0.105392 0.764711 -0.635696
    outer loop
      vertex 5.66371 5.8529 16.8495
      vertex 5.32804 5.93607 17.0052
      vertex 5.67295 6.24463 17.3192
    endloop
  endfacet
  facet normal -0.0743312 0.673526 -0.735417
    outer loop
      vertex 5.89112 4.98509 15.956
      vertex 5.36207 4.62556 15.6802
      vertex 5.72419 5.19924 16.169
    endloop
  endfacet
  facet normal 0.272776 0.711297 -0.647804
    outer loop
      vertex 7.63024 5.56235 16.6196
      vertex 7.47653 5.90071 16.9264
      vertex 7.71845 5.98644 17.1224
    endloop
  endfacet
  facet normal 0.442443 0.303941 -0.84372
    outer loop
      vertex 7.33941 2.58058 14.5535
      vertex 6.79203 2.0133 14.0621
      vertex 7.11019 2.6089 14.4435
    endloop
  endfacet
  facet normal 0.114181 0.654858 -0.747077
    outer loop
      vertex 7.01436 4.89878 15.9022
      vertex 6.93772 5.24937 16.1978
      vertex 7.39726 5.06041 16.1024
    endloop
  endfacet
  facet normal 0.0057881 0.583735 -0.811924
    outer loop
      vertex 5.95104 3.34486 14.6535
      vertex 5.4979 3.51515 14.7727
      vertex 6.04375 3.73743 14.9364
    endloop
  endfacet
  facet normal -0.00602142 0.602533 -0.798071
    outer loop
      vertex 6.04375 3.73743 14.9364
      vertex 5.4979 3.51515 14.7727
      vertex 6.08427 4.10155 15.211
    endloop
  endfacet
  facet normal -0.174885 0.660751 -0.729947
    outer loop
      vertex 3.2198 3.551 15.11
      vertex 3.06501 3.58935 15.1818
      vertex 3.57337 4.14955 15.5671
    endloop
  endfacet
  facet normal 0.799428 0.302584 -0.518996
    outer loop
      vertex 8.21152 4.21525 16.0028
      vertex 8.10542 4.26933 15.8709
      vertex 8.16202 4.77792 16.2546
    endloop
  endfacet
  facet normal 0.375676 0.784076 -0.494057
    outer loop
      vertex 7.71845 5.98644 17.1224
      vertex 7.65905 6.31118 17.5926
      vertex 7.89223 6.01206 17.2952
    endloop
  endfacet
  facet normal 0.316656 0.385758 -0.866556
    outer loop
      vertex 7.11019 2.6089 14.4435
      vertex 6.79203 2.0133 14.0621
      vertex 6.8195 2.61412 14.3396
    endloop
  endfacet
  facet normal 0.972126 -0.200217 0.121998
    outer loop
      vertex 8.25939 4.49461 16.6158
      vertex 8.20278 3.98601 16.2322
      vertex 8.2441 4.12046 16.1236
    endloop
  endfacet
  facet normal 0.439647 0.35378 -0.825561
    outer loop
      vertex 7.60372 3.17659 14.9496
      vertex 7.11019 2.6089 14.4435
      vertex 7.36565 3.18495 14.8264
    endloop
  endfacet
  facet normal 0.830269 -0.307273 -0.465013
    outer loop
      vertex 6.8927 1.07319 14.098
      vertex 6.43014 0.415351 13.7068
      vertex 6.86012 1.16797 13.9772
    endloop
  endfacet
  facet normal -0.327659 -0.072449 0.942014
    outer loop
      vertex -0.177962 3.14645 18.2261
      vertex -0.919225 2.7737 17.9396
      vertex -0.804536 2.59957 17.9661
    endloop
  endfacet
  facet normal -0.0245695 -0.677601 0.735019
    outer loop
      vertex -3.37207 -4.29548 13.7786
      vertex -3.93772 -4.24937 13.8022
      vertex -3.79964 -4.55333 13.5266
    endloop
  endfacet
  facet normal -0.618486 0.773764 -0.136982
    outer loop
      vertex -0.401017 3.79547 17.3986
      vertex -1.02759 3.24859 17.1385
      vertex -0.432036 3.80826 17.6109
    endloop
  endfacet
  facet normal -0.78304 0.621858 -0.0118892
    outer loop
      vertex -2.834 1.4063 16.3746
      vertex -3.4087 0.678504 16.1582
      vertex -2.89797 1.32873 16.5305
    endloop
  endfacet
  facet normal -0.615644 0.719361 0.321718
    outer loop
      vertex 0.938622 4.83269 18.2444
      vertex 0.241741 4.32895 18.0372
      vertex 0.260738 4.27553 18.193
    endloop
  endfacet
  facet normal -0.730255 0.618058 0.291086
    outer loop
      vertex -1.10478 3.20623 17.5196
      vertex -1.74261 2.52698 17.3617
      vertex -1.10069 3.14037 17.6697
    endloop
  endfacet
  facet normal 0.296838 -0.697527 0.652184
    outer loop
      vertex 1.69004 -2.44368 14.3764
      vertex 1.65634 -2.82295 13.9861
      vertex 2.01295 -2.23324 14.4545
    endloop
  endfacet
  facet normal 0.209396 -0.638282 0.740776
    outer loop
      vertex 1.15832 -1.37514 15.5462
      vertex 0.72674 -1.99732 15.1321
      vertex 1.24991 -1.3596 15.5337
    endloop
  endfacet
  facet normal 0.146199 -0.505063 0.85061
    outer loop
      vertex 2.50394 2.1786 17.7822
      vertex 2.44211 2.14925 17.7754
      vertex 2.44639 2.14931 17.7747
    endloop
  endfacet
  facet normal 0.138395 -0.490843 0.860186
    outer loop
      vertex 2.50394 2.1786 17.7822
      vertex 2.35201 2.14803 17.7892
      vertex 2.44211 2.14925 17.7754
    endloop
  endfacet
  facet normal 0.138429 -0.491038 0.860069
    outer loop
      vertex 2.2519 2.52844 18.0225
      vertex 2.35201 2.14803 17.7892
      vertex 2.50394 2.1786 17.7822
    endloop
  endfacet
  facet normal 0.138139 -0.491116 0.860071
    outer loop
      vertex 2.35201 2.14803 17.7892
      vertex 2.2519 2.52844 18.0225
      vertex 2.26391 2.13761 17.7974
    endloop
  endfacet
  facet normal 0.138623 -0.491071 0.860019
    outer loop
      vertex 2.26391 2.13761 17.7974
      vertex 2.2519 2.52844 18.0225
      vertex 2.20095 2.13017 17.8033
    endloop
  endfacet
  facet normal 0.0967574 -0.535415 0.839028
    outer loop
      vertex 0.310558 0.593112 17.1299
      vertex 0.495045 0.380423 16.9729
      vertex 0.505753 0.454913 17.0192
    endloop
  endfacet
  facet normal 0.0975673 -0.534891 0.839269
    outer loop
      vertex 0.495045 0.380423 16.9729
      vertex 0.310558 0.593112 17.1299
      vertex 0.49076 0.350614 16.9544
    endloop
  endfacet
  facet normal 0.0973064 -0.535038 0.839205
    outer loop
      vertex 0.49076 0.350614 16.9544
      vertex 0.310558 0.593112 17.1299
      vertex 0.0348043 0.304393 16.9778
    endloop
  endfacet
  facet normal 0.441709 -0.571121 0.691891
    outer loop
      vertex 6.97605 3.18468 16.8559
      vertex 6.48387 2.45682 16.5693
      vertex 6.93152 2.7845 16.554
    endloop
  endfacet
  facet normal 0.208077 -0.620758 0.755886
    outer loop
      vertex 1.16071 -1.25912 15.6405
      vertex 1.07384 -1.37993 15.5652
      vertex 1.16402 -1.26142 15.6377
    endloop
  endfacet
  facet normal 0.242872 -0.566804 0.78724
    outer loop
      vertex 3.93364 1.79771 17.1811
      vertex 3.67842 1.52932 17.0666
      vertex 3.67988 1.52689 17.0644
    endloop
  endfacet
  facet normal 0.238105 -0.563807 0.79084
    outer loop
      vertex 3.67842 1.52932 17.0666
      vertex 3.93364 1.79771 17.1811
      vertex 3.65465 1.56038 17.0959
    endloop
  endfacet
  facet normal 0.00509072 -0.256297 0.966585
    outer loop
      vertex 2.44437 4.64975 18.8846
      vertex 2.42541 4.29977 18.7919
      vertex 3.06743 4.96685 18.9654
    endloop
  endfacet
  facet normal 0.269146 -0.478661 0.83573
    outer loop
      vertex 5.3813 4.28733 18.3021
      vertex 5.00033 3.73684 18.1095
      vertex 5.68672 4.21166 18.1604
    endloop
  endfacet
  facet normal 0.277204 -0.541567 0.793639
    outer loop
      vertex 5.01803 2.99759 17.6448
      vertex 4.63067 2.29916 17.3035
      vertex 5.18412 2.86689 17.4976
    endloop
  endfacet
  facet normal 0.238046 -0.493789 0.836365
    outer loop
      vertex 5.00033 3.73684 18.1095
      vertex 4.31488 3.17181 17.971
      vertex 4.58102 3.15089 17.8829
    endloop
  endfacet
  facet normal 0.246778 -0.569196 0.784294
    outer loop
      vertex 3.93364 1.79771 17.1811
      vertex 3.67988 1.52689 17.0644
      vertex 3.70396 1.48621 17.0273
    endloop
  endfacet
  facet normal 0.250657 -0.5495 0.797008
    outer loop
      vertex 4.32404 2.4873 17.5337
      vertex 3.80087 1.86023 17.2659
      vertex 4.49223 2.4081 17.4262
    endloop
  endfacet
  facet normal 0.733489 0.20009 0.649583
    outer loop
      vertex 7.48826 6.42458 18.1344
      vertex 7.45522 6.26488 18.2209
      vertex 7.75642 6.02787 17.9538
    endloop
  endfacet
  facet normal 0.453343 -0.348569 0.820354
    outer loop
      vertex 7.47919 5.53442 18.0351
      vertex 6.96965 5.41726 18.2669
      vertex 7.24136 5.20345 18.0259
    endloop
  endfacet
  facet normal 0.184203 -0.499338 0.8466
    outer loop
      vertex 3.36173 3.01015 18.1011
      vertex 3.1116 2.41857 17.8066
      vertex 3.39513 2.49434 17.7896
    endloop
  endfacet
  facet normal 0.195132 -0.446687 0.873152
    outer loop
      vertex 4.2399 4.22263 18.559
      vertex 3.9845 3.67926 18.3381
      vertex 4.65391 4.29285 18.5024
    endloop
  endfacet
  facet normal -0.603083 -0.238547 0.761174
    outer loop
      vertex -4.50465 -1.52946 15.3316
      vertex -4.60372 -2.17659 15.0503
      vertex -4.33941 -1.58058 15.4465
    endloop
  endfacet
  facet normal -0.243669 0.4187 0.874823
    outer loop
      vertex 3.7955 6.21525 18.9655
      vertex 3.11469 5.91975 18.9173
      vertex 3.80292 6.05785 19.0429
    endloop
  endfacet
  facet normal 0.109417 -0.190996 0.975473
    outer loop
      vertex 4.35538 5.77998 19.0696
      vertex 4.26002 5.43781 19.0133
      vertex 4.81648 5.58652 18.98
    endloop
  endfacet
  facet normal -0.0975654 -0.26031 0.960583
    outer loop
      vertex 1.17878 3.86968 18.614
      vertex 0.550112 3.41525 18.427
      vertex 1.23416 3.56552 18.5372
    endloop
  endfacet
  facet normal -0.435843 0.363566 0.823323
    outer loop
      vertex 1.7082 5.15296 18.695
      vertex 0.997914 4.69007 18.5234
      vertex 1.73849 5.0072 18.7754
    endloop
  endfacet
  facet normal 0.244667 -0.466695 0.849902
    outer loop
      vertex 5.03577 4.3145 18.4165
      vertex 4.69281 3.76101 18.2113
      vertex 5.00033 3.73684 18.1095
    endloop
  endfacet
  facet normal 0.221755 -0.420359 0.879843
    outer loop
      vertex 4.9203 4.80239 18.6787
      vertex 4.65391 4.29285 18.5024
      vertex 5.03577 4.3145 18.4165
    endloop
  endfacet
  facet normal 0.0434217 -0.687164 0.725203
    outer loop
      vertex -2.72419 -4.19924 13.831
      vertex -3.37207 -4.29548 13.7786
      vertex -3.1886 -4.53084 13.5446
    endloop
  endfacet
  facet normal 0.0127526 -0.325003 0.945627
    outer loop
      vertex 2.42541 4.29977 18.7919
      vertex 1.84519 3.58801 18.5551
      vertex 2.39631 3.90816 18.6577
    endloop
  endfacet
  facet normal -0.170473 -0.293851 0.940527
    outer loop
      vertex -0.664598 2.40243 17.9601
      vertex -1.23733 1.85514 17.6853
      vertex -1.04004 1.66931 17.663
    endloop
  endfacet
  facet normal -0.905184 -0.0266536 -0.424183
    outer loop
      vertex -5.02855 -4.8825 12.4364
      vertex -5.19296 -4.52057 12.7645
      vertex -4.98959 -4.72874 12.3436
    endloop
  endfacet
  facet normal 0.138801 -0.462739 0.875561
    outer loop
      vertex 3.17817 3.42779 18.3582
      vertex 2.74914 3.24158 18.3278
      vertex 3.00405 2.88342 18.0981
    endloop
  endfacet
  facet normal 0.0772209 -0.331377 0.940333
    outer loop
      vertex 3.01187 4.59824 18.8679
      vertex 2.93975 4.18473 18.7281
      vertex 3.58362 4.8464 18.9084
    endloop
  endfacet
  facet normal 0.177003 0.416596 0.891694
    outer loop
      vertex 6.19898 6.74402 18.7324
      vertex 5.64669 6.55059 18.9324
      vertex 6.18007 6.58082 18.8124
    endloop
  endfacet
  facet normal 0.110368 0.988995 0.0985261
    outer loop
      vertex 6.56534 6.82619 18.2913
      vertex 6.08271 6.86413 18.4511
      vertex 6.16641 6.8388 18.6116
    endloop
  endfacet
  facet normal 0.160542 -0.398751 0.902897
    outer loop
      vertex 3.97994 4.59551 18.7699
      vertex 3.79829 4.10461 18.5854
      vertex 4.2399 4.22263 18.559
    endloop
  endfacet
  facet normal 0.521604 -0.254581 0.81432
    outer loop
      vertex 7.35694 6.04203 18.2721
      vertex 7.19449 5.75845 18.2875
      vertex 7.47919 5.53442 18.0351
    endloop
  endfacet
  facet normal 0.543322 -0.414922 0.729822
    outer loop
      vertex 7.69959 5.25168 17.7539
      vertex 7.45171 4.9336 17.7576
      vertex 7.59841 4.61068 17.4648
    endloop
  endfacet
  facet normal 0.31827 -0.358395 0.877643
    outer loop
      vertex 6.25472 5.66805 18.6562
      vertex 6.01194 5.25826 18.5769
      vertex 6.63957 5.5727 18.4777
    endloop
  endfacet
  facet normal 0.521496 -0.254632 0.814374
    outer loop
      vertex 7.6515 5.81024 18.011
      vertex 7.35694 6.04203 18.2721
      vertex 7.47919 5.53442 18.0351
    endloop
  endfacet
  facet normal 0.37907 -0.172698 0.90911
    outer loop
      vertex 6.9991 6.21053 18.5007
      vertex 6.58189 6.3139 18.6943
      vertex 6.84863 5.92131 18.5085
    endloop
  endfacet
  facet normal 0.386214 0.9195 -0.0732076
    outer loop
      vertex 7.45568 6.51936 18.0135
      vertex 6.99195 6.7205 18.0934
      vertex 7.08573 6.69357 18.2499
    endloop
  endfacet
  facet normal 0.58608 0.706653 0.396423
    outer loop
      vertex 7.45568 6.51936 18.0135
      vertex 7.08573 6.69357 18.2499
      vertex 7.1183 6.59879 18.3707
    endloop
  endfacet
  facet normal 0.618275 -0.0933711 0.780396
    outer loop
      vertex 7.45522 6.26488 18.2209
      vertex 7.35694 6.04203 18.2721
      vertex 7.6515 5.81024 18.011
    endloop
  endfacet
  facet normal 0.80683 -0.267658 0.526674
    outer loop
      vertex 8.1522 5.37077 17.3318
      vertex 8.12684 4.76383 17.0622
      vertex 8.24246 4.95789 16.9837
    endloop
  endfacet
  facet normal 0.69844 0.628189 -0.342871
    outer loop
      vertex 8.16038 5.61535 17.1146
      vertex 7.89223 6.01206 17.2952
      vertex 7.99597 5.97728 17.4428
    endloop
  endfacet
  facet normal 0.964248 0.258811 -0.0569487
    outer loop
      vertex 8.28422 5.10311 16.8835
      vertex 8.16038 5.61535 17.1146
      vertex 8.19296 5.52057 17.2355
    endloop
  endfacet
  facet normal 0.964248 0.258811 -0.0569487
    outer loop
      vertex 8.16038 5.61535 17.1146
      vertex 8.28422 5.10311 16.8835
      vertex 8.25164 5.19789 16.7626
    endloop
  endfacet
  facet normal 0.555219 -0.829496 -0.0605658
    outer loop
      vertex 1.39492 -4.2808 11.7833
      vertex 1.35888 -4.29051 11.5859
      vertex 2.08194 -3.83306 11.9492
    endloop
  endfacet
  facet normal 0.535269 -0.797066 0.279595
    outer loop
      vertex 3.40102 -2.79547 12.6014
      vertex 2.73246 -3.23746 12.6213
      vertex 2.75484 -3.30981 12.3722
    endloop
  endfacet
  facet normal 0.321477 -0.640778 0.697177
    outer loop
      vertex 3.7186 -0.276352 15.5919
      vertex 4.01119 -0.323771 15.4134
      vertex 4.22148 -0.0247107 15.5913
    endloop
  endfacet
  facet normal 0.321641 -0.640487 0.697369
    outer loop
      vertex 4.01119 -0.323771 15.4134
      vertex 3.7186 -0.276352 15.5919
      vertex 3.67995 -0.349113 15.5429
    endloop
  endfacet
  facet normal 0.509647 -0.768179 0.387506
    outer loop
      vertex 3.83994 -2.17083 13.336
      vertex 3.27706 -2.66211 13.1024
      vertex 3.94717 -2.22464 13.0883
    endloop
  endfacet
  facet normal 0.323569 -0.918625 0.226782
    outer loop
      vertex -0.519217 -5.21178 11.763
      vertex -1.25838 -5.53304 11.5163
      vertex -0.624021 -5.30829 11.5216
    endloop
  endfacet
  facet normal -0.00356271 -0.975313 0.2208
    outer loop
      vertex -3.4208 -5.78264 11.9034
      vertex -3.56534 -5.82619 11.7087
      vertex -3.08271 -5.86413 11.5489
    endloop
  endfacet
  facet normal 0.211601 -0.694094 0.688083
    outer loop
      vertex -0.106359 -3.1531 14.3043
      vertex -0.498755 -3.67402 13.8995
      vertex -0.179875 -3.61993 13.856
    endloop
  endfacet
  facet normal 0.141054 -0.7792 0.610697
    outer loop
      vertex -1.94828 -4.96592 12.869
      vertex -2.32804 -4.93607 12.9948
      vertex -2.26313 -5.27685 12.545
    endloop
  endfacet
  facet normal 0.570231 -0.754666 -0.324525
    outer loop
      vertex 2.06138 -3.83269 11.7556
      vertex 1.32438 -4.24775 11.4258
      vertex 2.03466 -3.78485 11.5974
    endloop
  endfacet
  facet normal 0.138567 -0.159727 -0.977388
    outer loop
      vertex -0.129575 -4.76559 11.0048
      vertex -0.80292 -5.05785 10.9571
      vertex -0.126605 -4.55374 10.9706
    endloop
  endfacet
  facet normal 0.66922 -0.185567 -0.71952
    outer loop
      vertex 5.3166 -0.797108 12.852
      vertex 5.24221 -0.688112 12.7547
      vertex 5.8006 -0.0454159 13.1083
    endloop
  endfacet
  facet normal 0.509649 -0.768184 0.387493
    outer loop
      vertex 3.94717 -2.22464 13.0883
      vertex 3.27706 -2.66211 13.1024
      vertex 3.34917 -2.74658 12.8401
    endloop
  endfacet
  facet normal 0.646349 -0.749154 0.144915
    outer loop
      vertex 4.62769 -1.67515 13.1494
      vertex 4.02759 -2.24859 12.8615
      vertex 4.70121 -1.64913 12.956
    endloop
  endfacet
  facet normal -0.0635278 0.582093 -0.810637
    outer loop
      vertex 4.72601 2.63649 14.1718
      vertex 4.22174 2.72225 14.2729
      vertex 4.83684 2.95747 14.3936
    endloop
  endfacet
  facet normal 0.118147 0.372182 -0.92061
    outer loop
      vertex 4.54945 -0.135952 12.618
      vertex 4.04004 -0.66931 12.337
      vertex 4.28695 0.0235624 12.6488
    endloop
  endfacet
  facet normal 0.646356 -0.749156 0.144875
    outer loop
      vertex 4.70121 -1.64913 12.956
      vertex 4.02759 -2.24859 12.8615
      vertex 4.08032 -2.24243 12.6581
    endloop
  endfacet
  facet normal 0.587647 -0.797962 0.133895
    outer loop
      vertex 3.43204 -2.80826 12.3891
      vertex 2.75484 -3.30981 12.3722
      vertex 2.76347 -3.34042 12.1519
    endloop
  endfacet
  facet normal 0.300557 0.469901 -0.829975
    outer loop
      vertex 7.36565 3.18495 14.8264
      vertex 7.06332 3.1639 14.705
      vertex 7.55563 3.73515 15.2067
    endloop
  endfacet
  facet normal -0.0967014 0.722814 -0.684243
    outer loop
      vertex 5.95161 5.71733 16.6656
      vertex 5.2466 5.49228 16.5275
      vertex 5.66371 5.8529 16.8495
    endloop
  endfacet
  facet normal 0.0338302 0.397229 -0.917096
    outer loop
      vertex 3.31537 -0.948021 12.1487
      vertex 2.90722 -0.872627 12.1663
      vertex 3.1099 -0.695724 12.2504
    endloop
  endfacet
  facet normal 0.0338106 0.397133 -0.917138
    outer loop
      vertex 3.31537 -0.948021 12.1487
      vertex 2.8382 -0.96236 12.1249
      vertex 2.90722 -0.872627 12.1663
    endloop
  endfacet
  facet normal 0.0338053 0.397235 -0.917094
    outer loop
      vertex 3.31537 -0.948021 12.1487
      vertex 2.80324 -0.999787 12.1074
      vertex 2.8382 -0.96236 12.1249
    endloop
  endfacet
  facet normal 0.0337994 0.397279 -0.917075
    outer loop
      vertex 2.80324 -0.999787 12.1074
      vertex 3.31537 -0.948021 12.1487
      vertex 2.71895 -1.09003 12.0652
    endloop
  endfacet
  facet normal -0.0443701 0.604652 -0.795253
    outer loop
      vertex 5.53397 3.83921 15.0171
      vertex 4.90826 3.25984 14.6115
      vertex 4.93947 3.5403 14.823
    endloop
  endfacet
  facet normal -0.0284095 0.487637 -0.872584
    outer loop
      vertex 3.67357 0.356447 12.7872
      vertex 3.36484 0.337029 12.7864
      vertex 3.36913 0.391856 12.8169
    endloop
  endfacet
  facet normal -0.0283832 0.487228 -0.872813
    outer loop
      vertex 3.67357 0.356447 12.7872
      vertex 3.35318 0.188023 12.7036
      vertex 3.36484 0.337029 12.7864
    endloop
  endfacet
  facet normal -0.027874 0.486476 -0.873249
    outer loop
      vertex 3.67357 0.356447 12.7872
      vertex 3.34339 0.134149 12.6739
      vertex 3.35318 0.188023 12.7036
    endloop
  endfacet
  facet normal -0.0284234 0.487104 -0.872881
    outer loop
      vertex 3.67357 0.356447 12.7872
      vertex 3.31608 -0.016179 12.5909
      vertex 3.34339 0.134149 12.6739
    endloop
  endfacet
  facet normal -0.0218576 0.482306 -0.87573
    outer loop
      vertex 3.31608 -0.016179 12.5909
      vertex 3.67357 0.356447 12.7872
      vertex 3.31539 -0.0185707 12.5896
    endloop
  endfacet
  facet normal -0.0284568 0.48736 -0.872738
    outer loop
      vertex 3.36771 0.446749 12.8476
      vertex 3.67357 0.356447 12.7872
      vertex 3.36913 0.391856 12.8169
    endloop
  endfacet
  facet normal -0.0288586 0.486362 -0.873281
    outer loop
      vertex 3.67357 0.356447 12.7872
      vertex 3.36771 0.446749 12.8476
      vertex 3.36612 0.508062 12.8818
    endloop
  endfacet
  facet normal -0.213262 -0.0964757 -0.97222
    outer loop
      vertex -2.64669 -5.55059 11.0676
      vertex -3.18007 -5.58082 11.1876
      vertex -3.10989 -5.351 11.1494
    endloop
  endfacet
  facet normal -0.121861 0.427491 -0.895769
    outer loop
      vertex 0.250856 -2.24158 11.6722
      vertex -0.333913 -2.94009 11.4184
      vertex -0.178175 -2.42779 11.6417
    endloop
  endfacet
  facet normal -0.184202 0.499339 -0.846599
    outer loop
      vertex -0.361732 -2.01015 11.8989
      vertex -0.395129 -1.49434 12.2104
      vertex -0.111598 -1.41857 12.1934
    endloop
  endfacet
  facet normal 0.131037 0.161521 -0.978131
    outer loop
      vertex 1.20906 -3.56967 11.1884
      vertex 1.18749 -3.28269 11.2329
      vertex 1.82122 -2.86968 11.386
    endloop
  endfacet
  facet normal 0.445717 -0.0870522 -0.890931
    outer loop
      vertex 4.00741 -1.92292 12.1191
      vertex 3.34452 -2.50149 11.844
      vertex 3.91922 -1.7737 12.0604
    endloop
  endfacet
  facet normal 0.53163 -0.590757 -0.60694
    outer loop
      vertex 1.32438 -4.24775 11.4258
      vertex 1.2918 -4.15296 11.305
      vertex 2.00208 -3.69007 11.4766
    endloop
  endfacet
  facet normal -0.618564 0.0931522 -0.780193
    outer loop
      vertex -4.45522 -5.26488 11.7791
      vertex -4.75642 -5.02787 12.0462
      vertex -4.6515 -4.81024 11.989
    endloop
  endfacet
  facet normal -0.114278 -0.743942 0.6584
    outer loop
      vertex -4.16914 -4.75581 13.2908
      vertex -4.25613 -5.18345 12.7925
      vertex -3.95879 -5.02566 13.0224
    endloop
  endfacet
  facet normal -0.362635 0.382732 -0.849713
    outer loop
      vertex -3.63957 -4.5727 11.5223
      vertex -3.68489 -4.0222 11.7896
      vertex -3.37419 -4.16851 11.5911
    endloop
  endfacet
  facet normal -0.152974 -0.81842 0.553884
    outer loop
      vertex -3.97144 -5.40748 12.5401
      vertex -4.25613 -5.18345 12.7925
      vertex -4.19585 -5.51077 12.3255
    endloop
  endfacet
  facet normal -0.763483 0.58488 0.273878
    outer loop
      vertex -2.33958 1.97143 16.884
      vertex -2.34918 1.89189 17.0271
      vertex -1.73966 2.59955 17.215
    endloop
  endfacet
  facet normal -0.65877 0.64621 -0.385272
    outer loop
      vertex -3.79843 -0.223469 14.976
      vertex -4.01509 -0.36427 15.1103
      vertex -3.63773 0.244358 15.4859
    endloop
  endfacet
  facet normal -0.905151 -0.0264543 -0.424266
    outer loop
      vertex -4.98959 -4.72874 12.3436
      vertex -5.19296 -4.52057 12.7645
      vertex -5.1522 -4.37077 12.6682
    endloop
  endfacet
  facet normal -0.135214 -0.506268 0.85171
    outer loop
      vertex -3.06711 -1.55526 15.8455
      vertex -3.70003 -2.11366 15.4131
      vertex -3.27977 -2.03479 15.5267
    endloop
  endfacet
  facet normal 0.0543372 -0.548545 0.834353
    outer loop
      vertex -1.17122 -0.597898 16.4932
      vertex -1.39137 -0.952963 16.2741
      vertex -0.850406 -0.884927 16.2836
    endloop
  endfacet
  facet normal 0.187983 -0.609421 0.770239
    outer loop
      vertex 0.88776 -1.02871 15.895
      vertex 0.747186 -1.12288 15.8548
      vertex 0.89053 -1.0319 15.8918
    endloop
  endfacet
  facet normal 0.0998431 -0.661334 0.743416
    outer loop
      vertex -1.66212 -3.38578 14.4391
      vertex -2.36207 -3.62556 14.3198
      vertex -2.2135 -3.81615 14.1303
    endloop
  endfacet
  facet normal 0.0701067 -0.594199 0.801257
    outer loop
      vertex -1.22174 -1.72225 15.7271
      vertex -1.90826 -2.25984 15.3885
      vertex -1.28127 -1.97429 15.5454
    endloop
  endfacet
  facet normal 0.209808 -0.65586 0.72514
    outer loop
      vertex 0.72674 -1.99732 15.1321
      vertex 0.513456 -2.55656 14.688
      vertex 0.878276 -1.97162 15.1115
    endloop
  endfacet
  facet normal 0.00484423 -0.703145 0.71103
    outer loop
      vertex -3.37207 -4.29548 13.7786
      vertex -3.60164 -4.80732 13.274
      vertex -3.1886 -4.53084 13.5446
    endloop
  endfacet
  facet normal -0.0750645 0.057915 -0.995495
    outer loop
      vertex -1.35538 -4.77998 10.9304
      vertex -2.02272 -5.22552 10.9548
      vertex -1.93844 -4.9358 10.9653
    endloop
  endfacet
  facet normal 0.163535 -0.754258 -0.635885
    outer loop
      vertex -2.04243 -5.70906 11.1872
      vertex -2.075 -5.61428 11.0664
      vertex -1.41875 -5.54239 11.1499
    endloop
  endfacet
  facet normal -0.525775 0.0366239 -0.849835
    outer loop
      vertex -4.08932 -5.43718 11.5453
      vertex -4.45522 -5.26488 11.7791
      vertex -4.35694 -5.04203 11.7279
    endloop
  endfacet
  facet normal 0.134167 -0.966679 -0.218014
    outer loop
      vertex -2.54932 -5.8339 11.4288
      vertex -2.62712 -5.80823 11.2671
      vertex -2.04243 -5.70906 11.1872
    endloop
  endfacet
  facet normal -0.0899008 -0.795185 -0.599665
    outer loop
      vertex -2.65969 -5.71344 11.1462
      vertex -3.16641 -5.8388 11.3884
      vertex -3.19898 -5.74402 11.2676
    endloop
  endfacet
  facet normal -0.0897406 -0.79538 -0.599431
    outer loop
      vertex -3.16641 -5.8388 11.3884
      vertex -2.65969 -5.71344 11.1462
      vertex -2.62712 -5.80823 11.2671
    endloop
  endfacet
  facet normal 0.0470798 -0.779889 -0.624145
    outer loop
      vertex -2.62712 -5.80823 11.2671
      vertex -2.65969 -5.71344 11.1462
      vertex -2.075 -5.61428 11.0664
    endloop
  endfacet
  facet normal 0.134229 -0.966698 -0.217894
    outer loop
      vertex -1.97104 -5.73582 11.3499
      vertex -2.54932 -5.8339 11.4288
      vertex -2.04243 -5.70906 11.1872
    endloop
  endfacet
  facet normal 0.0186549 -0.986059 -0.165348
    outer loop
      vertex -3.08271 -5.86413 11.5489
      vertex -3.16641 -5.8388 11.3884
      vertex -2.54932 -5.8339 11.4288
    endloop
  endfacet
  facet normal -0.301703 0.136727 -0.943547
    outer loop
      vertex -3.10989 -5.351 11.1494
      vertex -3.58189 -5.3139 11.3057
      vertex -2.9892 -5.05708 11.1534
    endloop
  endfacet
  facet normal -0.282369 0.448199 -0.848166
    outer loop
      vertex -2.71974 -3.79633 11.5416
      vertex -3.05541 -3.71316 11.6973
      vertex -2.3813 -3.28733 11.6979
    endloop
  endfacet
  facet normal -0.317225 -0.387535 -0.865555
    outer loop
      vertex -3.19898 -5.74402 11.2676
      vertex -3.66271 -5.54288 11.3475
      vertex -3.18007 -5.58082 11.1876
    endloop
  endfacet
  facet normal -0.416702 -0.766356 -0.488934
    outer loop
      vertex -4.08573 -5.69357 11.7501
      vertex -4.1183 -5.59879 11.6293
      vertex -3.68697 -5.70566 11.4292
    endloop
  endfacet
  facet normal -0.355086 0.534322 -0.767082
    outer loop
      vertex -3.33124 -2.70447 12.4111
      vertex -3.44766 -2.4482 12.6435
      vertex -2.94939 -1.99002 12.732
    endloop
  endfacet
  facet normal -0.364822 0.586152 -0.723416
    outer loop
      vertex -2.46147 -1.02141 13.2403
      vertex -2.98161 -1.10769 13.4327
      vertex -2.43026 -0.740956 13.4518
    endloop
  endfacet
  facet normal -0.400281 0.579911 -0.709562
    outer loop
      vertex -3.01768 -1.43175 13.1882
      vertex -3.48387 -1.45682 13.4307
      vertex -2.98161 -1.10769 13.4327
    endloop
  endfacet
  facet normal -0.754291 0.561114 -0.340876
    outer loop
      vertex -4.58871 -1.53593 14.346
      vertex -4.76482 -1.70785 14.4527
      vertex -4.5005 -1.11184 14.8489
    endloop
  endfacet
  facet normal -0.385658 0.623263 -0.680303
    outer loop
      vertex -2.24801 -0.117609 13.8915
      vertex -2.77103 -0.387428 13.9408
      vertex -2.09898 0.218452 14.1149
    endloop
  endfacet
  facet normal -0.418895 0.609688 -0.67291
    outer loop
      vertex -2.77103 -0.387428 13.9408
      vertex -3.39115 -1.06425 13.7136
      vertex -3.24726 -0.647524 14.0016
    endloop
  endfacet
  facet normal -0.639366 0.692955 -0.333203
    outer loop
      vertex -3.02557 0.944344 15.6836
      vertex -3.2053 0.859343 15.8517
      vertex -2.56483 1.53092 16.0194
    endloop
  endfacet
  facet normal -0.473088 0.64019 -0.605264
    outer loop
      vertex -3.05376 -0.211212 14.2917
      vertex -3.45881 -0.415519 14.3922
      vertex -2.81279 0.239905 14.5805
    endloop
  endfacet
  facet normal -0.328183 0.685106 -0.650327
    outer loop
      vertex 0.0478048 2.48564 15.2124
      vertex -0.170502 2.67362 15.5206
      vertex 0.3525 2.75158 15.3388
    endloop
  endfacet
  facet normal -0.307918 0.664378 -0.681021
    outer loop
      vertex 0.0516644 2.05578 14.7913
      vertex -0.244018 2.20678 15.0723
      vertex 0.0478048 2.48564 15.2124
    endloop
  endfacet
  facet normal -0.283499 0.60367 -0.745125
    outer loop
      vertex -0.544279 0.424062 13.6092
      vertex -1.15789 0.228098 13.6839
      vertex -0.510343 0.567752 13.7127
    endloop
  endfacet
  facet normal -0.350748 0.621295 -0.700691
    outer loop
      vertex -1.68393 0.158976 13.8544
      vertex -2.09898 0.218452 14.1149
      vertex -1.5597 0.439104 14.0406
    endloop
  endfacet
  facet normal -0.152183 0.647742 -0.746506
    outer loop
      vertex 3.46184 3.40249 14.9283
      vertex 3.35256 3.48849 15.0252
      vertex 4.07609 3.91283 15.2459
    endloop
  endfacet
  facet normal -0.134455 0.606124 -0.783923
    outer loop
      vertex 3.6238 2.66163 14.3036
      vertex 2.94307 2.32529 14.1603
      vertex 2.9579 2.45856 14.2608
    endloop
  endfacet
  facet normal -0.509647 0.768176 -0.387511
    outer loop
      vertex -0.839936 3.17083 16.664
      vertex -0.947169 3.22464 16.9117
      vertex -0.277062 3.66211 16.8976
    endloop
  endfacet
  facet normal -0.39793 0.786057 -0.473039
    outer loop
      vertex 0.900746 4.36751 16.9683
      vertex 0.895164 4.5519 17.2794
      vertex 1.49167 4.94065 17.4236
    endloop
  endfacet
  facet normal -0.418144 0.688952 -0.592032
    outer loop
      vertex -1.51306 1.64151 15.1929
      vertex -1.8338 1.6322 15.4086
      vertex -1.43404 2.09232 15.6617
    endloop
  endfacet
  facet normal -0.561879 0.716034 -0.41423
    outer loop
      vertex -1.88844 2.12233 16.1243
      vertex -2.36258 1.5766 15.8241
      vertex -2.0611 2.1107 16.3384
    endloop
  endfacet
  facet normal -0.0434217 0.687164 -0.725203
    outer loop
      vertex 6.37207 5.29548 16.2214
      vertex 5.72419 5.19924 16.169
      vertex 6.1886 5.53084 16.4554
    endloop
  endfacet
  facet normal 0.752289 0.513037 -0.413344
    outer loop
      vertex 8.1451 5.2412 16.6224
      vertex 8.05484 5.65409 16.9706
      vertex 8.16038 5.61535 17.1146
    endloop
  endfacet
  facet normal 0.216328 0.768027 -0.602774
    outer loop
      vertex 7.71845 5.98644 17.1224
      vertex 7.25613 6.18345 17.2075
      vertex 7.49041 6.27898 17.4133
    endloop
  endfacet
  facet normal -0.03683 0.726552 -0.686123
    outer loop
      vertex 6.1886 5.53084 16.4554
      vertex 5.95161 5.71733 16.6656
      vertex 6.60164 5.80732 16.726
    endloop
  endfacet
  facet normal -0.212694 0.766493 -0.606012
    outer loop
      vertex 4.21379 5.57346 16.8696
      vertex 3.79979 5.50325 16.9261
      vertex 4.07359 5.86496 17.2875
    endloop
  endfacet
  facet normal -0.0425692 0.840184 -0.540629
    outer loop
      vertex 6.35699 6.3949 17.4294
      vertex 5.97215 6.49026 17.6079
      vertex 6.62558 6.57034 17.6809
    endloop
  endfacet
  facet normal 0.463664 0.341278 0.817646
    outer loop
      vertex 6.68697 6.70566 18.5708
      vertex 6.66271 6.54288 18.6525
      vertex 7.08932 6.43718 18.4547
    endloop
  endfacet
  facet normal 0.0450818 0.721896 -0.690531
    outer loop
      vertex 6.79964 5.55333 16.4734
      vertex 6.60164 5.80732 16.726
      vertex 7.16914 5.75581 16.7092
    endloop
  endfacet
  facet normal -0.180029 0.978202 -0.103489
    outer loop
      vertex 5.54932 6.8339 18.5712
      vertex 4.86163 6.69425 18.4475
      vertex 4.97104 6.73582 18.6501
    endloop
  endfacet
  facet normal -0.0598385 0.915435 -0.397994
    outer loop
      vertex 6.4208 6.78264 18.0966
      vertex 5.76614 6.70611 18.019
      vertex 5.9488 6.81974 18.2529
    endloop
  endfacet
  facet normal 0.101958 0.951996 -0.288631
    outer loop
      vertex 6.99195 6.7205 18.0934
      vertex 6.4208 6.78264 18.0966
      vertex 6.56534 6.82619 18.2913
    endloop
  endfacet
  facet normal -0.39797 0.786064 -0.472995
    outer loop
      vertex 1.4535 4.72775 17.1019
      vertex 0.900746 4.36751 16.9683
      vertex 1.49167 4.94065 17.4236
    endloop
  endfacet
  facet normal -0.367904 0.762101 -0.532774
    outer loop
      vertex 1.41583 4.46852 16.7571
      vertex 0.900746 4.36751 16.9683
      vertex 1.4535 4.72775 17.1019
    endloop
  endfacet
  facet normal -0.615676 0.719416 0.321533
    outer loop
      vertex 0.938622 4.83269 18.2444
      vertex 0.260738 4.27553 18.193
      vertex 0.96534 4.78485 18.4026
    endloop
  endfacet
  facet normal -0.515938 0.844621 -0.142909
    outer loop
      vertex 1.60508 5.2808 18.2167
      vertex 0.903866 4.78595 17.8236
      vertex 0.918056 4.83306 18.0508
    endloop
  endfacet
  facet normal -0.531627 0.590759 0.606941
    outer loop
      vertex 1.67562 5.24775 18.5742
      vertex 0.997914 4.69007 18.5234
      vertex 1.7082 5.15296 18.695
    endloop
  endfacet
  facet normal -0.445597 0.0869389 0.891002
    outer loop
      vertex -0.344521 3.50149 18.156
      vertex -0.919225 2.7737 17.9396
      vertex -0.270943 3.33953 18.2086
    endloop
  endfacet
  facet normal 0.0453718 -0.261777 0.964061
    outer loop
      vertex 3.67486 5.23049 19.0084
      vertex 3.06743 4.96685 18.9654
      vertex 3.58362 4.8464 18.9084
    endloop
  endfacet
  facet normal 0.00692971 -0.0426744 0.999065
    outer loop
      vertex 4.41947 6.0643 19.0813
      vertex 3.78511 5.83955 19.0761
      vertex 4.35538 5.77998 19.0696
    endloop
  endfacet
  facet normal -0.416123 0.657781 0.627826
    outer loop
      vertex 3.08212 6.01454 18.7964
      vertex 2.41637 5.56436 18.8268
      vertex 3.11469 5.91975 18.9173
    endloop
  endfacet
  facet normal -0.416123 0.657781 0.627826
    outer loop
      vertex 2.41637 5.56436 18.8268
      vertex 3.08212 6.01454 18.7964
      vertex 2.3838 5.65915 18.7059
    endloop
  endfacet
  facet normal -0.316526 0.403319 0.858571
    outer loop
      vertex 3.11469 5.91975 18.9173
      vertex 2.41637 5.56436 18.8268
      vertex 2.43891 5.41409 18.9057
    endloop
  endfacet
  facet normal -0.474434 0.866472 -0.155366
    outer loop
      vertex 2.22993 5.6033 18.1072
      vertex 1.60508 5.2808 18.2167
      vertex 2.29006 5.67872 18.3442
    endloop
  endfacet
  facet normal -0.344912 0.69104 0.635216
    outer loop
      vertex 3.76292 6.31003 18.8447
      vertex 3.11469 5.91975 18.9173
      vertex 3.7955 6.21525 18.9655
    endloop
  endfacet
  facet normal -0.345066 0.691239 0.634916
    outer loop
      vertex 3.11469 5.91975 18.9173
      vertex 3.76292 6.31003 18.8447
      vertex 3.08212 6.01454 18.7964
    endloop
  endfacet
  facet normal -0.597205 0.799453 0.0649686
    outer loop
      vertex 0.918056 4.83306 18.0508
      vertex 0.236529 4.34042 17.8481
      vertex 0.938622 4.83269 18.2444
    endloop
  endfacet
  facet normal -0.474439 0.866454 -0.15545
    outer loop
      vertex 2.22993 5.6033 18.1072
      vertex 1.56788 5.2187 17.9841
      vertex 1.60508 5.2808 18.2167
    endloop
  endfacet
  facet normal -0.428747 0.886617 -0.173456
    outer loop
      vertex 2.88276 5.93554 18.1919
      vertex 2.29006 5.67872 18.3442
      vertex 2.96551 6.02247 18.4317
    endloop
  endfacet
  facet normal -0.505474 0.815369 -0.282257
    outer loop
      vertex 0.896207 4.69189 17.5656
      vertex 0.267541 4.23746 17.3787
      vertex 0.903866 4.78595 17.8236
    endloop
  endfacet
  facet normal -0.529917 0.751689 -0.392621
    outer loop
      vertex -1.37903 2.65569 16.4053
      vertex -1.5199 2.67735 16.6369
      vertex -0.947169 3.22464 16.9117
    endloop
  endfacet
  facet normal -0.646325 0.749162 -0.14498
    outer loop
      vertex -1.62769 2.67515 16.8506
      vertex -1.70121 2.64913 17.0439
      vertex -1.02759 3.24859 17.1385
    endloop
  endfacet
  facet normal -0.516244 0.69333 -0.502778
    outer loop
      vertex -2.11801 1.61048 15.6197
      vertex -2.51987 1.09886 15.3268
      vertex -2.36258 1.5766 15.8241
    endloop
  endfacet
  facet normal -0.606744 0.73674 -0.298456
    outer loop
      vertex -1.5199 2.67735 16.6369
      vertex -2.19475 2.08143 16.5378
      vertex -1.62769 2.67515 16.8506
    endloop
  endfacet
  facet normal -0.671242 0.724244 -0.157811
    outer loop
      vertex -1.62769 2.67515 16.8506
      vertex -2.19475 2.08143 16.5378
      vertex -1.70121 2.64913 17.0439
    endloop
  endfacet
  facet normal -0.662443 0.595739 -0.454164
    outer loop
      vertex -4.34589 -1.3417 14.2466
      vertex -4.58871 -1.53593 14.346
      vertex -4.33324 -0.959874 14.729
    endloop
  endfacet
  facet normal -0.880611 0.444223 0.164892
    outer loop
      vertex -4.26542 -0.616026 15.3739
      vertex -4.29635 -0.724222 15.5002
      vertex -3.8927 -0.0731859 15.902
    endloop
  endfacet
  facet normal -0.462466 0.827918 0.317297
    outer loop
      vertex 3.03221 6.0489 18.634
      vertex 2.34154 5.6974 18.5445
      vertex 2.3838 5.65915 18.7059
    endloop
  endfacet
  facet normal -0.153585 0.873318 -0.462307
    outer loop
      vertex 5.53675 6.52448 17.7521
      vertex 5.26198 6.67753 18.1325
      vertex 5.76614 6.70611 18.019
    endloop
  endfacet
  facet normal -0.163525 0.754521 0.635576
    outer loop
      vertex 5.075 6.61428 18.9336
      vertex 4.41875 6.54239 18.8501
      vertex 4.45133 6.44761 18.971
    endloop
  endfacet
  facet normal 0.113651 0.123909 0.985764
    outer loop
      vertex 5.06841 6.45251 19.0114
      vertex 5.02272 6.22552 19.0452
      vertex 5.64669 6.55059 18.9324
    endloop
  endfacet
  facet normal -0.519616 0.790803 0.323465
    outer loop
      vertex 2.34154 5.6974 18.5445
      vertex 1.64112 5.29051 18.4141
      vertex 2.3838 5.65915 18.7059
    endloop
  endfacet
  facet normal -0.333756 0.942478 -0.0185235
    outer loop
      vertex 4.25838 6.53304 18.4837
      vertex 3.70555 6.34116 18.6817
      vertex 4.3542 6.57097 18.6871
    endloop
  endfacet
  facet normal -0.19941 0.931927 -0.3029
    outer loop
      vertex 5.42717 6.79017 18.3703
      vertex 4.71538 6.58482 18.2071
      vertex 4.86163 6.69425 18.4475
    endloop
  endfacet
  facet normal 0.0649485 0.781571 -0.620426
    outer loop
      vertex 6.95879 6.02566 16.9776
      vertex 6.68708 6.23947 17.2185
      vertex 7.25613 6.18345 17.2075
    endloop
  endfacet
  facet normal -0.354378 0.871735 -0.338369
    outer loop
      vertex 3.39229 6.0527 17.9601
      vertex 2.88276 5.93554 18.1919
      vertex 3.51922 6.21178 18.237
    endloop
  endfacet
  facet normal -0.293758 0.839731 -0.456682
    outer loop
      vertex 3.97744 6.26001 17.9649
      vertex 3.24463 5.83278 17.6507
      vertex 3.39229 6.0527 17.9601
    endloop
  endfacet
  facet normal -0.269409 0.773642 -0.573496
    outer loop
      vertex 3.35818 5.38523 16.9525
      vertex 2.8938 5.2207 16.9487
      vertex 3.58824 5.73525 17.3166
    endloop
  endfacet
  facet normal -0.312713 0.803334 -0.506819
    outer loop
      vertex 3.07786 5.55443 17.3124
      vertex 2.54805 5.32447 17.2748
      vertex 3.24463 5.83278 17.6507
    endloop
  endfacet
  facet normal -0.212706 0.766489 -0.606013
    outer loop
      vertex 4.21379 5.57346 16.8696
      vertex 4.07359 5.86496 17.2875
      vertex 4.5286 5.94213 17.2254
    endloop
  endfacet
  facet normal -0.183628 0.759397 -0.624177
    outer loop
      vertex 4.59565 5.59511 16.7836
      vertex 4.21379 5.57346 16.8696
      vertex 4.94828 5.96592 17.131
    endloop
  endfacet
  facet normal -0.173112 0.702944 -0.689856
    outer loop
      vertex 4.51663 5.1443 16.3149
      vertex 4.05902 4.66977 15.9462
      vertex 4.2091 5.16847 16.4167
    endloop
  endfacet
  facet normal -0.16458 0.724605 -0.669224
    outer loop
      vertex 4.51663 5.1443 16.3149
      vertex 4.2091 5.16847 16.4167
      vertex 4.94118 5.56795 16.6692
    endloop
  endfacet
  facet normal -0.234782 0.679153 -0.695434
    outer loop
      vertex 2.26273 3.49675 15.3254
      vertex 2.25887 3.92661 15.7465
      vertex 2.55702 4.03224 15.749
    endloop
  endfacet
  facet normal -0.234706 0.679167 -0.695447
    outer loop
      vertex 2.26273 3.49675 15.3254
      vertex 2.02738 3.41337 15.3234
      vertex 2.25887 3.92661 15.7465
    endloop
  endfacet
  facet normal -0.201127 0.65305 -0.730119
    outer loop
      vertex 2.88989 3.60312 15.2398
      vertex 2.41303 3.00525 14.8364
      vertex 2.69636 3.59215 15.2833
    endloop
  endfacet
  facet normal -0.211704 0.694088 -0.688058
    outer loop
      vertex 3.10636 4.1531 15.6957
      vertex 2.84055 4.10801 15.732
      vertex 3.17988 4.61993 16.144
    endloop
  endfacet
  facet normal -0.116915 0.673502 -0.729881
    outer loop
      vertex 4.66212 4.38578 15.5609
      vertex 4.49603 4.51647 15.7081
      vertex 5.02159 4.96717 16.0398
    endloop
  endfacet
  facet normal -0.202558 0.618715 -0.759053
    outer loop
      vertex 1.82405 2.1626 14.2849
      vertex 1.92616 2.37993 14.4348
      vertex 2.00261 2.37392 14.4095
    endloop
  endfacet
  facet normal -0.203027 0.618801 -0.758858
    outer loop
      vertex 1.80869 2.16406 14.2902
      vertex 1.92616 2.37993 14.4348
      vertex 1.82405 2.1626 14.2849
    endloop
  endfacet
  facet normal -0.201939 0.618543 -0.759358
    outer loop
      vertex 1.92616 2.37993 14.4348
      vertex 1.80869 2.16406 14.2902
      vertex 1.77053 2.16351 14.2999
    endloop
  endfacet
  facet normal -0.165228 0.676921 -0.717271
    outer loop
      vertex 4.29426 4.61148 15.837
      vertex 3.76946 4.10097 15.4761
      vertex 4.05902 4.66977 15.9462
    endloop
  endfacet
  facet normal -0.135103 0.68472 -0.716175
    outer loop
      vertex 4.49603 4.51647 15.7081
      vertex 4.29426 4.61148 15.837
      vertex 4.78845 5.07695 16.1888
    endloop
  endfacet
  facet normal -0.0952619 0.688611 -0.718846
    outer loop
      vertex 5.2135 4.81615 15.8697
      vertex 5.02159 4.96717 16.0398
      vertex 5.72419 5.19924 16.169
    endloop
  endfacet
  facet normal -0.117773 0.702503 -0.701868
    outer loop
      vertex 5.02159 4.96717 16.0398
      vertex 4.78845 5.07695 16.1888
      vertex 5.50856 5.36892 16.3602
    endloop
  endfacet
  facet normal -0.152251 0.588691 -0.793891
    outer loop
      vertex 2.7096 1.84404 13.8409
      vertex 2.78564 1.86937 13.8451
      vertex 2.75347 1.80913 13.8066
    endloop
  endfacet
  facet normal -0.148674 0.579214 -0.801503
    outer loop
      vertex 2.78564 1.86937 13.8451
      vertex 2.7096 1.84404 13.8409
      vertex 2.70566 1.84718 13.8439
    endloop
  endfacet
  facet normal -0.121905 0.650404 -0.749742
    outer loop
      vertex 4.18327 3.77534 15.1092
      vertex 4.07609 3.91283 15.2459
      vertex 4.66212 4.38578 15.5609
    endloop
  endfacet
  facet normal -0.254747 0.599878 -0.758453
    outer loop
      vertex -0.360118 0.420339 13.5444
      vertex -0.544279 0.424062 13.6092
      vertex -0.332437 0.523127 13.6164
    endloop
  endfacet
  facet normal -0.254579 0.600505 -0.758013
    outer loop
      vertex -0.544279 0.424062 13.6092
      vertex -0.360118 0.420339 13.5444
      vertex -0.559112 0.290787 13.5086
    endloop
  endfacet
  facet normal -0.121261 0.568483 -0.813709
    outer loop
      vertex 3.02013 1.53189 13.5691
      vertex 2.99818 1.5597 13.5918
      vertex 3.13884 1.56809 13.5767
    endloop
  endfacet
  facet normal -0.152337 0.625118 -0.76552
    outer loop
      vertex 3.60545 3.16407 14.7026
      vertex 2.88721 2.78196 14.5335
      vertex 3.54645 3.29395 14.8204
    endloop
  endfacet
  facet normal 0.855632 -0.368991 0.36296
    outer loop
      vertex 8.25939 4.49461 16.6158
      vertex 8.08803 3.81337 16.3272
      vertex 8.20278 3.98601 16.2322
    endloop
  endfacet
  facet normal 0.392382 0.525648 -0.754805
    outer loop
      vertex 7.98229 4.7795 16.1047
      vertex 7.67805 4.25345 15.5802
      vertex 7.73155 4.73419 15.9428
    endloop
  endfacet
  facet normal 0.939279 -0.0967473 -0.329234
    outer loop
      vertex 8.11316 3.56605 15.7241
      vertex 7.87737 3.0723 15.1965
      vertex 8.08058 3.66083 15.6033
    endloop
  endfacet
  facet normal 0.939288 -0.0967934 -0.329194
    outer loop
      vertex 7.87737 3.0723 15.1965
      vertex 8.11316 3.56605 15.7241
      vertex 7.90994 2.97752 15.3173
    endloop
  endfacet
  facet normal 0.618805 0.741172 -0.260277
    outer loop
      vertex 7.89223 6.01206 17.2952
      vertex 7.65905 6.31118 17.5926
      vertex 7.99597 5.97728 17.4428
    endloop
  endfacet
  facet normal 0.741245 -0.619334 0.258807
    outer loop
      vertex 7.17132 1.4956 14.7566
      vertex 6.63773 0.755641 14.5141
      vertex 6.78089 0.865887 14.3679
    endloop
  endfacet
  facet normal 0.516226 -0.693339 0.502784
    outer loop
      vertex 5.51987 -0.0988626 14.6732
      vertex 5.36258 -0.576597 14.1759
      vertex 5.79626 -0.0244761 14.492
    endloop
  endfacet
  facet normal 0.766536 0.00179228 -0.642199
    outer loop
      vertex 7.6041 2.45611 14.7869
      vertex 7.26377 1.81901 14.3789
      vertex 7.50465 2.52946 14.6684
    endloop
  endfacet
  facet normal 0.964525 -0.260146 0.0448872
    outer loop
      vertex 8.2441 4.12046 16.1236
      vertex 8.07328 3.43767 15.837
      vertex 8.11316 3.56605 15.7241
    endloop
  endfacet
  facet normal -0.0801298 -0.467259 0.880482
    outer loop
      vertex -1.75933 -0.113926 16.7749
      vertex -2.12817 -0.0408754 16.7801
      vertex -2.08686 -0.579724 16.4979
    endloop
  endfacet
  facet normal -0.73506 0.422808 0.530019
    outer loop
      vertex -2.34918 1.89189 17.0271
      vertex -1.71003 2.43219 17.4825
      vertex -1.74261 2.52698 17.3617
    endloop
  endfacet
  facet normal -0.735097 0.423069 0.52976
    outer loop
      vertex -1.71003 2.43219 17.4825
      vertex -2.34918 1.89189 17.0271
      vertex -2.3166 1.79711 17.148
    endloop
  endfacet
  facet normal -0.256662 -0.0420297 0.965587
    outer loop
      vertex 1.07915 4.36432 18.6484
      vertex 0.397623 3.87168 18.4458
      vertex 1.12692 4.13693 18.6512
    endloop
  endfacet
  facet normal -0.47894 0.0613725 0.8757
    outer loop
      vertex -0.919225 2.7737 17.9396
      vertex -1.64229 2.31624 17.5762
      vertex -1.54012 2.18039 17.6416
    endloop
  endfacet
  facet normal -0.794909 0.551391 0.253155
    outer loop
      vertex -2.33958 1.97143 16.884
      vertex -2.89797 1.32873 16.5305
      vertex -2.34918 1.89189 17.0271
    endloop
  endfacet
  facet normal -0.700306 0.457898 0.547631
    outer loop
      vertex -1.74261 2.52698 17.3617
      vertex -1.06812 3.04559 17.7906
      vertex -1.10069 3.14037 17.6697
    endloop
  endfacet
  facet normal -0.700267 0.457597 0.547933
    outer loop
      vertex -1.06812 3.04559 17.7906
      vertex -1.74261 2.52698 17.3617
      vertex -1.71003 2.43219 17.4825
    endloop
  endfacet
  facet normal -0.529299 0.313635 0.788337
    outer loop
      vertex 0.293313 4.18075 18.3139
      vertex -0.397889 3.63058 18.0687
      vertex 0.339108 4.04564 18.3984
    endloop
  endfacet
  facet normal -0.579823 0.557715 0.593935
    outer loop
      vertex 0.260738 4.27553 18.193
      vertex 0.997914 4.69007 18.5234
      vertex 0.96534 4.78485 18.4026
    endloop
  endfacet
  facet normal -0.579849 0.557979 0.593663
    outer loop
      vertex 0.997914 4.69007 18.5234
      vertex 0.260738 4.27553 18.193
      vertex 0.293313 4.18075 18.3139
    endloop
  endfacet
  facet normal 0.234983 -0.679119 0.6954
    outer loop
      vertex 0.972621 -2.41337 14.6765
      vertex 0.737269 -2.49675 14.6746
      vertex 0.741129 -2.92661 14.2535
    endloop
  endfacet
  facet normal 0.108182 -0.525605 0.843822
    outer loop
      vertex 0.653094 0.912911 17.2889
      vertex 0.602382 0.87197 17.2699
      vertex 0.632322 0.867376 17.2632
    endloop
  endfacet
  facet normal 0.105506 -0.523153 0.845683
    outer loop
      vertex 0.602382 0.87197 17.2699
      vertex 0.653094 0.912911 17.2889
      vertex 0.655612 0.91843 17.292
    endloop
  endfacet
  facet normal 0.175269 -0.641219 0.747074
    outer loop
      vertex 0.252823 -1.92246 15.3186
      vertex -0.352562 -2.48849 14.9748
      vertex -0.219799 -2.551 14.89
    endloop
  endfacet
  facet normal 0.209008 -0.62043 0.755898
    outer loop
      vertex 1.21673 -1.2939 15.5968
      vertex 1.24991 -1.3596 15.5337
      vertex 1.2718 -1.32262 15.558
    endloop
  endfacet
  facet normal 0.208465 -0.620664 0.755856
    outer loop
      vertex 1.24991 -1.3596 15.5337
      vertex 1.21673 -1.2939 15.5968
      vertex 1.15832 -1.37514 15.5462
    endloop
  endfacet
  facet normal 0.0980121 -0.557833 0.824145
    outer loop
      vertex 0.529338 -0.358119 16.4705
      vertex 0.527059 -0.36502 16.4661
      vertex 0.530155 -0.361078 16.4684
    endloop
  endfacet
  facet normal 0.126342 -0.562631 0.816997
    outer loop
      vertex 0.509684 -0.286878 16.5226
      vertex 0.527059 -0.36502 16.4661
      vertex 0.529338 -0.358119 16.4705
    endloop
  endfacet
  facet normal 0.122657 -0.563449 0.816995
    outer loop
      vertex 0.509684 -0.286878 16.5226
      vertex 0.212465 -0.0960913 16.6988
      vertex 0.527059 -0.36502 16.4661
    endloop
  endfacet
  facet normal 0.121987 -0.564143 0.816616
    outer loop
      vertex 0.492526 -0.179128 16.5996
      vertex 0.212465 -0.0960913 16.6988
      vertex 0.509684 -0.286878 16.5226
    endloop
  endfacet
  facet normal 0.122229 -0.563673 0.816905
    outer loop
      vertex 0.212465 -0.0960913 16.6988
      vertex 0.492526 -0.179128 16.5996
      vertex 0.488979 -0.156854 16.6155
    endloop
  endfacet
  facet normal 0.152715 -0.592639 0.790858
    outer loop
      vertex 0.214357 -0.869367 16.1549
      vertex 0.69404 -0.766977 16.139
      vertex 0.679942 -0.740184 16.1618
    endloop
  endfacet
  facet normal 0.152845 -0.593329 0.790316
    outer loop
      vertex 0.69404 -0.766977 16.139
      vertex 0.214357 -0.869367 16.1549
      vertex 0.143534 -1.02907 16.0487
    endloop
  endfacet
  facet normal 0.120433 -0.460477 0.879464
    outer loop
      vertex 2.30907 3.01762 18.2708
      vertex 2.2519 2.52844 18.0225
      vertex 2.74914 3.24158 18.3278
    endloop
  endfacet
  facet normal 0.320014 -0.647371 0.691738
    outer loop
      vertex 3.591 -0.500923 15.442
      vertex 3.77643 -0.622646 15.2423
      vertex 4.01119 -0.323771 15.4134
    endloop
  endfacet
  facet normal 0.320049 -0.647339 0.691752
    outer loop
      vertex 3.56625 -0.538913 15.4179
      vertex 3.77643 -0.622646 15.2423
      vertex 3.591 -0.500923 15.442
    endloop
  endfacet
  facet normal 0.319605 -0.647861 0.691469
    outer loop
      vertex 3.77643 -0.622646 15.2423
      vertex 3.56625 -0.538913 15.4179
      vertex 3.52304 -0.60527 15.3757
    endloop
  endfacet
  facet normal 0.212299 -0.798181 0.56377
    outer loop
      vertex -1.07359 -4.86496 12.7125
      vertex -1.81022 -5.25117 12.4431
      vertex -1.31919 -5.16789 12.3761
    endloop
  endfacet
  facet normal 0.406926 -0.746102 0.527013
    outer loop
      vertex 3.07544 -2.39055 13.6863
      vertex 2.64758 -2.97115 13.1947
      vertex 3.18549 -2.543 13.3855
    endloop
  endfacet
  facet normal 0.561792 -0.716057 0.414309
    outer loop
      vertex 5.36258 -0.576597 14.1759
      vertex 5.0611 -1.1107 13.6616
      vertex 5.56483 -0.530919 13.9806
    endloop
  endfacet
  facet normal 0.451857 -0.515246 0.728249
    outer loop
      vertex 7.27671 4.26299 17.4555
      vertex 6.96274 3.54921 17.1453
      vertex 7.35335 3.9124 17.1599
    endloop
  endfacet
  facet normal 0.350748 -0.621295 0.700691
    outer loop
      vertex 4.68393 0.841023 16.1456
      vertex 4.5597 0.560895 15.9594
      vertex 5.09898 0.781547 15.8851
    endloop
  endfacet
  facet normal 0.221936 -0.420305 0.879823
    outer loop
      vertex 5.33998 4.82618 18.5842
      vertex 4.9203 4.80239 18.6787
      vertex 5.03577 4.3145 18.4165
    endloop
  endfacet
  facet normal 0.252327 -0.433542 0.865085
    outer loop
      vertex 5.33998 4.82618 18.5842
      vertex 5.03577 4.3145 18.4165
      vertex 5.3813 4.28733 18.3021
    endloop
  endfacet
  facet normal 0.257836 -0.503428 0.82467
    outer loop
      vertex 5.00033 3.73684 18.1095
      vertex 4.58102 3.15089 17.8829
      vertex 5.27215 3.66949 17.9834
    endloop
  endfacet
  facet normal 0.257972 -0.503582 0.824534
    outer loop
      vertex 5.27215 3.66949 17.9834
      vertex 4.58102 3.15089 17.8829
      vertex 4.81626 3.0926 17.7737
    endloop
  endfacet
  facet normal 0.238892 -0.543021 0.805021
    outer loop
      vertex 4.12795 2.53589 17.6246
      vertex 3.64609 1.89858 17.3377
      vertex 3.80087 1.86023 17.2659
    endloop
  endfacet
  facet normal 0.314821 -0.570606 0.758483
    outer loop
      vertex 5.45214 2.27688 16.9626
      vertex 4.81259 1.99713 17.0176
      vertex 4.85408 1.80734 16.8576
    endloop
  endfacet
  facet normal 0.662795 -0.621463 0.417716
    outer loop
      vertex 7.33324 1.95987 15.271
      vertex 6.79843 1.22347 15.024
      vertex 7.01509 1.36427 14.8897
    endloop
  endfacet
  facet normal 0.353713 -0.649222 0.673349
    outer loop
      vertex 4.69322 0.0790129 15.4435
      vertex 4.22148 -0.0247107 15.5913
      vertex 4.44095 -0.279761 15.2301
    endloop
  endfacet
  facet normal 0.834369 0.11406 0.539277
    outer loop
      vertex 8.02855 5.8825 17.5636
      vertex 7.79279 6.18494 17.8644
      vertex 7.98959 5.72874 17.6564
    endloop
  endfacet
  facet normal 0.905184 0.0266536 0.424183
    outer loop
      vertex 8.02855 5.8825 17.5636
      vertex 7.98959 5.72874 17.6564
      vertex 8.19296 5.52057 17.2355
    endloop
  endfacet
  facet normal 0.0933163 -0.540884 0.835905
    outer loop
      vertex 0.0348043 0.304393 16.9778
      vertex -0.221857 0.00897789 16.8153
      vertex 0.415068 0.1371 16.8271
    endloop
  endfacet
  facet normal 0.216327 -0.510236 0.832383
    outer loop
      vertex 4.02076 3.15513 18.0372
      vertex 3.66094 2.53943 17.7533
      vertex 3.9061 2.55332 17.6981
    endloop
  endfacet
  facet normal 0.185874 -0.360638 0.913997
    outer loop
      vertex 5.14922 5.2648 18.8146
      vertex 4.65818 5.18152 18.8816
      vertex 4.9203 4.80239 18.6787
    endloop
  endfacet
  facet normal 0.178633 -0.297426 0.937885
    outer loop
      vertex 5.33815 5.675 18.9087
      vertex 4.81648 5.58652 18.98
      vertex 5.14922 5.2648 18.8146
    endloop
  endfacet
  facet normal 0.0877962 -0.270464 0.958719
    outer loop
      vertex 3.67486 5.23049 19.0084
      vertex 3.58362 4.8464 18.9084
      vertex 4.26002 5.43781 19.0133
    endloop
  endfacet
  facet normal 0.0487706 -0.379981 0.923708
    outer loop
      vertex 2.39631 3.90816 18.6577
      vertex 1.84519 3.58801 18.5551
      vertex 2.35739 3.47921 18.4833
    endloop
  endfacet
  facet normal -0.200273 -0.177654 0.963499
    outer loop
      vertex 0.550112 3.41525 18.427
      vertex -0.177962 3.14645 18.2261
      vertex -0.0665989 2.92437 18.2083
    endloop
  endfacet
  facet normal -0.0903142 -0.159234 0.983101
    outer loop
      vertex 2.44437 4.64975 18.8846
      vertex 1.79093 4.56967 18.8116
      vertex 1.81251 4.28269 18.7671
    endloop
  endfacet
  facet normal 0.219853 -0.45596 0.862418
    outer loop
      vertex 5.03577 4.3145 18.4165
      vertex 4.65391 4.29285 18.5024
      vertex 4.69281 3.76101 18.2113
    endloop
  endfacet
  facet normal 0.12217 -0.427699 0.895627
    outer loop
      vertex 3.33391 3.94009 18.5816
      vertex 2.74914 3.24158 18.3278
      vertex 3.17817 3.42779 18.3582
    endloop
  endfacet
  facet normal 0.194943 -0.446515 0.873282
    outer loop
      vertex 4.65391 4.29285 18.5024
      vertex 3.9845 3.67926 18.3381
      vertex 4.35296 3.74175 18.2878
    endloop
  endfacet
  facet normal -0.149656 -0.279532 0.948401
    outer loop
      vertex -0.0665989 2.92437 18.2083
      vertex -0.664598 2.40243 17.9601
      vertex 0.0619287 2.67574 18.1553
    endloop
  endfacet
  facet normal -0.167697 -0.167764 0.971459
    outer loop
      vertex 1.12692 4.13693 18.6512
      vertex 0.550112 3.41525 18.427
      vertex 1.17878 3.86968 18.614
    endloop
  endfacet
  facet normal 0.00954501 -0.438327 0.898765
    outer loop
      vertex 0.53557 1.79897 17.7931
      vertex -0.109901 1.69572 17.7496
      vertex 0.113202 1.43033 17.6178
    endloop
  endfacet
  facet normal -0.0419399 -0.33001 0.943045
    outer loop
      vertex 1.23416 3.56552 18.5372
      vertex 0.642416 3.13778 18.3612
      vertex 1.29245 3.22777 18.4216
    endloop
  endfacet
  facet normal -0.485069 0.339579 0.80585
    outer loop
      vertex 0.997914 4.69007 18.5234
      vertex 0.293313 4.18075 18.3139
      vertex 0.339108 4.04564 18.3984
    endloop
  endfacet
  facet normal -0.149688 -0.279458 0.948418
    outer loop
      vertex 0.0619287 2.67574 18.1553
      vertex -0.664598 2.40243 17.9601
      vertex -0.500944 2.18445 17.9217
    endloop
  endfacet
  facet normal -0.0652921 -0.33659 0.939385
    outer loop
      vertex 0.642416 3.13778 18.3612
      vertex 0.0619287 2.67574 18.1553
      vertex 0.206213 2.40327 18.0677
    endloop
  endfacet
  facet normal 0.0982912 -0.49326 0.864311
    outer loop
      vertex 1.47829 2.05161 17.857
      vertex 1.47891 1.86144 17.7484
      vertex 1.50412 1.8754 17.7535
    endloop
  endfacet
  facet normal 0.0995672 -0.493194 0.864203
    outer loop
      vertex 1.47829 2.05161 17.857
      vertex 1.39617 1.80496 17.7257
      vertex 1.47891 1.86144 17.7484
    endloop
  endfacet
  facet normal 0.0989677 -0.493069 0.864343
    outer loop
      vertex 1.39617 1.80496 17.7257
      vertex 1.47829 2.05161 17.857
      vertex 1.37796 1.79254 17.7207
    endloop
  endfacet
  facet normal 0.463848 0.341671 0.817378
    outer loop
      vertex 7.1183 6.59879 18.3707
      vertex 6.68697 6.70566 18.5708
      vertex 7.08932 6.43718 18.4547
    endloop
  endfacet
  facet normal 0.0899008 0.795185 0.599665
    outer loop
      vertex 6.16641 6.8388 18.6116
      vertex 5.65969 6.71344 18.8538
      vertex 6.19898 6.74402 18.7324
    endloop
  endfacet
  facet normal 0.0897406 0.79538 0.599431
    outer loop
      vertex 5.65969 6.71344 18.8538
      vertex 6.16641 6.8388 18.6116
      vertex 5.62712 6.80823 18.7329
    endloop
  endfacet
  facet normal 0.301748 -0.136851 0.943515
    outer loop
      vertex 6.58189 6.3139 18.6943
      vertex 5.9892 6.05708 18.8466
      vertex 6.4454 6.02122 18.6955
    endloop
  endfacet
  facet normal 0.317225 0.387535 0.865555
    outer loop
      vertex 6.19898 6.74402 18.7324
      vertex 6.18007 6.58082 18.8124
      vertex 6.66271 6.54288 18.6525
    endloop
  endfacet
  facet normal 0.424056 0.0156249 0.905501
    outer loop
      vertex 6.66271 6.54288 18.6525
      vertex 6.58189 6.3139 18.6943
      vertex 6.9991 6.21053 18.5007
    endloop
  endfacet
  facet normal 0.213327 0.0966368 0.97219
    outer loop
      vertex 5.64669 6.55059 18.9324
      vertex 5.58826 6.32143 18.968
      vertex 6.10989 6.351 18.8506
    endloop
  endfacet
  facet normal 0.294971 -0.524968 0.798374
    outer loop
      vertex 5.50529 3.55971 17.8345
      vertex 5.18412 2.86689 17.4976
      vertex 5.6972 3.4087 17.6643
    endloop
  endfacet
  facet normal 0.4771 -0.461443 0.747961
    outer loop
      vertex 7.59841 4.61068 17.4648
      vertex 7.13863 4.56695 17.7311
      vertex 7.27671 4.26299 17.4555
    endloop
  endfacet
  facet normal 0.344159 -0.285419 0.894478
    outer loop
      vertex 6.84863 5.92131 18.5085
      vertex 6.25472 5.66805 18.6562
      vertex 6.63957 5.5727 18.4777
    endloop
  endfacet
  facet normal 0.453991 -0.58899 0.668568
    outer loop
      vertex 6.93152 2.7845 16.554
      vertex 6.48387 2.45682 16.5693
      vertex 6.82962 2.35305 16.2431
    endloop
  endfacet
  facet normal 0.282369 -0.448199 0.848166
    outer loop
      vertex 5.71974 4.79633 18.4584
      vertex 5.3813 4.28733 18.3021
      vertex 6.05541 4.71316 18.3027
    endloop
  endfacet
  facet normal 0.400413 -0.316115 0.860082
    outer loop
      vertex 6.84863 5.92131 18.5085
      vertex 6.63957 5.5727 18.4777
      vertex 6.96965 5.41726 18.2669
    endloop
  endfacet
  facet normal 0.585945 0.706863 0.396248
    outer loop
      vertex 7.45568 6.51936 18.0135
      vertex 7.1183 6.59879 18.3707
      vertex 7.48826 6.42458 18.1344
    endloop
  endfacet
  facet normal 0.423682 0.0151637 0.905684
    outer loop
      vertex 7.08932 6.43718 18.4547
      vertex 6.66271 6.54288 18.6525
      vertex 6.9991 6.21053 18.5007
    endloop
  endfacet
  facet normal 0.525647 -0.0367444 0.849909
    outer loop
      vertex 7.08932 6.43718 18.4547
      vertex 6.9991 6.21053 18.5007
      vertex 7.35694 6.04203 18.2721
    endloop
  endfacet
  facet normal 0.453094 -0.212378 0.865795
    outer loop
      vertex 6.9991 6.21053 18.5007
      vertex 6.84863 5.92131 18.5085
      vertex 7.35694 6.04203 18.2721
    endloop
  endfacet
  facet normal 0.697564 -0.152432 0.70012
    outer loop
      vertex 7.98959 5.72874 17.6564
      vertex 7.6515 5.81024 18.011
      vertex 7.87954 5.5177 17.7201
    endloop
  endfacet
  facet normal 0.386212 0.9195 -0.0732177
    outer loop
      vertex 7.35786 6.5482 17.8597
      vertex 6.99195 6.7205 18.0934
      vertex 7.45568 6.51936 18.0135
    endloop
  endfacet
  facet normal 0.977824 0.150982 -0.14514
    outer loop
      vertex 8.30133 4.63469 16.5115
      vertex 8.25164 5.19789 16.7626
      vertex 8.28422 5.10311 16.8835
    endloop
  endfacet
  facet normal 0.977825 0.150978 -0.145131
    outer loop
      vertex 8.25164 5.19789 16.7626
      vertex 8.30133 4.63469 16.5115
      vertex 8.26875 4.72948 16.3906
    endloop
  endfacet
  facet normal 0.361231 0.587913 -0.723789
    outer loop
      vertex 7.73155 4.73419 15.9428
      vertex 7.71555 5.17208 16.2905
      vertex 7.96574 5.23257 16.4645
    endloop
  endfacet
  facet normal 0.698429 0.628191 -0.342889
    outer loop
      vertex 8.05484 5.65409 16.9706
      vertex 7.89223 6.01206 17.2952
      vertex 8.16038 5.61535 17.1146
    endloop
  endfacet
  facet normal 0.512973 0.841713 -0.168459
    outer loop
      vertex 7.65905 6.31118 17.5926
      vertex 7.45568 6.51936 18.0135
      vertex 7.76021 6.27973 17.7435
    endloop
  endfacet
  facet normal 0.286628 -0.675756 0.679116
    outer loop
      vertex 2.22941 -1.68326 14.9104
      vertex 2.01295 -2.23324 14.4545
      vertex 2.33327 -2.0017 14.5497
    endloop
  endfacet
  facet normal 0.25755 -0.680401 0.686092
    outer loop
      vertex 1.21693 -2.30732 14.6939
      vertex 1.05063 -2.79227 14.2754
      vertex 1.46753 -2.17979 14.7263
    endloop
  endfacet
  facet normal 0.308435 -0.879008 0.363612
    outer loop
      vertex -0.392291 -5.0527 12.0399
      vertex -0.977445 -5.26001 12.0351
      vertex -0.519217 -5.21178 11.763
    endloop
  endfacet
  facet normal 0.259266 -0.746417 0.612897
    outer loop
      vertex 0.305532 -3.83525 13.4364
      vertex -0.107761 -3.98168 13.4329
      vertex 0.106201 -4.2207 13.0513
    endloop
  endfacet
  facet normal 0.423396 -0.736189 0.527979
    outer loop
      vertex 3.55002 -1.97634 13.8833
      vertex 3.18549 -2.543 13.3855
      vertex 3.70707 -2.08776 13.602
    endloop
  endfacet
  facet normal 0.347951 -0.665523 0.66031
    outer loop
      vertex 3.77643 -0.622646 15.2423
      vertex 3.51977 -0.918061 15.0798
      vertex 3.85141 -0.992714 14.8298
    endloop
  endfacet
  facet normal 0.426341 -0.552837 0.715964
    outer loop
      vertex 6.96274 3.54921 17.1453
      vertex 6.51227 3.1526 17.1073
      vertex 6.97605 3.18468 16.8559
    endloop
  endfacet
  facet normal 0.42631 -0.552956 0.715891
    outer loop
      vertex 6.97605 3.18468 16.8559
      vertex 6.51227 3.1526 17.1073
      vertex 6.52439 2.82093 16.8439
    endloop
  endfacet
  facet normal 0.367907 -0.7621 0.532773
    outer loop
      vertex 1.58417 -3.46852 13.2429
      vertex 1.5465 -3.72775 12.8981
      vertex 2.09925 -3.36751 13.0317
    endloop
  endfacet
  facet normal 0.293756 -0.839731 0.456683
    outer loop
      vertex -0.244632 -4.83278 12.3493
      vertex -0.977445 -5.26001 12.0351
      vertex -0.392291 -5.0527 12.0399
    endloop
  endfacet
  facet normal 0.416123 -0.657773 -0.627834
    outer loop
      vertex -0.0821161 -5.01454 11.2036
      vertex 0.583625 -4.56436 11.1732
      vertex 0.616199 -4.65915 11.2941
    endloop
  endfacet
  facet normal 0.416122 -0.657772 -0.627836
    outer loop
      vertex 0.583625 -4.56436 11.1732
      vertex -0.0821161 -5.01454 11.2036
      vertex -0.114691 -4.91975 11.0827
    endloop
  endfacet
  facet normal 0.0621478 -0.43421 -0.898665
    outer loop
      vertex -1.45133 -5.44761 11.029
      vertex -2.075 -5.61428 11.0664
      vertex -1.45157 -5.28766 10.9517
    endloop
  endfacet
  facet normal 0.30842 -0.879024 0.363584
    outer loop
      vertex -0.977445 -5.26001 12.0351
      vertex -1.13233 -5.42901 11.7579
      vertex -0.519217 -5.21178 11.763
    endloop
  endfacet
  facet normal 0.253157 -0.83964 0.480536
    outer loop
      vertex -1.31919 -5.16789 12.3761
      vertex -1.53391 -5.40873 12.0684
      vertex -0.977445 -5.26001 12.0351
    endloop
  endfacet
  facet normal 0.253184 -0.839621 0.480557
    outer loop
      vertex -0.795415 -5.02792 12.3447
      vertex -1.31919 -5.16789 12.3761
      vertex -0.977445 -5.26001 12.0351
    endloop
  endfacet
  facet normal 0.212693 -0.766493 0.606012
    outer loop
      vertex -0.799789 -4.50325 13.0739
      vertex -1.21379 -4.57346 13.1304
      vertex -1.07359 -4.86496 12.7125
    endloop
  endfacet
  facet normal 0.65693 -0.685002 -0.314984
    outer loop
      vertex 2.75826 -3.32895 11.9628
      vertex 2.73926 -3.27553 11.807
      vertex 3.43046 -2.72536 12.0521
    endloop
  endfacet
  facet normal 0.519615 -0.790805 -0.323462
    outer loop
      vertex 0.658458 -4.6974 11.4555
      vertex 0.616199 -4.65915 11.2941
      vertex 1.35888 -4.29051 11.5859
    endloop
  endfacet
  facet normal 0.635311 -0.769588 -0.0641405
    outer loop
      vertex 3.43204 -2.80826 12.3891
      vertex 2.75826 -3.32895 11.9628
      vertex 3.44189 -2.78481 12.2053
    endloop
  endfacet
  facet normal 0.62333 -0.524725 -0.579762
    outer loop
      vertex 3.43046 -2.72536 12.0521
      vertex 2.70669 -3.18075 11.6861
      vertex 3.39789 -2.63058 11.9313
    endloop
  endfacet
  facet normal 0.623359 -0.524986 -0.579495
    outer loop
      vertex 2.70669 -3.18075 11.6861
      vertex 3.43046 -2.72536 12.0521
      vertex 2.73926 -3.27553 11.807
    endloop
  endfacet
  facet normal 0.332099 -0.836415 0.436028
    outer loop
      vertex -0.244632 -4.83278 12.3493
      vertex -0.392291 -5.0527 12.0399
      vertex 0.215142 -4.78905 12.083
    endloop
  endfacet
  facet normal 0.378534 -0.904336 0.197203
    outer loop
      vertex 0.11724 -4.93554 11.8081
      vertex -0.624021 -5.30829 11.5216
      vertex 0.0344877 -5.02247 11.5683
    endloop
  endfacet
  facet normal 0.635326 -0.769572 -0.0641832
    outer loop
      vertex 2.76347 -3.34042 12.1519
      vertex 2.75826 -3.32895 11.9628
      vertex 3.43204 -2.80826 12.3891
    endloop
  endfacet
  facet normal 0.515901 -0.84463 0.142992
    outer loop
      vertex 1.43212 -4.2187 12.0159
      vertex 1.39492 -4.2808 11.7833
      vertex 2.09613 -3.78595 12.1764
    endloop
  endfacet
  facet normal 0.553547 -0.821663 0.135852
    outer loop
      vertex 2.75484 -3.30981 12.3722
      vertex 2.09613 -3.78595 12.1764
      vertex 2.76347 -3.34042 12.1519
    endloop
  endfacet
  facet normal 0.670114 -0.73995 -0.058494
    outer loop
      vertex 4.10478 -2.20623 12.4804
      vertex 3.43204 -2.80826 12.3891
      vertex 3.44189 -2.78481 12.2053
    endloop
  endfacet
  facet normal 0.418148 -0.688949 0.592032
    outer loop
      vertex 4.51306 -0.641508 14.8071
      vertex 4.43404 -1.09232 14.3383
      vertex 4.8338 -0.632196 14.5914
    endloop
  endfacet
  facet normal 0.573369 -0.696954 0.430701
    outer loop
      vertex 5.79626 -0.0244761 14.492
      vertex 5.36258 -0.576597 14.1759
      vertex 6.02557 0.0556555 14.3164
    endloop
  endfacet
  facet normal 0.574362 0.080679 -0.814616
    outer loop
      vertex 6.31133 0.604808 13.4805
      vertex 6.17239 0.698332 13.3918
      vertex 6.76882 1.25543 13.8675
    endloop
  endfacet
  facet normal 0.712508 -0.673107 0.198139
    outer loop
      vertex 6.2053 0.140656 14.1483
      vertex 5.834 -0.406302 13.6254
      vertex 6.33348 0.229594 13.9895
    endloop
  endfacet
  facet normal 0.794929 -0.551311 -0.253266
    outer loop
      vertex 5.89797 -0.328729 13.4695
      vertex 5.34918 -0.891891 12.9729
      vertex 5.91375 -0.242075 13.3304
    endloop
  endfacet
  facet normal 0.253829 0.208609 -0.944486
    outer loop
      vertex 4.40464 -1.02612 12.3219
      vertex 3.6646 -1.40243 12.0399
      vertex 4.23733 -0.855141 12.3147
    endloop
  endfacet
  facet normal 0.317205 0.347803 -0.882278
    outer loop
      vertex 6.41467 1.40467 13.6865
      vertex 6.15571 1.4648 13.6171
      vertex 6.79203 2.0133 14.0621
    endloop
  endfacet
  facet normal 0.735095 -0.423064 -0.529766
    outer loop
      vertex 5.34918 -0.891891 12.9729
      vertex 4.71003 -1.43219 12.5175
      vertex 5.3166 -0.797108 12.852
    endloop
  endfacet
  facet normal 0.73506 -0.422808 -0.530019
    outer loop
      vertex 4.71003 -1.43219 12.5175
      vertex 5.34918 -0.891891 12.9729
      vertex 4.74261 -1.52698 12.6383
    endloop
  endfacet
  facet normal 0.141062 0.479217 -0.866287
    outer loop
      vertex 6.18472 2.06112 13.9003
      vertex 5.80227 2.05945 13.8371
      vertex 6.06711 2.55526 14.1545
    endloop
  endfacet
  facet normal -0.0953255 0.688734 -0.71872
    outer loop
      vertex 5.72419 5.19924 16.169
      vertex 5.02159 4.96717 16.0398
      vertex 5.50856 5.36892 16.3602
    endloop
  endfacet
  facet normal 0.43985 0.353582 -0.825537
    outer loop
      vertex 7.33941 2.58058 14.5535
      vertex 7.11019 2.6089 14.4435
      vertex 7.60372 3.17659 14.9496
    endloop
  endfacet
  facet normal 0.601596 0.303131 -0.739049
    outer loop
      vertex 7.77492 3.1389 15.0735
      vertex 7.60372 3.17659 14.9496
      vertex 7.80029 3.74585 15.3431
    endloop
  endfacet
  facet normal 0.218041 0.381081 -0.898463
    outer loop
      vertex 5.743 0.877861 13.268
      vertex 5.45726 0.961898 13.2343
      vertex 5.84573 1.51436 13.5629
    endloop
  endfacet
  facet normal 0.0787486 0.507302 -0.858163
    outer loop
      vertex 5.80227 2.05945 13.8371
      vertex 5.37267 2.04071 13.7866
      vertex 6.06711 2.55526 14.1545
    endloop
  endfacet
  facet normal 0.478956 -0.0614114 -0.875688
    outer loop
      vertex 4.00741 -1.92292 12.1191
      vertex 3.91922 -1.7737 12.0604
      vertex 4.64229 -1.31624 12.4238
    endloop
  endfacet
  facet normal 0.30433 0.281925 -0.909891
    outer loop
      vertex 5.98225 0.789683 13.3207
      vertex 5.49949 0.175079 12.9688
      vertex 5.743 0.877861 13.268
    endloop
  endfacet
  facet normal -0.0887283 0.5575 -0.825422
    outer loop
      vertex 3.15083 1.33288 13.4177
      vertex 3.45662 1.2899 13.3558
      vertex 3.15893 1.31581 13.4053
    endloop
  endfacet
  facet normal -0.0894992 0.554654 -0.827254
    outer loop
      vertex 3.15083 1.33288 13.4177
      vertex 3.13884 1.56809 13.5767
      vertex 3.45662 1.2899 13.3558
    endloop
  endfacet
  facet normal -0.0884084 0.554747 -0.827309
    outer loop
      vertex 3.12135 1.38008 13.4525
      vertex 3.13884 1.56809 13.5767
      vertex 3.15083 1.33288 13.4177
    endloop
  endfacet
  facet normal -0.0897968 0.554768 -0.827145
    outer loop
      vertex 3.13884 1.56809 13.5767
      vertex 3.12135 1.38008 13.4525
      vertex 3.06739 1.46647 13.5163
    endloop
  endfacet
  facet normal 0.0290286 0.511872 -0.858571
    outer loop
      vertex 5.08686 1.57972 13.5021
      vertex 4.64627 1.59481 13.4962
      vertex 4.90065 2.00508 13.7494
    endloop
  endfacet
  facet normal 0.0203334 0.468153 -0.883414
    outer loop
      vertex 4.39368 0.648417 12.9585
      vertex 3.67357 0.356447 12.7872
      vertex 4.02936 0.765951 13.0124
    endloop
  endfacet
  facet normal -0.0212383 0.497885 -0.866983
    outer loop
      vertex 3.36541 0.538505 12.8993
      vertex 3.67357 0.356447 12.7872
      vertex 3.36612 0.508062 12.8818
    endloop
  endfacet
  facet normal -0.0222917 0.496555 -0.867719
    outer loop
      vertex 3.67357 0.356447 12.7872
      vertex 3.36541 0.538505 12.8993
      vertex 4.02936 0.765951 13.0124
    endloop
  endfacet
  facet normal -0.0131265 0.325274 -0.945529
    outer loop
      vertex 1.16933 -2.95427 11.3187
      vertex 0.574591 -3.29977 11.2081
      vertex 1.1548 -2.58801 11.4449
    endloop
  endfacet
  facet normal -0.29066 0.578797 -0.761912
    outer loop
      vertex -1.81259 -0.997128 12.9824
      vertex -1.85408 -0.807344 13.1424
      vertex -1.18653 -0.473299 13.1415
    endloop
  endfacet
  facet normal -0.21632 0.510235 -0.832386
    outer loop
      vertex -0.660935 -1.53943 12.2467
      vertex -1.02076 -2.15513 11.9628
      vertex -0.906104 -1.55332 12.3019
    endloop
  endfacet
  facet normal -0.0440128 0.326792 -0.944071
    outer loop
      vertex 0.574591 -3.29977 11.2081
      vertex 0.0602512 -3.18473 11.2719
      vertex 0.603691 -2.90816 11.3423
    endloop
  endfacet
  facet normal -0.261508 0.391787 -0.882109
    outer loop
      vertex -2.60212 -4.29047 11.2873
      vertex -3.01194 -4.25826 11.4231
      vertex -2.33998 -3.82618 11.4158
    endloop
  endfacet
  facet normal -0.169945 0.438487 -0.882524
    outer loop
      vertex -0.798293 -3.10461 11.4146
      vertex -1.2399 -3.22263 11.441
      vertex -0.591471 -2.57422 11.6383
    endloop
  endfacet
  facet normal -0.354997 0.534299 -0.767138
    outer loop
      vertex -2.84578 -2.2181 12.5252
      vertex -3.33124 -2.70447 12.4111
      vertex -2.94939 -1.99002 12.732
    endloop
  endfacet
  facet normal -0.129941 0.47654 -0.869497
    outer loop
      vertex 0.551989 -1.63066 11.9508
      vertex 0.36725 -1.72227 11.9282
      vertex 0.549515 -1.62951 11.9518
    endloop
  endfacet
  facet normal -0.120319 0.4597 -0.879886
    outer loop
      vertex 0.591347 -1.64371 11.9386
      vertex 0.36725 -1.72227 11.9282
      vertex 0.551989 -1.63066 11.9508
    endloop
  endfacet
  facet normal -0.12016 0.459278 -0.880128
    outer loop
      vertex 0.653395 -1.66427 11.9194
      vertex 0.36725 -1.72227 11.9282
      vertex 0.591347 -1.64371 11.9386
    endloop
  endfacet
  facet normal -0.120391 0.460518 -0.879448
    outer loop
      vertex 0.36725 -1.72227 11.9282
      vertex 0.653395 -1.66427 11.9194
      vertex 0.250856 -2.24158 11.6722
    endloop
  endfacet
  facet normal -0.0487716 0.379981 -0.923708
    outer loop
      vertex 1.1548 -2.58801 11.4449
      vertex 0.603691 -2.90816 11.3423
      vertex 0.642611 -2.47921 11.5167
    endloop
  endfacet
  facet normal -0.00509074 0.256297 -0.966585
    outer loop
      vertex 0.55563 -3.64975 11.1154
      vertex -0.0674286 -3.96685 11.0346
      vertex 0.574591 -3.29977 11.2081
    endloop
  endfacet
  facet normal -0.185874 0.360638 -0.913997
    outer loop
      vertex -1.65818 -4.18152 11.1184
      vertex -2.14922 -4.2648 11.1854
      vertex -1.9203 -3.80239 11.3213
    endloop
  endfacet
  facet normal 0.0320254 0.25429 -0.966598
    outer loop
      vertex 1.18749 -3.28269 11.2329
      vertex 0.55563 -3.64975 11.1154
      vertex 0.574591 -3.29977 11.2081
    endloop
  endfacet
  facet normal -0.0453565 0.261834 -0.964047
    outer loop
      vertex -0.0674286 -3.96685 11.0346
      vertex -0.583624 -3.8464 11.0916
      vertex -0.0118704 -3.59824 11.1321
    endloop
  endfacet
  facet normal 0.569295 -0.28572 -0.770887
    outer loop
      vertex 4.06812 -2.04559 12.2094
      vertex 3.34452 -2.50149 11.844
      vertex 4.00741 -1.92292 12.1191
    endloop
  endfacet
  facet normal 0.166859 0.0285573 -0.985567
    outer loop
      vertex 0.548842 -4.20998 11.0581
      vertex 0.547015 -3.95427 11.0652
      vertex 1.23383 -3.81206 11.1856
    endloop
  endfacet
  facet normal 0.200275 0.177652 -0.963499
    outer loop
      vertex 3.17796 -2.14645 11.7739
      vertex 2.44989 -2.41525 11.573
      vertex 3.0666 -1.92437 11.7917
    endloop
  endfacet
  facet normal 0.0975779 0.260261 -0.960595
    outer loop
      vertex 2.44989 -2.41525 11.573
      vertex 1.76584 -2.56552 11.4628
      vertex 2.35758 -2.13778 11.6388
    endloop
  endfacet
  facet normal 0.317116 0.3479 -0.882271
    outer loop
      vertex 6.79203 2.0133 14.0621
      vertex 6.15571 1.4648 13.6171
      vertex 6.51586 2.04567 13.9756
    endloop
  endfacet
  facet normal -0.424056 -0.0156249 -0.905501
    outer loop
      vertex -3.66271 -5.54288 11.3475
      vertex -3.9991 -5.21053 11.4993
      vertex -3.58189 -5.3139 11.3057
    endloop
  endfacet
  facet normal -0.453111 0.212552 -0.865743
    outer loop
      vertex -3.84863 -4.92131 11.4915
      vertex -4.35694 -5.04203 11.7279
      vertex -4.19449 -4.75845 11.7125
    endloop
  endfacet
  facet normal -0.606728 -0.277868 -0.744762
    outer loop
      vertex -4.08932 -5.43718 11.5453
      vertex -4.48826 -5.42458 11.8656
      vertex -4.45522 -5.26488 11.7791
    endloop
  endfacet
  facet normal -0.733489 -0.20009 -0.649583
    outer loop
      vertex -4.48826 -5.42458 11.8656
      vertex -4.75642 -5.02787 12.0462
      vertex -4.45522 -5.26488 11.7791
    endloop
  endfacet
  facet normal -0.592195 -0.374308 0.713581
    outer loop
      vertex -4.80029 -2.74585 14.6569
      vertex -4.97591 -2.72098 14.5242
      vertex -4.92694 -3.28211 14.2705
    endloop
  endfacet
  facet normal -0.697564 0.152432 -0.70012
    outer loop
      vertex -4.6515 -4.81024 11.989
      vertex -4.98959 -4.72874 12.3436
      vertex -4.87954 -4.5177 12.2799
    endloop
  endfacet
  facet normal -0.582619 0.297902 -0.756181
    outer loop
      vertex -4.6515 -4.81024 11.989
      vertex -4.69959 -4.25168 12.2461
      vertex -4.47919 -4.53442 11.9649
    endloop
  endfacet
  facet normal -0.57902 0.447796 -0.681333
    outer loop
      vertex -4.85329 -3.91332 12.5529
      vertex -4.93861 -3.52306 12.8819
      vertex -4.59841 -3.61068 12.5352
    endloop
  endfacet
  facet normal -0.398706 0.471469 -0.786607
    outer loop
      vertex -3.94063 -3.82095 12.0163
      vertex -4.13863 -3.56695 12.2689
      vertex -3.5803 -3.3911 12.0913
    endloop
  endfacet
  facet normal -0.387356 0.516501 -0.763664
    outer loop
      vertex -3.76377 -3.15574 12.3253
      vertex -3.89172 -2.87408 12.5807
      vertex -3.44766 -2.4482 12.6435
    endloop
  endfacet
  facet normal -0.854012 0.491712 -0.16995
    outer loop
      vertex -4.5005 -1.11184 14.8489
      vertex -4.87229 -1.85559 14.5653
      vertex -4.60201 -1.24615 14.9704
    endloop
  endfacet
  facet normal -0.854014 0.491711 -0.169943
    outer loop
      vertex -4.76482 -1.70785 14.4527
      vertex -4.87229 -1.85559 14.5653
      vertex -4.5005 -1.11184 14.8489
    endloop
  endfacet
  facet normal -0.880592 0.444293 0.164806
    outer loop
      vertex -3.86619 0.0278759 15.7712
      vertex -4.26542 -0.616026 15.3739
      vertex -3.8927 -0.0731859 15.902
    endloop
  endfacet
  facet normal -0.805313 0.591347 -0.0421818
    outer loop
      vertex -3.33348 0.770405 16.0105
      vertex -3.86619 0.0278759 15.7712
      vertex -3.4087 0.678504 16.1582
    endloop
  endfacet
  facet normal -0.439594 -0.258306 0.860253
    outer loop
      vertex -3.61979 -0.334624 16.2297
      vertex -4.01023 -0.964339 15.8411
      vertex -3.79203 -1.0133 15.9379
    endloop
  endfacet
  facet normal -0.837826 0.320419 -0.442018
    outer loop
      vertex -5.12684 -3.76383 12.9378
      vertex -5.25939 -3.49461 13.3842
      vertex -5.14339 -3.31076 13.2976
    endloop
  endfacet
  facet normal -0.837845 0.320387 -0.442005
    outer loop
      vertex -5.24246 -3.95789 13.0163
      vertex -5.25939 -3.49461 13.3842
      vertex -5.12684 -3.76383 12.9378
    endloop
  endfacet
  facet normal -0.58608 -0.706653 -0.396423
    outer loop
      vertex -4.08573 -5.69357 11.7501
      vertex -4.45568 -5.51936 11.9865
      vertex -4.1183 -5.59879 11.6293
    endloop
  endfacet
  facet normal -0.697151 0.145705 0.701962
    outer loop
      vertex -2.88117 1.14729 16.7905
      vertex -3.39757 0.489864 16.4141
      vertex -3.31133 0.395191 16.5194
    endloop
  endfacet
  facet normal -0.0488256 -0.407094 0.91208
    outer loop
      vertex -0.315368 1.94802 17.8513
      vertex -0.814914 1.47067 17.6115
      vertex -0.564427 1.26139 17.5315
    endloop
  endfacet
  facet normal 0.107342 -0.606214 0.788024
    outer loop
      vertex -1.28127 -1.97429 15.5454
      vertex -1.30728 -2.20807 15.3691
      vertex -0.64434 -1.84617 15.5572
    endloop
  endfacet
  facet normal 0.0913889 -0.983131 0.158433
    outer loop
      vertex -2.42717 -5.79017 11.6297
      vertex -2.9488 -5.81974 11.7471
      vertex -2.54932 -5.8339 11.4288
    endloop
  endfacet
  facet normal -0.735644 -0.615006 -0.283895
    outer loop
      vertex -4.45568 -5.51936 11.9865
      vertex -4.76021 -5.27973 12.2565
      vertex -4.48826 -5.42458 11.8656
    endloop
  endfacet
  facet normal 0.135243 -0.684748 0.716122
    outer loop
      vertex -1.49603 -3.51647 14.2919
      vertex -2.02159 -3.96717 13.9602
      vertex -1.78845 -4.07695 13.8112
    endloop
  endfacet
  facet normal -0.0751699 -0.621808 0.779554
    outer loop
      vertex -3.58435 -3.32442 14.5974
      vertex -4.02873 -3.50539 14.4102
      vertex -4.01436 -3.89878 14.0978
    endloop
  endfacet
  facet normal 0.341659 -0.739281 0.580287
    outer loop
      vertex 1.62092 -3.16582 13.6069
      vertex 1.58417 -3.46852 13.2429
      vertex 2.06852 -2.87411 13.715
    endloop
  endfacet
  facet normal 0.23634 -0.743869 0.625141
    outer loop
      vertex -0.500793 -4.08672 13.4565
      vertex -0.799789 -4.50325 13.0739
      vertex -0.107761 -3.98168 13.4329
    endloop
  endfacet
  facet normal 0.165228 -0.67692 0.717271
    outer loop
      vertex -0.769463 -3.10097 14.5239
      vertex -1.29426 -3.61148 14.163
      vertex -1.05902 -3.66977 14.0538
    endloop
  endfacet
  facet normal 0.197348 -0.615951 0.762665
    outer loop
      vertex 1.05008 -1.18245 15.7319
      vertex 0.929826 -1.35718 15.6219
      vertex 1.07591 -1.2003 15.7108
    endloop
  endfacet
  facet normal 0.196354 -0.615604 0.763201
    outer loop
      vertex 1.03961 -1.17302 15.7422
      vertex 0.929826 -1.35718 15.6219
      vertex 1.05008 -1.18245 15.7319
    endloop
  endfacet
  facet normal 0.197062 -0.615803 0.762859
    outer loop
      vertex 0.929826 -1.35718 15.6219
      vertex 1.03961 -1.17302 15.7422
      vertex 0.871872 -1.32989 15.6589
    endloop
  endfacet
  facet normal 0.163525 -0.754521 -0.635576
    outer loop
      vertex -1.41875 -5.54239 11.1499
      vertex -2.075 -5.61428 11.0664
      vertex -1.45133 -5.44761 11.029
    endloop
  endfacet
  facet normal 0.159575 -0.429357 -0.888926
    outer loop
      vertex -1.45133 -5.44761 11.029
      vertex -1.45157 -5.28766 10.9517
      vertex -0.795496 -5.21525 11.0345
    endloop
  endfacet
  facet normal 0.0902781 0.159503 -0.983061
    outer loop
      vertex 1.20906 -3.56967 11.1884
      vertex 0.547015 -3.95427 11.0652
      vertex 0.55563 -3.64975 11.1154
    endloop
  endfacet
  facet normal -0.0750421 0.0578812 -0.995499
    outer loop
      vertex -1.41947 -5.0643 10.9187
      vertex -2.02272 -5.22552 10.9548
      vertex -1.35538 -4.77998 10.9304
    endloop
  endfacet
  facet normal -0.00692976 0.0426744 -0.999065
    outer loop
      vertex -0.785114 -4.83955 10.9239
      vertex -1.41947 -5.0643 10.9187
      vertex -1.35538 -4.77998 10.9304
    endloop
  endfacet
  facet normal 0.20595 -0.158892 -0.965576
    outer loop
      vertex 0.56109 -4.41409 11.0943
      vertex -0.126605 -4.55374 10.9706
      vertex 0.548842 -4.20998 11.0581
    endloop
  endfacet
  facet normal -0.248251 -0.96853 -0.0179009
    outer loop
      vertex -3.99195 -5.7205 11.9066
      vertex -4.08573 -5.69357 11.7501
      vertex -3.56534 -5.82619 11.7087
    endloop
  endfacet
  facet normal -0.386214 -0.9195 0.0732076
    outer loop
      vertex -3.99195 -5.7205 11.9066
      vertex -4.45568 -5.51936 11.9865
      vertex -4.08573 -5.69357 11.7501
    endloop
  endfacet
  facet normal 0.0186655 -0.986031 -0.165514
    outer loop
      vertex -2.54932 -5.8339 11.4288
      vertex -3.16641 -5.8388 11.3884
      vertex -2.62712 -5.80823 11.2671
    endloop
  endfacet
  facet normal 0.153585 -0.873318 0.462307
    outer loop
      vertex -2.53675 -5.52448 12.2479
      vertex -2.76614 -5.70611 11.981
      vertex -2.26198 -5.67753 11.8675
    endloop
  endfacet
  facet normal -0.0649485 -0.781571 0.620426
    outer loop
      vertex -3.95879 -5.02566 13.0224
      vertex -4.25613 -5.18345 12.7925
      vertex -3.68708 -5.23947 12.7815
    endloop
  endfacet
  facet normal -0.298239 0.409838 -0.862024
    outer loop
      vertex -3.01194 -4.25826 11.4231
      vertex -3.37419 -4.16851 11.5911
      vertex -3.05541 -3.71316 11.6973
    endloop
  endfacet
  facet normal -0.453335 0.348319 -0.820464
    outer loop
      vertex -3.96965 -4.41726 11.7331
      vertex -4.47919 -4.53442 11.9649
      vertex -4.24136 -4.20345 11.974
    endloop
  endfacet
  facet normal -0.224021 0.105069 -0.968904
    outer loop
      vertex -2.58826 -5.32143 11.032
      vertex -3.10989 -5.351 11.1494
      vertex -2.48504 -5.0285 11.0399
    endloop
  endfacet
  facet normal -0.317128 -0.387245 -0.86572
    outer loop
      vertex -3.19898 -5.74402 11.2676
      vertex -3.68697 -5.70566 11.4292
      vertex -3.66271 -5.54288 11.3475
    endloop
  endfacet
  facet normal -0.364803 0.58632 -0.72329
    outer loop
      vertex -2.46147 -1.02141 13.2403
      vertex -3.01768 -1.43175 13.1882
      vertex -2.98161 -1.10769 13.4327
    endloop
  endfacet
  facet normal -0.341684 0.561112 -0.753927
    outer loop
      vertex -2.40237 -1.50455 12.8454
      vertex -2.94939 -1.99002 12.732
      vertex -2.45214 -1.27688 13.0374
    endloop
  endfacet
  facet normal -0.336072 0.679307 -0.652378
    outer loop
      vertex 0.0478048 2.48564 15.2124
      vertex -0.520594 2.33908 15.3526
      vertex -0.170502 2.67362 15.5206
    endloop
  endfacet
  facet normal -0.354043 0.573615 -0.73866
    outer loop
      vertex -3.0069 -1.72694 12.9538
      vertex -3.01768 -1.43175 13.1882
      vertex -2.45214 -1.27688 13.0374
    endloop
  endfacet
  facet normal -0.350735 0.621319 -0.700676
    outer loop
      vertex -1.68393 0.158976 13.8544
      vertex -2.24801 -0.117609 13.8915
      vertex -2.09898 0.218452 14.1149
    endloop
  endfacet
  facet normal -0.419063 0.609779 -0.672723
    outer loop
      vertex -2.8991 -0.758309 13.6844
      vertex -3.39115 -1.06425 13.7136
      vertex -2.77103 -0.387428 13.9408
    endloop
  endfacet
  facet normal -0.424761 0.624202 -0.655706
    outer loop
      vertex -2.77103 -0.387428 13.9408
      vertex -3.05376 -0.211212 14.2917
      vertex -2.59882 0.00088501 14.1989
    endloop
  endfacet
  facet normal -0.37373 0.598762 -0.708385
    outer loop
      vertex -2.43026 -0.740956 13.4518
      vertex -2.98161 -1.10769 13.4327
      vertex -2.35884 -0.438584 13.6697
    endloop
  endfacet
  facet normal -0.298558 0.586797 -0.752684
    outer loop
      vertex -1.85408 -0.807344 13.1424
      vertex -1.86186 -0.594398 13.3115
      vertex -1.22542 -0.155396 13.4013
    endloop
  endfacet
  facet normal -0.466943 0.686204 -0.557753
    outer loop
      vertex -2.19945 1.16669 15.142
      vertex -2.51987 1.09886 15.3268
      vertex -1.8338 1.6322 15.4086
    endloop
  endfacet
  facet normal -0.427551 0.664864 -0.6125
    outer loop
      vertex -2.12998 0.812651 14.7092
      vertex -2.52697 0.70089 14.865
      vertex -2.19945 1.16669 15.142
    endloop
  endfacet
  facet normal -0.423978 0.677342 -0.601208
    outer loop
      vertex -1.51306 1.64151 15.1929
      vertex -2.19945 1.16669 15.142
      vertex -1.8338 1.6322 15.4086
    endloop
  endfacet
  facet normal -0.381109 0.677328 -0.629271
    outer loop
      vertex -0.851407 1.99271 15.1702
      vertex -1.51306 1.64151 15.1929
      vertex -1.15728 2.05101 15.4182
    endloop
  endfacet
  facet normal -0.356722 0.701869 -0.616547
    outer loop
      vertex 0.195032 2.99266 15.6723
      vertex -0.170502 2.67362 15.5206
      vertex 0.0518618 3.20644 15.9985
    endloop
  endfacet
  facet normal -0.366606 0.694528 -0.619056
    outer loop
      vertex -0.520594 2.33908 15.3526
      vertex -0.77503 2.45123 15.6291
      vertex -0.170502 2.67362 15.5206
    endloop
  endfacet
  facet normal -0.388619 0.635072 -0.667577
    outer loop
      vertex -2.09898 0.218452 14.1149
      vertex -2.38436 0.402378 14.456
      vertex -1.91337 0.56592 14.3374
    endloop
  endfacet
  facet normal -0.277067 0.652758 -0.705083
    outer loop
      vertex 0.529584 2.04671 14.5923
      vertex 0.522541 2.48583 15.0016
      vertex 0.70329 2.19832 14.6644
    endloop
  endfacet
  facet normal -0.279534 0.598073 -0.751112
    outer loop
      vertex -0.559112 0.290787 13.5086
      vertex -1.22542 -0.155396 13.4013
      vertex -0.544279 0.424062 13.6092
    endloop
  endfacet
  facet normal -0.213405 0.552148 -0.805972
    outer loop
      vertex -0.315824 -0.739549 12.6816
      vertex -0.470968 -0.912347 12.6043
      vertex -0.328441 -0.707495 12.7069
    endloop
  endfacet
  facet normal -0.171289 0.617855 -0.767408
    outer loop
      vertex 2.23852 2.18827 14.2003
      vertex 2.21276 2.24497 14.2517
      vertex 2.88721 2.78196 14.5335
    endloop
  endfacet
  facet normal -0.0777441 0.605781 -0.791824
    outer loop
      vertex 4.90826 3.25984 14.6115
      vertex 4.30728 3.20807 14.6309
      vertex 4.93947 3.5403 14.823
    endloop
  endfacet
  facet normal -0.3216 0.771682 -0.548707
    outer loop
      vertex 2.41174 5.01147 16.9145
      vertex 1.91727 4.75982 16.8504
      vertex 2.54805 5.32447 17.2748
    endloop
  endfacet
  facet normal -0.241334 0.771282 -0.588967
    outer loop
      vertex 3.79979 5.50325 16.9261
      vertex 3.35818 5.38523 16.9525
      vertex 3.58824 5.73525 17.3166
    endloop
  endfacet
  facet normal -0.345649 0.767783 -0.539478
    outer loop
      vertex 1.91727 4.75982 16.8504
      vertex 1.41583 4.46852 16.7571
      vertex 1.4535 4.72775 17.1019
    endloop
  endfacet
  facet normal -0.436519 0.847806 -0.301126
    outer loop
      vertex 2.22993 5.6033 18.1072
      vertex 1.52994 5.1049 17.7187
      vertex 1.56788 5.2187 17.9841
    endloop
  endfacet
  facet normal -0.463593 0.753133 -0.466767
    outer loop
      vertex -0.707067 3.08776 16.398
      vertex -0.839936 3.17083 16.664
      vertex -0.185486 3.543 16.6145
    endloop
  endfacet
  facet normal -0.418072 0.68897 -0.592061
    outer loop
      vertex -1.15728 2.05101 15.4182
      vertex -1.51306 1.64151 15.1929
      vertex -1.43404 2.09232 15.6617
    endloop
  endfacet
  facet normal -0.624575 0.715217 -0.313641
    outer loop
      vertex -2.0611 2.1107 16.3384
      vertex -2.56483 1.53092 16.0194
      vertex -2.19475 2.08143 16.5378
    endloop
  endfacet
  facet normal -0.410118 0.699814 -0.584861
    outer loop
      vertex -1.15728 2.05101 15.4182
      vertex -1.43404 2.09232 15.6617
      vertex -1.00454 2.54201 15.8986
    endloop
  endfacet
  facet normal -0.463583 0.753109 -0.466817
    outer loop
      vertex -0.185486 3.543 16.6145
      vertex -0.839936 3.17083 16.664
      vertex -0.277062 3.66211 16.8976
    endloop
  endfacet
  facet normal -0.480698 0.7396 -0.471084
    outer loop
      vertex -0.707067 3.08776 16.398
      vertex -1.20661 2.61041 16.1583
      vertex -0.839936 3.17083 16.664
    endloop
  endfacet
  facet normal 0.218541 0.440733 -0.870629
    outer loop
      vertex 6.51586 2.04567 13.9756
      vertex 6.18472 2.06112 13.9003
      vertex 6.47054 2.59617 14.2429
    endloop
  endfacet
  facet normal 0.430927 0.407661 -0.805055
    outer loop
      vertex 7.60372 3.17659 14.9496
      vertex 7.36565 3.18495 14.8264
      vertex 7.55563 3.73515 15.2067
    endloop
  endfacet
  facet normal 0.272865 0.71127 -0.647796
    outer loop
      vertex 7.87747 5.63636 16.805
      vertex 7.63024 5.56235 16.6196
      vertex 7.71845 5.98644 17.1224
    endloop
  endfacet
  facet normal 0.502008 0.619042 -0.603966
    outer loop
      vertex 7.96574 5.23257 16.4645
      vertex 7.87747 5.63636 16.805
      vertex 8.05484 5.65409 16.9706
    endloop
  endfacet
  facet normal 0.292535 0.854798 -0.428654
    outer loop
      vertex 7.49041 6.27898 17.4133
      vertex 7.19585 6.51077 17.6745
      vertex 7.65905 6.31118 17.5926
    endloop
  endfacet
  facet normal 0.375599 0.784098 -0.494082
    outer loop
      vertex 7.71845 5.98644 17.1224
      vertex 7.49041 6.27898 17.4133
      vertex 7.65905 6.31118 17.5926
    endloop
  endfacet
  facet normal -0.0791552 0.798238 -0.597118
    outer loop
      vertex 6.0352 6.15488 17.1512
      vertex 5.67295 6.24463 17.3192
      vertex 5.97215 6.49026 17.6079
    endloop
  endfacet
  facet normal -0.141104 0.779191 -0.610697
    outer loop
      vertex 5.32804 5.93607 17.0052
      vertex 5.26313 6.27685 17.455
      vertex 5.67295 6.24463 17.3192
    endloop
  endfacet
  facet normal 0.0649461 0.781552 -0.62045
    outer loop
      vertex 7.25613 6.18345 17.2075
      vertex 6.68708 6.23947 17.2185
      vertex 6.97144 6.40748 17.4599
    endloop
  endfacet
  facet normal 0.199827 0.911632 -0.359159
    outer loop
      vertex 7.19585 6.51077 17.6745
      vertex 6.83801 6.67927 17.9031
      vertex 6.99195 6.7205 18.0934
    endloop
  endfacet
  facet normal 0.0842509 0.860519 -0.502402
    outer loop
      vertex 7.19585 6.51077 17.6745
      vertex 6.62558 6.57034 17.6809
      vertex 6.83801 6.67927 17.9031
    endloop
  endfacet
  facet normal 0.0842573 0.860571 -0.502314
    outer loop
      vertex 6.97144 6.40748 17.4599
      vertex 6.62558 6.57034 17.6809
      vertex 7.19585 6.51077 17.6745
    endloop
  endfacet
  facet normal -0.0913938 0.98313 -0.158439
    outer loop
      vertex 5.9488 6.81974 18.2529
      vertex 5.54932 6.8339 18.5712
      vertex 6.08271 6.86413 18.4511
    endloop
  endfacet
  facet normal 0.00353609 0.975307 -0.220824
    outer loop
      vertex 6.4208 6.78264 18.0966
      vertex 5.9488 6.81974 18.2529
      vertex 6.08271 6.86413 18.4511
    endloop
  endfacet
  facet normal 0.248249 0.968532 0.0178634
    outer loop
      vertex 7.08573 6.69357 18.2499
      vertex 6.56534 6.82619 18.2913
      vertex 6.65439 6.80044 18.4499
    endloop
  endfacet
  facet normal 0.248251 0.96853 0.0179009
    outer loop
      vertex 6.99195 6.7205 18.0934
      vertex 6.56534 6.82619 18.2913
      vertex 7.08573 6.69357 18.2499
    endloop
  endfacet
  facet normal -0.332101 0.836415 -0.436026
    outer loop
      vertex 3.24463 5.83278 17.6507
      vertex 2.78486 5.78905 17.917
      vertex 3.39229 6.0527 17.9601
    endloop
  endfacet
  facet normal -0.367915 0.762066 -0.532816
    outer loop
      vertex 0.912894 4.14076 16.6356
      vertex 0.900746 4.36751 16.9683
      vertex 1.41583 4.46852 16.7571
    endloop
  endfacet
  facet normal -0.51958 0.790932 0.323209
    outer loop
      vertex 2.3838 5.65915 18.7059
      vertex 1.64112 5.29051 18.4141
      vertex 1.67562 5.24775 18.5742
    endloop
  endfacet
  facet normal -0.57022 0.754707 0.324447
    outer loop
      vertex 1.64112 5.29051 18.4141
      vertex 0.938622 4.83269 18.2444
      vertex 1.67562 5.24775 18.5742
    endloop
  endfacet
  facet normal -0.316516 0.403306 0.858581
    outer loop
      vertex 3.11469 5.91975 18.9173
      vertex 2.43891 5.41409 18.9057
      vertex 3.12957 5.76559 18.9952
    endloop
  endfacet
  facet normal -0.380026 0.384671 0.841195
    outer loop
      vertex 2.41637 5.56436 18.8268
      vertex 1.7082 5.15296 18.695
      vertex 2.43891 5.41409 18.9057
    endloop
  endfacet
  facet normal 0.109426 -0.190976 0.975476
    outer loop
      vertex 4.93844 5.9358 19.0347
      vertex 4.35538 5.77998 19.0696
      vertex 4.81648 5.58652 18.98
    endloop
  endfacet
  facet normal 0.166979 -0.209198 0.963511
    outer loop
      vertex 4.93844 5.9358 19.0347
      vertex 4.81648 5.58652 18.98
      vertex 5.48504 6.0285 18.9601
    endloop
  endfacet
  facet normal -0.261866 0.724006 0.638155
    outer loop
      vertex 4.41875 6.54239 18.8501
      vertex 3.7955 6.21525 18.9655
      vertex 4.45133 6.44761 18.971
    endloop
  endfacet
  facet normal -0.0628941 0.154707 0.985956
    outer loop
      vertex 4.45157 6.28766 19.0483
      vertex 3.78511 5.83955 19.0761
      vertex 4.41947 6.0643 19.0813
    endloop
  endfacet
  facet normal -0.114197 -0.0283857 0.993053
    outer loop
      vertex 3.12661 5.55374 19.0294
      vertex 2.45116 5.20998 18.9419
      vertex 2.45298 4.95427 18.9348
    endloop
  endfacet
  facet normal -0.0564676 -0.0329457 0.997861
    outer loop
      vertex 3.12661 5.55374 19.0294
      vertex 3.10581 5.28651 19.0194
      vertex 3.78511 5.83955 19.0761
    endloop
  endfacet
  facet normal -0.397277 0.86549 0.30512
    outer loop
      vertex 3.70555 6.34116 18.6817
      vertex 3.03221 6.0489 18.634
      vertex 3.76292 6.31003 18.8447
    endloop
  endfacet
  facet normal -0.456838 0.888881 0.0344931
    outer loop
      vertex 2.96551 6.02247 18.4317
      vertex 2.29006 5.67872 18.3442
      vertex 3.03221 6.0489 18.634
    endloop
  endfacet
  facet normal -0.587649 0.79796 -0.1339
    outer loop
      vertex 0.245161 4.30981 17.6278
      vertex -0.432036 3.80826 17.6109
      vertex 0.236529 4.34042 17.8481
    endloop
  endfacet
  facet normal -0.553548 0.821661 -0.135857
    outer loop
      vertex 0.245161 4.30981 17.6278
      vertex 0.236529 4.34042 17.8481
      vertex 0.903866 4.78595 17.8236
    endloop
  endfacet
  facet normal -0.670112 0.739951 0.0584991
    outer loop
      vertex -1.08032 3.24243 17.3419
      vertex -1.10478 3.20623 17.5196
      vertex -0.432036 3.80826 17.6109
    endloop
  endfacet
  facet normal -0.623353 0.524974 0.57951
    outer loop
      vertex -0.430464 3.72536 17.9479
      vertex 0.293313 4.18075 18.3139
      vertex 0.260738 4.27553 18.193
    endloop
  endfacet
  facet normal -0.623325 0.524714 0.579778
    outer loop
      vertex 0.293313 4.18075 18.3139
      vertex -0.430464 3.72536 17.9479
      vertex -0.397889 3.63058 18.0687
    endloop
  endfacet
  facet normal -0.401786 0.821296 -0.40502
    outer loop
      vertex 2.08642 5.28615 17.5342
      vertex 1.49167 4.94065 17.4236
      vertex 1.52994 5.1049 17.7187
    endloop
  endfacet
  facet normal -0.332136 0.836365 -0.436095
    outer loop
      vertex 3.24463 5.83278 17.6507
      vertex 2.67288 5.58461 17.6102
      vertex 2.78486 5.78905 17.917
    endloop
  endfacet
  facet normal -0.529858 0.751699 -0.392682
    outer loop
      vertex -0.839936 3.17083 16.664
      vertex -1.37903 2.65569 16.4053
      vertex -0.947169 3.22464 16.9117
    endloop
  endfacet
  facet normal -0.58812 0.634934 -0.500972
    outer loop
      vertex -3.52372 -0.0747414 14.842
      vertex -3.80953 -0.609795 14.4994
      vertex -3.79843 -0.223469 14.976
    endloop
  endfacet
  facet normal -0.2638 0.928293 -0.262073
    outer loop
      vertex 4.71538 6.58482 18.2071
      vertex 4.25838 6.53304 18.4837
      vertex 4.86163 6.69425 18.4475
    endloop
  endfacet
  facet normal -0.260949 0.963682 -0.0567765
    outer loop
      vertex 4.97104 6.73582 18.6501
      vertex 4.25838 6.53304 18.4837
      vertex 4.3542 6.57097 18.6871
    endloop
  endfacet
  facet normal -0.0186655 0.986031 0.165514
    outer loop
      vertex 6.16641 6.8388 18.6116
      vertex 5.54932 6.8339 18.5712
      vertex 5.62712 6.80823 18.7329
    endloop
  endfacet
  facet normal -0.134167 0.966679 0.218014
    outer loop
      vertex 5.54932 6.8339 18.5712
      vertex 5.04243 6.70906 18.8128
      vertex 5.62712 6.80823 18.7329
    endloop
  endfacet
  facet normal -0.398827 0.916952 0.0116877
    outer loop
      vertex 3.62402 6.30829 18.4784
      vertex 3.03221 6.0489 18.634
      vertex 3.70555 6.34116 18.6817
    endloop
  endfacet
  facet normal -0.398824 0.916953 0.011698
    outer loop
      vertex 3.62402 6.30829 18.4784
      vertex 2.96551 6.02247 18.4317
      vertex 3.03221 6.0489 18.634
    endloop
  endfacet
  facet normal -0.259293 0.882192 -0.393071
    outer loop
      vertex 4.53391 6.40873 17.9316
      vertex 3.97744 6.26001 17.9649
      vertex 4.71538 6.58482 18.2071
    endloop
  endfacet
  facet normal -0.253155 0.83964 -0.480538
    outer loop
      vertex 4.31919 6.16789 17.6239
      vertex 3.97744 6.26001 17.9649
      vertex 4.53391 6.40873 17.9316
    endloop
  endfacet
  facet normal -0.312818 0.803378 -0.506684
    outer loop
      vertex 3.24463 5.83278 17.6507
      vertex 2.54805 5.32447 17.2748
      vertex 2.67288 5.58461 17.6102
    endloop
  endfacet
  facet normal -0.43643 0.847798 -0.301277
    outer loop
      vertex 2.1618 5.47196 17.8363
      vertex 1.52994 5.1049 17.7187
      vertex 2.22993 5.6033 18.1072
    endloop
  endfacet
  facet normal -0.236153 0.74376 -0.625342
    outer loop
      vertex 3.79979 5.50325 16.9261
      vertex 3.10776 4.98168 16.5671
      vertex 3.35818 5.38523 16.9525
    endloop
  endfacet
  facet normal -0.212577 0.739392 -0.638835
    outer loop
      vertex 4.21379 5.57346 16.8696
      vertex 3.50079 5.08672 16.5435
      vertex 3.79979 5.50325 16.9261
    endloop
  endfacet
  facet normal -0.212315 0.798194 -0.563746
    outer loop
      vertex 4.5286 5.94213 17.2254
      vertex 4.07359 5.86496 17.2875
      vertex 4.81022 6.25117 17.5569
    endloop
  endfacet
  facet normal -0.183484 0.759263 -0.624382
    outer loop
      vertex 4.94828 5.96592 17.131
      vertex 4.21379 5.57346 16.8696
      vertex 4.5286 5.94213 17.2254
    endloop
  endfacet
  facet normal -0.192689 0.709985 -0.677342
    outer loop
      vertex 3.79288 4.69069 16.0343
      vertex 3.49875 4.67402 16.1005
      vertex 4.2091 5.16847 16.4167
    endloop
  endfacet
  facet normal -0.212211 0.715509 -0.665593
    outer loop
      vertex 3.86925 5.14921 16.4932
      vertex 3.49875 4.67402 16.1005
      vertex 3.50079 5.08672 16.5435
    endloop
  endfacet
  facet normal -0.188649 0.73302 -0.653524
    outer loop
      vertex 4.2091 5.16847 16.4167
      vertex 3.86925 5.14921 16.4932
      vertex 4.21379 5.57346 16.8696
    endloop
  endfacet
  facet normal -0.188738 0.733008 -0.653512
    outer loop
      vertex 4.59565 5.59511 16.7836
      vertex 4.2091 5.16847 16.4167
      vertex 4.21379 5.57346 16.8696
    endloop
  endfacet
  facet normal -0.198619 0.670627 -0.71471
    outer loop
      vertex 3.35153 4.16699 15.6406
      vertex 2.88989 3.60312 15.2398
      vertex 3.10636 4.1531 15.6957
    endloop
  endfacet
  facet normal -0.203765 0.63646 -0.743907
    outer loop
      vertex 2.41303 3.00525 14.8364
      vertex 1.84168 2.37514 14.4538
      vertex 2.27326 2.99732 14.8679
    endloop
  endfacet
  facet normal -0.265859 0.657742 -0.704765
    outer loop
      vertex 0.882432 2.34091 14.7279
      vertex 0.770585 2.68326 15.0896
      vertex 1.02344 2.86604 15.1648
    endloop
  endfacet
  facet normal -0.374337 0.726887 -0.575766
    outer loop
      vertex 0.0518618 3.20644 15.9985
      vertex -0.0754414 3.39055 16.3137
      vertex 0.487447 3.55314 16.153
    endloop
  endfacet
  facet normal -0.196012 0.689488 -0.69727
    outer loop
      vertex 3.79288 4.69069 16.0343
      vertex 3.10636 4.1531 15.6957
      vertex 3.49875 4.67402 16.1005
    endloop
  endfacet
  facet normal -0.195805 0.689348 -0.697467
    outer loop
      vertex 3.35153 4.16699 15.6406
      vertex 3.10636 4.1531 15.6957
      vertex 3.79288 4.69069 16.0343
    endloop
  endfacet
  facet normal -0.212608 0.739414 -0.6388
    outer loop
      vertex 3.86925 5.14921 16.4932
      vertex 3.50079 5.08672 16.5435
      vertex 4.21379 5.57346 16.8696
    endloop
  endfacet
  facet normal -0.231549 0.719529 -0.654724
    outer loop
      vertex 3.17988 4.61993 16.144
      vertex 2.83973 4.52903 16.1644
      vertex 3.50079 5.08672 16.5435
    endloop
  endfacet
  facet normal -0.0560018 0.619716 -0.782825
    outer loop
      vertex 4.93947 3.5403 14.823
      vertex 4.93014 3.79576 15.0259
      vertex 5.53397 3.83921 15.0171
    endloop
  endfacet
  facet normal -0.175528 0.641315 -0.74693
    outer loop
      vertex 2.74718 2.92246 14.6814
      vertex 2.65129 2.96761 14.7427
      vertex 3.2198 3.551 15.11
    endloop
  endfacet
  facet normal -0.186251 0.62841 -0.755255
    outer loop
      vertex 2.12813 2.32989 14.3411
      vertex 2.07017 2.35718 14.3781
      vertex 2.65129 2.96761 14.7427
    endloop
  endfacet
  facet normal -0.175016 0.660783 -0.729887
    outer loop
      vertex 3.76946 4.10097 15.4761
      vertex 3.2198 3.551 15.11
      vertex 3.57337 4.14955 15.5671
    endloop
  endfacet
  facet normal -0.0838225 0.648172 -0.756866
    outer loop
      vertex 5.46568 4.39748 15.4734
      vertex 4.88036 4.02344 15.2179
      vertex 5.36207 4.62556 15.6802
    endloop
  endfacet
  facet normal -0.117649 0.702317 -0.702075
    outer loop
      vertex 5.50856 5.36892 16.3602
      vertex 4.78845 5.07695 16.1888
      vertex 5.2466 5.49228 16.5275
    endloop
  endfacet
  facet normal -0.152277 0.647845 -0.746397
    outer loop
      vertex 4.07609 3.91283 15.2459
      vertex 3.35256 3.48849 15.0252
      vertex 3.93765 4.02177 15.3687
    endloop
  endfacet
  facet normal -0.163272 0.654591 -0.738142
    outer loop
      vertex 3.35256 3.48849 15.0252
      vertex 3.2198 3.551 15.11
      vertex 3.93765 4.02177 15.3687
    endloop
  endfacet
  facet normal -0.0191042 0.666692 -0.745088
    outer loop
      vertex 6.00754 4.72881 15.7237
      vertex 5.89112 4.98509 15.956
      vertex 6.37207 5.29548 16.2214
    endloop
  endfacet
  facet normal -0.140938 0.71442 -0.685376
    outer loop
      vertex 4.78845 5.07695 16.1888
      vertex 4.51663 5.1443 16.3149
      vertex 4.94118 5.56795 16.6692
    endloop
  endfacet
  facet normal -0.15704 0.601808 -0.783049
    outer loop
      vertex 2.47513 1.99132 13.9975
      vertex 2.41032 2.02151 14.0337
      vertex 2.90913 2.1816 14.0567
    endloop
  endfacet
  facet normal -0.0557248 0.55936 -0.827049
    outer loop
      vertex 4.39137 1.95296 13.7259
      vertex 4.00512 2.17456 13.9018
      vertex 4.57697 2.30043 13.9484
    endloop
  endfacet
  facet normal -0.167137 0.636245 -0.753165
    outer loop
      vertex 3.46184 3.40249 14.9283
      vertex 2.8261 2.86035 14.6114
      vertex 3.35256 3.48849 15.0252
    endloop
  endfacet
  facet normal -0.163197 0.609863 -0.775522
    outer loop
      vertex 2.9579 2.45856 14.2608
      vertex 2.25281 2.12288 14.1452
      vertex 2.95347 2.57996 14.3572
    endloop
  endfacet
  facet normal -0.159241 0.63066 -0.759546
    outer loop
      vertex 2.88721 2.78196 14.5335
      vertex 2.8261 2.86035 14.6114
      vertex 3.54645 3.29395 14.8204
    endloop
  endfacet
  facet normal -0.159332 0.630761 -0.759443
    outer loop
      vertex 3.54645 3.29395 14.8204
      vertex 2.8261 2.86035 14.6114
      vertex 3.46184 3.40249 14.9283
    endloop
  endfacet
  facet normal 0.579014 -0.447807 0.681331
    outer loop
      vertex 7.93861 4.52306 17.1181
      vertex 7.59841 4.61068 17.4648
      vertex 7.67983 4.23821 17.1508
    endloop
  endfacet
  facet normal 0.861653 -0.454124 0.226551
    outer loop
      vertex 7.96138 3.27711 15.9408
      vertex 7.76482 2.70785 15.5473
      vertex 7.87229 2.85559 15.4347
    endloop
  endfacet
  facet normal 0.20168 0.508887 -0.836874
    outer loop
      vertex 7.06332 3.1639 14.705
      vertex 6.70003 3.11366 14.5869
      vertex 7.24464 3.689 15.068
    endloop
  endfacet
  facet normal 0.603279 0.238358 -0.761078
    outer loop
      vertex 7.77492 3.1389 15.0735
      vertex 7.50465 2.52946 14.6684
      vertex 7.60372 3.17659 14.9496
    endloop
  endfacet
  facet normal 0.445863 0.70391 -0.552917
    outer loop
      vertex 8.05484 5.65409 16.9706
      vertex 7.87747 5.63636 16.805
      vertex 7.89223 6.01206 17.2952
    endloop
  endfacet
  facet normal 0.445994 0.703856 -0.55288
    outer loop
      vertex 7.87747 5.63636 16.805
      vertex 7.71845 5.98644 17.1224
      vertex 7.89223 6.01206 17.2952
    endloop
  endfacet
  facet normal 0.862878 -0.413371 0.290802
    outer loop
      vertex 8.20278 3.98601 16.2322
      vertex 7.96138 3.27711 15.9408
      vertex 8.07328 3.43767 15.837
    endloop
  endfacet
  facet normal 0.745965 -0.496228 0.444179
    outer loop
      vertex 8.08803 3.81337 16.3272
      vertex 7.9011 3.60442 16.4077
      vertex 7.96138 3.27711 15.9408
    endloop
  endfacet
  facet normal 0.442754 -0.434628 0.784262
    outer loop
      vertex 7.24136 5.20345 18.0259
      vertex 6.94063 4.82095 17.9837
      vertex 7.45171 4.9336 17.7576
    endloop
  endfacet
  facet normal 0.745919 -0.496273 0.444205
    outer loop
      vertex 7.9011 3.60442 16.4077
      vertex 7.77869 3.08612 16.0342
      vertex 7.96138 3.27711 15.9408
    endloop
  endfacet
  facet normal 0.880602 -0.444274 -0.164806
    outer loop
      vertex 7.29635 1.72422 14.4998
      vertex 6.86619 0.972123 14.2288
      vertex 6.8927 1.07319 14.098
    endloop
  endfacet
  facet normal 0.888043 -0.213681 -0.407088
    outer loop
      vertex 7.63667 2.36133 14.9077
      vertex 7.26377 1.81901 14.3789
      vertex 7.6041 2.45611 14.7869
    endloop
  endfacet
  facet normal 0.888067 -0.213822 -0.40696
    outer loop
      vertex 7.26377 1.81901 14.3789
      vertex 7.63667 2.36133 14.9077
      vertex 7.29635 1.72422 14.4998
    endloop
  endfacet
  facet normal 0.442485 0.303895 -0.843715
    outer loop
      vertex 7.01023 1.96434 14.1589
      vertex 6.79203 2.0133 14.0621
      vertex 7.33941 2.58058 14.5535
    endloop
  endfacet
  facet normal 0.439593 0.258305 -0.860254
    outer loop
      vertex 7.01023 1.96434 14.1589
      vertex 6.61979 1.33462 13.7703
      vertex 6.79203 2.0133 14.0621
    endloop
  endfacet
  facet normal 0.906103 -0.404346 -0.124422
    outer loop
      vertex 7.60201 2.24615 15.0296
      vertex 7.29635 1.72422 14.4998
      vertex 7.63667 2.36133 14.9077
    endloop
  endfacet
  facet normal 0.914814 -0.158883 -0.371311
    outer loop
      vertex 7.90994 2.97752 15.3173
      vertex 7.6041 2.45611 14.7869
      vertex 7.87737 3.0723 15.1965
    endloop
  endfacet
  facet normal 0.914814 -0.158883 -0.371311
    outer loop
      vertex 7.6041 2.45611 14.7869
      vertex 7.90994 2.97752 15.3173
      vertex 7.63667 2.36133 14.9077
    endloop
  endfacet
  facet normal -0.415448 -0.46517 0.781678
    outer loop
      vertex -4.55563 -2.73515 14.7933
      vertex -4.80029 -2.74585 14.6569
      vertex -4.67805 -3.25345 14.4198
    endloop
  endfacet
  facet normal -0.853441 0.481636 0.199161
    outer loop
      vertex -3.86619 0.0278759 15.7712
      vertex -3.8927 -0.0731859 15.902
      vertex -3.4087 0.678504 16.1582
    endloop
  endfacet
  facet normal -0.419261 -0.18016 0.889811
    outer loop
      vertex -2.6729 0.937565 16.9723
      vertex -3.17239 0.301667 16.6082
      vertex -2.49949 0.82492 17.0312
    endloop
  endfacet
  facet normal -0.229092 -0.191376 0.954407
    outer loop
      vertex -0.177962 3.14645 18.2261
      vertex -0.664598 2.40243 17.9601
      vertex -0.0665989 2.92437 18.2083
    endloop
  endfacet
  facet normal -0.228884 -0.19152 0.954428
    outer loop
      vertex -0.177962 3.14645 18.2261
      vertex -0.804536 2.59957 17.9661
      vertex -0.664598 2.40243 17.9601
    endloop
  endfacet
  facet normal -0.356819 -0.093443 0.929489
    outer loop
      vertex -0.919225 2.7737 17.9396
      vertex -1.54012 2.18039 17.6416
      vertex -1.40464 2.02612 17.6781
    endloop
  endfacet
  facet normal -0.356738 -0.0935039 0.929513
    outer loop
      vertex -0.919225 2.7737 17.9396
      vertex -1.40464 2.02612 17.6781
      vertex -0.804536 2.59957 17.9661
    endloop
  endfacet
  facet normal -0.768202 0.386736 0.510197
    outer loop
      vertex -2.34918 1.89189 17.0271
      vertex -2.91375 1.24207 16.6696
      vertex -2.3166 1.79711 17.148
    endloop
  endfacet
  facet normal -0.768202 0.386736 0.510197
    outer loop
      vertex -2.3166 1.79711 17.148
      vertex -2.91375 1.24207 16.6696
      vertex -2.88117 1.14729 16.7905
    endloop
  endfacet
  facet normal -0.702034 0.710517 0.0481089
    outer loop
      vertex -1.08032 3.24243 17.3419
      vertex -1.70121 2.64913 17.0439
      vertex -1.10478 3.20623 17.5196
    endloop
  endfacet
  facet normal -0.731393 0.681156 0.0330196
    outer loop
      vertex -1.70121 2.64913 17.0439
      vertex -2.33958 1.97143 16.884
      vertex -1.73966 2.59955 17.215
    endloop
  endfacet
  facet normal -0.656929 0.685008 0.314973
    outer loop
      vertex 0.241741 4.32895 18.0372
      vertex -0.430464 3.72536 17.9479
      vertex 0.260738 4.27553 18.193
    endloop
  endfacet
  facet normal -0.694952 0.651301 0.30471
    outer loop
      vertex -0.430464 3.72536 17.9479
      vertex -1.10478 3.20623 17.5196
      vertex -1.10069 3.14037 17.6697
    endloop
  endfacet
  facet normal 0.18116 -0.625199 0.759149
    outer loop
      vertex 0.824168 -1.29235 15.7012
      vertex 0.173897 -1.86035 15.3886
      vertex 0.871872 -1.32989 15.6589
    endloop
  endfacet
  facet normal 0.156942 -0.60171 0.783144
    outer loop
      vertex 0.0908651 -1.1816 15.9433
      vertex 0.0569286 -1.32529 15.8397
      vertex 0.75347 -0.968948 15.9739
    endloop
  endfacet
  facet normal 0.271247 -0.700841 0.659733
    outer loop
      vertex 1.05063 -2.79227 14.2754
      vertex 0.889253 -3.24115 13.8649
      vertex 1.3681 -2.63071 14.3165
    endloop
  endfacet
  facet normal 0.230593 -0.559905 0.795822
    outer loop
      vertex 3.80087 1.86023 17.2659
      vertex 3.58137 1.65598 17.1858
      vertex 3.60271 1.62824 17.1601
    endloop
  endfacet
  facet normal 0.219348 -0.554889 0.802487
    outer loop
      vertex 3.47097 1.91235 17.3957
      vertex 3.40879 1.82298 17.3509
      vertex 3.42159 1.81271 17.3403
    endloop
  endfacet
  facet normal 0.333814 -0.429409 0.839152
    outer loop
      vertex 6.37419 5.16851 18.4089
      vertex 6.05541 4.71316 18.3027
      vertex 6.34331 4.57759 18.1188
    endloop
  endfacet
  facet normal 0.362635 -0.382732 0.849713
    outer loop
      vertex 6.63957 5.5727 18.4777
      vertex 6.37419 5.16851 18.4089
      vertex 6.68489 5.0222 18.2104
    endloop
  endfacet
  facet normal 0.148597 -0.34839 0.925496
    outer loop
      vertex 4.13441 5.04154 18.913
      vertex 3.97994 4.59551 18.7699
      vertex 4.46529 4.72522 18.7408
    endloop
  endfacet
  facet normal 0.223815 -0.375169 0.89953
    outer loop
      vertex 5.14922 5.2648 18.8146
      vertex 4.9203 4.80239 18.6787
      vertex 5.33998 4.82618 18.5842
    endloop
  endfacet
  facet normal 0.282418 -0.448276 0.848109
    outer loop
      vertex 6.05541 4.71316 18.3027
      vertex 5.3813 4.28733 18.3021
      vertex 5.68672 4.21166 18.1604
    endloop
  endfacet
  facet normal 0.252484 -0.433514 0.865053
    outer loop
      vertex 5.71974 4.79633 18.4584
      vertex 5.33998 4.82618 18.5842
      vertex 5.3813 4.28733 18.3021
    endloop
  endfacet
  facet normal 0.232315 -0.517047 0.823828
    outer loop
      vertex 4.31488 3.17181 17.971
      vertex 3.9061 2.55332 17.6981
      vertex 4.12795 2.53589 17.6246
    endloop
  endfacet
  facet normal 0.276683 -0.513831 0.81205
    outer loop
      vertex 5.27215 3.66949 17.9834
      vertex 4.81626 3.0926 17.7737
      vertex 5.50529 3.55971 17.8345
    endloop
  endfacet
  facet normal 0.292495 -0.49146 0.820313
    outer loop
      vertex 5.68672 4.21166 18.1604
      vertex 5.27215 3.66949 17.9834
      vertex 5.50529 3.55971 17.8345
    endloop
  endfacet
  facet normal 0.269123 -0.47863 0.835755
    outer loop
      vertex 5.68672 4.21166 18.1604
      vertex 5.00033 3.73684 18.1095
      vertex 5.27215 3.66949 17.9834
    endloop
  endfacet
  facet normal 0.22691 -0.537276 0.812309
    outer loop
      vertex 3.9061 2.55332 17.6981
      vertex 3.47097 1.91235 17.3957
      vertex 4.12795 2.53589 17.6246
    endloop
  endfacet
  facet normal 0.232095 -0.517024 0.823904
    outer loop
      vertex 4.31488 3.17181 17.971
      vertex 4.12795 2.53589 17.6246
      vertex 4.58102 3.15089 17.8829
    endloop
  endfacet
  facet normal 0.255076 -0.574809 0.777516
    outer loop
      vertex 3.76839 1.3755 16.9257
      vertex 4.12753 1.60318 16.9762
      vertex 4.04292 1.71172 17.0842
    endloop
  endfacet
  facet normal 0.25512 -0.574866 0.777459
    outer loop
      vertex 4.12753 1.60318 16.9762
      vertex 3.76839 1.3755 16.9257
      vertex 3.79797 1.30897 16.8668
    endloop
  endfacet
  facet normal 0.276741 -0.513907 0.811981
    outer loop
      vertex 5.50529 3.55971 17.8345
      vertex 4.81626 3.0926 17.7737
      vertex 5.01803 2.99759 17.6448
    endloop
  endfacet
  facet normal 0.277225 -0.541573 0.793627
    outer loop
      vertex 5.01803 2.99759 17.6448
      vertex 4.49223 2.4081 17.4262
      vertex 4.63067 2.29916 17.3035
    endloop
  endfacet
  facet normal 0.311831 -0.536568 0.784127
    outer loop
      vertex 5.84578 3.2181 17.4748
      vertex 5.18412 2.86689 17.4976
      vertex 5.3127 2.70195 17.3336
    endloop
  endfacet
  facet normal 0.327516 -0.548713 0.769186
    outer loop
      vertex 5.94939 2.99002 17.268
      vertex 5.3127 2.70195 17.3336
      vertex 5.40237 2.50455 17.1546
    endloop
  endfacet
  facet normal 0.806775 -0.267686 0.526743
    outer loop
      vertex 8.1522 5.37077 17.3318
      vertex 8.03857 5.16762 17.4026
      vertex 8.12684 4.76383 17.0622
    endloop
  endfacet
  facet normal 0.582619 -0.297902 0.756181
    outer loop
      vertex 7.6515 5.81024 18.011
      vertex 7.47919 5.53442 18.0351
      vertex 7.69959 5.25168 17.7539
    endloop
  endfacet
  facet normal 0.477098 -0.461451 0.747958
    outer loop
      vertex 7.45171 4.9336 17.7576
      vertex 7.13863 4.56695 17.7311
      vertex 7.59841 4.61068 17.4648
    endloop
  endfacet
  facet normal 0.634392 -0.340991 0.693737
    outer loop
      vertex 7.87954 5.5177 17.7201
      vertex 7.69959 5.25168 17.7539
      vertex 8.03857 5.16762 17.4026
    endloop
  endfacet
  facet normal 0.0719706 -0.462899 0.883484
    outer loop
      vertex 1.41518 2.46665 18.0796
      vertex 0.971155 2.14568 17.9476
      vertex 1.47829 2.05161 17.857
    endloop
  endfacet
  facet normal 0.058476 -0.466712 0.882474
    outer loop
      vertex 0.971155 2.14568 17.9476
      vertex 0.53557 1.79897 17.7931
      vertex 1.09401 1.77383 17.7428
    endloop
  endfacet
  facet normal 0.00526131 -0.256451 0.966543
    outer loop
      vertex 3.06743 4.96685 18.9654
      vertex 2.42541 4.29977 18.7919
      vertex 3.01187 4.59824 18.8679
    endloop
  endfacet
  facet normal 0.102102 -0.384825 0.917325
    outer loop
      vertex 3.46956 4.41469 18.7656
      vertex 2.93975 4.18473 18.7281
      vertex 3.33391 3.94009 18.5816
    endloop
  endfacet
  facet normal -0.131034 -0.161525 0.978131
    outer loop
      vertex 1.79093 4.56967 18.8116
      vertex 1.17878 3.86968 18.614
      vertex 1.81251 4.28269 18.7671
    endloop
  endfacet
  facet normal -0.0419347 -0.33004 0.943035
    outer loop
      vertex 1.29245 3.22777 18.4216
      vertex 0.642416 3.13778 18.3612
      vertex 0.744116 2.83141 18.2585
    endloop
  endfacet
  facet normal 0.157962 -0.466432 0.870338
    outer loop
      vertex 3.59147 3.57422 18.3617
      vertex 3.00405 2.88342 18.0981
      vertex 3.36173 3.01015 18.1011
    endloop
  endfacet
  facet normal 0.184214 -0.499336 0.846598
    outer loop
      vertex 3.70188 3.10105 18.0807
      vertex 3.36173 3.01015 18.1011
      vertex 3.39513 2.49434 17.7896
    endloop
  endfacet
  facet normal -0.045895 -0.161034 0.985881
    outer loop
      vertex 3.10581 5.28651 19.0194
      vertex 2.44437 4.64975 18.8846
      vertex 3.06743 4.96685 18.9654
    endloop
  endfacet
  facet normal -0.408241 0.108896 0.906356
    outer loop
      vertex 0.397623 3.87168 18.4458
      vertex -0.344521 3.50149 18.156
      vertex -0.270943 3.33953 18.2086
    endloop
  endfacet
  facet normal -0.21421 -0.0331584 0.976225
    outer loop
      vertex 1.76617 4.81206 18.8144
      vertex 1.12692 4.13693 18.6512
      vertex 1.79093 4.56967 18.8116
    endloop
  endfacet
  facet normal -0.366073 0.127324 0.921835
    outer loop
      vertex 1.03599 4.54938 18.6057
      vertex 0.397623 3.87168 18.4458
      vertex 1.07915 4.36432 18.6484
    endloop
  endfacet
  facet normal 0.21629 -0.510235 0.832394
    outer loop
      vertex 4.02076 3.15513 18.0372
      vertex 3.9061 2.55332 17.6981
      vertex 4.31488 3.17181 17.971
    endloop
  endfacet
  facet normal 0.238054 -0.493796 0.836359
    outer loop
      vertex 4.69281 3.76101 18.2113
      vertex 4.31488 3.17181 17.971
      vertex 5.00033 3.73684 18.1095
    endloop
  endfacet
  facet normal 0.169943 -0.438486 0.882525
    outer loop
      vertex 3.79829 4.10461 18.5854
      vertex 3.59147 3.57422 18.3617
      vertex 4.2399 4.22263 18.559
    endloop
  endfacet
  facet normal 0.145837 -0.4322 0.889907
    outer loop
      vertex 3.79829 4.10461 18.5854
      vertex 3.33391 3.94009 18.5816
      vertex 3.59147 3.57422 18.3617
    endloop
  endfacet
  facet normal -0.0157309 -0.326212 0.945166
    outer loop
      vertex 1.83066 3.95427 18.6813
      vertex 1.23416 3.56552 18.5372
      vertex 1.29245 3.22777 18.4216
    endloop
  endfacet
  facet normal -0.0975787 -0.260259 0.960595
    outer loop
      vertex 1.23416 3.56552 18.5372
      vertex 0.550112 3.41525 18.427
      vertex 0.642416 3.13778 18.3612
    endloop
  endfacet
  facet normal -0.0664131 -0.255625 0.964492
    outer loop
      vertex 1.81251 4.28269 18.7671
      vertex 1.17878 3.86968 18.614
      vertex 1.23416 3.56552 18.5372
    endloop
  endfacet
  facet normal -0.130984 -0.161569 0.97813
    outer loop
      vertex 1.79093 4.56967 18.8116
      vertex 1.12692 4.13693 18.6512
      vertex 1.17878 3.86968 18.614
    endloop
  endfacet
  facet normal -0.0338097 -0.397211 0.917104
    outer loop
      vertex 0.364672 2.10994 17.9465
      vertex -0.315368 1.94802 17.8513
      vertex -0.109901 1.69572 17.7496
    endloop
  endfacet
  facet normal 0.0131262 -0.325274 0.945529
    outer loop
      vertex 2.42541 4.29977 18.7919
      vertex 1.83066 3.95427 18.6813
      vertex 1.84519 3.58801 18.5551
    endloop
  endfacet
  facet normal -0.0338123 -0.397202 0.917108
    outer loop
      vertex 0.206213 2.40327 18.0677
      vertex -0.315368 1.94802 17.8513
      vertex 0.364672 2.10994 17.9465
    endloop
  endfacet
  facet normal 0.0249023 -0.380757 0.92434
    outer loop
      vertex 1.84519 3.58801 18.5551
      vertex 1.29245 3.22777 18.4216
      vertex 1.85594 3.18791 18.39
    endloop
  endfacet
  facet normal -0.0764976 -0.449594 0.889951
    outer loop
      vertex -1.39368 0.351582 17.0415
      vertex -2.12817 -0.0408754 16.7801
      vertex -1.75933 -0.113926 16.7749
    endloop
  endfacet
  facet normal -0.00262912 -0.446529 0.894765
    outer loop
      vertex 0.113202 1.43033 17.6178
      vertex -0.564427 1.26139 17.5315
      vertex -0.291322 1.04377 17.4237
    endloop
  endfacet
  facet normal 0.0467774 -0.472185 0.880257
    outer loop
      vertex 0.53557 1.79897 17.7931
      vertex 0.113202 1.43033 17.6178
      vertex 0.351501 1.15473 17.4573
    endloop
  endfacet
  facet normal 0.111926 -0.491032 0.863921
    outer loop
      vertex 1.55939 1.90612 17.7638
      vertex 1.47829 2.05161 17.857
      vertex 1.50412 1.8754 17.7535
    endloop
  endfacet
  facet normal 0.111235 -0.491356 0.863826
    outer loop
      vertex 1.64533 1.95388 17.7799
      vertex 1.47829 2.05161 17.857
      vertex 1.55939 1.90612 17.7638
    endloop
  endfacet
  facet normal 0.118186 -0.482625 0.867816
    outer loop
      vertex 1.47829 2.05161 17.857
      vertex 1.64533 1.95388 17.7799
      vertex 1.64721 1.9547 17.7801
    endloop
  endfacet
  facet normal 0.103044 -0.459756 0.882047
    outer loop
      vertex 2.30907 3.01762 18.2708
      vertex 1.86279 2.75836 18.1878
      vertex 2.2519 2.52844 18.0225
    endloop
  endfacet
  facet normal 0.318061 0.0604551 0.946141
    outer loop
      vertex 6.66271 6.54288 18.6525
      vertex 6.10989 6.351 18.8506
      vertex 6.58189 6.3139 18.6943
    endloop
  endfacet
  facet normal 0.318178 0.0601001 0.946124
    outer loop
      vertex 6.18007 6.58082 18.8124
      vertex 6.10989 6.351 18.8506
      vertex 6.66271 6.54288 18.6525
    endloop
  endfacet
  facet normal 0.344134 -0.285341 0.894512
    outer loop
      vertex 6.4454 6.02122 18.6955
      vertex 6.25472 5.66805 18.6562
      vertex 6.84863 5.92131 18.5085
    endloop
  endfacet
  facet normal 0.378793 -0.172921 0.909183
    outer loop
      vertex 6.58189 6.3139 18.6943
      vertex 6.4454 6.02122 18.6955
      vertex 6.84863 5.92131 18.5085
    endloop
  endfacet
  facet normal 0.333894 -0.4294 0.839125
    outer loop
      vertex 6.37419 5.16851 18.4089
      vertex 6.34331 4.57759 18.1188
      vertex 6.68489 5.0222 18.2104
    endloop
  endfacet
  facet normal 0.314811 -0.505029 0.803642
    outer loop
      vertex 5.94867 4.08831 17.993
      vertex 5.50529 3.55971 17.8345
      vertex 6.1643 3.91863 17.8019
    endloop
  endfacet
  facet normal 0.372248 -0.549322 0.748116
    outer loop
      vertex 6.44766 3.4482 17.3565
      vertex 5.94939 2.99002 17.268
      vertex 6.51227 3.1526 17.1073
    endloop
  endfacet
  facet normal 0.387356 -0.516501 0.763664
    outer loop
      vertex 6.76377 4.15574 17.6747
      vertex 6.44766 3.4482 17.3565
      vertex 6.89172 3.87408 17.4193
    endloop
  endfacet
  facet normal 0.362439 -0.382778 0.849776
    outer loop
      vertex 6.96965 5.41726 18.2669
      vertex 6.63957 5.5727 18.4777
      vertex 6.68489 5.0222 18.2104
    endloop
  endfacet
  facet normal 0.311196 -0.464101 0.829317
    outer loop
      vertex 6.05541 4.71316 18.3027
      vertex 5.68672 4.21166 18.1604
      vertex 6.34331 4.57759 18.1188
    endloop
  endfacet
  facet normal 0.400721 -0.315994 0.859983
    outer loop
      vertex 7.19449 5.75845 18.2875
      vertex 6.84863 5.92131 18.5085
      vertex 6.96965 5.41726 18.2669
    endloop
  endfacet
  facet normal 0.453334 -0.34828 0.820481
    outer loop
      vertex 7.19449 5.75845 18.2875
      vertex 6.96965 5.41726 18.2669
      vertex 7.47919 5.53442 18.0351
    endloop
  endfacet
  facet normal 0.416702 0.766356 0.488934
    outer loop
      vertex 7.08573 6.69357 18.2499
      vertex 6.68697 6.70566 18.5708
      vertex 7.1183 6.59879 18.3707
    endloop
  endfacet
  facet normal 0.416536 0.766584 0.488719
    outer loop
      vertex 7.08573 6.69357 18.2499
      vertex 6.65439 6.80044 18.4499
      vertex 6.68697 6.70566 18.5708
    endloop
  endfacet
  facet normal 0.618564 -0.0931522 0.780193
    outer loop
      vertex 7.75642 6.02787 17.9538
      vertex 7.45522 6.26488 18.2209
      vertex 7.6515 5.81024 18.011
    endloop
  endfacet
  facet normal 0.606664 0.278267 0.744665
    outer loop
      vertex 7.1183 6.59879 18.3707
      vertex 7.08932 6.43718 18.4547
      vertex 7.48826 6.42458 18.1344
    endloop
  endfacet
  facet normal 0.292533 0.854795 -0.428662
    outer loop
      vertex 7.65905 6.31118 17.5926
      vertex 7.19585 6.51077 17.6745
      vertex 7.35786 6.5482 17.8597
    endloop
  endfacet
  facet normal 0.199906 0.911631 -0.35912
    outer loop
      vertex 7.19585 6.51077 17.6745
      vertex 6.99195 6.7205 18.0934
      vertex 7.35786 6.5482 17.8597
    endloop
  endfacet
  facet normal 0.968354 -0.132549 0.211474
    outer loop
      vertex 8.28422 5.10311 16.8835
      vertex 8.24246 4.95789 16.9837
      vertex 8.25939 4.49461 16.6158
    endloop
  endfacet
  facet normal 0.850245 0.500437 0.163237
    outer loop
      vertex 8.02855 5.8825 17.5636
      vertex 7.76021 6.27973 17.7435
      vertex 7.79279 6.18494 17.8644
    endloop
  endfacet
  facet normal 0.73566 0.614975 0.283918
    outer loop
      vertex 7.76021 6.27973 17.7435
      vertex 7.48826 6.42458 18.1344
      vertex 7.79279 6.18494 17.8644
    endloop
  endfacet
  facet normal 0.358827 -0.733688 0.577013
    outer loop
      vertex 2.51255 -2.55314 13.847
      vertex 2.0871 -3.14076 13.3644
      vertex 2.58602 -2.78012 13.5127
    endloop
  endfacet
  facet normal 0.312713 -0.803335 0.506817
    outer loop
      vertex -0.0778589 -4.55443 12.6876
      vertex -0.244632 -4.83278 12.3493
      vertex 0.451951 -4.32447 12.7252
    endloop
  endfacet
  facet normal 0.345649 -0.767783 0.539478
    outer loop
      vertex 1.58417 -3.46852 13.2429
      vertex 1.08273 -3.75982 13.1496
      vertex 1.5465 -3.72775 12.8981
    endloop
  endfacet
  facet normal 0.444061 -0.765446 0.465727
    outer loop
      vertex 3.18549 -2.543 13.3855
      vertex 2.64758 -2.97115 13.1947
      vertex 2.69658 -3.12416 12.8965
    endloop
  endfacet
  facet normal 0.422212 -0.77647 0.467794
    outer loop
      vertex 2.64758 -2.97115 13.1947
      vertex 2.09925 -3.36751 13.0317
      vertex 2.69658 -3.12416 12.8965
    endloop
  endfacet
  facet normal 0.480665 -0.739603 0.471115
    outer loop
      vertex 4.20661 -1.61041 13.8417
      vertex 3.83994 -2.17083 13.336
      vertex 4.37903 -1.65569 13.5947
    endloop
  endfacet
  facet normal 0.463585 -0.753113 0.466809
    outer loop
      vertex 3.83994 -2.17083 13.336
      vertex 3.18549 -2.543 13.3855
      vertex 3.27706 -2.66211 13.1024
    endloop
  endfacet
  facet normal 0.374763 -0.686368 0.623258
    outer loop
      vertex 4.15728 -1.05101 14.5818
      vertex 3.52059 -1.33908 14.6474
      vertex 3.77503 -1.45123 14.3709
    endloop
  endfacet
  facet normal 0.423365 -0.736189 0.528003
    outer loop
      vertex 3.55002 -1.97634 13.8833
      vertex 3.07544 -2.39055 13.6863
      vertex 3.18549 -2.543 13.3855
    endloop
  endfacet
  facet normal 0.525661 -0.65834 0.538766
    outer loop
      vertex 6.19397 0.919717 15.2903
      vertex 5.87984 0.413073 14.9777
      vertex 6.52372 1.07474 15.158
    endloop
  endfacet
  facet normal 0.466845 -0.686115 0.557945
    outer loop
      vertex 5.51987 -0.0988626 14.6732
      vertex 4.8338 -0.632196 14.5914
      vertex 5.11801 -0.61048 14.3803
    endloop
  endfacet
  facet normal 0.449865 -0.712997 0.537825
    outer loop
      vertex 4.43404 -1.09232 14.3383
      vertex 4.00454 -1.54201 14.1014
      vertex 4.20661 -1.61041 13.8417
    endloop
  endfacet
  facet normal 0.410118 -0.699814 0.584861
    outer loop
      vertex 4.15728 -1.05101 14.5818
      vertex 4.00454 -1.54201 14.1014
      vertex 4.43404 -1.09232 14.3383
    endloop
  endfacet
  facet normal 0.522483 -0.676268 0.519301
    outer loop
      vertex 5.87984 0.413073 14.9777
      vertex 5.51987 -0.0988626 14.6732
      vertex 6.18472 0.527987 14.8206
    endloop
  endfacet
  facet normal 0.579155 -0.589306 0.563291
    outer loop
      vertex 7.20969 2.62154 16.1862
      vertex 7.03902 2.12729 15.8446
      vertex 7.34589 2.3417 15.7534
    endloop
  endfacet
  facet normal 0.367918 -0.762064 0.532817
    outer loop
      vertex 2.0871 -3.14076 13.3644
      vertex 1.58417 -3.46852 13.2429
      vertex 2.09925 -3.36751 13.0317
    endloop
  endfacet
  facet normal 0.474433 -0.866474 0.155358
    outer loop
      vertex 0.770069 -4.6033 11.8928
      vertex 0.709935 -4.67872 11.6558
      vertex 1.39492 -4.2808 11.7833
    endloop
  endfacet
  facet normal 0.260949 -0.963682 0.0567765
    outer loop
      vertex -1.25838 -5.53304 11.5163
      vertex -1.97104 -5.73582 11.3499
      vertex -1.3542 -5.57097 11.3129
    endloop
  endfacet
  facet normal 0.345061 -0.691233 -0.634924
    outer loop
      vertex -0.762921 -5.31003 11.1553
      vertex -0.114691 -4.91975 11.0827
      vertex -0.0821161 -5.01454 11.2036
    endloop
  endfacet
  facet normal 0.344917 -0.691046 -0.635207
    outer loop
      vertex -0.114691 -4.91975 11.0827
      vertex -0.762921 -5.31003 11.1553
      vertex -0.795496 -5.21525 11.0345
    endloop
  endfacet
  facet normal 0.259349 -0.882227 0.392955
    outer loop
      vertex -0.977445 -5.26001 12.0351
      vertex -1.71538 -5.58482 11.7929
      vertex -1.13233 -5.42901 11.7579
    endloop
  endfacet
  facet normal 0.378532 -0.904336 0.197207
    outer loop
      vertex -0.519217 -5.21178 11.763
      vertex -0.624021 -5.30829 11.5216
      vertex 0.11724 -4.93554 11.8081
    endloop
  endfacet
  facet normal 0.26094 -0.963682 0.0568156
    outer loop
      vertex -1.86163 -5.69425 11.5525
      vertex -1.97104 -5.73582 11.3499
      vertex -1.25838 -5.53304 11.5163
    endloop
  endfacet
  facet normal 0.2638 -0.928293 0.262073
    outer loop
      vertex -1.71538 -5.58482 11.7929
      vertex -1.86163 -5.69425 11.5525
      vertex -1.25838 -5.53304 11.5163
    endloop
  endfacet
  facet normal 0.153566 -0.873326 0.462297
    outer loop
      vertex -2.05558 -5.4972 12.1396
      vertex -2.53675 -5.52448 12.2479
      vertex -2.26198 -5.67753 11.8675
    endloop
  endfacet
  facet normal 0.0791552 -0.798238 0.597118
    outer loop
      vertex -2.67295 -5.24463 12.6808
      vertex -3.0352 -5.15488 12.8488
      vertex -2.97215 -5.49026 12.3921
    endloop
  endfacet
  facet normal 0.259295 -0.882192 0.39307
    outer loop
      vertex -1.53391 -5.40873 12.0684
      vertex -1.71538 -5.58482 11.7929
      vertex -0.977445 -5.26001 12.0351
    endloop
  endfacet
  facet normal 0.13108 -0.928078 0.348552
    outer loop
      vertex -2.26198 -5.67753 11.8675
      vertex -2.76614 -5.70611 11.981
      vertex -2.42717 -5.79017 11.6297
    endloop
  endfacet
  facet normal 0.321604 -0.771683 0.548704
    outer loop
      vertex 0.588264 -4.01147 13.0855
      vertex 0.451951 -4.32447 12.7252
      vertex 1.08273 -3.75982 13.1496
    endloop
  endfacet
  facet normal 0.24709 -0.802847 0.542572
    outer loop
      vertex -1.07359 -4.86496 12.7125
      vertex -1.31919 -5.16789 12.3761
      vertex -0.588236 -4.73525 12.6834
    endloop
  endfacet
  facet normal 0.135103 -0.68472 0.716175
    outer loop
      vertex -1.49603 -3.51647 14.2919
      vertex -1.78845 -4.07695 13.8112
      vertex -1.29426 -3.61148 14.163
    endloop
  endfacet
  facet normal 0.00502084 -0.703185 0.71099
    outer loop
      vertex -3.37207 -4.29548 13.7786
      vertex -3.79964 -4.55333 13.5266
      vertex -3.60164 -4.80732 13.274
    endloop
  endfacet
  facet normal 0.294298 0.0555407 -0.954098
    outer loop
      vertex 2.60238 -2.87168 11.5542
      vertex 2.53178 -2.66078 11.5447
      vertex 3.27094 -2.33953 11.7914
    endloop
  endfacet
  facet normal 0.316531 -0.403326 -0.858566
    outer loop
      vertex 0.583625 -4.56436 11.1732
      vertex -0.114691 -4.91975 11.0827
      vertex 0.56109 -4.41409 11.0943
    endloop
  endfacet
  facet normal 0.322134 -0.902519 -0.285814
    outer loop
      vertex -1.3542 -5.57097 11.3129
      vertex -1.41875 -5.54239 11.1499
      vertex -0.705553 -5.34116 11.3183
    endloop
  endfacet
  facet normal 0.462469 -0.827918 -0.317293
    outer loop
      vertex -0.0322075 -5.0489 11.366
      vertex -0.0821161 -5.01454 11.2036
      vertex 0.616199 -4.65915 11.2941
    endloop
  endfacet
  facet normal 0.555213 -0.829501 -0.060548
    outer loop
      vertex 2.08194 -3.83306 11.9492
      vertex 1.35888 -4.29051 11.5859
      vertex 2.06138 -3.83269 11.7556
    endloop
  endfacet
  facet normal 0.477629 -0.624298 -0.61816
    outer loop
      vertex 0.616199 -4.65915 11.2941
      vertex 0.583625 -4.56436 11.1732
      vertex 1.32438 -4.24775 11.4258
    endloop
  endfacet
  facet normal 0.597199 -0.799459 -0.0649456
    outer loop
      vertex 2.76347 -3.34042 12.1519
      vertex 2.06138 -3.83269 11.7556
      vertex 2.75826 -3.32895 11.9628
    endloop
  endfacet
  facet normal 0.587643 -0.797958 0.133936
    outer loop
      vertex 3.40102 -2.79547 12.6014
      vertex 2.75484 -3.30981 12.3722
      vertex 3.43204 -2.80826 12.3891
    endloop
  endfacet
  facet normal 0.474438 -0.866454 0.15545
    outer loop
      vertex 1.43212 -4.2187 12.0159
      vertex 0.770069 -4.6033 11.8928
      vertex 1.39492 -4.2808 11.7833
    endloop
  endfacet
  facet normal 0.508693 -0.85946 -0.0505976
    outer loop
      vertex 1.39492 -4.2808 11.7833
      vertex 0.709935 -4.67872 11.6558
      vertex 1.35888 -4.29051 11.5859
    endloop
  endfacet
  facet normal 0.6394 -0.692967 0.333113
    outer loop
      vertex 6.2053 0.140656 14.1483
      vertex 5.56483 -0.530919 13.9806
      vertex 5.72254 -0.473946 13.7964
    endloop
  endfacet
  facet normal 0.67127 -0.724234 0.157742
    outer loop
      vertex 5.19475 -1.08143 13.4622
      vertex 4.62769 -1.67515 13.1494
      vertex 4.70121 -1.64913 12.956
    endloop
  endfacet
  facet normal 0.471719 -0.671513 0.571446
    outer loop
      vertex 5.52697 0.299109 15.135
      vertex 5.19945 -0.166687 14.858
      vertex 5.51987 -0.0988626 14.6732
    endloop
  endfacet
  facet normal 0.5071 -0.709655 0.48912
    outer loop
      vertex 5.11801 -0.61048 14.3803
      vertex 4.67865 -1.11618 14.1021
      vertex 5.36258 -0.576597 14.1759
    endloop
  endfacet
  facet normal 0.547322 -0.734284 0.401579
    outer loop
      vertex 5.0611 -1.1107 13.6616
      vertex 4.37903 -1.65569 13.5947
      vertex 4.5199 -1.67735 13.3631
    endloop
  endfacet
  facet normal 0.70203 -0.71052 -0.0481101
    outer loop
      vertex 4.70121 -1.64913 12.956
      vertex 4.08032 -2.24243 12.6581
      vertex 4.10478 -2.20623 12.4804
    endloop
  endfacet
  facet normal 0.783045 -0.621852 0.0118603
    outer loop
      vertex 6.33348 0.229594 13.9895
      vertex 5.834 -0.406302 13.6254
      vertex 6.4087 0.321495 13.8418
    endloop
  endfacet
  facet normal 0.741206 -0.619339 0.258909
    outer loop
      vertex 7.01509 1.36427 14.8897
      vertex 6.63773 0.755641 14.5141
      vertex 7.17132 1.4956 14.7566
    endloop
  endfacet
  facet normal 0.7682 -0.386732 -0.510203
    outer loop
      vertex 5.34918 -0.891891 12.9729
      vertex 5.3166 -0.797108 12.852
      vertex 5.91375 -0.242075 13.3304
    endloop
  endfacet
  facet normal 0.799845 -0.348482 -0.48868
    outer loop
      vertex 6.43014 0.415351 13.7068
      vertex 5.88117 -0.147291 13.2095
      vertex 6.39757 0.510135 13.5859
    endloop
  endfacet
  facet normal 0.79984 -0.348445 -0.488716
    outer loop
      vertex 5.88117 -0.147291 13.2095
      vertex 6.43014 0.415351 13.7068
      vertex 5.91375 -0.242075 13.3304
    endloop
  endfacet
  facet normal 0.730255 -0.618058 -0.291086
    outer loop
      vertex 4.10478 -2.20623 12.4804
      vertex 4.10069 -2.14037 12.3303
      vertex 4.74261 -1.52698 12.6383
    endloop
  endfacet
  facet normal 0.731399 -0.681149 -0.0330353
    outer loop
      vertex 5.33958 -0.971425 13.116
      vertex 4.70121 -1.64913 12.956
      vertex 4.73966 -1.59955 12.785
    endloop
  endfacet
  facet normal 0.65695 -0.685045 -0.314849
    outer loop
      vertex 3.44189 -2.78481 12.2053
      vertex 2.75826 -3.32895 11.9628
      vertex 3.43046 -2.72536 12.0521
    endloop
  endfacet
  facet normal 0.694935 -0.651365 -0.304613
    outer loop
      vertex 3.44189 -2.78481 12.2053
      vertex 3.43046 -2.72536 12.0521
      vertex 4.10478 -2.20623 12.4804
    endloop
  endfacet
  facet normal 0.051398 0.650294 -0.757942
    outer loop
      vertex 7.01436 4.89878 15.9022
      vertex 6.57104 4.68894 15.6921
      vertex 6.93772 5.24937 16.1978
    endloop
  endfacet
  facet normal 0.045086 0.72193 -0.690496
    outer loop
      vertex 7.16914 5.75581 16.7092
      vertex 6.60164 5.80732 16.726
      vertex 6.95879 6.02566 16.9776
    endloop
  endfacet
  facet normal 0.0751699 0.621808 -0.779554
    outer loop
      vertex 7.02873 4.50539 15.5898
      vertex 6.58435 4.32442 15.4026
      vertex 7.01436 4.89878 15.9022
    endloop
  endfacet
  facet normal 0.142756 0.618708 -0.772542
    outer loop
      vertex 7.02873 4.50539 15.5898
      vertex 7.01436 4.89878 15.9022
      vertex 7.39726 5.06041 16.1024
    endloop
  endfacet
  facet normal 0.143346 0.453915 -0.879439
    outer loop
      vertex 6.18472 2.06112 13.9003
      vertex 5.48814 1.55281 13.5244
      vertex 5.80227 2.05945 13.8371
    endloop
  endfacet
  facet normal 0.0538175 0.575377 -0.816116
    outer loop
      vertex 6.43792 3.49279 14.7899
      vertex 5.95104 3.34486 14.6535
      vertex 6.53982 3.92424 15.1008
    endloop
  endfacet
  facet normal 0.112298 0.563313 -0.818577
    outer loop
      vertex 6.8707 3.60792 14.9285
      vertex 6.43792 3.49279 14.7899
      vertex 6.98066 4.07353 15.264
    endloop
  endfacet
  facet normal 0.218586 0.440731 -0.870618
    outer loop
      vertex 6.51586 2.04567 13.9756
      vertex 6.47054 2.59617 14.2429
      vertex 6.8195 2.61412 14.3396
    endloop
  endfacet
  facet normal 0.220407 0.409673 -0.885206
    outer loop
      vertex 6.51586 2.04567 13.9756
      vertex 6.15571 1.4648 13.6171
      vertex 6.18472 2.06112 13.9003
    endloop
  endfacet
  facet normal 0.21179 0.354968 -0.910573
    outer loop
      vertex 5.743 0.877861 13.268
      vertex 5.02359 0.409777 12.9182
      vertex 5.45726 0.961898 13.2343
    endloop
  endfacet
  facet normal 0.294399 0.0552971 -0.954082
    outer loop
      vertex 3.27094 -2.33953 11.7914
      vertex 2.53178 -2.66078 11.5447
      vertex 3.17796 -2.14645 11.7739
    endloop
  endfacet
  facet normal 0.274788 0.229573 -0.933696
    outer loop
      vertex 4.40464 -1.02612 12.3219
      vertex 4.23733 -0.855141 12.3147
      vertex 4.77853 -0.288499 12.6133
    endloop
  endfacet
  facet normal 0.439646 0.258283 -0.860233
    outer loop
      vertex 6.61979 1.33462 13.7703
      vertex 6.41467 1.40467 13.6865
      vertex 6.79203 2.0133 14.0621
    endloop
  endfacet
  facet normal 0.431715 0.217185 -0.875473
    outer loop
      vertex 6.17239 0.698332 13.3918
      vertex 5.98225 0.789683 13.3207
      vertex 6.41467 1.40467 13.6865
    endloop
  endfacet
  facet normal -0.0572837 0.526593 -0.848186
    outer loop
      vertex 3.29547 0.980294 13.1731
      vertex 3.63731 0.88057 13.0881
      vertex 3.29766 0.970868 13.1671
    endloop
  endfacet
  facet normal -0.0558946 0.529754 -0.846308
    outer loop
      vertex 3.28389 1.0131 13.1944
      vertex 3.63731 0.88057 13.0881
      vertex 3.29547 0.980294 13.1731
    endloop
  endfacet
  facet normal -0.0562894 0.529039 -0.846729
    outer loop
      vertex 3.63731 0.88057 13.0881
      vertex 3.28389 1.0131 13.1944
      vertex 3.91895 1.23912 13.2934
    endloop
  endfacet
  facet normal 0.0700747 0.433356 -0.898494
    outer loop
      vertex 4.28695 0.0235624 12.6488
      vertex 3.99392 0.188297 12.7054
      vertex 4.39368 0.648417 12.9585
    endloop
  endfacet
  facet normal 0.0701518 0.433343 -0.898495
    outer loop
      vertex 4.72631 0.529257 12.927
      vertex 4.28695 0.0235624 12.6488
      vertex 4.39368 0.648417 12.9585
    endloop
  endfacet
  facet normal 0.0607103 0.419226 -0.90585
    outer loop
      vertex 4.28695 0.0235624 12.6488
      vertex 3.56443 -0.261392 12.4685
      vertex 3.99392 0.188297 12.7054
    endloop
  endfacet
  facet normal -0.0180082 0.507396 -0.861525
    outer loop
      vertex 4.02936 0.765951 13.0124
      vertex 3.63731 0.88057 13.0881
      vertex 4.35478 1.18025 13.2496
    endloop
  endfacet
  facet normal -0.50133 0.3816 -0.776563
    outer loop
      vertex -4.24136 -4.20345 11.974
      vertex -4.47919 -4.53442 11.9649
      vertex -4.45171 -3.9336 12.2424
    endloop
  endfacet
  facet normal -0.333814 0.429409 -0.839152
    outer loop
      vertex -3.05541 -3.71316 11.6973
      vertex -3.37419 -4.16851 11.5911
      vertex -3.34331 -3.57759 11.8812
    endloop
  endfacet
  facet normal -0.221755 0.420359 -0.879843
    outer loop
      vertex -1.9203 -3.80239 11.3213
      vertex -2.03577 -3.3145 11.5835
      vertex -1.65391 -3.29285 11.4976
    endloop
  endfacet
  facet normal -0.221936 0.420305 -0.879823
    outer loop
      vertex -1.9203 -3.80239 11.3213
      vertex -2.33998 -3.82618 11.4158
      vertex -2.03577 -3.3145 11.5835
    endloop
  endfacet
  facet normal -0.223815 0.375169 -0.89953
    outer loop
      vertex -2.14922 -4.2648 11.1854
      vertex -2.33998 -3.82618 11.4158
      vertex -1.9203 -3.80239 11.3213
    endloop
  endfacet
  facet normal -0.203223 0.527037 -0.825186
    outer loop
      vertex -0.199977 -0.983299 12.4894
      vertex -0.277438 -0.901376 12.5608
      vertex -0.247714 -0.896334 12.5567
    endloop
  endfacet
  facet normal -0.205897 0.52504 -0.825796
    outer loop
      vertex -0.188897 -1.00349 12.4738
      vertex -0.277438 -0.901376 12.5608
      vertex -0.199977 -0.983299 12.4894
    endloop
  endfacet
  facet normal -0.20215 0.527657 -0.825054
    outer loop
      vertex -0.277438 -0.901376 12.5608
      vertex -0.188897 -1.00349 12.4738
      vertex -0.660935 -1.53943 12.2467
    endloop
  endfacet
  facet normal -0.197782 0.477719 -0.85596
    outer loop
      vertex -0.984501 -2.67926 11.6619
      vertex -1.02076 -2.15513 11.9628
      vertex -0.701878 -2.10105 11.9193
    endloop
  endfacet
  facet normal -0.194944 0.446515 -0.873282
    outer loop
      vertex -0.984501 -2.67926 11.6619
      vertex -1.65391 -3.29285 11.4976
      vertex -1.35296 -2.74175 11.7122
    endloop
  endfacet
  facet normal -0.244667 0.466695 -0.849902
    outer loop
      vertex -1.69281 -2.76101 11.7887
      vertex -2.03577 -3.3145 11.5835
      vertex -2.00033 -2.73684 11.8905
    endloop
  endfacet
  facet normal -0.000509558 0.38277 -0.923843
    outer loop
      vertex 1.70755 -2.22777 11.5784
      vertex 2.09105 -1.53915 11.8635
      vertex 2.13413 -1.51906 11.8718
    endloop
  endfacet
  facet normal -0.00311538 0.384007 -0.923325
    outer loop
      vertex 2.09105 -1.53915 11.8635
      vertex 1.70755 -2.22777 11.5784
      vertex 1.64699 -1.86014 11.7315
    endloop
  endfacet
  facet normal -0.120849 0.460517 -0.879386
    outer loop
      vertex 0.690925 -2.01762 11.7292
      vertex 0.653395 -1.66427 11.9194
      vertex 0.729287 -1.68942 11.8958
    endloop
  endfacet
  facet normal -0.120487 0.460568 -0.879409
    outer loop
      vertex 0.653395 -1.66427 11.9194
      vertex 0.690925 -2.01762 11.7292
      vertex 0.250856 -2.24158 11.6722
    endloop
  endfacet
  facet normal -0.0439998 0.326841 -0.944054
    outer loop
      vertex 0.574591 -3.29977 11.2081
      vertex -0.0118704 -3.59824 11.1321
      vertex 0.0602512 -3.18473 11.2719
    endloop
  endfacet
  facet normal 0.0166635 0.389459 -0.920893
    outer loop
      vertex 2.25588 -1.83141 11.7415
      vertex 2.18203 -1.49414 11.8828
      vertex 2.79379 -1.40327 11.9323
    endloop
  endfacet
  facet normal 0.0169543 0.389511 -0.920866
    outer loop
      vertex 2.25588 -1.83141 11.7415
      vertex 2.16114 -1.50647 11.8772
      vertex 2.18203 -1.49414 11.8828
    endloop
  endfacet
  facet normal 0.01593 0.389264 -0.920989
    outer loop
      vertex 2.16114 -1.50647 11.8772
      vertex 2.25588 -1.83141 11.7415
      vertex 2.14994 -1.51169 11.8748
    endloop
  endfacet
  facet normal 0.0157306 0.326212 -0.945166
    outer loop
      vertex 1.76584 -2.56552 11.4628
      vertex 1.16933 -2.95427 11.3187
      vertex 1.70755 -2.22777 11.5784
    endloop
  endfacet
  facet normal -0.0745943 0.381292 -0.92144
    outer loop
      vertex 0.642611 -2.47921 11.5167
      vertex 0.0602512 -3.18473 11.2719
      vertex 0.148149 -2.73085 11.4526
    endloop
  endfacet
  facet normal -0.0995179 0.424759 -0.89982
    outer loop
      vertex 0.642611 -2.47921 11.5167
      vertex 0.148149 -2.73085 11.4526
      vertex 0.250856 -2.24158 11.6722
    endloop
  endfacet
  facet normal 0.167576 0.167862 -0.971463
    outer loop
      vertex 2.53178 -2.66078 11.5447
      vertex 1.87308 -3.13693 11.3488
      vertex 2.44989 -2.41525 11.573
    endloop
  endfacet
  facet normal 0.0663879 0.255644 -0.964489
    outer loop
      vertex 1.18749 -3.28269 11.2329
      vertex 1.16933 -2.95427 11.3187
      vertex 1.76584 -2.56552 11.4628
    endloop
  endfacet
  facet normal 0.114196 0.0283888 -0.993053
    outer loop
      vertex 0.548842 -4.20998 11.0581
      vertex -0.126605 -4.55374 10.9706
      vertex 0.547015 -3.95427 11.0652
    endloop
  endfacet
  facet normal 0.0628945 -0.154708 -0.985956
    outer loop
      vertex -0.785114 -4.83955 10.9239
      vertex -1.45157 -5.28766 10.9517
      vertex -1.41947 -5.0643 10.9187
    endloop
  endfacet
  facet normal 0.36654 -0.127826 -0.92158
    outer loop
      vertex 2.66089 -3.04564 11.6016
      vertex 1.96401 -3.54938 11.3943
      vertex 2.60238 -2.87168 11.5542
    endloop
  endfacet
  facet normal 0.200206 0.177825 -0.963481
    outer loop
      vertex 2.53178 -2.66078 11.5447
      vertex 2.44989 -2.41525 11.573
      vertex 3.17796 -2.14645 11.7739
    endloop
  endfacet
  facet normal 0.228882 0.19152 -0.954428
    outer loop
      vertex 3.80454 -1.59957 12.0339
      vertex 3.17796 -2.14645 11.7739
      vertex 3.6646 -1.40243 12.0399
    endloop
  endfacet
  facet normal -0.00897988 0.437183 -0.899328
    outer loop
      vertex 3.1099 -0.695724 12.2504
      vertex 2.99867 -0.745939 12.2271
      vertex 3.02137 -0.709885 12.2444
    endloop
  endfacet
  facet normal -0.00956431 0.438237 -0.898809
    outer loop
      vertex 3.1099 -0.695724 12.2504
      vertex 2.97079 -0.790233 12.2058
      vertex 2.99867 -0.745939 12.2271
    endloop
  endfacet
  facet normal -0.0113087 0.440315 -0.897772
    outer loop
      vertex 3.1099 -0.695724 12.2504
      vertex 2.93901 -0.83142 12.186
      vertex 2.97079 -0.790233 12.2058
    endloop
  endfacet
  facet normal -0.00642834 0.435342 -0.900242
    outer loop
      vertex 2.93901 -0.83142 12.186
      vertex 3.1099 -0.695724 12.2504
      vertex 2.90722 -0.872627 12.1663
    endloop
  endfacet
  facet normal 0.0858052 0.345837 -0.934363
    outer loop
      vertex 2.93807 -1.67574 11.8447
      vertex 2.79379 -1.40327 11.9323
      vertex 3.31537 -0.948021 12.1487
    endloop
  endfacet
  facet normal 0.0488219 0.407095 -0.91208
    outer loop
      vertex 3.81491 -0.470668 12.3885
      vertex 3.31537 -0.948021 12.1487
      vertex 3.56443 -0.261392 12.4685
    endloop
  endfacet
  facet normal 0.20186 0.331528 -0.921597
    outer loop
      vertex 4.77853 -0.288499 12.6133
      vertex 4.54945 -0.135952 12.618
      vertex 5.28226 0.291285 12.9322
    endloop
  endfacet
  facet normal -0.400721 0.315994 -0.859983
    outer loop
      vertex -3.84863 -4.92131 11.4915
      vertex -4.19449 -4.75845 11.7125
      vertex -3.96965 -4.41726 11.7331
    endloop
  endfacet
  facet normal -0.344159 0.285419 -0.894478
    outer loop
      vertex -3.25472 -4.66805 11.3438
      vertex -3.84863 -4.92131 11.4915
      vertex -3.63957 -4.5727 11.5223
    endloop
  endfacet
  facet normal -0.525647 0.0367444 -0.849909
    outer loop
      vertex -4.08932 -5.43718 11.5453
      vertex -4.35694 -5.04203 11.7279
      vertex -3.9991 -5.21053 11.4993
    endloop
  endfacet
  facet normal -0.618275 0.0933711 -0.780396
    outer loop
      vertex -4.45522 -5.26488 11.7791
      vertex -4.6515 -4.81024 11.989
      vertex -4.35694 -5.04203 11.7279
    endloop
  endfacet
  facet normal -0.318178 -0.0601001 -0.946124
    outer loop
      vertex -3.18007 -5.58082 11.1876
      vertex -3.66271 -5.54288 11.3475
      vertex -3.10989 -5.351 11.1494
    endloop
  endfacet
  facet normal -0.246574 -0.793626 -0.5562
    outer loop
      vertex -3.16641 -5.8388 11.3884
      vertex -3.68697 -5.70566 11.4292
      vertex -3.19898 -5.74402 11.2676
    endloop
  endfacet
  facet normal -0.585945 -0.706863 -0.396248
    outer loop
      vertex -4.45568 -5.51936 11.9865
      vertex -4.48826 -5.42458 11.8656
      vertex -4.1183 -5.59879 11.6293
    endloop
  endfacet
  facet normal -0.697595 0.152299 -0.700119
    outer loop
      vertex -4.75642 -5.02787 12.0462
      vertex -4.98959 -4.72874 12.3436
      vertex -4.6515 -4.81024 11.989
    endloop
  endfacet
  facet normal -0.634392 0.340991 -0.693737
    outer loop
      vertex -4.87954 -4.5177 12.2799
      vertex -5.03857 -4.16762 12.5974
      vertex -4.69959 -4.25168 12.2461
    endloop
  endfacet
  facet normal -0.582501 0.297946 -0.756255
    outer loop
      vertex -4.6515 -4.81024 11.989
      vertex -4.87954 -4.5177 12.2799
      vertex -4.69959 -4.25168 12.2461
    endloop
  endfacet
  facet normal -0.634447 0.34085 -0.693757
    outer loop
      vertex -4.69959 -4.25168 12.2461
      vertex -5.03857 -4.16762 12.5974
      vertex -4.85329 -3.91332 12.5529
    endloop
  endfacet
  facet normal -0.452056 0.515272 -0.728107
    outer loop
      vertex -3.89172 -2.87408 12.5807
      vertex -4.27671 -3.26299 12.5445
      vertex -3.96274 -2.54921 12.8547
    endloop
  endfacet
  facet normal -0.521604 0.254581 -0.81432
    outer loop
      vertex -4.35694 -5.04203 11.7279
      vertex -4.47919 -4.53442 11.9649
      vertex -4.19449 -4.75845 11.7125
    endloop
  endfacet
  facet normal -0.521496 0.254632 -0.814374
    outer loop
      vertex -4.35694 -5.04203 11.7279
      vertex -4.6515 -4.81024 11.989
      vertex -4.47919 -4.53442 11.9649
    endloop
  endfacet
  facet normal -0.579075 0.58937 -0.563307
    outer loop
      vertex -4.20969 -1.62154 13.8138
      vertex -4.52721 -1.8668 13.8836
      vertex -4.34589 -1.3417 14.2466
    endloop
  endfacet
  facet normal -0.855632 0.368991 -0.36296
    outer loop
      vertex -5.08803 -2.81337 13.6728
      vertex -5.25939 -3.49461 13.3842
      vertex -5.20278 -2.98601 13.7678
    endloop
  endfacet
  facet normal -0.453991 0.58899 -0.668568
    outer loop
      vertex -3.48387 -1.45682 13.4307
      vertex -3.93152 -1.7845 13.446
      vertex -3.82962 -1.35305 13.7569
    endloop
  endfacet
  facet normal -0.588217 0.634881 -0.500927
    outer loop
      vertex -3.80953 -0.609795 14.4994
      vertex -4.10207 -0.791912 14.6121
      vertex -3.79843 -0.223469 14.976
    endloop
  endfacet
  facet normal -0.741245 0.619333 -0.258808
    outer loop
      vertex -3.63773 0.244358 15.4859
      vertex -4.17132 -0.495602 15.2434
      vertex -3.78089 0.134112 15.6321
    endloop
  endfacet
  facet normal -0.824917 0.559802 -0.0783195
    outer loop
      vertex -3.78089 0.134112 15.6321
      vertex -4.17132 -0.495602 15.2434
      vertex -3.86619 0.0278759 15.7712
    endloop
  endfacet
  facet normal -0.859727 0.262716 0.438007
    outer loop
      vertex -4.29635 -0.724222 15.5002
      vertex -3.86012 -0.16797 16.0228
      vertex -3.8927 -0.0731859 15.902
    endloop
  endfacet
  facet normal -0.859761 0.262923 0.437815
    outer loop
      vertex -3.86012 -0.16797 16.0228
      vertex -4.29635 -0.724222 15.5002
      vertex -4.26377 -0.819006 15.6211
    endloop
  endfacet
  facet normal -0.824877 0.517052 0.228549
    outer loop
      vertex -2.89797 1.32873 16.5305
      vertex -3.4087 0.678504 16.1582
      vertex -2.91375 1.24207 16.6696
    endloop
  endfacet
  facet normal -0.80531 0.591351 -0.0422007
    outer loop
      vertex -3.78089 0.134112 15.6321
      vertex -3.86619 0.0278759 15.7712
      vertex -3.33348 0.770405 16.0105
    endloop
  endfacet
  facet normal -0.728605 0.646629 -0.225847
    outer loop
      vertex -3.63773 0.244358 15.4859
      vertex -3.78089 0.134112 15.6321
      vertex -3.33348 0.770405 16.0105
    endloop
  endfacet
  facet normal -0.929372 0.361047 0.076894
    outer loop
      vertex -4.60201 -1.24615 14.9704
      vertex -4.90994 -1.97752 14.6827
      vertex -4.63667 -1.36133 15.0923
    endloop
  endfacet
  facet normal -0.914814 0.158883 0.371311
    outer loop
      vertex -4.90994 -1.97752 14.6827
      vertex -4.6041 -1.45611 15.2131
      vertex -4.63667 -1.36133 15.0923
    endloop
  endfacet
  facet normal -0.914814 0.158883 0.371311
    outer loop
      vertex -4.6041 -1.45611 15.2131
      vertex -4.90994 -1.97752 14.6827
      vertex -4.87737 -2.0723 14.8035
    endloop
  endfacet
  facet normal -0.799155 -0.302714 0.519341
    outer loop
      vertex -5.21152 -3.21525 13.9972
      vertex -5.26875 -3.72948 13.6094
      vertex -5.16202 -3.77792 13.7454
    endloop
  endfacet
  facet normal -0.760482 0.211386 -0.613989
    outer loop
      vertex -4.87954 -4.5177 12.2799
      vertex -5.1522 -4.37077 12.6682
      vertex -5.03857 -4.16762 12.5974
    endloop
  endfacet
  facet normal -0.142756 -0.618708 0.772542
    outer loop
      vertex -4.02873 -3.50539 14.4102
      vertex -4.39726 -4.06041 13.8976
      vertex -4.01436 -3.89878 14.0978
    endloop
  endfacet
  facet normal -0.784361 -0.403012 0.47155
    outer loop
      vertex -5.16202 -3.77792 13.7454
      vertex -5.25164 -4.19789 13.2374
      vertex -5.1451 -4.2412 13.3776
    endloop
  endfacet
  facet normal -0.802054 -0.212717 0.558087
    outer loop
      vertex -5.08058 -2.66083 14.3967
      vertex -5.21152 -3.21525 13.9972
      vertex -4.97591 -2.72098 14.5242
    endloop
  endfacet
  facet normal -0.948042 0.0567124 -0.31305
    outer loop
      vertex -5.19296 -4.52057 12.7645
      vertex -5.28422 -4.10311 13.1165
      vertex -5.1522 -4.37077 12.6682
    endloop
  endfacet
  facet normal -0.618805 -0.741172 0.260277
    outer loop
      vertex -4.89223 -5.01206 12.7048
      vertex -4.99597 -4.97728 12.5572
      vertex -4.65905 -5.31118 12.4074
    endloop
  endfacet
  facet normal -0.212269 -0.473948 0.854585
    outer loop
      vertex -3.47054 -1.59617 15.7571
      vertex -4.06332 -2.1639 15.295
      vertex -3.70003 -2.11366 15.4131
    endloop
  endfacet
  facet normal 0.153218 -0.58095 0.799388
    outer loop
      vertex 0.527059 -0.36502 16.4661
      vertex 0.557083 -0.463329 16.3889
      vertex 0.53154 -0.366315 16.4643
    endloop
  endfacet
  facet normal 0.151262 -0.581992 0.799003
    outer loop
      vertex 0.557083 -0.463329 16.3889
      vertex 0.407176 -0.535514 16.3647
      vertex 0.579927 -0.521917 16.3419
    endloop
  endfacet
  facet normal 0.151012 -0.581588 0.799344
    outer loop
      vertex 0.407176 -0.535514 16.3647
      vertex 0.557083 -0.463329 16.3889
      vertex 0.527059 -0.36502 16.4661
    endloop
  endfacet
  facet normal 0.0892836 -0.554827 0.827161
    outer loop
      vertex -0.456616 -0.289896 16.6442
      vertex -0.666901 -0.588957 16.4663
      vertex -0.13884 -0.568087 16.4233
    endloop
  endfacet
  facet normal 0.0789861 -0.501164 0.86174
    outer loop
      vertex 0.351501 1.15473 17.4573
      vertex 0.655612 0.91843 17.292
      vertex 0.697274 1.01097 17.342
    endloop
  endfacet
  facet normal 0.0792569 -0.500706 0.861981
    outer loop
      vertex 0.351501 1.15473 17.4573
      vertex 0.697274 1.01097 17.342
      vertex 0.74124 1.08834 17.3829
    endloop
  endfacet
  facet normal 0.0794753 -0.499916 0.86242
    outer loop
      vertex 0.351501 1.15473 17.4573
      vertex 0.74124 1.08834 17.3829
      vertex 0.77174 1.14201 17.4112
    endloop
  endfacet
  facet normal 0.0793115 -0.500851 0.861892
    outer loop
      vertex 0.655612 0.91843 17.292
      vertex 0.351501 1.15473 17.4573
      vertex 0.602382 0.87197 17.2699
    endloop
  endfacet
  facet normal 0.0543988 -0.538464 0.840891
    outer loop
      vertex -0.456616 -0.289896 16.6442
      vertex -1.17122 -0.597898 16.4932
      vertex -0.666901 -0.588957 16.4663
    endloop
  endfacet
  facet normal 0.188738 -0.733008 0.653512
    outer loop
      vertex -1.2091 -4.16847 13.5833
      vertex -1.59565 -4.59511 13.2164
      vertex -1.21379 -4.57346 13.1304
    endloop
  endfacet
  facet normal 0.212577 -0.739391 0.638837
    outer loop
      vertex -0.500793 -4.08672 13.4565
      vertex -1.21379 -4.57346 13.1304
      vertex -0.799789 -4.50325 13.0739
    endloop
  endfacet
  facet normal -0.00279085 -0.645068 0.76412
    outer loop
      vertex -3.07216 -3.43322 14.5256
      vertex -3.57104 -3.68894 14.3079
      vertex -3.00754 -3.72881 14.2763
    endloop
  endfacet
  facet normal 0.0545014 -0.657003 0.751915
    outer loop
      vertex -2.46568 -3.39748 14.5266
      vertex -2.89112 -3.98509 14.044
      vertex -2.36207 -3.62556 14.3198
    endloop
  endfacet
  facet normal 0.139647 -0.612632 0.777934
    outer loop
      vertex 0.0420961 -1.45856 15.7392
      vertex -0.6382 -2.01426 15.4237
      vertex 0.0465307 -1.57996 15.6428
    endloop
  endfacet
  facet normal 0.0699063 -0.594032 0.801398
    outer loop
      vertex -1.83684 -1.95747 15.6064
      vertex -1.90826 -2.25984 15.3885
      vertex -1.22174 -1.72225 15.7271
    endloop
  endfacet
  facet normal 0.250357 -0.722039 0.644966
    outer loop
      vertex 0.160269 -3.52903 13.8356
      vertex -0.107761 -3.98168 13.4329
      vertex 0.305532 -3.83525 13.4364
    endloop
  endfacet
  facet normal 0.269409 -0.773641 0.573497
    outer loop
      vertex -0.358178 -4.38523 13.0475
      vertex -0.588236 -4.73525 12.6834
      vertex 0.106201 -4.2207 13.0513
    endloop
  endfacet
  facet normal 0.281568 -0.747142 0.602079
    outer loop
      vertex 0.305532 -3.83525 13.4364
      vertex 0.106201 -4.2207 13.0513
      vertex 0.588264 -4.01147 13.0855
    endloop
  endfacet
  facet normal 0.268727 -0.723049 0.636385
    outer loop
      vertex 0.517951 -3.40231 13.8386
      vertex 0.305532 -3.83525 13.4364
      vertex 0.734565 -3.64904 13.4668
    endloop
  endfacet
  facet normal 0.250391 -0.722026 0.644968
    outer loop
      vertex 0.517951 -3.40231 13.8386
      vertex 0.160269 -3.52903 13.8356
      vertex 0.305532 -3.83525 13.4364
    endloop
  endfacet
  facet normal 0.231618 -0.719566 0.654659
    outer loop
      vertex 0.160269 -3.52903 13.8356
      vertex -0.500793 -4.08672 13.4565
      vertex -0.107761 -3.98168 13.4329
    endloop
  endfacet
  facet normal 0.1805 -0.683748 0.707042
    outer loop
      vertex -0.573372 -3.14955 14.4329
      vertex -1.05902 -3.66977 14.0538
      vertex -0.351527 -3.16699 14.3594
    endloop
  endfacet
  facet normal 0.210415 -0.655914 0.724916
    outer loop
      vertex 0.72674 -1.99732 15.1321
      vertex 0.303637 -2.59215 14.7167
      vertex 0.513456 -2.55656 14.688
    endloop
  endfacet
  facet normal -0.049896 -0.430897 -0.901021
    outer loop
      vertex -2.075 -5.61428 11.0664
      vertex -2.65969 -5.71344 11.1462
      vertex -2.64669 -5.55059 11.0676
    endloop
  endfacet
  facet normal 0.0624089 -0.434631 -0.898444
    outer loop
      vertex -1.45157 -5.28766 10.9517
      vertex -2.075 -5.61428 11.0664
      vertex -2.06841 -5.45251 10.9886
    endloop
  endfacet
  facet normal -0.132483 0.282608 -0.950043
    outer loop
      vertex -1.13441 -4.04154 11.087
      vertex -1.81648 -4.58652 11.02
      vertex -1.65818 -4.18152 11.1184
    endloop
  endfacet
  facet normal -0.020948 -0.143178 -0.989475
    outer loop
      vertex -1.45157 -5.28766 10.9517
      vertex -2.02272 -5.22552 10.9548
      vertex -1.41947 -5.0643 10.9187
    endloop
  endfacet
  facet normal -0.185904 0.360618 -0.913999
    outer loop
      vertex -1.65818 -4.18152 11.1184
      vertex -1.9203 -3.80239 11.3213
      vertex -1.46529 -3.72522 11.2592
    endloop
  endfacet
  facet normal -0.0544342 0.176867 -0.982728
    outer loop
      vertex -0.674862 -4.23049 10.9916
      vertex -1.35538 -4.77998 10.9304
      vertex -1.26002 -4.43781 10.9867
    endloop
  endfacet
  facet normal -0.00263126 0.166876 -0.985974
    outer loop
      vertex -0.105813 -4.28651 10.9806
      vertex -0.674862 -4.23049 10.9916
      vertex -0.0674286 -3.96685 11.0346
    endloop
  endfacet
  facet normal -0.0545285 0.176981 -0.982703
    outer loop
      vertex -0.742271 -4.56276 10.9355
      vertex -1.35538 -4.77998 10.9304
      vertex -0.674862 -4.23049 10.9916
    endloop
  endfacet
  facet normal -0.248249 -0.968532 -0.0178634
    outer loop
      vertex -3.56534 -5.82619 11.7087
      vertex -4.08573 -5.69357 11.7501
      vertex -3.65439 -5.80044 11.5501
    endloop
  endfacet
  facet normal -0.416536 -0.766584 -0.488719
    outer loop
      vertex -3.65439 -5.80044 11.5501
      vertex -4.08573 -5.69357 11.7501
      vertex -3.68697 -5.70566 11.4292
    endloop
  endfacet
  facet normal -0.362439 0.382778 -0.849776
    outer loop
      vertex -3.63957 -4.5727 11.5223
      vertex -3.96965 -4.41726 11.7331
      vertex -3.68489 -4.0222 11.7896
    endloop
  endfacet
  facet normal -0.333894 0.4294 -0.839125
    outer loop
      vertex -3.37419 -4.16851 11.5911
      vertex -3.68489 -4.0222 11.7896
      vertex -3.34331 -3.57759 11.8812
    endloop
  endfacet
  facet normal -0.177003 -0.416596 -0.891694
    outer loop
      vertex -2.64669 -5.55059 11.0676
      vertex -3.19898 -5.74402 11.2676
      vertex -3.18007 -5.58082 11.1876
    endloop
  endfacet
  facet normal -0.17715 -0.416291 -0.891807
    outer loop
      vertex -2.65969 -5.71344 11.1462
      vertex -3.19898 -5.74402 11.2676
      vertex -2.64669 -5.55059 11.0676
    endloop
  endfacet
  facet normal -0.219853 0.45596 -0.862418
    outer loop
      vertex -1.65391 -3.29285 11.4976
      vertex -2.03577 -3.3145 11.5835
      vertex -1.69281 -2.76101 11.7887
    endloop
  endfacet
  facet normal -0.335884 0.519563 -0.785644
    outer loop
      vertex -3.1643 -2.91863 12.1981
      vertex -3.33124 -2.70447 12.4111
      vertex -2.84578 -2.2181 12.5252
    endloop
  endfacet
  facet normal -0.387473 0.564597 -0.728763
    outer loop
      vertex -3.51227 -2.1526 12.8927
      vertex -3.52439 -1.82093 13.1561
      vertex -3.01768 -1.43175 13.1882
    endloop
  endfacet
  facet normal -0.568064 0.565177 -0.59823
    outer loop
      vertex -4.20969 -1.62154 13.8138
      vertex -4.64404 -2.36147 13.5272
      vertex -4.52721 -1.8668 13.8836
    endloop
  endfacet
  facet normal -0.289511 0.615627 -0.73293
    outer loop
      vertex -0.38685 0.879985 13.9243
      vertex -1.08496 0.439297 13.8299
      vertex -0.986897 0.660423 13.9769
    endloop
  endfacet
  facet normal -0.286919 0.609662 -0.738911
    outer loop
      vertex -0.510343 0.567752 13.7127
      vertex -1.15789 0.228098 13.6839
      vertex -0.457674 0.720284 13.8181
    endloop
  endfacet
  facet normal -0.373572 0.598671 -0.708546
    outer loop
      vertex -2.35884 -0.438584 13.6697
      vertex -2.98161 -1.10769 13.4327
      vertex -2.8991 -0.758309 13.6844
    endloop
  endfacet
  facet normal -0.380582 0.611187 -0.69398
    outer loop
      vertex -2.35884 -0.438584 13.6697
      vertex -2.8991 -0.758309 13.6844
      vertex -2.77103 -0.387428 13.9408
    endloop
  endfacet
  facet normal -0.389642 0.646427 -0.655981
    outer loop
      vertex -1.91337 0.56592 14.3374
      vertex -2.38436 0.402378 14.456
      vertex -2.12998 0.812651 14.7092
    endloop
  endfacet
  facet normal -0.428092 0.638333 -0.639741
    outer loop
      vertex -2.59882 0.00088501 14.1989
      vertex -3.05376 -0.211212 14.2917
      vertex -2.38436 0.402378 14.456
    endloop
  endfacet
  facet normal -0.427592 0.664846 -0.612491
    outer loop
      vertex -2.12998 0.812651 14.7092
      vertex -2.19945 1.16669 15.142
      vertex -1.83849 1.22721 14.9557
    endloop
  endfacet
  facet normal -0.351532 0.657628 -0.666296
    outer loop
      vertex -1.01119 1.32377 14.5866
      vertex -1.44095 1.27976 14.7699
      vertex -1.15932 1.63831 14.9752
    endloop
  endfacet
  facet normal -0.473841 0.656214 -0.587246
    outer loop
      vertex -2.81279 0.239905 14.5805
      vertex -3.19397 0.0802822 14.7097
      vertex -2.52697 0.70089 14.865
    endloop
  endfacet
  facet normal -0.428937 0.651886 -0.625346
    outer loop
      vertex -2.38436 0.402378 14.456
      vertex -2.81279 0.239905 14.5805
      vertex -2.52697 0.70089 14.865
    endloop
  endfacet
  facet normal -0.449865 0.712997 -0.537825
    outer loop
      vertex -1.00454 2.54201 15.8986
      vertex -1.43404 2.09232 15.6617
      vertex -1.20661 2.61041 16.1583
    endloop
  endfacet
  facet normal -0.466851 0.686114 -0.557941
    outer loop
      vertex -1.8338 1.6322 15.4086
      vertex -2.51987 1.09886 15.3268
      vertex -2.11801 1.61048 15.6197
    endloop
  endfacet
  facet normal -0.301889 0.668838 -0.679351
    outer loop
      vertex 0.522541 2.48583 15.0016
      vertex 0.282022 2.2759 14.9018
      vertex 0.3525 2.75158 15.3388
    endloop
  endfacet
  facet normal -0.317115 0.653609 -0.687193
    outer loop
      vertex -0.368609 1.59468 14.5429
      vertex -0.776434 1.62265 14.7577
      vertex -0.166007 1.82787 14.6712
    endloop
  endfacet
  facet normal -0.291087 0.621219 -0.727568
    outer loop
      vertex -0.38685 0.879985 13.9243
      vertex -0.986897 0.660423 13.9769
      vertex -0.298647 1.04511 14.03
    endloop
  endfacet
  facet normal -0.265215 0.618591 -0.739598
    outer loop
      vertex 0.112328 1.33874 14.1305
      vertex -0.0741482 1.38433 14.2355
      vertex 0.117633 1.34496 14.1338
    endloop
  endfacet
  facet normal -0.262556 0.62304 -0.736808
    outer loop
      vertex 0.0709489 1.2902 14.1042
      vertex -0.0741482 1.38433 14.2355
      vertex 0.112328 1.33874 14.1305
    endloop
  endfacet
  facet normal -0.262118 0.623449 -0.736617
    outer loop
      vertex 0.0421932 1.24999 14.0804
      vertex -0.0741482 1.38433 14.2355
      vertex 0.0709489 1.2902 14.1042
    endloop
  endfacet
  facet normal -0.262822 0.622995 -0.736751
    outer loop
      vertex -0.0741482 1.38433 14.2355
      vertex 0.0421932 1.24999 14.0804
      vertex -0.194031 1.21384 14.1341
    endloop
  endfacet
  facet normal -0.353348 0.63105 -0.690595
    outer loop
      vertex -1.5597 0.439104 14.0406
      vertex -2.09898 0.218452 14.1149
      vertex -1.40498 0.728741 14.2261
    endloop
  endfacet
  facet normal -0.257986 0.632627 -0.730223
    outer loop
      vertex 0.471317 1.69288 14.3055
      vertex 0.363215 1.88773 14.5125
      vertex 0.501096 1.71749 14.3163
    endloop
  endfacet
  facet normal -0.259108 0.632083 -0.730297
    outer loop
      vertex 0.426351 1.65573 14.2893
      vertex 0.363215 1.88773 14.5125
      vertex 0.471317 1.69288 14.3055
    endloop
  endfacet
  facet normal -0.25871 0.632216 -0.730323
    outer loop
      vertex 0.363215 1.88773 14.5125
      vertex 0.426351 1.65573 14.2893
      vertex 0.206009 1.72313 14.4257
    endloop
  endfacet
  facet normal -0.268341 0.585898 -0.764668
    outer loop
      vertex -0.531025 0.0611916 13.321
      vertex -1.18653 -0.473299 13.1415
      vertex -0.554677 0.169386 13.4122
    endloop
  endfacet
  facet normal -0.159207 0.605134 -0.780043
    outer loop
      vertex 2.34654 2.05125 14.0696
      vertex 2.9579 2.45856 14.2608
      vertex 2.3582 2.04581 14.063
    endloop
  endfacet
  facet normal -0.159917 0.605864 -0.77933
    outer loop
      vertex 2.29119 2.06957 14.0952
      vertex 2.9579 2.45856 14.2608
      vertex 2.34654 2.05125 14.0696
    endloop
  endfacet
  facet normal -0.125212 0.562523 -0.817245
    outer loop
      vertex 2.9579 2.45856 14.2608
      vertex 2.29119 2.06957 14.0952
      vertex 2.2904 2.06983 14.0955
    endloop
  endfacet
  facet normal -0.343188 0.79973 -0.4926
    outer loop
      vertex 2.54805 5.32447 17.2748
      vertex 2.00461 5.0479 17.2044
      vertex 2.08642 5.28615 17.5342
    endloop
  endfacet
  facet normal -0.321666 0.771704 -0.548639
    outer loop
      vertex 2.54805 5.32447 17.2748
      vertex 1.91727 4.75982 16.8504
      vertex 2.00461 5.0479 17.2044
    endloop
  endfacet
  facet normal -0.461128 0.797738 -0.388555
    outer loop
      vertex 0.303424 4.12416 17.1035
      vertex 0.267541 4.23746 17.3787
      vertex 0.896207 4.69189 17.5656
    endloop
  endfacet
  facet normal -0.461156 0.797739 -0.38852
    outer loop
      vertex 0.895164 4.5519 17.2794
      vertex 0.303424 4.12416 17.1035
      vertex 0.896207 4.69189 17.5656
    endloop
  endfacet
  facet normal -0.388093 0.718916 -0.576666
    outer loop
      vertex 0.0518618 3.20644 15.9985
      vertex -0.550016 2.97634 16.1167
      vertex -0.0754414 3.39055 16.3137
    endloop
  endfacet
  facet normal -0.437779 0.725079 -0.53161
    outer loop
      vertex -0.550016 2.97634 16.1167
      vertex -1.20661 2.61041 16.1583
      vertex -0.707067 3.08776 16.398
    endloop
  endfacet
  facet normal -0.495172 0.725095 -0.478583
    outer loop
      vertex -1.20661 2.61041 16.1583
      vertex -1.67865 2.11618 15.8979
      vertex -1.37903 2.65569 16.4053
    endloop
  endfacet
  facet normal -0.606725 0.73673 -0.298519
    outer loop
      vertex -2.0611 2.1107 16.3384
      vertex -2.19475 2.08143 16.5378
      vertex -1.5199 2.67735 16.6369
    endloop
  endfacet
  facet normal -0.471728 0.671511 -0.571442
    outer loop
      vertex -2.19945 1.16669 15.142
      vertex -2.52697 0.70089 14.865
      vertex -2.51987 1.09886 15.3268
    endloop
  endfacet
  facet normal -0.522483 0.676269 -0.519299
    outer loop
      vertex -2.87984 0.586926 15.0223
      vertex -3.18472 0.472012 15.1794
      vertex -2.51987 1.09886 15.3268
    endloop
  endfacet
  facet normal -0.52571 0.639811 -0.560598
    outer loop
      vertex -3.45881 -0.415519 14.3922
      vertex -3.52372 -0.0747414 14.842
      vertex -3.19397 0.0802822 14.7097
    endloop
  endfacet
  facet normal -0.525749 0.639789 -0.560587
    outer loop
      vertex -3.45881 -0.415519 14.3922
      vertex -3.80953 -0.609795 14.4994
      vertex -3.52372 -0.0747414 14.842
    endloop
  endfacet
  facet normal -0.585895 0.757589 -0.287725
    outer loop
      vertex -1.5199 2.67735 16.6369
      vertex -1.62769 2.67515 16.8506
      vertex -1.02759 3.24859 17.1385
    endloop
  endfacet
  facet normal -0.547322 0.734284 -0.401579
    outer loop
      vertex -1.37903 2.65569 16.4053
      vertex -2.0611 2.1107 16.3384
      vertex -1.5199 2.67735 16.6369
    endloop
  endfacet
  facet normal -0.423395 0.736189 -0.52798
    outer loop
      vertex -0.550016 2.97634 16.1167
      vertex -0.707067 3.08776 16.398
      vertex -0.185486 3.543 16.6145
    endloop
  endfacet
  facet normal -0.423371 0.736189 -0.527998
    outer loop
      vertex -0.0754414 3.39055 16.3137
      vertex -0.550016 2.97634 16.1167
      vertex -0.185486 3.543 16.6145
    endloop
  endfacet
  facet normal 0.752379 0.512955 -0.413284
    outer loop
      vertex 8.25164 5.19789 16.7626
      vertex 8.1451 5.2412 16.6224
      vertex 8.16038 5.61535 17.1146
    endloop
  endfacet
  facet normal 0.392246 0.525735 -0.754815
    outer loop
      vertex 7.92694 4.28211 15.7295
      vertex 7.67805 4.25345 15.5802
      vertex 7.98229 4.7795 16.1047
    endloop
  endfacet
  facet normal 0.57368 0.451661 -0.683296
    outer loop
      vertex 8.10542 4.26933 15.8709
      vertex 7.92694 4.28211 15.7295
      vertex 8.16202 4.77792 16.2546
    endloop
  endfacet
  facet normal 0.802112 0.212634 -0.558035
    outer loop
      vertex 8.21152 4.21525 16.0028
      vertex 7.97591 3.72098 15.4758
      vertex 8.10542 4.26933 15.8709
    endloop
  endfacet
  facet normal 0.201919 0.508706 -0.836927
    outer loop
      vertex 7.24464 3.689 15.068
      vertex 6.70003 3.11366 14.5869
      vertex 6.8707 3.60792 14.9285
    endloop
  endfacet
  facet normal 0.361096 0.587985 -0.723798
    outer loop
      vertex 7.98229 4.7795 16.1047
      vertex 7.73155 4.73419 15.9428
      vertex 7.96574 5.23257 16.4645
    endloop
  endfacet
  facet normal 0.199584 0.656718 -0.727247
    outer loop
      vertex 7.39726 5.06041 16.1024
      vertex 7.31583 5.43288 16.4164
      vertex 7.63024 5.56235 16.6196
    endloop
  endfacet
  facet normal 0.114147 0.654802 -0.747131
    outer loop
      vertex 7.39726 5.06041 16.1024
      vertex 6.93772 5.24937 16.1978
      vertex 7.31583 5.43288 16.4164
    endloop
  endfacet
  facet normal -0.176759 0.790308 -0.58666
    outer loop
      vertex 4.94828 5.96592 17.131
      vertex 4.5286 5.94213 17.2254
      vertex 5.26313 6.27685 17.455
    endloop
  endfacet
  facet normal -0.141054 0.7792 -0.610697
    outer loop
      vertex 5.32804 5.93607 17.0052
      vertex 4.94828 5.96592 17.131
      vertex 5.26313 6.27685 17.455
    endloop
  endfacet
  facet normal -0.167481 0.827684 -0.535621
    outer loop
      vertex 5.26313 6.27685 17.455
      vertex 5.05558 6.4972 17.8604
      vertex 5.53675 6.52448 17.7521
    endloop
  endfacet
  facet normal -0.153566 0.873326 -0.462297
    outer loop
      vertex 5.53675 6.52448 17.7521
      vertex 5.05558 6.4972 17.8604
      vertex 5.26198 6.67753 18.1325
    endloop
  endfacet
  facet normal -0.0982649 0.859981 -0.500777
    outer loop
      vertex 6.22234 6.67025 17.8679
      vertex 5.53675 6.52448 17.7521
      vertex 5.76614 6.70611 18.019
    endloop
  endfacet
  facet normal -0.0598462 0.915454 -0.397948
    outer loop
      vertex 6.22234 6.67025 17.8679
      vertex 5.76614 6.70611 18.019
      vertex 6.4208 6.78264 18.0966
    endloop
  endfacet
  facet normal -0.432737 0.810406 -0.394945
    outer loop
      vertex 1.49167 4.94065 17.4236
      vertex 0.896207 4.69189 17.5656
      vertex 1.52994 5.1049 17.7187
    endloop
  endfacet
  facet normal -0.472564 0.832431 -0.289381
    outer loop
      vertex 1.52994 5.1049 17.7187
      vertex 0.903866 4.78595 17.8236
      vertex 1.56788 5.2187 17.9841
    endloop
  endfacet
  facet normal -0.531648 0.590788 0.606894
    outer loop
      vertex 1.67562 5.24775 18.5742
      vertex 0.96534 4.78485 18.4026
      vertex 0.997914 4.69007 18.5234
    endloop
  endfacet
  facet normal -0.570231 0.754669 0.324518
    outer loop
      vertex 1.67562 5.24775 18.5742
      vertex 0.938622 4.83269 18.2444
      vertex 0.96534 4.78485 18.4026
    endloop
  endfacet
  facet normal -0.477632 0.624305 0.618151
    outer loop
      vertex 2.3838 5.65915 18.7059
      vertex 1.67562 5.24775 18.5742
      vertex 2.41637 5.56436 18.8268
    endloop
  endfacet
  facet normal -0.477613 0.62401 0.618464
    outer loop
      vertex 2.41637 5.56436 18.8268
      vertex 1.67562 5.24775 18.5742
      vertex 1.7082 5.15296 18.695
    endloop
  endfacet
  facet normal 0.0545285 -0.176981 0.982703
    outer loop
      vertex 3.74227 5.56276 19.0645
      vertex 3.67486 5.23049 19.0084
      vertex 4.35538 5.77998 19.0696
    endloop
  endfacet
  facet normal 0.00690209 -0.0429376 0.999054
    outer loop
      vertex 3.78511 5.83955 19.0761
      vertex 3.74227 5.56276 19.0645
      vertex 4.35538 5.77998 19.0696
    endloop
  endfacet
  facet normal 0.054434 -0.176867 0.982728
    outer loop
      vertex 4.35538 5.77998 19.0696
      vertex 3.67486 5.23049 19.0084
      vertex 4.26002 5.43781 19.0133
    endloop
  endfacet
  facet normal 0.0453569 -0.261834 0.964047
    outer loop
      vertex 3.06743 4.96685 18.9654
      vertex 3.01187 4.59824 18.8679
      vertex 3.58362 4.8464 18.9084
    endloop
  endfacet
  facet normal 0.147907 -0.0787558 0.985861
    outer loop
      vertex 5.02272 6.22552 19.0452
      vertex 4.93844 5.9358 19.0347
      vertex 5.48504 6.0285 18.9601
    endloop
  endfacet
  facet normal 0.0750645 -0.057915 0.995495
    outer loop
      vertex 5.02272 6.22552 19.0452
      vertex 4.35538 5.77998 19.0696
      vertex 4.93844 5.9358 19.0347
    endloop
  endfacet
  facet normal -0.138563 0.159721 0.977389
    outer loop
      vertex 3.12957 5.76559 18.9952
      vertex 3.12661 5.55374 19.0294
      vertex 3.80292 6.05785 19.0429
    endloop
  endfacet
  facet normal -0.138736 0.159955 0.977326
    outer loop
      vertex 3.80292 6.05785 19.0429
      vertex 3.12661 5.55374 19.0294
      vertex 3.78511 5.83955 19.0761
    endloop
  endfacet
  facet normal -0.0470798 0.779889 0.624145
    outer loop
      vertex 5.62712 6.80823 18.7329
      vertex 5.075 6.61428 18.9336
      vertex 5.65969 6.71344 18.8538
    endloop
  endfacet
  facet normal -0.0469184 0.779694 0.6244
    outer loop
      vertex 5.62712 6.80823 18.7329
      vertex 5.04243 6.70906 18.8128
      vertex 5.075 6.61428 18.9336
    endloop
  endfacet
  facet normal -0.318933 0.142041 0.937073
    outer loop
      vertex 1.73849 5.0072 18.7754
      vertex 1.03599 4.54938 18.6057
      vertex 1.76617 4.81206 18.8144
    endloop
  endfacet
  facet normal -0.0902765 -0.159505 0.983061
    outer loop
      vertex 2.45298 4.95427 18.9348
      vertex 1.79093 4.56967 18.8116
      vertex 2.44437 4.64975 18.8846
    endloop
  endfacet
  facet normal -0.505488 0.815368 -0.282235
    outer loop
      vertex 0.267541 4.23746 17.3787
      vertex 0.245161 4.30981 17.6278
      vertex 0.903866 4.78595 17.8236
    endloop
  endfacet
  facet normal -0.553551 0.821669 -0.135801
    outer loop
      vertex 0.903866 4.78595 17.8236
      vertex 0.236529 4.34042 17.8481
      vertex 0.918056 4.83306 18.0508
    endloop
  endfacet
  facet normal -0.646345 0.749167 -0.144872
    outer loop
      vertex -1.02759 3.24859 17.1385
      vertex -1.70121 2.64913 17.0439
      vertex -1.08032 3.24243 17.3419
    endloop
  endfacet
  facet normal -0.618523 0.773746 -0.136915
    outer loop
      vertex -1.02759 3.24859 17.1385
      vertex -1.08032 3.24243 17.3419
      vertex -0.432036 3.80826 17.6109
    endloop
  endfacet
  facet normal -0.508697 0.859458 0.0505894
    outer loop
      vertex 2.29006 5.67872 18.3442
      vertex 1.64112 5.29051 18.4141
      vertex 2.34154 5.6974 18.5445
    endloop
  endfacet
  facet normal -0.456845 0.888876 0.0345192
    outer loop
      vertex 3.03221 6.0489 18.634
      vertex 2.29006 5.67872 18.3442
      vertex 2.34154 5.6974 18.5445
    endloop
  endfacet
  facet normal -0.397059 0.861133 -0.31748
    outer loop
      vertex 2.78486 5.78905 17.917
      vertex 2.22993 5.6033 18.1072
      vertex 2.88276 5.93554 18.1919
    endloop
  endfacet
  facet normal -0.354369 0.87175 -0.338341
    outer loop
      vertex 3.39229 6.0527 17.9601
      vertex 2.78486 5.78905 17.917
      vertex 2.88276 5.93554 18.1919
    endloop
  endfacet
  facet normal -0.693338 0.698915 -0.175501
    outer loop
      vertex -2.19475 2.08143 16.5378
      vertex -2.834 1.4063 16.3746
      vertex -2.28791 2.03484 16.7203
    endloop
  endfacet
  facet normal -0.712511 0.673105 -0.198134
    outer loop
      vertex -2.72254 1.47395 16.2036
      vertex -3.2053 0.859343 15.8517
      vertex -2.834 1.4063 16.3746
    endloop
  endfacet
  facet normal -0.37853 0.904335 -0.197214
    outer loop
      vertex 3.51922 6.21178 18.237
      vertex 2.88276 5.93554 18.1919
      vertex 3.62402 6.30829 18.4784
    endloop
  endfacet
  facet normal -0.378533 0.904335 -0.197207
    outer loop
      vertex 3.62402 6.30829 18.4784
      vertex 2.88276 5.93554 18.1919
      vertex 2.96551 6.02247 18.4317
    endloop
  endfacet
  facet normal -0.134229 0.966698 0.217894
    outer loop
      vertex 5.54932 6.8339 18.5712
      vertex 4.97104 6.73582 18.6501
      vertex 5.04243 6.70906 18.8128
    endloop
  endfacet
  facet normal -0.26094 0.963682 -0.0568156
    outer loop
      vertex 4.86163 6.69425 18.4475
      vertex 4.25838 6.53304 18.4837
      vertex 4.97104 6.73582 18.6501
    endloop
  endfacet
  facet normal 0.246574 0.793626 0.5562
    outer loop
      vertex 6.68697 6.70566 18.5708
      vertex 6.16641 6.8388 18.6116
      vertex 6.19898 6.74402 18.7324
    endloop
  endfacet
  facet normal 0.246604 0.793841 0.55588
    outer loop
      vertex 6.65439 6.80044 18.4499
      vertex 6.16641 6.8388 18.6116
      vertex 6.68697 6.70566 18.5708
    endloop
  endfacet
  facet normal -0.462466 0.827918 0.317296
    outer loop
      vertex 3.03221 6.0489 18.634
      vertex 2.3838 5.65915 18.7059
      vertex 3.08212 6.01454 18.7964
    endloop
  endfacet
  facet normal -0.397289 0.865454 0.305207
    outer loop
      vertex 3.76292 6.31003 18.8447
      vertex 3.03221 6.0489 18.634
      vertex 3.08212 6.01454 18.7964
    endloop
  endfacet
  facet normal -0.167437 0.827701 -0.535608
    outer loop
      vertex 5.26313 6.27685 17.455
      vertex 4.81022 6.25117 17.5569
      vertex 5.05558 6.4972 17.8604
    endloop
  endfacet
  facet normal -0.210922 0.835753 -0.50698
    outer loop
      vertex 4.81022 6.25117 17.5569
      vertex 4.31919 6.16789 17.6239
      vertex 5.05558 6.4972 17.8604
    endloop
  endfacet
  facet normal -0.308437 0.879009 -0.363607
    outer loop
      vertex 3.97744 6.26001 17.9649
      vertex 3.39229 6.0527 17.9601
      vertex 3.51922 6.21178 18.237
    endloop
  endfacet
  facet normal -0.259349 0.882229 -0.392951
    outer loop
      vertex 4.71538 6.58482 18.2071
      vertex 3.97744 6.26001 17.9649
      vertex 4.13233 6.42901 18.2421
    endloop
  endfacet
  facet normal -0.269361 0.773617 -0.573551
    outer loop
      vertex 3.58824 5.73525 17.3166
      vertex 2.8938 5.2207 16.9487
      vertex 3.07786 5.55443 17.3124
    endloop
  endfacet
  facet normal -0.296069 0.773703 -0.560114
    outer loop
      vertex 2.8938 5.2207 16.9487
      vertex 2.54805 5.32447 17.2748
      vertex 3.07786 5.55443 17.3124
    endloop
  endfacet
  facet normal -0.296073 0.773699 -0.560117
    outer loop
      vertex 2.8938 5.2207 16.9487
      vertex 2.41174 5.01147 16.9145
      vertex 2.54805 5.32447 17.2748
    endloop
  endfacet
  facet normal -0.302843 0.746102 -0.592973
    outer loop
      vertex 2.26543 4.64904 16.5332
      vertex 1.91727 4.75982 16.8504
      vertex 2.41174 5.01147 16.9145
    endloop
  endfacet
  facet normal -0.180361 0.683637 -0.707185
    outer loop
      vertex 4.05902 4.66977 15.9462
      vertex 3.35153 4.16699 15.6406
      vertex 3.79288 4.69069 16.0343
    endloop
  endfacet
  facet normal -0.227154 0.697527 -0.6796
    outer loop
      vertex 2.84055 4.10801 15.732
      vertex 2.55702 4.03224 15.749
      vertex 2.83973 4.52903 16.1644
    endloop
  endfacet
  facet normal -0.231677 0.641631 -0.731188
    outer loop
      vertex 1.44301 2.25081 14.4638
      vertex 1.33362 2.19513 14.4496
      vertex 1.61366 2.79162 14.8843
    endloop
  endfacet
  facet normal -0.252004 0.660406 -0.707359
    outer loop
      vertex 1.53247 3.17979 15.2737
      vertex 1.24913 2.59289 14.8267
      vertex 1.27833 3.03215 15.2264
    endloop
  endfacet
  facet normal -0.23624 0.660514 -0.712679
    outer loop
      vertex 2.02738 3.41337 15.3234
      vertex 1.61366 2.79162 14.8843
      vertex 1.78306 3.30732 15.3061
    endloop
  endfacet
  facet normal -0.192478 0.649718 -0.735404
    outer loop
      vertex 3.06501 3.58935 15.1818
      vertex 2.41303 3.00525 14.8364
      vertex 2.88989 3.60312 15.2398
    endloop
  endfacet
  facet normal -0.318922 0.690218 -0.649529
    outer loop
      vertex 0.3525 2.75158 15.3388
      vertex 0.195032 2.99266 15.6723
      vertex 0.66673 3.0017 15.4503
    endloop
  endfacet
  facet normal -0.318188 0.717841 -0.619242
    outer loop
      vertex 0.956285 3.5705 15.9203
      vertex 0.931476 3.87411 16.285
      vertex 1.34366 3.82295 16.0139
    endloop
  endfacet
  facet normal -0.31895 0.690148 -0.64959
    outer loop
      vertex 0.66673 3.0017 15.4503
      vertex 0.195032 2.99266 15.6723
      vertex 0.572005 3.29272 15.806
    endloop
  endfacet
  facet normal -0.388466 0.754772 -0.528595
    outer loop
      vertex 0.912894 4.14076 16.6356
      vertex 0.413982 3.78012 16.4873
      vertex 0.900746 4.36751 16.9683
    endloop
  endfacet
  facet normal -0.371672 0.793869 -0.481281
    outer loop
      vertex 2.08642 5.28615 17.5342
      vertex 1.4535 4.72775 17.1019
      vertex 1.49167 4.94065 17.4236
    endloop
  endfacet
  facet normal -0.165175 0.676911 -0.717292
    outer loop
      vertex 3.76946 4.10097 15.4761
      vertex 3.57337 4.14955 15.5671
      vertex 4.05902 4.66977 15.9462
    endloop
  endfacet
  facet normal -0.13574 0.660205 -0.738718
    outer loop
      vertex 4.07609 3.91283 15.2459
      vertex 3.93765 4.02177 15.3687
      vertex 4.66212 4.38578 15.5609
    endloop
  endfacet
  facet normal -0.227161 0.697526 -0.679599
    outer loop
      vertex 2.84055 4.10801 15.732
      vertex 2.83973 4.52903 16.1644
      vertex 3.17988 4.61993 16.144
    endloop
  endfacet
  facet normal -0.211607 0.694094 -0.688081
    outer loop
      vertex 3.49875 4.67402 16.1005
      vertex 3.10636 4.1531 15.6957
      vertex 3.17988 4.61993 16.144
    endloop
  endfacet
  facet normal -0.175272 0.64122 -0.747072
    outer loop
      vertex 3.35256 3.48849 15.0252
      vertex 2.74718 2.92246 14.6814
      vertex 3.2198 3.551 15.11
    endloop
  endfacet
  facet normal -0.183795 0.645717 -0.741127
    outer loop
      vertex 3.2198 3.551 15.11
      vertex 2.65129 2.96761 14.7427
      vertex 3.06501 3.58935 15.1818
    endloop
  endfacet
  facet normal -0.163194 0.654517 -0.738224
    outer loop
      vertex 3.93765 4.02177 15.3687
      vertex 3.2198 3.551 15.11
      vertex 3.76946 4.10097 15.4761
    endloop
  endfacet
  facet normal -0.135574 0.659992 -0.738939
    outer loop
      vertex 4.66212 4.38578 15.5609
      vertex 3.93765 4.02177 15.3687
      vertex 4.49603 4.51647 15.7081
    endloop
  endfacet
  facet normal -0.186675 0.628595 -0.754997
    outer loop
      vertex 2.74718 2.92246 14.6814
      vertex 2.12813 2.32989 14.3411
      vertex 2.65129 2.96761 14.7427
    endloop
  endfacet
  facet normal -0.181223 0.625251 -0.759092
    outer loop
      vertex 2.8261 2.86035 14.6114
      vertex 2.12813 2.32989 14.3411
      vertex 2.74718 2.92246 14.6814
    endloop
  endfacet
  facet normal -0.140974 0.714422 -0.685367
    outer loop
      vertex 5.2466 5.49228 16.5275
      vertex 4.78845 5.07695 16.1888
      vertex 4.94118 5.56795 16.6692
    endloop
  endfacet
  facet normal -0.125234 0.73742 -0.663723
    outer loop
      vertex 5.2466 5.49228 16.5275
      vertex 4.94118 5.56795 16.6692
      vertex 5.32804 5.93607 17.0052
    endloop
  endfacet
  facet normal -0.149993 0.668842 -0.728116
    outer loop
      vertex 3.93765 4.02177 15.3687
      vertex 3.76946 4.10097 15.4761
      vertex 4.49603 4.51647 15.7081
    endloop
  endfacet
  facet normal -0.150088 0.668944 -0.728003
    outer loop
      vertex 4.49603 4.51647 15.7081
      vertex 3.76946 4.10097 15.4761
      vertex 4.29426 4.61148 15.837
    endloop
  endfacet
  facet normal -0.0705012 0.74709 -0.660974
    outer loop
      vertex 6.34589 6.00858 16.9527
      vertex 5.66371 5.8529 16.8495
      vertex 6.0352 6.15488 17.1512
    endloop
  endfacet
  facet normal -0.105354 0.764714 -0.635699
    outer loop
      vertex 6.0352 6.15488 17.1512
      vertex 5.66371 5.8529 16.8495
      vertex 5.67295 6.24463 17.3192
    endloop
  endfacet
  facet normal 0.00582085 0.751145 -0.660111
    outer loop
      vertex 6.95879 6.02566 16.9776
      vertex 6.60164 5.80732 16.726
      vertex 6.68708 6.23947 17.2185
    endloop
  endfacet
  facet normal -0.0358934 0.77681 -0.628711
    outer loop
      vertex 6.34589 6.00858 16.9527
      vertex 6.0352 6.15488 17.1512
      vertex 6.68708 6.23947 17.2185
    endloop
  endfacet
  facet normal -0.0998431 0.661334 -0.743416
    outer loop
      vertex 5.36207 4.62556 15.6802
      vertex 4.66212 4.38578 15.5609
      vertex 5.2135 4.81615 15.8697
    endloop
  endfacet
  facet normal -0.0741547 0.673472 -0.735484
    outer loop
      vertex 5.36207 4.62556 15.6802
      vertex 5.2135 4.81615 15.8697
      vertex 5.72419 5.19924 16.169
    endloop
  endfacet
  facet normal -0.145571 0.618906 -0.771858
    outer loop
      vertex 3.6382 3.01426 14.5763
      vertex 2.95347 2.57996 14.3572
      vertex 3.60545 3.16407 14.7026
    endloop
  endfacet
  facet normal -0.0777443 0.605784 -0.791821
    outer loop
      vertex 4.90826 3.25984 14.6115
      vertex 4.28127 2.97429 14.4546
      vertex 4.30728 3.20807 14.6309
    endloop
  endfacet
  facet normal -0.152665 0.492552 -0.856788
    outer loop
      vertex 0.212375 -1.44235 12.1169
      vertex -0.00405025 -1.88342 11.9019
      vertex 0.158224 -1.39773 12.1522
    endloop
  endfacet
  facet normal -0.153405 0.492786 -0.856522
    outer loop
      vertex -0.00405025 -1.88342 11.9019
      vertex 0.212375 -1.44235 12.1169
      vertex 0.278818 -1.48476 12.0806
    endloop
  endfacet
  facet normal -0.130096 0.599773 -0.789523
    outer loop
      vertex 3.57681 2.46267 14.1602
      vertex 2.90913 2.1816 14.0567
      vertex 3.6238 2.66163 14.3036
    endloop
  endfacet
  facet normal -0.0202031 0.621324 -0.783293
    outer loop
      vertex 6.08427 4.10155 15.211
      vertex 5.53397 3.83921 15.0171
      vertex 6.07216 4.43322 15.4744
    endloop
  endfacet
  facet normal -0.0157284 0.519284 -0.854457
    outer loop
      vertex 4.35478 1.18025 13.2496
      vertex 3.91895 1.23912 13.2934
      vertex 4.17122 1.5979 13.5068
    endloop
  endfacet
  facet normal -0.054332 0.548548 -0.834352
    outer loop
      vertex 4.17122 1.5979 13.5068
      vertex 3.85041 1.88493 13.7164
      vertex 4.39137 1.95296 13.7259
    endloop
  endfacet
  facet normal -0.126354 0.592987 -0.795237
    outer loop
      vertex 3.50389 2.25147 14.0143
      vertex 2.90913 2.1816 14.0567
      vertex 3.57681 2.46267 14.1602
    endloop
  endfacet
  facet normal -0.153043 0.594313 -0.789538
    outer loop
      vertex 2.6656 1.87911 13.8757
      vertex 2.78564 1.86937 13.8451
      vertex 2.70566 1.84718 13.8439
    endloop
  endfacet
  facet normal -0.153272 0.593431 -0.790157
    outer loop
      vertex 2.78564 1.86937 13.8451
      vertex 2.6656 1.87911 13.8757
      vertex 2.85647 2.02907 13.9513
    endloop
  endfacet
  facet normal -0.152281 0.592585 -0.790982
    outer loop
      vertex 2.85647 2.02907 13.9513
      vertex 2.6656 1.87911 13.8757
      vertex 2.61158 1.91248 13.9111
    endloop
  endfacet
  facet normal -0.0127529 0.325003 -0.945627
    outer loop
      vertex 1.1548 -2.58801 11.4449
      vertex 0.574591 -3.29977 11.2081
      vertex 0.603691 -2.90816 11.3423
    endloop
  endfacet
  facet normal 0.862819 -0.413404 0.290931
    outer loop
      vertex 8.08803 3.81337 16.3272
      vertex 7.96138 3.27711 15.9408
      vertex 8.20278 3.98601 16.2322
    endloop
  endfacet
  facet normal 0.964523 -0.260152 0.0449043
    outer loop
      vertex 8.20278 3.98601 16.2322
      vertex 8.07328 3.43767 15.837
      vertex 8.2441 4.12046 16.1236
    endloop
  endfacet
  facet normal 0.573822 0.451548 -0.683252
    outer loop
      vertex 8.16202 4.77792 16.2546
      vertex 7.92694 4.28211 15.7295
      vertex 7.98229 4.7795 16.1047
    endloop
  endfacet
  facet normal 0.974233 0.0562838 -0.218407
    outer loop
      vertex 8.30133 4.63469 16.5115
      vertex 8.21152 4.21525 16.0028
      vertex 8.26875 4.72948 16.3906
    endloop
  endfacet
  facet normal 0.974207 0.0563946 -0.218494
    outer loop
      vertex 8.21152 4.21525 16.0028
      vertex 8.30133 4.63469 16.5115
      vertex 8.2441 4.12046 16.1236
    endloop
  endfacet
  facet normal 0.588124 -0.634936 0.500966
    outer loop
      vertex 6.80953 1.60979 15.5006
      vertex 6.52372 1.07474 15.158
      vertex 6.79843 1.22347 15.024
    endloop
  endfacet
  facet normal 0.525741 -0.639792 0.560592
    outer loop
      vertex 6.80953 1.60979 15.5006
      vertex 6.45881 1.41552 15.6078
      vertex 6.52372 1.07474 15.158
    endloop
  endfacet
  facet normal 0.676387 -0.382675 0.629333
    outer loop
      vertex 8.03857 5.16762 17.4026
      vertex 7.93861 4.52306 17.1181
      vertex 8.12684 4.76383 17.0622
    endloop
  endfacet
  facet normal 0.841414 -0.526736 0.120708
    outer loop
      vertex 7.5005 2.11184 15.1511
      vertex 7.17132 1.4956 14.7566
      vertex 7.60201 2.24615 15.0296
    endloop
  endfacet
  facet normal 0.57902 -0.447796 0.681333
    outer loop
      vertex 7.85329 4.91332 17.4471
      vertex 7.59841 4.61068 17.4648
      vertex 7.93861 4.52306 17.1181
    endloop
  endfacet
  facet normal 0.473394 -0.537026 0.698213
    outer loop
      vertex 7.36772 3.51902 16.8475
      vertex 6.96274 3.54921 17.1453
      vertex 6.97605 3.18468 16.8559
    endloop
  endfacet
  facet normal 0.346542 -0.611314 0.71148
    outer loop
      vertex 5.35884 1.43858 16.3303
      vertex 4.68393 0.841023 16.1456
      vertex 5.24801 1.11761 16.1085
    endloop
  endfacet
  facet normal 0.731445 -0.460667 0.502767
    outer loop
      vertex 8.14339 4.31076 16.7024
      vertex 7.9011 3.60442 16.4077
      vertex 8.08803 3.81337 16.3272
    endloop
  endfacet
  facet normal 0.400326 -0.579756 0.709664
    outer loop
      vertex 6.52439 2.82093 16.8439
      vertex 6.01768 2.43175 16.8118
      vertex 6.48387 2.45682 16.5693
    endloop
  endfacet
  facet normal 0.585729 -0.612556 0.530752
    outer loop
      vertex 7.03902 2.12729 15.8446
      vertex 6.80953 1.60979 15.5006
      vertex 7.34589 2.3417 15.7534
    endloop
  endfacet
  facet normal 0.854012 -0.491712 0.16995
    outer loop
      vertex 7.87229 2.85559 15.4347
      vertex 7.5005 2.11184 15.1511
      vertex 7.60201 2.24615 15.0296
    endloop
  endfacet
  facet normal 0.824869 -0.51709 -0.228495
    outer loop
      vertex 6.4087 0.321495 13.8418
      vertex 5.91375 -0.242075 13.3304
      vertex 6.43014 0.415351 13.7068
    endloop
  endfacet
  facet normal 0.574277 0.0808097 -0.814663
    outer loop
      vertex 6.76882 1.25543 13.8675
      vertex 6.17239 0.698332 13.3918
      vertex 6.61979 1.33462 13.7703
    endloop
  endfacet
  facet normal 0.766475 0.00184268 -0.642272
    outer loop
      vertex 7.26377 1.81901 14.3789
      vertex 7.16805 1.89934 14.2649
      vertex 7.50465 2.52946 14.6684
    endloop
  endfacet
  facet normal 0.598495 0.180158 -0.780606
    outer loop
      vertex 7.16805 1.89934 14.2649
      vertex 7.01023 1.96434 14.1589
      vertex 7.50465 2.52946 14.6684
    endloop
  endfacet
  facet normal 0.95994 -0.0256537 -0.279028
    outer loop
      vertex 8.2441 4.12046 16.1236
      vertex 8.08058 3.66083 15.6033
      vertex 8.21152 4.21525 16.0028
    endloop
  endfacet
  facet normal 0.959941 -0.025655 -0.279027
    outer loop
      vertex 8.08058 3.66083 15.6033
      vertex 8.2441 4.12046 16.1236
      vertex 8.11316 3.56605 15.7241
    endloop
  endfacet
  facet normal -0.188128 -0.311206 0.931536
    outer loop
      vertex -1.23733 1.85514 17.6853
      vertex -1.77853 1.2885 17.3867
      vertex -1.54945 1.13595 17.382
    endloop
  endfacet
  facet normal -0.274789 -0.229573 0.933695
    outer loop
      vertex -1.40464 2.02612 17.6781
      vertex -1.77853 1.2885 17.3867
      vertex -1.23733 1.85514 17.6853
    endloop
  endfacet
  facet normal -0.1868 -0.544894 0.817433
    outer loop
      vertex -3.8707 -2.60792 15.0715
      vertex -4.24464 -2.689 14.932
      vertex -3.98066 -3.07353 14.736
    endloop
  endfacet
  facet normal -0.300557 -0.469901 0.829975
    outer loop
      vertex -4.36565 -2.18495 15.1736
      vertex -4.55563 -2.73515 14.7933
      vertex -4.06332 -2.1639 15.295
    endloop
  endfacet
  facet normal -0.723087 0.102058 0.683176
    outer loop
      vertex -3.39757 0.489864 16.4141
      vertex -3.86012 -0.16797 16.0228
      vertex -3.76882 -0.255435 16.1325
    endloop
  endfacet
  facet normal -0.439843 -0.353694 0.825493
    outer loop
      vertex -4.33941 -1.58058 15.4465
      vertex -4.60372 -2.17659 15.0503
      vertex -4.11019 -1.6089 15.5565
    endloop
  endfacet
  facet normal -0.125212 -0.268336 0.955153
    outer loop
      vertex 0.642416 3.13778 18.3612
      vertex -0.0665989 2.92437 18.2083
      vertex 0.0619287 2.67574 18.1553
    endloop
  endfacet
  facet normal -0.125265 -0.268187 0.955188
    outer loop
      vertex 0.550112 3.41525 18.427
      vertex -0.0665989 2.92437 18.2083
      vertex 0.642416 3.13778 18.3612
    endloop
  endfacet
  facet normal -0.327674 -0.072417 0.942011
    outer loop
      vertex -0.270943 3.33953 18.2086
      vertex -0.919225 2.7737 17.9396
      vertex -0.177962 3.14645 18.2261
    endloop
  endfacet
  facet normal -0.408478 0.109511 0.906175
    outer loop
      vertex 0.339108 4.04564 18.3984
      vertex -0.344521 3.50149 18.156
      vertex 0.397623 3.87168 18.4458
    endloop
  endfacet
  facet normal -0.569295 0.285719 0.770887
    outer loop
      vertex -0.344521 3.50149 18.156
      vertex -1.06812 3.04559 17.7906
      vertex -1.00741 2.92292 17.8809
    endloop
  endfacet
  facet normal -0.605647 0.255232 0.75369
    outer loop
      vertex -1.06812 3.04559 17.7906
      vertex -1.71003 2.43219 17.4825
      vertex -1.64229 2.31624 17.5762
    endloop
  endfacet
  facet normal -0.605582 0.255158 0.753767
    outer loop
      vertex -1.06812 3.04559 17.7906
      vertex -1.64229 2.31624 17.5762
      vertex -1.00741 2.92292 17.8809
    endloop
  endfacet
  facet normal -0.671267 0.72423 -0.157772
    outer loop
      vertex -2.19475 2.08143 16.5378
      vertex -2.28791 2.03484 16.7203
      vertex -1.70121 2.64913 17.0439
    endloop
  endfacet
  facet normal -0.75837 0.651693 0.0130782
    outer loop
      vertex -2.834 1.4063 16.3746
      vertex -2.89797 1.32873 16.5305
      vertex -2.33958 1.97143 16.884
    endloop
  endfacet
  facet normal -0.670112 0.739953 0.0584872
    outer loop
      vertex -0.432036 3.80826 17.6109
      vertex -1.10478 3.20623 17.5196
      vertex -0.441888 3.78481 17.7947
    endloop
  endfacet
  facet normal -0.694934 0.651376 0.30459
    outer loop
      vertex -0.441888 3.78481 17.7947
      vertex -1.10478 3.20623 17.5196
      vertex -0.430464 3.72536 17.9479
    endloop
  endfacet
  facet normal 0.163313 -0.610048 0.775352
    outer loop
      vertex 0.744506 -1.0495 15.9131
      vertex 0.0420961 -1.45856 15.7392
      vertex 0.747186 -1.12288 15.8548
    endloop
  endfacet
  facet normal 0.130233 -0.59991 0.789397
    outer loop
      vertex 0.0908651 -1.1816 15.9433
      vertex -0.623802 -1.66163 15.6964
      vertex 0.0569286 -1.32529 15.8397
    endloop
  endfacet
  facet normal 0.163195 -0.654519 0.738223
    outer loop
      vertex -0.219799 -2.551 14.89
      vertex -0.93765 -3.02177 14.6313
      vertex -0.769463 -3.10097 14.5239
    endloop
  endfacet
  facet normal 0.109198 -0.640034 0.760548
    outer loop
      vertex -1.25802 -2.6108 15.04
      vertex -1.88036 -3.02344 14.7821
      vertex -1.18327 -2.77534 14.8908
    endloop
  endfacet
  facet normal 0.202823 -0.619545 0.758305
    outer loop
      vertex 1.03572 -1.16952 15.7461
      vertex 0.871872 -1.32989 15.6589
      vertex 1.03961 -1.17302 15.7422
    endloop
  endfacet
  facet normal 0.183679 -0.606175 0.773831
    outer loop
      vertex 0.957629 -1.09951 15.8218
      vertex 0.787236 -1.24497 15.7483
      vertex 0.961476 -1.10294 15.8182
    endloop
  endfacet
  facet normal 0.190948 -0.613019 0.766646
    outer loop
      vertex 0.849526 -0.984897 15.9386
      vertex 0.744506 -1.0495 15.9131
      vertex 0.850472 -0.985978 15.9375
    endloop
  endfacet
  facet normal 0.183126 -0.603893 0.775743
    outer loop
      vertex 0.744506 -1.0495 15.9131
      vertex 0.849526 -0.984897 15.9386
      vertex 0.848372 -0.983577 15.9399
    endloop
  endfacet
  facet normal 0.184367 -0.604724 0.774802
    outer loop
      vertex 0.75347 -0.968948 15.9739
      vertex 0.848372 -0.983577 15.9399
      vertex 0.809623 -0.939272 15.9837
    endloop
  endfacet
  facet normal 0.184211 -0.605112 0.774535
    outer loop
      vertex 0.848372 -0.983577 15.9399
      vertex 0.75347 -0.968948 15.9739
      vertex 0.744506 -1.0495 15.9131
    endloop
  endfacet
  facet normal 0.191972 -0.612691 0.766653
    outer loop
      vertex 0.96943 -1.11007 15.8105
      vertex 0.824168 -1.29235 15.7012
      vertex 0.994792 -1.13278 15.786
    endloop
  endfacet
  facet normal 0.192296 -0.613037 0.766295
    outer loop
      vertex 0.787236 -1.24497 15.7483
      vertex 0.96943 -1.11007 15.8105
      vertex 0.961476 -1.10294 15.8182
    endloop
  endfacet
  facet normal 0.191857 -0.612641 0.766722
    outer loop
      vertex 0.96943 -1.11007 15.8105
      vertex 0.787236 -1.24497 15.7483
      vertex 0.824168 -1.29235 15.7012
    endloop
  endfacet
  facet normal 0.19712 -0.615828 0.762824
    outer loop
      vertex 1.07591 -1.2003 15.7108
      vertex 0.929826 -1.35718 15.6219
      vertex 1.08007 -1.20318 15.7074
    endloop
  endfacet
  facet normal 0.176421 -0.521115 0.835054
    outer loop
      vertex 2.81345 2.31294 17.8041
      vertex 2.78839 2.11649 17.6868
      vertex 2.82567 2.10876 17.6741
    endloop
  endfacet
  facet normal 0.178156 -0.521116 0.834685
    outer loop
      vertex 2.78839 2.11649 17.6868
      vertex 2.81345 2.31294 17.8041
      vertex 2.74813 2.12483 17.7006
    endloop
  endfacet
  facet normal 0.202562 -0.527781 0.824873
    outer loop
      vertex 3.66094 2.53943 17.7533
      vertex 3.25509 1.93261 17.4647
      vertex 3.2851 1.91412 17.4455
    endloop
  endfacet
  facet normal 0.202067 -0.527571 0.825129
    outer loop
      vertex 3.66094 2.53943 17.7533
      vertex 3.18573 1.97533 17.509
      vertex 3.25509 1.93261 17.4647
    endloop
  endfacet
  facet normal 0.201466 -0.527225 0.825497
    outer loop
      vertex 3.18573 1.97533 17.509
      vertex 3.66094 2.53943 17.7533
      vertex 3.17038 1.98246 17.5173
    endloop
  endfacet
  facet normal 0.200261 -0.504341 0.839962
    outer loop
      vertex 4.02076 3.15513 18.0372
      vertex 3.39513 2.49434 17.7896
      vertex 3.66094 2.53943 17.7533
    endloop
  endfacet
  facet normal 0.266503 -0.657714 0.704548
    outer loop
      vertex 2.042 -1.48474 15.1664
      vertex 1.97656 -1.86604 14.8352
      vertex 2.08017 -1.4802 15.1562
    endloop
  endfacet
  facet normal 0.265285 -0.657819 0.70491
    outer loop
      vertex 1.97656 -1.86604 14.8352
      vertex 2.042 -1.48474 15.1664
      vertex 1.93623 -1.48496 15.206
    endloop
  endfacet
  facet normal 0.200342 -0.617685 0.760479
    outer loop
      vertex 1.08007 -1.20318 15.7074
      vertex 0.997394 -1.37392 15.5905
      vertex 1.11892 -1.2301 15.6753
    endloop
  endfacet
  facet normal 0.200369 -0.61769 0.760468
    outer loop
      vertex 0.997394 -1.37392 15.5905
      vertex 1.08007 -1.20318 15.7074
      vertex 0.929826 -1.35718 15.6219
    endloop
  endfacet
  facet normal 0.374336 -0.72689 0.575764
    outer loop
      vertex 2.94814 -2.20644 14.0015
      vertex 2.51255 -2.55314 13.847
      vertex 3.07544 -2.39055 13.6863
    endloop
  endfacet
  facet normal 0.27129 -0.700852 0.659703
    outer loop
      vertex 1.3681 -2.63071 14.3165
      vertex 0.889253 -3.24115 13.8649
      vertex 1.27011 -3.04732 13.9142
    endloop
  endfacet
  facet normal 0.308668 -0.694321 0.65011
    outer loop
      vertex 2.33327 -2.0017 14.5497
      vertex 2.01295 -2.23324 14.4545
      vertex 2.04371 -2.5705 14.0797
    endloop
  endfacet
  facet normal 0.374714 -0.686215 0.623457
    outer loop
      vertex 3.85141 -0.992714 14.8298
      vertex 3.52059 -1.33908 14.6474
      vertex 4.15728 -1.05101 14.5818
    endloop
  endfacet
  facet normal 0.29273 -0.491478 0.820218
    outer loop
      vertex 5.68672 4.21166 18.1604
      vertex 5.50529 3.55971 17.8345
      vertex 5.94867 4.08831 17.993
    endloop
  endfacet
  facet normal 0.338561 -0.480914 0.808763
    outer loop
      vertex 6.34331 4.57759 18.1188
      vertex 6.1643 3.91863 17.8019
      vertex 6.5803 4.3911 17.9087
    endloop
  endfacet
  facet normal 0.318251 -0.358349 0.877669
    outer loop
      vertex 6.63957 5.5727 18.4777
      vertex 6.01194 5.25826 18.5769
      vertex 6.37419 5.16851 18.4089
    endloop
  endfacet
  facet normal 0.261443 -0.391685 0.882174
    outer loop
      vertex 6.01194 5.25826 18.5769
      vertex 5.33998 4.82618 18.5842
      vertex 5.71974 4.79633 18.4584
    endloop
  endfacet
  facet normal 0.225362 -0.315271 0.921855
    outer loop
      vertex 5.33815 5.675 18.9087
      vertex 5.14922 5.2648 18.8146
      vertex 5.81932 5.70228 18.8004
    endloop
  endfacet
  facet normal 0.272246 -0.335791 0.901735
    outer loop
      vertex 6.25472 5.66805 18.6562
      vertex 5.81932 5.70228 18.8004
      vertex 6.01194 5.25826 18.5769
    endloop
  endfacet
  facet normal 0.178442 -0.297612 0.937862
    outer loop
      vertex 4.81648 5.58652 18.98
      vertex 4.65818 5.18152 18.8816
      vertex 5.14922 5.2648 18.8146
    endloop
  endfacet
  facet normal 0.132483 -0.282608 0.950043
    outer loop
      vertex 4.81648 5.58652 18.98
      vertex 4.13441 5.04154 18.913
      vertex 4.65818 5.18152 18.8816
    endloop
  endfacet
  facet normal 0.298298 -0.409826 0.86201
    outer loop
      vertex 6.01194 5.25826 18.5769
      vertex 5.71974 4.79633 18.4584
      vertex 6.05541 4.71316 18.3027
    endloop
  endfacet
  facet normal 0.298239 -0.409838 0.862024
    outer loop
      vertex 6.37419 5.16851 18.4089
      vertex 6.01194 5.25826 18.5769
      vertex 6.05541 4.71316 18.3027
    endloop
  endfacet
  facet normal 0.22682 -0.537207 0.81238
    outer loop
      vertex 4.12795 2.53589 17.6246
      vertex 3.47097 1.91235 17.3957
      vertex 3.64609 1.89858 17.3377
    endloop
  endfacet
  facet normal 0.230528 -0.559769 0.795937
    outer loop
      vertex 3.57574 1.66329 17.1926
      vertex 3.80087 1.86023 17.2659
      vertex 3.64609 1.89858 17.3377
    endloop
  endfacet
  facet normal 0.231816 -0.560826 0.794818
    outer loop
      vertex 3.80087 1.86023 17.2659
      vertex 3.57574 1.66329 17.1926
      vertex 3.58137 1.65598 17.1858
    endloop
  endfacet
  facet normal 0.230463 -0.559764 0.79596
    outer loop
      vertex 3.64609 1.89858 17.3377
      vertex 3.51988 1.72049 17.249
      vertex 3.57574 1.66329 17.1926
    endloop
  endfacet
  facet normal 0.23116 -0.560055 0.795552
    outer loop
      vertex 3.51988 1.72049 17.249
      vertex 3.64609 1.89858 17.3377
      vertex 3.51335 1.72717 17.2556
    endloop
  endfacet
  facet normal 0.238869 -0.564456 0.790146
    outer loop
      vertex 3.80087 1.86023 17.2659
      vertex 3.65465 1.56038 17.0959
      vertex 3.93364 1.79771 17.1811
    endloop
  endfacet
  facet normal 0.239356 -0.564566 0.78992
    outer loop
      vertex 3.80087 1.86023 17.2659
      vertex 3.62425 1.6001 17.1335
      vertex 3.65465 1.56038 17.0959
    endloop
  endfacet
  facet normal 0.238712 -0.564318 0.790292
    outer loop
      vertex 3.62425 1.6001 17.1335
      vertex 3.80087 1.86023 17.2659
      vertex 3.60271 1.62824 17.1601
    endloop
  endfacet
  facet normal 0.261555 -0.556126 0.788868
    outer loop
      vertex 4.49223 2.4081 17.4262
      vertex 3.93364 1.79771 17.1811
      vertex 4.63067 2.29916 17.3035
    endloop
  endfacet
  facet normal 0.290652 -0.578789 0.761922
    outer loop
      vertex 4.81259 1.99713 17.0176
      vertex 4.18653 1.4733 16.8585
      vertex 4.85408 1.80734 16.8576
    endloop
  endfacet
  facet normal 0.250848 -0.572727 0.780423
    outer loop
      vertex 4.04292 1.71172 17.0842
      vertex 3.76534 1.38234 16.9317
      vertex 3.76839 1.3755 16.9257
    endloop
  endfacet
  facet normal 0.255523 -0.57514 0.777125
    outer loop
      vertex 3.76534 1.38234 16.9317
      vertex 4.04292 1.71172 17.0842
      vertex 3.74347 1.41951 16.9664
    endloop
  endfacet
  facet normal 0.525709 -0.63981 0.560601
    outer loop
      vertex 6.45881 1.41552 15.6078
      vertex 6.19397 0.919717 15.2903
      vertex 6.52372 1.07474 15.158
    endloop
  endfacet
  facet normal 0.419062 -0.60978 0.672722
    outer loop
      vertex 5.8991 1.75831 16.3156
      vertex 5.77103 1.38743 16.0592
      vertex 6.39115 2.06425 16.2864
    endloop
  endfacet
  facet normal 0.279382 -0.597845 0.75135
    outer loop
      vertex 3.91927 0.89495 16.5053
      vertex 4.20488 0.97086 16.4595
      vertex 4.22542 1.1554 16.5987
    endloop
  endfacet
  facet normal 0.279267 -0.597795 0.751433
    outer loop
      vertex 4.20488 0.97086 16.4595
      vertex 3.92252 0.878045 16.4906
      vertex 3.92876 0.805791 16.4308
    endloop
  endfacet
  facet normal 0.279514 -0.598863 0.75049
    outer loop
      vertex 4.20488 0.97086 16.4595
      vertex 3.91927 0.89495 16.5053
      vertex 3.92252 0.878045 16.4906
    endloop
  endfacet
  facet normal 0.298563 -0.586806 0.752674
    outer loop
      vertex 4.85408 1.80734 16.8576
      vertex 4.22542 1.1554 16.5987
      vertex 4.86186 1.5944 16.6885
    endloop
  endfacet
  facet normal 0.582501 -0.297946 0.756255
    outer loop
      vertex 7.87954 5.5177 17.7201
      vertex 7.6515 5.81024 18.011
      vertex 7.69959 5.25168 17.7539
    endloop
  endfacet
  facet normal 0.760482 -0.211386 0.613989
    outer loop
      vertex 8.1522 5.37077 17.3318
      vertex 7.87954 5.5177 17.7201
      vertex 8.03857 5.16762 17.4026
    endloop
  endfacet
  facet normal 0.122071 -0.427632 0.895672
    outer loop
      vertex 2.85185 3.73085 18.5474
      vertex 2.74914 3.24158 18.3278
      vertex 3.33391 3.94009 18.5816
    endloop
  endfacet
  facet normal 0.138814 -0.462731 0.875563
    outer loop
      vertex 2.74914 3.24158 18.3278
      vertex 2.63275 2.72227 18.0718
      vertex 3.00405 2.88342 18.0981
    endloop
  endfacet
  facet normal 0.0995765 -0.424683 0.899849
    outer loop
      vertex 2.35739 3.47921 18.4833
      vertex 2.30907 3.01762 18.2708
      vertex 2.74914 3.24158 18.3278
    endloop
  endfacet
  facet normal 0.112179 -0.338651 0.934201
    outer loop
      vertex 3.58362 4.8464 18.9084
      vertex 3.46956 4.41469 18.7656
      vertex 4.13441 5.04154 18.913
    endloop
  endfacet
  facet normal -0.114304 -0.0282637 0.993044
    outer loop
      vertex 3.12661 5.55374 19.0294
      vertex 2.45298 4.95427 18.9348
      vertex 3.10581 5.28651 19.0194
    endloop
  endfacet
  facet normal -0.0457054 -0.161226 0.985859
    outer loop
      vertex 2.45298 4.95427 18.9348
      vertex 2.44437 4.64975 18.8846
      vertex 3.10581 5.28651 19.0194
    endloop
  endfacet
  facet normal -0.0663903 -0.255643 0.964489
    outer loop
      vertex 1.81251 4.28269 18.7671
      vertex 1.23416 3.56552 18.5372
      vertex 1.83066 3.95427 18.6813
    endloop
  endfacet
  facet normal -0.0156253 -0.326282 0.945143
    outer loop
      vertex 1.83066 3.95427 18.6813
      vertex 1.29245 3.22777 18.4216
      vertex 1.84519 3.58801 18.5551
    endloop
  endfacet
  facet normal 0.102011 -0.384947 0.917284
    outer loop
      vertex 2.93975 4.18473 18.7281
      vertex 2.85185 3.73085 18.5474
      vertex 3.33391 3.94009 18.5816
    endloop
  endfacet
  facet normal 0.0773114 -0.331456 0.940298
    outer loop
      vertex 3.58362 4.8464 18.9084
      vertex 2.93975 4.18473 18.7281
      vertex 3.46956 4.41469 18.7656
    endloop
  endfacet
  facet normal 0.170234 -0.438723 0.882351
    outer loop
      vertex 4.2399 4.22263 18.559
      vertex 3.59147 3.57422 18.3617
      vertex 3.9845 3.67926 18.3381
    endloop
  endfacet
  facet normal 0.131032 -0.390899 0.911059
    outer loop
      vertex 3.97994 4.59551 18.7699
      vertex 3.33391 3.94009 18.5816
      vertex 3.79829 4.10461 18.5854
    endloop
  endfacet
  facet normal -0.166886 -0.0284322 0.985566
    outer loop
      vertex 2.45298 4.95427 18.9348
      vertex 1.76617 4.81206 18.8144
      vertex 1.79093 4.56967 18.8116
    endloop
  endfacet
  facet normal -0.380078 0.384934 0.841051
    outer loop
      vertex 2.43891 5.41409 18.9057
      vertex 1.7082 5.15296 18.695
      vertex 1.73849 5.0072 18.7754
    endloop
  endfacet
  facet normal 0.218102 -0.485235 0.846746
    outer loop
      vertex 4.69281 3.76101 18.2113
      vertex 4.02076 3.15513 18.0372
      vertex 4.31488 3.17181 17.971
    endloop
  endfacet
  facet normal 0.219965 -0.455941 0.8624
    outer loop
      vertex 4.65391 4.29285 18.5024
      vertex 4.35296 3.74175 18.2878
      vertex 4.69281 3.76101 18.2113
    endloop
  endfacet
  facet normal 0.168375 -0.495422 0.852178
    outer loop
      vertex 3.36173 3.01015 18.1011
      vertex 2.81345 2.31294 17.8041
      vertex 3.1116 2.41857 17.8066
    endloop
  endfacet
  facet normal 0.168389 -0.49543 0.85217
    outer loop
      vertex 3.00405 2.88342 18.0981
      vertex 2.81345 2.31294 17.8041
      vertex 3.36173 3.01015 18.1011
    endloop
  endfacet
  facet normal 0.218101 -0.485234 0.846747
    outer loop
      vertex 4.35296 3.74175 18.2878
      vertex 4.02076 3.15513 18.0372
      vertex 4.69281 3.76101 18.2113
    endloop
  endfacet
  facet normal 0.197867 -0.477706 0.855947
    outer loop
      vertex 4.35296 3.74175 18.2878
      vertex 3.9845 3.67926 18.3381
      vertex 4.02076 3.15513 18.0372
    endloop
  endfacet
  facet normal -0.0320252 -0.254294 0.966597
    outer loop
      vertex 2.42541 4.29977 18.7919
      vertex 1.81251 4.28269 18.7671
      vertex 1.83066 3.95427 18.6813
    endloop
  endfacet
  facet normal -0.0320254 -0.25429 0.966598
    outer loop
      vertex 2.44437 4.64975 18.8846
      vertex 1.81251 4.28269 18.7671
      vertex 2.42541 4.29977 18.7919
    endloop
  endfacet
  facet normal 0.0248955 -0.380829 0.92431
    outer loop
      vertex 1.85594 3.18791 18.39
      vertex 1.29245 3.22777 18.4216
      vertex 1.35301 2.86014 18.2685
    endloop
  endfacet
  facet normal 0.0867875 -0.460662 0.883322
    outer loop
      vertex 1.86279 2.75836 18.1878
      vertex 1.47829 2.05161 17.857
      vertex 1.86567 2.30407 17.9506
    endloop
  endfacet
  facet normal 0.0866439 -0.460604 0.883366
    outer loop
      vertex 1.86279 2.75836 18.1878
      vertex 1.41518 2.46665 18.0796
      vertex 1.47829 2.05161 17.857
    endloop
  endfacet
  facet normal 0.0239727 -0.43189 0.901608
    outer loop
      vertex 0.854097 2.4995 18.1202
      vertex 0.53557 1.79897 17.7931
      vertex 0.971155 2.14568 17.9476
    endloop
  endfacet
  facet normal 0.040322 -0.427241 0.903238
    outer loop
      vertex 1.35301 2.86014 18.2685
      vertex 0.971155 2.14568 17.9476
      vertex 1.41518 2.46665 18.0796
    endloop
  endfacet
  facet normal -0.0167615 -0.38954 0.920857
    outer loop
      vertex 0.854097 2.4995 18.1202
      vertex 0.206213 2.40327 18.0677
      vertex 0.364672 2.10994 17.9465
    endloop
  endfacet
  facet normal -0.117879 -0.372275 0.920606
    outer loop
      vertex -1.04004 1.66931 17.663
      vertex -1.28695 0.976437 17.3512
      vertex -0.814914 1.47067 17.6115
    endloop
  endfacet
  facet normal -0.103491 -0.357889 0.928011
    outer loop
      vertex -0.315368 1.94802 17.8513
      vertex -1.04004 1.66931 17.663
      vertex -0.814914 1.47067 17.6115
    endloop
  endfacet
  facet normal 0.0222954 -0.49675 0.867607
    outer loop
      vertex -0.329404 0.473829 17.1069
      vertex -1.02936 0.234048 16.9876
      vertex -0.637315 0.119429 16.9119
    endloop
  endfacet
  facet normal -0.0701517 -0.433343 0.898495
    outer loop
      vertex -1.28695 0.976437 17.3512
      vertex -1.72631 0.470742 17.073
      vertex -1.39368 0.351582 17.0415
    endloop
  endfacet
  facet normal 0.0557258 -0.559364 0.827047
    outer loop
      vertex -1.39137 -0.952963 16.2741
      vertex -1.57697 -1.30043 16.0516
      vertex -1.00512 -1.17456 16.0982
    endloop
  endfacet
  facet normal -0.0649943 -0.552145 0.831211
    outer loop
      vertex -3.27977 -2.03479 15.5267
      vertex -3.43792 -2.49279 15.2101
      vertex -2.80714 -1.92814 15.6345
    endloop
  endfacet
  facet normal 0.0236699 -0.43178 0.901668
    outer loop
      vertex 0.854097 2.4995 18.1202
      vertex 0.364672 2.10994 17.9465
      vertex 0.53557 1.79897 17.7931
    endloop
  endfacet
  facet normal 0.0403629 -0.427258 0.903228
    outer loop
      vertex 1.35301 2.86014 18.2685
      vertex 0.854097 2.4995 18.1202
      vertex 0.971155 2.14568 17.9476
    endloop
  endfacet
  facet normal 0.426982 -0.493224 0.757903
    outer loop
      vertex 7.13863 4.56695 17.7311
      vertex 6.89172 3.87408 17.4193
      vertex 7.27671 4.26299 17.4555
    endloop
  endfacet
  facet normal 0.327503 -0.548675 0.769219
    outer loop
      vertex 5.84578 3.2181 17.4748
      vertex 5.3127 2.70195 17.3336
      vertex 5.94939 2.99002 17.268
    endloop
  endfacet
  facet normal 0.442752 -0.434741 0.784201
    outer loop
      vertex 7.45171 4.9336 17.7576
      vertex 6.94063 4.82095 17.9837
      vertex 7.13863 4.56695 17.7311
    endloop
  endfacet
  facet normal 0.398706 -0.471469 0.786607
    outer loop
      vertex 6.94063 4.82095 17.9837
      vertex 6.5803 4.3911 17.9087
      vertex 7.13863 4.56695 17.7311
    endloop
  endfacet
  facet normal 0.404162 -0.408374 0.818464
    outer loop
      vertex 6.96965 5.41726 18.2669
      vertex 6.68489 5.0222 18.2104
      vertex 6.94063 4.82095 17.9837
    endloop
  endfacet
  facet normal 0.404516 -0.408321 0.818316
    outer loop
      vertex 6.96965 5.41726 18.2669
      vertex 6.94063 4.82095 17.9837
      vertex 7.24136 5.20345 18.0259
    endloop
  endfacet
  facet normal 0.606728 0.277868 0.744762
    outer loop
      vertex 7.48826 6.42458 18.1344
      vertex 7.08932 6.43718 18.4547
      vertex 7.45522 6.26488 18.2209
    endloop
  endfacet
  facet normal 0.525775 -0.0366239 0.849835
    outer loop
      vertex 7.45522 6.26488 18.2209
      vertex 7.08932 6.43718 18.4547
      vertex 7.35694 6.04203 18.2721
    endloop
  endfacet
  facet normal 0.968372 -0.132521 0.211409
    outer loop
      vertex 8.28422 5.10311 16.8835
      vertex 8.25939 4.49461 16.6158
      vertex 8.30133 4.63469 16.5115
    endloop
  endfacet
  facet normal 0.972126 -0.200218 0.121999
    outer loop
      vertex 8.25939 4.49461 16.6158
      vertex 8.2441 4.12046 16.1236
      vertex 8.30133 4.63469 16.5115
    endloop
  endfacet
  facet normal 0.760527 -0.211267 0.613975
    outer loop
      vertex 7.98959 5.72874 17.6564
      vertex 7.87954 5.5177 17.7201
      vertex 8.1522 5.37077 17.3318
    endloop
  endfacet
  facet normal 0.905151 0.0264543 0.424266
    outer loop
      vertex 8.19296 5.52057 17.2355
      vertex 7.98959 5.72874 17.6564
      vertex 8.1522 5.37077 17.3318
    endloop
  endfacet
  facet normal 0.343188 -0.799728 0.492602
    outer loop
      vertex 0.99539 -4.0479 12.7956
      vertex 0.451951 -4.32447 12.7252
      vertex 0.913583 -4.28615 12.4658
    endloop
  endfacet
  facet normal 0.461127 -0.79774 0.388551
    outer loop
      vertex 2.69658 -3.12416 12.8965
      vertex 2.10379 -3.69189 12.4344
      vertex 2.73246 -3.23746 12.6213
    endloop
  endfacet
  facet normal 0.281603 -0.747116 0.602094
    outer loop
      vertex 0.734565 -3.64904 13.4668
      vertex 0.305532 -3.83525 13.4364
      vertex 0.588264 -4.01147 13.0855
    endloop
  endfacet
  facet normal 0.30288 -0.746063 0.593005
    outer loop
      vertex 1.17463 -3.42508 13.5238
      vertex 0.734565 -3.64904 13.4668
      vertex 1.08273 -3.75982 13.1496
    endloop
  endfacet
  facet normal 0.347863 -0.665555 0.660324
    outer loop
      vertex 4.15932 -0.638313 15.0248
      vertex 3.77643 -0.622646 15.2423
      vertex 3.85141 -0.992714 14.8298
    endloop
  endfacet
  facet normal 0.33246 -0.713639 0.616595
    outer loop
      vertex 2.42799 -2.29272 14.194
      vertex 2.04371 -2.5705 14.0797
      vertex 2.51255 -2.55314 13.847
    endloop
  endfacet
  facet normal 0.606725 -0.73673 0.298519
    outer loop
      vertex 5.0611 -1.1107 13.6616
      vertex 4.5199 -1.67735 13.3631
      vertex 5.19475 -1.08143 13.4622
    endloop
  endfacet
  facet normal 0.624575 -0.715217 0.313641
    outer loop
      vertex 5.56483 -0.530919 13.9806
      vertex 5.0611 -1.1107 13.6616
      vertex 5.19475 -1.08143 13.4622
    endloop
  endfacet
  facet normal 0.529917 -0.751689 0.392621
    outer loop
      vertex 4.37903 -1.65569 13.5947
      vertex 3.94717 -2.22464 13.0883
      vertex 4.5199 -1.67735 13.3631
    endloop
  endfacet
  facet normal 0.486735 -0.783568 0.386147
    outer loop
      vertex 3.27706 -2.66211 13.1024
      vertex 2.69658 -3.12416 12.8965
      vertex 3.34917 -2.74658 12.8401
    endloop
  endfacet
  facet normal 0.388086 -0.718866 0.576734
    outer loop
      vertex 3.37051 -1.83778 14.1768
      vertex 2.94814 -2.20644 14.0015
      vertex 3.55002 -1.97634 13.8833
    endloop
  endfacet
  facet normal 0.400067 -0.709792 0.579778
    outer loop
      vertex 3.77503 -1.45123 14.3709
      vertex 3.37051 -1.83778 14.1768
      vertex 3.55002 -1.97634 13.8833
    endloop
  endfacet
  facet normal 0.418073 -0.688968 0.592062
    outer loop
      vertex 4.51306 -0.641508 14.8071
      vertex 4.15728 -1.05101 14.5818
      vertex 4.43404 -1.09232 14.3383
    endloop
  endfacet
  facet normal 0.320253 -0.646229 0.692694
    outer loop
      vertex 3.67288 -0.362371 15.5338
      vertex 4.01119 -0.323771 15.4134
      vertex 3.67995 -0.349113 15.5429
    endloop
  endfacet
  facet normal 0.319953 -0.647829 0.691337
    outer loop
      vertex 3.63509 -0.433219 15.4849
      vertex 4.01119 -0.323771 15.4134
      vertex 3.67288 -0.362371 15.5338
    endloop
  endfacet
  facet normal 0.319858 -0.646922 0.69223
    outer loop
      vertex 4.01119 -0.323771 15.4134
      vertex 3.63509 -0.433219 15.4849
      vertex 3.591 -0.500923 15.442
    endloop
  endfacet
  facet normal 0.381117 -0.677329 0.629266
    outer loop
      vertex 4.51306 -0.641508 14.8071
      vertex 3.85141 -0.992714 14.8298
      vertex 4.15728 -1.05101 14.5818
    endloop
  endfacet
  facet normal 0.516247 -0.693332 0.502771
    outer loop
      vertex 5.51987 -0.0988626 14.6732
      vertex 5.11801 -0.61048 14.3803
      vertex 5.36258 -0.576597 14.1759
    endloop
  endfacet
  facet normal 0.449815 -0.713005 0.537856
    outer loop
      vertex 4.43404 -1.09232 14.3383
      vertex 4.20661 -1.61041 13.8417
      vertex 4.67865 -1.11618 14.1021
    endloop
  endfacet
  facet normal 0.400056 -0.709793 0.579784
    outer loop
      vertex 3.77503 -1.45123 14.3709
      vertex 3.55002 -1.97634 13.8833
      vertex 4.00454 -1.54201 14.1014
    endloop
  endfacet
  facet normal 0.437782 -0.72508 0.531606
    outer loop
      vertex 4.00454 -1.54201 14.1014
      vertex 3.55002 -1.97634 13.8833
      vertex 4.20661 -1.61041 13.8417
    endloop
  endfacet
  facet normal 0.353294 -0.630993 0.690674
    outer loop
      vertex 5.09898 0.781547 15.8851
      vertex 4.40498 0.271258 15.7739
      vertex 4.91337 0.434079 15.6626
    endloop
  endfacet
  facet normal 0.373577 -0.598672 0.708542
    outer loop
      vertex 5.98161 2.10769 16.5673
      vertex 5.35884 1.43858 16.3303
      vertex 5.8991 1.75831 16.3156
    endloop
  endfacet
  facet normal 0.385611 -0.623225 0.680364
    outer loop
      vertex 5.77103 1.38743 16.0592
      vertex 5.09898 0.781547 15.8851
      vertex 5.59882 0.999114 15.8011
    endloop
  endfacet
  facet normal 0.428938 -0.651885 0.625346
    outer loop
      vertex 5.38436 0.597621 15.544
      vertex 5.12998 0.187348 15.2908
      vertex 5.52697 0.299109 15.135
    endloop
  endfacet
  facet normal 0.728558 -0.646661 0.225906
    outer loop
      vertex 6.63773 0.755641 14.5141
      vertex 6.2053 0.140656 14.1483
      vertex 6.33348 0.229594 13.9895
    endloop
  endfacet
  facet normal 0.749976 -0.590912 0.297252
    outer loop
      vertex 7.33324 1.95987 15.271
      vertex 7.01509 1.36427 14.8897
      vertex 7.17132 1.4956 14.7566
    endloop
  endfacet
  facet normal 0.23509 -0.937295 -0.257315
    outer loop
      vertex -1.97104 -5.73582 11.3499
      vertex -2.04243 -5.70906 11.1872
      vertex -1.41875 -5.54239 11.1499
    endloop
  endfacet
  facet normal 0.322124 -0.902545 -0.285741
    outer loop
      vertex -0.705553 -5.34116 11.3183
      vertex -1.41875 -5.54239 11.1499
      vertex -0.762921 -5.31003 11.1553
    endloop
  endfacet
  facet normal 0.159584 -0.429548 -0.888832
    outer loop
      vertex -0.795496 -5.21525 11.0345
      vertex -1.45157 -5.28766 10.9517
      vertex -0.80292 -5.05785 10.9571
    endloop
  endfacet
  facet normal 0.243669 -0.418695 -0.874826
    outer loop
      vertex -0.795496 -5.21525 11.0345
      vertex -0.80292 -5.05785 10.9571
      vertex -0.114691 -4.91975 11.0827
    endloop
  endfacet
  facet normal 0.261865 -0.724006 -0.638155
    outer loop
      vertex -1.41875 -5.54239 11.1499
      vertex -1.45133 -5.44761 11.029
      vertex -0.795496 -5.21525 11.0345
    endloop
  endfacet
  facet normal 0.261698 -0.723796 -0.638462
    outer loop
      vertex -0.762921 -5.31003 11.1553
      vertex -1.41875 -5.54239 11.1499
      vertex -0.795496 -5.21525 11.0345
    endloop
  endfacet
  facet normal 0.199407 -0.931924 0.30291
    outer loop
      vertex -2.26198 -5.67753 11.8675
      vertex -2.42717 -5.79017 11.6297
      vertex -1.71538 -5.58482 11.7929
    endloop
  endfacet
  facet normal 0.154199 -0.749583 0.643699
    outer loop
      vertex -1.94118 -4.56795 13.3308
      vertex -2.32804 -4.93607 12.9948
      vertex -1.59565 -4.59511 13.2164
    endloop
  endfacet
  facet normal -0.0121491 -0.813951 0.580806
    outer loop
      vertex -3.68708 -5.23947 12.7815
      vertex -3.97144 -5.40748 12.5401
      vertex -3.62558 -5.57034 12.3191
    endloop
  endfacet
  facet normal 0.20751 -0.88053 0.426152
    outer loop
      vertex -2.05558 -5.4972 12.1396
      vertex -2.26198 -5.67753 11.8675
      vertex -1.71538 -5.58482 11.7929
    endloop
  endfacet
  facet normal 0.19941 -0.931927 0.3029
    outer loop
      vertex -1.71538 -5.58482 11.7929
      vertex -2.42717 -5.79017 11.6297
      vertex -1.86163 -5.69425 11.5525
    endloop
  endfacet
  facet normal 0.180034 -0.978204 0.103463
    outer loop
      vertex -2.42717 -5.79017 11.6297
      vertex -2.54932 -5.8339 11.4288
      vertex -1.86163 -5.69425 11.5525
    endloop
  endfacet
  facet normal 0.263802 -0.928291 0.262077
    outer loop
      vertex -1.13233 -5.42901 11.7579
      vertex -1.71538 -5.58482 11.7929
      vertex -1.25838 -5.53304 11.5163
    endloop
  endfacet
  facet normal 0.323591 -0.918632 0.226724
    outer loop
      vertex -1.13233 -5.42901 11.7579
      vertex -1.25838 -5.53304 11.5163
      vertex -0.519217 -5.21178 11.763
    endloop
  endfacet
  facet normal 0.21093 -0.835759 0.506966
    outer loop
      vertex -1.31919 -5.16789 12.3761
      vertex -2.05558 -5.4972 12.1396
      vertex -1.53391 -5.40873 12.0684
    endloop
  endfacet
  facet normal 0.207492 -0.880542 0.426138
    outer loop
      vertex -1.53391 -5.40873 12.0684
      vertex -2.05558 -5.4972 12.1396
      vertex -1.71538 -5.58482 11.7929
    endloop
  endfacet
  facet normal 0.354379 -0.871733 0.338373
    outer loop
      vertex -0.392291 -5.0527 12.0399
      vertex -0.519217 -5.21178 11.763
      vertex 0.11724 -4.93554 11.8081
    endloop
  endfacet
  facet normal 0.397061 -0.861134 0.317477
    outer loop
      vertex 0.215142 -4.78905 12.083
      vertex 0.11724 -4.93554 11.8081
      vertex 0.770069 -4.6033 11.8928
    endloop
  endfacet
  facet normal 0.432735 -0.81046 0.394835
    outer loop
      vertex 2.10484 -3.5519 12.7206
      vertex 1.50833 -3.94065 12.5764
      vertex 2.10379 -3.69189 12.4344
    endloop
  endfacet
  facet normal 0.321666 -0.771704 0.548639
    outer loop
      vertex 1.08273 -3.75982 13.1496
      vertex 0.451951 -4.32447 12.7252
      vertex 0.99539 -4.0479 12.7956
    endloop
  endfacet
  facet normal 0.20593 -0.158769 -0.965601
    outer loop
      vertex 0.56109 -4.41409 11.0943
      vertex -0.129575 -4.76559 11.0048
      vertex -0.126605 -4.55374 10.9706
    endloop
  endfacet
  facet normal 0.316512 -0.403301 -0.858585
    outer loop
      vertex -0.114691 -4.91975 11.0827
      vertex -0.129575 -4.76559 11.0048
      vertex 0.56109 -4.41409 11.0943
    endloop
  endfacet
  facet normal 0.519579 -0.790932 -0.323209
    outer loop
      vertex 1.35888 -4.29051 11.5859
      vertex 0.616199 -4.65915 11.2941
      vertex 1.32438 -4.24775 11.4258
    endloop
  endfacet
  facet normal 0.47761 -0.624011 -0.618465
    outer loop
      vertex 1.32438 -4.24775 11.4258
      vertex 0.583625 -4.56436 11.1732
      vertex 1.2918 -4.15296 11.305
    endloop
  endfacet
  facet normal 0.485327 -0.339903 -0.805558
    outer loop
      vertex 2.00208 -3.69007 11.4766
      vertex 1.96401 -3.54938 11.3943
      vertex 2.66089 -3.04564 11.6016
    endloop
  endfacet
  facet normal 0.456838 -0.888881 -0.0344824
    outer loop
      vertex 0.0344877 -5.02247 11.5683
      vertex -0.0322075 -5.0489 11.366
      vertex 0.709935 -4.67872 11.6558
    endloop
  endfacet
  facet normal 0.456847 -0.888875 -0.0345129
    outer loop
      vertex 0.709935 -4.67872 11.6558
      vertex -0.0322075 -5.0489 11.366
      vertex 0.658458 -4.6974 11.4555
    endloop
  endfacet
  facet normal 0.368186 -0.830105 0.418765
    outer loop
      vertex 0.327122 -4.58461 12.3898
      vertex 0.215142 -4.78905 12.083
      vertex 0.913583 -4.28615 12.4658
    endloop
  endfacet
  facet normal 0.505473 -0.815371 0.282255
    outer loop
      vertex 2.10379 -3.69189 12.4344
      vertex 2.09613 -3.78595 12.1764
      vertex 2.73246 -3.23746 12.6213
    endloop
  endfacet
  facet normal 0.553549 -0.82167 0.135801
    outer loop
      vertex 2.09613 -3.78595 12.1764
      vertex 2.08194 -3.83306 11.9492
      vertex 2.76347 -3.34042 12.1519
    endloop
  endfacet
  facet normal 0.597201 -0.799458 -0.0649496
    outer loop
      vertex 2.08194 -3.83306 11.9492
      vertex 2.06138 -3.83269 11.7556
      vertex 2.76347 -3.34042 12.1519
    endloop
  endfacet
  facet normal 0.573348 -0.696943 0.430746
    outer loop
      vertex 6.02557 0.0556555 14.3164
      vertex 5.36258 -0.576597 14.1759
      vertex 5.56483 -0.530919 13.9806
    endloop
  endfacet
  facet normal 0.639365 -0.692956 0.333203
    outer loop
      vertex 6.02557 0.0556555 14.3164
      vertex 5.56483 -0.530919 13.9806
      vertex 6.2053 0.140656 14.1483
    endloop
  endfacet
  facet normal 0.547343 -0.734303 0.401515
    outer loop
      vertex 4.88844 -1.12233 13.8757
      vertex 4.37903 -1.65569 13.5947
      vertex 5.0611 -1.1107 13.6616
    endloop
  endfacet
  facet normal 0.606744 -0.73674 0.298456
    outer loop
      vertex 5.19475 -1.08143 13.4622
      vertex 4.5199 -1.67735 13.3631
      vertex 4.62769 -1.67515 13.1494
    endloop
  endfacet
  facet normal 0.763484 -0.584888 -0.273858
    outer loop
      vertex 5.33958 -0.971425 13.116
      vertex 4.73966 -1.59955 12.785
      vertex 5.34918 -0.891891 12.9729
    endloop
  endfacet
  facet normal 0.702044 -0.710504 -0.0481471
    outer loop
      vertex 4.70121 -1.64913 12.956
      vertex 4.10478 -2.20623 12.4804
      vertex 4.73966 -1.59955 12.785
    endloop
  endfacet
  facet normal 0.853439 -0.481591 -0.199278
    outer loop
      vertex 6.8927 1.07319 14.098
      vertex 6.4087 0.321495 13.8418
      vertex 6.43014 0.415351 13.7068
    endloop
  endfacet
  facet normal 0.853442 -0.481628 -0.199174
    outer loop
      vertex 6.86619 0.972123 14.2288
      vertex 6.4087 0.321495 13.8418
      vertex 6.8927 1.07319 14.098
    endloop
  endfacet
  facet normal 0.697194 -0.145849 -0.70189
    outer loop
      vertex 5.88117 -0.147291 13.2095
      vertex 5.8006 -0.0454159 13.1083
      vertex 6.31133 0.604808 13.4805
    endloop
  endfacet
  facet normal 0.669193 -0.185539 -0.719552
    outer loop
      vertex 5.88117 -0.147291 13.2095
      vertex 5.3166 -0.797108 12.852
      vertex 5.8006 -0.0454159 13.1083
    endloop
  endfacet
  facet normal 0.529294 -0.313622 -0.788346
    outer loop
      vertex 2.70669 -3.18075 11.6861
      vertex 2.66089 -3.04564 11.6016
      vertex 3.39789 -2.63058 11.9313
    endloop
  endfacet
  facet normal 0.529427 -0.314072 -0.788077
    outer loop
      vertex 3.39789 -2.63058 11.9313
      vertex 2.66089 -3.04564 11.6016
      vertex 3.34452 -2.50149 11.844
    endloop
  endfacet
  facet normal 0.0245695 0.677601 -0.735019
    outer loop
      vertex 6.93772 5.24937 16.1978
      vertex 6.37207 5.29548 16.2214
      vertex 6.79964 5.55333 16.4734
    endloop
  endfacet
  facet normal 0.0245729 0.67763 -0.734993
    outer loop
      vertex 6.50002 5.01382 15.966
      vertex 6.37207 5.29548 16.2214
      vertex 6.93772 5.24937 16.1978
    endloop
  endfacet
  facet normal -0.0691702 0.63424 -0.770036
    outer loop
      vertex 4.93014 3.79576 15.0259
      vertex 4.88036 4.02344 15.2179
      vertex 5.46568 4.39748 15.4734
    endloop
  endfacet
  facet normal 0.0750976 0.621843 -0.779533
    outer loop
      vertex 6.58435 4.32442 15.4026
      vertex 6.57104 4.68894 15.6921
      vertex 7.01436 4.89878 15.9022
    endloop
  endfacet
  facet normal 0.112261 0.563338 -0.818564
    outer loop
      vertex 6.98066 4.07353 15.264
      vertex 6.43792 3.49279 14.7899
      vertex 6.53982 3.92424 15.1008
    endloop
  endfacet
  facet normal 0.00279085 0.645068 -0.76412
    outer loop
      vertex 6.07216 4.43322 15.4744
      vertex 6.00754 4.72881 15.7237
      vertex 6.57104 4.68894 15.6921
    endloop
  endfacet
  facet normal 0.284064 0.515489 -0.808442
    outer loop
      vertex 7.55563 3.73515 15.2067
      vertex 7.24464 3.689 15.068
      vertex 7.67805 4.25345 15.5802
    endloop
  endfacet
  facet normal 0.125544 0.534357 -0.835884
    outer loop
      vertex 6.70003 3.11366 14.5869
      vertex 6.43792 3.49279 14.7899
      vertex 6.8707 3.60792 14.9285
    endloop
  endfacet
  facet normal -0.018035 0.507445 -0.861495
    outer loop
      vertex 4.35478 1.18025 13.2496
      vertex 3.63731 0.88057 13.0881
      vertex 3.91895 1.23912 13.2934
    endloop
  endfacet
  facet normal -0.0543635 0.538405 -0.840931
    outer loop
      vertex 3.91895 1.23912 13.2934
      vertex 3.45662 1.2899 13.3558
      vertex 4.17122 1.5979 13.5068
    endloop
  endfacet
  facet normal 0.135214 0.506268 -0.85171
    outer loop
      vertex 6.70003 3.11366 14.5869
      vertex 6.06711 2.55526 14.1545
      vertex 6.27977 3.03479 14.4733
    endloop
  endfacet
  facet normal 0.212269 0.473948 -0.854585
    outer loop
      vertex 7.06332 3.1639 14.705
      vertex 6.47054 2.59617 14.2429
      vertex 6.70003 3.11366 14.5869
    endloop
  endfacet
  facet normal 0.0153521 0.564855 -0.825047
    outer loop
      vertex 5.80714 2.92814 14.3655
      vertex 5.28732 2.79489 14.2646
      vertex 5.41539 3.16577 14.5209
    endloop
  endfacet
  facet normal 0.0153735 0.564879 -0.82503
    outer loop
      vertex 5.80714 2.92814 14.3655
      vertex 5.41539 3.16577 14.5209
      vertex 5.95104 3.34486 14.6535
    endloop
  endfacet
  facet normal 0.0802645 0.467268 -0.880465
    outer loop
      vertex 5.12817 1.04088 13.2199
      vertex 5.08686 1.57972 13.5021
      vertex 5.48814 1.55281 13.5244
    endloop
  endfacet
  facet normal 0.143482 0.453767 -0.879493
    outer loop
      vertex 5.84573 1.51436 13.5629
      vertex 5.48814 1.55281 13.5244
      vertex 6.18472 2.06112 13.9003
    endloop
  endfacet
  facet normal 0.508273 -0.0320934 -0.860598
    outer loop
      vertex 5.24221 -0.688112 12.7547
      vertex 4.54012 -1.18039 12.3584
      vertex 5.12682 -0.5661 12.682
    endloop
  endfacet
  facet normal 0.746082 -0.0529345 -0.663747
    outer loop
      vertex 7.26377 1.81901 14.3789
      vertex 6.76882 1.25543 13.8675
      vertex 7.16805 1.89934 14.2649
    endloop
  endfacet
  facet normal 0.431807 0.217139 -0.875439
    outer loop
      vertex 6.61979 1.33462 13.7703
      vertex 6.17239 0.698332 13.3918
      vertex 6.41467 1.40467 13.6865
    endloop
  endfacet
  facet normal -0.121902 0.580783 -0.80488
    outer loop
      vertex 2.81556 1.75862 13.7607
      vertex 3.28369 1.80172 13.7209
      vertex 2.8453 1.72883 13.7347
    endloop
  endfacet
  facet normal -0.121896 0.580595 -0.805016
    outer loop
      vertex 3.28369 1.80172 13.7209
      vertex 2.81556 1.75862 13.7607
      vertex 3.40582 2.03035 13.8673
    endloop
  endfacet
  facet normal -0.0903829 0.570841 -0.816071
    outer loop
      vertex 4.00512 2.17456 13.9018
      vertex 3.28369 1.80172 13.7209
      vertex 3.40582 2.03035 13.8673
    endloop
  endfacet
  facet normal -0.090784 0.547545 -0.831837
    outer loop
      vertex 3.23231 1.16186 13.296
      vertex 3.45662 1.2899 13.3558
      vertex 3.27003 1.05235 13.2198
    endloop
  endfacet
  facet normal -0.0910338 0.54787 -0.831596
    outer loop
      vertex 3.20844 1.21193 13.3316
      vertex 3.45662 1.2899 13.3558
      vertex 3.23231 1.16186 13.296
    endloop
  endfacet
  facet normal -0.0911708 0.548228 -0.831345
    outer loop
      vertex 3.45662 1.2899 13.3558
      vertex 3.20844 1.21193 13.3316
      vertex 3.2059 1.21727 13.3354
    endloop
  endfacet
  facet normal -0.0156879 0.519298 -0.854449
    outer loop
      vertex 4.35478 1.18025 13.2496
      vertex 4.17122 1.5979 13.5068
      vertex 4.64627 1.59481 13.4962
    endloop
  endfacet
  facet normal -0.0223345 0.496652 -0.867662
    outer loop
      vertex 3.36541 0.538505 12.8993
      vertex 3.63731 0.88057 13.0881
      vertex 4.02936 0.765951 13.0124
    endloop
  endfacet
  facet normal -0.0208072 0.495745 -0.868219
    outer loop
      vertex 3.63731 0.88057 13.0881
      vertex 3.36541 0.538505 12.8993
      vertex 3.36475 0.566849 12.9155
    endloop
  endfacet
  facet normal -0.367426 0.449976 -0.813953
    outer loop
      vertex -3.68489 -4.0222 11.7896
      vertex -3.94063 -3.82095 12.0163
      vertex -3.34331 -3.57759 11.8812
    endloop
  endfacet
  facet normal -0.404162 0.408374 -0.818464
    outer loop
      vertex -3.68489 -4.0222 11.7896
      vertex -3.96965 -4.41726 11.7331
      vertex -3.94063 -3.82095 12.0163
    endloop
  endfacet
  facet normal -0.311196 0.464101 -0.829317
    outer loop
      vertex -3.05541 -3.71316 11.6973
      vertex -3.34331 -3.57759 11.8812
      vertex -2.68672 -3.21166 11.8396
    endloop
  endfacet
  facet normal -0.338398 0.480905 -0.808837
    outer loop
      vertex -2.94867 -3.08831 12.007
      vertex -3.34331 -3.57759 11.8812
      vertex -3.1643 -2.91863 12.1981
    endloop
  endfacet
  facet normal -0.132335 0.282432 -0.950116
    outer loop
      vertex -1.26002 -4.43781 10.9867
      vertex -1.81648 -4.58652 11.02
      vertex -1.13441 -4.04154 11.087
    endloop
  endfacet
  facet normal -0.252484 0.433514 -0.865053
    outer loop
      vertex -2.33998 -3.82618 11.4158
      vertex -2.71974 -3.79633 11.5416
      vertex -2.3813 -3.28733 11.6979
    endloop
  endfacet
  facet normal -0.145812 0.432216 -0.889904
    outer loop
      vertex -0.333913 -2.94009 11.4184
      vertex -0.591471 -2.57422 11.6383
      vertex -0.178175 -2.42779 11.6417
    endloop
  endfacet
  facet normal -0.131031 0.390897 -0.91106
    outer loop
      vertex -0.333913 -2.94009 11.4184
      vertex -0.979936 -3.59551 11.2301
      vertex -0.798293 -3.10461 11.4146
    endloop
  endfacet
  facet normal -0.160543 0.39875 -0.902898
    outer loop
      vertex -0.979936 -3.59551 11.2301
      vertex -1.2399 -3.22263 11.441
      vertex -0.798293 -3.10461 11.4146
    endloop
  endfacet
  facet normal -0.148593 0.348393 -0.925496
    outer loop
      vertex -1.13441 -4.04154 11.087
      vertex -1.65818 -4.18152 11.1184
      vertex -1.46529 -3.72522 11.2592
    endloop
  endfacet
  facet normal -0.201687 0.527541 -0.825241
    outer loop
      vertex -0.395129 -1.49434 12.2104
      vertex -0.178905 -1.02169 12.4597
      vertex -0.161528 -1.04602 12.4399
    endloop
  endfacet
  facet normal -0.202651 0.527777 -0.824854
    outer loop
      vertex -0.395129 -1.49434 12.2104
      vertex -0.188897 -1.00349 12.4738
      vertex -0.178905 -1.02169 12.4597
    endloop
  endfacet
  facet normal -0.202184 0.527677 -0.825032
    outer loop
      vertex -0.188897 -1.00349 12.4738
      vertex -0.395129 -1.49434 12.2104
      vertex -0.660935 -1.53943 12.2467
    endloop
  endfacet
  facet normal -0.247688 0.524418 -0.814639
    outer loop
      vertex -1.12795 -1.53589 12.3754
      vertex -1.81626 -2.0926 12.2263
      vertex -1.32404 -1.4873 12.4663
    endloop
  endfacet
  facet normal -0.247358 0.569468 -0.783913
    outer loop
      vertex -0.425608 -0.228907 13.0718
      vertex -0.933638 -0.797713 12.8189
      vertex -0.430134 -0.114828 13.1561
    endloop
  endfacet
  facet normal -0.245537 0.568431 -0.785238
    outer loop
      vertex -0.933638 -0.797713 12.8189
      vertex -0.425608 -0.228907 13.0718
      vertex -0.424595 -0.25444 13.053
    endloop
  endfacet
  facet normal -0.269123 0.47863 -0.835755
    outer loop
      vertex -2.00033 -2.73684 11.8905
      vertex -2.68672 -3.21166 11.8396
      vertex -2.27215 -2.66949 12.0166
    endloop
  endfacet
  facet normal -0.21629 0.510234 -0.832394
    outer loop
      vertex -1.02076 -2.15513 11.9628
      vertex -1.31488 -2.17181 12.029
      vertex -0.906104 -1.55332 12.3019
    endloop
  endfacet
  facet normal -0.200111 0.504236 -0.84006
    outer loop
      vertex -0.701878 -2.10105 11.9193
      vertex -1.02076 -2.15513 11.9628
      vertex -0.395129 -1.49434 12.2104
    endloop
  endfacet
  facet normal -0.189545 0.523875 -0.830438
    outer loop
      vertex -0.102138 -1.12852 12.3743
      vertex -0.395129 -1.49434 12.2104
      vertex -0.161528 -1.04602 12.4399
    endloop
  endfacet
  facet normal -0.177629 0.521163 -0.834768
    outer loop
      vertex 0.0640816 -1.31913 12.2181
      vertex -0.111598 -1.41857 12.1934
      vertex -0.0257823 -1.22226 12.2977
    endloop
  endfacet
  facet normal -0.177944 0.521631 -0.834408
    outer loop
      vertex -0.111598 -1.41857 12.1934
      vertex 0.0640816 -1.31913 12.2181
      vertex 0.0951287 -1.34533 12.1951
    endloop
  endfacet
  facet normal -0.0582762 0.424631 -0.903489
    outer loop
      vertex 1.64699 -1.86014 11.7315
      vertex 1.55572 -1.71862 11.8039
      vertex 1.62211 -1.7027 11.8071
    endloop
  endfacet
  facet normal -0.0583491 0.424591 -0.903503
    outer loop
      vertex 1.64699 -1.86014 11.7315
      vertex 1.39133 -1.74036 11.8043
      vertex 1.55572 -1.71862 11.8039
    endloop
  endfacet
  facet normal -0.0582082 0.424829 -0.9034
    outer loop
      vertex 1.64699 -1.86014 11.7315
      vertex 1.34752 -1.74615 11.8044
      vertex 1.39133 -1.74036 11.8043
    endloop
  endfacet
  facet normal -0.0580196 0.425216 -0.90323
    outer loop
      vertex 1.64699 -1.86014 11.7315
      vertex 1.18315 -1.75031 11.813
      vertex 1.34752 -1.74615 11.8044
    endloop
  endfacet
  facet normal -0.0585016 0.423689 -0.903916
    outer loop
      vertex 1.13721 -1.75836 11.8122
      vertex 1.18315 -1.75031 11.813
      vertex 1.64699 -1.86014 11.7315
    endloop
  endfacet
  facet normal -0.0597993 0.430754 -0.900486
    outer loop
      vertex 1.18315 -1.75031 11.813
      vertex 1.13721 -1.75836 11.8122
      vertex 1.1482 -1.75119 11.8149
    endloop
  endfacet
  facet normal -0.0772205 0.331377 -0.940333
    outer loop
      vertex -0.0118704 -3.59824 11.1321
      vertex -0.583624 -3.8464 11.0916
      vertex 0.0602512 -3.18473 11.2719
    endloop
  endfacet
  facet normal 0.0975651 0.26031 -0.960583
    outer loop
      vertex 1.82122 -2.86968 11.386
      vertex 1.76584 -2.56552 11.4628
      vertex 2.44989 -2.41525 11.573
    endloop
  endfacet
  facet normal 0.0664131 0.255625 -0.964492
    outer loop
      vertex 1.82122 -2.86968 11.386
      vertex 1.18749 -3.28269 11.2329
      vertex 1.76584 -2.56552 11.4628
    endloop
  endfacet
  facet normal -0.077312 0.331457 -0.940297
    outer loop
      vertex 0.0602512 -3.18473 11.2719
      vertex -0.583624 -3.8464 11.0916
      vertex -0.469558 -3.41469 11.2344
    endloop
  endfacet
  facet normal -0.00526128 0.256451 -0.966543
    outer loop
      vertex 0.574591 -3.29977 11.2081
      vertex -0.0674286 -3.96685 11.0346
      vertex -0.0118704 -3.59824 11.1321
    endloop
  endfacet
  facet normal 0.130982 0.161569 -0.97813
    outer loop
      vertex 1.87308 -3.13693 11.3488
      vertex 1.20906 -3.56967 11.1884
      vertex 1.82122 -2.86968 11.386
    endloop
  endfacet
  facet normal 0.167696 0.167764 -0.971459
    outer loop
      vertex 1.87308 -3.13693 11.3488
      vertex 1.82122 -2.86968 11.386
      vertex 2.44989 -2.41525 11.573
    endloop
  endfacet
  facet normal 0.090316 0.159231 -0.983101
    outer loop
      vertex 1.20906 -3.56967 11.1884
      vertex 0.55563 -3.64975 11.1154
      vertex 1.18749 -3.28269 11.2329
    endloop
  endfacet
  facet normal 0.0320252 0.254295 -0.966596
    outer loop
      vertex 1.18749 -3.28269 11.2329
      vertex 0.574591 -3.29977 11.2081
      vertex 1.16933 -2.95427 11.3187
    endloop
  endfacet
  facet normal 0.408241 -0.108891 -0.906356
    outer loop
      vertex 3.34452 -2.50149 11.844
      vertex 2.60238 -2.87168 11.5542
      vertex 3.27094 -2.33953 11.7914
    endloop
  endfacet
  facet normal 0.408483 -0.10952 -0.906171
    outer loop
      vertex 2.66089 -3.04564 11.6016
      vertex 2.60238 -2.87168 11.5542
      vertex 3.34452 -2.50149 11.844
    endloop
  endfacet
  facet normal 0.579819 -0.557701 -0.593952
    outer loop
      vertex 2.00208 -3.69007 11.4766
      vertex 2.73926 -3.27553 11.807
      vertex 2.03466 -3.78485 11.5974
    endloop
  endfacet
  facet normal 0.579848 -0.557993 -0.59365
    outer loop
      vertex 2.73926 -3.27553 11.807
      vertex 2.00208 -3.69007 11.4766
      vertex 2.70669 -3.18075 11.6861
    endloop
  endfacet
  facet normal 0.485059 -0.339571 -0.805859
    outer loop
      vertex 2.70669 -3.18075 11.6861
      vertex 2.00208 -3.69007 11.4766
      vertex 2.66089 -3.04564 11.6016
    endloop
  endfacet
  facet normal 0.318933 -0.142041 -0.937073
    outer loop
      vertex 1.26151 -4.0072 11.2246
      vertex 1.23383 -3.81206 11.1856
      vertex 1.96401 -3.54938 11.3943
    endloop
  endfacet
  facet normal 0.327676 0.0724161 -0.942011
    outer loop
      vertex 3.27094 -2.33953 11.7914
      vertex 3.17796 -2.14645 11.7739
      vertex 3.91922 -1.7737 12.0604
    endloop
  endfacet
  facet normal 0.149686 0.279461 -0.948417
    outer loop
      vertex 3.6646 -1.40243 12.0399
      vertex 2.93807 -1.67574 11.8447
      vertex 3.50094 -1.18445 12.0783
    endloop
  endfacet
  facet normal 0.103492 0.357888 -0.928012
    outer loop
      vertex 4.04004 -0.66931 12.337
      vertex 3.31537 -0.948021 12.1487
      vertex 3.81491 -0.470668 12.3885
    endloop
  endfacet
  facet normal 0.0419349 0.33004 -0.943035
    outer loop
      vertex 2.35758 -2.13778 11.6388
      vertex 1.70755 -2.22777 11.5784
      vertex 2.25588 -1.83141 11.7415
    endloop
  endfacet
  facet normal -0.00368082 0.383778 -0.923418
    outer loop
      vertex 2.25588 -1.83141 11.7415
      vertex 2.13413 -1.51906 11.8718
      vertex 2.14994 -1.51169 11.8748
    endloop
  endfacet
  facet normal -0.00295014 0.384022 -0.923319
    outer loop
      vertex 2.13413 -1.51906 11.8718
      vertex 2.25588 -1.83141 11.7415
      vertex 1.70755 -2.22777 11.5784
    endloop
  endfacet
  facet normal 0.0338258 0.39719 -0.917113
    outer loop
      vertex 2.79379 -1.40327 11.9323
      vertex 2.71895 -1.09003 12.0652
      vertex 3.31537 -0.948021 12.1487
    endloop
  endfacet
  facet normal 0.0339374 0.397211 -0.9171
    outer loop
      vertex 2.79379 -1.40327 11.9323
      vertex 2.6892 -1.12189 12.0503
      vertex 2.71895 -1.09003 12.0652
    endloop
  endfacet
  facet normal 0.0344715 0.397372 -0.91701
    outer loop
      vertex 2.6892 -1.12189 12.0503
      vertex 2.79379 -1.40327 11.9323
      vertex 2.65711 -1.15026 12.0368
    endloop
  endfacet
  facet normal 0.0169386 0.389496 -0.920872
    outer loop
      vertex 2.79379 -1.40327 11.9323
      vertex 2.56311 -1.23365 11.9998
      vertex 2.65711 -1.15026 12.0368
    endloop
  endfacet
  facet normal 0.0169407 0.389498 -0.920871
    outer loop
      vertex 2.79379 -1.40327 11.9323
      vertex 2.52576 -1.26678 11.9851
      vertex 2.56311 -1.23365 11.9998
    endloop
  endfacet
  facet normal 0.0165355 0.388817 -0.921167
    outer loop
      vertex 2.79379 -1.40327 11.9323
      vertex 2.48581 -1.29588 11.9721
      vertex 2.52576 -1.26678 11.9851
    endloop
  endfacet
  facet normal 0.0167725 0.389403 -0.920915
    outer loop
      vertex 2.79379 -1.40327 11.9323
      vertex 2.34915 -1.39547 11.9275
      vertex 2.48581 -1.29588 11.9721
    endloop
  endfacet
  facet normal 0.0167737 0.389493 -0.920877
    outer loop
      vertex 2.79379 -1.40327 11.9323
      vertex 2.30735 -1.42015 11.9163
      vertex 2.34915 -1.39547 11.9275
    endloop
  endfacet
  facet normal 0.0168159 0.388624 -0.921243
    outer loop
      vertex 2.30735 -1.42015 11.9163
      vertex 2.79379 -1.40327 11.9323
      vertex 2.18203 -1.49414 11.8828
    endloop
  endfacet
  facet normal 0.0764963 0.449591 -0.889953
    outer loop
      vertex 5.12817 1.04088 13.2199
      vertex 4.39368 0.648417 12.9585
      vertex 4.75933 1.11393 13.2251
    endloop
  endfacet
  facet normal 0.0766769 0.44933 -0.890069
    outer loop
      vertex 4.72631 0.529257 12.927
      vertex 4.39368 0.648417 12.9585
      vertex 5.12817 1.04088 13.2199
    endloop
  endfacet
  facet normal 0.0485479 0.407183 -0.912055
    outer loop
      vertex 3.31537 -0.948021 12.1487
      vertex 3.1099 -0.695724 12.2504
      vertex 3.56443 -0.261392 12.4685
    endloop
  endfacet
  facet normal 0.00304883 0.445583 -0.895235
    outer loop
      vertex 3.56443 -0.261392 12.4685
      vertex 3.20216 -0.366 12.4152
      vertex 3.20832 -0.35017 12.4231
    endloop
  endfacet
  facet normal 0.0030321 0.445629 -0.895212
    outer loop
      vertex 3.56443 -0.261392 12.4685
      vertex 3.18277 -0.415889 12.3903
      vertex 3.20216 -0.366 12.4152
    endloop
  endfacet
  facet normal 0.00251871 0.446643 -0.894709
    outer loop
      vertex 3.1099 -0.695724 12.2504
      vertex 3.18277 -0.415889 12.3903
      vertex 3.56443 -0.261392 12.4685
    endloop
  endfacet
  facet normal 0.00337052 0.446464 -0.894795
    outer loop
      vertex 3.18277 -0.415889 12.3903
      vertex 3.1099 -0.695724 12.2504
      vertex 3.10992 -0.560041 12.3181
    endloop
  endfacet
  facet normal 0.00300725 0.446465 -0.894796
    outer loop
      vertex 3.1099 -0.695724 12.2504
      vertex 3.086 -0.607379 12.2944
      vertex 3.10992 -0.560041 12.3181
    endloop
  endfacet
  facet normal 0.00205136 0.446258 -0.894902
    outer loop
      vertex 3.086 -0.607379 12.2944
      vertex 3.1099 -0.695724 12.2504
      vertex 3.06438 -0.641571 12.2773
    endloop
  endfacet
  facet normal -0.318251 0.358349 -0.877669
    outer loop
      vertex -3.01194 -4.25826 11.4231
      vertex -3.63957 -4.5727 11.5223
      vertex -3.37419 -4.16851 11.5911
    endloop
  endfacet
  facet normal -0.31827 0.358395 -0.877643
    outer loop
      vertex -3.25472 -4.66805 11.3438
      vertex -3.63957 -4.5727 11.5223
      vertex -3.01194 -4.25826 11.4231
    endloop
  endfacet
  facet normal -0.453094 0.212378 -0.865795
    outer loop
      vertex -3.9991 -5.21053 11.4993
      vertex -4.35694 -5.04203 11.7279
      vertex -3.84863 -4.92131 11.4915
    endloop
  endfacet
  facet normal -0.37907 0.172698 -0.90911
    outer loop
      vertex -3.58189 -5.3139 11.3057
      vertex -3.9991 -5.21053 11.4993
      vertex -3.84863 -4.92131 11.4915
    endloop
  endfacet
  facet normal -0.423682 -0.0151637 -0.905684
    outer loop
      vertex -3.66271 -5.54288 11.3475
      vertex -4.08932 -5.43718 11.5453
      vertex -3.9991 -5.21053 11.4993
    endloop
  endfacet
  facet normal -0.463664 -0.341278 -0.817646
    outer loop
      vertex -3.68697 -5.70566 11.4292
      vertex -4.08932 -5.43718 11.5453
      vertex -3.66271 -5.54288 11.3475
    endloop
  endfacet
  facet normal -0.834242 -0.113901 -0.539506
    outer loop
      vertex -4.79279 -5.18494 12.1356
      vertex -4.98959 -4.72874 12.3436
      vertex -4.75642 -5.02787 12.0462
    endloop
  endfacet
  facet normal -0.733406 -0.199976 -0.649711
    outer loop
      vertex -4.48826 -5.42458 11.8656
      vertex -4.79279 -5.18494 12.1356
      vertex -4.75642 -5.02787 12.0462
    endloop
  endfacet
  facet normal -0.364121 0.498569 -0.786667
    outer loop
      vertex -3.1643 -2.91863 12.1981
      vertex -3.76377 -3.15574 12.3253
      vertex -3.33124 -2.70447 12.4111
    endloop
  endfacet
  facet normal -0.646969 0.540393 -0.537965
    outer loop
      vertex -4.64404 -2.36147 13.5272
      vertex -4.9011 -2.60442 13.5923
      vertex -4.52721 -1.8668 13.8836
    endloop
  endfacet
  facet normal -0.745965 0.496228 -0.444179
    outer loop
      vertex -4.9011 -2.60442 13.5923
      vertex -5.08803 -2.81337 13.6728
      vertex -4.96138 -2.27711 14.0592
    endloop
  endfacet
  facet normal -0.753171 0.529658 -0.390123
    outer loop
      vertex -4.77869 -2.08612 13.9658
      vertex -4.96138 -2.27711 14.0592
      vertex -4.58871 -1.53593 14.346
    endloop
  endfacet
  facet normal -0.949409 0.313342 0.0209586
    outer loop
      vertex -4.87229 -1.85559 14.5653
      vertex -5.07328 -2.43767 14.163
      vertex -4.90994 -1.97752 14.6827
    endloop
  endfacet
  facet normal -0.929374 0.361038 0.07692
    outer loop
      vertex -4.87229 -1.85559 14.5653
      vertex -4.90994 -1.97752 14.6827
      vertex -4.60201 -1.24615 14.9704
    endloop
  endfacet
  facet normal -0.749971 0.590915 -0.297258
    outer loop
      vertex -4.33324 -0.959874 14.729
      vertex -4.5005 -1.11184 14.8489
      vertex -4.17132 -0.495602 15.2434
    endloop
  endfacet
  facet normal -0.754237 0.561158 -0.340923
    outer loop
      vertex -4.33324 -0.959874 14.729
      vertex -4.58871 -1.53593 14.346
      vertex -4.5005 -1.11184 14.8489
    endloop
  endfacet
  facet normal -0.451857 0.515246 -0.728249
    outer loop
      vertex -4.27671 -3.26299 12.5445
      vertex -4.35335 -2.9124 12.8401
      vertex -3.96274 -2.54921 12.8547
    endloop
  endfacet
  facet normal -0.568298 0.565214 -0.597972
    outer loop
      vertex -4.31966 -2.08716 13.4782
      vertex -4.64404 -2.36147 13.5272
      vertex -4.20969 -1.62154 13.8138
    endloop
  endfacet
  facet normal -0.657331 0.568757 -0.4944
    outer loop
      vertex -4.52721 -1.8668 13.8836
      vertex -4.58871 -1.53593 14.346
      vertex -4.34589 -1.3417 14.2466
    endloop
  endfacet
  facet normal -0.573375 0.696955 -0.430691
    outer loop
      vertex -2.79626 1.02448 15.508
      vertex -3.02557 0.944344 15.6836
      vertex -2.36258 1.5766 15.8241
    endloop
  endfacet
  facet normal -0.410833 0.594802 -0.690961
    outer loop
      vertex -2.98161 -1.10769 13.4327
      vertex -3.39115 -1.06425 13.7136
      vertex -2.8991 -0.758309 13.6844
    endloop
  endfacet
  facet normal -0.410781 0.594909 -0.6909
    outer loop
      vertex -2.98161 -1.10769 13.4327
      vertex -3.48387 -1.45682 13.4307
      vertex -3.39115 -1.06425 13.7136
    endloop
  endfacet
  facet normal -0.830266 0.30727 0.465019
    outer loop
      vertex -3.43014 0.584648 16.2932
      vertex -3.8927 -0.0731859 15.902
      vertex -3.86012 -0.16797 16.0228
    endloop
  endfacet
  facet normal -0.853438 0.481593 0.199279
    outer loop
      vertex -3.4087 0.678504 16.1582
      vertex -3.8927 -0.0731859 15.902
      vertex -3.43014 0.584648 16.2932
    endloop
  endfacet
  facet normal -0.749979 0.590909 -0.297251
    outer loop
      vertex -4.01509 -0.36427 15.1103
      vertex -4.33324 -0.959874 14.729
      vertex -4.17132 -0.495602 15.2434
    endloop
  endfacet
  facet normal -0.841414 0.526737 -0.120707
    outer loop
      vertex -4.5005 -1.11184 14.8489
      vertex -4.60201 -1.24615 14.9704
      vertex -4.17132 -0.495602 15.2434
    endloop
  endfacet
  facet normal -0.939288 0.0967934 0.329194
    outer loop
      vertex -5.11316 -2.56605 14.2759
      vertex -4.87737 -2.0723 14.8035
      vertex -4.90994 -1.97752 14.6827
    endloop
  endfacet
  facet normal -0.939279 0.0967473 0.329234
    outer loop
      vertex -4.87737 -2.0723 14.8035
      vertex -5.11316 -2.56605 14.2759
      vertex -5.08058 -2.66083 14.3967
    endloop
  endfacet
  facet normal -0.949407 0.313349 0.0209515
    outer loop
      vertex -5.07328 -2.43767 14.163
      vertex -5.11316 -2.56605 14.2759
      vertex -4.90994 -1.97752 14.6827
    endloop
  endfacet
  facet normal -0.906103 0.404347 0.124423
    outer loop
      vertex -4.60201 -1.24615 14.9704
      vertex -4.63667 -1.36133 15.0923
      vertex -4.29635 -0.724222 15.5002
    endloop
  endfacet
  facet normal -0.977824 -0.150982 0.14514
    outer loop
      vertex -5.25164 -4.19789 13.2374
      vertex -5.30133 -3.63469 13.4885
      vertex -5.28422 -4.10311 13.1165
    endloop
  endfacet
  facet normal -0.977825 -0.150978 0.145131
    outer loop
      vertex -5.30133 -3.63469 13.4885
      vertex -5.25164 -4.19789 13.2374
      vertex -5.26875 -3.72948 13.6094
    endloop
  endfacet
  facet normal -0.112261 -0.563338 0.818564
    outer loop
      vertex -3.43792 -2.49279 15.2101
      vertex -3.98066 -3.07353 14.736
      vertex -3.53982 -2.92424 14.8992
    endloop
  endfacet
  facet normal -0.392382 -0.525648 0.754805
    outer loop
      vertex -4.67805 -3.25345 14.4198
      vertex -4.98229 -3.7795 13.8953
      vertex -4.73155 -3.73419 14.0572
    endloop
  endfacet
  facet normal -0.012653 -0.893021 0.449837
    outer loop
      vertex -3.22234 -5.67025 12.1321
      vertex -3.62558 -5.57034 12.3191
      vertex -3.4208 -5.78264 11.9034
    endloop
  endfacet
  facet normal 0.0704776 -0.747032 0.661042
    outer loop
      vertex -2.95161 -4.71733 13.3344
      vertex -3.34589 -5.00858 13.0473
      vertex -2.66371 -4.8529 13.1505
    endloop
  endfacet
  facet normal -0.045086 -0.72193 0.690496
    outer loop
      vertex -3.60164 -4.80732 13.274
      vertex -4.16914 -4.75581 13.2908
      vertex -3.95879 -5.02566 13.0224
    endloop
  endfacet
  facet normal 0.0364289 -0.639653 0.7678
    outer loop
      vertex -2.52319 -3.1344 14.7485
      vertex -3.07216 -3.43322 14.5256
      vertex -2.46568 -3.39748 14.5266
    endloop
  endfacet
  facet normal -0.0153735 -0.564879 0.82503
    outer loop
      vertex -2.80714 -1.92814 15.6345
      vertex -2.95104 -2.34486 15.3465
      vertex -2.41539 -2.16577 15.4791
    endloop
  endfacet
  facet normal -0.218039 -0.381074 0.898466
    outer loop
      vertex -2.743 0.122138 16.732
      vertex -3.15571 -0.464801 16.3829
      vertex -2.45726 0.0381012 16.7657
    endloop
  endfacet
  facet normal 0.158304 -0.587401 0.793663
    outer loop
      vertex 0.530155 -0.361078 16.4684
      vertex 0.527059 -0.36502 16.4661
      vertex 0.531057 -0.364483 16.4657
    endloop
  endfacet
  facet normal 0.134492 -0.606224 0.783839
    outer loop
      vertex -0.623802 -1.66163 15.6964
      vertex -0.64434 -1.84617 15.5572
      vertex 0.0420961 -1.45856 15.7392
    endloop
  endfacet
  facet normal 0.130096 -0.599773 0.789524
    outer loop
      vertex -0.576813 -1.46267 15.8398
      vertex -0.623802 -1.66163 15.6964
      vertex 0.0908651 -1.1816 15.9433
    endloop
  endfacet
  facet normal 0.099837 -0.661322 0.743428
    outer loop
      vertex -1.7907 -3.22083 14.6031
      vertex -2.36207 -3.62556 14.3198
      vertex -1.66212 -3.38578 14.4391
    endloop
  endfacet
  facet normal 0.180359 -0.683636 0.707186
    outer loop
      vertex -0.351527 -3.16699 14.3594
      vertex -1.05902 -3.66977 14.0538
      vertex -0.792876 -3.69069 13.9657
    endloop
  endfacet
  facet normal 0.164602 -0.724627 0.669195
    outer loop
      vertex -1.2091 -4.16847 13.5833
      vertex -1.94118 -4.56795 13.3308
      vertex -1.59565 -4.59511 13.2164
    endloop
  endfacet
  facet normal 0.241425 -0.771235 0.588991
    outer loop
      vertex -0.799789 -4.50325 13.0739
      vertex -1.07359 -4.86496 12.7125
      vertex -0.588236 -4.73525 12.6834
    endloop
  endfacet
  facet normal 0.105354 -0.764714 0.635699
    outer loop
      vertex -2.66371 -4.8529 13.1505
      vertex -3.0352 -5.15488 12.8488
      vertex -2.67295 -5.24463 12.6808
    endloop
  endfacet
  facet normal 0.069504 -0.706035 0.704758
    outer loop
      vertex -2.72419 -4.19924 13.831
      vertex -3.1886 -4.53084 13.5446
      vertex -2.95161 -4.71733 13.3344
    endloop
  endfacet
  facet normal 0.0347682 -0.589686 0.806884
    outer loop
      vertex -1.83684 -1.95747 15.6064
      vertex -2.41539 -2.16577 15.4791
      vertex -1.90826 -2.25984 15.3885
    endloop
  endfacet
  facet normal 0.0434532 -0.687304 0.725069
    outer loop
      vertex -2.89112 -3.98509 14.044
      vertex -3.37207 -4.29548 13.7786
      vertex -2.72419 -4.19924 13.831
    endloop
  endfacet
  facet normal 0.0191042 -0.666692 0.745088
    outer loop
      vertex -3.00754 -3.72881 14.2763
      vertex -3.37207 -4.29548 13.7786
      vertex -2.89112 -3.98509 14.044
    endloop
  endfacet
  facet normal -0.0224119 -0.54649 0.837166
    outer loop
      vertex -2.11512 -1.40657 15.9935
      vertex -2.80714 -1.92814 15.6345
      vertex -2.28732 -1.79489 15.7354
    endloop
  endfacet
  facet normal 0.0171727 -0.545682 0.837817
    outer loop
      vertex -1.90065 -1.00508 16.2506
      vertex -2.11512 -1.40657 15.9935
      vertex -1.57697 -1.30043 16.0516
    endloop
  endfacet
  facet normal -0.0651679 -0.552009 0.831288
    outer loop
      vertex -2.80714 -1.92814 15.6345
      vertex -3.43792 -2.49279 15.2101
      vertex -2.95104 -2.34486 15.3465
    endloop
  endfacet
  facet normal 0.280698 -0.80445 0.523517
    outer loop
      vertex -0.0778589 -4.55443 12.6876
      vertex -0.588236 -4.73525 12.6834
      vertex -0.244632 -4.83278 12.3493
    endloop
  endfacet
  facet normal 0.241333 -0.771281 0.588968
    outer loop
      vertex -0.358178 -4.38523 13.0475
      vertex -0.799789 -4.50325 13.0739
      vertex -0.588236 -4.73525 12.6834
    endloop
  endfacet
  facet normal 0.246048 -0.680128 0.690569
    outer loop
      vertex 0.972621 -2.41337 14.6765
      vertex 0.741129 -2.92661 14.2535
      vertex 1.21693 -2.30732 14.6939
    endloop
  endfacet
  facet normal 0.227165 -0.697525 0.679599
    outer loop
      vertex 0.159447 -3.10801 14.268
      vertex -0.179875 -3.61993 13.856
      vertex 0.160269 -3.52903 13.8356
    endloop
  endfacet
  facet normal 0.302844 -0.746099 0.592977
    outer loop
      vertex 0.734565 -3.64904 13.4668
      vertex 0.588264 -4.01147 13.0855
      vertex 1.08273 -3.75982 13.1496
    endloop
  endfacet
  facet normal 0.257082 -0.700877 0.665342
    outer loop
      vertex 1.05063 -2.79227 14.2754
      vertex 0.517951 -3.40231 13.8386
      vertex 0.889253 -3.24115 13.8649
    endloop
  endfacet
  facet normal 0.211174 -0.674462 0.707465
    outer loop
      vertex 0.303637 -2.59215 14.7167
      vertex -0.106359 -3.1531 14.3043
      vertex 0.513456 -2.55656 14.688
    endloop
  endfacet
  facet normal 0.218997 -0.658108 0.720371
    outer loop
      vertex 1.03992 -1.92842 15.1018
      vertex 0.513456 -2.55656 14.688
      vertex 0.737269 -2.49675 14.6746
    endloop
  endfacet
  facet normal 0.186847 -0.666159 0.722025
    outer loop
      vertex -0.0650101 -2.58935 14.8182
      vertex -0.573372 -3.14955 14.4329
      vertex -0.351527 -3.16699 14.3594
    endloop
  endfacet
  facet normal 0.131805 -0.632344 0.763393
    outer loop
      vertex -0.54645 -2.29395 15.1796
      vertex -1.25802 -2.6108 15.04
      vertex -1.18327 -2.77534 14.8908
    endloop
  endfacet
  facet normal 0.174885 -0.660752 0.729946
    outer loop
      vertex -0.219799 -2.551 14.89
      vertex -0.573372 -3.14955 14.4329
      vertex -0.0650101 -2.58935 14.8182
    endloop
  endfacet
  facet normal 0.196017 -0.689491 0.697266
    outer loop
      vertex -0.106359 -3.1531 14.3043
      vertex -0.792876 -3.69069 13.9657
      vertex -0.498755 -3.67402 13.8995
    endloop
  endfacet
  facet normal -0.113651 -0.123909 -0.985764
    outer loop
      vertex -2.06841 -5.45251 10.9886
      vertex -2.64669 -5.55059 11.0676
      vertex -2.02272 -5.22552 10.9548
    endloop
  endfacet
  facet normal -0.0209422 -0.143124 -0.989483
    outer loop
      vertex -1.45157 -5.28766 10.9517
      vertex -2.06841 -5.45251 10.9886
      vertex -2.02272 -5.22552 10.9548
    endloop
  endfacet
  facet normal -0.318061 -0.0604551 -0.946141
    outer loop
      vertex -3.10989 -5.351 11.1494
      vertex -3.66271 -5.54288 11.3475
      vertex -3.58189 -5.3139 11.3057
    endloop
  endfacet
  facet normal -0.225288 0.315156 -0.921912
    outer loop
      vertex -2.14922 -4.2648 11.1854
      vertex -2.81932 -4.70228 11.1996
      vertex -2.60212 -4.29047 11.2873
    endloop
  endfacet
  facet normal -0.00690213 0.0429377 -0.999054
    outer loop
      vertex -0.785114 -4.83955 10.9239
      vertex -1.35538 -4.77998 10.9304
      vertex -0.742271 -4.56276 10.9355
    endloop
  endfacet
  facet normal 0.056466 0.0329475 -0.997861
    outer loop
      vertex -0.126605 -4.55374 10.9706
      vertex -0.785114 -4.83955 10.9239
      vertex -0.105813 -4.28651 10.9806
    endloop
  endfacet
  facet normal -0.148596 0.348391 -0.925496
    outer loop
      vertex -1.13441 -4.04154 11.087
      vertex -1.46529 -3.72522 11.2592
      vertex -0.979936 -3.59551 11.2301
    endloop
  endfacet
  facet normal -0.109417 0.190996 -0.975473
    outer loop
      vertex -1.35538 -4.77998 10.9304
      vertex -1.81648 -4.58652 11.02
      vertex -1.26002 -4.43781 10.9867
    endloop
  endfacet
  facet normal 0.138733 -0.159952 -0.977327
    outer loop
      vertex -0.126605 -4.55374 10.9706
      vertex -0.80292 -5.05785 10.9571
      vertex -0.785114 -4.83955 10.9239
    endloop
  endfacet
  facet normal 0.0631535 -0.155088 -0.98588
    outer loop
      vertex -0.80292 -5.05785 10.9571
      vertex -1.45157 -5.28766 10.9517
      vertex -0.785114 -4.83955 10.9239
    endloop
  endfacet
  facet normal -0.0877963 0.270463 -0.958719
    outer loop
      vertex -0.674862 -4.23049 10.9916
      vertex -1.26002 -4.43781 10.9867
      vertex -0.583624 -3.8464 11.0916
    endloop
  endfacet
  facet normal -0.0453714 0.261777 -0.964061
    outer loop
      vertex -0.0674286 -3.96685 11.0346
      vertex -0.674862 -4.23049 10.9916
      vertex -0.583624 -3.8464 11.0916
    endloop
  endfacet
  facet normal -0.606664 -0.278267 -0.744665
    outer loop
      vertex -4.1183 -5.59879 11.6293
      vertex -4.48826 -5.42458 11.8656
      vertex -4.08932 -5.43718 11.5453
    endloop
  endfacet
  facet normal -0.463848 -0.341671 -0.817378
    outer loop
      vertex -3.68697 -5.70566 11.4292
      vertex -4.1183 -5.59879 11.6293
      vertex -4.08932 -5.43718 11.5453
    endloop
  endfacet
  facet normal -0.246604 -0.793841 -0.55588
    outer loop
      vertex -3.65439 -5.80044 11.5501
      vertex -3.68697 -5.70566 11.4292
      vertex -3.16641 -5.8388 11.3884
    endloop
  endfacet
  facet normal -0.110409 -0.988985 -0.0985778
    outer loop
      vertex -3.56534 -5.82619 11.7087
      vertex -3.65439 -5.80044 11.5501
      vertex -3.16641 -5.8388 11.3884
    endloop
  endfacet
  facet normal -0.335695 0.519527 -0.785749
    outer loop
      vertex -2.6972 -2.4087 12.3357
      vertex -3.1643 -2.91863 12.1981
      vertex -2.84578 -2.2181 12.5252
    endloop
  endfacet
  facet normal -0.543322 0.414922 -0.729822
    outer loop
      vertex -4.45171 -3.9336 12.2424
      vertex -4.69959 -4.25168 12.2461
      vertex -4.59841 -3.61068 12.5352
    endloop
  endfacet
  facet normal -0.327503 0.548675 -0.769219
    outer loop
      vertex -2.84578 -2.2181 12.5252
      vertex -2.94939 -1.99002 12.732
      vertex -2.3127 -1.70195 12.6664
    endloop
  endfacet
  facet normal -0.327516 0.548713 -0.769186
    outer loop
      vertex -2.3127 -1.70195 12.6664
      vertex -2.94939 -1.99002 12.732
      vertex -2.40237 -1.50455 12.8454
    endloop
  endfacet
  facet normal -0.31128 0.464266 -0.829194
    outer loop
      vertex -2.68672 -3.21166 11.8396
      vertex -3.34331 -3.57759 11.8812
      vertex -2.94867 -3.08831 12.007
    endloop
  endfacet
  facet normal -0.218102 0.485235 -0.846746
    outer loop
      vertex -1.02076 -2.15513 11.9628
      vertex -1.69281 -2.76101 11.7887
      vertex -1.31488 -2.17181 12.029
    endloop
  endfacet
  facet normal -0.42631 0.552956 -0.715891
    outer loop
      vertex -3.51227 -2.1526 12.8927
      vertex -3.97605 -2.18468 13.1441
      vertex -3.52439 -1.82093 13.1561
    endloop
  endfacet
  facet normal -0.400326 0.579756 -0.709664
    outer loop
      vertex -3.01768 -1.43175 13.1882
      vertex -3.52439 -1.82093 13.1561
      vertex -3.48387 -1.45682 13.4307
    endloop
  endfacet
  facet normal -0.341539 0.561057 -0.754034
    outer loop
      vertex -2.94939 -1.99002 12.732
      vertex -3.0069 -1.72694 12.9538
      vertex -2.45214 -1.27688 13.0374
    endloop
  endfacet
  facet normal -0.372248 0.549322 -0.748116
    outer loop
      vertex -3.44766 -2.4482 12.6435
      vertex -3.51227 -2.1526 12.8927
      vertex -2.94939 -1.99002 12.732
    endloop
  endfacet
  facet normal -0.290864 0.550963 -0.7822
    outer loop
      vertex -1.63067 -1.29916 12.6965
      vertex -2.3127 -1.70195 12.6664
      vertex -1.73785 -1.16167 12.8332
    endloop
  endfacet
  facet normal -0.314865 0.570726 -0.758375
    outer loop
      vertex -2.40237 -1.50455 12.8454
      vertex -2.45214 -1.27688 13.0374
      vertex -1.81259 -0.997128 12.9824
    endloop
  endfacet
  facet normal -0.340852 0.601235 -0.722728
    outer loop
      vertex -1.83584 -0.360622 13.4879
      vertex -2.35884 -0.438584 13.6697
      vertex -1.77631 -0.108577 13.6695
    endloop
  endfacet
  facet normal -0.380654 0.611048 -0.694063
    outer loop
      vertex -2.35884 -0.438584 13.6697
      vertex -2.77103 -0.387428 13.9408
      vertex -2.24801 -0.117609 13.8915
    endloop
  endfacet
  facet normal -0.388619 0.635072 -0.667577
    outer loop
      vertex -2.09898 0.218452 14.1149
      vertex -2.59882 0.00088501 14.1989
      vertex -2.38436 0.402378 14.456
    endloop
  endfacet
  facet normal -0.385612 0.623228 -0.680361
    outer loop
      vertex -2.09898 0.218452 14.1149
      vertex -2.77103 -0.387428 13.9408
      vertex -2.59882 0.00088501 14.1989
    endloop
  endfacet
  facet normal -0.291794 0.626633 -0.722625
    outer loop
      vertex -0.194031 1.21384 14.1341
      vertex -0.864769 0.889054 14.1233
      vertex -0.719915 1.12268 14.2674
    endloop
  endfacet
  facet normal -0.347872 0.665562 -0.660312
    outer loop
      vertex -0.776434 1.62265 14.7577
      vertex -1.15932 1.63831 14.9752
      vertex -0.851407 1.99271 15.1702
    endloop
  endfacet
  facet normal -0.385839 0.667618 -0.636722
    outer loop
      vertex -1.44095 1.27976 14.7699
      vertex -1.83849 1.22721 14.9557
      vertex -1.51306 1.64151 15.1929
    endloop
  endfacet
  facet normal -0.388675 0.657244 -0.645726
    outer loop
      vertex -1.44095 1.27976 14.7699
      vertex -2.12998 0.812651 14.7092
      vertex -1.83849 1.22721 14.9557
    endloop
  endfacet
  facet normal -0.427993 0.638261 -0.639879
    outer loop
      vertex -2.38436 0.402378 14.456
      vertex -3.05376 -0.211212 14.2917
      vertex -2.81279 0.239905 14.5805
    endloop
  endfacet
  facet normal -0.463265 0.60652 -0.646157
    outer loop
      vertex -3.39115 -1.06425 13.7136
      vertex -3.67147 -0.895047 14.0734
      vertex -3.24726 -0.647524 14.0016
    endloop
  endfacet
  facet normal -0.388087 0.718865 -0.576734
    outer loop
      vertex -0.370506 2.83778 15.8232
      vertex -0.550016 2.97634 16.1167
      vertex 0.0518618 3.20644 15.9985
    endloop
  endfacet
  facet normal -0.374713 0.686205 -0.623469
    outer loop
      vertex -0.851407 1.99271 15.1702
      vertex -1.15728 2.05101 15.4182
      vertex -0.520594 2.33908 15.3526
    endloop
  endfacet
  facet normal -0.459573 0.69998 -0.546645
    outer loop
      vertex -1.43404 2.09232 15.6617
      vertex -1.8338 1.6322 15.4086
      vertex -1.67865 2.11618 15.8979
    endloop
  endfacet
  facet normal -0.449815 0.713005 -0.537856
    outer loop
      vertex -1.43404 2.09232 15.6617
      vertex -1.67865 2.11618 15.8979
      vertex -1.20661 2.61041 16.1583
    endloop
  endfacet
  facet normal -0.342795 0.67279 -0.655626
    outer loop
      vertex -0.519772 1.91806 14.9202
      vertex -0.851407 1.99271 15.1702
      vertex -0.244018 2.20678 15.0723
    endloop
  endfacet
  facet normal -0.313092 0.659203 -0.683685
    outer loop
      vertex 0.0516644 2.05578 14.7913
      vertex -0.519772 1.91806 14.9202
      vertex -0.244018 2.20678 15.0723
    endloop
  endfacet
  facet normal -0.281882 0.571064 -0.770992
    outer loop
      vertex -1.73785 -1.16167 12.8332
      vertex -1.81259 -0.997128 12.9824
      vertex -1.18653 -0.473299 13.1415
    endloop
  endfacet
  facet normal -0.272036 0.563496 -0.780044
    outer loop
      vertex -1.63067 -1.29916 12.6965
      vertex -1.73785 -1.16167 12.8332
      vertex -1.12753 -0.603183 13.0238
    endloop
  endfacet
  facet normal -0.333547 0.591011 -0.734474
    outer loop
      vertex -1.83584 -0.360622 13.4879
      vertex -2.46147 -1.02141 13.2403
      vertex -2.43026 -0.740956 13.4518
    endloop
  endfacet
  facet normal -0.318932 0.618722 -0.717959
    outer loop
      vertex -1.08496 0.439297 13.8299
      vertex -1.68393 0.158976 13.8544
      vertex -0.986897 0.660423 13.9769
    endloop
  endfacet
  facet normal -0.288325 0.641584 -0.710801
    outer loop
      vertex 0.0596867 1.55472 14.3331
      vertex -0.368609 1.59468 14.5429
      vertex -0.166007 1.82787 14.6712
    endloop
  endfacet
  facet normal -0.321055 0.626359 -0.71035
    outer loop
      vertex -0.986897 0.660423 13.9769
      vertex -1.40498 0.728741 14.2261
      vertex -0.864769 0.889054 14.1233
    endloop
  endfacet
  facet normal -0.290337 0.637057 -0.714047
    outer loop
      vertex -0.0741482 1.38433 14.2355
      vertex -0.368609 1.59468 14.5429
      vertex 0.0596867 1.55472 14.3331
    endloop
  endfacet
  facet normal -0.257397 0.604278 -0.754052
    outer loop
      vertex -0.510343 0.567752 13.7127
      vertex -0.274659 0.683617 13.7251
      vertex -0.311704 0.583607 13.6576
    endloop
  endfacet
  facet normal -0.254109 0.598222 -0.759973
    outer loop
      vertex -0.274659 0.683617 13.7251
      vertex -0.510343 0.567752 13.7127
      vertex -0.273096 0.687838 13.7279
    endloop
  endfacet
  facet normal -0.257425 0.60406 -0.754217
    outer loop
      vertex -0.510343 0.567752 13.7127
      vertex -0.311704 0.583607 13.6576
      vertex -0.544279 0.424062 13.6092
    endloop
  endfacet
  facet normal -0.33382 0.591174 -0.734219
    outer loop
      vertex -1.86186 -0.594398 13.3115
      vertex -2.46147 -1.02141 13.2403
      vertex -1.83584 -0.360622 13.4879
    endloop
  endfacet
  facet normal -0.305478 0.59486 -0.743522
    outer loop
      vertex -1.22542 -0.155396 13.4013
      vertex -1.83584 -0.360622 13.4879
      vertex -1.20488 0.0291395 13.5405
    endloop
  endfacet
  facet normal -0.166974 0.613844 -0.771567
    outer loop
      vertex 2.95347 2.57996 14.3572
      vertex 2.23852 2.18827 14.2003
      vertex 2.92982 2.68816 14.4484
    endloop
  endfacet
  facet normal -0.171602 0.618063 -0.767171
    outer loop
      vertex 2.92982 2.68816 14.4484
      vertex 2.23852 2.18827 14.2003
      vertex 2.88721 2.78196 14.5335
    endloop
  endfacet
  facet normal -0.186199 0.608992 -0.771012
    outer loop
      vertex 2.21088 2.09626 14.1343
      vertex 2.23852 2.18827 14.2003
      vertex 2.25281 2.12288 14.1452
    endloop
  endfacet
  facet normal -0.187246 0.609076 -0.770691
    outer loop
      vertex 2.17337 2.10877 14.1533
      vertex 2.23852 2.18827 14.2003
      vertex 2.21088 2.09626 14.1343
    endloop
  endfacet
  facet normal -0.188753 0.609769 -0.769775
    outer loop
      vertex 2.23852 2.18827 14.2003
      vertex 2.17337 2.10877 14.1533
      vertex 2.14054 2.11565 14.1668
    endloop
  endfacet
  facet normal -0.166903 0.613751 -0.771656
    outer loop
      vertex 2.25281 2.12288 14.1452
      vertex 2.23852 2.18827 14.2003
      vertex 2.95347 2.57996 14.3572
    endloop
  endfacet
  facet normal -0.188615 0.609888 -0.769715
    outer loop
      vertex 2.07691 2.129 14.1931
      vertex 2.0718 2.13007 14.1952
      vertex 2.21276 2.24497 14.2517
    endloop
  endfacet
  facet normal -0.189782 0.6107 -0.768784
    outer loop
      vertex 2.14054 2.11565 14.1668
      vertex 2.21276 2.24497 14.2517
      vertex 2.23852 2.18827 14.2003
    endloop
  endfacet
  facet normal -0.188461 0.610356 -0.769382
    outer loop
      vertex 2.11574 2.12085 14.177
      vertex 2.21276 2.24497 14.2517
      vertex 2.14054 2.11565 14.1668
    endloop
  endfacet
  facet normal -0.190291 0.61114 -0.768309
    outer loop
      vertex 2.21276 2.24497 14.2517
      vertex 2.11574 2.12085 14.177
      vertex 2.07691 2.129 14.1931
    endloop
  endfacet
  facet normal -0.358834 0.733688 -0.577009
    outer loop
      vertex 0.487447 3.55314 16.153
      vertex 0.413982 3.78012 16.4873
      vertex 0.912894 4.14076 16.6356
    endloop
  endfacet
  facet normal -0.422216 0.776469 -0.467792
    outer loop
      vertex 0.900746 4.36751 16.9683
      vertex 0.303424 4.12416 17.1035
      vertex 0.895164 4.5519 17.2794
    endloop
  endfacet
  facet normal -0.547343 0.734303 -0.401515
    outer loop
      vertex -1.88844 2.12233 16.1243
      vertex -2.0611 2.1107 16.3384
      vertex -1.37903 2.65569 16.4053
    endloop
  endfacet
  facet normal -0.495197 0.725091 -0.478563
    outer loop
      vertex -1.67865 2.11618 15.8979
      vertex -1.88844 2.12233 16.1243
      vertex -1.37903 2.65569 16.4053
    endloop
  endfacet
  facet normal -0.650819 0.670016 -0.357089
    outer loop
      vertex -3.43828 0.357404 15.3345
      vertex -3.63773 0.244358 15.4859
      vertex -3.02557 0.944344 15.6836
    endloop
  endfacet
  facet normal -0.581731 0.677101 -0.450693
    outer loop
      vertex -3.18472 0.472012 15.1794
      vertex -3.43828 0.357404 15.3345
      vertex -2.79626 1.02448 15.508
    endloop
  endfacet
  facet normal -0.507096 0.709655 -0.489126
    outer loop
      vertex -2.11801 1.61048 15.6197
      vertex -2.36258 1.5766 15.8241
      vertex -1.67865 2.11618 15.8979
    endloop
  endfacet
  facet normal -0.459536 0.699988 -0.546665
    outer loop
      vertex -1.8338 1.6322 15.4086
      vertex -2.11801 1.61048 15.6197
      vertex -1.67865 2.11618 15.8979
    endloop
  endfacet
  facet normal -0.400054 0.709794 -0.579783
    outer loop
      vertex -0.77503 2.45123 15.6291
      vertex -1.00454 2.54201 15.8986
      vertex -0.550016 2.97634 16.1167
    endloop
  endfacet
  facet normal -0.437781 0.725082 -0.531605
    outer loop
      vertex -1.00454 2.54201 15.8986
      vertex -1.20661 2.61041 16.1583
      vertex -0.550016 2.97634 16.1167
    endloop
  endfacet
  facet normal 0.544388 0.533769 -0.647095
    outer loop
      vertex 7.98229 4.7795 16.1047
      vertex 7.96574 5.23257 16.4645
      vertex 8.16202 4.77792 16.2546
    endloop
  endfacet
  facet normal 0.501934 0.619082 -0.603987
    outer loop
      vertex 8.1451 5.2412 16.6224
      vertex 7.96574 5.23257 16.4645
      vertex 8.05484 5.65409 16.9706
    endloop
  endfacet
  facet normal 0.262 0.562383 -0.784272
    outer loop
      vertex 7.67805 4.25345 15.5802
      vertex 7.36146 4.18367 15.4244
      vertex 7.73155 4.73419 15.9428
    endloop
  endfacet
  facet normal 0.233579 0.609861 -0.757305
    outer loop
      vertex 7.73155 4.73419 15.9428
      vertex 7.39726 5.06041 16.1024
      vertex 7.71555 5.17208 16.2905
    endloop
  endfacet
  facet normal 0.544162 0.533761 -0.647291
    outer loop
      vertex 8.16202 4.77792 16.2546
      vertex 7.96574 5.23257 16.4645
      vertex 8.1451 5.2412 16.6224
    endloop
  endfacet
  facet normal 0.592156 0.374317 -0.713609
    outer loop
      vertex 7.97591 3.72098 15.4758
      vertex 7.92694 4.28211 15.7295
      vertex 8.10542 4.26933 15.8709
    endloop
  endfacet
  facet normal 0.415448 0.46517 -0.781678
    outer loop
      vertex 7.80029 3.74585 15.3431
      vertex 7.55563 3.73515 15.2067
      vertex 7.67805 4.25345 15.5802
    endloop
  endfacet
  facet normal 0.598516 0.180131 -0.780597
    outer loop
      vertex 7.50465 2.52946 14.6684
      vertex 7.01023 1.96434 14.1589
      vertex 7.33941 2.58058 14.5535
    endloop
  endfacet
  facet normal 0.430982 0.407654 -0.80503
    outer loop
      vertex 7.60372 3.17659 14.9496
      vertex 7.55563 3.73515 15.2067
      vertex 7.80029 3.74585 15.3431
    endloop
  endfacet
  facet normal 0.30041 0.470017 -0.829962
    outer loop
      vertex 7.55563 3.73515 15.2067
      vertex 7.06332 3.1639 14.705
      vertex 7.24464 3.689 15.068
    endloop
  endfacet
  facet normal -0.21093 0.835759 -0.506966
    outer loop
      vertex 5.05558 6.4972 17.8604
      vertex 4.31919 6.16789 17.6239
      vertex 4.53391 6.40873 17.9316
    endloop
  endfacet
  facet normal -0.207492 0.880542 -0.426138
    outer loop
      vertex 5.05558 6.4972 17.8604
      vertex 4.53391 6.40873 17.9316
      vertex 4.71538 6.58482 18.2071
    endloop
  endfacet
  facet normal 0.0499315 0.431219 0.900865
    outer loop
      vertex 5.075 6.61428 18.9336
      vertex 5.06841 6.45251 19.0114
      vertex 5.64669 6.55059 18.9324
    endloop
  endfacet
  facet normal 0.0750421 -0.0578812 0.995499
    outer loop
      vertex 4.41947 6.0643 19.0813
      vertex 4.35538 5.77998 19.0696
      vertex 5.02272 6.22552 19.0452
    endloop
  endfacet
  facet normal -0.63533 0.769568 0.0641898
    outer loop
      vertex 0.236529 4.34042 17.8481
      vertex -0.432036 3.80826 17.6109
      vertex 0.241741 4.32895 18.0372
    endloop
  endfacet
  facet normal -0.5972 0.799458 0.0649518
    outer loop
      vertex 0.938622 4.83269 18.2444
      vertex 0.236529 4.34042 17.8481
      vertex 0.241741 4.32895 18.0372
    endloop
  endfacet
  facet normal -0.562044 0.777773 -0.281381
    outer loop
      vertex -0.34917 3.74658 17.1599
      vertex -1.02759 3.24859 17.1385
      vertex -0.401017 3.79547 17.3986
    endloop
  endfacet
  facet normal -0.53528 0.797084 -0.279523
    outer loop
      vertex -0.34917 3.74658 17.1599
      vertex -0.401017 3.79547 17.3986
      vertex 0.267541 4.23746 17.3787
    endloop
  endfacet
  facet normal -0.397084 0.861074 -0.317609
    outer loop
      vertex 2.78486 5.78905 17.917
      vertex 2.1618 5.47196 17.8363
      vertex 2.22993 5.6033 18.1072
    endloop
  endfacet
  facet normal -0.368238 0.830119 -0.418692
    outer loop
      vertex 2.78486 5.78905 17.917
      vertex 2.08642 5.28615 17.5342
      vertex 2.1618 5.47196 17.8363
    endloop
  endfacet
  facet normal -0.624619 0.7152 -0.313592
    outer loop
      vertex -2.56483 1.53092 16.0194
      vertex -2.72254 1.47395 16.2036
      vertex -2.19475 2.08143 16.5378
    endloop
  endfacet
  facet normal -0.639397 0.692965 -0.333122
    outer loop
      vertex -2.56483 1.53092 16.0194
      vertex -3.2053 0.859343 15.8517
      vertex -2.72254 1.47395 16.2036
    endloop
  endfacet
  facet normal -0.180034 0.978204 -0.103463
    outer loop
      vertex 5.42717 6.79017 18.3703
      vertex 4.86163 6.69425 18.4475
      vertex 5.54932 6.8339 18.5712
    endloop
  endfacet
  facet normal -0.0913889 0.983131 -0.158433
    outer loop
      vertex 5.9488 6.81974 18.2529
      vertex 5.42717 6.79017 18.3703
      vertex 5.54932 6.8339 18.5712
    endloop
  endfacet
  facet normal -0.253181 0.839621 -0.480559
    outer loop
      vertex 4.31919 6.16789 17.6239
      vertex 3.79541 6.02792 17.6553
      vertex 3.97744 6.26001 17.9649
    endloop
  endfacet
  facet normal -0.24707 0.802832 -0.542602
    outer loop
      vertex 4.31919 6.16789 17.6239
      vertex 3.58824 5.73525 17.3166
      vertex 3.79541 6.02792 17.6553
    endloop
  endfacet
  facet normal -0.323593 0.918632 -0.226723
    outer loop
      vertex 4.13233 6.42901 18.2421
      vertex 3.51922 6.21178 18.237
      vertex 4.25838 6.53304 18.4837
    endloop
  endfacet
  facet normal -0.263802 0.928291 -0.262077
    outer loop
      vertex 4.71538 6.58482 18.2071
      vertex 4.13233 6.42901 18.2421
      vertex 4.25838 6.53304 18.4837
    endloop
  endfacet
  facet normal -0.259413 0.746339 -0.61293
    outer loop
      vertex 3.10776 4.98168 16.5671
      vertex 2.8938 5.2207 16.9487
      vertex 3.35818 5.38523 16.9525
    endloop
  endfacet
  facet normal -0.250359 0.722039 -0.644965
    outer loop
      vertex 2.83973 4.52903 16.1644
      vertex 2.69447 4.83525 16.5636
      vertex 3.10776 4.98168 16.5671
    endloop
  endfacet
  facet normal -0.231619 0.719566 -0.654658
    outer loop
      vertex 3.50079 5.08672 16.5435
      vertex 2.83973 4.52903 16.1644
      vertex 3.10776 4.98168 16.5671
    endloop
  endfacet
  facet normal -0.236342 0.743871 -0.625139
    outer loop
      vertex 3.50079 5.08672 16.5435
      vertex 3.10776 4.98168 16.5671
      vertex 3.79979 5.50325 16.9261
    endloop
  endfacet
  facet normal -0.250392 0.722026 -0.644967
    outer loop
      vertex 2.83973 4.52903 16.1644
      vertex 2.48205 4.40231 16.1614
      vertex 2.69447 4.83525 16.5636
    endloop
  endfacet
  facet normal -0.267792 0.679667 -0.682891
    outer loop
      vertex 1.53247 3.17979 15.2737
      vertex 1.30996 3.44368 15.6236
      vertex 1.6319 3.63071 15.6835
    endloop
  endfacet
  facet normal -0.210437 0.621533 -0.754594
    outer loop
      vertex 1.69764 2.16247 14.3188
      vertex 1.68865 2.16234 14.3212
      vertex 1.84168 2.37514 14.4538
    endloop
  endfacet
  facet normal -0.262435 0.614981 -0.74359
    outer loop
      vertex -0.0832673 1.06544 13.9708
      vertex -0.298647 1.04511 14.03
      vertex -0.0590412 1.10649 13.9962
    endloop
  endfacet
  facet normal -0.277332 0.678139 -0.680599
    outer loop
      vertex 1.02344 2.86604 15.1648
      vertex 0.987052 3.23324 15.5455
      vertex 1.30996 3.44368 15.6236
    endloop
  endfacet
  facet normal -0.297033 0.697552 -0.652068
    outer loop
      vertex 0.987052 3.23324 15.5455
      vertex 0.956285 3.5705 15.9203
      vertex 1.34366 3.82295 16.0139
    endloop
  endfacet
  facet normal -0.281775 0.649405 -0.706312
    outer loop
      vertex 0.363215 1.88773 14.5125
      vertex 0.0516644 2.05578 14.7913
      vertex 0.529584 2.04671 14.5923
    endloop
  endfacet
  facet normal -0.313094 0.65927 -0.683619
    outer loop
      vertex -0.166007 1.82787 14.6712
      vertex -0.519772 1.91806 14.9202
      vertex 0.0516644 2.05578 14.7913
    endloop
  endfacet
  facet normal -0.244518 0.660759 -0.709654
    outer loop
      vertex 1.61366 2.79162 14.8843
      vertex 1.53247 3.17979 15.2737
      vertex 1.78306 3.30732 15.3061
    endloop
  endfacet
  facet normal -0.201561 0.653121 -0.729936
    outer loop
      vertex 2.41303 3.00525 14.8364
      vertex 2.27326 2.99732 14.8679
      vertex 2.69636 3.59215 15.2833
    endloop
  endfacet
  facet normal -0.358814 0.733686 -0.577025
    outer loop
      vertex 0.931476 3.87411 16.285
      vertex 0.487447 3.55314 16.153
      vertex 0.912894 4.14076 16.6356
    endloop
  endfacet
  facet normal -0.308664 0.694319 -0.650114
    outer loop
      vertex 0.987052 3.23324 15.5455
      vertex 0.66673 3.0017 15.4503
      vertex 0.956285 3.5705 15.9203
    endloop
  endfacet
  facet normal -0.341572 0.739267 -0.580356
    outer loop
      vertex 0.931476 3.87411 16.285
      vertex 0.912894 4.14076 16.6356
      vertex 1.41583 4.46852 16.7571
    endloop
  endfacet
  facet normal -0.322806 0.743429 -0.585755
    outer loop
      vertex 1.82537 4.42508 16.4762
      vertex 1.37908 4.16582 16.3931
      vertex 1.91727 4.75982 16.8504
    endloop
  endfacet
  facet normal -0.220982 0.640809 -0.735208
    outer loop
      vertex 1.96008 2.92842 14.8982
      vertex 1.54966 2.2971 14.4713
      vertex 1.79011 2.8682 14.8968
    endloop
  endfacet
  facet normal -0.222957 0.677212 -0.701195
    outer loop
      vertex 2.48654 3.55656 15.312
      vertex 2.26273 3.49675 15.3254
      vertex 2.55702 4.03224 15.749
    endloop
  endfacet
  facet normal -0.167231 0.636287 -0.753109
    outer loop
      vertex 2.8261 2.86035 14.6114
      vertex 2.74718 2.92246 14.6814
      vertex 3.35256 3.48849 15.0252
    endloop
  endfacet
  facet normal -0.175894 0.621511 -0.763404
    outer loop
      vertex 2.88721 2.78196 14.5335
      vertex 2.17583 2.29235 14.2988
      vertex 2.8261 2.86035 14.6114
    endloop
  endfacet
  facet normal -0.197007 0.615847 -0.762837
    outer loop
      vertex 1.93769 2.15179 14.2465
      vertex 2.07017 2.35718 14.3781
      vertex 2.12813 2.32989 14.3411
    endloop
  endfacet
  facet normal -0.197186 0.615904 -0.762745
    outer loop
      vertex 2.07017 2.35718 14.3781
      vertex 1.93769 2.15179 14.2465
      vertex 1.8837 2.15692 14.2646
    endloop
  endfacet
  facet normal -0.181167 0.625203 -0.759144
    outer loop
      vertex 2.17583 2.29235 14.2988
      vertex 2.12813 2.32989 14.3411
      vertex 2.8261 2.86035 14.6114
    endloop
  endfacet
  facet normal -0.154059 0.694639 -0.702669
    outer loop
      vertex 4.29426 4.61148 15.837
      vertex 4.05902 4.66977 15.9462
      vertex 4.78845 5.07695 16.1888
    endloop
  endfacet
  facet normal -0.153952 0.694526 -0.702803
    outer loop
      vertex 4.78845 5.07695 16.1888
      vertex 4.05902 4.66977 15.9462
      vertex 4.51663 5.1443 16.3149
    endloop
  endfacet
  facet normal -0.0704776 0.747032 -0.661042
    outer loop
      vertex 5.95161 5.71733 16.6656
      vertex 5.66371 5.8529 16.8495
      vertex 6.34589 6.00858 16.9527
    endloop
  endfacet
  facet normal -0.12516 0.737421 -0.663736
    outer loop
      vertex 5.66371 5.8529 16.8495
      vertex 5.2466 5.49228 16.5275
      vertex 5.32804 5.93607 17.0052
    endloop
  endfacet
  facet normal -0.123382 0.815275 -0.565778
    outer loop
      vertex 5.67295 6.24463 17.3192
      vertex 5.26313 6.27685 17.455
      vertex 5.97215 6.49026 17.6079
    endloop
  endfacet
  facet normal -0.123342 0.815212 -0.565877
    outer loop
      vertex 5.97215 6.49026 17.6079
      vertex 5.26313 6.27685 17.455
      vertex 5.53675 6.52448 17.7521
    endloop
  endfacet
  facet normal 0.0121825 0.813953 -0.580803
    outer loop
      vertex 6.68708 6.23947 17.2185
      vertex 6.35699 6.3949 17.4294
      vertex 6.62558 6.57034 17.6809
    endloop
  endfacet
  facet normal 0.0121491 0.813951 -0.580806
    outer loop
      vertex 6.68708 6.23947 17.2185
      vertex 6.62558 6.57034 17.6809
      vertex 6.97144 6.40748 17.4599
    endloop
  endfacet
  facet normal 0.114278 0.743942 -0.6584
    outer loop
      vertex 7.16914 5.75581 16.7092
      vertex 6.95879 6.02566 16.9776
      vertex 7.25613 6.18345 17.2075
    endloop
  endfacet
  facet normal 0.216286 0.767967 -0.602866
    outer loop
      vertex 7.47653 5.90071 16.9264
      vertex 7.25613 6.18345 17.2075
      vertex 7.71845 5.98644 17.1224
    endloop
  endfacet
  facet normal 0.114564 0.743892 -0.658407
    outer loop
      vertex 7.47653 5.90071 16.9264
      vertex 7.16914 5.75581 16.7092
      vertex 7.25613 6.18345 17.2075
    endloop
  endfacet
  facet normal 0.15961 0.701912 -0.69415
    outer loop
      vertex 7.63024 5.56235 16.6196
      vertex 7.16914 5.75581 16.7092
      vertex 7.47653 5.90071 16.9264
    endloop
  endfacet
  facet normal -0.099837 0.661322 -0.743428
    outer loop
      vertex 4.7907 4.22083 15.3969
      vertex 4.66212 4.38578 15.5609
      vertex 5.36207 4.62556 15.6802
    endloop
  endfacet
  facet normal -0.0839024 0.648207 -0.756828
    outer loop
      vertex 4.88036 4.02344 15.2179
      vertex 4.7907 4.22083 15.3969
      vertex 5.36207 4.62556 15.6802
    endloop
  endfacet
  facet normal -0.141558 0.640228 -0.755029
    outer loop
      vertex 3.54645 3.29395 14.8204
      vertex 3.46184 3.40249 14.9283
      vertex 4.18327 3.77534 15.1092
    endloop
  endfacet
  facet normal -0.107342 0.606214 -0.788024
    outer loop
      vertex 4.28127 2.97429 14.4546
      vertex 3.64434 2.84617 14.4428
      vertex 4.30728 3.20807 14.6309
    endloop
  endfacet
  facet normal 0.0787293 0.507321 -0.858153
    outer loop
      vertex 6.06711 2.55526 14.1545
      vertex 5.37267 2.04071 13.7866
      vertex 5.61365 2.49183 14.0754
    endloop
  endfacet
  facet normal -0.131856 0.632424 -0.763317
    outer loop
      vertex 3.60545 3.16407 14.7026
      vertex 3.54645 3.29395 14.8204
      vertex 4.25802 3.6108 14.96
    endloop
  endfacet
  facet normal 0.081023 0.486633 -0.869841
    outer loop
      vertex 5.48814 1.55281 13.5244
      vertex 5.37267 2.04071 13.7866
      vertex 5.80227 2.05945 13.8371
    endloop
  endfacet
  facet normal 0.0809728 0.486626 -0.86985
    outer loop
      vertex 5.48814 1.55281 13.5244
      vertex 5.08686 1.57972 13.5021
      vertex 5.37267 2.04071 13.7866
    endloop
  endfacet
  facet normal -0.12636 0.593089 -0.795159
    outer loop
      vertex 3.50389 2.25147 14.0143
      vertex 2.85647 2.02907 13.9513
      vertex 2.90913 2.1816 14.0567
    endloop
  endfacet
  facet normal -0.160572 0.606998 -0.778312
    outer loop
      vertex 2.3582 2.04581 14.063
      vertex 2.94307 2.32529 14.1603
      vertex 2.37837 2.0364 14.0515
    endloop
  endfacet
  facet normal -0.159716 0.605636 -0.779548
    outer loop
      vertex 2.94307 2.32529 14.1603
      vertex 2.3582 2.04581 14.063
      vertex 2.9579 2.45856 14.2608
    endloop
  endfacet
  facet normal -0.162624 0.610765 -0.774932
    outer loop
      vertex 2.25281 2.12288 14.1452
      vertex 2.2904 2.06983 14.0955
      vertex 2.25431 2.08179 14.1125
    endloop
  endfacet
  facet normal -0.163482 0.610318 -0.775104
    outer loop
      vertex 2.2904 2.06983 14.0955
      vertex 2.25281 2.12288 14.1452
      vertex 2.9579 2.45856 14.2608
    endloop
  endfacet
  facet normal -0.0817532 0.461051 -0.8836
    outer loop
      vertex 1.13721 -1.75836 11.8122
      vertex 1.13977 -1.75139 11.8156
      vertex 1.14102 -1.75136 11.8155
    endloop
  endfacet
  facet normal -0.0940736 0.464178 -0.880732
    outer loop
      vertex 1.13977 -1.75139 11.8156
      vertex 1.13721 -1.75836 11.8122
      vertex 1.13716 -1.75116 11.816
    endloop
  endfacet
  facet normal 0.805309 -0.591351 0.042201
    outer loop
      vertex 6.78089 0.865887 14.3679
      vertex 6.33348 0.229594 13.9895
      vertex 6.86619 0.972123 14.2288
    endloop
  endfacet
  facet normal 0.522454 -0.620465 0.584863
    outer loop
      vertex 7.03902 2.12729 15.8446
      vertex 6.45881 1.41552 15.6078
      vertex 6.80953 1.60979 15.5006
    endloop
  endfacet
  facet normal 0.754246 -0.561124 0.34096
    outer loop
      vertex 7.58871 2.53593 15.6539
      vertex 7.33324 1.95987 15.271
      vertex 7.5005 2.11184 15.1511
    endloop
  endfacet
  facet normal 0.662547 -0.595665 0.454108
    outer loop
      vertex 7.34589 2.3417 15.7534
      vertex 7.33324 1.95987 15.271
      vertex 7.58871 2.53593 15.6539
    endloop
  endfacet
  facet normal 0.647084 -0.540395 0.537824
    outer loop
      vertex 7.9011 3.60442 16.4077
      vertex 7.52721 2.8668 16.1164
      vertex 7.77869 3.08612 16.0342
    endloop
  endfacet
  facet normal 0.657508 -0.568676 0.494258
    outer loop
      vertex 7.77869 3.08612 16.0342
      vertex 7.52721 2.8668 16.1164
      vertex 7.58871 2.53593 15.6539
    endloop
  endfacet
  facet normal 0.85568 -0.368965 0.362871
    outer loop
      vertex 8.14339 4.31076 16.7024
      vertex 8.08803 3.81337 16.3272
      vertex 8.25939 4.49461 16.6158
    endloop
  endfacet
  facet normal 0.837826 -0.320419 0.442018
    outer loop
      vertex 8.25939 4.49461 16.6158
      vertex 8.12684 4.76383 17.0622
      vertex 8.14339 4.31076 16.7024
    endloop
  endfacet
  facet normal 0.646969 -0.540393 0.537965
    outer loop
      vertex 7.64404 3.36147 16.4728
      vertex 7.52721 2.8668 16.1164
      vertex 7.9011 3.60442 16.4077
    endloop
  endfacet
  facet normal 0.506988 -0.488093 0.710443
    outer loop
      vertex 7.59841 4.61068 17.4648
      vertex 7.27671 4.26299 17.4555
      vertex 7.67983 4.23821 17.1508
    endloop
  endfacet
  facet normal 0.552652 -0.540157 0.63467
    outer loop
      vertex 7.36772 3.51902 16.8475
      vertex 7.31966 3.08716 16.5218
      vertex 7.64404 3.36147 16.4728
    endloop
  endfacet
  facet normal 0.568298 -0.565214 0.597972
    outer loop
      vertex 7.31966 3.08716 16.5218
      vertex 7.20969 2.62154 16.1862
      vertex 7.64404 3.36147 16.4728
    endloop
  endfacet
  facet normal 0.491286 -0.55874 0.668167
    outer loop
      vertex 6.97605 3.18468 16.8559
      vertex 6.93152 2.7845 16.554
      vertex 7.36772 3.51902 16.8475
    endloop
  endfacet
  facet normal 0.410833 -0.594803 0.69096
    outer loop
      vertex 5.98161 2.10769 16.5673
      vertex 5.8991 1.75831 16.3156
      vertex 6.39115 2.06425 16.2864
    endloop
  endfacet
  facet normal 0.85976 -0.262916 -0.437823
    outer loop
      vertex 7.29635 1.72422 14.4998
      vertex 6.86012 1.16797 13.9772
      vertex 7.26377 1.81901 14.3789
    endloop
  endfacet
  facet normal 0.859727 -0.262722 -0.438002
    outer loop
      vertex 6.86012 1.16797 13.9772
      vertex 7.29635 1.72422 14.4998
      vertex 6.8927 1.07319 14.098
    endloop
  endfacet
  facet normal 0.603077 0.238446 -0.761211
    outer loop
      vertex 7.50465 2.52946 14.6684
      vertex 7.33941 2.58058 14.5535
      vertex 7.60372 3.17659 14.9496
    endloop
  endfacet
  facet normal 0.783459 0.0634761 -0.618194
    outer loop
      vertex 7.87737 3.0723 15.1965
      vertex 7.50465 2.52946 14.6684
      vertex 7.77492 3.1389 15.0735
    endloop
  endfacet
  facet normal 0.78345 0.063491 -0.618203
    outer loop
      vertex 7.6041 2.45611 14.7869
      vertex 7.50465 2.52946 14.6684
      vertex 7.87737 3.0723 15.1965
    endloop
  endfacet
  facet normal 0.802054 0.212717 -0.558087
    outer loop
      vertex 8.08058 3.66083 15.6033
      vertex 7.97591 3.72098 15.4758
      vertex 8.21152 4.21525 16.0028
    endloop
  endfacet
  facet normal -0.316656 -0.385758 0.866556
    outer loop
      vertex -3.79203 -1.0133 15.9379
      vertex -4.11019 -1.6089 15.5565
      vertex -3.8195 -1.61412 15.6604
    endloop
  endfacet
  facet normal -0.888069 0.213827 0.406954
    outer loop
      vertex -4.63667 -1.36133 15.0923
      vertex -4.26377 -0.819006 15.6211
      vertex -4.29635 -0.724222 15.5002
    endloop
  endfacet
  facet normal -0.888043 0.21368 0.407087
    outer loop
      vertex -4.26377 -0.819006 15.6211
      vertex -4.63667 -1.36133 15.0923
      vertex -4.6041 -1.45611 15.2131
    endloop
  endfacet
  facet normal -0.669217 0.185565 0.719523
    outer loop
      vertex -2.3166 1.79711 17.148
      vertex -2.8006 1.04542 16.8917
      vertex -2.24221 1.68811 17.2453
    endloop
  endfacet
  facet normal -0.669196 0.185543 0.719549
    outer loop
      vertex -2.3166 1.79711 17.148
      vertex -2.88117 1.14729 16.7905
      vertex -2.8006 1.04542 16.8917
    endloop
  endfacet
  facet normal -0.256542 -0.0423736 0.965604
    outer loop
      vertex 1.12692 4.13693 18.6512
      vertex 0.397623 3.87168 18.4458
      vertex 0.468215 3.66078 18.4553
    endloop
  endfacet
  facet normal -0.294303 -0.0555311 0.954097
    outer loop
      vertex 0.397623 3.87168 18.4458
      vertex -0.270943 3.33953 18.2086
      vertex 0.468215 3.66078 18.4553
    endloop
  endfacet
  facet normal -0.569348 0.285884 0.770787
    outer loop
      vertex -0.397889 3.63058 18.0687
      vertex -1.06812 3.04559 17.7906
      vertex -0.344521 3.50149 18.156
    endloop
  endfacet
  facet normal -0.663238 0.491448 0.564441
    outer loop
      vertex -1.10069 3.14037 17.6697
      vertex -0.397889 3.63058 18.0687
      vertex -0.430464 3.72536 17.9479
    endloop
  endfacet
  facet normal -0.663271 0.491718 0.564167
    outer loop
      vertex -0.397889 3.63058 18.0687
      vertex -1.10069 3.14037 17.6697
      vertex -1.06812 3.04559 17.7906
    endloop
  endfacet
  facet normal -0.730258 0.618067 0.291062
    outer loop
      vertex -1.73966 2.59955 17.215
      vertex -1.74261 2.52698 17.3617
      vertex -1.10478 3.20623 17.5196
    endloop
  endfacet
  facet normal -0.763475 0.584851 0.273963
    outer loop
      vertex -1.73966 2.59955 17.215
      vertex -2.34918 1.89189 17.0271
      vertex -1.74261 2.52698 17.3617
    endloop
  endfacet
  facet normal -0.758366 0.651698 0.013069
    outer loop
      vertex -2.28791 2.03484 16.7203
      vertex -2.834 1.4063 16.3746
      vertex -2.33958 1.97143 16.884
    endloop
  endfacet
  facet normal -0.731391 0.68116 0.0329956
    outer loop
      vertex -2.28791 2.03484 16.7203
      vertex -2.33958 1.97143 16.884
      vertex -1.70121 2.64913 17.0439
    endloop
  endfacet
  facet normal -0.656951 0.685054 0.314827
    outer loop
      vertex 0.241741 4.32895 18.0372
      vertex -0.441888 3.78481 17.7947
      vertex -0.430464 3.72536 17.9479
    endloop
  endfacet
  facet normal -0.63531 0.769589 0.0641338
    outer loop
      vertex -0.432036 3.80826 17.6109
      vertex -0.441888 3.78481 17.7947
      vertex 0.241741 4.32895 18.0372
    endloop
  endfacet
  facet normal 0.107362 -0.606306 0.787951
    outer loop
      vertex -0.623802 -1.66163 15.6964
      vertex -1.28127 -1.97429 15.5454
      vertex -0.64434 -1.84617 15.5572
    endloop
  endfacet
  facet normal 0.0347581 -0.589718 0.806861
    outer loop
      vertex -2.41539 -2.16577 15.4791
      vertex -2.4979 -2.51515 15.2273
      vertex -1.90826 -2.25984 15.3885
    endloop
  endfacet
  facet normal 0.0368267 -0.478937 0.877077
    outer loop
      vertex 0.113202 1.43033 17.6178
      vertex -0.291322 1.04377 17.4237
      vertex 0.351501 1.15473 17.4573
    endloop
  endfacet
  facet normal 0.0648303 -0.512875 0.856012
    outer loop
      vertex 0.310558 0.593112 17.1299
      vertex -0.329404 0.473829 17.1069
      vertex 0.0348043 0.304393 16.9778
    endloop
  endfacet
  facet normal 0.16327 -0.654589 0.738143
    outer loop
      vertex -0.352562 -2.48849 14.9748
      vertex -0.93765 -3.02177 14.6313
      vertex -0.219799 -2.551 14.89
    endloop
  endfacet
  facet normal 0.190085 -0.611334 0.768204
    outer loop
      vertex 0.761481 -1.18827 15.7997
      vertex 0.957629 -1.09951 15.8218
      vertex 0.922994 -1.06856 15.855
    endloop
  endfacet
  facet normal 0.189745 -0.610725 0.768773
    outer loop
      vertex 0.957629 -1.09951 15.8218
      vertex 0.761481 -1.18827 15.7997
      vertex 0.787236 -1.24497 15.7483
    endloop
  endfacet
  facet normal 0.175901 -0.621516 0.763398
    outer loop
      vertex 0.824168 -1.29235 15.7012
      vertex 0.112794 -1.78196 15.4665
      vertex 0.173897 -1.86035 15.3886
    endloop
  endfacet
  facet normal 0.187727 -0.609155 0.770512
    outer loop
      vertex 0.885063 -1.02562 15.8981
      vertex 0.747186 -1.12288 15.8548
      vertex 0.88776 -1.02871 15.895
    endloop
  endfacet
  facet normal 0.185549 -0.606502 0.773128
    outer loop
      vertex 0.744506 -1.0495 15.9131
      vertex 0.885063 -1.02562 15.8981
      vertex 0.850472 -0.985978 15.9375
    endloop
  endfacet
  facet normal 0.185598 -0.607091 0.772654
    outer loop
      vertex 0.885063 -1.02562 15.8981
      vertex 0.744506 -1.0495 15.9131
      vertex 0.747186 -1.12288 15.8548
    endloop
  endfacet
  facet normal 0.177798 -0.471476 0.863769
    outer loop
      vertex 3.59147 3.57422 18.3617
      vertex 3.36173 3.01015 18.1011
      vertex 3.70188 3.10105 18.0807
    endloop
  endfacet
  facet normal 0.214398 -0.53206 0.819113
    outer loop
      vertex 3.2851 1.91412 17.4455
      vertex 3.47097 1.91235 17.3957
      vertex 3.66094 2.53943 17.7533
    endloop
  endfacet
  facet normal 0.214408 -0.531996 0.819151
    outer loop
      vertex 3.47097 1.91235 17.3957
      vertex 3.2851 1.91412 17.4455
      vertex 3.30334 1.90284 17.4334
    endloop
  endfacet
  facet normal 0.0781451 -0.423576 0.902484
    outer loop
      vertex 2.35739 3.47921 18.4833
      vertex 1.85594 3.18791 18.39
      vertex 1.86279 2.75836 18.1878
    endloop
  endfacet
  facet normal 0.0719913 -0.462823 0.883522
    outer loop
      vertex 1.47829 2.05161 17.857
      vertex 0.971155 2.14568 17.9476
      vertex 1.09401 1.77383 17.7428
    endloop
  endfacet
  facet normal 0.165392 -0.518887 0.83869
    outer loop
      vertex 2.81345 2.31294 17.8041
      vertex 2.70289 2.13417 17.7153
      vertex 2.74813 2.12483 17.7006
    endloop
  endfacet
  facet normal 0.165787 -0.519044 0.838515
    outer loop
      vertex 2.81345 2.31294 17.8041
      vertex 2.61495 2.14243 17.7378
      vertex 2.70289 2.13417 17.7153
    endloop
  endfacet
  facet normal 0.166084 -0.519305 0.838295
    outer loop
      vertex 2.50394 2.1786 17.7822
      vertex 2.61495 2.14243 17.7378
      vertex 2.81345 2.31294 17.8041
    endloop
  endfacet
  facet normal 0.16558 -0.520254 0.837806
    outer loop
      vertex 2.61495 2.14243 17.7378
      vertex 2.50394 2.1786 17.7822
      vertex 2.52937 2.15046 17.7597
    endloop
  endfacet
  facet normal 0.1666 -0.51953 0.838053
    outer loop
      vertex 2.52937 2.15046 17.7597
      vertex 2.50394 2.1786 17.7822
      vertex 2.51045 2.1502 17.7633
    endloop
  endfacet
  facet normal 0.221176 -0.640838 0.735125
    outer loop
      vertex 1.34705 -1.36219 15.503
      vertex 1.03992 -1.92842 15.1018
      vertex 1.39605 -1.38061 15.4722
    endloop
  endfacet
  facet normal 0.218518 -0.640294 0.736392
    outer loop
      vertex 1.03992 -1.92842 15.1018
      vertex 1.34705 -1.36219 15.503
      vertex 1.33584 -1.35624 15.5115
    endloop
  endfacet
  facet normal 0.240904 -0.640784 0.728945
    outer loop
      vertex 1.75769 -1.47361 15.2759
      vertex 1.75087 -1.59289 15.1733
      vertex 1.7809 -1.47626 15.2659
    endloop
  endfacet
  facet normal 0.307828 -0.664552 0.680891
    outer loop
      vertex 2.94931 -1.1644 15.1023
      vertex 3.24402 -1.20678 14.9277
      vertex 3.03624 -1.10067 15.1252
    endloop
  endfacet
  facet normal 0.307922 -0.664386 0.681011
    outer loop
      vertex 3.24402 -1.20678 14.9277
      vertex 2.94931 -1.1644 15.1023
      vertex 2.95219 -1.48564 14.7876
    endloop
  endfacet
  facet normal 0.317055 -0.653526 0.687299
    outer loop
      vertex 3.41348 -0.744673 15.2937
      vertex 3.51977 -0.918061 15.0798
      vertex 3.77643 -0.622646 15.2423
    endloop
  endfacet
  facet normal 0.318462 -0.652759 0.687377
    outer loop
      vertex 3.39575 -0.767223 15.2805
      vertex 3.51977 -0.918061 15.0798
      vertex 3.41348 -0.744673 15.2937
    endloop
  endfacet
  facet normal 0.316707 -0.653873 0.687129
    outer loop
      vertex 3.34315 -0.823175 15.2515
      vertex 3.51977 -0.918061 15.0798
      vertex 3.39575 -0.767223 15.2805
    endloop
  endfacet
  facet normal 0.317062 -0.653521 0.6873
    outer loop
      vertex 3.51977 -0.918061 15.0798
      vertex 3.34315 -0.823175 15.2515
      vertex 3.30534 -0.863394 15.2307
    endloop
  endfacet
  facet normal 0.27733 -0.678138 0.6806
    outer loop
      vertex 1.97656 -1.86604 14.8352
      vertex 1.69004 -2.44368 14.3764
      vertex 2.01295 -2.23324 14.4545
    endloop
  endfacet
  facet normal 0.26137 -0.579752 0.771734
    outer loop
      vertex 4.18653 1.4733 16.8585
      vertex 3.83557 1.22376 16.7899
      vertex 3.84475 1.19462 16.7649
    endloop
  endfacet
  facet normal 0.262414 -0.580888 0.770524
    outer loop
      vertex 3.83557 1.22376 16.7899
      vertex 4.18653 1.4733 16.8585
      vertex 3.82591 1.24566 16.8097
    endloop
  endfacet
  facet normal 0.338398 -0.480905 0.808837
    outer loop
      vertex 6.34331 4.57759 18.1188
      vertex 5.94867 4.08831 17.993
      vertex 6.1643 3.91863 17.8019
    endloop
  endfacet
  facet normal 0.31128 -0.464266 0.829194
    outer loop
      vertex 6.34331 4.57759 18.1188
      vertex 5.68672 4.21166 18.1604
      vertex 5.94867 4.08831 17.993
    endloop
  endfacet
  facet normal 0.226092 -0.231527 0.946191
    outer loop
      vertex 5.48504 6.0285 18.9601
      vertex 5.33815 5.675 18.9087
      vertex 5.81932 5.70228 18.8004
    endloop
  endfacet
  facet normal 0.167217 -0.209564 0.963391
    outer loop
      vertex 5.48504 6.0285 18.9601
      vertex 4.81648 5.58652 18.98
      vertex 5.33815 5.675 18.9087
    endloop
  endfacet
  facet normal 0.261508 -0.391787 0.882109
    outer loop
      vertex 5.60212 5.29047 18.7127
      vertex 5.33998 4.82618 18.5842
      vertex 6.01194 5.25826 18.5769
    endloop
  endfacet
  facet normal 0.272412 -0.335709 0.901716
    outer loop
      vertex 5.81932 5.70228 18.8004
      vertex 5.60212 5.29047 18.7127
      vertex 6.01194 5.25826 18.5769
    endloop
  endfacet
  facet normal 0.294658 -0.5249 0.798534
    outer loop
      vertex 5.50529 3.55971 17.8345
      vertex 5.01803 2.99759 17.6448
      vertex 5.18412 2.86689 17.4976
    endloop
  endfacet
  facet normal 0.250483 -0.549331 0.797179
    outer loop
      vertex 4.49223 2.4081 17.4262
      vertex 3.80087 1.86023 17.2659
      vertex 3.93364 1.79771 17.1811
    endloop
  endfacet
  facet normal 0.325036 -0.580855 0.746297
    outer loop
      vertex 5.45214 2.27688 16.9626
      vertex 4.86186 1.5944 16.6885
      vertex 5.46147 2.02141 16.7597
    endloop
  endfacet
  facet normal 0.452056 -0.515272 0.728107
    outer loop
      vertex 7.27671 4.26299 17.4555
      vertex 6.89172 3.87408 17.4193
      vertex 6.96274 3.54921 17.1453
    endloop
  endfacet
  facet normal 0.32497 -0.580821 0.746352
    outer loop
      vertex 5.45214 2.27688 16.9626
      vertex 4.85408 1.80734 16.8576
      vertex 4.86186 1.5944 16.6885
    endloop
  endfacet
  facet normal 0.355086 -0.534322 0.767082
    outer loop
      vertex 6.33124 3.70447 17.5889
      vertex 5.94939 2.99002 17.268
      vertex 6.44766 3.4482 17.3565
    endloop
  endfacet
  facet normal 0.274048 -0.591821 0.758054
    outer loop
      vertex 4.22542 1.1554 16.5987
      vertex 3.90729 0.957108 16.5589
      vertex 3.90984 0.944071 16.5478
    endloop
  endfacet
  facet normal 0.274659 -0.59263 0.7572
    outer loop
      vertex 3.90729 0.957108 16.5589
      vertex 4.22542 1.1554 16.5987
      vertex 3.89942 0.997541 16.5934
    endloop
  endfacet
  facet normal 0.31556 -0.610798 0.726187
    outer loop
      vertex 4.77631 1.10858 16.3305
      vertex 4.08496 0.560702 16.1701
      vertex 4.68393 0.841023 16.1456
    endloop
  endfacet
  facet normal 0.70851 -0.422861 0.56498
    outer loop
      vertex 8.14339 4.31076 16.7024
      vertex 7.93861 4.52306 17.1181
      vertex 7.9546 4.08516 16.7703
    endloop
  endfacet
  facet normal 0.60817 -0.479922 0.632301
    outer loop
      vertex 7.93861 4.52306 17.1181
      vertex 7.67983 4.23821 17.1508
      vertex 7.6951 3.82028 16.8189
    endloop
  endfacet
  facet normal 0.122607 -0.490529 0.862757
    outer loop
      vertex 2.2519 2.52844 18.0225
      vertex 2.17301 2.12688 17.8054
      vertex 2.20095 2.13017 17.8033
    endloop
  endfacet
  facet normal 0.124521 -0.490703 0.862383
    outer loop
      vertex 1.86567 2.30407 17.9506
      vertex 2.17301 2.12688 17.8054
      vertex 2.2519 2.52844 18.0225
    endloop
  endfacet
  facet normal 0.124599 -0.490605 0.862428
    outer loop
      vertex 2.17301 2.12688 17.8054
      vertex 1.86567 2.30407 17.9506
      vertex 2.08543 2.10745 17.807
    endloop
  endfacet
  facet normal 0.15389 -0.517847 0.841518
    outer loop
      vertex 2.50394 2.1786 17.7822
      vertex 2.44639 2.14931 17.7747
      vertex 2.48768 2.14988 17.7675
    endloop
  endfacet
  facet normal 0.0439998 -0.326841 0.944054
    outer loop
      vertex 3.01187 4.59824 18.8679
      vertex 2.42541 4.29977 18.7919
      vertex 2.93975 4.18473 18.7281
    endloop
  endfacet
  facet normal 0.0440128 -0.326792 0.944071
    outer loop
      vertex 2.42541 4.29977 18.7919
      vertex 2.39631 3.90816 18.6577
      vertex 2.93975 4.18473 18.7281
    endloop
  endfacet
  facet normal 0.160679 -0.398664 0.902911
    outer loop
      vertex 4.46529 4.72522 18.7408
      vertex 3.97994 4.59551 18.7699
      vertex 4.2399 4.22263 18.559
    endloop
  endfacet
  facet normal 0.191099 -0.408544 0.892509
    outer loop
      vertex 4.46529 4.72522 18.7408
      vertex 4.2399 4.22263 18.559
      vertex 4.9203 4.80239 18.6787
    endloop
  endfacet
  facet normal 0.00261883 -0.166998 0.985954
    outer loop
      vertex 3.74227 5.56276 19.0645
      vertex 3.10581 5.28651 19.0194
      vertex 3.67486 5.23049 19.0084
    endloop
  endfacet
  facet normal -0.0563429 -0.033099 0.997863
    outer loop
      vertex 3.78511 5.83955 19.0761
      vertex 3.10581 5.28651 19.0194
      vertex 3.74227 5.56276 19.0645
    endloop
  endfacet
  facet normal 0.145635 -0.432325 0.889879
    outer loop
      vertex 3.33391 3.94009 18.5816
      vertex 3.17817 3.42779 18.3582
      vertex 3.59147 3.57422 18.3617
    endloop
  endfacet
  facet normal 0.15786 -0.466366 0.870392
    outer loop
      vertex 3.17817 3.42779 18.3582
      vertex 3.00405 2.88342 18.0981
      vertex 3.59147 3.57422 18.3617
    endloop
  endfacet
  facet normal -0.43586 0.363638 0.823282
    outer loop
      vertex 1.73849 5.0072 18.7754
      vertex 0.997914 4.69007 18.5234
      vertex 1.03599 4.54938 18.6057
    endloop
  endfacet
  facet normal -0.48532 0.33989 0.805568
    outer loop
      vertex 0.997914 4.69007 18.5234
      vertex 0.339108 4.04564 18.3984
      vertex 1.03599 4.54938 18.6057
    endloop
  endfacet
  facet normal -0.31888 0.141857 0.937119
    outer loop
      vertex 1.76617 4.81206 18.8144
      vertex 1.03599 4.54938 18.6057
      vertex 1.07915 4.36432 18.6484
    endloop
  endfacet
  facet normal -0.214358 -0.0330117 0.976197
    outer loop
      vertex 1.76617 4.81206 18.8144
      vertex 1.07915 4.36432 18.6484
      vertex 1.12692 4.13693 18.6512
    endloop
  endfacet
  facet normal 0.153222 -0.49266 0.856627
    outer loop
      vertex 3.00405 2.88342 18.0981
      vertex 2.50394 2.1786 17.7822
      vertex 2.81345 2.31294 17.8041
    endloop
  endfacet
  facet normal 0.189811 -0.523956 0.830326
    outer loop
      vertex 3.39513 2.49434 17.7896
      vertex 3.10758 2.01158 17.5507
      vertex 3.13659 1.99816 17.5356
    endloop
  endfacet
  facet normal 0.190234 -0.524112 0.830131
    outer loop
      vertex 3.10758 2.01158 17.5507
      vertex 3.39513 2.49434 17.7896
      vertex 3.03528 2.04505 17.5884
    endloop
  endfacet
  facet normal 0.202179 -0.527661 0.825044
    outer loop
      vertex 3.39513 2.49434 17.7896
      vertex 3.17038 1.98246 17.5173
      vertex 3.66094 2.53943 17.7533
    endloop
  endfacet
  facet normal 0.201784 -0.52757 0.825199
    outer loop
      vertex 3.17038 1.98246 17.5173
      vertex 3.39513 2.49434 17.7896
      vertex 3.13659 1.99816 17.5356
    endloop
  endfacet
  facet normal 0.200112 -0.504237 0.84006
    outer loop
      vertex 3.70188 3.10105 18.0807
      vertex 3.39513 2.49434 17.7896
      vertex 4.02076 3.15513 18.0372
    endloop
  endfacet
  facet normal 0.197784 -0.477718 0.85596
    outer loop
      vertex 3.9845 3.67926 18.3381
      vertex 3.70188 3.10105 18.0807
      vertex 4.02076 3.15513 18.0372
    endloop
  endfacet
  facet normal 0.102957 -0.459868 0.881998
    outer loop
      vertex 2.2519 2.52844 18.0225
      vertex 1.86279 2.75836 18.1878
      vertex 1.86567 2.30407 17.9506
    endloop
  endfacet
  facet normal 0.0487998 -0.379872 0.923751
    outer loop
      vertex 2.35739 3.47921 18.4833
      vertex 1.84519 3.58801 18.5551
      vertex 1.85594 3.18791 18.39
    endloop
  endfacet
  facet normal 0.00312395 -0.384006 0.923326
    outer loop
      vertex 1.29245 3.22777 18.4216
      vertex 0.854097 2.4995 18.1202
      vertex 1.35301 2.86014 18.2685
    endloop
  endfacet
  facet normal 0.00279188 -0.383835 0.923397
    outer loop
      vertex 1.29245 3.22777 18.4216
      vertex 0.744116 2.83141 18.2585
      vertex 0.854097 2.4995 18.1202
    endloop
  endfacet
  facet normal -0.170613 -0.293778 0.940524
    outer loop
      vertex -0.664598 2.40243 17.9601
      vertex -1.04004 1.66931 17.663
      vertex -0.500944 2.18445 17.9217
    endloop
  endfacet
  facet normal -0.103597 -0.357664 0.928086
    outer loop
      vertex -0.500944 2.18445 17.9217
      vertex -1.04004 1.66931 17.663
      vertex -0.315368 1.94802 17.8513
    endloop
  endfacet
  facet normal 0.071358 -0.506269 0.859418
    outer loop
      vertex 0.351501 1.15473 17.4573
      vertex 0.00140858 0.820196 17.2893
      vertex 0.602382 0.87197 17.2699
    endloop
  endfacet
  facet normal 0.0368385 -0.478996 0.877044
    outer loop
      vertex 0.351501 1.15473 17.4573
      vertex -0.291322 1.04377 17.4237
      vertex 0.00140858 0.820196 17.2893
    endloop
  endfacet
  facet normal -0.00261961 -0.44656 0.89475
    outer loop
      vertex -0.109901 1.69572 17.7496
      vertex -0.564427 1.26139 17.5315
      vertex 0.113202 1.43033 17.6178
    endloop
  endfacet
  facet normal -0.0485521 -0.407182 0.912056
    outer loop
      vertex -0.315368 1.94802 17.8513
      vertex -0.564427 1.26139 17.5315
      vertex -0.109901 1.69572 17.7496
    endloop
  endfacet
  facet normal 0.0283836 -0.48709 0.87289
    outer loop
      vertex -0.291322 1.04377 17.4237
      vertex -0.673571 0.643552 17.2128
      vertex -0.329404 0.473829 17.1069
    endloop
  endfacet
  facet normal 0.0562037 -0.528927 0.846804
    outer loop
      vertex -0.221857 0.00897789 16.8153
      vertex -0.918949 -0.239122 16.7066
      vertex -0.456616 -0.289896 16.6442
    endloop
  endfacet
  facet normal -0.0700757 -0.433356 0.898494
    outer loop
      vertex -1.28695 0.976437 17.3512
      vertex -1.39368 0.351582 17.0415
      vertex -0.993923 0.811702 17.2946
    endloop
  endfacet
  facet normal 0.0154306 -0.532037 0.84658
    outer loop
      vertex -1.64627 -0.594809 16.5038
      vertex -1.90065 -1.00508 16.2506
      vertex -1.17122 -0.597898 16.4932
    endloop
  endfacet
  facet normal -0.135304 -0.50619 0.851742
    outer loop
      vertex -3.47054 -1.59617 15.7571
      vertex -3.70003 -2.11366 15.4131
      vertex -3.06711 -1.55526 15.8455
    endloop
  endfacet
  facet normal -0.0290229 -0.511874 0.85857
    outer loop
      vertex -1.64627 -0.594809 16.5038
      vertex -2.08686 -0.579724 16.4979
      vertex -1.90065 -1.00508 16.2506
    endloop
  endfacet
  facet normal 0.532192 -0.514505 0.672352
    outer loop
      vertex 7.67983 4.23821 17.1508
      vertex 7.36772 3.51902 16.8475
      vertex 7.6951 3.82028 16.8189
    endloop
  endfacet
  facet normal 0.506962 -0.488162 0.710414
    outer loop
      vertex 7.67983 4.23821 17.1508
      vertex 7.27671 4.26299 17.4555
      vertex 7.35335 3.9124 17.1599
    endloop
  endfacet
  facet normal 0.427029 -0.493228 0.757874
    outer loop
      vertex 7.13863 4.56695 17.7311
      vertex 6.76377 4.15574 17.6747
      vertex 6.89172 3.87408 17.4193
    endloop
  endfacet
  facet normal 0.398693 -0.471348 0.786686
    outer loop
      vertex 7.13863 4.56695 17.7311
      vertex 6.5803 4.3911 17.9087
      vertex 6.76377 4.15574 17.6747
    endloop
  endfacet
  facet normal 0.501276 -0.381611 0.776592
    outer loop
      vertex 7.47919 5.53442 18.0351
      vertex 7.45171 4.9336 17.7576
      vertex 7.69959 5.25168 17.7539
    endloop
  endfacet
  facet normal 0.501072 -0.381653 0.776703
    outer loop
      vertex 7.47919 5.53442 18.0351
      vertex 7.24136 5.20345 18.0259
      vertex 7.45171 4.9336 17.7576
    endloop
  endfacet
  facet normal 0.850249 0.500407 0.163307
    outer loop
      vertex 7.99597 5.97728 17.4428
      vertex 7.76021 6.27973 17.7435
      vertex 8.02855 5.8825 17.5636
    endloop
  endfacet
  facet normal 0.924778 0.37761 0.0468591
    outer loop
      vertex 8.19296 5.52057 17.2355
      vertex 7.99597 5.97728 17.4428
      vertex 8.02855 5.8825 17.5636
    endloop
  endfacet
  facet normal 0.924775 0.377621 0.0468304
    outer loop
      vertex 7.99597 5.97728 17.4428
      vertex 8.19296 5.52057 17.2355
      vertex 8.16038 5.61535 17.1146
    endloop
  endfacet
  facet normal 0.834242 0.113901 0.539506
    outer loop
      vertex 7.79279 6.18494 17.8644
      vertex 7.75642 6.02787 17.9538
      vertex 7.98959 5.72874 17.6564
    endloop
  endfacet
  facet normal 0.697595 -0.152299 0.700119
    outer loop
      vertex 7.75642 6.02787 17.9538
      vertex 7.6515 5.81024 18.011
      vertex 7.98959 5.72874 17.6564
    endloop
  endfacet
  facet normal 0.318229 -0.717782 0.619289
    outer loop
      vertex 1.65634 -2.82295 13.9861
      vertex 1.62092 -3.16582 13.6069
      vertex 2.06852 -2.87411 13.715
    endloop
  endfacet
  facet normal 0.322806 -0.743429 0.585755
    outer loop
      vertex 1.17463 -3.42508 13.5238
      vertex 1.08273 -3.75982 13.1496
      vertex 1.62092 -3.16582 13.6069
    endloop
  endfacet
  facet normal 0.286255 -0.722608 0.629203
    outer loop
      vertex 1.27011 -3.04732 13.9142
      vertex 0.734565 -3.64904 13.4668
      vertex 1.17463 -3.42508 13.5238
    endloop
  endfacet
  facet normal 0.26875 -0.723036 0.63639
    outer loop
      vertex 0.889253 -3.24115 13.8649
      vertex 0.517951 -3.40231 13.8386
      vertex 0.734565 -3.64904 13.4668
    endloop
  endfacet
  facet normal 0.388092 -0.718919 0.576663
    outer loop
      vertex 3.55002 -1.97634 13.8833
      vertex 2.94814 -2.20644 14.0015
      vertex 3.07544 -2.39055 13.6863
    endloop
  endfacet
  facet normal 0.406962 -0.746104 0.526983
    outer loop
      vertex 3.07544 -2.39055 13.6863
      vertex 2.58602 -2.78012 13.5127
      vertex 2.64758 -2.97115 13.1947
    endloop
  endfacet
  facet normal 0.463593 -0.753133 0.466768
    outer loop
      vertex 3.70707 -2.08776 13.602
      vertex 3.18549 -2.543 13.3855
      vertex 3.83994 -2.17083 13.336
    endloop
  endfacet
  facet normal 0.480699 -0.739599 0.471086
    outer loop
      vertex 4.20661 -1.61041 13.8417
      vertex 3.70707 -2.08776 13.602
      vertex 3.83994 -2.17083 13.336
    endloop
  endfacet
  facet normal 0.562043 -0.777772 0.281387
    outer loop
      vertex 4.02759 -2.24859 12.8615
      vertex 3.34917 -2.74658 12.8401
      vertex 3.40102 -2.79547 12.6014
    endloop
  endfacet
  facet normal 0.562036 -0.777764 0.281421
    outer loop
      vertex 3.94717 -2.22464 13.0883
      vertex 3.34917 -2.74658 12.8401
      vertex 4.02759 -2.24859 12.8615
    endloop
  endfacet
  facet normal 0.618525 -0.773745 0.136915
    outer loop
      vertex 4.02759 -2.24859 12.8615
      vertex 3.43204 -2.80826 12.3891
      vertex 4.08032 -2.24243 12.6581
    endloop
  endfacet
  facet normal 0.670114 -0.739949 -0.0584984
    outer loop
      vertex 4.08032 -2.24243 12.6581
      vertex 3.43204 -2.80826 12.3891
      vertex 4.10478 -2.20623 12.4804
    endloop
  endfacet
  facet normal 0.374338 -0.726867 0.575791
    outer loop
      vertex 3.07544 -2.39055 13.6863
      vertex 2.51255 -2.55314 13.847
      vertex 2.58602 -2.78012 13.5127
    endloop
  endfacet
  facet normal 0.366602 -0.694507 0.619082
    outer loop
      vertex 3.77503 -1.45123 14.3709
      vertex 3.1705 -1.67362 14.4794
      vertex 3.37051 -1.83778 14.1768
    endloop
  endfacet
  facet normal 0.381128 -0.677351 0.629235
    outer loop
      vertex 4.15932 -0.638313 15.0248
      vertex 3.85141 -0.992714 14.8298
      vertex 4.51306 -0.641508 14.8071
    endloop
  endfacet
  facet normal 0.353679 -0.649244 0.673344
    outer loop
      vertex 4.22148 -0.0247107 15.5913
      vertex 4.01119 -0.323771 15.4134
      vertex 4.44095 -0.279761 15.2301
    endloop
  endfacet
  facet normal 0.428665 -0.297684 0.853013
    outer loop
      vertex 3.52299 -0.605342 15.3757
      vertex 3.77643 -0.622646 15.2423
      vertex 3.52304 -0.60527 15.3757
    endloop
  endfacet
  facet normal 0.317042 -0.653711 0.687129
    outer loop
      vertex 3.47466 -0.666832 15.3395
      vertex 3.77643 -0.622646 15.2423
      vertex 3.52299 -0.605342 15.3757
    endloop
  endfacet
  facet normal 0.317062 -0.653566 0.687257
    outer loop
      vertex 3.77643 -0.622646 15.2423
      vertex 3.47466 -0.666832 15.3395
      vertex 3.41348 -0.744673 15.2937
    endloop
  endfacet
  facet normal 0.351581 -0.657601 0.666297
    outer loop
      vertex 4.01119 -0.323771 15.4134
      vertex 3.77643 -0.622646 15.2423
      vertex 4.15932 -0.638313 15.0248
    endloop
  endfacet
  facet normal 0.388678 -0.657248 0.64572
    outer loop
      vertex 5.12998 0.187348 15.2908
      vertex 4.44095 -0.279761 15.2301
      vertex 4.83849 -0.227208 15.0443
    endloop
  endfacet
  facet normal 0.42755 -0.664868 0.612496
    outer loop
      vertex 5.52697 0.299109 15.135
      vertex 5.12998 0.187348 15.2908
      vertex 5.19945 -0.166687 14.858
    endloop
  endfacet
  facet normal 0.459531 -0.699987 0.546671
    outer loop
      vertex 4.8338 -0.632196 14.5914
      vertex 4.67865 -1.11618 14.1021
      vertex 5.11801 -0.61048 14.3803
    endloop
  endfacet
  facet normal 0.459575 -0.699977 0.546647
    outer loop
      vertex 4.8338 -0.632196 14.5914
      vertex 4.43404 -1.09232 14.3383
      vertex 4.67865 -1.11618 14.1021
    endloop
  endfacet
  facet normal 0.424759 -0.624199 0.65571
    outer loop
      vertex 5.77103 1.38743 16.0592
      vertex 5.59882 0.999114 15.8011
      vertex 6.05376 1.21121 15.7083
    endloop
  endfacet
  facet normal 0.35432 -0.640204 0.681613
    outer loop
      vertex 4.40498 0.271258 15.7739
      vertex 4.22148 -0.0247107 15.5913
      vertex 4.69322 0.0790129 15.4435
    endloop
  endfacet
  facet normal 0.321998 -0.633631 0.703441
    outer loop
      vertex 3.86674 0.111529 15.8764
      vertex 4.22148 -0.0247107 15.5913
      vertex 4.40498 0.271258 15.7739
    endloop
  endfacet
  facet normal 0.321148 -0.634678 0.702885
    outer loop
      vertex 4.22148 -0.0247107 15.5913
      vertex 3.86674 0.111529 15.8764
      vertex 3.86636 0.11034 15.8755
    endloop
  endfacet
  facet normal 0.311094 -0.602849 0.734706
    outer loop
      vertex 4.83584 1.36062 16.5121
      vertex 4.15789 0.771901 16.3161
      vertex 4.77631 1.10858 16.3305
    endloop
  endfacet
  facet normal 0.525719 -0.658371 0.538671
    outer loop
      vertex 6.52372 1.07474 15.158
      vertex 5.87984 0.413073 14.9777
      vertex 6.18472 0.527987 14.8206
    endloop
  endfacet
  facet normal 0.515663 -0.600433 0.611205
    outer loop
      vertex 6.82962 2.35305 16.2431
      vertex 6.67147 1.89505 15.9266
      vertex 7.20969 2.62154 16.1862
    endloop
  endfacet
  facet normal 0.515744 -0.60046 0.61111
    outer loop
      vertex 7.20969 2.62154 16.1862
      vertex 6.67147 1.89505 15.9266
      vertex 7.03902 2.12729 15.8446
    endloop
  endfacet
  facet normal 0.658768 -0.64621 0.385275
    outer loop
      vertex 6.79843 1.22347 15.024
      vertex 6.63773 0.755641 14.5141
      vertex 7.01509 1.36427 14.8897
    endloop
  endfacet
  facet normal 0.581729 -0.677106 0.450687
    outer loop
      vertex 6.18472 0.527987 14.8206
      vertex 6.02557 0.0556555 14.3164
      vertex 6.43828 0.642595 14.6655
    endloop
  endfacet
  facet normal 0.728605 -0.646629 0.225847
    outer loop
      vertex 6.63773 0.755641 14.5141
      vertex 6.33348 0.229594 13.9895
      vertex 6.78089 0.865887 14.3679
    endloop
  endfacet
  facet normal 0.235046 -0.937277 -0.257421
    outer loop
      vertex -1.3542 -5.57097 11.3129
      vertex -1.97104 -5.73582 11.3499
      vertex -1.41875 -5.54239 11.1499
    endloop
  endfacet
  facet normal 0.398824 -0.916953 -0.0116905
    outer loop
      vertex -0.624021 -5.30829 11.5216
      vertex -0.705553 -5.34116 11.3183
      vertex -0.0322075 -5.0489 11.366
    endloop
  endfacet
  facet normal 0.167481 -0.827684 0.535621
    outer loop
      vertex -2.26313 -5.27685 12.545
      vertex -2.53675 -5.52448 12.2479
      vertex -2.05558 -5.4972 12.1396
    endloop
  endfacet
  facet normal 0.167437 -0.827701 0.535608
    outer loop
      vertex -1.81022 -5.25117 12.4431
      vertex -2.26313 -5.27685 12.545
      vertex -2.05558 -5.4972 12.1396
    endloop
  endfacet
  facet normal 0.042563 -0.840163 0.540662
    outer loop
      vertex -2.97215 -5.49026 12.3921
      vertex -3.62558 -5.57034 12.3191
      vertex -3.22234 -5.67025 12.1321
    endloop
  endfacet
  facet normal -0.101958 -0.951996 0.288631
    outer loop
      vertex -3.4208 -5.78264 11.9034
      vertex -3.99195 -5.7205 11.9066
      vertex -3.56534 -5.82619 11.7087
    endloop
  endfacet
  facet normal 0.0982649 -0.859981 0.500777
    outer loop
      vertex -2.53675 -5.52448 12.2479
      vertex -3.22234 -5.67025 12.1321
      vertex -2.76614 -5.70611 11.981
    endloop
  endfacet
  facet normal 0.0598462 -0.915454 0.397948
    outer loop
      vertex -3.22234 -5.67025 12.1321
      vertex -3.4208 -5.78264 11.9034
      vertex -2.76614 -5.70611 11.981
    endloop
  endfacet
  facet normal 0.0982638 -0.859979 0.50078
    outer loop
      vertex -2.97215 -5.49026 12.3921
      vertex -3.22234 -5.67025 12.1321
      vertex -2.53675 -5.52448 12.2479
    endloop
  endfacet
  facet normal 0.123342 -0.815212 0.565877
    outer loop
      vertex -2.26313 -5.27685 12.545
      vertex -2.97215 -5.49026 12.3921
      vertex -2.53675 -5.52448 12.2479
    endloop
  endfacet
  facet normal 0.38845 -0.754772 0.528607
    outer loop
      vertex 2.58602 -2.78012 13.5127
      vertex 2.09925 -3.36751 13.0317
      vertex 2.64758 -2.97115 13.1947
    endloop
  endfacet
  facet normal 0.38846 -0.754773 0.528598
    outer loop
      vertex 2.58602 -2.78012 13.5127
      vertex 2.0871 -3.14076 13.3644
      vertex 2.09925 -3.36751 13.0317
    endloop
  endfacet
  facet normal 0.354368 -0.871751 0.338339
    outer loop
      vertex 0.215142 -4.78905 12.083
      vertex -0.392291 -5.0527 12.0399
      vertex 0.11724 -4.93554 11.8081
    endloop
  endfacet
  facet normal 0.345662 -0.767757 0.539506
    outer loop
      vertex 1.08273 -3.75982 13.1496
      vertex 0.99539 -4.0479 12.7956
      vertex 1.5465 -3.72775 12.8981
    endloop
  endfacet
  facet normal 0.472566 -0.83243 0.28938
    outer loop
      vertex 1.47006 -4.1049 12.2813
      vertex 1.43212 -4.2187 12.0159
      vertex 2.09613 -3.78595 12.1764
    endloop
  endfacet
  facet normal 0.472566 -0.832408 0.289444
    outer loop
      vertex 2.10379 -3.69189 12.4344
      vertex 1.47006 -4.1049 12.2813
      vertex 2.09613 -3.78595 12.1764
    endloop
  endfacet
  facet normal 0.462468 -0.827918 -0.317294
    outer loop
      vertex 0.658458 -4.6974 11.4555
      vertex -0.0322075 -5.0489 11.366
      vertex 0.616199 -4.65915 11.2941
    endloop
  endfacet
  facet normal 0.508695 -0.85946 -0.0505811
    outer loop
      vertex 0.709935 -4.67872 11.6558
      vertex 0.658458 -4.6974 11.4555
      vertex 1.35888 -4.29051 11.5859
    endloop
  endfacet
  facet normal 0.428737 -0.886638 0.173369
    outer loop
      vertex 0.770069 -4.6033 11.8928
      vertex 0.11724 -4.93554 11.8081
      vertex 0.709935 -4.67872 11.6558
    endloop
  endfacet
  facet normal 0.428749 -0.886617 0.173451
    outer loop
      vertex 0.11724 -4.93554 11.8081
      vertex 0.0344877 -5.02247 11.5683
      vertex 0.709935 -4.67872 11.6558
    endloop
  endfacet
  facet normal 0.397924 -0.786055 0.473048
    outer loop
      vertex 2.09925 -3.36751 13.0317
      vertex 1.50833 -3.94065 12.5764
      vertex 2.10484 -3.5519 12.7206
    endloop
  endfacet
  facet normal 0.332134 -0.836366 0.436096
    outer loop
      vertex 0.327122 -4.58461 12.3898
      vertex -0.244632 -4.83278 12.3493
      vertex 0.215142 -4.78905 12.083
    endloop
  endfacet
  facet normal 0.581734 -0.677104 0.450683
    outer loop
      vertex 6.18472 0.527987 14.8206
      vertex 5.79626 -0.0244761 14.492
      vertex 6.02557 0.0556555 14.3164
    endloop
  endfacet
  facet normal 0.522471 -0.67626 0.519323
    outer loop
      vertex 6.18472 0.527987 14.8206
      vertex 5.51987 -0.0988626 14.6732
      vertex 5.79626 -0.0244761 14.492
    endloop
  endfacet
  facet normal 0.561881 -0.716032 0.414231
    outer loop
      vertex 5.36258 -0.576597 14.1759
      vertex 4.88844 -1.12233 13.8757
      vertex 5.0611 -1.1107 13.6616
    endloop
  endfacet
  facet normal 0.495172 -0.725095 0.478583
    outer loop
      vertex 4.67865 -1.11618 14.1021
      vertex 4.20661 -1.61041 13.8417
      vertex 4.37903 -1.65569 13.5947
    endloop
  endfacet
  facet normal 0.731397 -0.681152 -0.0330114
    outer loop
      vertex 5.28791 -1.03484 13.2797
      vertex 4.70121 -1.64913 12.956
      vertex 5.33958 -0.971425 13.116
    endloop
  endfacet
  facet normal 0.624625 -0.715198 0.313586
    outer loop
      vertex 5.56483 -0.530919 13.9806
      vertex 5.19475 -1.08143 13.4622
      vertex 5.72254 -0.473946 13.7964
    endloop
  endfacet
  facet normal 0.824876 -0.517062 -0.228533
    outer loop
      vertex 6.4087 0.321495 13.8418
      vertex 5.89797 -0.328729 13.4695
      vertex 5.91375 -0.242075 13.3304
    endloop
  endfacet
  facet normal 0.671256 -0.724241 0.157764
    outer loop
      vertex 5.19475 -1.08143 13.4622
      vertex 4.70121 -1.64913 12.956
      vertex 5.28791 -1.03484 13.2797
    endloop
  endfacet
  facet normal 0.697341 -0.145996 -0.701713
    outer loop
      vertex 6.39757 0.510135 13.5859
      vertex 5.88117 -0.147291 13.2095
      vertex 6.31133 0.604808 13.4805
    endloop
  endfacet
  facet normal 0.533935 0.00115633 -0.845525
    outer loop
      vertex 5.24221 -0.688112 12.7547
      vertex 5.12682 -0.5661 12.682
      vertex 5.6729 0.0624342 13.0277
    endloop
  endfacet
  facet normal 0.556005 0.0385464 -0.830285
    outer loop
      vertex 6.31133 0.604808 13.4805
      vertex 5.8006 -0.0454159 13.1083
      vertex 6.17239 0.698332 13.3918
    endloop
  endfacet
  facet normal 0.700267 -0.457597 -0.547933
    outer loop
      vertex 4.74261 -1.52698 12.6383
      vertex 4.06812 -2.04559 12.2094
      vertex 4.71003 -1.43219 12.5175
    endloop
  endfacet
  facet normal 0.700306 -0.457898 -0.547631
    outer loop
      vertex 4.06812 -2.04559 12.2094
      vertex 4.74261 -1.52698 12.6383
      vertex 4.10069 -2.14037 12.3303
    endloop
  endfacet
  facet normal 0.638772 -0.222103 -0.736641
    outer loop
      vertex 4.71003 -1.43219 12.5175
      vertex 4.64229 -1.31624 12.4238
      vertex 5.3166 -0.797108 12.852
    endloop
  endfacet
  facet normal -0.0364289 0.639653 -0.7678
    outer loop
      vertex 5.52319 4.1344 15.2515
      vertex 5.46568 4.39748 15.4734
      vertex 6.07216 4.43322 15.4744
    endloop
  endfacet
  facet normal -0.0193307 0.666771 -0.745012
    outer loop
      vertex 6.50002 5.01382 15.966
      vertex 6.00754 4.72881 15.7237
      vertex 6.37207 5.29548 16.2214
    endloop
  endfacet
  facet normal -0.0701067 0.594199 -0.801257
    outer loop
      vertex 4.90826 3.25984 14.6115
      vertex 4.22174 2.72225 14.2729
      vertex 4.28127 2.97429 14.4546
    endloop
  endfacet
  facet normal -0.0201225 0.62128 -0.78333
    outer loop
      vertex 5.53397 3.83921 15.0171
      vertex 5.52319 4.1344 15.2515
      vertex 6.07216 4.43322 15.4744
    endloop
  endfacet
  facet normal 0.0395842 0.59884 -0.79989
    outer loop
      vertex 6.53982 3.92424 15.1008
      vertex 6.08427 4.10155 15.211
      vertex 6.58435 4.32442 15.4026
    endloop
  endfacet
  facet normal 0.0224756 0.622265 -0.782484
    outer loop
      vertex 6.58435 4.32442 15.4026
      vertex 6.08427 4.10155 15.211
      vertex 6.57104 4.68894 15.6921
    endloop
  endfacet
  facet normal 0.0286117 0.496091 -0.867799
    outer loop
      vertex 5.08686 1.57972 13.5021
      vertex 4.35478 1.18025 13.2496
      vertex 4.64627 1.59481 13.4962
    endloop
  endfacet
  facet normal 0.0287379 0.495919 -0.867893
    outer loop
      vertex 4.75933 1.11393 13.2251
      vertex 4.35478 1.18025 13.2496
      vertex 5.08686 1.57972 13.5021
    endloop
  endfacet
  facet normal 0.0269363 0.528832 -0.848299
    outer loop
      vertex 5.37267 2.04071 13.7866
      vertex 4.90065 2.00508 13.7494
      vertex 5.11512 2.40657 14.0065
    endloop
  endfacet
  facet normal -0.0347581 0.589718 -0.806861
    outer loop
      vertex 5.41539 3.16577 14.5209
      vertex 4.90826 3.25984 14.6115
      vertex 5.4979 3.51515 14.7727
    endloop
  endfacet
  facet normal 0.142258 0.43021 -0.891449
    outer loop
      vertex 5.45726 0.961898 13.2343
      vertex 5.12817 1.04088 13.2199
      vertex 5.48814 1.55281 13.5244
    endloop
  endfacet
  facet normal 0.220284 0.40969 -0.885228
    outer loop
      vertex 6.15571 1.4648 13.6171
      vertex 5.84573 1.51436 13.5629
      vertex 6.18472 2.06112 13.9003
    endloop
  endfacet
  facet normal 0.17061 0.29378 -0.940524
    outer loop
      vertex 3.6646 -1.40243 12.0399
      vertex 3.50094 -1.18445 12.0783
      vertex 4.04004 -0.66931 12.337
    endloop
  endfacet
  facet normal 0.508256 -0.0320596 -0.860609
    outer loop
      vertex 4.64229 -1.31624 12.4238
      vertex 4.54012 -1.18039 12.3584
      vertex 5.24221 -0.688112 12.7547
    endloop
  endfacet
  facet normal 0.253705 0.208838 -0.944468
    outer loop
      vertex 3.80454 -1.59957 12.0339
      vertex 3.6646 -1.40243 12.0399
      vertex 4.40464 -1.02612 12.3219
    endloop
  endfacet
  facet normal 0.419276 0.180138 -0.889808
    outer loop
      vertex 6.17239 0.698332 13.3918
      vertex 5.49949 0.175079 12.9688
      vertex 5.98225 0.789683 13.3207
    endloop
  endfacet
  facet normal 0.746242 -0.0532635 -0.66354
    outer loop
      vertex 6.86012 1.16797 13.9772
      vertex 6.76882 1.25543 13.8675
      vertex 7.26377 1.81901 14.3789
    endloop
  endfacet
  facet normal 0.588692 0.127638 -0.798217
    outer loop
      vertex 7.16805 1.89934 14.2649
      vertex 6.76882 1.25543 13.8675
      vertex 7.01023 1.96434 14.1589
    endloop
  endfacet
  facet normal -0.0543977 0.538464 -0.840891
    outer loop
      vertex 4.17122 1.5979 13.5068
      vertex 3.45662 1.2899 13.3558
      vertex 3.6669 1.58896 13.5337
    endloop
  endfacet
  facet normal -0.0892837 0.554827 -0.827161
    outer loop
      vertex 3.45662 1.2899 13.3558
      vertex 3.13884 1.56809 13.5767
      vertex 3.6669 1.58896 13.5337
    endloop
  endfacet
  facet normal -0.0907605 0.547043 -0.83217
    outer loop
      vertex 3.2059 1.21727 13.3354
      vertex 3.15893 1.31581 13.4053
      vertex 3.45662 1.2899 13.3558
    endloop
  endfacet
  facet normal -0.501276 0.381611 -0.776592
    outer loop
      vertex -4.47919 -4.53442 11.9649
      vertex -4.69959 -4.25168 12.2461
      vertex -4.45171 -3.9336 12.2424
    endloop
  endfacet
  facet normal -0.404275 0.408357 -0.818417
    outer loop
      vertex -3.96965 -4.41726 11.7331
      vertex -4.24136 -4.20345 11.974
      vertex -3.94063 -3.82095 12.0163
    endloop
  endfacet
  facet normal -0.269146 0.478661 -0.83573
    outer loop
      vertex -2.3813 -3.28733 11.6979
      vertex -2.68672 -3.21166 11.8396
      vertex -2.00033 -2.73684 11.8905
    endloop
  endfacet
  facet normal -0.282418 0.448276 -0.848109
    outer loop
      vertex -2.3813 -3.28733 11.6979
      vertex -3.05541 -3.71316 11.6973
      vertex -2.68672 -3.21166 11.8396
    endloop
  endfacet
  facet normal -0.261443 0.391685 -0.882174
    outer loop
      vertex -2.33998 -3.82618 11.4158
      vertex -3.01194 -4.25826 11.4231
      vertex -2.71974 -3.79633 11.5416
    endloop
  endfacet
  facet normal -0.298298 0.409826 -0.86201
    outer loop
      vertex -3.01194 -4.25826 11.4231
      vertex -3.05541 -3.71316 11.6973
      vertex -2.71974 -3.79633 11.5416
    endloop
  endfacet
  facet normal -0.22366 0.375242 -0.899539
    outer loop
      vertex -2.14922 -4.2648 11.1854
      vertex -2.60212 -4.29047 11.2873
      vertex -2.33998 -3.82618 11.4158
    endloop
  endfacet
  facet normal -0.178442 0.297612 -0.937862
    outer loop
      vertex -1.81648 -4.58652 11.02
      vertex -2.14922 -4.2648 11.1854
      vertex -1.65818 -4.18152 11.1184
    endloop
  endfacet
  facet normal -0.191099 0.408544 -0.892509
    outer loop
      vertex -1.46529 -3.72522 11.2592
      vertex -1.9203 -3.80239 11.3213
      vertex -1.2399 -3.22263 11.441
    endloop
  endfacet
  facet normal -0.145837 0.4322 -0.889907
    outer loop
      vertex -0.333913 -2.94009 11.4184
      vertex -0.798293 -3.10461 11.4146
      vertex -0.591471 -2.57422 11.6383
    endloop
  endfacet
  facet normal -0.240534 0.565361 -0.788993
    outer loop
      vertex -0.42353 -0.279386 13.0348
      vertex -0.933638 -0.797713 12.8189
      vertex -0.424595 -0.25444 13.053
    endloop
  endfacet
  facet normal -0.237995 0.563682 -0.790962
    outer loop
      vertex -0.41639 -0.327869 12.9981
      vertex -0.933638 -0.797713 12.8189
      vertex -0.42353 -0.279386 13.0348
    endloop
  endfacet
  facet normal -0.238894 0.564379 -0.790194
    outer loop
      vertex -0.933638 -0.797713 12.8189
      vertex -0.41639 -0.327869 12.9981
      vertex -0.412489 -0.35436 12.978
    endloop
  endfacet
  facet normal -0.177867 0.471459 -0.863765
    outer loop
      vertex -0.591471 -2.57422 11.6383
      vertex -0.984501 -2.67926 11.6619
      vertex -0.701878 -2.10105 11.9193
    endloop
  endfacet
  facet normal -0.197867 0.477706 -0.855947
    outer loop
      vertex -0.984501 -2.67926 11.6619
      vertex -1.35296 -2.74175 11.7122
      vertex -1.02076 -2.15513 11.9628
    endloop
  endfacet
  facet normal -0.252327 0.433542 -0.865085
    outer loop
      vertex -2.33998 -3.82618 11.4158
      vertex -2.3813 -3.28733 11.6979
      vertex -2.03577 -3.3145 11.5835
    endloop
  endfacet
  facet normal -0.244691 0.466693 -0.849896
    outer loop
      vertex -2.03577 -3.3145 11.5835
      vertex -2.3813 -3.28733 11.6979
      vertex -2.00033 -2.73684 11.8905
    endloop
  endfacet
  facet normal -0.138815 0.462732 -0.875563
    outer loop
      vertex 0.250856 -2.24158 11.6722
      vertex -0.00405025 -1.88342 11.9019
      vertex 0.36725 -1.72227 11.9282
    endloop
  endfacet
  facet normal -0.15479 0.492552 -0.856407
    outer loop
      vertex 0.36725 -1.72227 11.9282
      vertex 0.375708 -1.54661 12.0277
      vertex 0.405481 -1.5609 12.0141
    endloop
  endfacet
  facet normal -0.153956 0.492586 -0.856538
    outer loop
      vertex 0.36725 -1.72227 11.9282
      vertex 0.341139 -1.52455 12.0466
      vertex 0.375708 -1.54661 12.0277
    endloop
  endfacet
  facet normal -0.152704 0.492809 -0.856634
    outer loop
      vertex 0.36725 -1.72227 11.9282
      vertex 0.278818 -1.48476 12.0806
      vertex 0.341139 -1.52455 12.0466
    endloop
  endfacet
  facet normal -0.153141 0.492653 -0.856645
    outer loop
      vertex 0.278818 -1.48476 12.0806
      vertex 0.36725 -1.72227 11.9282
      vertex -0.00405025 -1.88342 11.9019
    endloop
  endfacet
  facet normal -0.188928 0.523877 -0.830578
    outer loop
      vertex -0.111598 -1.41857 12.1934
      vertex -0.037951 -1.20905 12.3088
      vertex -0.0257823 -1.22226 12.2977
    endloop
  endfacet
  facet normal -0.190257 0.524099 -0.830134
    outer loop
      vertex -0.111598 -1.41857 12.1934
      vertex -0.0663851 -1.17819 12.3348
      vertex -0.037951 -1.20905 12.3088
    endloop
  endfacet
  facet normal -0.188558 0.524033 -0.830564
    outer loop
      vertex -0.111598 -1.41857 12.1934
      vertex -0.0913031 -1.14357 12.3623
      vertex -0.0663851 -1.17819 12.3348
    endloop
  endfacet
  facet normal -0.191525 0.52389 -0.829975
    outer loop
      vertex -0.111598 -1.41857 12.1934
      vertex -0.102138 -1.12852 12.3743
      vertex -0.0913031 -1.14357 12.3623
    endloop
  endfacet
  facet normal -0.189821 0.524025 -0.830281
    outer loop
      vertex -0.102138 -1.12852 12.3743
      vertex -0.111598 -1.41857 12.1934
      vertex -0.395129 -1.49434 12.2104
    endloop
  endfacet
  facet normal -0.148357 0.439316 -0.885998
    outer loop
      vertex 0.095647 -1.34576 12.1948
      vertex -0.111598 -1.41857 12.1934
      vertex 0.0951287 -1.34533 12.1951
    endloop
  endfacet
  facet normal -0.168359 0.495598 -0.852078
    outer loop
      vertex 0.135025 -1.37846 12.168
      vertex -0.111598 -1.41857 12.1934
      vertex 0.095647 -1.34576 12.1948
    endloop
  endfacet
  facet normal -0.168341 0.495415 -0.852189
    outer loop
      vertex -0.111598 -1.41857 12.1934
      vertex 0.135025 -1.37846 12.168
      vertex -0.361732 -2.01015 11.8989
    endloop
  endfacet
  facet normal -0.0847077 0.462236 -0.882702
    outer loop
      vertex 1.1482 -1.75119 11.8149
      vertex 1.13721 -1.75836 11.8122
      vertex 1.14102 -1.75136 11.8155
    endloop
  endfacet
  facet normal -0.0397753 0.426597 -0.903567
    outer loop
      vertex 1.64699 -1.86014 11.7315
      vertex 2.00767 -1.57806 11.8488
      vertex 2.09105 -1.53915 11.8635
    endloop
  endfacet
  facet normal -0.0372461 0.425834 -0.904034
    outer loop
      vertex 1.76247 -1.66895 11.8168
      vertex 1.64699 -1.86014 11.7315
      vertex 1.74721 -1.67262 11.8157
    endloop
  endfacet
  facet normal -0.0420988 0.428177 -0.902714
    outer loop
      vertex 1.80597 -1.65371 11.822
      vertex 1.64699 -1.86014 11.7315
      vertex 1.76247 -1.66895 11.8168
    endloop
  endfacet
  facet normal -0.0400952 0.426932 -0.903394
    outer loop
      vertex 1.96506 -1.59793 11.8413
      vertex 1.64699 -1.86014 11.7315
      vertex 1.80597 -1.65371 11.822
    endloop
  endfacet
  facet normal -0.040054 0.426891 -0.903416
    outer loop
      vertex 2.00767 -1.57806 11.8488
      vertex 1.64699 -1.86014 11.7315
      vertex 1.96506 -1.59793 11.8413
    endloop
  endfacet
  facet normal -0.078272 0.423645 -0.90244
    outer loop
      vertex 1.13721 -1.75836 11.8122
      vertex 0.642611 -2.47921 11.5167
      vertex 0.690925 -2.01762 11.7292
    endloop
  endfacet
  facet normal -0.0747394 0.381393 -0.921387
    outer loop
      vertex 0.603691 -2.90816 11.3423
      vertex 0.0602512 -3.18473 11.2719
      vertex 0.642611 -2.47921 11.5167
    endloop
  endfacet
  facet normal -0.100055 0.463873 -0.880234
    outer loop
      vertex 1.13721 -1.75836 11.8122
      vertex 1.12286 -1.74988 11.8183
      vertex 1.13716 -1.75116 11.816
    endloop
  endfacet
  facet normal -0.0402264 0.427101 -0.903308
    outer loop
      vertex 1.64699 -1.86014 11.7315
      vertex 1.71833 -1.67957 11.8137
      vertex 1.74721 -1.67262 11.8157
    endloop
  endfacet
  facet normal -0.0407551 0.427264 -0.903208
    outer loop
      vertex 1.71833 -1.67957 11.8137
      vertex 1.64699 -1.86014 11.7315
      vertex 1.62211 -1.7027 11.8071
    endloop
  endfacet
  facet normal -0.11218 0.338653 -0.9342
    outer loop
      vertex -0.583624 -3.8464 11.0916
      vertex -1.13441 -4.04154 11.087
      vertex -0.469558 -3.41469 11.2344
    endloop
  endfacet
  facet normal -0.10201 0.384947 -0.917284
    outer loop
      vertex 0.0602512 -3.18473 11.2719
      vertex -0.333913 -2.94009 11.4184
      vertex 0.148149 -2.73085 11.4526
    endloop
  endfacet
  facet normal 0.380078 -0.384934 -0.841051
    outer loop
      vertex 1.2918 -4.15296 11.305
      vertex 0.56109 -4.41409 11.0943
      vertex 1.26151 -4.0072 11.2246
    endloop
  endfacet
  facet normal 0.435846 -0.363565 -0.823322
    outer loop
      vertex 1.2918 -4.15296 11.305
      vertex 1.26151 -4.0072 11.2246
      vertex 2.00208 -3.69007 11.4766
    endloop
  endfacet
  facet normal 0.045706 0.161225 -0.985859
    outer loop
      vertex 0.547015 -3.95427 11.0652
      vertex -0.105813 -4.28651 10.9806
      vertex 0.55563 -3.64975 11.1154
    endloop
  endfacet
  facet normal 0.0458954 0.161033 -0.985881
    outer loop
      vertex 0.55563 -3.64975 11.1154
      vertex -0.105813 -4.28651 10.9806
      vertex -0.0674286 -3.96685 11.0346
    endloop
  endfacet
  facet normal 0.265707 -0.152555 -0.951907
    outer loop
      vertex 1.26151 -4.0072 11.2246
      vertex 0.56109 -4.41409 11.0943
      vertex 1.23383 -3.81206 11.1856
    endloop
  endfacet
  facet normal 0.256538 0.042382 -0.965604
    outer loop
      vertex 2.60238 -2.87168 11.5542
      vertex 1.87308 -3.13693 11.3488
      vertex 2.53178 -2.66078 11.5447
    endloop
  endfacet
  facet normal 0.265952 -0.152846 -0.951792
    outer loop
      vertex 0.56109 -4.41409 11.0943
      vertex 0.548842 -4.20998 11.0581
      vertex 1.23383 -3.81206 11.1856
    endloop
  endfacet
  facet normal 0.435866 -0.36365 -0.823273
    outer loop
      vertex 2.00208 -3.69007 11.4766
      vertex 1.26151 -4.0072 11.2246
      vertex 1.96401 -3.54938 11.3943
    endloop
  endfacet
  facet normal 0.569346 -0.285878 -0.770791
    outer loop
      vertex 3.39789 -2.63058 11.9313
      vertex 3.34452 -2.50149 11.844
      vertex 4.06812 -2.04559 12.2094
    endloop
  endfacet
  facet normal 0.381617 0.118485 -0.916695
    outer loop
      vertex 5.12682 -0.5661 12.682
      vertex 4.40464 -1.02612 12.3219
      vertex 4.97169 -0.432407 12.6347
    endloop
  endfacet
  facet normal 0.274574 0.229695 -0.933729
    outer loop
      vertex 4.97169 -0.432407 12.6347
      vertex 4.40464 -1.02612 12.3219
      vertex 4.77853 -0.288499 12.6133
    endloop
  endfacet
  facet normal 0.211851 0.354887 -0.91059
    outer loop
      vertex 5.28226 0.291285 12.9322
      vertex 5.02359 0.409777 12.9182
      vertex 5.743 0.877861 13.268
    endloop
  endfacet
  facet normal 0.291337 0.254144 -0.922244
    outer loop
      vertex 5.49949 0.175079 12.9688
      vertex 4.77853 -0.288499 12.6133
      vertex 5.28226 0.291285 12.9322
    endloop
  endfacet
  facet normal 0.137533 0.408542 -0.902318
    outer loop
      vertex 5.45726 0.961898 13.2343
      vertex 4.72631 0.529257 12.927
      vertex 5.12817 1.04088 13.2199
    endloop
  endfacet
  facet normal 0.0127323 0.456504 -0.88963
    outer loop
      vertex 3.56443 -0.261392 12.4685
      vertex 3.31004 -0.0375916 12.5797
      vertex 3.99392 0.188297 12.7054
    endloop
  endfacet
  facet normal 0.012394 0.4562 -0.889791
    outer loop
      vertex 3.31004 -0.0375916 12.5797
      vertex 3.56443 -0.261392 12.4685
      vertex 3.30518 -0.0548185 12.5708
    endloop
  endfacet
  facet normal 0.0256943 0.481422 -0.876113
    outer loop
      vertex 4.39368 0.648417 12.9585
      vertex 4.02936 0.765951 13.0124
      vertex 4.35478 1.18025 13.2496
    endloop
  endfacet
  facet normal 0.0258654 0.481429 -0.876103
    outer loop
      vertex 4.39368 0.648417 12.9585
      vertex 4.35478 1.18025 13.2496
      vertex 4.75933 1.11393 13.2251
    endloop
  endfacet
  facet normal 0.0125762 0.456692 -0.889536
    outer loop
      vertex 3.99392 0.188297 12.7054
      vertex 3.31539 -0.0185707 12.5896
      vertex 3.67357 0.356447 12.7872
    endloop
  endfacet
  facet normal 0.0116412 0.459078 -0.88832
    outer loop
      vertex 3.31539 -0.0185707 12.5896
      vertex 3.99392 0.188297 12.7054
      vertex 3.31004 -0.0375916 12.5797
    endloop
  endfacet
  facet normal 0.0202538 0.468303 -0.883336
    outer loop
      vertex 3.99392 0.188297 12.7054
      vertex 3.67357 0.356447 12.7872
      vertex 4.39368 0.648417 12.9585
    endloop
  endfacet
  facet normal -0.0121825 -0.813953 0.580803
    outer loop
      vertex -3.35699 -5.3949 12.5706
      vertex -3.68708 -5.23947 12.7815
      vertex -3.62558 -5.57034 12.3191
    endloop
  endfacet
  facet normal -0.445994 -0.703856 0.55288
    outer loop
      vertex -4.87747 -4.63636 13.195
      vertex -4.89223 -5.01206 12.7048
      vertex -4.71845 -4.98644 12.8776
    endloop
  endfacet
  facet normal -0.364085 0.498418 -0.786779
    outer loop
      vertex -3.5803 -3.3911 12.0913
      vertex -3.76377 -3.15574 12.3253
      vertex -3.1643 -2.91863 12.1981
    endloop
  endfacet
  facet normal -0.60817 0.479922 -0.632301
    outer loop
      vertex -4.67983 -3.23821 12.8492
      vertex -4.93861 -3.52306 12.8819
      vertex -4.6951 -2.82028 13.1811
    endloop
  endfacet
  facet normal -0.676382 0.382676 -0.629338
    outer loop
      vertex -4.85329 -3.91332 12.5529
      vertex -5.03857 -4.16762 12.5974
      vertex -4.93861 -3.52306 12.8819
    endloop
  endfacet
  facet normal -0.676387 0.382675 -0.629333
    outer loop
      vertex -5.03857 -4.16762 12.5974
      vertex -5.12684 -3.76383 12.9378
      vertex -4.93861 -3.52306 12.8819
    endloop
  endfacet
  facet normal -0.731366 0.460682 -0.502868
    outer loop
      vertex -4.9546 -3.08516 13.2297
      vertex -5.14339 -3.31076 13.2976
      vertex -4.9011 -2.60442 13.5923
    endloop
  endfacet
  facet normal -0.630776 0.510787 -0.58414
    outer loop
      vertex -4.6951 -2.82028 13.1811
      vertex -4.9546 -3.08516 13.2297
      vertex -4.9011 -2.60442 13.5923
    endloop
  endfacet
  facet normal -0.753285 0.529639 -0.389929
    outer loop
      vertex -4.58871 -1.53593 14.346
      vertex -4.96138 -2.27711 14.0592
      vertex -4.76482 -1.70785 14.4527
    endloop
  endfacet
  facet normal -0.861653 0.454124 -0.226551
    outer loop
      vertex -4.76482 -1.70785 14.4527
      vertex -4.96138 -2.27711 14.0592
      vertex -4.87229 -1.85559 14.5653
    endloop
  endfacet
  facet normal -0.491286 0.55874 -0.668167
    outer loop
      vertex -3.97605 -2.18468 13.1441
      vertex -4.36772 -2.51902 13.1525
      vertex -3.93152 -1.7845 13.446
    endloop
  endfacet
  facet normal -0.441709 0.571121 -0.691891
    outer loop
      vertex -3.48387 -1.45682 13.4307
      vertex -3.97605 -2.18468 13.1441
      vertex -3.93152 -1.7845 13.446
    endloop
  endfacet
  facet normal -0.515748 0.600459 -0.611107
    outer loop
      vertex -3.67147 -0.895047 14.0734
      vertex -4.20969 -1.62154 13.8138
      vertex -4.03902 -1.12729 14.1554
    endloop
  endfacet
  facet normal -0.505237 0.57994 -0.639066
    outer loop
      vertex -3.93152 -1.7845 13.446
      vertex -4.31966 -2.08716 13.4782
      vertex -4.20969 -1.62154 13.8138
    endloop
  endfacet
  facet normal -0.522463 0.620468 -0.584852
    outer loop
      vertex -3.45881 -0.415519 14.3922
      vertex -4.03902 -1.12729 14.1554
      vertex -3.80953 -0.609795 14.4994
    endloop
  endfacet
  facet normal -0.586748 0.656414 -0.474181
    outer loop
      vertex -3.18472 0.472012 15.1794
      vertex -3.52372 -0.0747414 14.842
      vertex -3.43828 0.357404 15.3345
    endloop
  endfacet
  facet normal -0.58573 0.612559 -0.530747
    outer loop
      vertex -4.03902 -1.12729 14.1554
      vertex -4.34589 -1.3417 14.2466
      vertex -3.80953 -0.609795 14.4994
    endloop
  endfacet
  facet normal -0.579155 0.589306 -0.563291
    outer loop
      vertex -4.20969 -1.62154 13.8138
      vertex -4.34589 -1.3417 14.2466
      vertex -4.03902 -1.12729 14.1554
    endloop
  endfacet
  facet normal -0.830371 0.307435 0.464724
    outer loop
      vertex -3.43014 0.584648 16.2932
      vertex -3.86012 -0.16797 16.0228
      vertex -3.39757 0.489864 16.4141
    endloop
  endfacet
  facet normal -0.799841 0.348451 0.48871
    outer loop
      vertex -3.43014 0.584648 16.2932
      vertex -2.88117 1.14729 16.7905
      vertex -2.91375 1.24207 16.6696
    endloop
  endfacet
  facet normal -0.799845 0.348482 0.48868
    outer loop
      vertex -2.88117 1.14729 16.7905
      vertex -3.43014 0.584648 16.2932
      vertex -3.39757 0.489864 16.4141
    endloop
  endfacet
  facet normal -0.824937 0.559777 -0.0782833
    outer loop
      vertex -4.17132 -0.495602 15.2434
      vertex -4.26542 -0.616026 15.3739
      vertex -3.86619 0.0278759 15.7712
    endloop
  endfacet
  facet normal -0.841425 0.526729 -0.120668
    outer loop
      vertex -4.17132 -0.495602 15.2434
      vertex -4.60201 -1.24615 14.9704
      vertex -4.26542 -0.616026 15.3739
    endloop
  endfacet
  facet normal -0.862878 0.413371 -0.290802
    outer loop
      vertex -4.96138 -2.27711 14.0592
      vertex -5.20278 -2.98601 13.7678
      vertex -5.07328 -2.43767 14.163
    endloop
  endfacet
  facet normal -0.968354 0.132549 -0.211474
    outer loop
      vertex -5.24246 -3.95789 13.0163
      vertex -5.28422 -4.10311 13.1165
      vertex -5.25939 -3.49461 13.3842
    endloop
  endfacet
  facet normal -0.78345 -0.063491 0.618203
    outer loop
      vertex -4.6041 -1.45611 15.2131
      vertex -4.87737 -2.0723 14.8035
      vertex -4.50465 -1.52946 15.3316
    endloop
  endfacet
  facet normal -0.766536 -0.00179227 0.642199
    outer loop
      vertex -4.26377 -0.819006 15.6211
      vertex -4.6041 -1.45611 15.2131
      vertex -4.50465 -1.52946 15.3316
    endloop
  endfacet
  facet normal -0.760527 0.211267 -0.613975
    outer loop
      vertex -4.98959 -4.72874 12.3436
      vertex -5.1522 -4.37077 12.6682
      vertex -4.87954 -4.5177 12.2799
    endloop
  endfacet
  facet normal -0.968372 0.132521 -0.211409
    outer loop
      vertex -5.28422 -4.10311 13.1165
      vertex -5.30133 -3.63469 13.4885
      vertex -5.25939 -3.49461 13.3842
    endloop
  endfacet
  facet normal -0.948057 0.0566493 -0.313016
    outer loop
      vertex -5.1522 -4.37077 12.6682
      vertex -5.28422 -4.10311 13.1165
      vertex -5.24246 -3.95789 13.0163
    endloop
  endfacet
  facet normal -0.80683 0.267658 -0.526674
    outer loop
      vertex -5.1522 -4.37077 12.6682
      vertex -5.24246 -3.95789 13.0163
      vertex -5.12684 -3.76383 12.9378
    endloop
  endfacet
  facet normal -0.1669 -0.581898 0.795952
    outer loop
      vertex -3.98066 -3.07353 14.736
      vertex -4.41253 -3.64248 14.2295
      vertex -4.02873 -3.50539 14.4102
    endloop
  endfacet
  facet normal -0.262 -0.562383 0.784272
    outer loop
      vertex -4.67805 -3.25345 14.4198
      vertex -4.73155 -3.73419 14.0572
      vertex -4.36146 -3.18367 14.5756
    endloop
  endfacet
  facet normal -0.850249 -0.500407 -0.163307
    outer loop
      vertex -4.99597 -4.97728 12.5572
      vertex -5.02855 -4.8825 12.4364
      vertex -4.76021 -5.27973 12.2565
    endloop
  endfacet
  facet normal -0.784121 -0.403275 0.471725
    outer loop
      vertex -5.16202 -3.77792 13.7454
      vertex -5.26875 -3.72948 13.6094
      vertex -5.25164 -4.19789 13.2374
    endloop
  endfacet
  facet normal -0.544388 -0.533769 0.647095
    outer loop
      vertex -4.98229 -3.7795 13.8953
      vertex -5.16202 -3.77792 13.7454
      vertex -4.96574 -4.23257 13.5355
    endloop
  endfacet
  facet normal -0.00582085 -0.751145 0.660111
    outer loop
      vertex -3.60164 -4.80732 13.274
      vertex -3.95879 -5.02566 13.0224
      vertex -3.68708 -5.23947 12.7815
    endloop
  endfacet
  facet normal 0.150761 -0.583565 0.79795
    outer loop
      vertex 0.622424 -0.631456 16.2534
      vertex 0.30256 -0.704246 16.2606
      vertex 0.629065 -0.643961 16.243
    endloop
  endfacet
  facet normal 0.151244 -0.585865 0.796171
    outer loop
      vertex 0.30256 -0.704246 16.2606
      vertex 0.622424 -0.631456 16.2534
      vertex 0.612121 -0.604898 16.2749
    endloop
  endfacet
  facet normal 0.151479 -0.590196 0.79292
    outer loop
      vertex 0.30256 -0.704246 16.2606
      vertex 0.673096 -0.727237 16.1727
      vertex 0.657209 -0.69719 16.1981
    endloop
  endfacet
  facet normal 0.151904 -0.58833 0.794225
    outer loop
      vertex 0.30256 -0.704246 16.2606
      vertex 0.679942 -0.740184 16.1618
      vertex 0.673096 -0.727237 16.1727
    endloop
  endfacet
  facet normal 0.151692 -0.589102 0.793693
    outer loop
      vertex 0.679942 -0.740184 16.1618
      vertex 0.30256 -0.704246 16.2606
      vertex 0.214357 -0.869367 16.1549
    endloop
  endfacet
  facet normal 0.121905 -0.650404 0.749742
    outer loop
      vertex -1.18327 -2.77534 14.8908
      vertex -1.66212 -3.38578 14.4391
      vertex -1.07609 -2.91283 14.7541
    endloop
  endfacet
  facet normal 0.150088 -0.668943 0.728003
    outer loop
      vertex -0.769463 -3.10097 14.5239
      vertex -1.49603 -3.51647 14.2919
      vertex -1.29426 -3.61148 14.163
    endloop
  endfacet
  facet normal 0.231554 -0.719532 0.654719
    outer loop
      vertex -0.179875 -3.61993 13.856
      vertex -0.500793 -4.08672 13.4565
      vertex 0.160269 -3.52903 13.8356
    endloop
  endfacet
  facet normal 0.212167 -0.715515 0.6656
    outer loop
      vertex -0.498755 -3.67402 13.8995
      vertex -0.500793 -4.08672 13.4565
      vertex -0.179875 -3.61993 13.856
    endloop
  endfacet
  facet normal 0.176759 -0.790308 0.58666
    outer loop
      vertex -1.94828 -4.96592 12.869
      vertex -2.26313 -5.27685 12.545
      vertex -1.5286 -4.94213 12.7746
    endloop
  endfacet
  facet normal 0.183484 -0.759263 0.624382
    outer loop
      vertex -1.21379 -4.57346 13.1304
      vertex -1.94828 -4.96592 12.869
      vertex -1.5286 -4.94213 12.7746
    endloop
  endfacet
  facet normal 0.117773 -0.702503 0.701868
    outer loop
      vertex -2.02159 -3.96717 13.9602
      vertex -2.50856 -4.36892 13.6398
      vertex -1.78845 -4.07695 13.8112
    endloop
  endfacet
  facet normal -0.0450818 -0.721896 0.690531
    outer loop
      vertex -3.79964 -4.55333 13.5266
      vertex -4.16914 -4.75581 13.2908
      vertex -3.60164 -4.80732 13.274
    endloop
  endfacet
  facet normal 0.140974 -0.714422 0.685367
    outer loop
      vertex -1.78845 -4.07695 13.8112
      vertex -2.2466 -4.49228 13.4725
      vertex -1.94118 -4.56795 13.3308
    endloop
  endfacet
  facet normal 0.153952 -0.694526 0.702803
    outer loop
      vertex -1.05902 -3.66977 14.0538
      vertex -1.78845 -4.07695 13.8112
      vertex -1.51663 -4.1443 13.6851
    endloop
  endfacet
  facet normal -0.0514596 -0.65027 0.757959
    outer loop
      vertex -3.57104 -3.68894 14.3079
      vertex -3.93772 -4.24937 13.8022
      vertex -3.50002 -4.01382 14.034
    endloop
  endfacet
  facet normal 0.0201225 -0.62128 0.78333
    outer loop
      vertex -2.53397 -2.83921 14.9829
      vertex -3.07216 -3.43322 14.5256
      vertex -2.52319 -3.1344 14.7485
    endloop
  endfacet
  facet normal -0.141217 -0.479236 0.866251
    outer loop
      vertex -3.18472 -1.06112 16.0997
      vertex -3.47054 -1.59617 15.7571
      vertex -3.06711 -1.55526 15.8455
    endloop
  endfacet
  facet normal -0.0221851 -0.546701 0.837034
    outer loop
      vertex -2.61365 -1.49183 15.9246
      vertex -2.80714 -1.92814 15.6345
      vertex -2.11512 -1.40657 15.9935
    endloop
  endfacet
  facet normal -0.20168 -0.508887 0.836874
    outer loop
      vertex -4.06332 -2.1639 15.295
      vertex -4.24464 -2.689 14.932
      vertex -3.70003 -2.11366 15.4131
    endloop
  endfacet
  facet normal -0.0225051 -0.62225 0.782495
    outer loop
      vertex -3.08427 -3.10155 14.789
      vertex -3.57104 -3.68894 14.3079
      vertex -3.07216 -3.43322 14.5256
    endloop
  endfacet
  facet normal 0.0891632 -0.562583 0.821919
    outer loop
      vertex -0.13884 -0.568087 16.4233
      vertex -0.666901 -0.588957 16.4663
      vertex -0.283693 -0.801717 16.2791
    endloop
  endfacet
  facet normal 0.0588483 -0.570611 0.819109
    outer loop
      vertex -1.57697 -1.30043 16.0516
      vertex -1.72601 -1.63649 15.8282
      vertex -1.00512 -1.17456 16.0982
    endloop
  endfacet
  facet normal -0.112298 -0.563313 0.818577
    outer loop
      vertex -3.8707 -2.60792 15.0715
      vertex -3.98066 -3.07353 14.736
      vertex -3.43792 -2.49279 15.2101
    endloop
  endfacet
  facet normal -0.0955273 -0.592699 0.799739
    outer loop
      vertex -3.98066 -3.07353 14.736
      vertex -4.02873 -3.50539 14.4102
      vertex -3.58435 -3.32442 14.5974
    endloop
  endfacet
  facet normal 0.212706 -0.766489 0.606013
    outer loop
      vertex -1.21379 -4.57346 13.1304
      vertex -1.5286 -4.94213 12.7746
      vertex -1.07359 -4.86496 12.7125
    endloop
  endfacet
  facet normal 0.212315 -0.798194 0.563746
    outer loop
      vertex -1.5286 -4.94213 12.7746
      vertex -1.81022 -5.25117 12.4431
      vertex -1.07359 -4.86496 12.7125
    endloop
  endfacet
  facet normal 0.293684 -0.839693 0.456799
    outer loop
      vertex -0.795415 -5.02792 12.3447
      vertex -0.977445 -5.26001 12.0351
      vertex -0.244632 -4.83278 12.3493
    endloop
  endfacet
  facet normal 0.280654 -0.804487 0.523483
    outer loop
      vertex -0.588236 -4.73525 12.6834
      vertex -0.795415 -5.02792 12.3447
      vertex -0.244632 -4.83278 12.3493
    endloop
  endfacet
  facet normal 0.296073 -0.773703 0.560111
    outer loop
      vertex 0.106201 -4.2207 13.0513
      vertex -0.0778589 -4.55443 12.6876
      vertex 0.588264 -4.01147 13.0855
    endloop
  endfacet
  facet normal 0.269363 -0.773617 0.573551
    outer loop
      vertex 0.106201 -4.2207 13.0513
      vertex -0.588236 -4.73525 12.6834
      vertex -0.0778589 -4.55443 12.6876
    endloop
  endfacet
  facet normal 0.259413 -0.746338 0.612931
    outer loop
      vertex -0.107761 -3.98168 13.4329
      vertex -0.358178 -4.38523 13.0475
      vertex 0.106201 -4.2207 13.0513
    endloop
  endfacet
  facet normal 0.236152 -0.743759 0.625343
    outer loop
      vertex -0.107761 -3.98168 13.4329
      vertex -0.799789 -4.50325 13.0739
      vertex -0.358178 -4.38523 13.0475
    endloop
  endfacet
  facet normal 0.242289 -0.699789 0.672005
    outer loop
      vertex 0.442978 -3.03224 14.251
      vertex 0.160269 -3.52903 13.8356
      vertex 0.741129 -2.92661 14.2535
    endloop
  endfacet
  facet normal 0.242285 -0.699788 0.672008
    outer loop
      vertex 0.741129 -2.92661 14.2535
      vertex 0.160269 -3.52903 13.8356
      vertex 0.517951 -3.40231 13.8386
    endloop
  endfacet
  facet normal 0.234782 -0.679153 0.695434
    outer loop
      vertex 0.737269 -2.49675 14.6746
      vertex 0.442978 -3.03224 14.251
      vertex 0.741129 -2.92661 14.2535
    endloop
  endfacet
  facet normal 0.22782 -0.659668 0.716196
    outer loop
      vertex 1.03992 -1.92842 15.1018
      vertex 0.737269 -2.49675 14.6746
      vertex 1.20989 -1.8682 15.1032
    endloop
  endfacet
  facet normal 0.186263 -0.628417 0.755248
    outer loop
      vertex 0.871872 -1.32989 15.6589
      vertex 0.348706 -1.96761 15.2573
      vertex 0.929826 -1.35718 15.6219
    endloop
  endfacet
  facet normal 0.181216 -0.625247 0.759096
    outer loop
      vertex 0.871872 -1.32989 15.6589
      vertex 0.173897 -1.86035 15.3886
      vertex 0.252823 -1.92246 15.3186
    endloop
  endfacet
  facet normal 0.135574 -0.659992 0.738939
    outer loop
      vertex -0.93765 -3.02177 14.6313
      vertex -1.66212 -3.38578 14.4391
      vertex -1.49603 -3.51647 14.2919
    endloop
  endfacet
  facet normal 0.149995 -0.668842 0.728115
    outer loop
      vertex -0.93765 -3.02177 14.6313
      vertex -1.49603 -3.51647 14.2919
      vertex -0.769463 -3.10097 14.5239
    endloop
  endfacet
  facet normal 0.198621 -0.670626 0.71471
    outer loop
      vertex 0.110107 -2.60312 14.7602
      vertex -0.351527 -3.16699 14.3594
      vertex -0.106359 -3.1531 14.3043
    endloop
  endfacet
  facet normal 0.195806 -0.689348 0.697466
    outer loop
      vertex -0.351527 -3.16699 14.3594
      vertex -0.792876 -3.69069 13.9657
      vertex -0.106359 -3.1531 14.3043
    endloop
  endfacet
  facet normal 0.192481 -0.64972 0.735402
    outer loop
      vertex 0.58697 -2.00525 15.1636
      vertex -0.0650101 -2.58935 14.8182
      vertex 0.110107 -2.60312 14.7602
    endloop
  endfacet
  facet normal 0.186769 -0.666146 0.722057
    outer loop
      vertex -0.0650101 -2.58935 14.8182
      vertex -0.351527 -3.16699 14.3594
      vertex 0.110107 -2.60312 14.7602
    endloop
  endfacet
  facet normal 0.173105 -0.702944 0.689858
    outer loop
      vertex -1.05902 -3.66977 14.0538
      vertex -1.2091 -4.16847 13.5833
      vertex -0.792876 -3.69069 13.9657
    endloop
  endfacet
  facet normal 0.192694 -0.709988 0.677338
    outer loop
      vertex -0.792876 -3.69069 13.9657
      vertex -1.2091 -4.16847 13.5833
      vertex -0.498755 -3.67402 13.8995
    endloop
  endfacet
  facet normal -0.213327 -0.0966368 -0.97219
    outer loop
      vertex -2.64669 -5.55059 11.0676
      vertex -3.10989 -5.351 11.1494
      vertex -2.58826 -5.32143 11.032
    endloop
  endfacet
  facet normal -0.224084 0.105199 -0.968875
    outer loop
      vertex -2.48504 -5.0285 11.0399
      vertex -3.10989 -5.351 11.1494
      vertex -2.9892 -5.05708 11.1534
    endloop
  endfacet
  facet normal -0.378793 0.172921 -0.909183
    outer loop
      vertex -3.58189 -5.3139 11.3057
      vertex -3.84863 -4.92131 11.4915
      vertex -3.4454 -5.02122 11.3045
    endloop
  endfacet
  facet normal -0.344134 0.285341 -0.894512
    outer loop
      vertex -3.4454 -5.02122 11.3045
      vertex -3.84863 -4.92131 11.4915
      vertex -3.25472 -4.66805 11.3438
    endloop
  endfacet
  facet normal -0.160677 0.398664 -0.902912
    outer loop
      vertex -0.979936 -3.59551 11.2301
      vertex -1.46529 -3.72522 11.2592
      vertex -1.2399 -3.22263 11.441
    endloop
  endfacet
  facet normal -0.112073 0.33855 -0.93425
    outer loop
      vertex -0.469558 -3.41469 11.2344
      vertex -1.13441 -4.04154 11.087
      vertex -0.979936 -3.59551 11.2301
    endloop
  endfacet
  facet normal -0.087829 0.270498 -0.958706
    outer loop
      vertex -0.583624 -3.8464 11.0916
      vertex -1.26002 -4.43781 10.9867
      vertex -1.13441 -4.04154 11.087
    endloop
  endfacet
  facet normal -0.109426 0.190976 -0.975476
    outer loop
      vertex -1.35538 -4.77998 10.9304
      vertex -1.93844 -4.9358 10.9653
      vertex -1.81648 -4.58652 11.02
    endloop
  endfacet
  facet normal -0.00261883 0.166998 -0.985954
    outer loop
      vertex -0.105813 -4.28651 10.9806
      vertex -0.742271 -4.56276 10.9355
      vertex -0.674862 -4.23049 10.9916
    endloop
  endfacet
  facet normal 0.0563434 0.0330983 -0.997863
    outer loop
      vertex -0.105813 -4.28651 10.9806
      vertex -0.785114 -4.83955 10.9239
      vertex -0.742271 -4.56276 10.9355
    endloop
  endfacet
  facet normal -0.277204 0.541567 -0.793639
    outer loop
      vertex -2.01803 -1.99759 12.3552
      vertex -2.18412 -1.86689 12.5024
      vertex -1.63067 -1.29916 12.6965
    endloop
  endfacet
  facet normal -0.292495 0.49146 -0.820313
    outer loop
      vertex -2.27215 -2.66949 12.0166
      vertex -2.68672 -3.21166 11.8396
      vertex -2.50529 -2.55971 12.1655
    endloop
  endfacet
  facet normal -0.338561 0.480914 -0.808763
    outer loop
      vertex -3.34331 -3.57759 11.8812
      vertex -3.5803 -3.3911 12.0913
      vertex -3.1643 -2.91863 12.1981
    endloop
  endfacet
  facet normal -0.398693 0.471348 -0.786686
    outer loop
      vertex -3.5803 -3.3911 12.0913
      vertex -4.13863 -3.56695 12.2689
      vertex -3.76377 -3.15574 12.3253
    endloop
  endfacet
  facet normal -0.31182 0.536546 -0.784147
    outer loop
      vertex -2.6972 -2.4087 12.3357
      vertex -2.84578 -2.2181 12.5252
      vertex -2.18412 -1.86689 12.5024
    endloop
  endfacet
  facet normal -0.311831 0.536568 -0.784127
    outer loop
      vertex -2.18412 -1.86689 12.5024
      vertex -2.84578 -2.2181 12.5252
      vertex -2.3127 -1.70195 12.6664
    endloop
  endfacet
  facet normal -0.325037 0.580855 -0.746297
    outer loop
      vertex -2.45214 -1.27688 13.0374
      vertex -2.46147 -1.02141 13.2403
      vertex -1.86186 -0.594398 13.3115
    endloop
  endfacet
  facet normal -0.354048 0.573685 -0.738604
    outer loop
      vertex -2.45214 -1.27688 13.0374
      vertex -3.01768 -1.43175 13.1882
      vertex -2.46147 -1.02141 13.2403
    endloop
  endfacet
  facet normal -0.372249 0.549341 -0.748101
    outer loop
      vertex -2.94939 -1.99002 12.732
      vertex -3.51227 -2.1526 12.8927
      vertex -3.0069 -1.72694 12.9538
    endloop
  endfacet
  facet normal -0.387413 0.564575 -0.728811
    outer loop
      vertex -3.0069 -1.72694 12.9538
      vertex -3.51227 -2.1526 12.8927
      vertex -3.01768 -1.43175 13.1882
    endloop
  endfacet
  facet normal -0.340844 0.601297 -0.722681
    outer loop
      vertex -1.83584 -0.360622 13.4879
      vertex -2.43026 -0.740956 13.4518
      vertex -2.35884 -0.438584 13.6697
    endloop
  endfacet
  facet normal -0.311086 0.602842 -0.734716
    outer loop
      vertex -1.15789 0.228098 13.6839
      vertex -1.83584 -0.360622 13.4879
      vertex -1.77631 -0.108577 13.6695
    endloop
  endfacet
  facet normal -0.32 0.647447 -0.691674
    outer loop
      vertex -0.553923 1.35876 14.4078
      vertex -1.01119 1.32377 14.5866
      vertex -0.368609 1.59468 14.5429
    endloop
  endfacet
  facet normal -0.291559 0.632015 -0.718018
    outer loop
      vertex -0.194031 1.21384 14.1341
      vertex -0.719915 1.12268 14.2674
      vertex -0.553923 1.35876 14.4078
    endloop
  endfacet
  facet normal -0.385817 0.667627 -0.636726
    outer loop
      vertex -1.44095 1.27976 14.7699
      vertex -1.51306 1.64151 15.1929
      vertex -1.15932 1.63831 14.9752
    endloop
  endfacet
  facet normal -0.381121 0.677352 -0.629238
    outer loop
      vertex -1.15932 1.63831 14.9752
      vertex -1.51306 1.64151 15.1929
      vertex -0.851407 1.99271 15.1702
    endloop
  endfacet
  facet normal -0.410017 0.699832 -0.584912
    outer loop
      vertex -0.77503 2.45123 15.6291
      vertex -1.15728 2.05101 15.4182
      vertex -1.00454 2.54201 15.8986
    endloop
  endfacet
  facet normal -0.374766 0.686369 -0.623256
    outer loop
      vertex -0.520594 2.33908 15.3526
      vertex -1.15728 2.05101 15.4182
      vertex -0.77503 2.45123 15.6291
    endloop
  endfacet
  facet normal -0.336072 0.679401 -0.65228
    outer loop
      vertex -0.244018 2.20678 15.0723
      vertex -0.520594 2.33908 15.3526
      vertex 0.0478048 2.48564 15.2124
    endloop
  endfacet
  facet normal -0.342779 0.672694 -0.655732
    outer loop
      vertex -0.244018 2.20678 15.0723
      vertex -0.851407 1.99271 15.1702
      vertex -0.520594 2.33908 15.3526
    endloop
  endfacet
  facet normal -0.317105 0.653555 -0.687248
    outer loop
      vertex -0.166007 1.82787 14.6712
      vertex -0.776434 1.62265 14.7577
      vertex -0.519772 1.91806 14.9202
    endloop
  endfacet
  facet normal -0.347952 0.665532 -0.6603
    outer loop
      vertex -0.776434 1.62265 14.7577
      vertex -0.851407 1.99271 15.1702
      vertex -0.519772 1.91806 14.9202
    endloop
  endfacet
  facet normal -0.305501 0.594969 -0.743426
    outer loop
      vertex -1.22542 -0.155396 13.4013
      vertex -1.86186 -0.594398 13.3115
      vertex -1.83584 -0.360622 13.4879
    endloop
  endfacet
  facet normal -0.281603 0.570931 -0.771192
    outer loop
      vertex -1.12753 -0.603183 13.0238
      vertex -1.73785 -1.16167 12.8332
      vertex -1.18653 -0.473299 13.1415
    endloop
  endfacet
  facet normal -0.30346 0.56072 -0.770393
    outer loop
      vertex -1.73785 -1.16167 12.8332
      vertex -2.3127 -1.70195 12.6664
      vertex -1.81259 -0.997128 12.9824
    endloop
  endfacet
  facet normal -0.30347 0.560724 -0.770386
    outer loop
      vertex -2.3127 -1.70195 12.6664
      vertex -2.40237 -1.50455 12.8454
      vertex -1.81259 -0.997128 12.9824
    endloop
  endfacet
  facet normal -0.321026 0.626414 -0.710316
    outer loop
      vertex -0.986897 0.660423 13.9769
      vertex -1.5597 0.439104 14.0406
      vertex -1.40498 0.728741 14.2261
    endloop
  endfacet
  facet normal -0.318894 0.618681 -0.718012
    outer loop
      vertex -0.986897 0.660423 13.9769
      vertex -1.68393 0.158976 13.8544
      vertex -1.5597 0.439104 14.0406
    endloop
  endfacet
  facet normal -0.354317 0.640257 -0.681565
    outer loop
      vertex -1.22148 1.02471 14.4087
      vertex -1.91337 0.56592 14.3374
      vertex -1.69322 0.920986 14.5565
    endloop
  endfacet
  facet normal -0.354265 0.640193 -0.681652
    outer loop
      vertex -1.40498 0.728741 14.2261
      vertex -1.91337 0.56592 14.3374
      vertex -1.22148 1.02471 14.4087
    endloop
  endfacet
  facet normal -0.291838 0.62672 -0.722532
    outer loop
      vertex -0.298647 1.04511 14.03
      vertex -0.864769 0.889054 14.1233
      vertex -0.194031 1.21384 14.1341
    endloop
  endfacet
  facet normal -0.262978 0.618538 -0.740441
    outer loop
      vertex 0.0342222 1.23882 14.0739
      vertex -0.194031 1.21384 14.1341
      vertex 0.0421932 1.24999 14.0804
    endloop
  endfacet
  facet normal -0.262911 0.619201 -0.739911
    outer loop
      vertex -0.029398 1.14967 14.0219
      vertex -0.194031 1.21384 14.1341
      vertex 0.0342222 1.23882 14.0739
    endloop
  endfacet
  facet normal -0.262782 0.619369 -0.739816
    outer loop
      vertex -0.194031 1.21384 14.1341
      vertex -0.029398 1.14967 14.0219
      vertex -0.298647 1.04511 14.03
    endloop
  endfacet
  facet normal -0.311221 0.602949 -0.734571
    outer loop
      vertex -1.20488 0.0291395 13.5405
      vertex -1.83584 -0.360622 13.4879
      vertex -1.15789 0.228098 13.6839
    endloop
  endfacet
  facet normal -0.315563 0.610804 -0.726181
    outer loop
      vertex -1.08496 0.439297 13.8299
      vertex -1.77631 -0.108577 13.6695
      vertex -1.68393 0.158976 13.8544
    endloop
  endfacet
  facet normal -0.251921 0.597354 -0.761383
    outer loop
      vertex -0.366881 0.395054 13.5268
      vertex -0.559112 0.290787 13.5086
      vertex -0.360118 0.420339 13.5444
    endloop
  endfacet
  facet normal -0.298615 0.586832 -0.752633
    outer loop
      vertex -1.21928 -0.32349 13.2678
      vertex -1.85408 -0.807344 13.1424
      vertex -1.22542 -0.155396 13.4013
    endloop
  endfacet
  facet normal -0.371654 0.793865 -0.481302
    outer loop
      vertex 2.00461 5.0479 17.2044
      vertex 1.4535 4.72775 17.1019
      vertex 2.08642 5.28615 17.5342
    endloop
  endfacet
  facet normal -0.345662 0.767757 -0.539506
    outer loop
      vertex 1.91727 4.75982 16.8504
      vertex 1.4535 4.72775 17.1019
      vertex 2.00461 5.0479 17.2044
    endloop
  endfacet
  facet normal -0.444072 0.765446 -0.465717
    outer loop
      vertex 0.352416 3.97115 16.8053
      vertex -0.185486 3.543 16.6145
      vertex 0.303424 4.12416 17.1035
    endloop
  endfacet
  facet normal -0.422217 0.776473 -0.467785
    outer loop
      vertex 0.352416 3.97115 16.8053
      vertex 0.303424 4.12416 17.1035
      vertex 0.900746 4.36751 16.9683
    endloop
  endfacet
  facet normal -0.585878 0.757594 -0.287748
    outer loop
      vertex -0.947169 3.22464 16.9117
      vertex -1.5199 2.67735 16.6369
      vertex -1.02759 3.24859 17.1385
    endloop
  endfacet
  facet normal -0.480663 0.739604 -0.471114
    outer loop
      vertex -1.20661 2.61041 16.1583
      vertex -1.37903 2.65569 16.4053
      vertex -0.839936 3.17083 16.664
    endloop
  endfacet
  facet normal -0.58174 0.677105 -0.450674
    outer loop
      vertex -2.79626 1.02448 15.508
      vertex -3.43828 0.357404 15.3345
      vertex -3.02557 0.944344 15.6836
    endloop
  endfacet
  facet normal -0.650832 0.670019 -0.35706
    outer loop
      vertex -3.02557 0.944344 15.6836
      vertex -3.63773 0.244358 15.4859
      vertex -3.2053 0.859343 15.8517
    endloop
  endfacet
  facet normal -0.471634 0.671548 -0.571476
    outer loop
      vertex -2.52697 0.70089 14.865
      vertex -2.87984 0.586926 15.0223
      vertex -2.51987 1.09886 15.3268
    endloop
  endfacet
  facet normal -0.473753 0.656154 -0.587384
    outer loop
      vertex -2.52697 0.70089 14.865
      vertex -3.19397 0.0802822 14.7097
      vertex -2.87984 0.586926 15.0223
    endloop
  endfacet
  facet normal -0.525719 0.658371 -0.538671
    outer loop
      vertex -2.87984 0.586926 15.0223
      vertex -3.52372 -0.0747414 14.842
      vertex -3.18472 0.472012 15.1794
    endloop
  endfacet
  facet normal -0.525662 0.65834 -0.538765
    outer loop
      vertex -3.19397 0.0802822 14.7097
      vertex -3.52372 -0.0747414 14.842
      vertex -2.87984 0.586926 15.0223
    endloop
  endfacet
  facet normal -0.356729 0.701868 -0.616543
    outer loop
      vertex -0.170502 2.67362 15.5206
      vertex -0.370506 2.83778 15.8232
      vertex 0.0518618 3.20644 15.9985
    endloop
  endfacet
  facet normal -0.366603 0.69451 -0.619078
    outer loop
      vertex -0.170502 2.67362 15.5206
      vertex -0.77503 2.45123 15.6291
      vertex -0.370506 2.83778 15.8232
    endloop
  endfacet
  facet normal 0.784361 0.403012 -0.47155
    outer loop
      vertex 8.16202 4.77792 16.2546
      vertex 8.1451 5.2412 16.6224
      vertex 8.25164 5.19789 16.7626
    endloop
  endfacet
  facet normal 0.784121 0.403275 -0.471725
    outer loop
      vertex 8.26875 4.72948 16.3906
      vertex 8.16202 4.77792 16.2546
      vertex 8.25164 5.19789 16.7626
    endloop
  endfacet
  facet normal 0.23365 0.609906 -0.757247
    outer loop
      vertex 7.41253 4.64248 15.7705
      vertex 7.39726 5.06041 16.1024
      vertex 7.73155 4.73419 15.9428
    endloop
  endfacet
  facet normal 0.28427 0.515347 -0.80846
    outer loop
      vertex 7.67805 4.25345 15.5802
      vertex 7.24464 3.689 15.068
      vertex 7.36146 4.18367 15.4244
    endloop
  endfacet
  facet normal 0.311208 0.426495 -0.849265
    outer loop
      vertex 7.11019 2.6089 14.4435
      vertex 6.8195 2.61412 14.3396
      vertex 7.36565 3.18495 14.8264
    endloop
  endfacet
  facet normal 0.311338 0.42638 -0.849276
    outer loop
      vertex 7.36565 3.18495 14.8264
      vertex 6.8195 2.61412 14.3396
      vertex 7.06332 3.1639 14.705
    endloop
  endfacet
  facet normal 0.415362 0.46517 -0.781723
    outer loop
      vertex 7.80029 3.74585 15.3431
      vertex 7.67805 4.25345 15.5802
      vertex 7.92694 4.28211 15.7295
    endloop
  endfacet
  facet normal 0.592195 0.374308 -0.713581
    outer loop
      vertex 7.97591 3.72098 15.4758
      vertex 7.80029 3.74585 15.3431
      vertex 7.92694 4.28211 15.7295
    endloop
  endfacet
  facet normal 0.261883 0.562452 -0.784261
    outer loop
      vertex 7.73155 4.73419 15.9428
      vertex 7.36146 4.18367 15.4244
      vertex 7.41253 4.64248 15.7705
    endloop
  endfacet
  facet normal 0.1868 0.544894 -0.817433
    outer loop
      vertex 7.24464 3.689 15.068
      vertex 6.8707 3.60792 14.9285
      vertex 6.98066 4.07353 15.264
    endloop
  endfacet
  facet normal 0.020948 0.143178 0.989475
    outer loop
      vertex 4.45157 6.28766 19.0483
      vertex 4.41947 6.0643 19.0813
      vertex 5.02272 6.22552 19.0452
    endloop
  endfacet
  facet normal -0.159576 0.429357 0.888925
    outer loop
      vertex 4.45133 6.44761 18.971
      vertex 3.7955 6.21525 18.9655
      vertex 4.45157 6.28766 19.0483
    endloop
  endfacet
  facet normal 0.113498 0.124196 0.985745
    outer loop
      vertex 5.64669 6.55059 18.9324
      vertex 5.02272 6.22552 19.0452
      vertex 5.58826 6.32143 18.968
    endloop
  endfacet
  facet normal 0.147925 -0.0787122 0.985861
    outer loop
      vertex 5.58826 6.32143 18.968
      vertex 5.02272 6.22552 19.0452
      vertex 5.48504 6.0285 18.9601
    endloop
  endfacet
  facet normal 0.0209422 0.143124 0.989483
    outer loop
      vertex 5.06841 6.45251 19.0114
      vertex 4.45157 6.28766 19.0483
      vertex 5.02272 6.22552 19.0452
    endloop
  endfacet
  facet normal -0.0621478 0.43421 0.898665
    outer loop
      vertex 5.075 6.61428 18.9336
      vertex 4.45133 6.44761 18.971
      vertex 4.45157 6.28766 19.0483
    endloop
  endfacet
  facet normal -0.53527 0.797065 -0.279595
    outer loop
      vertex 0.267541 4.23746 17.3787
      vertex -0.401017 3.79547 17.3986
      vertex 0.245161 4.30981 17.6278
    endloop
  endfacet
  facet normal -0.587645 0.797957 -0.133933
    outer loop
      vertex -0.401017 3.79547 17.3986
      vertex -0.432036 3.80826 17.6109
      vertex 0.245161 4.30981 17.6278
    endloop
  endfacet
  facet normal -0.562036 0.777764 -0.281424
    outer loop
      vertex -0.947169 3.22464 16.9117
      vertex -1.02759 3.24859 17.1385
      vertex -0.34917 3.74658 17.1599
    endloop
  endfacet
  facet normal -0.509652 0.768184 -0.387489
    outer loop
      vertex -0.277062 3.66211 16.8976
      vertex -0.947169 3.22464 16.9117
      vertex -0.34917 3.74658 17.1599
    endloop
  endfacet
  facet normal -0.13108 0.928078 -0.348552
    outer loop
      vertex 5.76614 6.70611 18.019
      vertex 5.26198 6.67753 18.1325
      vertex 5.42717 6.79017 18.3703
    endloop
  endfacet
  facet normal -0.199407 0.931924 -0.30291
    outer loop
      vertex 5.26198 6.67753 18.1325
      vertex 4.71538 6.58482 18.2071
      vertex 5.42717 6.79017 18.3703
    endloop
  endfacet
  facet normal -0.281569 0.747141 -0.602078
    outer loop
      vertex 2.69447 4.83525 16.5636
      vertex 2.41174 5.01147 16.9145
      vertex 2.8938 5.2207 16.9487
    endloop
  endfacet
  facet normal -0.259267 0.746417 -0.612897
    outer loop
      vertex 3.10776 4.98168 16.5671
      vertex 2.69447 4.83525 16.5636
      vertex 2.8938 5.2207 16.9487
    endloop
  endfacet
  facet normal -0.286325 0.722628 -0.629148
    outer loop
      vertex 2.11075 4.24115 16.1351
      vertex 1.72989 4.04732 16.0858
      vertex 2.26543 4.64904 16.5332
    endloop
  endfacet
  facet normal -0.242287 0.699788 -0.672007
    outer loop
      vertex 2.83973 4.52903 16.1644
      vertex 2.25887 3.92661 15.7465
      vertex 2.48205 4.40231 16.1614
    endloop
  endfacet
  facet normal -0.302883 0.746062 -0.593003
    outer loop
      vertex 2.26543 4.64904 16.5332
      vertex 1.82537 4.42508 16.4762
      vertex 1.91727 4.75982 16.8504
    endloop
  endfacet
  facet normal -0.26875 0.723034 -0.636393
    outer loop
      vertex 2.48205 4.40231 16.1614
      vertex 2.11075 4.24115 16.1351
      vertex 2.26543 4.64904 16.5332
    endloop
  endfacet
  facet normal -0.203438 0.636301 -0.744133
    outer loop
      vertex 1.92616 2.37993 14.4348
      vertex 1.84168 2.37514 14.4538
      vertex 2.41303 3.00525 14.8364
    endloop
  endfacet
  facet normal -0.210414 0.655913 -0.724917
    outer loop
      vertex 2.69636 3.59215 15.2833
      vertex 2.27326 2.99732 14.8679
      vertex 2.48654 3.55656 15.312
    endloop
  endfacet
  facet normal -0.217347 0.622563 -0.751782
    outer loop
      vertex 1.47998 2.14441 14.365
      vertex 1.44301 2.25081 14.4638
      vertex 1.54966 2.2971 14.4713
    endloop
  endfacet
  facet normal -0.21636 0.622906 -0.751782
    outer loop
      vertex 1.43042 2.13842 14.3743
      vertex 1.44301 2.25081 14.4638
      vertex 1.47998 2.14441 14.365
    endloop
  endfacet
  facet normal -0.218848 0.622729 -0.751209
    outer loop
      vertex 1.44301 2.25081 14.4638
      vertex 1.43042 2.13842 14.3743
      vertex 1.4073 2.13319 14.3767
    endloop
  endfacet
  facet normal -0.219 0.658108 -0.72037
    outer loop
      vertex 2.48654 3.55656 15.312
      vertex 1.96008 2.92842 14.8982
      vertex 2.26273 3.49675 15.3254
    endloop
  endfacet
  facet normal -0.236681 0.641513 -0.729688
    outer loop
      vertex 1.33362 2.19513 14.4496
      vertex 1.24913 2.59289 14.8267
      vertex 1.43268 2.69951 14.8609
    endloop
  endfacet
  facet normal -0.226863 0.641424 -0.732876
    outer loop
      vertex 1.54966 2.2971 14.4713
      vertex 1.44301 2.25081 14.4638
      vertex 1.61366 2.79162 14.8843
    endloop
  endfacet
  facet normal -0.28649 0.675755 -0.679175
    outer loop
      vertex 1.02344 2.86604 15.1648
      vertex 0.770585 2.68326 15.0896
      vertex 0.987052 3.23324 15.5455
    endloop
  endfacet
  facet normal -0.225641 0.628079 -0.744717
    outer loop
      vertex 1.11142 2.05818 14.4021
      vertex 1.21752 2.08776 14.3949
      vertex 1.11309 2.05297 14.3972
    endloop
  endfacet
  facet normal -0.276152 0.610009 -0.742718
    outer loop
      vertex 1.11142 2.05818 14.4021
      vertex 1.11309 2.05297 14.3972
      vertex 1.11207 2.05263 14.3973
    endloop
  endfacet
  facet normal -0.224203 0.62147 -0.750672
    outer loop
      vertex 1.21752 2.08776 14.3949
      vertex 1.11142 2.05818 14.4021
      vertex 1.22268 2.13069 14.4289
    endloop
  endfacet
  facet normal -0.246066 0.640035 -0.727878
    outer loop
      vertex 1.05306 2.0329 14.3996
      vertex 1.11142 2.05818 14.4021
      vertex 1.09663 2.04749 14.3977
    endloop
  endfacet
  facet normal -0.251483 0.637833 -0.72796
    outer loop
      vertex 0.882432 2.34091 14.7279
      vertex 0.994478 2.00686 14.3965
      vertex 0.992079 2.0058 14.3964
    endloop
  endfacet
  facet normal -0.245961 0.639816 -0.728107
    outer loop
      vertex 1.05306 2.0329 14.3996
      vertex 0.882432 2.34091 14.7279
      vertex 1.11142 2.05818 14.4021
    endloop
  endfacet
  facet normal -0.245888 0.63985 -0.728101
    outer loop
      vertex 0.994478 2.00686 14.3965
      vertex 0.882432 2.34091 14.7279
      vertex 1.05306 2.0329 14.3996
    endloop
  endfacet
  facet normal -0.246415 0.680241 -0.690327
    outer loop
      vertex 2.25887 3.92661 15.7465
      vertex 1.78306 3.30732 15.3061
      vertex 1.94937 3.79227 15.7246
    endloop
  endfacet
  facet normal -0.236167 0.660495 -0.712721
    outer loop
      vertex 1.79011 2.8682 14.8968
      vertex 1.61366 2.79162 14.8843
      vertex 2.02738 3.41337 15.3234
    endloop
  endfacet
  facet normal -0.29684 0.697526 -0.652184
    outer loop
      vertex 1.30996 3.44368 15.6236
      vertex 0.987052 3.23324 15.5455
      vertex 1.34366 3.82295 16.0139
    endloop
  endfacet
  facet normal -0.277484 0.678153 -0.680523
    outer loop
      vertex 1.27833 3.03215 15.2264
      vertex 1.02344 2.86604 15.1648
      vertex 1.30996 3.44368 15.6236
    endloop
  endfacet
  facet normal -0.308147 0.664325 -0.680969
    outer loop
      vertex 0.0516644 2.05578 14.7913
      vertex 0.0478048 2.48564 15.2124
      vertex 0.282022 2.2759 14.9018
    endloop
  endfacet
  facet normal -0.301945 0.668831 -0.679334
    outer loop
      vertex 0.282022 2.2759 14.9018
      vertex 0.0478048 2.48564 15.2124
      vertex 0.3525 2.75158 15.3388
    endloop
  endfacet
  facet normal -0.192514 0.649741 -0.735374
    outer loop
      vertex 2.5395 2.9953 14.7945
      vertex 2.41303 3.00525 14.8364
      vertex 3.06501 3.58935 15.1818
    endloop
  endfacet
  facet normal -0.197585 0.634008 -0.747659
    outer loop
      vertex 2.00261 2.37392 14.4095
      vertex 1.92616 2.37993 14.4348
      vertex 2.41303 3.00525 14.8364
    endloop
  endfacet
  facet normal -0.308489 0.694308 -0.650208
    outer loop
      vertex 0.66673 3.0017 15.4503
      vertex 0.572005 3.29272 15.806
      vertex 0.956285 3.5705 15.9203
    endloop
  endfacet
  facet normal -0.406944 0.746096 -0.527009
    outer loop
      vertex -0.0754414 3.39055 16.3137
      vertex -0.185486 3.543 16.6145
      vertex 0.413982 3.78012 16.4873
    endloop
  endfacet
  facet normal -0.332461 0.713639 -0.616594
    outer loop
      vertex 0.572005 3.29272 15.806
      vertex 0.487447 3.55314 16.153
      vertex 0.956285 3.5705 15.9203
    endloop
  endfacet
  facet normal -0.345381 0.708254 -0.615701
    outer loop
      vertex 0.572005 3.29272 15.806
      vertex 0.195032 2.99266 15.6723
      vertex 0.487447 3.55314 16.153
    endloop
  endfacet
  facet normal -0.211028 0.674386 -0.707581
    outer loop
      vertex 3.10636 4.1531 15.6957
      vertex 2.48654 3.55656 15.312
      vertex 2.84055 4.10801 15.732
    endloop
  endfacet
  facet normal -0.223017 0.677207 -0.70118
    outer loop
      vertex 2.84055 4.10801 15.732
      vertex 2.48654 3.55656 15.312
      vertex 2.55702 4.03224 15.749
    endloop
  endfacet
  facet normal -0.211173 0.674462 -0.707465
    outer loop
      vertex 2.69636 3.59215 15.2833
      vertex 2.48654 3.55656 15.312
      vertex 3.10636 4.1531 15.6957
    endloop
  endfacet
  facet normal -0.198657 0.67063 -0.714696
    outer loop
      vertex 2.88989 3.60312 15.2398
      vertex 2.69636 3.59215 15.2833
      vertex 3.10636 4.1531 15.6957
    endloop
  endfacet
  facet normal -0.194548 0.614392 -0.764639
    outer loop
      vertex 2.00273 2.14457 14.2241
      vertex 2.12813 2.32989 14.3411
      vertex 2.17583 2.29235 14.2988
    endloop
  endfacet
  facet normal -0.197948 0.615551 -0.762832
    outer loop
      vertex 1.99364 2.14648 14.228
      vertex 2.12813 2.32989 14.3411
      vertex 2.00273 2.14457 14.2241
    endloop
  endfacet
  facet normal -0.193926 0.614006 -0.765108
    outer loop
      vertex 2.12813 2.32989 14.3411
      vertex 1.99364 2.14648 14.228
      vertex 1.94541 2.15106 14.2439
    endloop
  endfacet
  facet normal -0.19128 0.611963 -0.767407
    outer loop
      vertex 2.00897 2.14326 14.2215
      vertex 2.00273 2.14457 14.2241
      vertex 2.17583 2.29235 14.2988
    endloop
  endfacet
  facet normal -0.191991 0.612569 -0.766746
    outer loop
      vertex 2.0718 2.13007 14.1952
      vertex 2.17583 2.29235 14.2988
      vertex 2.21276 2.24497 14.2517
    endloop
  endfacet
  facet normal -0.191725 0.612484 -0.76688
    outer loop
      vertex 2.17583 2.29235 14.2988
      vertex 2.0718 2.13007 14.1952
      vertex 2.01505 2.14198 14.2189
    endloop
  endfacet
  facet normal -0.175996 0.62161 -0.7633
    outer loop
      vertex 2.21276 2.24497 14.2517
      vertex 2.17583 2.29235 14.2988
      vertex 2.88721 2.78196 14.5335
    endloop
  endfacet
  facet normal -0.00502084 0.703185 -0.71099
    outer loop
      vertex 6.79964 5.55333 16.4734
      vertex 6.37207 5.29548 16.2214
      vertex 6.60164 5.80732 16.726
    endloop
  endfacet
  facet normal -0.069504 0.706035 -0.704758
    outer loop
      vertex 6.1886 5.53084 16.4554
      vertex 5.72419 5.19924 16.169
      vertex 5.95161 5.71733 16.6656
    endloop
  endfacet
  facet normal -0.0358972 0.776825 -0.628692
    outer loop
      vertex 6.68708 6.23947 17.2185
      vertex 6.0352 6.15488 17.1512
      vertex 6.35699 6.3949 17.4294
    endloop
  endfacet
  facet normal -0.0791648 0.798237 -0.597119
    outer loop
      vertex 6.0352 6.15488 17.1512
      vertex 5.97215 6.49026 17.6079
      vertex 6.35699 6.3949 17.4294
    endloop
  endfacet
  facet normal 0.1596 0.701898 -0.694167
    outer loop
      vertex 7.31583 5.43288 16.4164
      vertex 7.16914 5.75581 16.7092
      vertex 7.63024 5.56235 16.6196
    endloop
  endfacet
  facet normal 0.0814262 0.689518 -0.719677
    outer loop
      vertex 7.31583 5.43288 16.4164
      vertex 6.93772 5.24937 16.1978
      vertex 7.16914 5.75581 16.7092
    endloop
  endfacet
  facet normal 0.0225051 0.62225 -0.782495
    outer loop
      vertex 6.08427 4.10155 15.211
      vertex 6.07216 4.43322 15.4744
      vertex 6.57104 4.68894 15.6921
    endloop
  endfacet
  facet normal -0.0434532 0.687304 -0.725069
    outer loop
      vertex 5.89112 4.98509 15.956
      vertex 5.72419 5.19924 16.169
      vertex 6.37207 5.29548 16.2214
    endloop
  endfacet
  facet normal -0.0367824 0.726352 -0.686338
    outer loop
      vertex 6.60164 5.80732 16.726
      vertex 5.95161 5.71733 16.6656
      vertex 6.34589 6.00858 16.9527
    endloop
  endfacet
  facet normal 0.00595498 0.751133 -0.660124
    outer loop
      vertex 6.60164 5.80732 16.726
      vertex 6.34589 6.00858 16.9527
      vertex 6.68708 6.23947 17.2185
    endloop
  endfacet
  facet normal -0.0869805 0.617576 -0.781687
    outer loop
      vertex 4.30728 3.20807 14.6309
      vertex 4.2995 3.42101 14.8
      vertex 4.93014 3.79576 15.0259
    endloop
  endfacet
  facet normal -0.122643 0.623882 -0.771836
    outer loop
      vertex 4.2995 3.42101 14.8
      vertex 3.6382 3.01426 14.5763
      vertex 4.25802 3.6108 14.96
    endloop
  endfacet
  facet normal -0.152754 0.593349 -0.790318
    outer loop
      vertex 2.61158 1.91248 13.9111
      vertex 2.58282 1.93025 13.93
      vertex 2.85647 2.02907 13.9513
    endloop
  endfacet
  facet normal -0.121164 0.574689 -0.809353
    outer loop
      vertex 2.9722 1.59267 13.6191
      vertex 3.13884 1.56809 13.5767
      vertex 2.99818 1.5597 13.5918
    endloop
  endfacet
  facet normal -0.121354 0.574088 -0.809751
    outer loop
      vertex 3.13884 1.56809 13.5767
      vertex 2.9722 1.59267 13.6191
      vertex 2.9443 1.6281 13.6484
    endloop
  endfacet
  facet normal -0.123679 0.58683 -0.800209
    outer loop
      vertex 3.40582 2.03035 13.8673
      vertex 2.78564 1.86937 13.8451
      vertex 3.50389 2.25147 14.0143
    endloop
  endfacet
  facet normal -0.0444214 0.604687 -0.795223
    outer loop
      vertex 5.4979 3.51515 14.7727
      vertex 4.90826 3.25984 14.6115
      vertex 5.53397 3.83921 15.0171
    endloop
  endfacet
  facet normal -0.0699063 0.594032 -0.801398
    outer loop
      vertex 4.83684 2.95747 14.3936
      vertex 4.22174 2.72225 14.2729
      vertex 4.90826 3.25984 14.6115
    endloop
  endfacet
  facet normal -0.0588483 0.570611 -0.819109
    outer loop
      vertex 4.57697 2.30043 13.9484
      vertex 4.00512 2.17456 13.9018
      vertex 4.72601 2.63649 14.1718
    endloop
  endfacet
  facet normal -0.0210537 0.559878 -0.828308
    outer loop
      vertex 5.11512 2.40657 14.0065
      vertex 4.72601 2.63649 14.1718
      vertex 5.28732 2.79489 14.2646
    endloop
  endfacet
  facet normal 0.0395803 0.598834 -0.799895
    outer loop
      vertex 6.53982 3.92424 15.1008
      vertex 6.04375 3.73743 14.9364
      vertex 6.08427 4.10155 15.211
    endloop
  endfacet
  facet normal 0.0537705 0.575409 -0.816096
    outer loop
      vertex 6.53982 3.92424 15.1008
      vertex 5.95104 3.34486 14.6535
      vertex 6.04375 3.73743 14.9364
    endloop
  endfacet
  facet normal 0.125644 0.534402 -0.83584
    outer loop
      vertex 6.70003 3.11366 14.5869
      vertex 6.27977 3.03479 14.4733
      vertex 6.43792 3.49279 14.7899
    endloop
  endfacet
  facet normal 0.0651679 0.552009 -0.831288
    outer loop
      vertex 6.43792 3.49279 14.7899
      vertex 5.80714 2.92814 14.3655
      vertex 5.95104 3.34486 14.6535
    endloop
  endfacet
  facet normal -0.0928226 0.579455 -0.809701
    outer loop
      vertex 4.00512 2.17456 13.9018
      vertex 3.40582 2.03035 13.8673
      vertex 3.50389 2.25147 14.0143
    endloop
  endfacet
  facet normal -0.0558068 0.559265 -0.827109
    outer loop
      vertex 4.39137 1.95296 13.7259
      vertex 3.85041 1.88493 13.7164
      vertex 4.00512 2.17456 13.9018
    endloop
  endfacet
  facet normal -0.101348 0.597336 -0.795562
    outer loop
      vertex 4.28127 2.97429 14.4546
      vertex 3.57681 2.46267 14.1602
      vertex 3.6238 2.66163 14.3036
    endloop
  endfacet
  facet normal -0.123774 0.586959 -0.800099
    outer loop
      vertex 3.50389 2.25147 14.0143
      vertex 2.78564 1.86937 13.8451
      vertex 2.85647 2.02907 13.9513
    endloop
  endfacet
  facet normal -0.0587983 0.570557 -0.81915
    outer loop
      vertex 4.72601 2.63649 14.1718
      vertex 4.00512 2.17456 13.9018
      vertex 4.12935 2.45469 14.088
    endloop
  endfacet
  facet normal -0.0928399 0.579399 -0.809739
    outer loop
      vertex 4.00512 2.17456 13.9018
      vertex 3.50389 2.25147 14.0143
      vertex 4.12935 2.45469 14.088
    endloop
  endfacet
  facet normal -0.13965 0.612635 -0.777931
    outer loop
      vertex 2.9579 2.45856 14.2608
      vertex 2.95347 2.57996 14.3572
      vertex 3.6382 3.01426 14.5763
    endloop
  endfacet
  facet normal -0.122656 0.623889 -0.771828
    outer loop
      vertex 3.6382 3.01426 14.5763
      vertex 3.60545 3.16407 14.7026
      vertex 4.25802 3.6108 14.96
    endloop
  endfacet
  facet normal -0.185697 0.607706 -0.772146
    outer loop
      vertex 2.25431 2.08179 14.1125
      vertex 2.21373 2.09531 14.1329
      vertex 2.25281 2.12288 14.1452
    endloop
  endfacet
  facet normal -0.138662 0.490749 -0.860197
    outer loop
      vertex 0.514962 -1.61305 11.9667
      vertex 0.36725 -1.72227 11.9282
      vertex 0.405481 -1.5609 12.0141
    endloop
  endfacet
  facet normal -0.137848 0.489871 -0.860828
    outer loop
      vertex 0.36725 -1.72227 11.9282
      vertex 0.514962 -1.61305 11.9667
      vertex 0.549515 -1.62951 11.9518
    endloop
  endfacet
  facet normal 0.66278 -0.621461 0.417743
    outer loop
      vertex 7.10207 1.79191 15.3879
      vertex 6.79843 1.22347 15.024
      vertex 7.33324 1.95987 15.271
    endloop
  endfacet
  facet normal 0.66248 -0.595711 0.454146
    outer loop
      vertex 7.34589 2.3417 15.7534
      vertex 7.10207 1.79191 15.3879
      vertex 7.33324 1.95987 15.271
    endloop
  endfacet
  facet normal 0.749977 -0.590911 0.297251
    outer loop
      vertex 7.33324 1.95987 15.271
      vertex 7.17132 1.4956 14.7566
      vertex 7.5005 2.11184 15.1511
    endloop
  endfacet
  facet normal 0.753186 -0.52969 0.39005
    outer loop
      vertex 7.96138 3.27711 15.9408
      vertex 7.58871 2.53593 15.6539
      vertex 7.76482 2.70785 15.5473
    endloop
  endfacet
  facet normal 0.568064 -0.565177 0.59823
    outer loop
      vertex 7.64404 3.36147 16.4728
      vertex 7.20969 2.62154 16.1862
      vertex 7.52721 2.8668 16.1164
    endloop
  endfacet
  facet normal 0.579075 -0.58937 0.563307
    outer loop
      vertex 7.52721 2.8668 16.1164
      vertex 7.20969 2.62154 16.1862
      vertex 7.34589 2.3417 15.7534
    endloop
  endfacet
  facet normal 0.608269 -0.479918 0.632208
    outer loop
      vertex 7.93861 4.52306 17.1181
      vertex 7.6951 3.82028 16.8189
      vertex 7.9546 4.08516 16.7703
    endloop
  endfacet
  facet normal 0.708569 -0.422779 0.564967
    outer loop
      vertex 8.12684 4.76383 17.0622
      vertex 7.93861 4.52306 17.1181
      vertex 8.14339 4.31076 16.7024
    endloop
  endfacet
  facet normal 0.505304 -0.579862 0.639083
    outer loop
      vertex 6.93152 2.7845 16.554
      vertex 6.82962 2.35305 16.2431
      vertex 7.20969 2.62154 16.1862
    endloop
  endfacet
  facet normal 0.441525 -0.571062 0.692057
    outer loop
      vertex 6.52439 2.82093 16.8439
      vertex 6.48387 2.45682 16.5693
      vertex 6.97605 3.18468 16.8559
    endloop
  endfacet
  facet normal 0.427993 -0.638262 0.639878
    outer loop
      vertex 6.05376 1.21121 15.7083
      vertex 5.38436 0.597621 15.544
      vertex 5.81279 0.760094 15.4195
    endloop
  endfacet
  facet normal 0.463272 -0.606516 0.646156
    outer loop
      vertex 6.39115 2.06425 16.2864
      vertex 6.24726 1.64752 15.9984
      vertex 6.67147 1.89505 15.9266
    endloop
  endfacet
  facet normal 0.949407 -0.313349 -0.0209515
    outer loop
      vertex 8.07328 3.43767 15.837
      vertex 7.90994 2.97752 15.3173
      vertex 8.11316 3.56605 15.7241
    endloop
  endfacet
  facet normal 0.949409 -0.313342 -0.0209586
    outer loop
      vertex 8.07328 3.43767 15.837
      vertex 7.87229 2.85559 15.4347
      vertex 7.90994 2.97752 15.3173
    endloop
  endfacet
  facet normal 0.795937 0.133345 -0.590511
    outer loop
      vertex 8.08058 3.66083 15.6033
      vertex 7.87737 3.0723 15.1965
      vertex 7.97591 3.72098 15.4758
    endloop
  endfacet
  facet normal -0.722814 0.101798 0.683504
    outer loop
      vertex -3.39757 0.489864 16.4141
      vertex -3.76882 -0.255435 16.1325
      vertex -3.31133 0.395191 16.5194
    endloop
  endfacet
  facet normal -0.508274 0.0320936 0.860597
    outer loop
      vertex -1.54012 2.18039 17.6416
      vertex -2.24221 1.68811 17.2453
      vertex -2.12682 1.5661 17.318
    endloop
  endfacet
  facet normal -0.187923 -0.311299 0.931546
    outer loop
      vertex -1.23733 1.85514 17.6853
      vertex -1.54945 1.13595 17.382
      vertex -1.04004 1.66931 17.663
    endloop
  endfacet
  facet normal -0.381707 -0.118331 0.916678
    outer loop
      vertex -1.54012 2.18039 17.6416
      vertex -2.12682 1.5661 17.318
      vertex -1.40464 2.02612 17.6781
    endloop
  endfacet
  facet normal -0.783459 -0.0634761 0.618194
    outer loop
      vertex -4.50465 -1.52946 15.3316
      vertex -4.87737 -2.0723 14.8035
      vertex -4.77492 -2.1389 14.9265
    endloop
  endfacet
  facet normal -0.442443 -0.303941 0.84372
    outer loop
      vertex -3.79203 -1.0133 15.9379
      vertex -4.33941 -1.58058 15.4465
      vertex -4.11019 -1.6089 15.5565
    endloop
  endfacet
  facet normal -0.419276 -0.180138 0.889808
    outer loop
      vertex -2.49949 0.82492 17.0312
      vertex -3.17239 0.301667 16.6082
      vertex -2.98225 0.210316 16.6793
    endloop
  endfacet
  facet normal -0.697237 0.145791 0.701859
    outer loop
      vertex -2.88117 1.14729 16.7905
      vertex -3.31133 0.395191 16.5194
      vertex -2.8006 1.04542 16.8917
    endloop
  endfacet
  facet normal -0.317208 -0.347799 0.882278
    outer loop
      vertex -3.41467 -0.404668 16.3135
      vertex -3.79203 -1.0133 15.9379
      vertex -3.15571 -0.464801 16.3829
    endloop
  endfacet
  facet normal -0.508256 0.0320595 0.860609
    outer loop
      vertex -1.64229 2.31624 17.5762
      vertex -2.24221 1.68811 17.2453
      vertex -1.54012 2.18039 17.6416
    endloop
  endfacet
  facet normal -0.200203 -0.17783 0.963481
    outer loop
      vertex 0.468215 3.66078 18.4553
      vertex -0.177962 3.14645 18.2261
      vertex 0.550112 3.41525 18.427
    endloop
  endfacet
  facet normal -0.167572 -0.167866 0.971463
    outer loop
      vertex 1.12692 4.13693 18.6512
      vertex 0.468215 3.66078 18.4553
      vertex 0.550112 3.41525 18.427
    endloop
  endfacet
  facet normal 0.0869805 -0.617576 0.781687
    outer loop
      vertex -1.30728 -2.20807 15.3691
      vertex -1.93014 -2.79576 14.9741
      vertex -1.2995 -2.42101 15.2
    endloop
  endfacet
  facet normal 0.0559963 -0.619626 0.782897
    outer loop
      vertex -1.93014 -2.79576 14.9741
      vertex -2.53397 -2.83921 14.9829
      vertex -2.52319 -3.1344 14.7485
    endloop
  endfacet
  facet normal 0.0928224 -0.579453 0.809702
    outer loop
      vertex -0.405822 -1.03035 16.1327
      vertex -1.00512 -1.17456 16.0982
      vertex -0.503886 -1.25147 15.9857
    endloop
  endfacet
  facet normal 0.0928392 -0.579399 0.80974
    outer loop
      vertex -1.00512 -1.17456 16.0982
      vertex -1.12935 -1.45469 15.912
      vertex -0.503886 -1.25147 15.9857
    endloop
  endfacet
  facet normal 0.196879 -0.615904 0.762824
    outer loop
      vertex 0.994792 -1.13278 15.786
      vertex 0.824168 -1.29235 15.7012
      vertex 0.998766 -1.13634 15.7821
    endloop
  endfacet
  facet normal 0.145478 -0.618843 0.771926
    outer loop
      vertex 0.0465307 -1.57996 15.6428
      vertex -0.60545 -2.16407 15.2974
      vertex 0.0701828 -1.68816 15.5516
    endloop
  endfacet
  facet normal 0.182921 -0.604835 0.775058
    outer loop
      vertex 0.920523 -1.06636 15.8573
      vertex 0.761481 -1.18827 15.7997
      vertex 0.922994 -1.06856 15.855
    endloop
  endfacet
  facet normal 0.187372 -0.608739 0.770927
    outer loop
      vertex 0.747186 -1.12288 15.8548
      vertex 0.920523 -1.06636 15.8573
      vertex 0.89053 -1.0319 15.8918
    endloop
  endfacet
  facet normal 0.187356 -0.608689 0.77097
    outer loop
      vertex 0.920523 -1.06636 15.8573
      vertex 0.747186 -1.12288 15.8548
      vertex 0.761481 -1.18827 15.7997
    endloop
  endfacet
  facet normal 0.213034 -0.55251 0.805822
    outer loop
      vertex 3.47097 1.91235 17.3957
      vertex 3.39115 1.83709 17.3652
      vertex 3.39828 1.83138 17.3594
    endloop
  endfacet
  facet normal 0.212704 -0.552264 0.806078
    outer loop
      vertex 3.47097 1.91235 17.3957
      vertex 3.32832 1.88733 17.4162
      vertex 3.39115 1.83709 17.3652
    endloop
  endfacet
  facet normal 0.212668 -0.551775 0.806422
    outer loop
      vertex 3.32832 1.88733 17.4162
      vertex 3.47097 1.91235 17.3957
      vertex 3.30334 1.90284 17.4334
    endloop
  endfacet
  facet normal 0.0782735 -0.423646 0.90244
    outer loop
      vertex 2.35739 3.47921 18.4833
      vertex 1.86279 2.75836 18.1878
      vertex 2.30907 3.01762 18.2708
    endloop
  endfacet
  facet normal 0.0997588 -0.493268 0.864138
    outer loop
      vertex 1.09401 1.77383 17.7428
      vertex 1.37796 1.79254 17.7207
      vertex 1.47829 2.05161 17.857
    endloop
  endfacet
  facet normal 0.0997545 -0.493067 0.864253
    outer loop
      vertex 1.37796 1.79254 17.7207
      vertex 1.09401 1.77383 17.7428
      vertex 1.31993 1.75293 17.7048
    endloop
  endfacet
  facet normal 0.099684 -0.493448 0.864044
    outer loop
      vertex 1.31993 1.75293 17.7048
      vertex 1.09401 1.77383 17.7428
      vertex 1.24905 1.69431 17.6795
    endloop
  endfacet
  facet normal 0.0997907 -0.493298 0.864117
    outer loop
      vertex 1.24905 1.69431 17.6795
      vertex 1.09401 1.77383 17.7428
      vertex 1.17054 1.62938 17.6515
    endloop
  endfacet
  facet normal 0.0978305 -0.494165 0.863846
    outer loop
      vertex 1.17054 1.62938 17.6515
      vertex 1.09401 1.77383 17.7428
      vertex 1.1488 1.60777 17.6416
    endloop
  endfacet
  facet normal 0.0892128 -0.496106 0.863667
    outer loop
      vertex 0.854667 1.26821 17.4767
      vertex 0.717034 1.47378 17.609
      vertex 0.84292 1.2513 17.4682
    endloop
  endfacet
  facet normal 0.088708 -0.496377 0.863563
    outer loop
      vertex 0.90599 1.3421 17.5139
      vertex 0.717034 1.47378 17.609
      vertex 0.854667 1.26821 17.4767
    endloop
  endfacet
  facet normal 0.0886066 -0.496485 0.863511
    outer loop
      vertex 0.964609 1.41187 17.548
      vertex 0.717034 1.47378 17.609
      vertex 0.90599 1.3421 17.5139
    endloop
  endfacet
  facet normal 0.0894449 -0.494289 0.864684
    outer loop
      vertex 0.717034 1.47378 17.609
      vertex 0.964609 1.41187 17.548
      vertex 0.979173 1.4292 17.5564
    endloop
  endfacet
  facet normal 0.132867 -0.483422 0.865246
    outer loop
      vertex 1.86567 2.30407 17.9506
      vertex 2.08205 2.1067 17.8071
      vertex 2.08543 2.10745 17.807
    endloop
  endfacet
  facet normal 0.124549 -0.490529 0.862478
    outer loop
      vertex 1.86567 2.30407 17.9506
      vertex 1.99421 2.08721 17.8087
      vertex 2.08205 2.1067 17.8071
    endloop
  endfacet
  facet normal 0.124558 -0.490525 0.862479
    outer loop
      vertex 1.86567 2.30407 17.9506
      vertex 1.90419 2.05767 17.8049
      vertex 1.99421 2.08721 17.8087
    endloop
  endfacet
  facet normal 0.123636 -0.490691 0.862517
    outer loop
      vertex 1.90419 2.05767 17.8049
      vertex 1.86567 2.30407 17.9506
      vertex 1.86505 2.04482 17.8032
    endloop
  endfacet
  facet normal 0.111317 -0.491389 0.863797
    outer loop
      vertex 1.86567 2.30407 17.9506
      vertex 1.8178 2.02937 17.8005
      vertex 1.86505 2.04482 17.8032
    endloop
  endfacet
  facet normal 0.112095 -0.491451 0.863661
    outer loop
      vertex 1.86567 2.30407 17.9506
      vertex 1.73399 1.99268 17.7905
      vertex 1.8178 2.02937 17.8005
    endloop
  endfacet
  facet normal 0.111441 -0.49127 0.863849
    outer loop
      vertex 1.47829 2.05161 17.857
      vertex 1.73399 1.99268 17.7905
      vertex 1.86567 2.30407 17.9506
    endloop
  endfacet
  facet normal 0.111458 -0.491222 0.863874
    outer loop
      vertex 1.73399 1.99268 17.7905
      vertex 1.47829 2.05161 17.857
      vertex 1.64721 1.9547 17.7801
    endloop
  endfacet
  facet normal 0.167221 -0.519371 0.838028
    outer loop
      vertex 2.50394 2.1786 17.7822
      vertex 2.49683 2.15001 17.7659
      vertex 2.51045 2.1502 17.7633
    endloop
  endfacet
  facet normal 0.15447 -0.518055 0.841283
    outer loop
      vertex 2.50394 2.1786 17.7822
      vertex 2.48768 2.14988 17.7675
      vertex 2.49683 2.15001 17.7659
    endloop
  endfacet
  facet normal 0.214491 -0.622831 0.752379
    outer loop
      vertex 1.21422 -1.29259 15.5986
      vertex 1.15832 -1.37514 15.5462
      vertex 1.21673 -1.2939 15.5968
    endloop
  endfacet
  facet normal 0.200489 -0.6182 0.760021
    outer loop
      vertex 1.21159 -1.29123 15.6004
      vertex 1.15832 -1.37514 15.5462
      vertex 1.21422 -1.29259 15.5986
    endloop
  endfacet
  facet normal 0.225927 -0.641335 0.733244
    outer loop
      vertex 1.40675 -1.38463 15.4655
      vertex 1.20989 -1.8682 15.1032
      vertex 1.41257 -1.38681 15.4618
    endloop
  endfacet
  facet normal 0.219926 -0.640683 0.735635
    outer loop
      vertex 1.39605 -1.38061 15.4722
      vertex 1.20989 -1.8682 15.1032
      vertex 1.40675 -1.38463 15.4655
    endloop
  endfacet
  facet normal 0.220971 -0.64078 0.735236
    outer loop
      vertex 1.20989 -1.8682 15.1032
      vertex 1.39605 -1.38061 15.4722
      vertex 1.03992 -1.92842 15.1018
    endloop
  endfacet
  facet normal 0.235949 -0.660507 0.712782
    outer loop
      vertex 1.38634 -1.79162 15.1157
      vertex 0.972621 -2.41337 14.6765
      vertex 1.21693 -2.30732 14.6939
    endloop
  endfacet
  facet normal 0.302595 -0.668287 0.679579
    outer loop
      vertex 2.71459 -1.29873 15.0772
      vertex 2.95219 -1.48564 14.7876
      vertex 2.73355 -1.28984 15.0775
    endloop
  endfacet
  facet normal 0.30192 -0.668811 0.679364
    outer loop
      vertex 2.95219 -1.48564 14.7876
      vertex 2.71459 -1.29873 15.0772
      vertex 2.6475 -1.75158 14.6612
    endloop
  endfacet
  facet normal 0.2772 -0.652883 0.704914
    outer loop
      vertex 2.65558 -1.32642 15.076
      vertex 2.47746 -1.48583 14.9984
      vertex 2.66535 -1.32184 15.0764
    endloop
  endfacet
  facet normal 0.275835 -0.652012 0.706255
    outer loop
      vertex 2.59158 -1.35642 15.0733
      vertex 2.47746 -1.48583 14.9984
      vertex 2.65558 -1.32642 15.076
    endloop
  endfacet
  facet normal 0.277331 -0.65265 0.705079
    outer loop
      vertex 2.47746 -1.48583 14.9984
      vertex 2.59158 -1.35642 15.0733
      vertex 2.47603 -1.39677 15.0814
    endloop
  endfacet
  facet normal 0.346557 -0.611325 0.711463
    outer loop
      vertex 4.77631 1.10858 16.3305
      vertex 4.68393 0.841023 16.1456
      vertex 5.35884 1.43858 16.3303
    endloop
  endfacet
  facet normal 0.28633 -0.72263 0.629143
    outer loop
      vertex 0.889253 -3.24115 13.8649
      vertex 0.734565 -3.64904 13.4668
      vertex 1.27011 -3.04732 13.9142
    endloop
  endfacet
  facet normal 0.257404 -0.680366 0.686181
    outer loop
      vertex 1.46753 -2.17979 14.7263
      vertex 1.05063 -2.79227 14.2754
      vertex 1.3681 -2.63071 14.3165
    endloop
  endfacet
  facet normal 0.261803 -0.580078 0.771342
    outer loop
      vertex 3.79797 1.30897 16.8668
      vertex 4.18653 1.4733 16.8585
      vertex 4.12753 1.60318 16.9762
    endloop
  endfacet
  facet normal 0.261676 -0.579927 0.771499
    outer loop
      vertex 4.18653 1.4733 16.8585
      vertex 3.80333 1.2968 16.8558
      vertex 3.82591 1.24566 16.8097
    endloop
  endfacet
  facet normal 0.262171 -0.580988 0.770532
    outer loop
      vertex 4.18653 1.4733 16.8585
      vertex 3.79797 1.30897 16.8668
      vertex 3.80333 1.2968 16.8558
    endloop
  endfacet
  facet normal 0.272367 -0.563633 0.77983
    outer loop
      vertex 4.63067 2.29916 17.3035
      vertex 4.04292 1.71172 17.0842
      vertex 4.12753 1.60318 16.9762
    endloop
  endfacet
  facet normal 0.278636 -0.59724 0.752108
    outer loop
      vertex 4.22542 1.1554 16.5987
      vertex 3.90984 0.944071 16.5478
      vertex 3.91927 0.89495 16.5053
    endloop
  endfacet
  facet normal 0.225288 -0.315156 0.921912
    outer loop
      vertex 5.81932 5.70228 18.8004
      vertex 5.14922 5.2648 18.8146
      vertex 5.60212 5.29047 18.7127
    endloop
  endfacet
  facet normal 0.22366 -0.375242 0.899539
    outer loop
      vertex 5.60212 5.29047 18.7127
      vertex 5.14922 5.2648 18.8146
      vertex 5.33998 4.82618 18.5842
    endloop
  endfacet
  facet normal 0.262955 -0.532817 0.804339
    outer loop
      vertex 4.81626 3.0926 17.7737
      vertex 4.49223 2.4081 17.4262
      vertex 5.01803 2.99759 17.6448
    endloop
  endfacet
  facet normal 0.263127 -0.532856 0.804256
    outer loop
      vertex 4.81626 3.0926 17.7737
      vertex 4.32404 2.4873 17.5337
      vertex 4.49223 2.4081 17.4262
    endloop
  endfacet
  facet normal 0.261674 -0.556259 0.788735
    outer loop
      vertex 4.63067 2.29916 17.3035
      vertex 3.93364 1.79771 17.1811
      vertex 4.04292 1.71172 17.0842
    endloop
  endfacet
  facet normal 0.247189 -0.569372 0.784036
    outer loop
      vertex 3.70396 1.48621 17.0273
      vertex 4.04292 1.71172 17.0842
      vertex 3.93364 1.79771 17.1811
    endloop
  endfacet
  facet normal 0.246896 -0.569179 0.784269
    outer loop
      vertex 4.04292 1.71172 17.0842
      vertex 3.72483 1.45097 16.9951
      vertex 3.74347 1.41951 16.9664
    endloop
  endfacet
  facet normal 0.247411 -0.569638 0.783773
    outer loop
      vertex 4.04292 1.71172 17.0842
      vertex 3.70396 1.48621 17.0273
      vertex 3.72483 1.45097 16.9951
    endloop
  endfacet
  facet normal 0.272038 -0.563495 0.780044
    outer loop
      vertex 4.63067 2.29916 17.3035
      vertex 4.12753 1.60318 16.9762
      vertex 4.73785 2.16167 17.1668
    endloop
  endfacet
  facet normal 0.281614 -0.570936 0.771184
    outer loop
      vertex 4.73785 2.16167 17.1668
      vertex 4.12753 1.60318 16.9762
      vertex 4.18653 1.4733 16.8585
    endloop
  endfacet
  facet normal 0.290873 -0.550977 0.782187
    outer loop
      vertex 5.18412 2.86689 17.4976
      vertex 4.63067 2.29916 17.3035
      vertex 5.3127 2.70195 17.3336
    endloop
  endfacet
  facet normal 0.354997 -0.534299 0.767138
    outer loop
      vertex 6.33124 3.70447 17.5889
      vertex 5.84578 3.2181 17.4748
      vertex 5.94939 2.99002 17.268
    endloop
  endfacet
  facet normal 0.341684 -0.561112 0.753927
    outer loop
      vertex 5.94939 2.99002 17.268
      vertex 5.40237 2.50455 17.1546
      vertex 5.45214 2.27688 16.9626
    endloop
  endfacet
  facet normal 0.387473 -0.564597 0.728763
    outer loop
      vertex 6.51227 3.1526 17.1073
      vertex 6.01768 2.43175 16.8118
      vertex 6.52439 2.82093 16.8439
    endloop
  endfacet
  facet normal 0.387408 -0.516509 0.763631
    outer loop
      vertex 6.76377 4.15574 17.6747
      vertex 6.33124 3.70447 17.5889
      vertex 6.44766 3.4482 17.3565
    endloop
  endfacet
  facet normal 0.31182 -0.536546 0.784147
    outer loop
      vertex 5.6972 3.4087 17.6643
      vertex 5.18412 2.86689 17.4976
      vertex 5.84578 3.2181 17.4748
    endloop
  endfacet
  facet normal 0.410781 -0.594909 0.6909
    outer loop
      vertex 6.48387 2.45682 16.5693
      vertex 5.98161 2.10769 16.5673
      vertex 6.39115 2.06425 16.2864
    endloop
  endfacet
  facet normal 0.354048 -0.573685 0.738604
    outer loop
      vertex 6.01768 2.43175 16.8118
      vertex 5.45214 2.27688 16.9626
      vertex 5.46147 2.02141 16.7597
    endloop
  endfacet
  facet normal 0.13854 -0.490972 0.860089
    outer loop
      vertex 2.63275 2.72227 18.0718
      vertex 2.2519 2.52844 18.0225
      vertex 2.50394 2.1786 17.7822
    endloop
  endfacet
  facet normal 0.15312 -0.492608 0.856675
    outer loop
      vertex 2.63275 2.72227 18.0718
      vertex 2.50394 2.1786 17.7822
      vertex 3.00405 2.88342 18.0981
    endloop
  endfacet
  facet normal 0.130719 -0.390636 0.911217
    outer loop
      vertex 3.46956 4.41469 18.7656
      vertex 3.33391 3.94009 18.5816
      vertex 3.97994 4.59551 18.7699
    endloop
  endfacet
  facet normal 0.112072 -0.338549 0.934251
    outer loop
      vertex 4.13441 5.04154 18.913
      vertex 3.46956 4.41469 18.7656
      vertex 3.97994 4.59551 18.7699
    endloop
  endfacet
  facet normal 0.185904 -0.360618 0.913999
    outer loop
      vertex 4.65818 5.18152 18.8816
      vertex 4.46529 4.72522 18.7408
      vertex 4.9203 4.80239 18.6787
    endloop
  endfacet
  facet normal 0.148593 -0.348393 0.925496
    outer loop
      vertex 4.65818 5.18152 18.8816
      vertex 4.13441 5.04154 18.913
      vertex 4.46529 4.72522 18.7408
    endloop
  endfacet
  facet normal 0.174351 -0.520193 0.836063
    outer loop
      vertex 3.1116 2.41857 17.8066
      vertex 2.95358 2.07229 17.6241
      vertex 2.95939 2.07038 17.6217
    endloop
  endfacet
  facet normal 0.177595 -0.521036 0.834854
    outer loop
      vertex 2.81345 2.31294 17.8041
      vertex 2.95358 2.07229 17.6241
      vertex 3.1116 2.41857 17.8066
    endloop
  endfacet
  facet normal 0.177837 -0.520914 0.834879
    outer loop
      vertex 2.95358 2.07229 17.6241
      vertex 2.81345 2.31294 17.8041
      vertex 2.87126 2.09932 17.6585
    endloop
  endfacet
  facet normal 0.177816 -0.52092 0.83488
    outer loop
      vertex 2.87126 2.09932 17.6585
      vertex 2.81345 2.31294 17.8041
      vertex 2.82567 2.10876 17.6741
    endloop
  endfacet
  facet normal 0.189786 -0.523868 0.830388
    outer loop
      vertex 3.1116 2.41857 17.8066
      vertex 3.03528 2.04505 17.5884
      vertex 3.39513 2.49434 17.7896
    endloop
  endfacet
  facet normal 0.189527 -0.523854 0.830456
    outer loop
      vertex 3.1116 2.41857 17.8066
      vertex 3.03279 2.04621 17.5897
      vertex 3.03528 2.04505 17.5884
    endloop
  endfacet
  facet normal 0.189548 -0.523856 0.83045
    outer loop
      vertex 3.03279 2.04621 17.5897
      vertex 3.1116 2.41857 17.8066
      vertex 2.95939 2.07038 17.6217
    endloop
  endfacet
  facet normal 0.0745948 -0.381293 0.92144
    outer loop
      vertex 2.93975 4.18473 18.7281
      vertex 2.35739 3.47921 18.4833
      vertex 2.85185 3.73085 18.5474
    endloop
  endfacet
  facet normal 0.0747393 -0.381393 0.921387
    outer loop
      vertex 2.39631 3.90816 18.6577
      vertex 2.35739 3.47921 18.4833
      vertex 2.93975 4.18473 18.7281
    endloop
  endfacet
  facet normal 0.0583055 -0.424413 0.90359
    outer loop
      vertex 1.85594 3.18791 18.39
      vertex 1.35301 2.86014 18.2685
      vertex 1.86279 2.75836 18.1878
    endloop
  endfacet
  facet normal 0.0582696 -0.424545 0.90353
    outer loop
      vertex 1.86279 2.75836 18.1878
      vertex 1.35301 2.86014 18.2685
      vertex 1.41518 2.46665 18.0796
    endloop
  endfacet
  facet normal -0.0203334 -0.468153 0.883414
    outer loop
      vertex -0.673571 0.643552 17.2128
      vertex -1.39368 0.351582 17.0415
      vertex -1.02936 0.234048 16.9876
    endloop
  endfacet
  facet normal 0.0221759 -0.49648 0.867765
    outer loop
      vertex -0.673571 0.643552 17.2128
      vertex -1.02936 0.234048 16.9876
      vertex -0.329404 0.473829 17.1069
    endloop
  endfacet
  facet normal 0.0713513 -0.506168 0.859478
    outer loop
      vertex 0.602382 0.87197 17.2699
      vertex 0.00140858 0.820196 17.2893
      vertex 0.310558 0.593112 17.1299
    endloop
  endfacet
  facet normal 0.0468389 -0.472198 0.880247
    outer loop
      vertex 0.53557 1.79897 17.7931
      vertex 0.351501 1.15473 17.4573
      vertex 0.717034 1.47378 17.609
    endloop
  endfacet
  facet normal 0.0793481 -0.50064 0.862011
    outer loop
      vertex 0.717034 1.47378 17.609
      vertex 0.794021 1.18122 17.432
      vertex 0.84292 1.2513 17.4682
    endloop
  endfacet
  facet normal 0.0772629 -0.501131 0.861916
    outer loop
      vertex 0.717034 1.47378 17.609
      vertex 0.77174 1.14201 17.4112
      vertex 0.794021 1.18122 17.432
    endloop
  endfacet
  facet normal 0.0793946 -0.500784 0.861923
    outer loop
      vertex 0.77174 1.14201 17.4112
      vertex 0.717034 1.47378 17.609
      vertex 0.351501 1.15473 17.4573
    endloop
  endfacet
  facet normal -0.142251 -0.430211 0.89145
    outer loop
      vertex -2.45726 0.0381012 16.7657
      vertex -2.48814 -0.552811 16.4756
      vertex -2.12817 -0.0408754 16.7801
    endloop
  endfacet
  facet normal -0.129502 -0.389209 0.912001
    outer loop
      vertex -1.54945 1.13595 17.382
      vertex -1.72631 0.470742 17.073
      vertex -1.28695 0.976437 17.3512
    endloop
  endfacet
  facet normal 0.0153715 -0.531961 0.84663
    outer loop
      vertex -1.17122 -0.597898 16.4932
      vertex -1.90065 -1.00508 16.2506
      vertex -1.39137 -0.952963 16.2741
    endloop
  endfacet
  facet normal 0.0171814 -0.545675 0.837821
    outer loop
      vertex -1.39137 -0.952963 16.2741
      vertex -1.90065 -1.00508 16.2506
      vertex -1.57697 -1.30043 16.0516
    endloop
  endfacet
  facet normal 0.0542278 -0.548631 0.834304
    outer loop
      vertex -0.666901 -0.588957 16.4663
      vertex -1.17122 -0.597898 16.4932
      vertex -0.850406 -0.884927 16.2836
    endloop
  endfacet
  facet normal 0.0596697 -0.520508 0.851769
    outer loop
      vertex -0.329404 0.473829 17.1069
      vertex -0.637315 0.119429 16.9119
      vertex -0.221857 0.00897789 16.8153
    endloop
  endfacet
  facet normal 0.408233 -0.534757 0.739852
    outer loop
      vertex 6.89172 3.87408 17.4193
      vertex 6.44766 3.4482 17.3565
      vertex 6.96274 3.54921 17.1453
    endloop
  endfacet
  facet normal 0.408247 -0.534585 0.739969
    outer loop
      vertex 6.96274 3.54921 17.1453
      vertex 6.44766 3.4482 17.3565
      vertex 6.51227 3.1526 17.1073
    endloop
  endfacet
  facet normal 0.532189 -0.514505 0.672354
    outer loop
      vertex 7.67983 4.23821 17.1508
      vertex 7.35335 3.9124 17.1599
      vertex 7.36772 3.51902 16.8475
    endloop
  endfacet
  facet normal 0.473343 -0.537145 0.698156
    outer loop
      vertex 7.35335 3.9124 17.1599
      vertex 6.96274 3.54921 17.1453
      vertex 7.36772 3.51902 16.8475
    endloop
  endfacet
  facet normal 0.364121 -0.498569 0.786667
    outer loop
      vertex 6.76377 4.15574 17.6747
      vertex 6.1643 3.91863 17.8019
      vertex 6.33124 3.70447 17.5889
    endloop
  endfacet
  facet normal 0.335884 -0.519563 0.785644
    outer loop
      vertex 6.1643 3.91863 17.8019
      vertex 5.84578 3.2181 17.4748
      vertex 6.33124 3.70447 17.5889
    endloop
  endfacet
  facet normal 0.486746 -0.7836 0.386069
    outer loop
      vertex 3.34917 -2.74658 12.8401
      vertex 2.69658 -3.12416 12.8965
      vertex 2.73246 -3.23746 12.6213
    endloop
  endfacet
  facet normal 0.535278 -0.797083 0.279529
    outer loop
      vertex 3.34917 -2.74658 12.8401
      vertex 2.73246 -3.23746 12.6213
      vertex 3.40102 -2.79547 12.6014
    endloop
  endfacet
  facet normal 0.336138 -0.67934 0.65231
    outer loop
      vertex 3.24402 -1.20678 14.9277
      vertex 3.1705 -1.67362 14.4794
      vertex 3.52059 -1.33908 14.6474
    endloop
  endfacet
  facet normal 0.366605 -0.694526 0.61906
    outer loop
      vertex 3.52059 -1.33908 14.6474
      vertex 3.1705 -1.67362 14.4794
      vertex 3.77503 -1.45123 14.3709
    endloop
  endfacet
  facet normal 0.294623 -0.672705 0.678724
    outer loop
      vertex 2.6475 -1.75158 14.6612
      vertex 2.22941 -1.68326 14.9104
      vertex 2.33327 -2.0017 14.5497
    endloop
  endfacet
  facet normal 0.241627 -0.640913 0.728592
    outer loop
      vertex 1.86035 -1.48534 15.2316
      vertex 1.75087 -1.59289 15.1733
      vertex 1.91638 -1.48502 15.2133
    endloop
  endfacet
  facet normal 0.24181 -0.641017 0.72844
    outer loop
      vertex 1.79631 -1.47802 15.2593
      vertex 1.75087 -1.59289 15.1733
      vertex 1.86035 -1.48534 15.2316
    endloop
  endfacet
  facet normal 0.239249 -0.640788 0.729487
    outer loop
      vertex 1.75087 -1.59289 15.1733
      vertex 1.79631 -1.47802 15.2593
      vertex 1.7809 -1.47626 15.2659
    endloop
  endfacet
  facet normal 0.332489 -0.713569 0.61666
    outer loop
      vertex 2.51255 -2.55314 13.847
      vertex 2.04371 -2.5705 14.0797
      vertex 2.06852 -2.87411 13.715
    endloop
  endfacet
  facet normal 0.358814 -0.733687 0.577023
    outer loop
      vertex 2.51255 -2.55314 13.847
      vertex 2.06852 -2.87411 13.715
      vertex 2.0871 -3.14076 13.3644
    endloop
  endfacet
  facet normal 0.388756 -0.657343 0.645577
    outer loop
      vertex 4.69322 0.0790129 15.4435
      vertex 4.44095 -0.279761 15.2301
      vertex 5.12998 0.187348 15.2908
    endloop
  endfacet
  facet normal 0.385842 -0.667619 0.636719
    outer loop
      vertex 4.83849 -0.227208 15.0443
      vertex 4.44095 -0.279761 15.2301
      vertex 4.51306 -0.641508 14.8071
    endloop
  endfacet
  facet normal 0.466935 -0.686203 0.55776
    outer loop
      vertex 5.19945 -0.166687 14.858
      vertex 4.8338 -0.632196 14.5914
      vertex 5.51987 -0.0988626 14.6732
    endloop
  endfacet
  facet normal 0.42398 -0.677343 0.601205
    outer loop
      vertex 5.19945 -0.166687 14.858
      vertex 4.51306 -0.641508 14.8071
      vertex 4.8338 -0.632196 14.5914
    endloop
  endfacet
  facet normal 0.38968 -0.646399 0.655986
    outer loop
      vertex 4.91337 0.434079 15.6626
      vertex 4.69322 0.0790129 15.4435
      vertex 5.12998 0.187348 15.2908
    endloop
  endfacet
  facet normal 0.354271 -0.640248 0.681597
    outer loop
      vertex 4.91337 0.434079 15.6626
      vertex 4.40498 0.271258 15.7739
      vertex 4.69322 0.0790129 15.4435
    endloop
  endfacet
  facet normal 0.318895 -0.618681 0.718011
    outer loop
      vertex 4.68393 0.841023 16.1456
      vertex 3.9869 0.339576 16.0231
      vertex 4.5597 0.560895 15.9594
    endloop
  endfacet
  facet normal 0.321027 -0.626414 0.710315
    outer loop
      vertex 4.5597 0.560895 15.9594
      vertex 3.9869 0.339576 16.0231
      vertex 4.40498 0.271258 15.7739
    endloop
  endfacet
  facet normal 0.283393 -0.603603 0.745219
    outer loop
      vertex 4.15789 0.771901 16.3161
      vertex 3.93751 0.70152 16.3429
      vertex 3.93811 0.694394 16.3369
    endloop
  endfacet
  facet normal 0.283327 -0.603356 0.745444
    outer loop
      vertex 4.15789 0.771901 16.3161
      vertex 3.93811 0.694394 16.3369
      vertex 3.93748 0.656292 16.3063
    endloop
  endfacet
  facet normal 0.469634 -0.623691 0.624863
    outer loop
      vertex 6.67147 1.89505 15.9266
      vertex 6.05376 1.21121 15.7083
      vertex 6.45881 1.41552 15.6078
    endloop
  endfacet
  facet normal 0.473753 -0.656154 0.587384
    outer loop
      vertex 6.19397 0.919717 15.2903
      vertex 5.52697 0.299109 15.135
      vertex 5.87984 0.413073 14.9777
    endloop
  endfacet
  facet normal 0.380588 -0.611188 0.693976
    outer loop
      vertex 5.8991 1.75831 16.3156
      vertex 5.35884 1.43858 16.3303
      vertex 5.77103 1.38743 16.0592
    endloop
  endfacet
  facet normal 0.522526 -0.620493 0.58477
    outer loop
      vertex 6.67147 1.89505 15.9266
      vertex 6.45881 1.41552 15.6078
      vertex 7.03902 2.12729 15.8446
    endloop
  endfacet
  facet normal 0.650819 -0.670017 0.357088
    outer loop
      vertex 6.43828 0.642595 14.6655
      vertex 6.02557 0.0556555 14.3164
      vertex 6.63773 0.755641 14.5141
    endloop
  endfacet
  facet normal 0.650831 -0.670019 0.357061
    outer loop
      vertex 6.63773 0.755641 14.5141
      vertex 6.02557 0.0556555 14.3164
      vertex 6.2053 0.140656 14.1483
    endloop
  endfacet
  facet normal -0.00353609 -0.975307 0.220824
    outer loop
      vertex -2.9488 -5.81974 11.7471
      vertex -3.4208 -5.78264 11.9034
      vertex -3.08271 -5.86413 11.5489
    endloop
  endfacet
  facet normal 0.0913938 -0.98313 0.158439
    outer loop
      vertex -2.9488 -5.81974 11.7471
      vertex -3.08271 -5.86413 11.5489
      vertex -2.54932 -5.8339 11.4288
    endloop
  endfacet
  facet normal -0.199331 -0.656816 0.727228
    outer loop
      vertex -4.39726 -4.06041 13.8976
      vertex -4.71555 -4.17208 13.7095
      vertex -4.63024 -4.56235 13.3804
    endloop
  endfacet
  facet normal -0.101955 -0.951968 0.288726
    outer loop
      vertex -3.83801 -5.67927 12.0969
      vertex -3.99195 -5.7205 11.9066
      vertex -3.4208 -5.78264 11.9034
    endloop
  endfacet
  facet normal 0.0598385 -0.915435 0.397994
    outer loop
      vertex -2.76614 -5.70611 11.981
      vertex -3.4208 -5.78264 11.9034
      vertex -2.9488 -5.81974 11.7471
    endloop
  endfacet
  facet normal 0.131053 -0.928091 0.348529
    outer loop
      vertex -2.76614 -5.70611 11.981
      vertex -2.9488 -5.81974 11.7471
      vertex -2.42717 -5.79017 11.6297
    endloop
  endfacet
  facet normal 0.401774 -0.821348 0.404926
    outer loop
      vertex 0.913583 -4.28615 12.4658
      vertex 0.838201 -4.47196 12.1637
      vertex 1.47006 -4.1049 12.2813
    endloop
  endfacet
  facet normal 0.397972 -0.786063 0.472994
    outer loop
      vertex 1.5465 -3.72775 12.8981
      vertex 1.50833 -3.94065 12.5764
      vertex 2.09925 -3.36751 13.0317
    endloop
  endfacet
  facet normal 0.312816 -0.803378 0.506685
    outer loop
      vertex 0.451951 -4.32447 12.7252
      vertex -0.244632 -4.83278 12.3493
      vertex 0.327122 -4.58461 12.3898
    endloop
  endfacet
  facet normal 0.371653 -0.793864 0.481305
    outer loop
      vertex 0.99539 -4.0479 12.7956
      vertex 0.913583 -4.28615 12.4658
      vertex 1.5465 -3.72775 12.8981
    endloop
  endfacet
  facet normal 0.397085 -0.861075 0.317606
    outer loop
      vertex 0.838201 -4.47196 12.1637
      vertex 0.215142 -4.78905 12.083
      vertex 0.770069 -4.6033 11.8928
    endloop
  endfacet
  facet normal 0.432738 -0.810405 0.394944
    outer loop
      vertex 1.50833 -3.94065 12.5764
      vertex 1.47006 -4.1049 12.2813
      vertex 2.10379 -3.69189 12.4344
    endloop
  endfacet
  facet normal 0.333759 -0.942476 0.0185298
    outer loop
      vertex -0.624021 -5.30829 11.5216
      vertex -1.25838 -5.53304 11.5163
      vertex -0.705553 -5.34116 11.3183
    endloop
  endfacet
  facet normal 0.333757 -0.942477 0.0185228
    outer loop
      vertex -1.25838 -5.53304 11.5163
      vertex -1.3542 -5.57097 11.3129
      vertex -0.705553 -5.34116 11.3183
    endloop
  endfacet
  facet normal 0.397287 -0.865456 -0.305204
    outer loop
      vertex -0.0322075 -5.0489 11.366
      vertex -0.762921 -5.31003 11.1553
      vertex -0.0821161 -5.01454 11.2036
    endloop
  endfacet
  facet normal 0.46116 -0.797741 0.38851
    outer loop
      vertex 2.10484 -3.5519 12.7206
      vertex 2.10379 -3.69189 12.4344
      vertex 2.69658 -3.12416 12.8965
    endloop
  endfacet
  facet normal 0.422212 -0.776466 0.467801
    outer loop
      vertex 2.69658 -3.12416 12.8965
      vertex 2.09925 -3.36751 13.0317
      vertex 2.10484 -3.5519 12.7206
    endloop
  endfacet
  facet normal 0.585879 -0.757593 0.287746
    outer loop
      vertex 4.5199 -1.67735 13.3631
      vertex 3.94717 -2.22464 13.0883
      vertex 4.02759 -2.24859 12.8615
    endloop
  endfacet
  facet normal 0.585895 -0.757589 0.287725
    outer loop
      vertex 4.5199 -1.67735 13.3631
      vertex 4.02759 -2.24859 12.8615
      vertex 4.62769 -1.67515 13.1494
    endloop
  endfacet
  facet normal 0.507084 -0.709641 0.489158
    outer loop
      vertex 5.36258 -0.576597 14.1759
      vertex 4.67865 -1.11618 14.1021
      vertex 4.88844 -1.12233 13.8757
    endloop
  endfacet
  facet normal 0.495197 -0.725091 0.478563
    outer loop
      vertex 4.67865 -1.11618 14.1021
      vertex 4.37903 -1.65569 13.5947
      vertex 4.88844 -1.12233 13.8757
    endloop
  endfacet
  facet normal 0.693348 -0.698916 0.175457
    outer loop
      vertex 5.72254 -0.473946 13.7964
      vertex 5.19475 -1.08143 13.4622
      vertex 5.834 -0.406302 13.6254
    endloop
  endfacet
  facet normal 0.712501 -0.673111 0.198149
    outer loop
      vertex 6.2053 0.140656 14.1483
      vertex 5.72254 -0.473946 13.7964
      vertex 5.834 -0.406302 13.6254
    endloop
  endfacet
  facet normal 0.783042 -0.621856 0.0118792
    outer loop
      vertex 6.4087 0.321495 13.8418
      vertex 5.834 -0.406302 13.6254
      vertex 5.89797 -0.328729 13.4695
    endloop
  endfacet
  facet normal 0.758371 -0.651692 -0.0130897
    outer loop
      vertex 5.834 -0.406302 13.6254
      vertex 5.33958 -0.971425 13.116
      vertex 5.89797 -0.328729 13.4695
    endloop
  endfacet
  facet normal 0.75837 -0.651694 -0.0130861
    outer loop
      vertex 5.834 -0.406302 13.6254
      vertex 5.28791 -1.03484 13.2797
      vertex 5.33958 -0.971425 13.116
    endloop
  endfacet
  facet normal 0.693337 -0.698916 0.1755
    outer loop
      vertex 5.834 -0.406302 13.6254
      vertex 5.19475 -1.08143 13.4622
      vertex 5.28791 -1.03484 13.2797
    endloop
  endfacet
  facet normal 0.830371 -0.307435 -0.464724
    outer loop
      vertex 6.43014 0.415351 13.7068
      vertex 6.39757 0.510135 13.5859
      vertex 6.86012 1.16797 13.9772
    endloop
  endfacet
  facet normal 0.588544 0.127728 -0.798312
    outer loop
      vertex 6.76882 1.25543 13.8675
      vertex 6.61979 1.33462 13.7703
      vertex 7.01023 1.96434 14.1589
    endloop
  endfacet
  facet normal 0.638675 -0.221843 -0.736804
    outer loop
      vertex 5.3166 -0.797108 12.852
      vertex 4.64229 -1.31624 12.4238
      vertex 5.24221 -0.688112 12.7547
    endloop
  endfacet
  facet normal 0.478938 -0.0613743 -0.875701
    outer loop
      vertex 4.64229 -1.31624 12.4238
      vertex 3.91922 -1.7737 12.0604
      vertex 4.54012 -1.18039 12.3584
    endloop
  endfacet
  facet normal 0.5563 0.0383274 -0.830097
    outer loop
      vertex 5.8006 -0.0454159 13.1083
      vertex 5.6729 0.0624342 13.0277
      vertex 6.17239 0.698332 13.3918
    endloop
  endfacet
  facet normal 0.534276 0.000882089 -0.845309
    outer loop
      vertex 5.8006 -0.0454159 13.1083
      vertex 5.24221 -0.688112 12.7547
      vertex 5.6729 0.0624342 13.0277
    endloop
  endfacet
  facet normal 0.763474 -0.584851 -0.273963
    outer loop
      vertex 5.34918 -0.891891 12.9729
      vertex 4.73966 -1.59955 12.785
      vertex 4.74261 -1.52698 12.6383
    endloop
  endfacet
  facet normal 0.730258 -0.618067 -0.291062
    outer loop
      vertex 4.73966 -1.59955 12.785
      vertex 4.10478 -2.20623 12.4804
      vertex 4.74261 -1.52698 12.6383
    endloop
  endfacet
  facet normal -0.0364269 0.639621 -0.767827
    outer loop
      vertex 6.07216 4.43322 15.4744
      vertex 5.46568 4.39748 15.4734
      vertex 6.00754 4.72881 15.7237
    endloop
  endfacet
  facet normal -0.0543348 0.656938 -0.751984
    outer loop
      vertex 6.00754 4.72881 15.7237
      vertex 5.46568 4.39748 15.4734
      vertex 5.89112 4.98509 15.956
    endloop
  endfacet
  facet normal -0.0559963 0.619626 -0.782897
    outer loop
      vertex 5.53397 3.83921 15.0171
      vertex 4.93014 3.79576 15.0259
      vertex 5.52319 4.1344 15.2515
    endloop
  endfacet
  facet normal -0.0692925 0.634302 -0.769974
    outer loop
      vertex 5.52319 4.1344 15.2515
      vertex 4.93014 3.79576 15.0259
      vertex 5.46568 4.39748 15.4734
    endloop
  endfacet
  facet normal 0.00277386 0.644924 -0.764242
    outer loop
      vertex 6.57104 4.68894 15.6921
      vertex 6.00754 4.72881 15.7237
      vertex 6.50002 5.01382 15.966
    endloop
  endfacet
  facet normal 0.0514596 0.65027 -0.757959
    outer loop
      vertex 6.57104 4.68894 15.6921
      vertex 6.50002 5.01382 15.966
      vertex 6.93772 5.24937 16.1978
    endloop
  endfacet
  facet normal 0.135304 0.50619 -0.851742
    outer loop
      vertex 6.47054 2.59617 14.2429
      vertex 6.06711 2.55526 14.1545
      vertex 6.70003 3.11366 14.5869
    endloop
  endfacet
  facet normal 0.141217 0.479236 -0.866251
    outer loop
      vertex 6.18472 2.06112 13.9003
      vertex 6.06711 2.55526 14.1545
      vertex 6.47054 2.59617 14.2429
    endloop
  endfacet
  facet normal 0.327666 0.0724368 -0.942013
    outer loop
      vertex 3.91922 -1.7737 12.0604
      vertex 3.17796 -2.14645 11.7739
      vertex 3.80454 -1.59957 12.0339
    endloop
  endfacet
  facet normal 0.170474 0.293851 -0.940527
    outer loop
      vertex 4.23733 -0.855141 12.3147
      vertex 3.6646 -1.40243 12.0399
      vertex 4.04004 -0.66931 12.337
    endloop
  endfacet
  facet normal 0.201792 0.331629 -0.921576
    outer loop
      vertex 5.28226 0.291285 12.9322
      vertex 4.54945 -0.135952 12.618
      vertex 5.02359 0.409777 12.9182
    endloop
  endfacet
  facet normal 0.304162 0.281998 -0.909925
    outer loop
      vertex 5.49949 0.175079 12.9688
      vertex 5.28226 0.291285 12.9322
      vertex 5.743 0.877861 13.268
    endloop
  endfacet
  facet normal -0.0542266 0.548631 -0.834304
    outer loop
      vertex 4.17122 1.5979 13.5068
      vertex 3.6669 1.58896 13.5337
      vertex 3.85041 1.88493 13.7164
    endloop
  endfacet
  facet normal -0.0902733 0.570687 -0.816191
    outer loop
      vertex 3.85041 1.88493 13.7164
      vertex 3.28369 1.80172 13.7209
      vertex 4.00512 2.17456 13.9018
    endloop
  endfacet
  facet normal -0.121519 0.568893 -0.813384
    outer loop
      vertex 3.05193 1.49162 13.5362
      vertex 3.13884 1.56809 13.5767
      vertex 3.06739 1.46647 13.5163
    endloop
  endfacet
  facet normal -0.121363 0.568773 -0.813491
    outer loop
      vertex 3.13884 1.56809 13.5767
      vertex 3.05193 1.49162 13.5362
      vertex 3.02013 1.53189 13.5691
    endloop
  endfacet
  facet normal -0.442752 0.434741 -0.784201
    outer loop
      vertex -3.94063 -3.82095 12.0163
      vertex -4.45171 -3.9336 12.2424
      vertex -4.13863 -3.56695 12.2689
    endloop
  endfacet
  facet normal -0.44275 0.434819 -0.784159
    outer loop
      vertex -4.24136 -4.20345 11.974
      vertex -4.45171 -3.9336 12.2424
      vertex -3.94063 -3.82095 12.0163
    endloop
  endfacet
  facet normal -0.294971 0.524968 -0.798374
    outer loop
      vertex -2.50529 -2.55971 12.1655
      vertex -2.6972 -2.4087 12.3357
      vertex -2.18412 -1.86689 12.5024
    endloop
  endfacet
  facet normal -0.232095 0.517024 -0.823904
    outer loop
      vertex -1.31488 -2.17181 12.029
      vertex -1.58102 -2.15089 12.1171
      vertex -1.12795 -1.53589 12.3754
    endloop
  endfacet
  facet normal -0.157961 0.466432 -0.870339
    outer loop
      vertex -0.00405025 -1.88342 11.9019
      vertex -0.591471 -2.57422 11.6383
      vertex -0.361732 -2.01015 11.8989
    endloop
  endfacet
  facet normal -0.158137 0.466546 -0.870246
    outer loop
      vertex -0.178175 -2.42779 11.6417
      vertex -0.591471 -2.57422 11.6383
      vertex -0.00405025 -1.88342 11.9019
    endloop
  endfacet
  facet normal -0.214283 0.532044 -0.819153
    outer loop
      vertex -0.277438 -0.901376 12.5608
      vertex -0.660935 -1.53943 12.2467
      vertex -0.470968 -0.912347 12.6043
    endloop
  endfacet
  facet normal -0.238679 0.542968 -0.80512
    outer loop
      vertex -1.12795 -1.53589 12.3754
      vertex -1.32404 -1.4873 12.4663
      vertex -0.800875 -0.860229 12.7341
    endloop
  endfacet
  facet normal -0.216159 0.554145 -0.803865
    outer loop
      vertex -0.343324 -0.669331 12.7375
      vertex -0.470968 -0.912347 12.6043
      vertex -0.345843 -0.659869 12.7447
    endloop
  endfacet
  facet normal -0.222067 0.555754 -0.801139
    outer loop
      vertex -0.470968 -0.912347 12.6043
      vertex -0.343324 -0.669331 12.7375
      vertex -0.328441 -0.707495 12.7069
    endloop
  endfacet
  facet normal -0.221749 0.555534 -0.80138
    outer loop
      vertex -0.646087 -0.898581 12.6623
      vertex -0.345843 -0.659869 12.7447
      vertex -0.470968 -0.912347 12.6043
    endloop
  endfacet
  facet normal -0.221967 0.555738 -0.801178
    outer loop
      vertex -0.345843 -0.659869 12.7447
      vertex -0.646087 -0.898581 12.6623
      vertex -0.375362 -0.548975 12.8298
    endloop
  endfacet
  facet normal -0.247155 0.569381 -0.78404
    outer loop
      vertex -1.04292 -0.711718 12.9158
      vertex -0.430134 -0.114828 13.1561
      vertex -0.933638 -0.797713 12.8189
    endloop
  endfacet
  facet normal -0.266639 0.582781 -0.767639
    outer loop
      vertex -0.430134 -0.114828 13.1561
      vertex -1.04292 -0.711718 12.9158
      vertex -0.430175 -0.113793 13.1569
    endloop
  endfacet
  facet normal -0.261662 0.556249 -0.788746
    outer loop
      vertex -0.933638 -0.797713 12.8189
      vertex -1.63067 -1.29916 12.6965
      vertex -1.04292 -0.711718 12.9158
    endloop
  endfacet
  facet normal -0.204814 0.547873 -0.811102
    outer loop
      vertex -0.247714 -0.896334 12.5567
      vertex -0.277438 -0.901376 12.5608
      vertex -0.260114 -0.873285 12.5754
    endloop
  endfacet
  facet normal -0.21587 0.551806 -0.80555
    outer loop
      vertex -0.277438 -0.901376 12.5608
      vertex -0.271786 -0.851428 12.5935
      vertex -0.260114 -0.873285 12.5754
    endloop
  endfacet
  facet normal -0.212351 0.551953 -0.806384
    outer loop
      vertex -0.277438 -0.901376 12.5608
      vertex -0.288317 -0.80943 12.6266
      vertex -0.271786 -0.851428 12.5935
    endloop
  endfacet
  facet normal -0.212534 0.551915 -0.806361
    outer loop
      vertex -0.470968 -0.912347 12.6043
      vertex -0.288317 -0.80943 12.6266
      vertex -0.277438 -0.901376 12.5608
    endloop
  endfacet
  facet normal -0.212215 0.551438 -0.806772
    outer loop
      vertex -0.288317 -0.80943 12.6266
      vertex -0.470968 -0.912347 12.6043
      vertex -0.315824 -0.739549 12.6816
    endloop
  endfacet
  facet normal -0.214557 0.532075 -0.819061
    outer loop
      vertex -0.660935 -1.53943 12.2467
      vertex -0.906104 -1.55332 12.3019
      vertex -0.470968 -0.912347 12.6043
    endloop
  endfacet
  facet normal -0.226914 0.537277 -0.812308
    outer loop
      vertex -0.906104 -1.55332 12.3019
      vertex -1.12795 -1.53589 12.3754
      vertex -0.470968 -0.912347 12.6043
    endloop
  endfacet
  facet normal -0.238054 0.493796 -0.836359
    outer loop
      vertex -1.69281 -2.76101 11.7887
      vertex -2.00033 -2.73684 11.8905
      vertex -1.31488 -2.17181 12.029
    endloop
  endfacet
  facet normal -0.257972 0.503582 -0.824534
    outer loop
      vertex -1.58102 -2.15089 12.1171
      vertex -2.27215 -2.66949 12.0166
      vertex -1.81626 -2.0926 12.2263
    endloop
  endfacet
  facet normal -0.0583055 0.424413 -0.90359
    outer loop
      vertex 1.14406 -2.18791 11.61
      vertex 1.13721 -1.75836 11.8122
      vertex 1.64699 -1.86014 11.7315
    endloop
  endfacet
  facet normal 0.015625 0.326282 -0.945143
    outer loop
      vertex 1.16933 -2.95427 11.3187
      vertex 1.1548 -2.58801 11.4449
      vertex 1.70755 -2.22777 11.5784
    endloop
  endfacet
  facet normal -0.106026 0.456159 -0.883559
    outer loop
      vertex 1.13721 -1.75836 11.8122
      vertex 1.09754 -1.74763 11.8225
      vertex 1.12286 -1.74988 11.8183
    endloop
  endfacet
  facet normal -0.104044 0.4612 -0.881175
    outer loop
      vertex 0.690925 -2.01762 11.7292
      vertex 1.09754 -1.74763 11.8225
      vertex 1.13721 -1.75836 11.8122
    endloop
  endfacet
  facet normal -0.10351 0.460093 -0.881817
    outer loop
      vertex 0.690925 -2.01762 11.7292
      vertex 0.896256 -1.72495 11.8578
      vertex 0.937295 -1.73335 11.8486
    endloop
  endfacet
  facet normal -0.104866 0.459862 -0.881777
    outer loop
      vertex 0.74032 -1.69304 11.8926
      vertex 0.690925 -2.01762 11.7292
      vertex 0.729287 -1.68942 11.8958
    endloop
  endfacet
  facet normal -0.102785 0.459709 -0.882101
    outer loop
      vertex 0.896256 -1.72495 11.8578
      vertex 0.690925 -2.01762 11.7292
      vertex 0.74032 -1.69304 11.8926
    endloop
  endfacet
  facet normal -0.102732 0.459571 -0.88218
    outer loop
      vertex 1.09754 -1.74763 11.8225
      vertex 0.690925 -2.01762 11.7292
      vertex 0.937295 -1.73335 11.8486
    endloop
  endfacet
  facet normal -0.0995761 0.424682 -0.89985
    outer loop
      vertex 0.642611 -2.47921 11.5167
      vertex 0.250856 -2.24158 11.6722
      vertex 0.690925 -2.01762 11.7292
    endloop
  endfacet
  facet normal -0.13072 0.390635 -0.911217
    outer loop
      vertex -0.469558 -3.41469 11.2344
      vertex -0.979936 -3.59551 11.2301
      vertex -0.333913 -2.94009 11.4184
    endloop
  endfacet
  facet normal -0.102102 0.384824 -0.917325
    outer loop
      vertex 0.0602512 -3.18473 11.2719
      vertex -0.469558 -3.41469 11.2344
      vertex -0.333913 -2.94009 11.4184
    endloop
  endfacet
  facet normal 0.166883 0.0284388 -0.985566
    outer loop
      vertex 1.23383 -3.81206 11.1856
      vertex 0.547015 -3.95427 11.0652
      vertex 1.20906 -3.56967 11.1884
    endloop
  endfacet
  facet normal 0.214202 0.0331664 -0.976226
    outer loop
      vertex 1.23383 -3.81206 11.1856
      vertex 1.20906 -3.56967 11.1884
      vertex 1.87308 -3.13693 11.3488
    endloop
  endfacet
  facet normal 0.31888 -0.141857 -0.937119
    outer loop
      vertex 1.96401 -3.54938 11.3943
      vertex 1.23383 -3.81206 11.1856
      vertex 1.92085 -3.36432 11.3516
    endloop
  endfacet
  facet normal 0.214358 0.0330117 -0.976197
    outer loop
      vertex 1.92085 -3.36432 11.3516
      vertex 1.23383 -3.81206 11.1856
      vertex 1.87308 -3.13693 11.3488
    endloop
  endfacet
  facet normal 0.663272 -0.491718 -0.564167
    outer loop
      vertex 4.10069 -2.14037 12.3303
      vertex 3.39789 -2.63058 11.9313
      vertex 4.06812 -2.04559 12.2094
    endloop
  endfacet
  facet normal 0.663241 -0.491463 -0.564425
    outer loop
      vertex 3.39789 -2.63058 11.9313
      vertex 4.10069 -2.14037 12.3303
      vertex 3.43046 -2.72536 12.0521
    endloop
  endfacet
  facet normal 0.615645 -0.719356 -0.321728
    outer loop
      vertex 2.75826 -3.32895 11.9628
      vertex 2.06138 -3.83269 11.7556
      vertex 2.73926 -3.27553 11.807
    endloop
  endfacet
  facet normal 0.615677 -0.719412 -0.32154
    outer loop
      vertex 2.06138 -3.83269 11.7556
      vertex 2.03466 -3.78485 11.5974
      vertex 2.73926 -3.27553 11.807
    endloop
  endfacet
  facet normal 0.129503 0.389208 -0.912001
    outer loop
      vertex 4.54945 -0.135952 12.618
      vertex 4.28695 0.0235624 12.6488
      vertex 4.72631 0.529257 12.927
    endloop
  endfacet
  facet normal 0.381707 0.118331 -0.916678
    outer loop
      vertex 4.54012 -1.18039 12.3584
      vertex 4.40464 -1.02612 12.3219
      vertex 5.12682 -0.5661 12.682
    endloop
  endfacet
  facet normal 0.291423 0.254017 -0.922252
    outer loop
      vertex 4.97169 -0.432407 12.6347
      vertex 4.77853 -0.288499 12.6133
      vertex 5.49949 0.175079 12.9688
    endloop
  endfacet
  facet normal 0.402501 0.147199 -0.903507
    outer loop
      vertex 5.6729 0.0624342 13.0277
      vertex 4.97169 -0.432407 12.6347
      vertex 5.49949 0.175079 12.9688
    endloop
  endfacet
  facet normal 0.142237 0.430213 -0.891451
    outer loop
      vertex 5.84573 1.51436 13.5629
      vertex 5.45726 0.961898 13.2343
      vertex 5.48814 1.55281 13.5244
    endloop
  endfacet
  facet normal 0.218025 0.381084 -0.898465
    outer loop
      vertex 6.15571 1.4648 13.6171
      vertex 5.743 0.877861 13.268
      vertex 5.84573 1.51436 13.5629
    endloop
  endfacet
  facet normal -0.579014 0.447807 -0.681331
    outer loop
      vertex -4.59841 -3.61068 12.5352
      vertex -4.93861 -3.52306 12.8819
      vertex -4.67983 -3.23821 12.8492
    endloop
  endfacet
  facet normal -0.427029 0.493228 -0.757874
    outer loop
      vertex -3.76377 -3.15574 12.3253
      vertex -4.13863 -3.56695 12.2689
      vertex -3.89172 -2.87408 12.5807
    endloop
  endfacet
  facet normal -0.657492 0.568631 -0.494331
    outer loop
      vertex -4.52721 -1.8668 13.8836
      vertex -4.77869 -2.08612 13.9658
      vertex -4.58871 -1.53593 14.346
    endloop
  endfacet
  facet normal -0.647084 0.540395 -0.537824
    outer loop
      vertex -4.52721 -1.8668 13.8836
      vertex -4.9011 -2.60442 13.5923
      vertex -4.77869 -2.08612 13.9658
    endloop
  endfacet
  facet normal -0.506962 0.488162 -0.710414
    outer loop
      vertex -4.27671 -3.26299 12.5445
      vertex -4.67983 -3.23821 12.8492
      vertex -4.35335 -2.9124 12.8401
    endloop
  endfacet
  facet normal -0.630731 0.510837 -0.584144
    outer loop
      vertex -4.6951 -2.82028 13.1811
      vertex -4.9011 -2.60442 13.5923
      vertex -4.64404 -2.36147 13.5272
    endloop
  endfacet
  facet normal -0.608269 0.479918 -0.632208
    outer loop
      vertex -4.93861 -3.52306 12.8819
      vertex -4.9546 -3.08516 13.2297
      vertex -4.6951 -2.82028 13.1811
    endloop
  endfacet
  facet normal -0.70851 0.422861 -0.56498
    outer loop
      vertex -4.93861 -3.52306 12.8819
      vertex -5.14339 -3.31076 13.2976
      vertex -4.9546 -3.08516 13.2297
    endloop
  endfacet
  facet normal -0.426341 0.552837 -0.715964
    outer loop
      vertex -3.96274 -2.54921 12.8547
      vertex -3.97605 -2.18468 13.1441
      vertex -3.51227 -2.1526 12.8927
    endloop
  endfacet
  facet normal -0.408247 0.534585 -0.739969
    outer loop
      vertex -3.44766 -2.4482 12.6435
      vertex -3.96274 -2.54921 12.8547
      vertex -3.51227 -2.1526 12.8927
    endloop
  endfacet
  facet normal -0.52253 0.620494 -0.584764
    outer loop
      vertex -3.67147 -0.895047 14.0734
      vertex -4.03902 -1.12729 14.1554
      vertex -3.45881 -0.415519 14.3922
    endloop
  endfacet
  facet normal -0.515662 0.600431 -0.611208
    outer loop
      vertex -3.82962 -1.35305 13.7569
      vertex -4.20969 -1.62154 13.8138
      vertex -3.67147 -0.895047 14.0734
    endloop
  endfacet
  facet normal -0.46963 0.623693 -0.624864
    outer loop
      vertex -3.05376 -0.211212 14.2917
      vertex -3.67147 -0.895047 14.0734
      vertex -3.45881 -0.415519 14.3922
    endloop
  endfacet
  facet normal -0.469686 0.623721 -0.624794
    outer loop
      vertex -3.24726 -0.647524 14.0016
      vertex -3.67147 -0.895047 14.0734
      vertex -3.05376 -0.211212 14.2917
    endloop
  endfacet
  facet normal -0.662797 0.62146 -0.417717
    outer loop
      vertex -3.79843 -0.223469 14.976
      vertex -4.33324 -0.959874 14.729
      vertex -4.01509 -0.36427 15.1103
    endloop
  endfacet
  facet normal -0.662783 0.621458 -0.417742
    outer loop
      vertex -4.10207 -0.791912 14.6121
      vertex -4.33324 -0.959874 14.729
      vertex -3.79843 -0.223469 14.976
    endloop
  endfacet
  facet normal -0.862819 0.413404 -0.290931
    outer loop
      vertex -5.08803 -2.81337 13.6728
      vertex -5.20278 -2.98601 13.7678
      vertex -4.96138 -2.27711 14.0592
    endloop
  endfacet
  facet normal -0.85568 0.368965 -0.362871
    outer loop
      vertex -5.14339 -3.31076 13.2976
      vertex -5.25939 -3.49461 13.3842
      vertex -5.08803 -2.81337 13.6728
    endloop
  endfacet
  facet normal -0.795937 -0.133345 0.590511
    outer loop
      vertex -4.87737 -2.0723 14.8035
      vertex -5.08058 -2.66083 14.3967
      vertex -4.97591 -2.72098 14.5242
    endloop
  endfacet
  facet normal -0.959941 0.025655 0.279027
    outer loop
      vertex -5.2441 -3.12046 13.8764
      vertex -5.08058 -2.66083 14.3967
      vertex -5.11316 -2.56605 14.2759
    endloop
  endfacet
  facet normal -0.95994 0.0256537 0.279028
    outer loop
      vertex -5.08058 -2.66083 14.3967
      vertex -5.2441 -3.12046 13.8764
      vertex -5.21152 -3.21525 13.9972
    endloop
  endfacet
  facet normal -0.834369 -0.11406 -0.539277
    outer loop
      vertex -4.79279 -5.18494 12.1356
      vertex -5.02855 -4.8825 12.4364
      vertex -4.98959 -4.72874 12.3436
    endloop
  endfacet
  facet normal 0.0543348 -0.656938 0.751984
    outer loop
      vertex -2.46568 -3.39748 14.5266
      vertex -3.00754 -3.72881 14.2763
      vertex -2.89112 -3.98509 14.044
    endloop
  endfacet
  facet normal -0.924778 -0.37761 -0.0468591
    outer loop
      vertex -4.99597 -4.97728 12.5572
      vertex -5.19296 -4.52057 12.7645
      vertex -5.02855 -4.8825 12.4364
    endloop
  endfacet
  facet normal -0.924775 -0.377621 -0.0468304
    outer loop
      vertex -5.19296 -4.52057 12.7645
      vertex -4.99597 -4.97728 12.5572
      vertex -5.16038 -4.61535 12.8854
    endloop
  endfacet
  facet normal -0.592156 -0.374317 0.713609
    outer loop
      vertex -4.97591 -2.72098 14.5242
      vertex -5.10542 -3.26933 14.1291
      vertex -4.92694 -3.28211 14.2705
    endloop
  endfacet
  facet normal -0.166988 -0.581847 0.79597
    outer loop
      vertex -4.36146 -3.18367 14.5756
      vertex -4.41253 -3.64248 14.2295
      vertex -3.98066 -3.07353 14.736
    endloop
  endfacet
  facet normal -0.284064 -0.515489 0.808442
    outer loop
      vertex -4.55563 -2.73515 14.7933
      vertex -4.67805 -3.25345 14.4198
      vertex -4.24464 -2.689 14.932
    endloop
  endfacet
  facet normal -0.114147 -0.654802 0.747131
    outer loop
      vertex -3.93772 -4.24937 13.8022
      vertex -4.39726 -4.06041 13.8976
      vertex -4.31583 -4.43288 13.5836
    endloop
  endfacet
  facet normal -0.573822 -0.451548 0.683252
    outer loop
      vertex -4.92694 -3.28211 14.2705
      vertex -5.16202 -3.77792 13.7454
      vertex -4.98229 -3.7795 13.8953
    endloop
  endfacet
  facet normal -0.0245729 -0.67763 0.734993
    outer loop
      vertex -3.50002 -4.01382 14.034
      vertex -3.93772 -4.24937 13.8022
      vertex -3.37207 -4.29548 13.7786
    endloop
  endfacet
  facet normal -0.0649461 -0.781552 0.62045
    outer loop
      vertex -3.68708 -5.23947 12.7815
      vertex -4.25613 -5.18345 12.7925
      vertex -3.97144 -5.40748 12.5401
    endloop
  endfacet
  facet normal -0.114181 -0.654858 0.747077
    outer loop
      vertex -4.01436 -3.89878 14.0978
      vertex -4.39726 -4.06041 13.8976
      vertex -3.93772 -4.24937 13.8022
    endloop
  endfacet
  facet normal -0.081424 -0.689518 0.719677
    outer loop
      vertex -3.93772 -4.24937 13.8022
      vertex -4.16914 -4.75581 13.2908
      vertex -3.79964 -4.55333 13.5266
    endloop
  endfacet
  facet normal 0.128275 -0.553148 0.823148
    outer loop
      vertex 0.473408 0.137236 16.8181
      vertex 0.415068 0.1371 16.8271
      vertex 0.472218 0.113299 16.8022
    endloop
  endfacet
  facet normal 0.0933344 -0.540968 0.835848
    outer loop
      vertex 0.415068 0.1371 16.8271
      vertex -0.221857 0.00897789 16.8153
      vertex 0.212465 -0.0960913 16.6988
    endloop
  endfacet
  facet normal 0.121083 -0.574644 0.809397
    outer loop
      vertex -0.13884 -0.568087 16.4233
      vertex -0.283693 -0.801717 16.2791
      vertex 0.30256 -0.704246 16.2606
    endloop
  endfacet
  facet normal 0.156028 -0.599877 0.784731
    outer loop
      vertex 0.767268 -0.878253 16.0407
      vertex 0.0908651 -1.1816 15.9433
      vertex 0.770864 -0.883466 16.036
    endloop
  endfacet
  facet normal 0.154388 -0.597022 0.787229
    outer loop
      vertex 0.0908651 -1.1816 15.9433
      vertex 0.767268 -0.878253 16.0407
      vertex 0.733611 -0.829466 16.0843
    endloop
  endfacet
  facet normal 0.123768 -0.586947 0.800109
    outer loop
      vertex 0.214357 -0.869367 16.1549
      vertex -0.503886 -1.25147 15.9857
      vertex 0.143534 -1.02907 16.0487
    endloop
  endfacet
  facet normal 0.125234 -0.73742 0.663723
    outer loop
      vertex -2.2466 -4.49228 13.4725
      vertex -2.32804 -4.93607 12.9948
      vertex -1.94118 -4.56795 13.3308
    endloop
  endfacet
  facet normal 0.117649 -0.702317 0.702075
    outer loop
      vertex -1.78845 -4.07695 13.8112
      vertex -2.50856 -4.36892 13.6398
      vertex -2.2466 -4.49228 13.4725
    endloop
  endfacet
  facet normal 0.0966723 -0.722761 0.684304
    outer loop
      vertex -2.50856 -4.36892 13.6398
      vertex -2.95161 -4.71733 13.3344
      vertex -2.2466 -4.49228 13.4725
    endloop
  endfacet
  facet normal 0.0952619 -0.688611 0.718846
    outer loop
      vertex -2.2135 -3.81615 14.1303
      vertex -2.72419 -4.19924 13.831
      vertex -2.02159 -3.96717 13.9602
    endloop
  endfacet
  facet normal 0.212609 -0.739413 0.6388
    outer loop
      vertex -0.869252 -4.14921 13.5068
      vertex -1.21379 -4.57346 13.1304
      vertex -0.500793 -4.08672 13.4565
    endloop
  endfacet
  facet normal 0.212212 -0.715508 0.665593
    outer loop
      vertex -0.498755 -3.67402 13.8995
      vertex -0.869252 -4.14921 13.5068
      vertex -0.500793 -4.08672 13.4565
    endloop
  endfacet
  facet normal 0.105392 -0.764711 0.635696
    outer loop
      vertex -2.66371 -4.8529 13.1505
      vertex -2.67295 -5.24463 12.6808
      vertex -2.32804 -4.93607 12.9948
    endloop
  endfacet
  facet normal 0.141104 -0.779191 0.610697
    outer loop
      vertex -2.32804 -4.93607 12.9948
      vertex -2.67295 -5.24463 12.6808
      vertex -2.26313 -5.27685 12.545
    endloop
  endfacet
  facet normal 0.0367824 -0.726352 0.686338
    outer loop
      vertex -2.95161 -4.71733 13.3344
      vertex -3.60164 -4.80732 13.274
      vertex -3.34589 -5.00858 13.0473
    endloop
  endfacet
  facet normal 0.03683 -0.726552 0.686123
    outer loop
      vertex -3.1886 -4.53084 13.5446
      vertex -3.60164 -4.80732 13.274
      vertex -2.95161 -4.71733 13.3344
    endloop
  endfacet
  facet normal 0.0425692 -0.840184 0.540629
    outer loop
      vertex -3.35699 -5.3949 12.5706
      vertex -3.62558 -5.57034 12.3191
      vertex -2.97215 -5.49026 12.3921
    endloop
  endfacet
  facet normal -0.00595498 -0.751133 0.660124
    outer loop
      vertex -3.60164 -4.80732 13.274
      vertex -3.68708 -5.23947 12.7815
      vertex -3.34589 -5.00858 13.0473
    endloop
  endfacet
  facet normal 0.0691702 -0.63424 0.770036
    outer loop
      vertex -1.93014 -2.79576 14.9741
      vertex -2.46568 -3.39748 14.5266
      vertex -1.88036 -3.02344 14.7821
    endloop
  endfacet
  facet normal 0.0839024 -0.648207 0.756828
    outer loop
      vertex -1.88036 -3.02344 14.7821
      vertex -2.36207 -3.62556 14.3198
      vertex -1.7907 -3.22083 14.6031
    endloop
  endfacet
  facet normal 0.0156889 -0.5193 0.854448
    outer loop
      vertex -1.35478 -0.180251 16.7504
      vertex -1.64627 -0.594809 16.5038
      vertex -1.17122 -0.597898 16.4932
    endloop
  endfacet
  facet normal -0.0286062 -0.496095 0.867797
    outer loop
      vertex -1.35478 -0.180251 16.7504
      vertex -2.08686 -0.579724 16.4979
      vertex -1.64627 -0.594809 16.5038
    endloop
  endfacet
  facet normal -0.0809764 -0.486627 0.869849
    outer loop
      vertex -2.08686 -0.579724 16.4979
      vertex -2.48814 -0.552811 16.4756
      vertex -2.37267 -1.04071 16.2134
    endloop
  endfacet
  facet normal -0.0268142 -0.528771 0.848341
    outer loop
      vertex -2.37267 -1.04071 16.2134
      vertex -2.61365 -1.49183 15.9246
      vertex -2.11512 -1.40657 15.9935
    endloop
  endfacet
  facet normal 0.0777443 -0.605784 0.791821
    outer loop
      vertex -1.28127 -1.97429 15.5454
      vertex -1.90826 -2.25984 15.3885
      vertex -1.30728 -2.20807 15.3691
    endloop
  endfacet
  facet normal 0.0269063 -0.574581 0.818005
    outer loop
      vertex -2.28732 -1.79489 15.7354
      vertex -2.41539 -2.16577 15.4791
      vertex -1.72601 -1.63649 15.8282
    endloop
  endfacet
  facet normal -0.0395803 -0.598834 0.799895
    outer loop
      vertex -3.04375 -2.73743 15.0636
      vertex -3.53982 -2.92424 14.8992
      vertex -3.08427 -3.10155 14.789
    endloop
  endfacet
  facet normal 0.00605232 -0.602553 0.798056
    outer loop
      vertex -2.4979 -2.51515 15.2273
      vertex -3.08427 -3.10155 14.789
      vertex -2.53397 -2.83921 14.9829
    endloop
  endfacet
  facet normal 0.0560018 -0.619716 0.782825
    outer loop
      vertex -1.93947 -2.5403 15.177
      vertex -2.53397 -2.83921 14.9829
      vertex -1.93014 -2.79576 14.9741
    endloop
  endfacet
  facet normal 0.0870703 -0.617633 0.781631
    outer loop
      vertex -1.30728 -2.20807 15.3691
      vertex -1.93947 -2.5403 15.177
      vertex -1.93014 -2.79576 14.9741
    endloop
  endfacet
  facet normal 0.0444214 -0.604687 0.795223
    outer loop
      vertex -2.4979 -2.51515 15.2273
      vertex -2.53397 -2.83921 14.9829
      vertex -1.90826 -2.25984 15.3885
    endloop
  endfacet
  facet normal 0.0963487 -0.588042 0.803071
    outer loop
      vertex -0.503886 -1.25147 15.9857
      vertex -1.22174 -1.72225 15.7271
      vertex -0.576813 -1.46267 15.8398
    endloop
  endfacet
  facet normal -0.0750976 -0.621843 0.779533
    outer loop
      vertex -3.58435 -3.32442 14.5974
      vertex -4.01436 -3.89878 14.0978
      vertex -3.57104 -3.68894 14.3079
    endloop
  endfacet
  facet normal -0.051398 -0.650294 0.757942
    outer loop
      vertex -3.57104 -3.68894 14.3079
      vertex -4.01436 -3.89878 14.0978
      vertex -3.93772 -4.24937 13.8022
    endloop
  endfacet
  facet normal -0.0057881 -0.583735 0.811924
    outer loop
      vertex -2.95104 -2.34486 15.3465
      vertex -3.04375 -2.73743 15.0636
      vertex -2.4979 -2.51515 15.2273
    endloop
  endfacet
  facet normal -0.0954222 -0.592586 0.799835
    outer loop
      vertex -3.53982 -2.92424 14.8992
      vertex -3.98066 -3.07353 14.736
      vertex -3.58435 -3.32442 14.5974
    endloop
  endfacet
  facet normal 0.175994 -0.621607 0.763303
    outer loop
      vertex 0.787236 -1.24497 15.7483
      vertex 0.112794 -1.78196 15.4665
      vertex 0.824168 -1.29235 15.7012
    endloop
  endfacet
  facet normal 0.183796 -0.645717 0.741126
    outer loop
      vertex 0.348706 -1.96761 15.2573
      vertex -0.219799 -2.551 14.89
      vertex -0.0650101 -2.58935 14.8182
    endloop
  endfacet
  facet normal 0.171298 -0.61786 0.767402
    outer loop
      vertex 0.761481 -1.18827 15.7997
      vertex 0.112794 -1.78196 15.4665
      vertex 0.787236 -1.24497 15.7483
    endloop
  endfacet
  facet normal 0.122656 -0.623889 0.771828
    outer loop
      vertex -0.6382 -2.01426 15.4237
      vertex -1.25802 -2.6108 15.04
      vertex -0.60545 -2.16407 15.2974
    endloop
  endfacet
  facet normal 0.192511 -0.649739 0.735377
    outer loop
      vertex 0.460497 -1.9953 15.2055
      vertex -0.0650101 -2.58935 14.8182
      vertex 0.58697 -2.00525 15.1636
    endloop
  endfacet
  facet normal 0.201561 -0.653121 0.729935
    outer loop
      vertex 0.58697 -2.00525 15.1636
      vertex 0.303637 -2.59215 14.7167
      vertex 0.72674 -1.99732 15.1321
    endloop
  endfacet
  facet normal 0.121901 -0.650403 0.749744
    outer loop
      vertex -1.18327 -2.77534 14.8908
      vertex -1.7907 -3.22083 14.6031
      vertex -1.66212 -3.38578 14.4391
    endloop
  endfacet
  facet normal 0.0838225 -0.648172 0.756866
    outer loop
      vertex -1.88036 -3.02344 14.7821
      vertex -2.46568 -3.39748 14.5266
      vertex -2.36207 -3.62556 14.3198
    endloop
  endfacet
  facet normal 0.159334 -0.630763 0.759441
    outer loop
      vertex 0.173897 -1.86035 15.3886
      vertex -0.54645 -2.29395 15.1796
      vertex -0.461844 -2.40249 15.0717
    endloop
  endfacet
  facet normal 0.13574 -0.660205 0.738718
    outer loop
      vertex -1.07609 -2.91283 14.7541
      vertex -1.66212 -3.38578 14.4391
      vertex -0.93765 -3.02177 14.6313
    endloop
  endfacet
  facet normal 0.211031 -0.674386 0.70758
    outer loop
      vertex 0.513456 -2.55656 14.688
      vertex -0.106359 -3.1531 14.3043
      vertex 0.159447 -3.10801 14.268
    endloop
  endfacet
  facet normal 0.211707 -0.694086 0.688058
    outer loop
      vertex -0.106359 -3.1531 14.3043
      vertex -0.179875 -3.61993 13.856
      vertex 0.159447 -3.10801 14.268
    endloop
  endfacet
  facet normal 0.175015 -0.660783 0.729887
    outer loop
      vertex -0.219799 -2.551 14.89
      vertex -0.769463 -3.10097 14.5239
      vertex -0.573372 -3.14955 14.4329
    endloop
  endfacet
  facet normal 0.165175 -0.676911 0.717293
    outer loop
      vertex -0.769463 -3.10097 14.5239
      vertex -1.05902 -3.66977 14.0538
      vertex -0.573372 -3.14955 14.4329
    endloop
  endfacet
  facet normal 0.198657 -0.670629 0.714697
    outer loop
      vertex 0.110107 -2.60312 14.7602
      vertex -0.106359 -3.1531 14.3043
      vertex 0.303637 -2.59215 14.7167
    endloop
  endfacet
  facet normal 0.203765 -0.63646 0.743907
    outer loop
      vertex 1.15832 -1.37514 15.5462
      vertex 0.58697 -2.00525 15.1636
      vertex 0.72674 -1.99732 15.1321
    endloop
  endfacet
  facet normal -0.285575 0.256957 -0.923266
    outer loop
      vertex -2.9892 -5.05708 11.1534
      vertex -3.25472 -4.66805 11.3438
      vertex -2.81932 -4.70228 11.1996
    endloop
  endfacet
  facet normal -0.226136 0.231482 -0.946192
    outer loop
      vertex -2.48504 -5.0285 11.0399
      vertex -2.9892 -5.05708 11.1534
      vertex -2.81932 -4.70228 11.1996
    endloop
  endfacet
  facet normal -0.178633 0.297426 -0.937885
    outer loop
      vertex -1.81648 -4.58652 11.02
      vertex -2.33815 -4.675 11.0913
      vertex -2.14922 -4.2648 11.1854
    endloop
  endfacet
  facet normal -0.167217 0.209564 -0.963391
    outer loop
      vertex -1.81648 -4.58652 11.02
      vertex -2.48504 -5.0285 11.0399
      vertex -2.33815 -4.675 11.0913
    endloop
  endfacet
  facet normal -0.147925 0.0787122 -0.985861
    outer loop
      vertex -2.02272 -5.22552 10.9548
      vertex -2.58826 -5.32143 11.032
      vertex -2.48504 -5.0285 11.0399
    endloop
  endfacet
  facet normal -0.113498 -0.124196 -0.985745
    outer loop
      vertex -2.02272 -5.22552 10.9548
      vertex -2.64669 -5.55059 11.0676
      vertex -2.58826 -5.32143 11.032
    endloop
  endfacet
  facet normal -0.195132 0.446686 -0.873152
    outer loop
      vertex -1.2399 -3.22263 11.441
      vertex -1.65391 -3.29285 11.4976
      vertex -0.984501 -2.67926 11.6619
    endloop
  endfacet
  facet normal -0.170234 0.438723 -0.882351
    outer loop
      vertex -0.591471 -2.57422 11.6383
      vertex -1.2399 -3.22263 11.441
      vertex -0.984501 -2.67926 11.6619
    endloop
  endfacet
  facet normal -0.262955 0.532817 -0.804339
    outer loop
      vertex -1.81626 -2.0926 12.2263
      vertex -2.01803 -1.99759 12.3552
      vertex -1.49223 -1.4081 12.5738
    endloop
  endfacet
  facet normal -0.294658 0.5249 -0.798534
    outer loop
      vertex -2.01803 -1.99759 12.3552
      vertex -2.50529 -2.55971 12.1655
      vertex -2.18412 -1.86689 12.5024
    endloop
  endfacet
  facet normal -0.29039 0.637011 -0.714066
    outer loop
      vertex -0.0741482 1.38433 14.2355
      vertex -0.553923 1.35876 14.4078
      vertex -0.368609 1.59468 14.5429
    endloop
  endfacet
  facet normal -0.353679 0.649245 -0.673344
    outer loop
      vertex -1.22148 1.02471 14.4087
      vertex -1.44095 1.27976 14.7699
      vertex -1.01119 1.32377 14.5866
    endloop
  endfacet
  facet normal -0.38968 0.6464 -0.655986
    outer loop
      vertex -1.91337 0.56592 14.3374
      vertex -2.12998 0.812651 14.7092
      vertex -1.69322 0.920986 14.5565
    endloop
  endfacet
  facet normal -0.321608 0.640815 -0.697083
    outer loop
      vertex -0.553923 1.35876 14.4078
      vertex -1.22148 1.02471 14.4087
      vertex -1.01119 1.32377 14.5866
    endloop
  endfacet
  facet normal -0.262119 0.580393 -0.770998
    outer loop
      vertex -0.488414 -0.0326118 13.2359
      vertex -1.18653 -0.473299 13.1415
      vertex -0.531025 0.0611916 13.321
    endloop
  endfacet
  facet normal -0.314826 0.570616 -0.758474
    outer loop
      vertex -1.81259 -0.997128 12.9824
      vertex -2.45214 -1.27688 13.0374
      vertex -1.85408 -0.807344 13.1424
    endloop
  endfacet
  facet normal -0.324958 0.580813 -0.746363
    outer loop
      vertex -1.85408 -0.807344 13.1424
      vertex -2.45214 -1.27688 13.0374
      vertex -1.86186 -0.594398 13.3115
    endloop
  endfacet
  facet normal -0.388755 0.657343 -0.645577
    outer loop
      vertex -1.69322 0.920986 14.5565
      vertex -2.12998 0.812651 14.7092
      vertex -1.44095 1.27976 14.7699
    endloop
  endfacet
  facet normal -0.353713 0.649222 -0.673348
    outer loop
      vertex -1.22148 1.02471 14.4087
      vertex -1.69322 0.920986 14.5565
      vertex -1.44095 1.27976 14.7699
    endloop
  endfacet
  facet normal -0.321562 0.640723 -0.697188
    outer loop
      vertex -0.719915 1.12268 14.2674
      vertex -1.22148 1.02471 14.4087
      vertex -0.553923 1.35876 14.4078
    endloop
  endfacet
  facet normal -0.29154 0.632039 -0.718005
    outer loop
      vertex -0.194031 1.21384 14.1341
      vertex -0.553923 1.35876 14.4078
      vertex -0.0741482 1.38433 14.2355
    endloop
  endfacet
  facet normal -0.289599 0.615739 -0.732801
    outer loop
      vertex -0.457674 0.720284 13.8181
      vertex -1.08496 0.439297 13.8299
      vertex -0.38685 0.879985 13.9243
    endloop
  endfacet
  facet normal -0.287054 0.609807 -0.738739
    outer loop
      vertex -0.457674 0.720284 13.8181
      vertex -1.15789 0.228098 13.6839
      vertex -1.08496 0.439297 13.8299
    endloop
  endfacet
  facet normal -0.315682 0.610913 -0.726037
    outer loop
      vertex -1.15789 0.228098 13.6839
      vertex -1.77631 -0.108577 13.6695
      vertex -1.08496 0.439297 13.8299
    endloop
  endfacet
  facet normal -0.262302 0.616071 -0.742734
    outer loop
      vertex -0.130879 0.984768 13.9207
      vertex -0.298647 1.04511 14.03
      vertex -0.0832673 1.06544 13.9708
    endloop
  endfacet
  facet normal -0.263256 0.614766 -0.743478
    outer loop
      vertex -0.142723 0.9647 13.9083
      vertex -0.298647 1.04511 14.03
      vertex -0.130879 0.984768 13.9207
    endloop
  endfacet
  facet normal -0.262365 0.615744 -0.742983
    outer loop
      vertex -0.298647 1.04511 14.03
      vertex -0.142723 0.9647 13.9083
      vertex -0.38685 0.879985 13.9243
    endloop
  endfacet
  facet normal -0.274262 0.591846 -0.757957
    outer loop
      vertex -0.554677 0.169386 13.4122
      vertex -1.22542 -0.155396 13.4013
      vertex -0.559112 0.290787 13.5086
    endloop
  endfacet
  facet normal -0.274291 0.591905 -0.757901
    outer loop
      vertex -1.21928 -0.32349 13.2678
      vertex -1.22542 -0.155396 13.4013
      vertex -0.554677 0.169386 13.4122
    endloop
  endfacet
  facet normal -0.346554 0.611308 -0.711479
    outer loop
      vertex -1.77631 -0.108577 13.6695
      vertex -2.35884 -0.438584 13.6697
      vertex -2.24801 -0.117609 13.8915
    endloop
  endfacet
  facet normal -0.346547 0.611331 -0.711463
    outer loop
      vertex -1.77631 -0.108577 13.6695
      vertex -2.24801 -0.117609 13.8915
      vertex -1.68393 0.158976 13.8544
    endloop
  endfacet
  facet normal -0.257683 0.60434 -0.753905
    outer loop
      vertex -0.323392 0.552052 13.6363
      vertex -0.544279 0.424062 13.6092
      vertex -0.311704 0.583607 13.6576
    endloop
  endfacet
  facet normal -0.174593 0.595951 -0.783811
    outer loop
      vertex 2.21235 2.09577 14.1336
      vertex 2.21088 2.09626 14.1343
      vertex 2.25281 2.12288 14.1452
    endloop
  endfacet
  facet normal -0.406945 0.746108 -0.52699
    outer loop
      vertex 0.413982 3.78012 16.4873
      vertex -0.185486 3.543 16.6145
      vertex 0.352416 3.97115 16.8053
    endloop
  endfacet
  facet normal -0.388446 0.75477 -0.528613
    outer loop
      vertex 0.413982 3.78012 16.4873
      vertex 0.352416 3.97115 16.8053
      vertex 0.900746 4.36751 16.9683
    endloop
  endfacet
  facet normal -0.516216 0.693338 -0.502795
    outer loop
      vertex -2.51987 1.09886 15.3268
      vertex -2.79626 1.02448 15.508
      vertex -2.36258 1.5766 15.8241
    endloop
  endfacet
  facet normal -0.522463 0.676256 -0.519336
    outer loop
      vertex -2.51987 1.09886 15.3268
      vertex -3.18472 0.472012 15.1794
      vertex -2.79626 1.02448 15.508
    endloop
  endfacet
  facet normal -0.586704 0.656434 -0.474207
    outer loop
      vertex -3.52372 -0.0747414 14.842
      vertex -3.79843 -0.223469 14.976
      vertex -3.43828 0.357404 15.3345
    endloop
  endfacet
  facet normal -0.658744 0.646224 -0.385293
    outer loop
      vertex -3.43828 0.357404 15.3345
      vertex -3.79843 -0.223469 14.976
      vertex -3.63773 0.244358 15.4859
    endloop
  endfacet
  facet normal 0.0954222 0.592586 -0.799835
    outer loop
      vertex 6.98066 4.07353 15.264
      vertex 6.53982 3.92424 15.1008
      vertex 6.58435 4.32442 15.4026
    endloop
  endfacet
  facet normal 0.14272 0.618725 -0.772535
    outer loop
      vertex 7.41253 4.64248 15.7705
      vertex 7.02873 4.50539 15.5898
      vertex 7.39726 5.06041 16.1024
    endloop
  endfacet
  facet normal 0.0955273 0.592699 -0.799739
    outer loop
      vertex 6.98066 4.07353 15.264
      vertex 6.58435 4.32442 15.4026
      vertex 7.02873 4.50539 15.5898
    endloop
  endfacet
  facet normal 0.1669 0.581898 -0.795952
    outer loop
      vertex 7.41253 4.64248 15.7705
      vertex 6.98066 4.07353 15.264
      vertex 7.02873 4.50539 15.5898
    endloop
  endfacet
  facet normal -0.159585 0.429551 0.88883
    outer loop
      vertex 4.45157 6.28766 19.0483
      vertex 3.7955 6.21525 18.9655
      vertex 3.80292 6.05785 19.0429
    endloop
  endfacet
  facet normal -0.0631539 0.155089 0.98588
    outer loop
      vertex 3.80292 6.05785 19.0429
      vertex 3.78511 5.83955 19.0761
      vertex 4.45157 6.28766 19.0483
    endloop
  endfacet
  facet normal -0.268723 0.723049 -0.636387
    outer loop
      vertex 2.48205 4.40231 16.1614
      vertex 2.26543 4.64904 16.5332
      vertex 2.69447 4.83525 16.5636
    endloop
  endfacet
  facet normal -0.2816 0.747119 -0.602092
    outer loop
      vertex 2.69447 4.83525 16.5636
      vertex 2.26543 4.64904 16.5332
      vertex 2.41174 5.01147 16.9145
    endloop
  endfacet
  facet normal -0.192524 0.631642 -0.750975
    outer loop
      vertex 2.07017 2.35718 14.3781
      vertex 2.00261 2.37392 14.4095
      vertex 2.5395 2.9953 14.7945
    endloop
  endfacet
  facet normal -0.197783 0.634068 -0.747556
    outer loop
      vertex 2.5395 2.9953 14.7945
      vertex 2.00261 2.37392 14.4095
      vertex 2.41303 3.00525 14.8364
    endloop
  endfacet
  facet normal -0.244536 0.660754 -0.709652
    outer loop
      vertex 1.61366 2.79162 14.8843
      vertex 1.43268 2.69951 14.8609
      vertex 1.53247 3.17979 15.2737
    endloop
  endfacet
  facet normal -0.226438 0.621854 -0.749682
    outer loop
      vertex 1.11207 2.05263 14.3973
      vertex 1.09663 2.04749 14.3977
      vertex 1.11142 2.05818 14.4021
    endloop
  endfacet
  facet normal -0.209396 0.638282 -0.740776
    outer loop
      vertex 1.84168 2.37514 14.4538
      vertex 1.75009 2.3596 14.4663
      vertex 2.27326 2.99732 14.8679
    endloop
  endfacet
  facet normal -0.211703 0.621776 -0.75404
    outer loop
      vertex 1.63284 2.16154 14.3359
      vertex 1.65239 2.33349 14.4722
      vertex 1.75009 2.3596 14.4663
    endloop
  endfacet
  facet normal -0.214075 0.621618 -0.7535
    outer loop
      vertex 1.62035 2.16136 14.3393
      vertex 1.65239 2.33349 14.4722
      vertex 1.63284 2.16154 14.3359
    endloop
  endfacet
  facet normal -0.211402 0.62167 -0.754212
    outer loop
      vertex 1.65239 2.33349 14.4722
      vertex 1.62035 2.16136 14.3393
      vertex 1.57113 2.15542 14.3482
    endloop
  endfacet
  facet normal -0.221778 0.622769 -0.750316
    outer loop
      vertex 1.3239 2.11432 14.3854
      vertex 1.31836 2.11307 14.386
      vertex 1.33362 2.19513 14.4496
    endloop
  endfacet
  facet normal -0.281767 0.649429 -0.706292
    outer loop
      vertex 0.529584 2.04671 14.5923
      vertex 0.0516644 2.05578 14.7913
      vertex 0.282022 2.2759 14.9018
    endloop
  endfacet
  facet normal -0.277167 0.652737 -0.705062
    outer loop
      vertex 0.529584 2.04671 14.5923
      vertex 0.282022 2.2759 14.9018
      vertex 0.522541 2.48583 15.0016
    endloop
  endfacet
  facet normal -0.271777 0.655507 -0.704591
    outer loop
      vertex 0.70329 2.19832 14.6644
      vertex 0.522541 2.48583 15.0016
      vertex 0.770585 2.68326 15.0896
    endloop
  endfacet
  facet normal -0.294632 0.672694 -0.67873
    outer loop
      vertex 0.522541 2.48583 15.0016
      vertex 0.3525 2.75158 15.3388
      vertex 0.770585 2.68326 15.0896
    endloop
  endfacet
  facet normal -0.232071 0.641688 -0.731013
    outer loop
      vertex 1.61366 2.79162 14.8843
      vertex 1.33362 2.19513 14.4496
      vertex 1.43268 2.69951 14.8609
    endloop
  endfacet
  facet normal -0.219503 0.622764 -0.750988
    outer loop
      vertex 1.4073 2.13319 14.3767
      vertex 1.33362 2.19513 14.4496
      vertex 1.44301 2.25081 14.4638
    endloop
  endfacet
  facet normal -0.219278 0.622939 -0.750909
    outer loop
      vertex 1.33362 2.19513 14.4496
      vertex 1.4073 2.13319 14.3767
      vertex 1.3239 2.11432 14.3854
    endloop
  endfacet
  facet normal -0.226469 0.641454 -0.732973
    outer loop
      vertex 1.79011 2.8682 14.8968
      vertex 1.54966 2.2971 14.4713
      vertex 1.61366 2.79162 14.8843
    endloop
  endfacet
  facet normal -0.246379 0.680231 -0.69035
    outer loop
      vertex 2.02738 3.41337 15.3234
      vertex 1.78306 3.30732 15.3061
      vertex 2.25887 3.92661 15.7465
    endloop
  endfacet
  facet normal -0.267759 0.679686 -0.682885
    outer loop
      vertex 1.53247 3.17979 15.2737
      vertex 1.27833 3.03215 15.2264
      vertex 1.30996 3.44368 15.6236
    endloop
  endfacet
  facet normal -0.257563 0.680404 -0.686085
    outer loop
      vertex 1.78306 3.30732 15.3061
      vertex 1.53247 3.17979 15.2737
      vertex 1.94937 3.79227 15.7246
    endloop
  endfacet
  facet normal -0.198268 0.616669 -0.761846
    outer loop
      vertex 1.94541 2.15106 14.2439
      vertex 1.93769 2.15179 14.2465
      vertex 2.12813 2.32989 14.3411
    endloop
  endfacet
  facet normal -0.0966723 0.722761 -0.684304
    outer loop
      vertex 5.50856 5.36892 16.3602
      vertex 5.2466 5.49228 16.5275
      vertex 5.95161 5.71733 16.6656
    endloop
  endfacet
  facet normal -0.0693787 0.706013 -0.704793
    outer loop
      vertex 5.72419 5.19924 16.169
      vertex 5.50856 5.36892 16.3602
      vertex 5.95161 5.71733 16.6656
    endloop
  endfacet
  facet normal -0.114558 0.615219 -0.779988
    outer loop
      vertex 4.30728 3.20807 14.6309
      vertex 3.6382 3.01426 14.5763
      vertex 4.2995 3.42101 14.8
    endloop
  endfacet
  facet normal -0.0870703 0.617633 -0.781631
    outer loop
      vertex 4.93947 3.5403 14.823
      vertex 4.30728 3.20807 14.6309
      vertex 4.93014 3.79576 15.0259
    endloop
  endfacet
  facet normal -0.131805 0.632344 -0.763393
    outer loop
      vertex 4.25802 3.6108 14.96
      vertex 3.54645 3.29395 14.8204
      vertex 4.18327 3.77534 15.1092
    endloop
  endfacet
  facet normal -0.141591 0.640271 -0.754986
    outer loop
      vertex 4.18327 3.77534 15.1092
      vertex 3.46184 3.40249 14.9283
      vertex 4.07609 3.91283 15.2459
    endloop
  endfacet
  facet normal -0.157008 0.601717 -0.783126
    outer loop
      vertex 2.41032 2.02151 14.0337
      vertex 2.94307 2.32529 14.1603
      vertex 2.90913 2.1816 14.0567
    endloop
  endfacet
  facet normal -0.156423 0.600977 -0.78381
    outer loop
      vertex 2.39865 2.02695 14.0402
      vertex 2.94307 2.32529 14.1603
      vertex 2.41032 2.02151 14.0337
    endloop
  endfacet
  facet normal -0.156542 0.601136 -0.783665
    outer loop
      vertex 2.94307 2.32529 14.1603
      vertex 2.39865 2.02695 14.0402
      vertex 2.37837 2.0364 14.0515
    endloop
  endfacet
  facet normal -0.130234 0.599913 -0.789395
    outer loop
      vertex 3.6238 2.66163 14.3036
      vertex 2.90913 2.1816 14.0567
      vertex 2.94307 2.32529 14.1603
    endloop
  endfacet
  facet normal -0.133445 0.577651 -0.805302
    outer loop
      vertex 2.78564 1.86937 13.8451
      vertex 2.81556 1.75862 13.7607
      vertex 2.80811 1.7661 13.7673
    endloop
  endfacet
  facet normal -0.121882 0.580571 -0.805035
    outer loop
      vertex 2.81556 1.75862 13.7607
      vertex 2.78564 1.86937 13.8451
      vertex 3.40582 2.03035 13.8673
    endloop
  endfacet
  facet normal -0.122418 0.580063 -0.80532
    outer loop
      vertex 2.78564 1.86937 13.8451
      vertex 2.80811 1.7661 13.7673
      vertex 2.75347 1.80913 13.8066
    endloop
  endfacet
  facet normal -0.119677 0.577187 -0.807795
    outer loop
      vertex 2.93766 1.63652 13.6554
      vertex 3.13884 1.56809 13.5767
      vertex 2.9443 1.6281 13.6484
    endloop
  endfacet
  facet normal -0.12115 0.574668 -0.80937
    outer loop
      vertex 3.13884 1.56809 13.5767
      vertex 2.93766 1.63652 13.6554
      vertex 3.28369 1.80172 13.7209
    endloop
  endfacet
  facet normal -0.121251 0.57483 -0.80924
    outer loop
      vertex 2.898 1.67616 13.6895
      vertex 3.28369 1.80172 13.7209
      vertex 2.93766 1.63652 13.6554
    endloop
  endfacet
  facet normal -0.120933 0.574008 -0.80987
    outer loop
      vertex 3.28369 1.80172 13.7209
      vertex 2.898 1.67616 13.6895
      vertex 2.8453 1.72883 13.7347
    endloop
  endfacet
  facet normal 0.00580739 0.583769 -0.811899
    outer loop
      vertex 5.95104 3.34486 14.6535
      vertex 5.41539 3.16577 14.5209
      vertex 5.4979 3.51515 14.7727
    endloop
  endfacet
  facet normal 0.0290261 0.511872 -0.858572
    outer loop
      vertex 5.08686 1.57972 13.5021
      vertex 4.90065 2.00508 13.7494
      vertex 5.37267 2.04071 13.7866
    endloop
  endfacet
  facet normal 0.0221851 0.546701 -0.837034
    outer loop
      vertex 5.61365 2.49183 14.0754
      vertex 5.11512 2.40657 14.0065
      vertex 5.80714 2.92814 14.3655
    endloop
  endfacet
  facet normal -0.0269063 0.574581 -0.818005
    outer loop
      vertex 5.28732 2.79489 14.2646
      vertex 4.72601 2.63649 14.1718
      vertex 5.41539 3.16577 14.5209
    endloop
  endfacet
  facet normal 0.0649943 0.552145 -0.831211
    outer loop
      vertex 6.27977 3.03479 14.4733
      vertex 5.80714 2.92814 14.3655
      vertex 6.43792 3.49279 14.7899
    endloop
  endfacet
  facet normal 0.0733205 0.529391 -0.845204
    outer loop
      vertex 6.06711 2.55526 14.1545
      vertex 5.80714 2.92814 14.3655
      vertex 6.27977 3.03479 14.4733
    endloop
  endfacet
  facet normal -0.0154294 0.532038 -0.84658
    outer loop
      vertex 4.64627 1.59481 13.4962
      vertex 4.17122 1.5979 13.5068
      vertex 4.90065 2.00508 13.7494
    endloop
  endfacet
  facet normal -0.0153756 0.531968 -0.846625
    outer loop
      vertex 4.90065 2.00508 13.7494
      vertex 4.17122 1.5979 13.5068
      vertex 4.39137 1.95296 13.7259
    endloop
  endfacet
  facet normal -0.14548 0.618844 -0.771925
    outer loop
      vertex 2.95347 2.57996 14.3572
      vertex 2.92982 2.68816 14.4484
      vertex 3.60545 3.16407 14.7026
    endloop
  endfacet
  facet normal -0.152405 0.625207 -0.765434
    outer loop
      vertex 2.92982 2.68816 14.4484
      vertex 2.88721 2.78196 14.5335
      vertex 3.60545 3.16407 14.7026
    endloop
  endfacet
  facet normal -0.134491 0.606225 -0.783839
    outer loop
      vertex 3.6238 2.66163 14.3036
      vertex 2.9579 2.45856 14.2608
      vertex 3.64434 2.84617 14.4428
    endloop
  endfacet
  facet normal -0.107362 0.606307 -0.78795
    outer loop
      vertex 4.28127 2.97429 14.4546
      vertex 3.6238 2.66163 14.3036
      vertex 3.64434 2.84617 14.4428
    endloop
  endfacet
  facet normal 0.586708 -0.656433 0.474204
    outer loop
      vertex 6.52372 1.07474 15.158
      vertex 6.43828 0.642595 14.6655
      vertex 6.79843 1.22347 15.024
    endloop
  endfacet
  facet normal 0.658744 -0.646223 0.385295
    outer loop
      vertex 6.79843 1.22347 15.024
      vertex 6.43828 0.642595 14.6655
      vertex 6.63773 0.755641 14.5141
    endloop
  endfacet
  facet normal 0.824944 -0.559769 0.0782702
    outer loop
      vertex 7.17132 1.4956 14.7566
      vertex 6.86619 0.972123 14.2288
      vertex 7.26542 1.61603 14.6261
    endloop
  endfacet
  facet normal 0.880601 -0.444243 -0.164891
    outer loop
      vertex 7.26542 1.61603 14.6261
      vertex 6.86619 0.972123 14.2288
      vertex 7.29635 1.72422 14.4998
    endloop
  endfacet
  facet normal 0.90611 -0.404324 -0.124448
    outer loop
      vertex 7.60201 2.24615 15.0296
      vertex 7.26542 1.61603 14.6261
      vertex 7.29635 1.72422 14.4998
    endloop
  endfacet
  facet normal 0.84143 -0.526725 0.120652
    outer loop
      vertex 7.60201 2.24615 15.0296
      vertex 7.17132 1.4956 14.7566
      vertex 7.26542 1.61603 14.6261
    endloop
  endfacet
  facet normal 0.630731 -0.510837 0.584144
    outer loop
      vertex 7.6951 3.82028 16.8189
      vertex 7.64404 3.36147 16.4728
      vertex 7.9011 3.60442 16.4077
    endloop
  endfacet
  facet normal 0.552584 -0.540244 0.634656
    outer loop
      vertex 7.6951 3.82028 16.8189
      vertex 7.36772 3.51902 16.8475
      vertex 7.64404 3.36147 16.4728
    endloop
  endfacet
  facet normal 0.634447 -0.34085 0.693757
    outer loop
      vertex 8.03857 5.16762 17.4026
      vertex 7.69959 5.25168 17.7539
      vertex 7.85329 4.91332 17.4471
    endloop
  endfacet
  facet normal 0.543348 -0.414918 0.729805
    outer loop
      vertex 7.69959 5.25168 17.7539
      vertex 7.59841 4.61068 17.4648
      vertex 7.85329 4.91332 17.4471
    endloop
  endfacet
  facet normal 0.630776 -0.510787 0.58414
    outer loop
      vertex 7.9546 4.08516 16.7703
      vertex 7.6951 3.82028 16.8189
      vertex 7.9011 3.60442 16.4077
    endloop
  endfacet
  facet normal 0.731366 -0.460682 0.502868
    outer loop
      vertex 7.9546 4.08516 16.7703
      vertex 7.9011 3.60442 16.4077
      vertex 8.14339 4.31076 16.7024
    endloop
  endfacet
  facet normal 0.505237 -0.57994 0.639066
    outer loop
      vertex 7.31966 3.08716 16.5218
      vertex 6.93152 2.7845 16.554
      vertex 7.20969 2.62154 16.1862
    endloop
  endfacet
  facet normal 0.491102 -0.558699 0.668337
    outer loop
      vertex 7.36772 3.51902 16.8475
      vertex 6.93152 2.7845 16.554
      vertex 7.31966 3.08716 16.5218
    endloop
  endfacet
  facet normal 0.400281 -0.579911 0.709562
    outer loop
      vertex 6.01768 2.43175 16.8118
      vertex 5.98161 2.10769 16.5673
      vertex 6.48387 2.45682 16.5693
    endloop
  endfacet
  facet normal 0.364803 -0.58632 0.72329
    outer loop
      vertex 6.01768 2.43175 16.8118
      vertex 5.46147 2.02141 16.7597
      vertex 5.98161 2.10769 16.5673
    endloop
  endfacet
  facet normal 0.37372 -0.598753 0.708398
    outer loop
      vertex 5.43026 1.74096 16.5482
      vertex 5.35884 1.43858 16.3303
      vertex 5.98161 2.10769 16.5673
    endloop
  endfacet
  facet normal 0.340849 -0.601243 0.722723
    outer loop
      vertex 4.83584 1.36062 16.5121
      vertex 4.77631 1.10858 16.3305
      vertex 5.35884 1.43858 16.3303
    endloop
  endfacet
  facet normal 0.388619 -0.635072 0.667577
    outer loop
      vertex 5.59882 0.999114 15.8011
      vertex 5.09898 0.781547 15.8851
      vertex 5.38436 0.597621 15.544
    endloop
  endfacet
  facet normal 0.428091 -0.638333 0.639742
    outer loop
      vertex 5.59882 0.999114 15.8011
      vertex 5.38436 0.597621 15.544
      vertex 6.05376 1.21121 15.7083
    endloop
  endfacet
  facet normal 0.350736 -0.621317 0.700678
    outer loop
      vertex 5.24801 1.11761 16.1085
      vertex 4.68393 0.841023 16.1456
      vertex 5.09898 0.781547 15.8851
    endloop
  endfacet
  facet normal 0.469696 -0.623722 0.624785
    outer loop
      vertex 6.24726 1.64752 15.9984
      vertex 6.05376 1.21121 15.7083
      vertex 6.67147 1.89505 15.9266
    endloop
  endfacet
  facet normal -0.431715 -0.217186 0.875473
    outer loop
      vertex -3.17239 0.301667 16.6082
      vertex -3.41467 -0.404668 16.3135
      vertex -2.98225 0.210316 16.6793
    endloop
  endfacet
  facet normal -0.311208 -0.426495 0.849265
    outer loop
      vertex -4.11019 -1.6089 15.5565
      vertex -4.36565 -2.18495 15.1736
      vertex -3.8195 -1.61412 15.6604
    endloop
  endfacet
  facet normal -0.0766782 -0.449333 0.890067
    outer loop
      vertex -1.72631 0.470742 17.073
      vertex -2.12817 -0.0408754 16.7801
      vertex -1.39368 0.351582 17.0415
    endloop
  endfacet
  facet normal -0.211789 -0.354968 0.910573
    outer loop
      vertex -2.02359 0.590222 17.0818
      vertex -2.743 0.122138 16.732
      vertex -2.45726 0.0381012 16.7657
    endloop
  endfacet
  facet normal -0.201862 -0.331525 0.921598
    outer loop
      vertex -1.77853 1.2885 17.3867
      vertex -2.28226 0.708714 17.0678
      vertex -1.54945 1.13595 17.382
    endloop
  endfacet
  facet normal -0.534276 -0.000882077 0.845309
    outer loop
      vertex -2.24221 1.68811 17.2453
      vertex -2.8006 1.04542 16.8917
      vertex -2.6729 0.937565 16.9723
    endloop
  endfacet
  facet normal -0.60132 -0.303225 0.739236
    outer loop
      vertex -4.77492 -2.1389 14.9265
      vertex -4.80029 -2.74585 14.6569
      vertex -4.60372 -2.17659 15.0503
    endloop
  endfacet
  facet normal -0.602995 -0.238585 0.761232
    outer loop
      vertex -4.50465 -1.52946 15.3316
      vertex -4.77492 -2.1389 14.9265
      vertex -4.60372 -2.17659 15.0503
    endloop
  endfacet
  facet normal -0.746241 0.0532626 0.663541
    outer loop
      vertex -3.86012 -0.16797 16.0228
      vertex -4.26377 -0.819006 15.6211
      vertex -3.76882 -0.255435 16.1325
    endloop
  endfacet
  facet normal -0.588693 -0.127639 0.798216
    outer loop
      vertex -3.76882 -0.255435 16.1325
      vertex -4.16805 -0.899339 15.7351
      vertex -4.01023 -0.964339 15.8411
    endloop
  endfacet
  facet normal 0.152688 -0.593032 0.790569
    outer loop
      vertex 0.705704 -0.789145 16.1201
      vertex 0.143534 -1.02907 16.0487
      vertex 0.726164 -0.818671 16.094
    endloop
  endfacet
  facet normal 0.152862 -0.593357 0.790292
    outer loop
      vertex 0.143534 -1.02907 16.0487
      vertex 0.705704 -0.789145 16.1201
      vertex 0.69404 -0.766977 16.139
    endloop
  endfacet
  facet normal 0.121236 -0.568987 0.813361
    outer loop
      vertex 0.527059 -0.36502 16.4661
      vertex -0.13884 -0.568087 16.4233
      vertex 0.407176 -0.535514 16.3647
    endloop
  endfacet
  facet normal 0.159643 -0.60564 0.77956
    outer loop
      vertex 0.0569286 -1.32529 15.8397
      vertex 0.0420961 -1.45856 15.7392
      vertex 0.75347 -0.968948 15.9739
    endloop
  endfacet
  facet normal 0.134456 -0.606126 0.783921
    outer loop
      vertex 0.0569286 -1.32529 15.8397
      vertex -0.623802 -1.66163 15.6964
      vertex 0.0420961 -1.45856 15.7392
    endloop
  endfacet
  facet normal 0.201127 -0.653051 0.730118
    outer loop
      vertex 0.58697 -2.00525 15.1636
      vertex 0.110107 -2.60312 14.7602
      vertex 0.303637 -2.59215 14.7167
    endloop
  endfacet
  facet normal 0.206164 -0.619916 0.7571
    outer loop
      vertex 1.19283 -1.28147 15.6135
      vertex 1.15832 -1.37514 15.5462
      vertex 1.21159 -1.29123 15.6004
    endloop
  endfacet
  facet normal 0.204979 -0.619787 0.757528
    outer loop
      vertex 1.16402 -1.26142 15.6377
      vertex 1.15832 -1.37514 15.5462
      vertex 1.19283 -1.28147 15.6135
    endloop
  endfacet
  facet normal 0.205489 -0.619735 0.757432
    outer loop
      vertex 1.15832 -1.37514 15.5462
      vertex 1.16402 -1.26142 15.6377
      vertex 1.07384 -1.37993 15.5652
    endloop
  endfacet
  facet normal 0.225186 -0.641536 0.733296
    outer loop
      vertex 1.41257 -1.38681 15.4618
      vertex 1.38634 -1.79162 15.1157
      vertex 1.43751 -1.39623 15.4459
    endloop
  endfacet
  facet normal 0.226438 -0.641394 0.733034
    outer loop
      vertex 1.38634 -1.79162 15.1157
      vertex 1.41257 -1.38681 15.4618
      vertex 1.20989 -1.8682 15.1032
    endloop
  endfacet
  facet normal 0.212219 -0.621282 0.754302
    outer loop
      vertex 1.24991 -1.3596 15.5337
      vertex 1.2905 -1.33238 15.5447
      vertex 1.2718 -1.32262 15.558
    endloop
  endfacet
  facet normal 0.211405 -0.62044 0.755223
    outer loop
      vertex 1.2905 -1.33238 15.5447
      vertex 1.24991 -1.3596 15.5337
      vertex 1.31123 -1.34321 15.53
    endloop
  endfacet
  facet normal 0.244536 -0.660754 0.709652
    outer loop
      vertex 1.56732 -1.69951 15.1391
      vertex 1.38634 -1.79162 15.1157
      vertex 1.46753 -2.17979 14.7263
    endloop
  endfacet
  facet normal 0.328185 -0.685103 0.65033
    outer loop
      vertex 2.95219 -1.48564 14.7876
      vertex 2.6475 -1.75158 14.6612
      vertex 3.1705 -1.67362 14.4794
    endloop
  endfacet
  facet normal 0.237474 -0.641152 0.729747
    outer loop
      vertex 1.68215 -1.46503 15.308
      vertex 1.75087 -1.59289 15.1733
      vertex 1.72473 -1.46986 15.2899
    endloop
  endfacet
  facet normal 0.237051 -0.641345 0.729714
    outer loop
      vertex 1.62009 -1.45008 15.3413
      vertex 1.75087 -1.59289 15.1733
      vertex 1.68215 -1.46503 15.308
    endloop
  endfacet
  facet normal 0.230352 -0.641735 0.731515
    outer loop
      vertex 1.56732 -1.69951 15.1391
      vertex 1.62009 -1.45008 15.3413
      vertex 1.61648 -1.44921 15.3432
    endloop
  endfacet
  facet normal 0.236717 -0.641558 0.729636
    outer loop
      vertex 1.62009 -1.45008 15.3413
      vertex 1.56732 -1.69951 15.1391
      vertex 1.75087 -1.59289 15.1733
    endloop
  endfacet
  facet normal 0.237019 -0.641281 0.729781
    outer loop
      vertex 1.75769 -1.47361 15.2759
      vertex 1.72473 -1.46986 15.2899
      vertex 1.75087 -1.59289 15.1733
    endloop
  endfacet
  facet normal 0.215563 -0.639995 0.737522
    outer loop
      vertex 1.24991 -1.3596 15.5337
      vertex 1.33584 -1.35624 15.5115
      vertex 1.31123 -1.34321 15.53
    endloop
  endfacet
  facet normal 0.215607 -0.639744 0.737727
    outer loop
      vertex 1.33584 -1.35624 15.5115
      vertex 1.24991 -1.3596 15.5337
      vertex 1.03992 -1.92842 15.1018
    endloop
  endfacet
  facet normal 0.219118 -0.658156 0.72029
    outer loop
      vertex 0.878276 -1.97162 15.1115
      vertex 0.513456 -2.55656 14.688
      vertex 1.03992 -1.92842 15.1018
    endloop
  endfacet
  facet normal 0.353348 -0.63105 0.690595
    outer loop
      vertex 4.5597 0.560895 15.9594
      vertex 4.40498 0.271258 15.7739
      vertex 5.09898 0.781547 15.8851
    endloop
  endfacet
  facet normal 0.25178 -0.660379 0.707465
    outer loop
      vertex 1.56732 -1.69951 15.1391
      vertex 1.46753 -2.17979 14.7263
      vertex 1.75087 -1.59289 15.1733
    endloop
  endfacet
  facet normal 0.24451 -0.660761 0.709655
    outer loop
      vertex 1.38634 -1.79162 15.1157
      vertex 1.21693 -2.30732 14.6939
      vertex 1.46753 -2.17979 14.7263
    endloop
  endfacet
  facet normal 0.297039 -0.697553 0.652064
    outer loop
      vertex 2.01295 -2.23324 14.4545
      vertex 1.65634 -2.82295 13.9861
      vertex 2.04371 -2.5705 14.0797
    endloop
  endfacet
  facet normal 0.284547 -0.699685 0.655343
    outer loop
      vertex 1.69004 -2.44368 14.3764
      vertex 1.3681 -2.63071 14.3165
      vertex 1.65634 -2.82295 13.9861
    endloop
  endfacet
  facet normal 0.303464 -0.560722 0.77039
    outer loop
      vertex 5.3127 2.70195 17.3336
      vertex 4.73785 2.16167 17.1668
      vertex 4.81259 1.99713 17.0176
    endloop
  endfacet
  facet normal 0.281886 -0.571067 0.770988
    outer loop
      vertex 4.73785 2.16167 17.1668
      vertex 4.18653 1.4733 16.8585
      vertex 4.81259 1.99713 17.0176
    endloop
  endfacet
  facet normal 0.335695 -0.519527 0.785749
    outer loop
      vertex 6.1643 3.91863 17.8019
      vertex 5.6972 3.4087 17.6643
      vertex 5.84578 3.2181 17.4748
    endloop
  endfacet
  facet normal 0.314941 -0.505286 0.803429
    outer loop
      vertex 6.1643 3.91863 17.8019
      vertex 5.50529 3.55971 17.8345
      vertex 5.6972 3.4087 17.6643
    endloop
  endfacet
  facet normal 0.372249 -0.549341 0.748101
    outer loop
      vertex 6.51227 3.1526 17.1073
      vertex 5.94939 2.99002 17.268
      vertex 6.0069 2.72694 17.0462
    endloop
  endfacet
  facet normal 0.341539 -0.561057 0.754034
    outer loop
      vertex 5.94939 2.99002 17.268
      vertex 5.45214 2.27688 16.9626
      vertex 6.0069 2.72694 17.0462
    endloop
  endfacet
  facet normal 0.305471 -0.594852 0.743532
    outer loop
      vertex 4.22542 1.1554 16.5987
      vertex 4.20488 0.97086 16.4595
      vertex 4.83584 1.36062 16.5121
    endloop
  endfacet
  facet normal 0.283582 -0.60388 0.744923
    outer loop
      vertex 3.92876 0.805791 16.4308
      vertex 4.15789 0.771901 16.3161
      vertex 4.20488 0.97086 16.4595
    endloop
  endfacet
  facet normal 0.283495 -0.604089 0.744786
    outer loop
      vertex 4.15789 0.771901 16.3161
      vertex 3.92945 0.797603 16.4239
      vertex 3.93751 0.70152 16.3429
    endloop
  endfacet
  facet normal 0.283592 -0.603858 0.744937
    outer loop
      vertex 4.15789 0.771901 16.3161
      vertex 3.92876 0.805791 16.4308
      vertex 3.92945 0.797603 16.4239
    endloop
  endfacet
  facet normal -0.0126597 -0.45656 0.889603
    outer loop
      vertex -0.564427 1.26139 17.5315
      vertex -0.993923 0.811702 17.2946
      vertex -0.291322 1.04377 17.4237
    endloop
  endfacet
  facet normal -0.0607111 -0.419225 0.90585
    outer loop
      vertex -0.564427 1.26139 17.5315
      vertex -1.28695 0.976437 17.3512
      vertex -0.993923 0.811702 17.2946
    endloop
  endfacet
  facet normal 0.0287309 -0.487103 0.872872
    outer loop
      vertex -0.291322 1.04377 17.4237
      vertex -0.329404 0.473829 17.1069
      vertex 0.00140858 0.820196 17.2893
    endloop
  endfacet
  facet normal 0.0647985 -0.512722 0.856106
    outer loop
      vertex 0.00140858 0.820196 17.2893
      vertex -0.329404 0.473829 17.1069
      vertex 0.310558 0.593112 17.1299
    endloop
  endfacet
  facet normal 0.0902679 -0.496386 0.863396
    outer loop
      vertex 1.09401 1.77383 17.7428
      vertex 1.09719 1.55664 17.6176
      vertex 1.1488 1.60777 17.6416
    endloop
  endfacet
  facet normal 0.088259 -0.496498 0.863539
    outer loop
      vertex 1.09401 1.77383 17.7428
      vertex 1.03192 1.49199 17.5871
      vertex 1.09719 1.55664 17.6176
    endloop
  endfacet
  facet normal 0.0887685 -0.496561 0.863451
    outer loop
      vertex 0.717034 1.47378 17.609
      vertex 1.03192 1.49199 17.5871
      vertex 1.09401 1.77383 17.7428
    endloop
  endfacet
  facet normal 0.088771 -0.496701 0.86337
    outer loop
      vertex 1.03192 1.49199 17.5871
      vertex 0.717034 1.47378 17.609
      vertex 0.979173 1.4292 17.5564
    endloop
  endfacet
  facet normal 0.0584573 -0.466915 0.882368
    outer loop
      vertex 1.09401 1.77383 17.7428
      vertex 0.53557 1.79897 17.7931
      vertex 0.717034 1.47378 17.609
    endloop
  endfacet
  facet normal -0.218027 -0.38109 0.898463
    outer loop
      vertex -2.45726 0.0381012 16.7657
      vertex -3.15571 -0.464801 16.3829
      vertex -2.84573 -0.514362 16.4371
    endloop
  endfacet
  facet normal -0.316634 -0.385762 0.866563
    outer loop
      vertex -3.79203 -1.0133 15.9379
      vertex -3.8195 -1.61412 15.6604
      vertex -3.51586 -1.04567 16.0244
    endloop
  endfacet
  facet normal 0.122254 -0.563777 0.816829
    outer loop
      vertex 0.212465 -0.0960913 16.6988
      vertex 0.0271521 -0.332016 16.5637
      vertex 0.527059 -0.36502 16.4661
    endloop
  endfacet
  facet normal 0.0597885 -0.520484 0.851776
    outer loop
      vertex 0.0348043 0.304393 16.9778
      vertex -0.329404 0.473829 17.1069
      vertex -0.221857 0.00897789 16.8153
    endloop
  endfacet
  facet normal 0.0891348 -0.562616 0.821899
    outer loop
      vertex -0.666901 -0.588957 16.4663
      vertex -0.850406 -0.884927 16.2836
      vertex -0.283693 -0.801717 16.2791
    endloop
  endfacet
  facet normal 0.121149 -0.574522 0.809473
    outer loop
      vertex 0.407176 -0.535514 16.3647
      vertex -0.13884 -0.568087 16.4233
      vertex 0.30256 -0.704246 16.2606
    endloop
  endfacet
  facet normal 0.34279 -0.672786 0.655633
    outer loop
      vertex 3.51977 -0.918061 15.0798
      vertex 3.24402 -1.20678 14.9277
      vertex 3.85141 -0.992714 14.8298
    endloop
  endfacet
  facet normal 0.342775 -0.672703 0.655726
    outer loop
      vertex 3.85141 -0.992714 14.8298
      vertex 3.24402 -1.20678 14.9277
      vertex 3.52059 -1.33908 14.6474
    endloop
  endfacet
  facet normal 0.289122 -0.650174 0.702626
    outer loop
      vertex 2.47482 -1.3972 15.0815
      vertex 2.47746 -1.48583 14.9984
      vertex 2.47603 -1.39677 15.0814
    endloop
  endfacet
  facet normal 0.27658 -0.652903 0.705138
    outer loop
      vertex 2.47746 -1.48583 14.9984
      vertex 2.47482 -1.3972 15.0815
      vertex 2.43129 -1.4124 15.0845
    endloop
  endfacet
  facet normal 0.270473 -0.655726 0.704888
    outer loop
      vertex 2.22569 -1.46292 15.1168
      vertex 2.22941 -1.68326 14.9104
      vertex 2.26114 -1.45464 15.1109
    endloop
  endfacet
  facet normal 0.27266 -0.655285 0.704456
    outer loop
      vertex 2.22941 -1.68326 14.9104
      vertex 2.22569 -1.46292 15.1168
      vertex 2.15997 -1.4707 15.135
    endloop
  endfacet
  facet normal 0.356725 -0.701867 0.616547
    outer loop
      vertex 3.1705 -1.67362 14.4794
      vertex 2.94814 -2.20644 14.0015
      vertex 3.37051 -1.83778 14.1768
    endloop
  endfacet
  facet normal 0.345376 -0.708255 0.615703
    outer loop
      vertex 2.80497 -1.99266 14.3277
      vertex 2.42799 -2.29272 14.194
      vertex 2.51255 -2.55314 13.847
    endloop
  endfacet
  facet normal 0.335991 -0.679365 0.65236
    outer loop
      vertex 3.24402 -1.20678 14.9277
      vertex 2.95219 -1.48564 14.7876
      vertex 3.1705 -1.67362 14.4794
    endloop
  endfacet
  facet normal 0.302806 -0.66869 0.679089
    outer loop
      vertex 2.66535 -1.32184 15.0764
      vertex 2.6475 -1.75158 14.6612
      vertex 2.71459 -1.29873 15.0772
    endloop
  endfacet
  facet normal 0.301788 -0.668893 0.679343
    outer loop
      vertex 2.6475 -1.75158 14.6612
      vertex 2.66535 -1.32184 15.0764
      vertex 2.47746 -1.48583 14.9984
    endloop
  endfacet
  facet normal 0.318921 -0.690218 0.64953
    outer loop
      vertex 2.6475 -1.75158 14.6612
      vertex 2.33327 -2.0017 14.5497
      vertex 2.80497 -1.99266 14.3277
    endloop
  endfacet
  facet normal 0.318947 -0.690151 0.649588
    outer loop
      vertex 2.80497 -1.99266 14.3277
      vertex 2.33327 -2.0017 14.5497
      vertex 2.42799 -2.29272 14.194
    endloop
  endfacet
  facet normal 0.423918 -0.677268 0.601334
    outer loop
      vertex 4.83849 -0.227208 15.0443
      vertex 4.51306 -0.641508 14.8071
      vertex 5.19945 -0.166687 14.858
    endloop
  endfacet
  facet normal 0.427592 -0.664849 0.612487
    outer loop
      vertex 5.12998 0.187348 15.2908
      vertex 4.83849 -0.227208 15.0443
      vertex 5.19945 -0.166687 14.858
    endloop
  endfacet
  facet normal 0.388619 -0.635072 0.667577
    outer loop
      vertex 5.09898 0.781547 15.8851
      vertex 4.91337 0.434079 15.6626
      vertex 5.38436 0.597621 15.544
    endloop
  endfacet
  facet normal 0.389642 -0.646427 0.655981
    outer loop
      vertex 5.38436 0.597621 15.544
      vertex 4.91337 0.434079 15.6626
      vertex 5.12998 0.187348 15.2908
    endloop
  endfacet
  facet normal 0.333814 -0.591168 0.734226
    outer loop
      vertex 4.86186 1.5944 16.6885
      vertex 4.83584 1.36062 16.5121
      vertex 5.46147 2.02141 16.7597
    endloop
  endfacet
  facet normal 0.305494 -0.594963 0.743433
    outer loop
      vertex 4.86186 1.5944 16.6885
      vertex 4.22542 1.1554 16.5987
      vertex 4.83584 1.36062 16.5121
    endloop
  endfacet
  facet normal 0.298619 -0.58684 0.752625
    outer loop
      vertex 4.85408 1.80734 16.8576
      vertex 4.21928 1.32349 16.7322
      vertex 4.22542 1.1554 16.5987
    endloop
  endfacet
  facet normal 0.290658 -0.578801 0.76191
    outer loop
      vertex 4.85408 1.80734 16.8576
      vertex 4.18653 1.4733 16.8585
      vertex 4.21928 1.32349 16.7322
    endloop
  endfacet
  facet normal 0.311218 -0.602948 0.734573
    outer loop
      vertex 4.20488 0.97086 16.4595
      vertex 4.15789 0.771901 16.3161
      vertex 4.83584 1.36062 16.5121
    endloop
  endfacet
  facet normal 0.428937 -0.651886 0.625346
    outer loop
      vertex 5.81279 0.760094 15.4195
      vertex 5.38436 0.597621 15.544
      vertex 5.52697 0.299109 15.135
    endloop
  endfacet
  facet normal 0.473842 -0.656214 0.587246
    outer loop
      vertex 5.81279 0.760094 15.4195
      vertex 5.52697 0.299109 15.135
      vertex 6.19397 0.919717 15.2903
    endloop
  endfacet
  facet normal 0.588222 -0.634882 0.50092
    outer loop
      vertex 6.80953 1.60979 15.5006
      vertex 6.79843 1.22347 15.024
      vertex 7.10207 1.79191 15.3879
    endloop
  endfacet
  facet normal 0.585791 -0.612571 0.530665
    outer loop
      vertex 7.34589 2.3417 15.7534
      vertex 6.80953 1.60979 15.5006
      vertex 7.10207 1.79191 15.3879
    endloop
  endfacet
  facet normal -0.216328 -0.768027 0.602774
    outer loop
      vertex -4.25613 -5.18345 12.7925
      vertex -4.71845 -4.98644 12.8776
      vertex -4.49041 -5.27898 12.5867
    endloop
  endfacet
  facet normal -0.199827 -0.911632 0.359159
    outer loop
      vertex -3.83801 -5.67927 12.0969
      vertex -4.19585 -5.51077 12.3255
      vertex -3.99195 -5.7205 11.9066
    endloop
  endfacet
  facet normal 0.343174 -0.799752 0.492574
    outer loop
      vertex 0.451951 -4.32447 12.7252
      vertex 0.327122 -4.58461 12.3898
      vertex 0.913583 -4.28615 12.4658
    endloop
  endfacet
  facet normal 0.368239 -0.83012 0.418689
    outer loop
      vertex 0.913583 -4.28615 12.4658
      vertex 0.215142 -4.78905 12.083
      vertex 0.838201 -4.47196 12.1637
    endloop
  endfacet
  facet normal 0.436431 -0.847798 0.301273
    outer loop
      vertex 0.838201 -4.47196 12.1637
      vertex 0.770069 -4.6033 11.8928
      vertex 1.47006 -4.1049 12.2813
    endloop
  endfacet
  facet normal 0.436519 -0.847806 0.301126
    outer loop
      vertex 1.47006 -4.1049 12.2813
      vertex 0.770069 -4.6033 11.8928
      vertex 1.43212 -4.2187 12.0159
    endloop
  endfacet
  facet normal 0.723089 -0.10206 -0.683174
    outer loop
      vertex 6.86012 1.16797 13.9772
      vertex 6.39757 0.510135 13.5859
      vertex 6.76882 1.25543 13.8675
    endloop
  endfacet
  facet normal 0.723039 -0.102013 -0.683233
    outer loop
      vertex 6.39757 0.510135 13.5859
      vertex 6.31133 0.604808 13.4805
      vertex 6.76882 1.25543 13.8675
    endloop
  endfacet
  facet normal 0.605647 -0.255232 -0.75369
    outer loop
      vertex 4.71003 -1.43219 12.5175
      vertex 4.06812 -2.04559 12.2094
      vertex 4.64229 -1.31624 12.4238
    endloop
  endfacet
  facet normal 0.605582 -0.255158 -0.753767
    outer loop
      vertex 4.06812 -2.04559 12.2094
      vertex 4.00741 -1.92292 12.1191
      vertex 4.64229 -1.31624 12.4238
    endloop
  endfacet
  facet normal -0.0974537 0.628948 -0.771315
    outer loop
      vertex 4.2995 3.42101 14.8
      vertex 4.25802 3.6108 14.96
      vertex 4.93014 3.79576 15.0259
    endloop
  endfacet
  facet normal -0.0974908 0.629051 -0.771226
    outer loop
      vertex 4.93014 3.79576 15.0259
      vertex 4.25802 3.6108 14.96
      vertex 4.88036 4.02344 15.2179
    endloop
  endfacet
  facet normal 0.149655 0.279533 -0.948401
    outer loop
      vertex 3.0666 -1.92437 11.7917
      vertex 2.93807 -1.67574 11.8447
      vertex 3.6646 -1.40243 12.0399
    endloop
  endfacet
  facet normal 0.229094 0.191374 -0.954407
    outer loop
      vertex 3.17796 -2.14645 11.7739
      vertex 3.0666 -1.92437 11.7917
      vertex 3.6646 -1.40243 12.0399
    endloop
  endfacet
  facet normal 0.313014 0.313196 -0.896622
    outer loop
      vertex 6.41467 1.40467 13.6865
      vertex 5.743 0.877861 13.268
      vertex 6.15571 1.4648 13.6171
    endloop
  endfacet
  facet normal 0.312957 0.313265 -0.896618
    outer loop
      vertex 5.98225 0.789683 13.3207
      vertex 5.743 0.877861 13.268
      vertex 6.41467 1.40467 13.6865
    endloop
  endfacet
  facet normal -0.4771 0.461443 -0.747961
    outer loop
      vertex -4.13863 -3.56695 12.2689
      vertex -4.59841 -3.61068 12.5352
      vertex -4.27671 -3.26299 12.5445
    endloop
  endfacet
  facet normal -0.477098 0.461451 -0.747958
    outer loop
      vertex -4.45171 -3.9336 12.2424
      vertex -4.59841 -3.61068 12.5352
      vertex -4.13863 -3.56695 12.2689
    endloop
  endfacet
  facet normal -0.314811 0.505029 -0.803642
    outer loop
      vertex -2.94867 -3.08831 12.007
      vertex -3.1643 -2.91863 12.1981
      vertex -2.50529 -2.55971 12.1655
    endloop
  endfacet
  facet normal -0.29273 0.491478 -0.820218
    outer loop
      vertex -2.68672 -3.21166 11.8396
      vertex -2.94867 -3.08831 12.007
      vertex -2.50529 -2.55971 12.1655
    endloop
  endfacet
  facet normal -0.250498 0.549343 -0.797166
    outer loop
      vertex -0.800875 -0.860229 12.7341
      vertex -1.49223 -1.4081 12.5738
      vertex -0.933638 -0.797713 12.8189
    endloop
  endfacet
  facet normal -0.226831 0.537214 -0.812373
    outer loop
      vertex -0.470968 -0.912347 12.6043
      vertex -1.12795 -1.53589 12.3754
      vertex -0.646087 -0.898581 12.6623
    endloop
  endfacet
  facet normal -0.238977 0.564348 -0.79019
    outer loop
      vertex -0.933638 -0.797713 12.8189
      vertex -0.406059 -0.398023 12.9448
      vertex -0.800875 -0.860229 12.7341
    endloop
  endfacet
  facet normal -0.239652 0.565022 -0.789504
    outer loop
      vertex -0.406059 -0.398023 12.9448
      vertex -0.933638 -0.797713 12.8189
      vertex -0.412489 -0.35436 12.978
    endloop
  endfacet
  facet normal -0.230094 0.559518 -0.796239
    outer loop
      vertex -0.39404 -0.477896 12.8852
      vertex -0.800875 -0.860229 12.7341
      vertex -0.406059 -0.398023 12.9448
    endloop
  endfacet
  facet normal -0.235975 0.563875 -0.79143
    outer loop
      vertex -0.800875 -0.860229 12.7341
      vertex -0.39404 -0.477896 12.8852
      vertex -0.393243 -0.480931 12.8828
    endloop
  endfacet
  facet normal -0.253652 0.574984 -0.777852
    outer loop
      vertex -0.430175 -0.113793 13.1569
      vertex -0.488414 -0.0326118 13.2359
      vertex -0.430423 -0.107003 13.162
    endloop
  endfacet
  facet normal -0.254484 0.574483 -0.777951
    outer loop
      vertex -0.488414 -0.0326118 13.2359
      vertex -0.430175 -0.113793 13.1569
      vertex -1.04292 -0.711718 12.9158
    endloop
  endfacet
  facet normal -0.255121 0.574796 -0.777511
    outer loop
      vertex -1.04292 -0.711718 12.9158
      vertex -1.12753 -0.603183 13.0238
      vertex -0.488414 -0.0326118 13.2359
    endloop
  endfacet
  facet normal -0.184216 0.499337 -0.846598
    outer loop
      vertex -0.361732 -2.01015 11.8989
      vertex -0.701878 -2.10105 11.9193
      vertex -0.395129 -1.49434 12.2104
    endloop
  endfacet
  facet normal -0.1778 0.471477 -0.863769
    outer loop
      vertex -0.591471 -2.57422 11.6383
      vertex -0.701878 -2.10105 11.9193
      vertex -0.361732 -2.01015 11.8989
    endloop
  endfacet
  facet normal -0.219965 0.455941 -0.8624
    outer loop
      vertex -1.65391 -3.29285 11.4976
      vertex -1.69281 -2.76101 11.7887
      vertex -1.35296 -2.74175 11.7122
    endloop
  endfacet
  facet normal -0.218101 0.485234 -0.846747
    outer loop
      vertex -1.35296 -2.74175 11.7122
      vertex -1.69281 -2.76101 11.7887
      vertex -1.02076 -2.15513 11.9628
    endloop
  endfacet
  facet normal -0.248002 0.524727 -0.814344
    outer loop
      vertex -1.58102 -2.15089 12.1171
      vertex -1.81626 -2.0926 12.2263
      vertex -1.12795 -1.53589 12.3754
    endloop
  endfacet
  facet normal -0.232319 0.517047 -0.823826
    outer loop
      vertex -0.906104 -1.55332 12.3019
      vertex -1.31488 -2.17181 12.029
      vertex -1.12795 -1.53589 12.3754
    endloop
  endfacet
  facet normal -0.0488006 0.379873 -0.923751
    outer loop
      vertex 1.1548 -2.58801 11.4449
      vertex 0.642611 -2.47921 11.5167
      vertex 1.14406 -2.18791 11.61
    endloop
  endfacet
  facet normal -0.0781452 0.423576 -0.902484
    outer loop
      vertex 1.14406 -2.18791 11.61
      vertex 0.642611 -2.47921 11.5167
      vertex 1.13721 -1.75836 11.8122
    endloop
  endfacet
  facet normal 0.256662 0.0420295 -0.965587
    outer loop
      vertex 1.92085 -3.36432 11.3516
      vertex 1.87308 -3.13693 11.3488
      vertex 2.60238 -2.87168 11.5542
    endloop
  endfacet
  facet normal 0.366072 -0.127325 -0.921835
    outer loop
      vertex 1.96401 -3.54938 11.3943
      vertex 1.92085 -3.36432 11.3516
      vertex 2.60238 -2.87168 11.5542
    endloop
  endfacet
  facet normal 0.0607908 0.419066 -0.905919
    outer loop
      vertex 3.81491 -0.470668 12.3885
      vertex 3.56443 -0.261392 12.4685
      vertex 4.28695 0.0235624 12.6488
    endloop
  endfacet
  facet normal 0.11788 0.372275 -0.920606
    outer loop
      vertex 4.04004 -0.66931 12.337
      vertex 3.81491 -0.470668 12.3885
      vertex 4.28695 0.0235624 12.6488
    endloop
  endfacet
  facet normal 0.188125 0.311208 -0.931536
    outer loop
      vertex 4.77853 -0.288499 12.6133
      vertex 4.23733 -0.855141 12.3147
      vertex 4.54945 -0.135952 12.618
    endloop
  endfacet
  facet normal 0.187924 0.311299 -0.931546
    outer loop
      vertex 4.23733 -0.855141 12.3147
      vertex 4.04004 -0.66931 12.337
      vertex 4.54945 -0.135952 12.618
    endloop
  endfacet
  facet normal 0.356817 0.0934417 -0.929489
    outer loop
      vertex 4.54012 -1.18039 12.3584
      vertex 3.91922 -1.7737 12.0604
      vertex 4.40464 -1.02612 12.3219
    endloop
  endfacet
  facet normal 0.356749 0.0934933 -0.92951
    outer loop
      vertex 3.91922 -1.7737 12.0604
      vertex 3.80454 -1.59957 12.0339
      vertex 4.40464 -1.02612 12.3219
    endloop
  endfacet
  facet normal -0.426982 0.493224 -0.757903
    outer loop
      vertex -4.13863 -3.56695 12.2689
      vertex -4.27671 -3.26299 12.5445
      vertex -3.89172 -2.87408 12.5807
    endloop
  endfacet
  facet normal -0.408233 0.534757 -0.739852
    outer loop
      vertex -3.89172 -2.87408 12.5807
      vertex -3.96274 -2.54921 12.8547
      vertex -3.44766 -2.4482 12.6435
    endloop
  endfacet
  facet normal -0.463284 0.6065 -0.646163
    outer loop
      vertex -3.39115 -1.06425 13.7136
      vertex -3.82962 -1.35305 13.7569
      vertex -3.67147 -0.895047 14.0734
    endloop
  endfacet
  facet normal -0.453976 0.589011 -0.668559
    outer loop
      vertex -3.48387 -1.45682 13.4307
      vertex -3.82962 -1.35305 13.7569
      vertex -3.39115 -1.06425 13.7136
    endloop
  endfacet
  facet normal -0.585787 0.612573 -0.530667
    outer loop
      vertex -3.80953 -0.609795 14.4994
      vertex -4.34589 -1.3417 14.2466
      vertex -4.10207 -0.791912 14.6121
    endloop
  endfacet
  facet normal -0.662482 0.595712 -0.454141
    outer loop
      vertex -4.10207 -0.791912 14.6121
      vertex -4.34589 -1.3417 14.2466
      vertex -4.33324 -0.959874 14.729
    endloop
  endfacet
  facet normal -0.974207 -0.0563946 0.218494
    outer loop
      vertex -5.30133 -3.63469 13.4885
      vertex -5.21152 -3.21525 13.9972
      vertex -5.2441 -3.12046 13.8764
    endloop
  endfacet
  facet normal -0.974233 -0.0562838 0.218407
    outer loop
      vertex -5.21152 -3.21525 13.9972
      vertex -5.30133 -3.63469 13.4885
      vertex -5.26875 -3.72948 13.6094
    endloop
  endfacet
  facet normal -0.972126 0.200218 -0.121999
    outer loop
      vertex -5.25939 -3.49461 13.3842
      vertex -5.30133 -3.63469 13.4885
      vertex -5.2441 -3.12046 13.8764
    endloop
  endfacet
  facet normal -0.972126 0.200217 -0.121998
    outer loop
      vertex -5.20278 -2.98601 13.7678
      vertex -5.25939 -3.49461 13.3842
      vertex -5.2441 -3.12046 13.8764
    endloop
  endfacet
  facet normal -0.964523 0.260152 -0.0449043
    outer loop
      vertex -5.20278 -2.98601 13.7678
      vertex -5.2441 -3.12046 13.8764
      vertex -5.07328 -2.43767 14.163
    endloop
  endfacet
  facet normal -0.392246 -0.525735 0.754815
    outer loop
      vertex -4.92694 -3.28211 14.2705
      vertex -4.98229 -3.7795 13.8953
      vertex -4.67805 -3.25345 14.4198
    endloop
  endfacet
  facet normal -0.415362 -0.46517 0.781723
    outer loop
      vertex -4.80029 -2.74585 14.6569
      vertex -4.92694 -3.28211 14.2705
      vertex -4.67805 -3.25345 14.4198
    endloop
  endfacet
  facet normal -0.57368 -0.451661 0.683296
    outer loop
      vertex -5.10542 -3.26933 14.1291
      vertex -5.16202 -3.77792 13.7454
      vertex -4.92694 -3.28211 14.2705
    endloop
  endfacet
  facet normal -0.799428 -0.302584 0.518996
    outer loop
      vertex -5.10542 -3.26933 14.1291
      vertex -5.21152 -3.21525 13.9972
      vertex -5.16202 -3.77792 13.7454
    endloop
  endfacet
  facet normal -0.233579 -0.609861 0.757305
    outer loop
      vertex -4.39726 -4.06041 13.8976
      vertex -4.73155 -3.73419 14.0572
      vertex -4.71555 -4.17208 13.7095
    endloop
  endfacet
  facet normal -0.261883 -0.562452 0.784261
    outer loop
      vertex -4.36146 -3.18367 14.5756
      vertex -4.73155 -3.73419 14.0572
      vertex -4.41253 -3.64248 14.2295
    endloop
  endfacet
  facet normal -0.30041 -0.470017 0.829962
    outer loop
      vertex -4.06332 -2.1639 15.295
      vertex -4.55563 -2.73515 14.7933
      vertex -4.24464 -2.689 14.932
    endloop
  endfacet
  facet normal -0.125644 -0.534402 0.83584
    outer loop
      vertex -3.27977 -2.03479 15.5267
      vertex -3.70003 -2.11366 15.4131
      vertex -3.43792 -2.49279 15.2101
    endloop
  endfacet
  facet normal -0.386212 -0.9195 0.0732177
    outer loop
      vertex -4.35786 -5.5482 12.1403
      vertex -4.45568 -5.51936 11.9865
      vertex -3.99195 -5.7205 11.9066
    endloop
  endfacet
  facet normal -0.321313 -0.650536 0.688158
    outer loop
      vertex -4.63024 -4.56235 13.3804
      vertex -4.96574 -4.23257 13.5355
      vertex -4.87747 -4.63636 13.195
    endloop
  endfacet
  facet normal -0.15961 -0.701912 0.69415
    outer loop
      vertex -4.16914 -4.75581 13.2908
      vertex -4.63024 -4.56235 13.3804
      vertex -4.47653 -4.90071 13.0736
    endloop
  endfacet
  facet normal -0.0814262 -0.689518 0.719677
    outer loop
      vertex -3.93772 -4.24937 13.8022
      vertex -4.31583 -4.43288 13.5836
      vertex -4.16914 -4.75581 13.2908
    endloop
  endfacet
  facet normal 0.10864 -0.523995 0.844764
    outer loop
      vertex 0.632322 0.867376 17.2632
      vertex 0.602382 0.87197 17.2699
      vertex 0.623712 0.848502 17.2526
    endloop
  endfacet
  facet normal 0.090274 -0.570684 0.816193
    outer loop
      vertex -0.850406 -0.884927 16.2836
      vertex -1.00512 -1.17456 16.0982
      vertex -0.283693 -0.801717 16.2791
    endloop
  endfacet
  facet normal 0.151205 -0.585268 0.796617
    outer loop
      vertex 0.407176 -0.535514 16.3647
      vertex 0.596437 -0.564474 16.3075
      vertex 0.579927 -0.521917 16.3419
    endloop
  endfacet
  facet normal 0.151584 -0.584196 0.797331
    outer loop
      vertex 0.407176 -0.535514 16.3647
      vertex 0.612121 -0.604898 16.2749
      vertex 0.596437 -0.564474 16.3075
    endloop
  endfacet
  facet normal 0.150994 -0.585166 0.796732
    outer loop
      vertex 0.612121 -0.604898 16.2749
      vertex 0.407176 -0.535514 16.3647
      vertex 0.30256 -0.704246 16.2606
    endloop
  endfacet
  facet normal 0.0965004 -0.5882 0.802937
    outer loop
      vertex -1.12935 -1.45469 15.912
      vertex -1.22174 -1.72225 15.7271
      vertex -0.503886 -1.25147 15.9857
    endloop
  endfacet
  facet normal 0.126356 -0.59299 0.795234
    outer loop
      vertex -0.503886 -1.25147 15.9857
      vertex -0.576813 -1.46267 15.8398
      vertex 0.0908651 -1.1816 15.9433
    endloop
  endfacet
  facet normal 0.151579 -0.589269 0.793591
    outer loop
      vertex 0.629065 -0.643961 16.243
      vertex 0.30256 -0.704246 16.2606
      vertex 0.657209 -0.69719 16.1981
    endloop
  endfacet
  facet normal 0.140938 -0.71442 0.685376
    outer loop
      vertex -1.78845 -4.07695 13.8112
      vertex -1.94118 -4.56795 13.3308
      vertex -1.51663 -4.1443 13.6851
    endloop
  endfacet
  facet normal 0.154059 -0.694639 0.702669
    outer loop
      vertex -1.29426 -3.61148 14.163
      vertex -1.78845 -4.07695 13.8112
      vertex -1.05902 -3.66977 14.0538
    endloop
  endfacet
  facet normal 0.0743312 -0.673526 0.735417
    outer loop
      vertex -2.36207 -3.62556 14.3198
      vertex -2.89112 -3.98509 14.044
      vertex -2.72419 -4.19924 13.831
    endloop
  endfacet
  facet normal 0.0741547 -0.673472 0.735484
    outer loop
      vertex -2.36207 -3.62556 14.3198
      vertex -2.72419 -4.19924 13.831
      vertex -2.2135 -3.81615 14.1303
    endloop
  endfacet
  facet normal 0.183628 -0.759397 0.624177
    outer loop
      vertex -1.59565 -4.59511 13.2164
      vertex -1.94828 -4.96592 12.869
      vertex -1.21379 -4.57346 13.1304
    endloop
  endfacet
  facet normal 0.154271 -0.749664 0.643588
    outer loop
      vertex -1.59565 -4.59511 13.2164
      vertex -2.32804 -4.93607 12.9948
      vertex -1.94828 -4.96592 12.869
    endloop
  endfacet
  facet normal -0.0842573 -0.860571 0.502314
    outer loop
      vertex -3.97144 -5.40748 12.5401
      vertex -4.19585 -5.51077 12.3255
      vertex -3.62558 -5.57034 12.3191
    endloop
  endfacet
  facet normal -0.0842509 -0.860519 0.502402
    outer loop
      vertex -3.62558 -5.57034 12.3191
      vertex -4.19585 -5.51077 12.3255
      vertex -3.83801 -5.67927 12.0969
    endloop
  endfacet
  facet normal 0.0705012 -0.74709 0.660974
    outer loop
      vertex -2.66371 -4.8529 13.1505
      vertex -3.34589 -5.00858 13.0473
      vertex -3.0352 -5.15488 12.8488
    endloop
  endfacet
  facet normal 0.0358934 -0.77681 0.628711
    outer loop
      vertex -3.34589 -5.00858 13.0473
      vertex -3.68708 -5.23947 12.7815
      vertex -3.0352 -5.15488 12.8488
    endloop
  endfacet
  facet normal 0.0364269 -0.639621 0.767827
    outer loop
      vertex -2.46568 -3.39748 14.5266
      vertex -3.07216 -3.43322 14.5256
      vertex -3.00754 -3.72881 14.2763
    endloop
  endfacet
  facet normal 0.0692925 -0.634302 0.769974
    outer loop
      vertex -1.93014 -2.79576 14.9741
      vertex -2.52319 -3.1344 14.7485
      vertex -2.46568 -3.39748 14.5266
    endloop
  endfacet
  facet normal 0.109212 -0.640061 0.760523
    outer loop
      vertex -1.18327 -2.77534 14.8908
      vertex -1.88036 -3.02344 14.7821
      vertex -1.7907 -3.22083 14.6031
    endloop
  endfacet
  facet normal 0.0974908 -0.629051 0.771226
    outer loop
      vertex -1.25802 -2.6108 15.04
      vertex -1.93014 -2.79576 14.9741
      vertex -1.88036 -3.02344 14.7821
    endloop
  endfacet
  facet normal 0.0180084 -0.507397 0.861524
    outer loop
      vertex -1.02936 0.234048 16.9876
      vertex -1.35478 -0.180251 16.7504
      vertex -0.637315 0.119429 16.9119
    endloop
  endfacet
  facet normal -0.0256943 -0.481422 0.876113
    outer loop
      vertex -1.02936 0.234048 16.9876
      vertex -1.39368 0.351582 17.0415
      vertex -1.35478 -0.180251 16.7504
    endloop
  endfacet
  facet normal -0.0802678 -0.467263 0.880467
    outer loop
      vertex -2.12817 -0.0408754 16.7801
      vertex -2.48814 -0.552811 16.4756
      vertex -2.08686 -0.579724 16.4979
    endloop
  endfacet
  facet normal -0.137528 -0.40855 0.902315
    outer loop
      vertex -1.72631 0.470742 17.073
      vertex -2.45726 0.0381012 16.7657
      vertex -2.12817 -0.0408754 16.7801
    endloop
  endfacet
  facet normal -0.0153521 -0.564855 0.825047
    outer loop
      vertex -2.28732 -1.79489 15.7354
      vertex -2.80714 -1.92814 15.6345
      vertex -2.41539 -2.16577 15.4791
    endloop
  endfacet
  facet normal -0.0810229 -0.486633 0.869841
    outer loop
      vertex -2.48814 -0.552811 16.4756
      vertex -2.80227 -1.05945 16.1629
      vertex -2.37267 -1.04071 16.2134
    endloop
  endfacet
  facet normal 0.0210537 -0.559878 0.828308
    outer loop
      vertex -2.11512 -1.40657 15.9935
      vertex -2.28732 -1.79489 15.7354
      vertex -1.72601 -1.63649 15.8282
    endloop
  endfacet
  facet normal 0.0210121 -0.559926 0.828276
    outer loop
      vertex -1.57697 -1.30043 16.0516
      vertex -2.11512 -1.40657 15.9935
      vertex -1.72601 -1.63649 15.8282
    endloop
  endfacet
  facet normal 0.0443701 -0.604652 0.795253
    outer loop
      vertex -1.90826 -2.25984 15.3885
      vertex -2.53397 -2.83921 14.9829
      vertex -1.93947 -2.5403 15.177
    endloop
  endfacet
  facet normal 0.0777441 -0.605781 0.791824
    outer loop
      vertex -1.90826 -2.25984 15.3885
      vertex -1.93947 -2.5403 15.177
      vertex -1.30728 -2.20807 15.3691
    endloop
  endfacet
  facet normal -0.00277386 -0.644924 0.764242
    outer loop
      vertex -3.00754 -3.72881 14.2763
      vertex -3.57104 -3.68894 14.3079
      vertex -3.50002 -4.01382 14.034
    endloop
  endfacet
  facet normal 0.0193307 -0.666771 0.745012
    outer loop
      vertex -3.00754 -3.72881 14.2763
      vertex -3.50002 -4.01382 14.034
      vertex -3.37207 -4.29548 13.7786
    endloop
  endfacet
  facet normal -0.0537705 -0.575409 0.816096
    outer loop
      vertex -2.95104 -2.34486 15.3465
      vertex -3.53982 -2.92424 14.8992
      vertex -3.04375 -2.73743 15.0636
    endloop
  endfacet
  facet normal -0.0538175 -0.575377 0.816116
    outer loop
      vertex -3.43792 -2.49279 15.2101
      vertex -3.53982 -2.92424 14.8992
      vertex -2.95104 -2.34486 15.3465
    endloop
  endfacet
  facet normal 0.194623 -0.614537 0.764504
    outer loop
      vertex 1.00273 -1.13991 15.7783
      vertex 0.871872 -1.32989 15.6589
      vertex 1.03572 -1.16952 15.7461
    endloop
  endfacet
  facet normal 0.194438 -0.614472 0.764603
    outer loop
      vertex 0.871872 -1.32989 15.6589
      vertex 1.00273 -1.13991 15.7783
      vertex 0.824168 -1.29235 15.7012
    endloop
  endfacet
  facet normal 0.188443 -0.610008 0.769662
    outer loop
      vertex 0.998766 -1.13634 15.7821
      vertex 0.824168 -1.29235 15.7012
      vertex 1.00273 -1.13991 15.7783
    endloop
  endfacet
  facet normal 0.167135 -0.636244 0.753166
    outer loop
      vertex 0.173897 -1.86035 15.3886
      vertex -0.461844 -2.40249 15.0717
      vertex -0.352562 -2.48849 14.9748
    endloop
  endfacet
  facet normal 0.159246 -0.630665 0.759541
    outer loop
      vertex 0.112794 -1.78196 15.4665
      vertex -0.54645 -2.29395 15.1796
      vertex 0.173897 -1.86035 15.3886
    endloop
  endfacet
  facet normal 0.175536 -0.641319 0.746925
    outer loop
      vertex 0.252823 -1.92246 15.3186
      vertex -0.219799 -2.551 14.89
      vertex 0.348706 -1.96761 15.2573
    endloop
  endfacet
  facet normal 0.186683 -0.6286 0.754991
    outer loop
      vertex 0.871872 -1.32989 15.6589
      vertex 0.252823 -1.92246 15.3186
      vertex 0.348706 -1.96761 15.2573
    endloop
  endfacet
  facet normal 0.203438 -0.636301 0.744133
    outer loop
      vertex 1.07384 -1.37993 15.5652
      vertex 0.58697 -2.00525 15.1636
      vertex 1.15832 -1.37514 15.5462
    endloop
  endfacet
  facet normal 0.191783 -0.631369 0.751394
    outer loop
      vertex 0.929826 -1.35718 15.6219
      vertex 0.348706 -1.96761 15.2573
      vertex 0.460497 -1.9953 15.2055
    endloop
  endfacet
  facet normal 0.257154 -0.700902 0.665288
    outer loop
      vertex 0.741129 -2.92661 14.2535
      vertex 0.517951 -3.40231 13.8386
      vertex 1.05063 -2.79227 14.2754
    endloop
  endfacet
  facet normal 0.246413 -0.680239 0.69033
    outer loop
      vertex 1.21693 -2.30732 14.6939
      vertex 0.741129 -2.92661 14.2535
      vertex 1.05063 -2.79227 14.2754
    endloop
  endfacet
  facet normal -0.301748 0.136851 -0.943515
    outer loop
      vertex -2.9892 -5.05708 11.1534
      vertex -3.58189 -5.3139 11.3057
      vertex -3.4454 -5.02122 11.3045
    endloop
  endfacet
  facet normal -0.285601 0.256938 -0.923263
    outer loop
      vertex -2.9892 -5.05708 11.1534
      vertex -3.4454 -5.02122 11.3045
      vertex -3.25472 -4.66805 11.3438
    endloop
  endfacet
  facet normal -0.147907 0.0787558 -0.985861
    outer loop
      vertex -2.02272 -5.22552 10.9548
      vertex -2.48504 -5.0285 11.0399
      vertex -1.93844 -4.9358 10.9653
    endloop
  endfacet
  facet normal -0.166979 0.209198 -0.963511
    outer loop
      vertex -1.93844 -4.9358 10.9653
      vertex -2.48504 -5.0285 11.0399
      vertex -1.81648 -4.58652 11.02
    endloop
  endfacet
  facet normal -0.226092 0.231527 -0.946191
    outer loop
      vertex -2.48504 -5.0285 11.0399
      vertex -2.81932 -4.70228 11.1996
      vertex -2.33815 -4.675 11.0913
    endloop
  endfacet
  facet normal -0.225362 0.315271 -0.921855
    outer loop
      vertex -2.33815 -4.675 11.0913
      vertex -2.81932 -4.70228 11.1996
      vertex -2.14922 -4.2648 11.1854
    endloop
  endfacet
  facet normal -0.351596 0.657596 -0.666294
    outer loop
      vertex -1.01119 1.32377 14.5866
      vertex -1.15932 1.63831 14.9752
      vertex -0.776434 1.62265 14.7577
    endloop
  endfacet
  facet normal -0.319964 0.647344 -0.691786
    outer loop
      vertex -0.368609 1.59468 14.5429
      vertex -1.01119 1.32377 14.5866
      vertex -0.776434 1.62265 14.7577
    endloop
  endfacet
  facet normal -0.247581 0.592227 -0.766792
    outer loop
      vertex -0.554677 0.169386 13.4122
      vertex -0.410571 0.170977 13.3669
      vertex -0.531025 0.0611916 13.321
    endloop
  endfacet
  facet normal -0.247485 0.592682 -0.766472
    outer loop
      vertex -0.410571 0.170977 13.3669
      vertex -0.554677 0.169386 13.4122
      vertex -0.391985 0.28142 13.4463
    endloop
  endfacet
  facet normal -0.245899 0.590942 -0.768324
    outer loop
      vertex -0.391985 0.28142 13.4463
      vertex -0.554677 0.169386 13.4122
      vertex -0.390927 0.287711 13.4508
    endloop
  endfacet
  facet normal -0.251136 0.596283 -0.762481
    outer loop
      vertex -0.559112 0.290787 13.5086
      vertex -0.390927 0.287711 13.4508
      vertex -0.554677 0.169386 13.4122
    endloop
  endfacet
  facet normal -0.251231 0.595912 -0.76274
    outer loop
      vertex -0.390927 0.287711 13.4508
      vertex -0.559112 0.290787 13.5086
      vertex -0.382759 0.335697 13.4856
    endloop
  endfacet
  facet normal -0.25137 0.596859 -0.761953
    outer loop
      vertex -0.382759 0.335697 13.4856
      vertex -0.559112 0.290787 13.5086
      vertex -0.368135 0.390367 13.5236
    endloop
  endfacet
  facet normal -0.247636 0.590612 -0.768019
    outer loop
      vertex -0.368135 0.390367 13.5236
      vertex -0.559112 0.290787 13.5086
      vertex -0.366881 0.395054 13.5268
    endloop
  endfacet
  facet normal -0.321896 0.633542 -0.703567
    outer loop
      vertex -0.864769 0.889054 14.1233
      vertex -1.40498 0.728741 14.2261
      vertex -0.719915 1.12268 14.2674
    endloop
  endfacet
  facet normal -0.321946 0.633619 -0.703475
    outer loop
      vertex -0.719915 1.12268 14.2674
      vertex -1.40498 0.728741 14.2261
      vertex -1.22148 1.02471 14.4087
    endloop
  endfacet
  facet normal -0.259531 0.607826 -0.750461
    outer loop
      vertex -0.254133 0.738792 13.7627
      vertex -0.457674 0.720284 13.8181
      vertex -0.23024 0.788997 13.7951
    endloop
  endfacet
  facet normal -0.259432 0.608655 -0.749822
    outer loop
      vertex -0.273096 0.687838 13.7279
      vertex -0.457674 0.720284 13.8181
      vertex -0.254133 0.738792 13.7627
    endloop
  endfacet
  facet normal -0.259719 0.608069 -0.750198
    outer loop
      vertex -0.457674 0.720284 13.8181
      vertex -0.273096 0.687838 13.7279
      vertex -0.510343 0.567752 13.7127
    endloop
  endfacet
  facet normal -0.283544 0.603882 -0.744936
    outer loop
      vertex -0.544279 0.424062 13.6092
      vertex -1.20488 0.0291395 13.5405
      vertex -1.15789 0.228098 13.6839
    endloop
  endfacet
  facet normal -0.279278 0.597866 -0.751372
    outer loop
      vertex -0.544279 0.424062 13.6092
      vertex -1.22542 -0.155396 13.4013
      vertex -1.20488 0.0291395 13.5405
    endloop
  endfacet
  facet normal 0.186737 0.544868 -0.817465
    outer loop
      vertex 7.24464 3.689 15.068
      vertex 6.98066 4.07353 15.264
      vertex 7.36146 4.18367 15.4244
    endloop
  endfacet
  facet normal 0.166988 0.581847 -0.79597
    outer loop
      vertex 7.36146 4.18367 15.4244
      vertex 6.98066 4.07353 15.264
      vertex 7.41253 4.64248 15.7705
    endloop
  endfacet
  facet normal -0.286258 0.722608 -0.629202
    outer loop
      vertex 2.26543 4.64904 16.5332
      vertex 1.72989 4.04732 16.0858
      vertex 1.82537 4.42508 16.4762
    endloop
  endfacet
  facet normal -0.302696 0.720858 -0.623489
    outer loop
      vertex 1.72989 4.04732 16.0858
      vertex 1.34366 3.82295 16.0139
      vertex 1.82537 4.42508 16.4762
    endloop
  endfacet
  facet normal -0.18355 0.645643 -0.741252
    outer loop
      vertex 2.65129 2.96761 14.7427
      vertex 2.5395 2.9953 14.7945
      vertex 3.06501 3.58935 15.1818
    endloop
  endfacet
  facet normal -0.191784 0.63137 -0.751393
    outer loop
      vertex 2.65129 2.96761 14.7427
      vertex 2.07017 2.35718 14.3781
      vertex 2.5395 2.9953 14.7945
    endloop
  endfacet
  facet normal -0.219999 0.62299 -0.750656
    outer loop
      vertex 1.48776 2.14535 14.3635
      vertex 1.47998 2.14441 14.365
      vertex 1.54966 2.2971 14.4713
    endloop
  endfacet
  facet normal -0.213772 0.622111 -0.75318
    outer loop
      vertex 1.55365 2.15331 14.3514
      vertex 1.54966 2.2971 14.4713
      vertex 1.65239 2.33349 14.4722
    endloop
  endfacet
  facet normal -0.213483 0.622156 -0.753224
    outer loop
      vertex 1.54966 2.2971 14.4713
      vertex 1.55365 2.15331 14.3514
      vertex 1.48776 2.14535 14.3635
    endloop
  endfacet
  facet normal -0.227594 0.659593 -0.716337
    outer loop
      vertex 2.26273 3.49675 15.3254
      vertex 1.79011 2.8682 14.8968
      vertex 2.02738 3.41337 15.3234
    endloop
  endfacet
  facet normal -0.22782 0.659667 -0.716196
    outer loop
      vertex 1.96008 2.92842 14.8982
      vertex 1.79011 2.8682 14.8968
      vertex 2.26273 3.49675 15.3254
    endloop
  endfacet
  facet normal -0.259045 0.631975 -0.730413
    outer loop
      vertex 0.52136 1.73423 14.3236
      vertex 0.363215 1.88773 14.5125
      vertex 0.572456 1.76939 14.3359
    endloop
  endfacet
  facet normal -0.258985 0.632018 -0.730397
    outer loop
      vertex 0.363215 1.88773 14.5125
      vertex 0.52136 1.73423 14.3236
      vertex 0.501096 1.71749 14.3163
    endloop
  endfacet
  facet normal -0.254136 0.636057 -0.728592
    outer loop
      vertex 0.529584 2.04671 14.5923
      vertex 0.767898 1.89416 14.376
      vertex 0.748069 1.88303 14.3732
    endloop
  endfacet
  facet normal -0.253633 0.636474 -0.728403
    outer loop
      vertex 0.529584 2.04671 14.5923
      vertex 0.748069 1.88303 14.3732
      vertex 0.718625 1.86649 14.369
    endloop
  endfacet
  facet normal -0.25343 0.636705 -0.728272
    outer loop
      vertex 0.767898 1.89416 14.376
      vertex 0.529584 2.04671 14.5923
      vertex 0.70329 2.19832 14.6644
    endloop
  endfacet
  facet normal -0.255959 0.634817 -0.729035
    outer loop
      vertex 0.691862 1.85145 14.3653
      vertex 0.529584 2.04671 14.5923
      vertex 0.718625 1.86649 14.369
    endloop
  endfacet
  facet normal -0.25652 0.634472 -0.729139
    outer loop
      vertex 0.656921 1.82744 14.3567
      vertex 0.529584 2.04671 14.5923
      vertex 0.691862 1.85145 14.3653
    endloop
  endfacet
  facet normal -0.256544 0.63446 -0.729141
    outer loop
      vertex 0.529584 2.04671 14.5923
      vertex 0.656921 1.82744 14.3567
      vertex 0.363215 1.88773 14.5125
    endloop
  endfacet
  facet normal -0.286629 0.675758 -0.679113
    outer loop
      vertex 0.770585 2.68326 15.0896
      vertex 0.66673 3.0017 15.4503
      vertex 0.987052 3.23324 15.5455
    endloop
  endfacet
  facet normal -0.294624 0.672706 -0.678721
    outer loop
      vertex 0.770585 2.68326 15.0896
      vertex 0.3525 2.75158 15.3388
      vertex 0.66673 3.0017 15.4503
    endloop
  endfacet
  facet normal -0.259166 0.659389 -0.705718
    outer loop
      vertex 1.24913 2.59289 14.8267
      vertex 1.02344 2.86604 15.1648
      vertex 1.27833 3.03215 15.2264
    endloop
  endfacet
  facet normal -0.25178 0.660379 -0.707465
    outer loop
      vertex 1.43268 2.69951 14.8609
      vertex 1.24913 2.59289 14.8267
      vertex 1.53247 3.17979 15.2737
    endloop
  endfacet
  facet normal -0.253555 0.636667 -0.728261
    outer loop
      vertex 0.767898 1.89416 14.376
      vertex 0.70329 2.19832 14.6644
      vertex 0.859662 1.94569 14.3891
    endloop
  endfacet
  facet normal -0.250142 0.638388 -0.727935
    outer loop
      vertex 0.869677 1.95131 14.3906
      vertex 0.70329 2.19832 14.6644
      vertex 0.974524 1.99798 14.3955
    endloop
  endfacet
  facet normal -0.249435 0.638766 -0.727846
    outer loop
      vertex 0.70329 2.19832 14.6644
      vertex 0.869677 1.95131 14.3906
      vertex 0.859662 1.94569 14.3891
    endloop
  endfacet
  facet normal -0.257084 0.700878 -0.66534
    outer loop
      vertex 2.48205 4.40231 16.1614
      vertex 1.94937 3.79227 15.7246
      vertex 2.11075 4.24115 16.1351
    endloop
  endfacet
  facet normal -0.257155 0.700903 -0.665287
    outer loop
      vertex 2.25887 3.92661 15.7465
      vertex 1.94937 3.79227 15.7246
      vertex 2.48205 4.40231 16.1614
    endloop
  endfacet
  facet normal -0.284547 0.699685 -0.655343
    outer loop
      vertex 1.6319 3.63071 15.6835
      vertex 1.30996 3.44368 15.6236
      vertex 1.34366 3.82295 16.0139
    endloop
  endfacet
  facet normal -0.284494 0.699727 -0.655321
    outer loop
      vertex 1.6319 3.63071 15.6835
      vertex 1.34366 3.82295 16.0139
      vertex 1.72989 4.04732 16.0858
    endloop
  endfacet
  facet normal -0.20177 0.618361 -0.759551
    outer loop
      vertex 1.8837 2.15692 14.2646
      vertex 1.87555 2.1577 14.2674
      vertex 2.07017 2.35718 14.3781
    endloop
  endfacet
  facet normal -0.196668 0.615722 -0.763026
    outer loop
      vertex 2.01505 2.14198 14.2189
      vertex 2.00897 2.14326 14.2215
      vertex 2.17583 2.29235 14.2988
    endloop
  endfacet
  facet normal -0.121901 0.650403 -0.749744
    outer loop
      vertex 4.7907 4.22083 15.3969
      vertex 4.18327 3.77534 15.1092
      vertex 4.66212 4.38578 15.5609
    endloop
  endfacet
  facet normal -0.109212 0.640061 -0.760523
    outer loop
      vertex 4.88036 4.02344 15.2179
      vertex 4.18327 3.77534 15.1092
      vertex 4.7907 4.22083 15.3969
    endloop
  endfacet
  facet normal -0.15446 0.597353 -0.786964
    outer loop
      vertex 2.5597 1.94456 13.9454
      vertex 2.85647 2.02907 13.9513
      vertex 2.58282 1.93025 13.93
    endloop
  endfacet
  facet normal -0.154764 0.598363 -0.786136
    outer loop
      vertex 2.52061 1.96874 13.9715
      vertex 2.85647 2.02907 13.9513
      vertex 2.5597 1.94456 13.9454
    endloop
  endfacet
  facet normal -0.154614 0.597226 -0.78703
    outer loop
      vertex 2.85647 2.02907 13.9513
      vertex 2.52061 1.96874 13.9715
      vertex 2.90913 2.1816 14.0567
    endloop
  endfacet
  facet normal -0.152807 0.594803 -0.789215
    outer loop
      vertex 2.51137 1.97446 13.9776
      vertex 2.90913 2.1816 14.0567
      vertex 2.52061 1.96874 13.9715
    endloop
  endfacet
  facet normal -0.15443 0.597127 -0.787141
    outer loop
      vertex 2.90913 2.1816 14.0567
      vertex 2.51137 1.97446 13.9776
      vertex 2.47513 1.99132 13.9975
    endloop
  endfacet
  facet normal -0.0891338 0.562617 -0.821898
    outer loop
      vertex 3.6669 1.58896 13.5337
      vertex 3.28369 1.80172 13.7209
      vertex 3.85041 1.88493 13.7164
    endloop
  endfacet
  facet normal -0.0891634 0.562582 -0.821919
    outer loop
      vertex 3.6669 1.58896 13.5337
      vertex 3.13884 1.56809 13.5767
      vertex 3.28369 1.80172 13.7209
    endloop
  endfacet
  facet normal 0.0224119 0.54649 -0.837166
    outer loop
      vertex 5.80714 2.92814 14.3655
      vertex 5.11512 2.40657 14.0065
      vertex 5.28732 2.79489 14.2646
    endloop
  endfacet
  facet normal -0.0171843 0.545673 -0.837822
    outer loop
      vertex 4.90065 2.00508 13.7494
      vertex 4.39137 1.95296 13.7259
      vertex 4.57697 2.30043 13.9484
    endloop
  endfacet
  facet normal -0.0965011 0.5882 -0.802937
    outer loop
      vertex 4.12935 2.45469 14.088
      vertex 3.50389 2.25147 14.0143
      vertex 4.22174 2.72225 14.2729
    endloop
  endfacet
  facet normal -0.0635194 0.58212 -0.810618
    outer loop
      vertex 4.72601 2.63649 14.1718
      vertex 4.12935 2.45469 14.088
      vertex 4.22174 2.72225 14.2729
    endloop
  endfacet
  facet normal -0.0347682 0.589686 -0.806884
    outer loop
      vertex 5.41539 3.16577 14.5209
      vertex 4.83684 2.95747 14.3936
      vertex 4.90826 3.25984 14.6115
    endloop
  endfacet
  facet normal -0.0268634 0.574544 -0.818033
    outer loop
      vertex 5.41539 3.16577 14.5209
      vertex 4.72601 2.63649 14.1718
      vertex 4.83684 2.95747 14.3936
    endloop
  endfacet
  facet normal 0.0268142 0.528771 -0.848341
    outer loop
      vertex 5.37267 2.04071 13.7866
      vertex 5.11512 2.40657 14.0065
      vertex 5.61365 2.49183 14.0754
    endloop
  endfacet
  facet normal 0.0733759 0.529417 -0.845183
    outer loop
      vertex 6.06711 2.55526 14.1545
      vertex 5.61365 2.49183 14.0754
      vertex 5.80714 2.92814 14.3655
    endloop
  endfacet
  facet normal -0.139727 0.612694 -0.77787
    outer loop
      vertex 3.64434 2.84617 14.4428
      vertex 2.9579 2.45856 14.2608
      vertex 3.6382 3.01426 14.5763
    endloop
  endfacet
  facet normal -0.114574 0.615265 -0.77995
    outer loop
      vertex 3.64434 2.84617 14.4428
      vertex 3.6382 3.01426 14.5763
      vertex 4.30728 3.20807 14.6309
    endloop
  endfacet
  facet normal -0.101456 0.597434 -0.795474
    outer loop
      vertex 4.22174 2.72225 14.2729
      vertex 3.57681 2.46267 14.1602
      vertex 4.28127 2.97429 14.4546
    endloop
  endfacet
  facet normal -0.0963469 0.58804 -0.803073
    outer loop
      vertex 4.22174 2.72225 14.2729
      vertex 3.50389 2.25147 14.0143
      vertex 3.57681 2.46267 14.1602
    endloop
  endfacet
  facet normal 0.754208 -0.561154 0.340993
    outer loop
      vertex 7.58871 2.53593 15.6539
      vertex 7.5005 2.11184 15.1511
      vertex 7.76482 2.70785 15.5473
    endloop
  endfacet
  facet normal 0.854014 -0.491711 0.169943
    outer loop
      vertex 7.76482 2.70785 15.5473
      vertex 7.5005 2.11184 15.1511
      vertex 7.87229 2.85559 15.4347
    endloop
  endfacet
  facet normal 0.929372 -0.361047 -0.076894
    outer loop
      vertex 7.90994 2.97752 15.3173
      vertex 7.60201 2.24615 15.0296
      vertex 7.63667 2.36133 14.9077
    endloop
  endfacet
  facet normal 0.929374 -0.361038 -0.07692
    outer loop
      vertex 7.87229 2.85559 15.4347
      vertex 7.60201 2.24615 15.0296
      vertex 7.90994 2.97752 15.3173
    endloop
  endfacet
  facet normal 0.453976 -0.589011 0.668559
    outer loop
      vertex 6.48387 2.45682 16.5693
      vertex 6.39115 2.06425 16.2864
      vertex 6.82962 2.35305 16.2431
    endloop
  endfacet
  facet normal 0.463285 -0.606502 0.64616
    outer loop
      vertex 6.82962 2.35305 16.2431
      vertex 6.39115 2.06425 16.2864
      vertex 6.67147 1.89505 15.9266
    endloop
  endfacet
  facet normal 0.424664 -0.624294 0.655681
    outer loop
      vertex 6.24726 1.64752 15.9984
      vertex 5.77103 1.38743 16.0592
      vertex 6.05376 1.21121 15.7083
    endloop
  endfacet
  facet normal 0.418887 -0.609685 0.672918
    outer loop
      vertex 6.39115 2.06425 16.2864
      vertex 5.77103 1.38743 16.0592
      vertex 6.24726 1.64752 15.9984
    endloop
  endfacet
  facet normal -0.0269363 -0.528832 0.848299
    outer loop
      vertex -1.90065 -1.00508 16.2506
      vertex -2.37267 -1.04071 16.2134
      vertex -2.11512 -1.40657 15.9935
    endloop
  endfacet
  facet normal -0.218541 -0.440733 0.870629
    outer loop
      vertex -3.18472 -1.06112 16.0997
      vertex -3.51586 -1.04567 16.0244
      vertex -3.47054 -1.59617 15.7571
    endloop
  endfacet
  facet normal -0.218586 -0.440731 0.870618
    outer loop
      vertex -3.51586 -1.04567 16.0244
      vertex -3.8195 -1.61412 15.6604
      vertex -3.47054 -1.59617 15.7571
    endloop
  endfacet
  facet normal -0.220285 -0.40969 0.885228
    outer loop
      vertex -3.15571 -0.464801 16.3829
      vertex -3.18472 -1.06112 16.0997
      vertex -2.84573 -0.514362 16.4371
    endloop
  endfacet
  facet normal -0.574607 -0.0803005 0.814481
    outer loop
      vertex -3.31133 0.395191 16.5194
      vertex -3.76882 -0.255435 16.1325
      vertex -3.17239 0.301667 16.6082
    endloop
  endfacet
  facet normal -0.439946 -0.353595 0.825481
    outer loop
      vertex -4.11019 -1.6089 15.5565
      vertex -4.60372 -2.17659 15.0503
      vertex -4.36565 -2.18495 15.1736
    endloop
  endfacet
  facet normal -0.0287423 -0.49591 0.867898
    outer loop
      vertex -1.75933 -0.113926 16.7749
      vertex -2.08686 -0.579724 16.4979
      vertex -1.35478 -0.180251 16.7504
    endloop
  endfacet
  facet normal -0.0258714 -0.481429 0.876103
    outer loop
      vertex -1.39368 0.351582 17.0415
      vertex -1.75933 -0.113926 16.7749
      vertex -1.35478 -0.180251 16.7504
    endloop
  endfacet
  facet normal -0.381616 -0.118487 0.916695
    outer loop
      vertex -1.40464 2.02612 17.6781
      vertex -2.12682 1.5661 17.318
      vertex -1.97169 1.43241 17.3653
    endloop
  endfacet
  facet normal -0.533935 -0.00115634 0.845525
    outer loop
      vertex -2.24221 1.68811 17.2453
      vertex -2.6729 0.937565 16.9723
      vertex -2.12682 1.5661 17.318
    endloop
  endfacet
  facet normal -0.795835 -0.133413 0.590634
    outer loop
      vertex -4.87737 -2.0723 14.8035
      vertex -4.97591 -2.72098 14.5242
      vertex -4.77492 -2.1389 14.9265
    endloop
  endfacet
  facet normal -0.601444 -0.303183 0.739152
    outer loop
      vertex -4.77492 -2.1389 14.9265
      vertex -4.97591 -2.72098 14.5242
      vertex -4.80029 -2.74585 14.6569
    endloop
  endfacet
  facet normal -0.588544 -0.127729 0.798312
    outer loop
      vertex -3.76882 -0.255435 16.1325
      vertex -4.01023 -0.964339 15.8411
      vertex -3.61979 -0.334624 16.2297
    endloop
  endfacet
  facet normal -0.598495 -0.180158 0.780606
    outer loop
      vertex -4.16805 -0.899339 15.7351
      vertex -4.50465 -1.52946 15.3316
      vertex -4.01023 -0.964339 15.8411
    endloop
  endfacet
  facet normal 0.179998 -0.598409 0.78071
    outer loop
      vertex 0.808446 -0.93793 15.985
      vertex 0.75347 -0.968948 15.9739
      vertex 0.809623 -0.939272 15.9837
    endloop
  endfacet
  facet normal 0.145632 -0.600706 0.786094
    outer loop
      vertex 0.770864 -0.883466 16.036
      vertex 0.75347 -0.968948 15.9739
      vertex 0.772944 -0.886495 16.0333
    endloop
  endfacet
  facet normal 0.156744 -0.60116 0.783606
    outer loop
      vertex 0.75347 -0.968948 15.9739
      vertex 0.770864 -0.883466 16.036
      vertex 0.0908651 -1.1816 15.9433
    endloop
  endfacet
  facet normal 0.126362 -0.593094 0.795155
    outer loop
      vertex 0.143534 -1.02907 16.0487
      vertex -0.503886 -1.25147 15.9857
      vertex 0.0908651 -1.1816 15.9433
    endloop
  endfacet
  facet normal 0.155188 -0.598896 0.785646
    outer loop
      vertex 0.143534 -1.02907 16.0487
      vertex 0.733611 -0.829466 16.0843
      vertex 0.726164 -0.818671 16.094
    endloop
  endfacet
  facet normal 0.154537 -0.597221 0.787048
    outer loop
      vertex 0.733611 -0.829466 16.0843
      vertex 0.143534 -1.02907 16.0487
      vertex 0.0908651 -1.1816 15.9433
    endloop
  endfacet
  facet normal 0.139727 -0.612694 0.77787
    outer loop
      vertex 0.0420961 -1.45856 15.7392
      vertex -0.64434 -1.84617 15.5572
      vertex -0.6382 -2.01426 15.4237
    endloop
  endfacet
  facet normal 0.114574 -0.615265 0.77995
    outer loop
      vertex -0.64434 -1.84617 15.5572
      vertex -1.30728 -2.20807 15.3691
      vertex -0.6382 -2.01426 15.4237
    endloop
  endfacet
  facet normal 0.197593 -0.634012 0.747654
    outer loop
      vertex 0.997394 -1.37392 15.5905
      vertex 0.58697 -2.00525 15.1636
      vertex 1.07384 -1.37993 15.5652
    endloop
  endfacet
  facet normal 0.20198 -0.618536 0.759353
    outer loop
      vertex 1.13979 -1.24459 15.6579
      vertex 1.07384 -1.37993 15.5652
      vertex 1.16071 -1.25912 15.6405
    endloop
  endfacet
  facet normal 0.2031 -0.618755 0.758876
    outer loop
      vertex 1.11892 -1.2301 15.6753
      vertex 1.07384 -1.37993 15.5652
      vertex 1.13979 -1.24459 15.6579
    endloop
  endfacet
  facet normal 0.202566 -0.61872 0.759047
    outer loop
      vertex 1.07384 -1.37993 15.5652
      vertex 1.11892 -1.2301 15.6753
      vertex 0.997394 -1.37392 15.5905
    endloop
  endfacet
  facet normal 0.232547 -0.641699 0.730851
    outer loop
      vertex 1.51044 -1.42376 15.3992
      vertex 1.38634 -1.79162 15.1157
      vertex 1.55412 -1.43424 15.3761
    endloop
  endfacet
  facet normal 0.235713 -0.64187 0.729687
    outer loop
      vertex 1.38634 -1.79162 15.1157
      vertex 1.51044 -1.42376 15.3992
      vertex 1.50327 -1.42105 15.4039
    endloop
  endfacet
  facet normal 0.231691 -0.641687 0.731134
    outer loop
      vertex 1.55412 -1.43424 15.3761
      vertex 1.56732 -1.69951 15.1391
      vertex 1.61648 -1.44921 15.3432
    endloop
  endfacet
  facet normal 0.232029 -0.641624 0.731082
    outer loop
      vertex 1.56732 -1.69951 15.1391
      vertex 1.55412 -1.43424 15.3761
      vertex 1.38634 -1.79162 15.1157
    endloop
  endfacet
  facet normal 0.226093 -0.641469 0.733075
    outer loop
      vertex 1.43751 -1.39623 15.4459
      vertex 1.38634 -1.79162 15.1157
      vertex 1.50327 -1.42105 15.4039
    endloop
  endfacet
  facet normal 0.215243 -0.639712 0.737861
    outer loop
      vertex 1.24991 -1.3596 15.5337
      vertex 0.878276 -1.97162 15.1115
      vertex 1.03992 -1.92842 15.1018
    endloop
  endfacet
  facet normal 0.20896 -0.638101 0.741056
    outer loop
      vertex 1.24991 -1.3596 15.5337
      vertex 0.72674 -1.99732 15.1321
      vertex 0.878276 -1.97162 15.1115
    endloop
  endfacet
  facet normal 0.227938 -0.659706 0.716123
    outer loop
      vertex 1.20989 -1.8682 15.1032
      vertex 0.737269 -2.49675 14.6746
      vertex 0.972621 -2.41337 14.6765
    endloop
  endfacet
  facet normal 0.236208 -0.660575 0.712634
    outer loop
      vertex 1.20989 -1.8682 15.1032
      vertex 0.972621 -2.41337 14.6765
      vertex 1.38634 -1.79162 15.1157
    endloop
  endfacet
  facet normal 0.321494 -0.640647 0.69729
    outer loop
      vertex 3.7626 -0.178365 15.6617
      vertex 4.22148 -0.0247107 15.5913
      vertex 3.79214 -0.108576 15.7122
    endloop
  endfacet
  facet normal 0.321563 -0.641028 0.696908
    outer loop
      vertex 3.73105 -0.252899 15.6077
      vertex 4.22148 -0.0247107 15.5913
      vertex 3.7626 -0.178365 15.6617
    endloop
  endfacet
  facet normal 0.321331 -0.640485 0.697514
    outer loop
      vertex 4.22148 -0.0247107 15.5913
      vertex 3.73105 -0.252899 15.6077
      vertex 3.7186 -0.276352 15.5919
    endloop
  endfacet
  facet normal 0.252004 -0.660406 0.707359
    outer loop
      vertex 1.75087 -1.59289 15.1733
      vertex 1.46753 -2.17979 14.7263
      vertex 1.72167 -2.03215 14.7736
    endloop
  endfacet
  facet normal 0.259166 -0.659389 0.705718
    outer loop
      vertex 1.75087 -1.59289 15.1733
      vertex 1.72167 -2.03215 14.7736
      vertex 1.97656 -1.86604 14.8352
    endloop
  endfacet
  facet normal 0.302696 -0.720858 0.623489
    outer loop
      vertex 1.27011 -3.04732 13.9142
      vertex 1.17463 -3.42508 13.5238
      vertex 1.65634 -2.82295 13.9861
    endloop
  endfacet
  facet normal 0.284494 -0.699727 0.655321
    outer loop
      vertex 1.3681 -2.63071 14.3165
      vertex 1.27011 -3.04732 13.9142
      vertex 1.65634 -2.82295 13.9861
    endloop
  endfacet
  facet normal 0.267759 -0.679686 0.682885
    outer loop
      vertex 1.72167 -2.03215 14.7736
      vertex 1.46753 -2.17979 14.7263
      vertex 1.69004 -2.44368 14.3764
    endloop
  endfacet
  facet normal 0.267792 -0.679667 0.682891
    outer loop
      vertex 1.46753 -2.17979 14.7263
      vertex 1.3681 -2.63071 14.3165
      vertex 1.69004 -2.44368 14.3764
    endloop
  endfacet
  facet normal 0.274263 -0.591919 0.7579
    outer loop
      vertex 3.88246 1.0737 16.659
      vertex 4.22542 1.1554 16.5987
      vertex 4.21928 1.32349 16.7322
    endloop
  endfacet
  facet normal 0.274251 -0.591814 0.757986
    outer loop
      vertex 4.22542 1.1554 16.5987
      vertex 3.8882 1.0551 16.6424
      vertex 3.89942 0.997541 16.5934
    endloop
  endfacet
  facet normal 0.274254 -0.591832 0.75797
    outer loop
      vertex 4.22542 1.1554 16.5987
      vertex 3.88246 1.0737 16.659
      vertex 3.8882 1.0551 16.6424
    endloop
  endfacet
  facet normal 0.268289 -0.585979 0.764624
    outer loop
      vertex 3.86107 1.14226 16.719
      vertex 4.21928 1.32349 16.7322
      vertex 4.18653 1.4733 16.8585
    endloop
  endfacet
  facet normal 0.268171 -0.585741 0.764848
    outer loop
      vertex 4.21928 1.32349 16.7322
      vertex 3.86439 1.13163 16.7097
      vertex 3.88246 1.0737 16.659
    endloop
  endfacet
  facet normal 0.268069 -0.585572 0.765013
    outer loop
      vertex 4.21928 1.32349 16.7322
      vertex 3.86107 1.14226 16.719
      vertex 3.86439 1.13163 16.7097
    endloop
  endfacet
  facet normal 0.303469 -0.560725 0.770386
    outer loop
      vertex 5.3127 2.70195 17.3336
      vertex 4.81259 1.99713 17.0176
      vertex 5.40237 2.50455 17.1546
    endloop
  endfacet
  facet normal 0.314864 -0.570726 0.758375
    outer loop
      vertex 5.40237 2.50455 17.1546
      vertex 4.81259 1.99713 17.0176
      vertex 5.45214 2.27688 16.9626
    endloop
  endfacet
  facet normal 0.354043 -0.573615 0.73866
    outer loop
      vertex 6.0069 2.72694 17.0462
      vertex 5.45214 2.27688 16.9626
      vertex 6.01768 2.43175 16.8118
    endloop
  endfacet
  facet normal 0.387413 -0.564575 0.728811
    outer loop
      vertex 6.51227 3.1526 17.1073
      vertex 6.0069 2.72694 17.0462
      vertex 6.01768 2.43175 16.8118
    endloop
  endfacet
  facet normal -0.0125929 -0.456718 0.889523
    outer loop
      vertex -0.291322 1.04377 17.4237
      vertex -0.993923 0.811702 17.2946
      vertex -0.673571 0.643552 17.2128
    endloop
  endfacet
  facet normal -0.0202537 -0.468303 0.883336
    outer loop
      vertex -0.993923 0.811702 17.2946
      vertex -1.39368 0.351582 17.0415
      vertex -0.673571 0.643552 17.2128
    endloop
  endfacet
  facet normal -0.291337 -0.254143 0.922244
    outer loop
      vertex -1.77853 1.2885 17.3867
      vertex -2.49949 0.82492 17.0312
      vertex -2.28226 0.708714 17.0678
    endloop
  endfacet
  facet normal -0.312957 -0.313266 0.896617
    outer loop
      vertex -2.98225 0.210316 16.6793
      vertex -3.41467 -0.404668 16.3135
      vertex -2.743 0.122138 16.732
    endloop
  endfacet
  facet normal -0.317116 -0.347901 0.882271
    outer loop
      vertex -3.15571 -0.464801 16.3829
      vertex -3.79203 -1.0133 15.9379
      vertex -3.51586 -1.04567 16.0244
    endloop
  endfacet
  facet normal -0.220407 -0.409674 0.885205
    outer loop
      vertex -3.15571 -0.464801 16.3829
      vertex -3.51586 -1.04567 16.0244
      vertex -3.18472 -1.06112 16.0997
    endloop
  endfacet
  facet normal 0.0979904 -0.535094 0.83909
    outer loop
      vertex 0.479504 0.272311 16.9058
      vertex 0.415068 0.1371 16.8271
      vertex 0.476603 0.201528 16.861
    endloop
  endfacet
  facet normal 0.0972973 -0.534906 0.839291
    outer loop
      vertex 0.0348043 0.304393 16.9778
      vertex 0.479504 0.272311 16.9058
      vertex 0.49076 0.350614 16.9544
    endloop
  endfacet
  facet normal 0.0973004 -0.534888 0.839302
    outer loop
      vertex 0.479504 0.272311 16.9058
      vertex 0.0348043 0.304393 16.9778
      vertex 0.415068 0.1371 16.8271
    endloop
  endfacet
  facet normal 0.128135 -0.554562 0.822218
    outer loop
      vertex 0.476143 0.192281 16.8548
      vertex 0.415068 0.1371 16.8271
      vertex 0.473408 0.137236 16.8181
    endloop
  endfacet
  facet normal 0.130782 -0.556592 0.820427
    outer loop
      vertex 0.415068 0.1371 16.8271
      vertex 0.476143 0.192281 16.8548
      vertex 0.476603 0.201528 16.861
    endloop
  endfacet
  facet normal 0.0180342 -0.507443 0.861496
    outer loop
      vertex -0.637315 0.119429 16.9119
      vertex -1.35478 -0.180251 16.7504
      vertex -0.918949 -0.239122 16.7066
    endloop
  endfacet
  facet normal 0.056242 -0.529011 0.846749
    outer loop
      vertex -0.637315 0.119429 16.9119
      vertex -0.918949 -0.239122 16.7066
      vertex -0.221857 0.00897789 16.8153
    endloop
  endfacet
  facet normal 0.385824 -0.667626 0.636722
    outer loop
      vertex 4.44095 -0.279761 15.2301
      vertex 4.15932 -0.638313 15.0248
      vertex 4.51306 -0.641508 14.8071
    endloop
  endfacet
  facet normal 0.351532 -0.657626 0.666298
    outer loop
      vertex 4.44095 -0.279761 15.2301
      vertex 4.01119 -0.323771 15.4134
      vertex 4.15932 -0.638313 15.0248
    endloop
  endfacet
  facet normal 0.258338 -0.659519 0.705901
    outer loop
      vertex 1.92577 -1.48499 15.2098
      vertex 1.97656 -1.86604 14.8352
      vertex 1.93623 -1.48496 15.206
    endloop
  endfacet
  facet normal 0.263171 -0.663501 0.700362
    outer loop
      vertex 1.75087 -1.59289 15.1733
      vertex 1.92577 -1.48499 15.2098
      vertex 1.91638 -1.48502 15.2133
    endloop
  endfacet
  facet normal 0.259415 -0.659241 0.705765
    outer loop
      vertex 1.92577 -1.48499 15.2098
      vertex 1.75087 -1.59289 15.1733
      vertex 1.97656 -1.86604 14.8352
    endloop
  endfacet
  facet normal 0.277484 -0.678153 0.680523
    outer loop
      vertex 1.72167 -2.03215 14.7736
      vertex 1.69004 -2.44368 14.3764
      vertex 1.97656 -1.86604 14.8352
    endloop
  endfacet
  facet normal 0.308491 -0.69431 0.650206
    outer loop
      vertex 2.33327 -2.0017 14.5497
      vertex 2.04371 -2.5705 14.0797
      vertex 2.42799 -2.29272 14.194
    endloop
  endfacet
  facet normal 0.345328 -0.708255 0.61573
    outer loop
      vertex 2.80497 -1.99266 14.3277
      vertex 2.51255 -2.55314 13.847
      vertex 2.94814 -2.20644 14.0015
    endloop
  endfacet
  facet normal 0.308966 -0.664144 0.680774
    outer loop
      vertex 2.93975 -1.17141 15.0998
      vertex 2.95219 -1.48564 14.7876
      vertex 2.94931 -1.1644 15.1023
    endloop
  endfacet
  facet normal 0.307937 -0.6644 0.68099
    outer loop
      vertex 2.87787 -1.20829 15.0918
      vertex 2.95219 -1.48564 14.7876
      vertex 2.93975 -1.17141 15.0998
    endloop
  endfacet
  facet normal 0.307969 -0.664388 0.680987
    outer loop
      vertex 2.76893 -1.27324 15.0777
      vertex 2.95219 -1.48564 14.7876
      vertex 2.87787 -1.20829 15.0918
    endloop
  endfacet
  facet normal 0.307897 -0.664434 0.680975
    outer loop
      vertex 2.95219 -1.48564 14.7876
      vertex 2.76893 -1.27324 15.0777
      vertex 2.73355 -1.28984 15.0775
    endloop
  endfacet
  facet normal 0.356725 -0.701867 0.616547
    outer loop
      vertex 3.1705 -1.67362 14.4794
      vertex 2.80497 -1.99266 14.3277
      vertex 2.94814 -2.20644 14.0015
    endloop
  endfacet
  facet normal 0.32817 -0.68518 0.650256
    outer loop
      vertex 3.1705 -1.67362 14.4794
      vertex 2.6475 -1.75158 14.6612
      vertex 2.80497 -1.99266 14.3277
    endloop
  endfacet
  facet normal 0.385658 -0.62326 0.680305
    outer loop
      vertex 5.24801 1.11761 16.1085
      vertex 5.09898 0.781547 15.8851
      vertex 5.77103 1.38743 16.0592
    endloop
  endfacet
  facet normal 0.380657 -0.611054 0.694056
    outer loop
      vertex 5.35884 1.43858 16.3303
      vertex 5.24801 1.11761 16.1085
      vertex 5.77103 1.38743 16.0592
    endloop
  endfacet
  facet normal 0.340844 -0.601287 0.722689
    outer loop
      vertex 5.43026 1.74096 16.5482
      vertex 4.83584 1.36062 16.5121
      vertex 5.35884 1.43858 16.3303
    endloop
  endfacet
  facet normal 0.333556 -0.591015 0.734467
    outer loop
      vertex 5.46147 2.02141 16.7597
      vertex 4.83584 1.36062 16.5121
      vertex 5.43026 1.74096 16.5482
    endloop
  endfacet
  facet normal 0.473092 -0.64019 0.60526
    outer loop
      vertex 6.05376 1.21121 15.7083
      vertex 5.81279 0.760094 15.4195
      vertex 6.45881 1.41552 15.6078
    endloop
  endfacet
  facet normal 0.473211 -0.64026 0.605095
    outer loop
      vertex 6.45881 1.41552 15.6078
      vertex 5.81279 0.760094 15.4195
      vertex 6.19397 0.919717 15.2903
    endloop
  endfacet
  facet normal -0.375599 -0.784098 0.494082
    outer loop
      vertex -4.49041 -5.27898 12.5867
      vertex -4.71845 -4.98644 12.8776
      vertex -4.65905 -5.31118 12.4074
    endloop
  endfacet
  facet normal -0.216286 -0.767967 0.602866
    outer loop
      vertex -4.47653 -4.90071 13.0736
      vertex -4.71845 -4.98644 12.8776
      vertex -4.25613 -5.18345 12.7925
    endloop
  endfacet
  facet normal 0.401788 -0.821295 0.40502
    outer loop
      vertex 1.50833 -3.94065 12.5764
      vertex 0.913583 -4.28615 12.4658
      vertex 1.47006 -4.1049 12.2813
    endloop
  endfacet
  facet normal 0.371674 -0.793869 0.48128
    outer loop
      vertex 1.5465 -3.72775 12.8981
      vertex 0.913583 -4.28615 12.4658
      vertex 1.50833 -3.94065 12.5764
    endloop
  endfacet
  facet normal 0.125263 0.268189 -0.955188
    outer loop
      vertex 2.44989 -2.41525 11.573
      vertex 2.35758 -2.13778 11.6388
      vertex 3.0666 -1.92437 11.7917
    endloop
  endfacet
  facet normal 0.125211 0.268337 -0.955153
    outer loop
      vertex 3.0666 -1.92437 11.7917
      vertex 2.35758 -2.13778 11.6388
      vertex 2.93807 -1.67574 11.8447
    endloop
  endfacet
  facet normal -0.552652 0.540157 -0.63467
    outer loop
      vertex -4.36772 -2.51902 13.1525
      vertex -4.64404 -2.36147 13.5272
      vertex -4.31966 -2.08716 13.4782
    endloop
  endfacet
  facet normal -0.491102 0.558699 -0.668337
    outer loop
      vertex -3.93152 -1.7845 13.446
      vertex -4.36772 -2.51902 13.1525
      vertex -4.31966 -2.08716 13.4782
    endloop
  endfacet
  facet normal -0.276741 0.513907 -0.811981
    outer loop
      vertex -1.81626 -2.0926 12.2263
      vertex -2.50529 -2.55971 12.1655
      vertex -2.01803 -1.99759 12.3552
    endloop
  endfacet
  facet normal -0.276683 0.513831 -0.81205
    outer loop
      vertex -2.27215 -2.66949 12.0166
      vertex -2.50529 -2.55971 12.1655
      vertex -1.81626 -2.0926 12.2263
    endloop
  endfacet
  facet normal -0.238877 0.543016 -0.805029
    outer loop
      vertex -0.646087 -0.898581 12.6623
      vertex -1.12795 -1.53589 12.3754
      vertex -0.800875 -0.860229 12.7341
    endloop
  endfacet
  facet normal -0.229438 0.559316 -0.79657
    outer loop
      vertex -0.646087 -0.898581 12.6623
      vertex -0.382051 -0.52352 12.8496
      vertex -0.375362 -0.548975 12.8298
    endloop
  endfacet
  facet normal -0.230515 0.559762 -0.795946
    outer loop
      vertex -0.800875 -0.860229 12.7341
      vertex -0.382051 -0.52352 12.8496
      vertex -0.646087 -0.898581 12.6623
    endloop
  endfacet
  facet normal -0.230586 0.559827 -0.795879
    outer loop
      vertex -0.382051 -0.52352 12.8496
      vertex -0.800875 -0.860229 12.7341
      vertex -0.393243 -0.480931 12.8828
    endloop
  endfacet
  facet normal -0.277225 0.541573 -0.793627
    outer loop
      vertex -1.49223 -1.4081 12.5738
      vertex -2.01803 -1.99759 12.3552
      vertex -1.63067 -1.29916 12.6965
    endloop
  endfacet
  facet normal -0.261554 0.556128 -0.788867
    outer loop
      vertex -1.49223 -1.4081 12.5738
      vertex -1.63067 -1.29916 12.6965
      vertex -0.933638 -0.797713 12.8189
    endloop
  endfacet
  facet normal -0.272379 0.56364 -0.779821
    outer loop
      vertex -1.04292 -0.711718 12.9158
      vertex -1.63067 -1.29916 12.6965
      vertex -1.12753 -0.603183 13.0238
    endloop
  endfacet
  facet normal -0.261852 0.580045 -0.77135
    outer loop
      vertex -1.12753 -0.603183 13.0238
      vertex -1.18653 -0.473299 13.1415
      vertex -0.488414 -0.0326118 13.2359
    endloop
  endfacet
  facet normal -0.243222 0.588807 -0.770811
    outer loop
      vertex -0.531025 0.0611916 13.321
      vertex -0.424824 0.0228488 13.2582
      vertex -0.488414 -0.0326118 13.2359
    endloop
  endfacet
  facet normal -0.243232 0.588792 -0.770819
    outer loop
      vertex -0.424824 0.0228488 13.2582
      vertex -0.531025 0.0611916 13.321
      vertex -0.421102 0.0768834 13.2983
    endloop
  endfacet
  facet normal -0.243239 0.588333 -0.771167
    outer loop
      vertex -0.421102 0.0768834 13.2983
      vertex -0.531025 0.0611916 13.321
      vertex -0.417458 0.129772 13.3375
    endloop
  endfacet
  facet normal -0.243953 0.589286 -0.770213
    outer loop
      vertex -0.417458 0.129772 13.3375
      vertex -0.531025 0.0611916 13.321
      vertex -0.415706 0.1403 13.345
    endloop
  endfacet
  facet normal -0.239304 0.584006 -0.775675
    outer loop
      vertex -0.430423 -0.107003 13.162
      vertex -0.488414 -0.0326118 13.2359
      vertex -0.431441 -0.0760747 13.1856
    endloop
  endfacet
  facet normal -0.238267 0.584929 -0.775298
    outer loop
      vertex -0.424824 0.0228488 13.2582
      vertex -0.431441 -0.0760747 13.1856
      vertex -0.488414 -0.0326118 13.2359
    endloop
  endfacet
  facet normal -0.238046 0.493789 -0.836365
    outer loop
      vertex -1.31488 -2.17181 12.029
      vertex -2.00033 -2.73684 11.8905
      vertex -1.58102 -2.15089 12.1171
    endloop
  endfacet
  facet normal -0.257836 0.503428 -0.82467
    outer loop
      vertex -2.00033 -2.73684 11.8905
      vertex -2.27215 -2.66949 12.0166
      vertex -1.58102 -2.15089 12.1171
    endloop
  endfacet
  facet normal -0.0248955 0.380829 -0.92431
    outer loop
      vertex 1.70755 -2.22777 11.5784
      vertex 1.14406 -2.18791 11.61
      vertex 1.64699 -1.86014 11.7315
    endloop
  endfacet
  facet normal -0.0249022 0.380757 -0.92434
    outer loop
      vertex 1.1548 -2.58801 11.4449
      vertex 1.14406 -2.18791 11.61
      vertex 1.70755 -2.22777 11.5784
    endloop
  endfacet
  facet normal 0.129437 0.389226 -0.912003
    outer loop
      vertex 5.02359 0.409777 12.9182
      vertex 4.54945 -0.135952 12.618
      vertex 4.72631 0.529257 12.927
    endloop
  endfacet
  facet normal 0.137504 0.408583 -0.902304
    outer loop
      vertex 5.02359 0.409777 12.9182
      vertex 4.72631 0.529257 12.927
      vertex 5.45726 0.961898 13.2343
    endloop
  endfacet
  facet normal -0.964248 -0.258811 0.0569487
    outer loop
      vertex -5.16038 -4.61535 12.8854
      vertex -5.28422 -4.10311 13.1165
      vertex -5.19296 -4.52057 12.7645
    endloop
  endfacet
  facet normal -0.964248 -0.258811 0.0569487
    outer loop
      vertex -5.28422 -4.10311 13.1165
      vertex -5.16038 -4.61535 12.8854
      vertex -5.25164 -4.19789 13.2374
    endloop
  endfacet
  facet normal -0.23365 -0.609906 0.757247
    outer loop
      vertex -4.41253 -3.64248 14.2295
      vertex -4.73155 -3.73419 14.0572
      vertex -4.39726 -4.06041 13.8976
    endloop
  endfacet
  facet normal -0.14272 -0.618725 0.772535
    outer loop
      vertex -4.02873 -3.50539 14.4102
      vertex -4.41253 -3.64248 14.2295
      vertex -4.39726 -4.06041 13.8976
    endloop
  endfacet
  facet normal -0.43122 -0.407506 0.804977
    outer loop
      vertex -4.36565 -2.18495 15.1736
      vertex -4.60372 -2.17659 15.0503
      vertex -4.55563 -2.73515 14.7933
    endloop
  endfacet
  facet normal -0.431013 -0.407533 0.805075
    outer loop
      vertex -4.60372 -2.17659 15.0503
      vertex -4.80029 -2.74585 14.6569
      vertex -4.55563 -2.73515 14.7933
    endloop
  endfacet
  facet normal -0.199906 -0.911631 0.35912
    outer loop
      vertex -4.19585 -5.51077 12.3255
      vertex -4.35786 -5.5482 12.1403
      vertex -3.99195 -5.7205 11.9066
    endloop
  endfacet
  facet normal -0.850245 -0.500437 -0.163237
    outer loop
      vertex -4.76021 -5.27973 12.2565
      vertex -5.02855 -4.8825 12.4364
      vertex -4.79279 -5.18494 12.1356
    endloop
  endfacet
  facet normal -0.73566 -0.614975 -0.283918
    outer loop
      vertex -4.76021 -5.27973 12.2565
      vertex -4.79279 -5.18494 12.1356
      vertex -4.48826 -5.42458 11.8656
    endloop
  endfacet
  facet normal -0.199584 -0.656718 0.727247
    outer loop
      vertex -4.39726 -4.06041 13.8976
      vertex -4.63024 -4.56235 13.3804
      vertex -4.31583 -4.43288 13.5836
    endloop
  endfacet
  facet normal -0.1596 -0.701898 0.694167
    outer loop
      vertex -4.31583 -4.43288 13.5836
      vertex -4.63024 -4.56235 13.3804
      vertex -4.16914 -4.75581 13.2908
    endloop
  endfacet
  facet normal 0.103199 -0.529434 0.842051
    outer loop
      vertex 0.616641 0.833079 17.2437
      vertex 0.602382 0.87197 17.2699
      vertex 0.606458 0.803897 17.2266
    endloop
  endfacet
  facet normal 0.0985587 -0.530892 0.841689
    outer loop
      vertex 0.602382 0.87197 17.2699
      vertex 0.616641 0.833079 17.2437
      vertex 0.623712 0.848502 17.2526
    endloop
  endfacet
  facet normal 0.101845 -0.529567 0.842132
    outer loop
      vertex 0.602382 0.87197 17.2699
      vertex 0.588316 0.751906 17.1961
      vertex 0.606458 0.803897 17.2266
    endloop
  endfacet
  facet normal 0.102052 -0.529573 0.842103
    outer loop
      vertex 0.310558 0.593112 17.1299
      vertex 0.588316 0.751906 17.1961
      vertex 0.602382 0.87197 17.2699
    endloop
  endfacet
  facet normal 0.102177 -0.529741 0.841982
    outer loop
      vertex 0.588316 0.751906 17.1961
      vertex 0.310558 0.593112 17.1299
      vertex 0.552518 0.649318 17.1359
    endloop
  endfacet
  facet normal 0.102303 -0.53025 0.841647
    outer loop
      vertex 0.552518 0.649318 17.1359
      vertex 0.310558 0.593112 17.1299
      vertex 0.526692 0.543544 17.0724
    endloop
  endfacet
  facet normal 0.108887 -0.523231 0.845206
    outer loop
      vertex 0.506719 0.461737 17.0233
      vertex 0.310558 0.593112 17.1299
      vertex 0.505753 0.454913 17.0192
    endloop
  endfacet
  facet normal 0.102336 -0.530165 0.841696
    outer loop
      vertex 0.526692 0.543544 17.0724
      vertex 0.310558 0.593112 17.1299
      vertex 0.506719 0.461737 17.0233
    endloop
  endfacet
  facet normal 0.0893429 -0.554779 0.827187
    outer loop
      vertex 0.0271521 -0.332016 16.5637
      vertex -0.456616 -0.289896 16.6442
      vertex -0.13884 -0.568087 16.4233
    endloop
  endfacet
  facet normal 0.121234 -0.568982 0.813364
    outer loop
      vertex 0.0271521 -0.332016 16.5637
      vertex -0.13884 -0.568087 16.4233
      vertex 0.527059 -0.36502 16.4661
    endloop
  endfacet
  facet normal 0.101457 -0.597434 0.795474
    outer loop
      vertex -1.22174 -1.72225 15.7271
      vertex -1.28127 -1.97429 15.5454
      vertex -0.576813 -1.46267 15.8398
    endloop
  endfacet
  facet normal 0.101348 -0.597335 0.795562
    outer loop
      vertex -0.576813 -1.46267 15.8398
      vertex -1.28127 -1.97429 15.5454
      vertex -0.623802 -1.66163 15.6964
    endloop
  endfacet
  facet normal 0.123682 -0.586828 0.800209
    outer loop
      vertex -0.405822 -1.03035 16.1327
      vertex -0.503886 -1.25147 15.9857
      vertex 0.214357 -0.869367 16.1549
    endloop
  endfacet
  facet normal 0.121856 -0.580473 0.80511
    outer loop
      vertex 0.30256 -0.704246 16.2606
      vertex -0.405822 -1.03035 16.1327
      vertex 0.214357 -0.869367 16.1549
    endloop
  endfacet
  facet normal 0.0587983 -0.570557 0.81915
    outer loop
      vertex -1.00512 -1.17456 16.0982
      vertex -1.72601 -1.63649 15.8282
      vertex -1.12935 -1.45469 15.912
    endloop
  endfacet
  facet normal 0.0635194 -0.58212 0.810618
    outer loop
      vertex -1.12935 -1.45469 15.912
      vertex -1.72601 -1.63649 15.8282
      vertex -1.22174 -1.72225 15.7271
    endloop
  endfacet
  facet normal 0.116915 -0.673502 0.729881
    outer loop
      vertex -1.66212 -3.38578 14.4391
      vertex -2.02159 -3.96717 13.9602
      vertex -1.49603 -3.51647 14.2919
    endloop
  endfacet
  facet normal 0.116926 -0.673505 0.729876
    outer loop
      vertex -1.66212 -3.38578 14.4391
      vertex -2.2135 -3.81615 14.1303
      vertex -2.02159 -3.96717 13.9602
    endloop
  endfacet
  facet normal 0.0967014 -0.722814 0.684243
    outer loop
      vertex -2.2466 -4.49228 13.4725
      vertex -2.95161 -4.71733 13.3344
      vertex -2.66371 -4.8529 13.1505
    endloop
  endfacet
  facet normal 0.12516 -0.737421 0.663736
    outer loop
      vertex -2.2466 -4.49228 13.4725
      vertex -2.66371 -4.8529 13.1505
      vertex -2.32804 -4.93607 12.9948
    endloop
  endfacet
  facet normal 0.16458 -0.724605 0.669224
    outer loop
      vertex -1.51663 -4.1443 13.6851
      vertex -1.94118 -4.56795 13.3308
      vertex -1.2091 -4.16847 13.5833
    endloop
  endfacet
  facet normal 0.173112 -0.702944 0.689856
    outer loop
      vertex -1.05902 -3.66977 14.0538
      vertex -1.51663 -4.1443 13.6851
      vertex -1.2091 -4.16847 13.5833
    endloop
  endfacet
  facet normal 0.0791648 -0.798237 0.597119
    outer loop
      vertex -3.0352 -5.15488 12.8488
      vertex -3.35699 -5.3949 12.5706
      vertex -2.97215 -5.49026 12.3921
    endloop
  endfacet
  facet normal 0.0358972 -0.776825 0.628692
    outer loop
      vertex -3.0352 -5.15488 12.8488
      vertex -3.68708 -5.23947 12.7815
      vertex -3.35699 -5.3949 12.5706
    endloop
  endfacet
  facet normal 0.152403 -0.625207 0.765434
    outer loop
      vertex 0.0701828 -1.68816 15.5516
      vertex -0.60545 -2.16407 15.2974
      vertex 0.112794 -1.78196 15.4665
    endloop
  endfacet
  facet normal 0.0974537 -0.628948 0.771315
    outer loop
      vertex -1.2995 -2.42101 15.2
      vertex -1.93014 -2.79576 14.9741
      vertex -1.25802 -2.6108 15.04
    endloop
  endfacet
  facet normal 0.0635278 -0.582093 0.810637
    outer loop
      vertex -1.72601 -1.63649 15.8282
      vertex -1.83684 -1.95747 15.6064
      vertex -1.22174 -1.72225 15.7271
    endloop
  endfacet
  facet normal 0.0268634 -0.574544 0.818033
    outer loop
      vertex -1.72601 -1.63649 15.8282
      vertex -2.41539 -2.16577 15.4791
      vertex -1.83684 -1.95747 15.6064
    endloop
  endfacet
  facet normal 0.0202031 -0.621324 0.783293
    outer loop
      vertex -2.53397 -2.83921 14.9829
      vertex -3.08427 -3.10155 14.789
      vertex -3.07216 -3.43322 14.5256
    endloop
  endfacet
  facet normal 0.00602142 -0.602533 0.798071
    outer loop
      vertex -3.04375 -2.73743 15.0636
      vertex -3.08427 -3.10155 14.789
      vertex -2.4979 -2.51515 15.2273
    endloop
  endfacet
  facet normal 0.141592 -0.640271 0.754987
    outer loop
      vertex -0.461844 -2.40249 15.0717
      vertex -1.18327 -2.77534 14.8908
      vertex -1.07609 -2.91283 14.7541
    endloop
  endfacet
  facet normal 0.167224 -0.636283 0.753113
    outer loop
      vertex 0.173897 -1.86035 15.3886
      vertex -0.352562 -2.48849 14.9748
      vertex 0.252823 -1.92246 15.3186
    endloop
  endfacet
  facet normal 0.222954 -0.677212 0.701196
    outer loop
      vertex 0.513456 -2.55656 14.688
      vertex 0.442978 -3.03224 14.251
      vertex 0.737269 -2.49675 14.6746
    endloop
  endfacet
  facet normal 0.223016 -0.677207 0.701181
    outer loop
      vertex 0.513456 -2.55656 14.688
      vertex 0.159447 -3.10801 14.268
      vertex 0.442978 -3.03224 14.251
    endloop
  endfacet
  facet normal -0.268412 0.585943 -0.764608
    outer loop
      vertex -1.18653 -0.473299 13.1415
      vertex -1.21928 -0.32349 13.2678
      vertex -0.554677 0.169386 13.4122
    endloop
  endfacet
  facet normal -0.290662 0.578802 -0.761908
    outer loop
      vertex -1.18653 -0.473299 13.1415
      vertex -1.85408 -0.807344 13.1424
      vertex -1.21928 -0.32349 13.2678
    endloop
  endfacet
  facet normal -0.245381 0.590625 -0.768733
    outer loop
      vertex -0.413279 0.154884 13.3554
      vertex -0.531025 0.0611916 13.321
      vertex -0.410571 0.170977 13.3669
    endloop
  endfacet
  facet normal -0.25997 0.608984 -0.749369
    outer loop
      vertex -0.228284 0.793106 13.7977
      vertex -0.457674 0.720284 13.8181
      vertex -0.212924 0.825381 13.8186
    endloop
  endfacet
  facet normal -0.258146 0.601339 -0.756143
    outer loop
      vertex -0.457674 0.720284 13.8181
      vertex -0.228284 0.793106 13.7977
      vertex -0.23024 0.788997 13.7951
    endloop
  endfacet
  facet normal -0.261499 0.611947 -0.746417
    outer loop
      vertex -0.212924 0.825381 13.8186
      vertex -0.38685 0.879985 13.9243
      vertex -0.165061 0.925605 13.884
    endloop
  endfacet
  facet normal -0.261347 0.612175 -0.746284
    outer loop
      vertex -0.38685 0.879985 13.9243
      vertex -0.212924 0.825381 13.8186
      vertex -0.457674 0.720284 13.8181
    endloop
  endfacet
  facet normal -0.25396 0.59907 -0.759355
    outer loop
      vertex -0.328045 0.539432 13.6279
      vertex -0.544279 0.424062 13.6092
      vertex -0.323392 0.552052 13.6363
    endloop
  endfacet
  facet normal -0.25594 0.602263 -0.756157
    outer loop
      vertex -0.544279 0.424062 13.6092
      vertex -0.328045 0.539432 13.6279
      vertex -0.332437 0.523127 13.6164
    endloop
  endfacet
  facet normal -0.302658 0.72085 -0.623517
    outer loop
      vertex 1.82537 4.42508 16.4762
      vertex 1.34366 3.82295 16.0139
      vertex 1.37908 4.16582 16.3931
    endloop
  endfacet
  facet normal -0.318226 0.717783 -0.61929
    outer loop
      vertex 1.34366 3.82295 16.0139
      vertex 0.931476 3.87411 16.285
      vertex 1.37908 4.16582 16.3931
    endloop
  endfacet
  facet normal -0.211738 0.621726 -0.754072
    outer loop
      vertex 1.57113 2.15542 14.3482
      vertex 1.56229 2.15435 14.3498
      vertex 1.65239 2.33349 14.4722
    endloop
  endfacet
  facet normal -0.215249 0.639713 -0.737859
    outer loop
      vertex 2.12172 2.97162 14.8885
      vertex 1.75009 2.3596 14.4663
      vertex 1.96008 2.92842 14.8982
    endloop
  endfacet
  facet normal -0.219124 0.658157 -0.720287
    outer loop
      vertex 2.12172 2.97162 14.8885
      vertex 1.96008 2.92842 14.8982
      vertex 2.48654 3.55656 15.312
    endloop
  endfacet
  facet normal -0.262366 0.626163 -0.734223
    outer loop
      vertex 0.209228 1.45228 14.1923
      vertex 0.0596867 1.55472 14.3331
      vertex 0.236733 1.4794 14.2056
    endloop
  endfacet
  facet normal -0.262067 0.626431 -0.734101
    outer loop
      vertex 0.157516 1.39174 14.1591
      vertex 0.0596867 1.55472 14.3331
      vertex 0.209228 1.45228 14.1923
    endloop
  endfacet
  facet normal -0.262135 0.626396 -0.734107
    outer loop
      vertex 0.0596867 1.55472 14.3331
      vertex 0.157516 1.39174 14.1591
      vertex -0.0741482 1.38433 14.2355
    endloop
  endfacet
  facet normal -0.285477 0.645806 -0.708122
    outer loop
      vertex 0.206009 1.72313 14.4257
      vertex -0.166007 1.82787 14.6712
      vertex 0.0516644 2.05578 14.7913
    endloop
  endfacet
  facet normal -0.285288 0.645892 -0.70812
    outer loop
      vertex 0.206009 1.72313 14.4257
      vertex 0.0516644 2.05578 14.7913
      vertex 0.363215 1.88773 14.5125
    endloop
  endfacet
  facet normal -0.256346 0.634813 -0.728903
    outer loop
      vertex 0.574677 1.77092 14.3364
      vertex 0.363215 1.88773 14.5125
      vertex 0.656921 1.82744 14.3567
    endloop
  endfacet
  facet normal -0.265607 0.625352 -0.733749
    outer loop
      vertex 0.363215 1.88773 14.5125
      vertex 0.574677 1.77092 14.3364
      vertex 0.572456 1.76939 14.3359
    endloop
  endfacet
  facet normal -0.265914 0.657741 -0.704746
    outer loop
      vertex 1.06505 2.47292 14.7822
      vertex 0.882432 2.34091 14.7279
      vertex 1.02344 2.86604 15.1648
    endloop
  endfacet
  facet normal -0.245994 0.639796 -0.728113
    outer loop
      vertex 1.11142 2.05818 14.4021
      vertex 0.882432 2.34091 14.7279
      vertex 1.06505 2.47292 14.7822
    endloop
  endfacet
  facet normal -0.271248 0.700842 -0.659732
    outer loop
      vertex 1.94937 3.79227 15.7246
      vertex 1.6319 3.63071 15.6835
      vertex 2.11075 4.24115 16.1351
    endloop
  endfacet
  facet normal -0.257404 0.680366 -0.686181
    outer loop
      vertex 1.94937 3.79227 15.7246
      vertex 1.53247 3.17979 15.2737
      vertex 1.6319 3.63071 15.6835
    endloop
  endfacet
  facet normal -0.0171727 0.545682 -0.837817
    outer loop
      vertex 4.90065 2.00508 13.7494
      vertex 4.57697 2.30043 13.9484
      vertex 5.11512 2.40657 14.0065
    endloop
  endfacet
  facet normal -0.0210121 0.559926 -0.828276
    outer loop
      vertex 5.11512 2.40657 14.0065
      vertex 4.57697 2.30043 13.9484
      vertex 4.72601 2.63649 14.1718
    endloop
  endfacet
  facet normal -0.212454 -0.47379 0.854627
    outer loop
      vertex -3.8195 -1.61412 15.6604
      vertex -4.06332 -2.1639 15.295
      vertex -3.47054 -1.59617 15.7571
    endloop
  endfacet
  facet normal -0.311338 -0.42638 0.849276
    outer loop
      vertex -3.8195 -1.61412 15.6604
      vertex -4.36565 -2.18495 15.1736
      vertex -4.06332 -2.1639 15.295
    endloop
  endfacet
  facet normal -0.0733205 -0.529391 0.845204
    outer loop
      vertex -3.06711 -1.55526 15.8455
      vertex -3.27977 -2.03479 15.5267
      vertex -2.80714 -1.92814 15.6345
    endloop
  endfacet
  facet normal -0.0733759 -0.529417 0.845183
    outer loop
      vertex -2.61365 -1.49183 15.9246
      vertex -3.06711 -1.55526 15.8455
      vertex -2.80714 -1.92814 15.6345
    endloop
  endfacet
  facet normal -0.143346 -0.453916 0.879439
    outer loop
      vertex -2.48814 -0.552811 16.4756
      vertex -3.18472 -1.06112 16.0997
      vertex -2.80227 -1.05945 16.1629
    endloop
  endfacet
  facet normal -0.143481 -0.453769 0.879492
    outer loop
      vertex -2.84573 -0.514362 16.4371
      vertex -3.18472 -1.06112 16.0997
      vertex -2.48814 -0.552811 16.4756
    endloop
  endfacet
  facet normal -0.402434 -0.147304 0.90352
    outer loop
      vertex -2.12682 1.5661 17.318
      vertex -2.6729 0.937565 16.9723
      vertex -1.97169 1.43241 17.3653
    endloop
  endfacet
  facet normal -0.30433 -0.281925 0.909891
    outer loop
      vertex -2.49949 0.82492 17.0312
      vertex -2.98225 0.210316 16.6793
      vertex -2.743 0.122138 16.732
    endloop
  endfacet
  facet normal -0.304162 -0.281998 0.909925
    outer loop
      vertex -2.49949 0.82492 17.0312
      vertex -2.743 0.122138 16.732
      vertex -2.28226 0.708714 17.0678
    endloop
  endfacet
  facet normal -0.402501 -0.147198 0.903507
    outer loop
      vertex -1.97169 1.43241 17.3653
      vertex -2.6729 0.937565 16.9723
      vertex -2.49949 0.82492 17.0312
    endloop
  endfacet
  facet normal -0.442486 -0.303894 0.843714
    outer loop
      vertex -4.01023 -0.964339 15.8411
      vertex -4.33941 -1.58058 15.4465
      vertex -3.79203 -1.0133 15.9379
    endloop
  endfacet
  facet normal -0.598516 -0.180131 0.780597
    outer loop
      vertex -4.01023 -0.964339 15.8411
      vertex -4.50465 -1.52946 15.3316
      vertex -4.33941 -1.58058 15.4465
    endloop
  endfacet
  facet normal -0.313017 -0.313194 0.896622
    outer loop
      vertex -2.743 0.122138 16.732
      vertex -3.41467 -0.404668 16.3135
      vertex -3.15571 -0.464801 16.3829
    endloop
  endfacet
  facet normal -0.574277 -0.0808097 0.814663
    outer loop
      vertex -3.17239 0.301667 16.6082
      vertex -3.76882 -0.255435 16.1325
      vertex -3.61979 -0.334624 16.2297
    endloop
  endfacet
  facet normal -0.746081 0.0529342 0.663748
    outer loop
      vertex -3.76882 -0.255435 16.1325
      vertex -4.26377 -0.819006 15.6211
      vertex -4.16805 -0.899339 15.7351
    endloop
  endfacet
  facet normal -0.766475 -0.00184266 0.642272
    outer loop
      vertex -4.26377 -0.819006 15.6211
      vertex -4.50465 -1.52946 15.3316
      vertex -4.16805 -0.899339 15.7351
    endloop
  endfacet
  facet normal 0.181602 -0.600533 0.778704
    outer loop
      vertex 0.805571 -0.93465 15.9882
      vertex 0.75347 -0.968948 15.9739
      vertex 0.808446 -0.93793 15.985
    endloop
  endfacet
  facet normal 0.183683 -0.60277 0.776485
    outer loop
      vertex 0.75347 -0.968948 15.9739
      vertex 0.805571 -0.93465 15.9882
      vertex 0.772944 -0.886495 16.0333
    endloop
  endfacet
  facet normal 0.171601 -0.618062 0.767172
    outer loop
      vertex 0.761481 -1.18827 15.7997
      vertex 0.0701828 -1.68816 15.5516
      vertex 0.112794 -1.78196 15.4665
    endloop
  endfacet
  facet normal 0.145571 -0.618906 0.771858
    outer loop
      vertex 0.0465307 -1.57996 15.6428
      vertex -0.6382 -2.01426 15.4237
      vertex -0.60545 -2.16407 15.2974
    endloop
  endfacet
  facet normal 0.197779 -0.634067 0.747558
    outer loop
      vertex 0.997394 -1.37392 15.5905
      vertex 0.460497 -1.9953 15.2055
      vertex 0.58697 -2.00525 15.1636
    endloop
  endfacet
  facet normal 0.192507 -0.631635 0.750984
    outer loop
      vertex 0.929826 -1.35718 15.6219
      vertex 0.460497 -1.9953 15.2055
      vertex 0.997394 -1.37392 15.5905
    endloop
  endfacet
  facet normal 0.321805 -0.633865 0.703319
    outer loop
      vertex 3.84583 0.0461029 15.827
      vertex 4.22148 -0.0247107 15.5913
      vertex 3.86636 0.11034 15.8755
    endloop
  endfacet
  facet normal 0.321976 -0.633573 0.703503
    outer loop
      vertex 3.80982 -0.0665788 15.742
      vertex 4.22148 -0.0247107 15.5913
      vertex 3.84583 0.0461029 15.827
    endloop
  endfacet
  facet normal 0.321839 -0.634271 0.702936
    outer loop
      vertex 4.22148 -0.0247107 15.5913
      vertex 3.80982 -0.0665788 15.742
      vertex 3.79214 -0.108576 15.7122
    endloop
  endfacet
  facet normal 0.286495 -0.675753 0.679175
    outer loop
      vertex 2.22941 -1.68326 14.9104
      vertex 1.97656 -1.86604 14.8352
      vertex 2.01295 -2.23324 14.4545
    endloop
  endfacet
  facet normal 0.265592 -0.657885 0.704732
    outer loop
      vertex 2.10768 -1.47692 15.1489
      vertex 2.22941 -1.68326 14.9104
      vertex 2.15997 -1.4707 15.135
    endloop
  endfacet
  facet normal 0.265451 -0.657955 0.70472
    outer loop
      vertex 2.08017 -1.4802 15.1562
      vertex 2.22941 -1.68326 14.9104
      vertex 2.10768 -1.47692 15.1489
    endloop
  endfacet
  facet normal 0.265852 -0.657731 0.704779
    outer loop
      vertex 2.22941 -1.68326 14.9104
      vertex 2.08017 -1.4802 15.1562
      vertex 1.97656 -1.86604 14.8352
    endloop
  endfacet
  facet normal -0.137504 -0.408583 0.902304
    outer loop
      vertex -2.02359 0.590222 17.0818
      vertex -2.45726 0.0381012 16.7657
      vertex -1.72631 0.470742 17.073
    endloop
  endfacet
  facet normal -0.129437 -0.389226 0.912003
    outer loop
      vertex -1.54945 1.13595 17.382
      vertex -2.02359 0.590222 17.0818
      vertex -1.72631 0.470742 17.073
    endloop
  endfacet
  facet normal 0.124615 -0.55921 0.819607
    outer loop
      vertex 0.212465 -0.0960913 16.6988
      vertex 0.471837 0.0604923 16.7662
      vertex 0.415068 0.1371 16.8271
    endloop
  endfacet
  facet normal 0.12423 -0.558737 0.819988
    outer loop
      vertex 0.471837 0.0604923 16.7662
      vertex 0.212465 -0.0960913 16.6988
      vertex 0.476382 -0.0261114 16.7065
    endloop
  endfacet
  facet normal 0.124242 -0.558777 0.819959
    outer loop
      vertex 0.476382 -0.0261114 16.7065
      vertex 0.212465 -0.0960913 16.6988
      vertex 0.480477 -0.104148 16.6527
    endloop
  endfacet
  facet normal 0.12425 -0.558715 0.82
    outer loop
      vertex 0.480477 -0.104148 16.6527
      vertex 0.212465 -0.0960913 16.6988
      vertex 0.488979 -0.156854 16.6155
    endloop
  endfacet
  facet normal 0.124766 -0.558413 0.820127
    outer loop
      vertex 0.472218 0.113299 16.8022
      vertex 0.415068 0.1371 16.8271
      vertex 0.470657 0.0829893 16.7818
    endloop
  endfacet
  facet normal 0.12072 -0.56138 0.818706
    outer loop
      vertex 0.471837 0.0604923 16.7662
      vertex 0.470657 0.0829893 16.7818
      vertex 0.415068 0.1371 16.8271
    endloop
  endfacet
  facet normal 0.0157266 -0.519288 0.854455
    outer loop
      vertex -0.918949 -0.239122 16.7066
      vertex -1.35478 -0.180251 16.7504
      vertex -1.17122 -0.597898 16.4932
    endloop
  endfacet
  facet normal 0.0543687 -0.538412 0.840926
    outer loop
      vertex -0.918949 -0.239122 16.7066
      vertex -1.17122 -0.597898 16.4932
      vertex -0.456616 -0.289896 16.6442
    endloop
  endfacet
  facet normal 0.313179 -0.659242 0.683607
    outer loop
      vertex 3.15424 -1.00616 15.1623
      vertex 3.24402 -1.20678 14.9277
      vertex 3.51977 -0.918061 15.0798
    endloop
  endfacet
  facet normal 0.312631 -0.659495 0.683614
    outer loop
      vertex 3.10248 -1.05205 15.1417
      vertex 3.24402 -1.20678 14.9277
      vertex 3.15424 -1.00616 15.1623
    endloop
  endfacet
  facet normal 0.31332 -0.659038 0.68374
    outer loop
      vertex 3.04309 -1.09564 15.1269
      vertex 3.24402 -1.20678 14.9277
      vertex 3.10248 -1.05205 15.1417
    endloop
  endfacet
  facet normal 0.313829 -0.658547 0.683979
    outer loop
      vertex 3.24402 -1.20678 14.9277
      vertex 3.04309 -1.09564 15.1269
      vertex 3.03624 -1.10067 15.1252
    endloop
  endfacet
  facet normal 0.313179 -0.659055 0.683787
    outer loop
      vertex 3.25508 -0.916743 15.2023
      vertex 3.51977 -0.918061 15.0798
      vertex 3.30534 -0.863394 15.2307
    endloop
  endfacet
  facet normal 0.313132 -0.659182 0.683687
    outer loop
      vertex 3.15884 -1.00208 15.1641
      vertex 3.51977 -0.918061 15.0798
      vertex 3.25508 -0.916743 15.2023
    endloop
  endfacet
  facet normal 0.313107 -0.655994 0.686758
    outer loop
      vertex 3.51977 -0.918061 15.0798
      vertex 3.15884 -1.00208 15.1641
      vertex 3.15424 -1.00616 15.1623
    endloop
  endfacet
  facet normal 0.27137 -0.655609 0.704652
    outer loop
      vertex 2.40965 -1.41996 15.0858
      vertex 2.47746 -1.48583 14.9984
      vertex 2.43129 -1.4124 15.0845
    endloop
  endfacet
  facet normal 0.272062 -0.655132 0.704829
    outer loop
      vertex 2.34393 -1.43531 15.0969
      vertex 2.47746 -1.48583 14.9984
      vertex 2.40965 -1.41996 15.0858
    endloop
  endfacet
  facet normal 0.272174 -0.65554 0.704406
    outer loop
      vertex 2.22941 -1.68326 14.9104
      vertex 2.34393 -1.43531 15.0969
      vertex 2.26114 -1.45464 15.1109
    endloop
  endfacet
  facet normal 0.271758 -0.655498 0.704606
    outer loop
      vertex 2.34393 -1.43531 15.0969
      vertex 2.22941 -1.68326 14.9104
      vertex 2.47746 -1.48583 14.9984
    endloop
  endfacet
  facet normal 0.294627 -0.672697 0.67873
    outer loop
      vertex 2.47746 -1.48583 14.9984
      vertex 2.22941 -1.68326 14.9104
      vertex 2.6475 -1.75158 14.6612
    endloop
  endfacet
  facet normal -0.375676 -0.784076 0.494057
    outer loop
      vertex -4.71845 -4.98644 12.8776
      vertex -4.89223 -5.01206 12.7048
      vertex -4.65905 -5.31118 12.4074
    endloop
  endfacet
  facet normal -0.752379 -0.512955 0.413284
    outer loop
      vertex -5.1451 -4.2412 13.3776
      vertex -5.25164 -4.19789 13.2374
      vertex -5.16038 -4.61535 12.8854
    endloop
  endfacet
  facet normal -0.506988 0.488093 -0.710443
    outer loop
      vertex -4.59841 -3.61068 12.5352
      vertex -4.67983 -3.23821 12.8492
      vertex -4.27671 -3.26299 12.5445
    endloop
  endfacet
  facet normal -0.473394 0.537026 -0.698213
    outer loop
      vertex -3.96274 -2.54921 12.8547
      vertex -4.36772 -2.51902 13.1525
      vertex -3.97605 -2.18468 13.1441
    endloop
  endfacet
  facet normal -0.532192 0.514505 -0.672352
    outer loop
      vertex -4.67983 -3.23821 12.8492
      vertex -4.6951 -2.82028 13.1811
      vertex -4.36772 -2.51902 13.1525
    endloop
  endfacet
  facet normal -0.552584 0.540244 -0.634656
    outer loop
      vertex -4.36772 -2.51902 13.1525
      vertex -4.6951 -2.82028 13.1811
      vertex -4.64404 -2.36147 13.5272
    endloop
  endfacet
  facet normal -0.263127 0.532856 -0.804256
    outer loop
      vertex -1.32404 -1.4873 12.4663
      vertex -1.81626 -2.0926 12.2263
      vertex -1.49223 -1.4081 12.5738
    endloop
  endfacet
  facet normal -0.250658 0.549498 -0.797008
    outer loop
      vertex -1.32404 -1.4873 12.4663
      vertex -1.49223 -1.4081 12.5738
      vertex -0.800875 -0.860229 12.7341
    endloop
  endfacet
  facet normal -0.321311 -0.650535 0.688159
    outer loop
      vertex -4.71555 -4.17208 13.7095
      vertex -4.96574 -4.23257 13.5355
      vertex -4.63024 -4.56235 13.3804
    endloop
  endfacet
  facet normal -0.186737 -0.544868 0.817465
    outer loop
      vertex -4.24464 -2.689 14.932
      vertex -4.36146 -3.18367 14.5756
      vertex -3.98066 -3.07353 14.736
    endloop
  endfacet
  facet normal -0.28427 -0.515347 0.80846
    outer loop
      vertex -4.24464 -2.689 14.932
      vertex -4.67805 -3.25345 14.4198
      vertex -4.36146 -3.18367 14.5756
    endloop
  endfacet
  facet normal -0.618777 -0.741173 0.260342
    outer loop
      vertex -4.65905 -5.31118 12.4074
      vertex -4.99597 -4.97728 12.5572
      vertex -4.76021 -5.27973 12.2565
    endloop
  endfacet
  facet normal -0.512973 -0.841713 0.168459
    outer loop
      vertex -4.65905 -5.31118 12.4074
      vertex -4.76021 -5.27973 12.2565
      vertex -4.45568 -5.51936 11.9865
    endloop
  endfacet
  facet normal -0.272865 -0.71127 0.647796
    outer loop
      vertex -4.63024 -4.56235 13.3804
      vertex -4.87747 -4.63636 13.195
      vertex -4.71845 -4.98644 12.8776
    endloop
  endfacet
  facet normal -0.272776 -0.711297 0.647804
    outer loop
      vertex -4.63024 -4.56235 13.3804
      vertex -4.71845 -4.98644 12.8776
      vertex -4.47653 -4.90071 13.0736
    endloop
  endfacet
  facet normal 0.0903815 -0.570835 0.816075
    outer loop
      vertex -0.283693 -0.801717 16.2791
      vertex -1.00512 -1.17456 16.0982
      vertex -0.405822 -1.03035 16.1327
    endloop
  endfacet
  facet normal 0.121934 -0.580601 0.805006
    outer loop
      vertex -0.283693 -0.801717 16.2791
      vertex -0.405822 -1.03035 16.1327
      vertex 0.30256 -0.704246 16.2606
    endloop
  endfacet
  facet normal 0.0906647 -0.54756 0.83184
    outer loop
      vertex 0.212465 -0.0960913 16.6988
      vertex -0.221857 0.00897789 16.8153
      vertex 0.0271521 -0.332016 16.5637
    endloop
  endfacet
  facet normal 0.0907537 -0.547511 0.831862
    outer loop
      vertex -0.221857 0.00897789 16.8153
      vertex -0.456616 -0.289896 16.6442
      vertex 0.0271521 -0.332016 16.5637
    endloop
  endfacet
  facet normal 0.0953255 -0.688734 0.71872
    outer loop
      vertex -2.02159 -3.96717 13.9602
      vertex -2.72419 -4.19924 13.831
      vertex -2.50856 -4.36892 13.6398
    endloop
  endfacet
  facet normal 0.0693787 -0.706013 0.704793
    outer loop
      vertex -2.72419 -4.19924 13.831
      vertex -2.95161 -4.71733 13.3344
      vertex -2.50856 -4.36892 13.6398
    endloop
  endfacet
  facet normal 0.122643 -0.623882 0.771836
    outer loop
      vertex -0.6382 -2.01426 15.4237
      vertex -1.2995 -2.42101 15.2
      vertex -1.25802 -2.6108 15.04
    endloop
  endfacet
  facet normal 0.114558 -0.615219 0.779988
    outer loop
      vertex -0.6382 -2.01426 15.4237
      vertex -1.30728 -2.20807 15.3691
      vertex -1.2995 -2.42101 15.2
    endloop
  endfacet
  facet normal 0.131856 -0.632424 0.763317
    outer loop
      vertex -0.60545 -2.16407 15.2974
      vertex -1.25802 -2.6108 15.04
      vertex -0.54645 -2.29395 15.1796
    endloop
  endfacet
  facet normal 0.152336 -0.625118 0.76552
    outer loop
      vertex 0.112794 -1.78196 15.4665
      vertex -0.60545 -2.16407 15.2974
      vertex -0.54645 -2.29395 15.1796
    endloop
  endfacet
  facet normal -0.0395842 -0.59884 0.79989
    outer loop
      vertex -3.53982 -2.92424 14.8992
      vertex -3.58435 -3.32442 14.5974
      vertex -3.08427 -3.10155 14.789
    endloop
  endfacet
  facet normal -0.0224756 -0.622265 0.782484
    outer loop
      vertex -3.08427 -3.10155 14.789
      vertex -3.58435 -3.32442 14.5974
      vertex -3.57104 -3.68894 14.3079
    endloop
  endfacet
  facet normal 0.152182 -0.647741 0.746507
    outer loop
      vertex -0.461844 -2.40249 15.0717
      vertex -1.07609 -2.91283 14.7541
      vertex -0.352562 -2.48849 14.9748
    endloop
  endfacet
  facet normal 0.152277 -0.647845 0.746397
    outer loop
      vertex -0.352562 -2.48849 14.9748
      vertex -1.07609 -2.91283 14.7541
      vertex -0.93765 -3.02177 14.6313
    endloop
  endfacet
  facet normal -0.244268 0.589635 -0.769846
    outer loop
      vertex -0.415706 0.1403 13.345
      vertex -0.531025 0.0611916 13.321
      vertex -0.413279 0.154884 13.3554
    endloop
  endfacet
  facet normal -0.261417 0.612431 -0.74605
    outer loop
      vertex -0.162163 0.931673 13.888
      vertex -0.38685 0.879985 13.9243
      vertex -0.142723 0.9647 13.9083
    endloop
  endfacet
  facet normal -0.261671 0.6152 -0.743678
    outer loop
      vertex -0.38685 0.879985 13.9243
      vertex -0.162163 0.931673 13.888
      vertex -0.165061 0.925605 13.884
    endloop
  endfacet
  facet normal -0.341656 0.739282 -0.580288
    outer loop
      vertex 1.37908 4.16582 16.3931
      vertex 0.931476 3.87411 16.285
      vertex 1.41583 4.46852 16.7571
    endloop
  endfacet
  facet normal -0.322926 0.743458 -0.585652
    outer loop
      vertex 1.91727 4.75982 16.8504
      vertex 1.37908 4.16582 16.3931
      vertex 1.41583 4.46852 16.7571
    endloop
  endfacet
  facet normal -0.24217 0.640836 -0.72848
    outer loop
      vertex 1.22268 2.13069 14.4289
      vertex 1.11142 2.05818 14.4021
      vertex 1.24913 2.59289 14.8267
    endloop
  endfacet
  facet normal -0.236502 0.641563 -0.729701
    outer loop
      vertex 1.33362 2.19513 14.4496
      vertex 1.22268 2.13069 14.4289
      vertex 1.24913 2.59289 14.8267
    endloop
  endfacet
  facet normal -0.208474 0.620825 -0.755722
    outer loop
      vertex 1.68865 2.16234 14.3212
      vertex 1.75009 2.3596 14.4663
      vertex 1.84168 2.37514 14.4538
    endloop
  endfacet
  facet normal -0.207993 0.620792 -0.755881
    outer loop
      vertex 1.75009 2.3596 14.4663
      vertex 1.68865 2.16234 14.3212
      vertex 1.63284 2.16154 14.3359
    endloop
  endfacet
  facet normal -0.21552 0.639737 -0.737759
    outer loop
      vertex 1.75009 2.3596 14.4663
      vertex 1.65239 2.33349 14.4722
      vertex 1.96008 2.92842 14.8982
    endloop
  endfacet
  facet normal -0.220502 0.640674 -0.735469
    outer loop
      vertex 1.65239 2.33349 14.4722
      vertex 1.54966 2.2971 14.4713
      vertex 1.96008 2.92842 14.8982
    endloop
  endfacet
  facet normal -0.262948 0.622733 -0.736928
    outer loop
      vertex 0.117633 1.34496 14.1338
      vertex -0.0741482 1.38433 14.2355
      vertex 0.157516 1.39174 14.1591
    endloop
  endfacet
  facet normal -0.247442 0.639274 -0.72808
    outer loop
      vertex 0.974524 1.99798 14.3955
      vertex 0.882432 2.34091 14.7279
      vertex 0.992079 2.0058 14.3964
    endloop
  endfacet
  facet normal -0.25012 0.638406 -0.727927
    outer loop
      vertex 0.882432 2.34091 14.7279
      vertex 0.974524 1.99798 14.3955
      vertex 0.70329 2.19832 14.6644
    endloop
  endfacet
  facet normal -0.272006 0.655481 -0.704526
    outer loop
      vertex 0.882432 2.34091 14.7279
      vertex 0.70329 2.19832 14.6644
      vertex 0.770585 2.68326 15.0896
    endloop
  endfacet
  facet normal -0.201919 -0.508706 0.836927
    outer loop
      vertex -3.70003 -2.11366 15.4131
      vertex -4.24464 -2.689 14.932
      vertex -3.8707 -2.60792 15.0715
    endloop
  endfacet
  facet normal -0.125544 -0.534357 0.835884
    outer loop
      vertex -3.70003 -2.11366 15.4131
      vertex -3.8707 -2.60792 15.0715
      vertex -3.43792 -2.49279 15.2101
    endloop
  endfacet
  facet normal -0.141062 -0.479217 0.866287
    outer loop
      vertex -2.80227 -1.05945 16.1629
      vertex -3.18472 -1.06112 16.0997
      vertex -3.06711 -1.55526 15.8455
    endloop
  endfacet
  facet normal -0.0290256 -0.511875 0.858569
    outer loop
      vertex -2.08686 -0.579724 16.4979
      vertex -2.37267 -1.04071 16.2134
      vertex -1.90065 -1.00508 16.2506
    endloop
  endfacet
  facet normal -0.291424 -0.254014 0.922252
    outer loop
      vertex -1.97169 1.43241 17.3653
      vertex -2.49949 0.82492 17.0312
      vertex -1.77853 1.2885 17.3867
    endloop
  endfacet
  facet normal -0.274576 -0.229694 0.933728
    outer loop
      vertex -1.40464 2.02612 17.6781
      vertex -1.97169 1.43241 17.3653
      vertex -1.77853 1.2885 17.3867
    endloop
  endfacet
  facet normal -0.5563 -0.0383267 0.830097
    outer loop
      vertex -2.8006 1.04542 16.8917
      vertex -3.17239 0.301667 16.6082
      vertex -2.6729 0.937565 16.9723
    endloop
  endfacet
  facet normal -0.556318 -0.0383135 0.830086
    outer loop
      vertex -2.8006 1.04542 16.8917
      vertex -3.31133 0.395191 16.5194
      vertex -3.17239 0.301667 16.6082
    endloop
  endfacet
  facet normal -0.431803 -0.217142 0.87544
    outer loop
      vertex -3.17239 0.301667 16.6082
      vertex -3.61979 -0.334624 16.2297
      vertex -3.41467 -0.404668 16.3135
    endloop
  endfacet
  facet normal -0.439641 -0.258286 0.860235
    outer loop
      vertex -3.61979 -0.334624 16.2297
      vertex -3.79203 -1.0133 15.9379
      vertex -3.41467 -0.404668 16.3135
    endloop
  endfacet
  facet normal 0.166972 -0.613843 0.771568
    outer loop
      vertex 0.761481 -1.18827 15.7997
      vertex 0.0465307 -1.57996 15.6428
      vertex 0.0701828 -1.68816 15.5516
    endloop
  endfacet
  facet normal 0.166898 -0.613745 0.771662
    outer loop
      vertex 0.747186 -1.12288 15.8548
      vertex 0.0465307 -1.57996 15.6428
      vertex 0.761481 -1.18827 15.7997
    endloop
  endfacet
  facet normal 0.291888 -0.621304 0.727174
    outer loop
      vertex 3.89486 0.235592 15.9712
      vertex 3.9869 0.339576 16.0231
      vertex 3.91143 0.311962 16.0298
    endloop
  endfacet
  facet normal 0.291954 -0.621336 0.727121
    outer loop
      vertex 3.87053 0.123518 15.8852
      vertex 3.9869 0.339576 16.0231
      vertex 3.89486 0.235592 15.9712
    endloop
  endfacet
  facet normal 0.306045 -0.623834 0.719143
    outer loop
      vertex 3.9869 0.339576 16.0231
      vertex 3.87053 0.123518 15.8852
      vertex 3.86916 0.119157 15.882
    endloop
  endfacet
  facet normal 0.3211 -0.626279 0.7104
    outer loop
      vertex 3.86916 0.119157 15.882
      vertex 4.40498 0.271258 15.7739
      vertex 3.9869 0.339576 16.0231
    endloop
  endfacet
  facet normal 0.32093 -0.624532 0.712014
    outer loop
      vertex 4.40498 0.271258 15.7739
      vertex 3.86916 0.119157 15.882
      vertex 3.86674 0.111529 15.8764
    endloop
  endfacet
  facet normal 0.287034 -0.609853 0.738708
    outer loop
      vertex 3.93748 0.656292 16.3063
      vertex 3.93673 0.616451 16.2737
      vertex 4.15789 0.771901 16.3161
    endloop
  endfacet
  facet normal 0.289591 -0.615634 0.732893
    outer loop
      vertex 3.92955 0.462598 16.1491
      vertex 3.9869 0.339576 16.0231
      vertex 4.08496 0.560702 16.1701
    endloop
  endfacet
  facet normal 0.291305 -0.61483 0.732888
    outer loop
      vertex 3.92514 0.425344 16.1196
      vertex 3.9869 0.339576 16.0231
      vertex 3.92955 0.462598 16.1491
    endloop
  endfacet
  facet normal 0.28984 -0.615708 0.732732
    outer loop
      vertex 3.9121 0.315075 16.0321
      vertex 3.9869 0.339576 16.0231
      vertex 3.92514 0.425344 16.1196
    endloop
  endfacet
  facet normal 0.288247 -0.608375 0.739455
    outer loop
      vertex 3.9869 0.339576 16.0231
      vertex 3.9121 0.315075 16.0321
      vertex 3.91143 0.311962 16.0298
    endloop
  endfacet
  facet normal -0.211851 -0.354887 0.91059
    outer loop
      vertex -2.28226 0.708714 17.0678
      vertex -2.743 0.122138 16.732
      vertex -2.02359 0.590222 17.0818
    endloop
  endfacet
  facet normal -0.201792 -0.331629 0.921576
    outer loop
      vertex -1.54945 1.13595 17.382
      vertex -2.28226 0.708714 17.0678
      vertex -2.02359 0.590222 17.0818
    endloop
  endfacet
  facet normal -0.361231 -0.587913 0.723789
    outer loop
      vertex -4.73155 -3.73419 14.0572
      vertex -4.96574 -4.23257 13.5355
      vertex -4.71555 -4.17208 13.7095
    endloop
  endfacet
  facet normal -0.361096 -0.587985 0.723798
    outer loop
      vertex -4.73155 -3.73419 14.0572
      vertex -4.98229 -3.7795 13.8953
      vertex -4.96574 -4.23257 13.5355
    endloop
  endfacet
  facet normal -0.532189 0.514505 -0.672354
    outer loop
      vertex -4.35335 -2.9124 12.8401
      vertex -4.67983 -3.23821 12.8492
      vertex -4.36772 -2.51902 13.1525
    endloop
  endfacet
  facet normal -0.473343 0.537145 -0.698156
    outer loop
      vertex -4.35335 -2.9124 12.8401
      vertex -4.36772 -2.51902 13.1525
      vertex -3.96274 -2.54921 12.8547
    endloop
  endfacet
  facet normal -0.501934 -0.619082 0.603987
    outer loop
      vertex -4.96574 -4.23257 13.5355
      vertex -5.1451 -4.2412 13.3776
      vertex -5.05484 -4.65409 13.0294
    endloop
  endfacet
  facet normal -0.69844 -0.628189 0.342871
    outer loop
      vertex -4.89223 -5.01206 12.7048
      vertex -5.16038 -4.61535 12.8854
      vertex -4.99597 -4.97728 12.5572
    endloop
  endfacet
  facet normal -0.292533 -0.854795 0.428662
    outer loop
      vertex -4.19585 -5.51077 12.3255
      vertex -4.65905 -5.31118 12.4074
      vertex -4.35786 -5.5482 12.1403
    endloop
  endfacet
  facet normal -0.512996 -0.841702 0.168443
    outer loop
      vertex -4.35786 -5.5482 12.1403
      vertex -4.65905 -5.31118 12.4074
      vertex -4.45568 -5.51936 11.9865
    endloop
  endfacet
  facet normal -0.292535 -0.854798 0.428654
    outer loop
      vertex -4.49041 -5.27898 12.5867
      vertex -4.65905 -5.31118 12.4074
      vertex -4.19585 -5.51077 12.3255
    endloop
  endfacet
  facet normal -0.152849 -0.818428 0.553906
    outer loop
      vertex -4.25613 -5.18345 12.7925
      vertex -4.49041 -5.27898 12.5867
      vertex -4.19585 -5.51077 12.3255
    endloop
  endfacet
  facet normal -0.230999 0.620977 -0.749017
    outer loop
      vertex 1.22064 2.0888 14.3948
      vertex 1.21752 2.08776 14.3949
      vertex 1.22268 2.13069 14.4289
    endloop
  endfacet
  facet normal -0.220735 0.622558 -0.750798
    outer loop
      vertex 1.30175 2.1093 14.3878
      vertex 1.33362 2.19513 14.4496
      vertex 1.31308 2.11187 14.3866
    endloop
  endfacet
  facet normal -0.221956 0.622132 -0.750791
    outer loop
      vertex 1.22268 2.13069 14.4289
      vertex 1.30175 2.1093 14.3878
      vertex 1.24066 2.09547 14.3944
    endloop
  endfacet
  facet normal -0.221643 0.622648 -0.750456
    outer loop
      vertex 1.30175 2.1093 14.3878
      vertex 1.22268 2.13069 14.4289
      vertex 1.33362 2.19513 14.4496
    endloop
  endfacet
  facet normal -0.222234 0.62201 -0.75081
    outer loop
      vertex 1.22268 2.13069 14.4289
      vertex 1.24066 2.09547 14.3944
      vertex 1.22064 2.0888 14.3948
    endloop
  endfacet
  facet normal -0.213036 0.621984 -0.753493
    outer loop
      vertex 1.559 2.15395 14.3504
      vertex 1.65239 2.33349 14.4722
      vertex 1.56229 2.15435 14.3498
    endloop
  endfacet
  facet normal -0.215119 0.62242 -0.75254
    outer loop
      vertex 1.65239 2.33349 14.4722
      vertex 1.559 2.15395 14.3504
      vertex 1.55365 2.15331 14.3514
    endloop
  endfacet
  facet normal -0.208205 0.620798 -0.755817
    outer loop
      vertex 1.70674 2.1626 14.3164
      vertex 1.69764 2.16247 14.3188
      vertex 1.84168 2.37514 14.4538
    endloop
  endfacet
  facet normal -0.209803 0.655859 -0.725143
    outer loop
      vertex 2.27326 2.99732 14.8679
      vertex 2.12172 2.97162 14.8885
      vertex 2.48654 3.55656 15.312
    endloop
  endfacet
  facet normal -0.208954 0.638098 -0.741059
    outer loop
      vertex 2.27326 2.99732 14.8679
      vertex 1.75009 2.3596 14.4663
      vertex 2.12172 2.97162 14.8885
    endloop
  endfacet
  facet normal -0.262043 0.626553 -0.734006
    outer loop
      vertex 0.255081 1.4975 14.2145
      vertex 0.0596867 1.55472 14.3331
      vertex 0.286435 1.52842 14.2297
    endloop
  endfacet
  facet normal -0.262043 0.626553 -0.734006
    outer loop
      vertex 0.0596867 1.55472 14.3331
      vertex 0.255081 1.4975 14.2145
      vertex 0.236733 1.4794 14.2056
    endloop
  endfacet
  facet normal -0.260722 0.629584 -0.73188
    outer loop
      vertex 0.286435 1.52842 14.2297
      vertex 0.0596867 1.55472 14.3331
      vertex 0.340035 1.58119 14.256
    endloop
  endfacet
  facet normal -0.259148 0.6594 -0.705715
    outer loop
      vertex 1.06505 2.47292 14.7822
      vertex 1.02344 2.86604 15.1648
      vertex 1.24913 2.59289 14.8267
    endloop
  endfacet
  facet normal -0.241494 0.640839 -0.728702
    outer loop
      vertex 1.11142 2.05818 14.4021
      vertex 1.06505 2.47292 14.7822
      vertex 1.24913 2.59289 14.8267
    endloop
  endfacet
  facet normal -0.0787486 -0.507302 0.858163
    outer loop
      vertex -2.80227 -1.05945 16.1629
      vertex -3.06711 -1.55526 15.8455
      vertex -2.37267 -1.04071 16.2134
    endloop
  endfacet
  facet normal -0.0787293 -0.507321 0.858153
    outer loop
      vertex -2.37267 -1.04071 16.2134
      vertex -3.06711 -1.55526 15.8455
      vertex -2.61365 -1.49183 15.9246
    endloop
  endfacet
  facet normal 0.318931 -0.618719 0.717962
    outer loop
      vertex 4.08496 0.560702 16.1701
      vertex 3.9869 0.339576 16.0231
      vertex 4.68393 0.841023 16.1456
    endloop
  endfacet
  facet normal 0.315686 -0.610913 0.726036
    outer loop
      vertex 4.15789 0.771901 16.3161
      vertex 4.08496 0.560702 16.1701
      vertex 4.77631 1.10858 16.3305
    endloop
  endfacet
  facet normal -0.752289 -0.513037 0.413344
    outer loop
      vertex -5.1451 -4.2412 13.3776
      vertex -5.16038 -4.61535 12.8854
      vertex -5.05484 -4.65409 13.0294
    endloop
  endfacet
  facet normal -0.544162 -0.533761 0.647291
    outer loop
      vertex -4.96574 -4.23257 13.5355
      vertex -5.16202 -3.77792 13.7454
      vertex -5.1451 -4.2412 13.3776
    endloop
  endfacet
  facet normal -0.226619 0.622634 -0.74898
    outer loop
      vertex 1.31836 2.11307 14.386
      vertex 1.31308 2.11187 14.3866
      vertex 1.33362 2.19513 14.4496
    endloop
  endfacet
  facet normal -0.205456 0.620012 -0.757214
    outer loop
      vertex 1.76137 2.16338 14.3022
      vertex 1.84168 2.37514 14.4538
      vertex 1.92616 2.37993 14.4348
    endloop
  endfacet
  facet normal -0.205076 0.619968 -0.757353
    outer loop
      vertex 1.74787 2.16319 14.3057
      vertex 1.84168 2.37514 14.4538
      vertex 1.76137 2.16338 14.3022
    endloop
  endfacet
  facet normal -0.205841 0.620091 -0.757045
    outer loop
      vertex 1.84168 2.37514 14.4538
      vertex 1.74787 2.16319 14.3057
      vertex 1.70674 2.1626 14.3164
    endloop
  endfacet
  facet normal -0.199746 0.617737 -0.760594
    outer loop
      vertex 1.77053 2.16351 14.2999
      vertex 1.76137 2.16338 14.3022
      vertex 1.92616 2.37993 14.4348
    endloop
  endfacet
  facet normal 0.286988 -0.609804 0.738767
    outer loop
      vertex 3.93673 0.616451 16.2737
      vertex 4.08496 0.560702 16.1701
      vertex 4.15789 0.771901 16.3161
    endloop
  endfacet
  facet normal 0.286799 -0.610057 0.738632
    outer loop
      vertex 3.93619 0.58726 16.2498
      vertex 4.08496 0.560702 16.1701
      vertex 3.93673 0.616451 16.2737
    endloop
  endfacet
  facet normal 0.287005 -0.609655 0.738883
    outer loop
      vertex 3.93466 0.506065 16.1834
      vertex 4.08496 0.560702 16.1701
      vertex 3.93619 0.58726 16.2498
    endloop
  endfacet
  facet normal 0.286636 -0.608341 0.740109
    outer loop
      vertex 4.08496 0.560702 16.1701
      vertex 3.93466 0.506065 16.1834
      vertex 3.93311 0.492682 16.173
    endloop
  endfacet
  facet normal 0.28997 -0.616115 0.732339
    outer loop
      vertex 3.93311 0.492682 16.173
      vertex 3.92955 0.462598 16.1491
      vertex 4.08496 0.560702 16.1701
    endloop
  endfacet
  facet normal -0.698429 -0.628191 0.342889
    outer loop
      vertex -5.05484 -4.65409 13.0294
      vertex -5.16038 -4.61535 12.8854
      vertex -4.89223 -5.01206 12.7048
    endloop
  endfacet
  facet normal -0.445863 -0.70391 0.552917
    outer loop
      vertex -4.87747 -4.63636 13.195
      vertex -5.05484 -4.65409 13.0294
      vertex -4.89223 -5.01206 12.7048
    endloop
  endfacet
endsolid OpenSCAD_Model
