ISO-10303-21;
HEADER;
FILE_DESCRIPTION(('FreeCAD Model'),'2;1');
FILE_NAME('Open CASCADE Shape Model','2024-05-17T21:37:18',(''),(''),
  'Open CASCADE STEP processor 7.6','FreeCAD','Unknown');
FILE_SCHEMA(('AUTOMOTIVE_DESIGN { 1 0 10303 214 1 1 1 1 }'));
ENDSEC;
DATA;
#1 = APPLICATION_PROTOCOL_DEFINITION('international standard',
  'automotive_design',2000,#2);
#2 = APPLICATION_CONTEXT(
  'core data for automotive mechanical design processes');
#3 = SHAPE_DEFINITION_REPRESENTATION(#4,#10);
#4 = PRODUCT_DEFINITION_SHAPE('','',#5);
#5 = PRODUCT_DEFINITION('design','',#6,#9);
#6 = PRODUCT_DEFINITION_FORMATION('','',#7);
#7 = PRODUCT('L-KLS1-SMA006 v3','L-KLS1-SMA006 v3','',(#8));
#8 = PRODUCT_CONTEXT('',#2,'mechanical');
#9 = PRODUCT_DEFINITION_CONTEXT('part definition',#2,'design');
#10 = ADVANCED_BREP_SHAPE_REPRESENTATION('',(#11,#15),#3220);
#11 = AXIS2_PLACEMENT_3D('',#12,#13,#14);
#12 = CARTESIAN_POINT('',(0.,0.,0.));
#13 = DIRECTION('',(0.,0.,1.));
#14 = DIRECTION('',(1.,0.,-0.));
#15 = MANIFOLD_SOLID_BREP('',#16);
#16 = CLOSED_SHELL('',(#17,#69,#138,#207,#282,#351,#420,#495,#529,#583,
    #629,#674,#720,#766,#811,#844,#864,#904,#952,#983,#1005,#1068,#1124,
    #1180,#1192,#1225,#1245,#1270,#1279,#1312,#1324,#1404,#1822,#1874,
    #1896,#2273,#2300,#2333,#2345,#2363,#2375,#2402,#2443,#2455,#2535,
    #2582,#2629,#2669,#2709,#2738,#2763,#2772,#2803,#2829,#2855,#2872,
    #2884,#2917,#2941,#2965,#2984,#2996,#3029,#3055,#3079,#3096,#3108,
    #3139,#3163,#3189,#3208));
#17 = ADVANCED_FACE('',(#18),#64,.T.);
#18 = FACE_BOUND('',#19,.T.);
#19 = EDGE_LOOP('',(#20,#30,#45,#54));
#20 = ORIENTED_EDGE('',*,*,#21,.F.);
#21 = EDGE_CURVE('',#22,#24,#26,.T.);
#22 = VERTEX_POINT('',#23);
#23 = CARTESIAN_POINT('',(-2.944518595564,-5.82217611709,7.102239518037)
  );
#24 = VERTEX_POINT('',#25);
#25 = CARTESIAN_POINT('',(-2.944324193852,-5.67782388291,7.103007628391)
  );
#26 = LINE('',#27,#28);
#27 = CARTESIAN_POINT('',(-2.942,-5.5,7.1));
#28 = VECTOR('',#29,1.);
#29 = DIRECTION('',(0.,1.,0.));
#30 = ORIENTED_EDGE('',*,*,#31,.T.);
#31 = EDGE_CURVE('',#22,#32,#34,.T.);
#32 = VERTEX_POINT('',#33);
#33 = CARTESIAN_POINT('',(1.288921854053,-5.5,9.744625579197));
#34 = B_SPLINE_CURVE_WITH_KNOTS('',3,(#35,#36,#37,#38,#39,#40,#41,#42,
    #43,#44),.UNSPECIFIED.,.F.,.F.,(4,3,3,4),(-4.092930420131,
    -3.953790133189,-2.965342599891,-2.068638174909),.UNSPECIFIED.);
#35 = CARTESIAN_POINT('',(-2.944518595564,-5.82217611709,7.102239518037)
  );
#36 = CARTESIAN_POINT('',(-2.945608759078,-5.814794495606,7.238342500631
    ));
#37 = CARTESIAN_POINT('',(-2.936974237139,-5.807412874123,7.37430007585)
  );
#38 = CARTESIAN_POINT('',(-2.918137020817,-5.80003125264,7.508820247491)
  );
#39 = CARTESIAN_POINT('',(-2.7843181218,-5.747592482336,8.464446649871)
  );
#40 = CARTESIAN_POINT('',(-2.135606999644,-5.695153712032,9.347532613749
    ));
#41 = CARTESIAN_POINT('',(-1.263706164075,-5.642714941728,9.761666632024
    ));
#42 = CARTESIAN_POINT('',(-0.472731113743,-5.595143294486,
    10.137362654536));
#43 = CARTESIAN_POINT('',(0.501925495415,-5.547571647243,10.127118738037
    ));
#44 = CARTESIAN_POINT('',(1.292012136239,-5.5,9.747874956382));
#45 = ORIENTED_EDGE('',*,*,#46,.F.);
#46 = EDGE_CURVE('',#47,#32,#49,.T.);
#47 = VERTEX_POINT('',#48);
#48 = CARTESIAN_POINT('',(-1.288921854053,-5.5,9.744625579197));
#49 = CIRCLE('',#50,2.942);
#50 = AXIS2_PLACEMENT_3D('',#51,#52,#53);
#51 = CARTESIAN_POINT('',(-2.1E-16,-5.5,7.1));
#52 = DIRECTION('',(-0.,1.,0.));
#53 = DIRECTION('',(1.,0.,0.));
#54 = ORIENTED_EDGE('',*,*,#55,.T.);
#55 = EDGE_CURVE('',#47,#24,#56,.T.);
#56 = B_SPLINE_CURVE_WITH_KNOTS('',3,(#57,#58,#59,#60,#61,#62,#63),
  .UNSPECIFIED.,.F.,.F.,(4,3,4),(0.,0.988447533297,1.117300408368),
  .UNSPECIFIED.);
#57 = CARTESIAN_POINT('',(-1.288921854053,-5.5,9.744625579197));
#58 = CARTESIAN_POINT('',(-2.160279730804,-5.552438770304,9.319948370113
    ));
#59 = CARTESIAN_POINT('',(-2.798273177146,-5.604877540607,8.434827442395
    ));
#60 = CARTESIAN_POINT('',(-2.92183963202,-5.657316310911,7.479264717802)
  );
#61 = CARTESIAN_POINT('',(-2.937947611894,-5.664152168244,7.354698668288
    ));
#62 = CARTESIAN_POINT('',(-2.945313713989,-5.670988025577,7.228935571207
    ));
#63 = CARTESIAN_POINT('',(-2.944324193852,-5.67782388291,7.103007628391)
  );
#64 = CYLINDRICAL_SURFACE('',#65,2.942);
#65 = AXIS2_PLACEMENT_3D('',#66,#67,#68);
#66 = CARTESIAN_POINT('',(-2.1E-16,-5.5,7.1));
#67 = DIRECTION('',(0.,-1.,0.));
#68 = DIRECTION('',(1.,0.,0.));
#69 = ADVANCED_FACE('',(#70),#133,.T.);
#70 = FACE_BOUND('',#71,.T.);
#71 = EDGE_LOOP('',(#72,#82,#107,#108));
#72 = ORIENTED_EDGE('',*,*,#73,.F.);
#73 = EDGE_CURVE('',#74,#76,#78,.T.);
#74 = VERTEX_POINT('',#75);
#75 = CARTESIAN_POINT('',(-2.937384786134,-6.82217611709,7.100042235672)
  );
#76 = VERTEX_POINT('',#77);
#77 = CARTESIAN_POINT('',(-2.937392355046,-6.67782388291,7.100214726514)
  );
#78 = LINE('',#79,#80);
#79 = CARTESIAN_POINT('',(-2.942,-5.5,7.1));
#80 = VECTOR('',#81,1.);
#81 = DIRECTION('',(0.,1.,0.));
#82 = ORIENTED_EDGE('',*,*,#83,.T.);
#83 = EDGE_CURVE('',#74,#22,#84,.T.);
#84 = B_SPLINE_CURVE_WITH_KNOTS('',3,(#85,#86,#87,#88,#89,#90,#91,#92,
    #93,#94,#95,#96,#97,#98,#99,#100,#101,#102,#103,#104,#105,#106),
  .UNSPECIFIED.,.F.,.F.,(4,3,3,3,3,3,3,4),(-10.37611572731,
    -9.884475332971,-8.896027799674,-7.907580266377,-6.91913273308,
    -5.930685199783,-4.942237666486,-4.092930420131),.UNSPECIFIED.);
#85 = CARTESIAN_POINT('',(-2.937384786134,-6.82217611709,7.100042235672)
  );
#86 = CARTESIAN_POINT('',(-2.937444470561,-6.796093784095,7.583968656805
    ));
#87 = CARTESIAN_POINT('',(-2.824250180617,-6.770011451101,8.067868198351
    ));
#88 = CARTESIAN_POINT('',(-2.597645428957,-6.743929118107,8.49103459638)
  );
#89 = CARTESIAN_POINT('',(-2.142054492185,-6.691490347803,9.3418145305)
  );
#90 = CARTESIAN_POINT('',(-1.228041772649,-6.639051577499,9.947102157278
    ));
#91 = CARTESIAN_POINT('',(-0.2669205522,-6.586612807196,10.034528576653)
  );
#92 = CARTESIAN_POINT('',(0.694200668248,-6.534174036892,10.121954996028
    ));
#93 = CARTESIAN_POINT('',(1.70243038961,-6.481735266588,9.691520208));
#94 = CARTESIAN_POINT('',(2.30404401854,-6.429296496284,8.936889819686)
  );
#95 = CARTESIAN_POINT('',(2.90565764747,-6.376857725981,8.182259431373)
  );
#96 = CARTESIAN_POINT('',(3.100655183968,-6.324418955677,7.103433442775)
  );
#97 = CARTESIAN_POINT('',(2.8013011658,-6.271980185373,6.185966568707));
#98 = CARTESIAN_POINT('',(2.501947147632,-6.219541415069,5.26849969464)
  );
#99 = CARTESIAN_POINT('',(1.708241574798,-6.167102644766,4.512391935103)
  );
#100 = CARTESIAN_POINT('',(0.777331242788,-6.114663874462,4.257767386631
    ));
#101 = CARTESIAN_POINT('',(-0.153579089221,-6.062225104158,
    4.003142838159));
#102 = CARTESIAN_POINT('',(-1.221694180407,-6.009786333855,
    4.250001500751));
#103 = CARTESIAN_POINT('',(-1.946288388061,-5.957347563551,
    4.887514252489));
#104 = CARTESIAN_POINT('',(-2.568884014532,-5.91229041473,5.435286573685
    ));
#105 = CARTESIAN_POINT('',(-2.937864277161,-5.86723326591,6.271471866855
    ));
#106 = CARTESIAN_POINT('',(-2.944518595564,-5.82217611709,7.102239518037
    ));
#107 = ORIENTED_EDGE('',*,*,#21,.T.);
#108 = ORIENTED_EDGE('',*,*,#109,.T.);
#109 = EDGE_CURVE('',#24,#76,#110,.T.);
#110 = B_SPLINE_CURVE_WITH_KNOTS('',3,(#111,#112,#113,#114,#115,#116,
    #117,#118,#119,#120,#121,#122,#123,#124,#125,#126,#127,#128,#129,
    #130,#131,#132),.UNSPECIFIED.,.F.,.F.,(4,3,3,3,3,3,3,4),(
    1.117300408368,1.976895066594,2.965342599891,3.953790133189,
    4.942237666486,5.930685199783,6.91913273308,7.400485715548),
  .UNSPECIFIED.);
#111 = CARTESIAN_POINT('',(-2.944324193852,-5.67782388291,7.103007628391
    ));
#112 = CARTESIAN_POINT('',(-2.937722973483,-5.723426795881,
    6.262925582054));
#113 = CARTESIAN_POINT('',(-2.55926301939,-5.769029708852,5.415507238728
    ));
#114 = CARTESIAN_POINT('',(-1.923620589641,-5.814632621822,
    4.867205268602));
#115 = CARTESIAN_POINT('',(-1.192695628985,-5.867071392126,
    4.236713065461));
#116 = CARTESIAN_POINT('',(-0.121706244268,-5.91951016243,4.001733180646
    ));
#117 = CARTESIAN_POINT('',(0.806630844915,-5.971948932734,4.266136546931
    ));
#118 = CARTESIAN_POINT('',(1.734967934098,-6.024387703037,4.530539913216
    ));
#119 = CARTESIAN_POINT('',(2.520652727748,-6.076826473341,5.294326530601
    ));
#120 = CARTESIAN_POINT('',(2.810504057107,-6.129265243645,6.214716049005
    ));
#121 = CARTESIAN_POINT('',(3.100355386467,-6.181704013949,7.135105567409
    ));
#122 = CARTESIAN_POINT('',(2.894373251538,-6.234142784252,8.212097986832
    ));
#123 = CARTESIAN_POINT('',(2.285053290808,-6.286581554556,8.96055536282)
  );
#124 = CARTESIAN_POINT('',(1.675733330079,-6.33902032486,9.709012738808)
  );
#125 = CARTESIAN_POINT('',(0.663075543549,-6.391459095164,
    10.128935071362));
#126 = CARTESIAN_POINT('',(-0.297108610601,-6.443897865467,
    10.031597360308));
#127 = CARTESIAN_POINT('',(-1.257292764751,-6.496336635771,
    9.934259649253));
#128 = CARTESIAN_POINT('',(-2.165003286522,-6.548775406075,
    9.319661894591));
#129 = CARTESIAN_POINT('',(-2.611811434423,-6.601214176379,
    8.464254694412));
#130 = CARTESIAN_POINT('',(-2.829397525073,-6.626750745223,
    8.047689532216));
#131 = CARTESIAN_POINT('',(-2.937681382557,-6.652287314066,
    7.574016809602));
#132 = CARTESIAN_POINT('',(-2.937392355046,-6.67782388291,7.100214726514
    ));
#133 = CYLINDRICAL_SURFACE('',#134,2.942);
#134 = AXIS2_PLACEMENT_3D('',#135,#136,#137);
#135 = CARTESIAN_POINT('',(-2.1E-16,-5.5,7.1));
#136 = DIRECTION('',(0.,-1.,0.));
#137 = DIRECTION('',(1.,0.,0.));
#138 = ADVANCED_FACE('',(#139),#202,.T.);
#139 = FACE_BOUND('',#140,.T.);
#140 = EDGE_LOOP('',(#141,#151,#176,#177));
#141 = ORIENTED_EDGE('',*,*,#142,.F.);
#142 = EDGE_CURVE('',#143,#145,#147,.T.);
#143 = VERTEX_POINT('',#144);
#144 = CARTESIAN_POINT('',(-2.944426568192,-7.82217611709,7.097888305643
    ));
#145 = VERTEX_POINT('',#146);
#146 = CARTESIAN_POINT('',(-2.944155849368,-7.67782388291,7.097795735542
    ));
#147 = LINE('',#148,#149);
#148 = CARTESIAN_POINT('',(-2.942,-5.5,7.1));
#149 = VECTOR('',#150,1.);
#150 = DIRECTION('',(0.,1.,0.));
#151 = ORIENTED_EDGE('',*,*,#152,.T.);
#152 = EDGE_CURVE('',#143,#74,#153,.T.);
#153 = B_SPLINE_CURVE_WITH_KNOTS('',3,(#154,#155,#156,#157,#158,#159,
    #160,#161,#162,#163,#164,#165,#166,#167,#168,#169,#170,#171,#172,
    #173,#174,#175),.UNSPECIFIED.,.F.,.F.,(4,3,3,3,3,3,3,4),(
    -16.65930103449,-15.81516053275,-14.82671299945,-13.83826546616,
    -12.84981793286,-11.86137039956,-10.87292286626,-10.37611572731),
  .UNSPECIFIED.);
#154 = CARTESIAN_POINT('',(-2.944426568192,-7.82217611709,7.097888305643
    ));
#155 = CARTESIAN_POINT('',(-2.937706852295,-7.777393072585,
    7.923724349098));
#156 = CARTESIAN_POINT('',(-2.573676814672,-7.732610028079,
    8.754754833162));
#157 = CARTESIAN_POINT('',(-1.957676096431,-7.687826983574,
    9.302325865061));
#158 = CARTESIAN_POINT('',(-1.236369170388,-7.635388213271,
    9.943504951567));
#159 = CARTESIAN_POINT('',(-0.169578373626,-7.582949442967,
    10.19602505408));
#160 = CARTESIAN_POINT('',(0.762626754264,-7.530510672663,9.946249212104
    ));
#161 = CARTESIAN_POINT('',(1.694831882155,-7.478071902359,9.696473370127
    ));
#162 = CARTESIAN_POINT('',(2.492451341174,-7.425633132056,8.944401583663
    ));
#163 = CARTESIAN_POINT('',(2.796545932996,-7.373194361752,8.028475191916
    ));
#164 = CARTESIAN_POINT('',(3.100640524818,-7.320755591448,7.112548800169
    ));
#165 = CARTESIAN_POINT('',(2.911210249441,-7.268316821144,6.032767803141
    ));
#166 = CARTESIAN_POINT('',(2.313501472219,-7.215878050841,5.275048868888
    ));
#167 = CARTESIAN_POINT('',(1.715792694997,-7.163439280537,4.517329934635
    ));
#168 = CARTESIAN_POINT('',(0.709805415928,-7.111000510233,4.081673063158
    ));
#169 = CARTESIAN_POINT('',(-0.25175369204,-7.058561739929,4.164126958695
    ));
#170 = CARTESIAN_POINT('',(-1.213312800009,-7.006122969626,
    4.246580854232));
#171 = CARTESIAN_POINT('',(-2.130443736877,-6.953684199322,
    4.847145516783));
#172 = CARTESIAN_POINT('',(-2.590424628307,-6.901245429018,5.69556396879
    ));
#173 = CARTESIAN_POINT('',(-2.821617264182,-6.874888991709,
    6.121990591937));
#174 = CARTESIAN_POINT('',(-2.937324474473,-6.848532554399,
    6.611030137565));
#175 = CARTESIAN_POINT('',(-2.937384786134,-6.82217611709,7.100042235672
    ));
#176 = ORIENTED_EDGE('',*,*,#73,.T.);
#177 = ORIENTED_EDGE('',*,*,#178,.T.);
#178 = EDGE_CURVE('',#76,#145,#179,.T.);
#179 = B_SPLINE_CURVE_WITH_KNOTS('',3,(#180,#181,#182,#183,#184,#185,
    #186,#187,#188,#189,#190,#191,#192,#193,#194,#195,#196,#197,#198,
    #199,#200,#201),.UNSPECIFIED.,.F.,.F.,(4,3,3,3,3,3,3,4),(
    7.400485715548,7.907580266377,8.896027799674,9.884475332971,
    10.872922866268,11.861370399566,12.849817932863,13.683671022728),
  .UNSPECIFIED.);
#180 = CARTESIAN_POINT('',(-2.937392355046,-6.67782388291,7.100214726514
    ));
#181 = CARTESIAN_POINT('',(-2.937087871058,-6.70472608437,6.601074878511
    ));
#182 = CARTESIAN_POINT('',(-2.816287580987,-6.73162828583,6.101791464326
    ));
#183 = CARTESIAN_POINT('',(-2.575844213235,-6.75853048729,5.668981404789
    ));
#184 = CARTESIAN_POINT('',(-2.107163070117,-6.810969257594,4.82533196104
    ));
#185 = CARTESIAN_POINT('',(-1.18389500985,-6.863408027897,4.234249719236
    ));
#186 = CARTESIAN_POINT('',(-0.221536531387,-6.915846798201,
    4.161695846399));
#187 = CARTESIAN_POINT('',(0.740821947077,-6.968285568505,4.089141973562
    ));
#188 = CARTESIAN_POINT('',(1.742270843737,-7.020724338809,4.535116469691
    ));
#189 = CARTESIAN_POINT('',(2.332152424868,-7.073163109112,5.298942284938
    ));
#190 = CARTESIAN_POINT('',(2.922034005999,-7.125601879416,6.062768100185
    ));
#191 = CARTESIAN_POINT('',(3.1003482716,-7.17804064972,7.144445234549));
#192 = CARTESIAN_POINT('',(2.786847802716,-7.230479420024,8.057196158719
    ));
#193 = CARTESIAN_POINT('',(2.473347333832,-7.282918190327,8.969947082889
    ));
#194 = CARTESIAN_POINT('',(1.668032130461,-7.335356960631,9.713771796865
    ));
#195 = CARTESIAN_POINT('',(0.73330632581,-7.387795730935,9.953944148949)
  );
#196 = CARTESIAN_POINT('',(-0.201419478842,-7.440234501239,
    10.194116501033));
#197 = CARTESIAN_POINT('',(-1.265555884775,-7.492673271542,
    9.930636491225));
#198 = CARTESIAN_POINT('',(-1.98022876354,-7.545112041846,9.282071173286
    ));
#199 = CARTESIAN_POINT('',(-2.583125900844,-7.589349322201,
    8.734942290747));
#200 = CARTESIAN_POINT('',(-2.937324234088,-7.633586602556,
    7.913764049268));
#201 = CARTESIAN_POINT('',(-2.944155849368,-7.67782388291,7.097795735542
    ));
#202 = CYLINDRICAL_SURFACE('',#203,2.942);
#203 = AXIS2_PLACEMENT_3D('',#204,#205,#206);
#204 = CARTESIAN_POINT('',(-2.1E-16,-5.5,7.1));
#205 = DIRECTION('',(0.,-1.,0.));
#206 = DIRECTION('',(1.,0.,0.));
#207 = ADVANCED_FACE('',(#208),#277,.T.);
#208 = FACE_BOUND('',#209,.T.);
#209 = EDGE_LOOP('',(#210,#220,#248,#249));
#210 = ORIENTED_EDGE('',*,*,#211,.F.);
#211 = EDGE_CURVE('',#212,#214,#216,.T.);
#212 = VERTEX_POINT('',#213);
#213 = CARTESIAN_POINT('',(-2.942649198029,-8.82217611709,7.102516865891
    ));
#214 = VERTEX_POINT('',#215);
#215 = CARTESIAN_POINT('',(-2.942946178867,-8.67782388291,7.102479467571
    ));
#216 = LINE('',#217,#218);
#217 = CARTESIAN_POINT('',(-2.942,-5.5,7.1));
#218 = VECTOR('',#219,1.);
#219 = DIRECTION('',(0.,1.,0.));
#220 = ORIENTED_EDGE('',*,*,#221,.T.);
#221 = EDGE_CURVE('',#212,#143,#222,.T.);
#222 = B_SPLINE_CURVE_WITH_KNOTS('',3,(#223,#224,#225,#226,#227,#228,
    #229,#230,#231,#232,#233,#234,#235,#236,#237,#238,#239,#240,#241,
    #242,#243,#244,#245,#246,#247),.UNSPECIFIED.,.F.,.F.,(4,3,3,3,3,3,3,
    3,4),(-22.94248634166,-22.73429326583,-21.74584573253,
    -20.75739819924,-19.76895066594,-18.78050313264,-17.79205559934,
    -16.80360806605,-16.65930103449),.UNSPECIFIED.);
#223 = CARTESIAN_POINT('',(-2.942649198029,-8.82217611709,7.102516865891
    ));
#224 = CARTESIAN_POINT('',(-2.944476537301,-8.811131131377,
    7.306514414364));
#225 = CARTESIAN_POINT('',(-2.925033050155,-8.800086145665,
    7.510166143987));
#226 = CARTESIAN_POINT('',(-2.883018102102,-8.789041159953,
    7.709049558791));
#227 = CARTESIAN_POINT('',(-2.683541863045,-8.736602389649,8.65329720002
    ));
#228 = CARTESIAN_POINT('',(-1.975280564134,-8.684163619345,
    9.490061885236));
#229 = CARTESIAN_POINT('',(-1.076960929391,-8.631724849042,
    9.842788708354));
#230 = CARTESIAN_POINT('',(-0.178641294647,-8.579286078738,
    10.195515531472));
#231 = CARTESIAN_POINT('',(0.90973667593,-8.526847308434,10.064204492492
    ));
#232 = CARTESIAN_POINT('',(1.698388860056,-8.47440853813,9.507947259766)
  );
#233 = CARTESIAN_POINT('',(2.487041044181,-8.421969767827,8.95169002704)
  );
#234 = CARTESIAN_POINT('',(2.975967441855,-8.369530997523,7.970486600568
    ));
#235 = CARTESIAN_POINT('',(2.945144863929,-8.317092227219,7.005891165689
    ));
#236 = CARTESIAN_POINT('',(2.914322286003,-8.264653456915,6.04129573081)
  );
#237 = CARTESIAN_POINT('',(2.363750732477,-8.212214686612,5.093308287523
    ));
#238 = CARTESIAN_POINT('',(1.541194510072,-8.159775916308,4.588535437395
    ));
#239 = CARTESIAN_POINT('',(0.718638287666,-8.107337146004,4.083762587266
    ));
#240 = CARTESIAN_POINT('',(-0.37590260362,-8.054898375701,4.022204330296
    ));
#241 = CARTESIAN_POINT('',(-1.249870655633,-8.002459605397,
    4.431562629183));
#242 = CARTESIAN_POINT('',(-2.123838707645,-7.950020835093,4.84092092807
    ));
#243 = CARTESIAN_POINT('',(-2.777233920384,-7.897582064789,
    5.721195782813));
#244 = CARTESIAN_POINT('',(-2.916019999091,-7.845143294486,
    6.676252245434));
#245 = CARTESIAN_POINT('',(-2.936281880846,-7.837487568687,6.81568439378
    ));
#246 = CARTESIAN_POINT('',(-2.945575313279,-7.829831842888,
    6.956710447523));
#247 = CARTESIAN_POINT('',(-2.944426568192,-7.82217611709,7.097888305643
    ));
#248 = ORIENTED_EDGE('',*,*,#142,.T.);
#249 = ORIENTED_EDGE('',*,*,#250,.T.);
#250 = EDGE_CURVE('',#145,#214,#251,.T.);
#251 = B_SPLINE_CURVE_WITH_KNOTS('',3,(#252,#253,#254,#255,#256,#257,
    #258,#259,#260,#261,#262,#263,#264,#265,#266,#267,#268,#269,#270,
    #271,#272,#273,#274,#275,#276),.UNSPECIFIED.,.F.,.F.,(4,3,3,3,3,3,3,
    3,4),(13.683671022728,13.83826546616,14.826712999457,15.815160532754
    ,16.803608066051,17.792055599349,18.780503132646,19.768950665943,
    19.966856329907),.UNSPECIFIED.);
#252 = CARTESIAN_POINT('',(-2.944155849368,-7.67782388291,7.097795735542
    ));
#253 = CARTESIAN_POINT('',(-2.945422415116,-7.686025372859,
    6.946517088437));
#254 = CARTESIAN_POINT('',(-2.934749185576,-7.694226862808,
    6.795417518565));
#255 = CARTESIAN_POINT('',(-2.91150739488,-7.702428352757,6.646276618716
    ));
#256 = CARTESIAN_POINT('',(-2.76290379586,-7.754867123061,5.692698008153
    ));
#257 = CARTESIAN_POINT('',(-2.100487246223,-7.807305893365,
    4.819191413096));
#258 = CARTESIAN_POINT('',(-1.222353997294,-7.859744663668,4.41884544597
    ));
#259 = CARTESIAN_POINT('',(-0.344220748364,-7.912183433972,
    4.018499478844));
#260 = CARTESIAN_POINT('',(0.749629199858,-7.964622204276,4.091314139651
    ));
#261 = CARTESIAN_POINT('',(1.566949395175,-8.01706097458,4.604522212194)
  );
#262 = CARTESIAN_POINT('',(2.384269590492,-8.069499744883,5.117730284737
    ));
#263 = CARTESIAN_POINT('',(2.925060032905,-8.121938515187,6.071331769018
    ));
#264 = CARTESIAN_POINT('',(2.945957978993,-8.174377285491,7.03619353201)
  );
#265 = CARTESIAN_POINT('',(2.96685592508,-8.226816055795,8.001055295002)
  );
#266 = CARTESIAN_POINT('',(2.467861374843,-8.279254826098,8.977177336707
    ));
#267 = CARTESIAN_POINT('',(1.67352834778,-8.331693596402,9.525292232601)
  );
#268 = CARTESIAN_POINT('',(0.879195320717,-8.384132366706,
    10.073407128494));
#269 = CARTESIAN_POINT('',(-0.210476183172,-8.43657113701,
    10.193514878577));
#270 = CARTESIAN_POINT('',(-1.105119950293,-8.489009907313,
    9.831565402339));
#271 = CARTESIAN_POINT('',(-1.999763717414,-8.541448677617,
    9.469615926101));
#272 = CARTESIAN_POINT('',(-2.699379747766,-8.593887447921,
    8.625609223541));
#273 = CARTESIAN_POINT('',(-2.889131793759,-8.646326218225,
    7.679359219959));
#274 = CARTESIAN_POINT('',(-2.927123698626,-8.656825439787,
    7.489902289847));
#275 = CARTESIAN_POINT('',(-2.944676420171,-8.667324661348,7.29634667923
    ));
#276 = CARTESIAN_POINT('',(-2.942946178867,-8.67782388291,7.102479467571
    ));
#277 = CYLINDRICAL_SURFACE('',#278,2.942);
#278 = AXIS2_PLACEMENT_3D('',#279,#280,#281);
#279 = CARTESIAN_POINT('',(-2.1E-16,-5.5,7.1));
#280 = DIRECTION('',(0.,-1.,0.));
#281 = DIRECTION('',(1.,0.,0.));
#282 = ADVANCED_FACE('',(#283),#346,.T.);
#283 = FACE_BOUND('',#284,.T.);
#284 = EDGE_LOOP('',(#285,#295,#320,#321));
#285 = ORIENTED_EDGE('',*,*,#286,.F.);
#286 = EDGE_CURVE('',#287,#289,#291,.T.);
#287 = VERTEX_POINT('',#288);
#288 = CARTESIAN_POINT('',(-2.937728361789,-9.82217611709,7.098994078344
    ));
#289 = VERTEX_POINT('',#290);
#290 = CARTESIAN_POINT('',(-2.937631813139,-9.67782388291,7.099143272869
    ));
#291 = LINE('',#292,#293);
#292 = CARTESIAN_POINT('',(-2.942,-5.5,7.1));
#293 = VECTOR('',#294,1.);
#294 = DIRECTION('',(0.,1.,0.));
#295 = ORIENTED_EDGE('',*,*,#296,.T.);
#296 = EDGE_CURVE('',#287,#212,#297,.T.);
#297 = B_SPLINE_CURVE_WITH_KNOTS('',3,(#298,#299,#300,#301,#302,#303,
    #304,#305,#306,#307,#308,#309,#310,#311,#312,#313,#314,#315,#316,
    #317,#318,#319),.UNSPECIFIED.,.F.,.F.,(4,3,3,3,3,3,3,4),(
    -29.22567164884,-28.66497846561,-27.67653093232,-26.68808339902,
    -25.69963586572,-24.71118833242,-23.72274079913,-22.94248634166),
  .UNSPECIFIED.);
#298 = CARTESIAN_POINT('',(-2.937728361789,-9.82217611709,7.098994078344
    ));
#299 = CARTESIAN_POINT('',(-2.936003041685,-9.792430419867,
    7.650727045397));
#300 = CARTESIAN_POINT('',(-2.786592372751,-9.762684722643,
    8.203327246802));
#301 = CARTESIAN_POINT('',(-2.495477086539,-9.73293902542,8.666948954183
    ));
#302 = CARTESIAN_POINT('',(-1.982269158981,-9.680500255117,
    9.484268919449));
#303 = CARTESIAN_POINT('',(-1.028667941515,-9.628061484813,
    10.025059210052));
#304 = CARTESIAN_POINT('',(-6.3806449626E-02,-9.575622714509,
    10.045957150331));
#305 = CARTESIAN_POINT('',(0.901055042263,-9.523183944205,10.06685509061
    ));
#306 = CARTESIAN_POINT('',(1.877176808574,-9.470745173902,9.567860680565
    ));
#307 = CARTESIAN_POINT('',(2.42529155009,-9.418306403598,8.773527876925)
  );
#308 = CARTESIAN_POINT('',(2.973406291607,-9.365867633294,7.979195073285
    ));
#309 = CARTESIAN_POINT('',(3.093514008328,-9.31342886299,6.88952387605)
  );
#310 = CARTESIAN_POINT('',(2.731564634012,-9.260990092687,5.994880360633
    ));
#311 = CARTESIAN_POINT('',(2.369615259696,-9.208551322383,5.100236845217
    ));
#312 = CARTESIAN_POINT('',(1.525608794342,-9.156112552079,4.400621011618
    ));
#313 = CARTESIAN_POINT('',(0.579359056907,-9.103673781775,4.210869018995
    ));
#314 = CARTESIAN_POINT('',(-0.366890680528,-9.051235011472,
    4.021117026373));
#315 = CARTESIAN_POINT('',(-1.415383690044,-8.998796241168,
    4.341228874728));
#316 = CARTESIAN_POINT('',(-2.094284605202,-8.946357470864,
    5.027150097525));
#317 = CARTESIAN_POINT('',(-2.63019111251,-8.904963686273,5.568598250843
    ));
#318 = CARTESIAN_POINT('',(-2.9358007973,-8.863569901681,6.337986173078)
  );
#319 = CARTESIAN_POINT('',(-2.942649198029,-8.82217611709,7.102516865891
    ));
#320 = ORIENTED_EDGE('',*,*,#211,.T.);
#321 = ORIENTED_EDGE('',*,*,#322,.T.);
#322 = EDGE_CURVE('',#214,#289,#323,.T.);
#323 = B_SPLINE_CURVE_WITH_KNOTS('',3,(#324,#325,#326,#327,#328,#329,
    #330,#331,#332,#333,#334,#335,#336,#337,#338,#339,#340,#341,#342,
    #343,#344,#345),.UNSPECIFIED.,.F.,.F.,(4,3,3,3,3,3,3,4),(
    19.966856329907,20.75739819924,21.745845732537,22.734293265834,
    23.722740799131,24.711188332428,25.699635865726,26.250041637087),
  .UNSPECIFIED.);
#324 = CARTESIAN_POINT('',(-2.942946178867,-8.67782388291,7.102479467571
    ));
#325 = CARTESIAN_POINT('',(-2.936034662709,-8.719763431652,
    6.328069352988));
#326 = CARTESIAN_POINT('',(-2.621437618442,-8.761702980394,5.54868722597
    ));
#327 = CARTESIAN_POINT('',(-2.072850485627,-8.803642529136,
    5.005714805596));
#328 = CARTESIAN_POINT('',(-1.386929069868,-8.85608129944,4.32681369942)
  );
#329 = CARTESIAN_POINT('',(-0.335198176716,-8.908520069743,
    4.017504791675));
#330 = CARTESIAN_POINT('',(0.609049730145,-8.960958840047,4.216981086863
    ));
#331 = CARTESIAN_POINT('',(1.553297637006,-9.013397610351,4.416457382051
    ));
#332 = CARTESIAN_POINT('',(2.390062557576,-9.065836380655,5.124718880172
    ));
#333 = CARTESIAN_POINT('',(2.742789479938,-9.118275150958,6.023038767625
    ));
#334 = CARTESIAN_POINT('',(3.095516402299,-9.170713921262,6.921358655079
    ));
#335 = CARTESIAN_POINT('',(2.964205326452,-9.223152691566,8.009736931865
    ));
#336 = CARTESIAN_POINT('',(2.407947937211,-9.27559146187,8.798389337858)
  );
#337 = CARTESIAN_POINT('',(1.851690547969,-9.328030232173,9.58704174385)
  );
#338 = CARTESIAN_POINT('',(0.870486845333,-9.380469002477,
    10.075968279048));
#339 = CARTESIAN_POINT('',(-9.410886085358E-02,-9.432907772781,
    10.045145692452));
#340 = CARTESIAN_POINT('',(-1.05870456704,-9.485346543085,
    10.014323105857));
#341 = CARTESIAN_POINT('',(-2.006692276778,-9.537785313388,
    9.463751397468));
#342 = CARTESIAN_POINT('',(-2.51146526901,-9.590224083692,8.641194943655
    ));
#343 = CARTESIAN_POINT('',(-2.792542371023,-9.619424016765,
    8.183163733906));
#344 = CARTESIAN_POINT('',(-2.936192213075,-9.648623949838,
    7.640798415115));
#345 = CARTESIAN_POINT('',(-2.937631813139,-9.67782388291,7.099143272869
    ));
#346 = CYLINDRICAL_SURFACE('',#347,2.942);
#347 = AXIS2_PLACEMENT_3D('',#348,#349,#350);
#348 = CARTESIAN_POINT('',(-2.1E-16,-5.5,7.1));
#349 = DIRECTION('',(0.,-1.,0.));
#350 = DIRECTION('',(1.,0.,0.));
#351 = ADVANCED_FACE('',(#352),#415,.T.);
#352 = FACE_BOUND('',#353,.T.);
#353 = EDGE_LOOP('',(#354,#364,#389,#390));
#354 = ORIENTED_EDGE('',*,*,#355,.F.);
#355 = EDGE_CURVE('',#356,#358,#360,.T.);
#356 = VERTEX_POINT('',#357);
#357 = CARTESIAN_POINT('',(-2.945946508769,-10.82217611709,
    7.098748299674));
#358 = VERTEX_POINT('',#359);
#359 = CARTESIAN_POINT('',(-2.945766936177,-10.67782388291,
    7.098595187366));
#360 = LINE('',#361,#362);
#361 = CARTESIAN_POINT('',(-2.942,-5.5,7.1));
#362 = VECTOR('',#363,1.);
#363 = DIRECTION('',(0.,1.,0.));
#364 = ORIENTED_EDGE('',*,*,#365,.T.);
#365 = EDGE_CURVE('',#356,#287,#366,.T.);
#366 = B_SPLINE_CURVE_WITH_KNOTS('',3,(#367,#368,#369,#370,#371,#372,
    #373,#374,#375,#376,#377,#378,#379,#380,#381,#382,#383,#384,#385,
    #386,#387,#388),.UNSPECIFIED.,.F.,.F.,(4,3,3,3,3,3,3,4),(
    -35.50885695602,-34.5956636654,-33.6072161321,-32.6187685988,
    -31.6303210655,-30.64187353221,-29.65342599891,-29.22567164884),
  .UNSPECIFIED.);
#367 = CARTESIAN_POINT('',(-2.945946508769,-10.82217611709,
    7.098748299674));
#368 = CARTESIAN_POINT('',(-2.941107303275,-10.77372970835,
    7.990924284907));
#369 = CARTESIAN_POINT('',(-2.506729890836,-10.72528329962,
    8.887180250279));
#370 = CARTESIAN_POINT('',(-1.801057236575,-10.67683689088,
    9.432151764677));
#371 = CARTESIAN_POINT('',(-1.037231657065,-10.62439812058,
    10.022033178231));
#372 = CARTESIAN_POINT('',(4.444522590414E-02,-10.57195935028,
    10.200347400715));
#373 = CARTESIAN_POINT('',(0.957195905052,-10.51952057997,9.886847021286
    ));
#374 = CARTESIAN_POINT('',(1.8699465842,-10.46708180967,9.573346641858)
  );
#375 = CARTESIAN_POINT('',(2.613771059526,-10.41464303936,8.768031660516
    ));
#376 = CARTESIAN_POINT('',(2.853943337469,-10.36220426906,7.833306117956
    ));
#377 = CARTESIAN_POINT('',(3.094115615413,-10.30976549876,6.898580575397
    ));
#378 = CARTESIAN_POINT('',(2.830635695973,-10.25732672845,5.834444471618
    ));
#379 = CARTESIAN_POINT('',(2.182070564145,-10.20488795815,5.119771794464
    ));
#380 = CARTESIAN_POINT('',(1.533505432316,-10.15244918785,4.40509911731)
  );
#381 = CARTESIAN_POINT('',(0.499855088099,-10.10001041754,4.039889866781
    ));
#382 = CARTESIAN_POINT('',(-0.453723256223,-10.04757164724,
    4.188493423651));
#383 = CARTESIAN_POINT('',(-1.407301600544,-9.995132876939,
    4.337096980521));
#384 = CARTESIAN_POINT('',(-2.28080794497,-9.942694106635,4.999513344791
    ));
#385 = CARTESIAN_POINT('',(-2.681153798358,-9.890255336332,5.87764634689
    ));
#386 = CARTESIAN_POINT('',(-2.854404956915,-9.867562263251,
    6.257661672873));
#387 = CARTESIAN_POINT('',(-2.939044613175,-9.84486919017,6.678075501502
    ));
#388 = CARTESIAN_POINT('',(-2.937728361789,-9.82217611709,7.098994078344
    ));
#389 = ORIENTED_EDGE('',*,*,#286,.T.);
#390 = ORIENTED_EDGE('',*,*,#391,.T.);
#391 = EDGE_CURVE('',#289,#358,#392,.T.);
#392 = B_SPLINE_CURVE_WITH_KNOTS('',3,(#393,#394,#395,#396,#397,#398,
    #399,#400,#401,#402,#403,#404,#405,#406,#407,#408,#409,#410,#411,
    #412,#413,#414),.UNSPECIFIED.,.F.,.F.,(4,3,3,3,3,3,3,4),(
    26.250041637087,26.688083399023,27.67653093232,28.664978465617,
    29.653425998914,30.641873532211,31.630321065509,32.533226944266),
  .UNSPECIFIED.);
#393 = CARTESIAN_POINT('',(-2.937631813139,-9.67782388291,7.099143272869
    ));
#394 = CARTESIAN_POINT('',(-2.938777522324,-9.701062720141,6.66806572024
    ));
#395 = CARTESIAN_POINT('',(-2.849849956955,-9.724301557372,
    6.237437979987));
#396 = CARTESIAN_POINT('',(-2.668438121736,-9.747540394603,
    5.850128992733));
#397 = CARTESIAN_POINT('',(-2.259079707503,-9.799979164907,
    4.976160694864));
#398 = CARTESIAN_POINT('',(-1.37880460431,-9.852417935211,4.322765298364
    ));
#399 = CARTESIAN_POINT('',(-0.42374787335,-9.904856705514,4.183979180599
    ));
#400 = CARTESIAN_POINT('',(0.531308857609,-9.957295475818,4.045193062834
    ));
#401 = CARTESIAN_POINT('',(1.561147216336,-10.00973424612,4.421016223804
    ));
#402 = CARTESIAN_POINT('',(2.20232648384,-10.06217301642,5.142323352786)
  );
#403 = CARTESIAN_POINT('',(2.843505751345,-10.11461178672,5.863630481767
    ));
#404 = CARTESIAN_POINT('',(3.096025927627,-10.16705055703,6.930421578761
    ));
#405 = CARTESIAN_POINT('',(2.846250014253,-10.21948932733,7.86262696888)
  );
#406 = CARTESIAN_POINT('',(2.596474100879,-10.27192809764,8.794832358999
    ));
#407 = CARTESIAN_POINT('',(1.844402097848,-10.32436686794,9.592452042244
    ));
#408 = CARTESIAN_POINT('',(0.928475450482,-10.37680563824,9.89654671962)
  );
#409 = CARTESIAN_POINT('',(1.254880311484E-02,-10.42924440855,
    10.200641396997));
#410 = CARTESIAN_POINT('',(-1.067232488589,-10.48168317885,
    10.011211068505));
#411 = CARTESIAN_POINT('',(-1.824951639701,-10.53412194915,
    9.413502123187));
#412 = CARTESIAN_POINT('',(-2.517096698432,-10.58202259374,
    8.867519759599));
#413 = CARTESIAN_POINT('',(-2.940510989571,-10.62992323832,
    7.980867033795));
#414 = CARTESIAN_POINT('',(-2.945766936177,-10.67782388291,
    7.098595187366));
#415 = CYLINDRICAL_SURFACE('',#416,2.942);
#416 = AXIS2_PLACEMENT_3D('',#417,#418,#419);
#417 = CARTESIAN_POINT('',(-2.1E-16,-5.5,7.1));
#418 = DIRECTION('',(0.,-1.,0.));
#419 = DIRECTION('',(1.,0.,0.));
#420 = ADVANCED_FACE('',(#421),#490,.T.);
#421 = FACE_BOUND('',#422,.T.);
#422 = EDGE_LOOP('',(#423,#433,#461,#462));
#423 = ORIENTED_EDGE('',*,*,#424,.F.);
#424 = EDGE_CURVE('',#425,#427,#429,.T.);
#425 = VERTEX_POINT('',#426);
#426 = CARTESIAN_POINT('',(-2.940775926775,-11.82217611709,
    7.102457414338));
#427 = VERTEX_POINT('',#428);
#428 = CARTESIAN_POINT('',(-2.940984498863,-11.67782388291,
    7.102520789655));
#429 = LINE('',#430,#431);
#430 = CARTESIAN_POINT('',(-2.942,-5.5,7.1));
#431 = VECTOR('',#432,1.);
#432 = DIRECTION('',(0.,1.,0.));
#433 = ORIENTED_EDGE('',*,*,#434,.T.);
#434 = EDGE_CURVE('',#425,#356,#435,.T.);
#435 = B_SPLINE_CURVE_WITH_KNOTS('',3,(#436,#437,#438,#439,#440,#441,
    #442,#443,#444,#445,#446,#447,#448,#449,#450,#451,#452,#453,#454,
    #455,#456,#457,#458,#459,#460),.UNSPECIFIED.,.F.,.F.,(4,3,3,3,3,3,3,
    3,4),(-41.7920422632,-41.51479639848,-40.52634886518,-39.53790133188
    ,-38.54945379858,-37.56100626529,-36.57255873199,-35.58411119869,
    -35.50885695602),.UNSPECIFIED.);
#436 = CARTESIAN_POINT('',(-2.940775926775,-11.82217611709,
    7.102457414338));
#437 = CARTESIAN_POINT('',(-2.942897259675,-11.80746776714,
    7.374636594191));
#438 = CARTESIAN_POINT('',(-2.908023013227,-11.7927594172,7.646244858695
    ));
#439 = CARTESIAN_POINT('',(-2.833861313848,-11.77805106726,7.90663038811
    ));
#440 = CARTESIAN_POINT('',(-2.569457194107,-11.72561229696,
    8.834966810761));
#441 = CARTESIAN_POINT('',(-1.805673283276,-11.67317352665,9.62065191127
    ));
#442 = CARTESIAN_POINT('',(-0.885284521815,-11.62073475635,
    9.910503332583));
#443 = CARTESIAN_POINT('',(3.510423964667E-02,-11.56829598605,
    10.200354753895));
#444 = CARTESIAN_POINT('',(1.112097851738,-11.51585721574,9.99437249601)
  );
#445 = CARTESIAN_POINT('',(1.860555322929,-11.46341844544,9.385052638947
    ));
#446 = CARTESIAN_POINT('',(2.60901279412,-11.41097967514,8.775732781884)
  );
#447 = CARTESIAN_POINT('',(3.028934124411,-11.35854090483,7.763075325642
    ));
#448 = CARTESIAN_POINT('',(2.931596255955,-11.30610213453,6.802891464971
    ));
#449 = CARTESIAN_POINT('',(2.834258387499,-11.25366336422,5.842707604301
    ));
#450 = CARTESIAN_POINT('',(2.219661320296,-11.20122459392,4.934997339203
    ));
#451 = CARTESIAN_POINT('',(1.364254470256,-11.14878582362,4.488189310953
    ));
#452 = CARTESIAN_POINT('',(0.508847620215,-11.09634705331,4.041381282703
    ));
#453 = CARTESIAN_POINT('',(-0.587369012663,-11.04390828301,
    4.055475491303));
#454 = CARTESIAN_POINT('',(-1.431018282876,-10.99146951271,
    4.524156502598));
#455 = CARTESIAN_POINT('',(-2.27466755309,-10.9390307424,4.992837513893)
  );
#456 = CARTESIAN_POINT('',(-2.865749460638,-10.8865919721,5.916105327883
    ));
#457 = CARTESIAN_POINT('',(-2.938303276387,-10.83415320179,
    6.878463537191));
#458 = CARTESIAN_POINT('',(-2.943827072312,-10.83016084022,
    6.951731501122));
#459 = CARTESIAN_POINT('',(-2.946345297008,-10.82616847865,
    7.025226046735));
#460 = CARTESIAN_POINT('',(-2.945946508769,-10.82217611709,
    7.098748299674));
#461 = ORIENTED_EDGE('',*,*,#355,.T.);
#462 = ORIENTED_EDGE('',*,*,#463,.T.);
#463 = EDGE_CURVE('',#358,#427,#464,.T.);
#464 = B_SPLINE_CURVE_WITH_KNOTS('',3,(#465,#466,#467,#468,#469,#470,
    #471,#472,#473,#474,#475,#476,#477,#478,#479,#480,#481,#482,#483,
    #484,#485,#486,#487,#488,#489),.UNSPECIFIED.,.F.,.F.,(4,3,3,3,3,3,3,
    3,4),(32.533226944266,32.618768598806,33.607216132103,34.5956636654,
    35.584111198697,36.572558731994,37.561006265291,38.549453798589,
    38.816412251446),.UNSPECIFIED.);
#465 = CARTESIAN_POINT('',(-2.945766936177,-10.67782388291,
    7.098595187366));
#466 = CARTESIAN_POINT('',(-2.946264886605,-10.68236200863,
    7.015008409084));
#467 = CARTESIAN_POINT('',(-2.943009555876,-10.68690013435,
    6.931460952442));
#468 = CARTESIAN_POINT('',(-2.935873875973,-10.69143826007,6.84824623702
    ));
#469 = CARTESIAN_POINT('',(-2.853419950612,-10.74387703037,
    5.886686858313));
#470 = CARTESIAN_POINT('',(-2.252855089369,-10.79631580067,
    4.969555663041));
#471 = CARTESIAN_POINT('',(-1.404436410485,-10.84875457098,
    4.509574642906));
#472 = CARTESIAN_POINT('',(-0.5560177316,-10.90119334128,4.049593622772)
  );
#473 = CARTESIAN_POINT('',(0.540254764926,-10.95363211158,4.046762777775
    ));
#474 = CARTESIAN_POINT('',(1.391034959228,-11.00607088189,4.502353840877
    ));
#475 = CARTESIAN_POINT('',(2.24181515353,-11.05850965219,4.957944903979)
  );
#476 = CARTESIAN_POINT('',(2.847103045607,-11.1109484225,5.87195787518)
  );
#477 = CARTESIAN_POINT('',(2.934529453143,-11.1633871928,6.833079370518)
  );
#478 = CARTESIAN_POINT('',(3.021955860679,-11.2158259631,7.794200865855)
  );
#479 = CARTESIAN_POINT('',(2.591520783673,-11.26826473341,8.802430885329
    ));
#480 = CARTESIAN_POINT('',(1.836890245986,-11.32070350371,9.404044672939
    ));
#481 = CARTESIAN_POINT('',(1.082259708299,-11.37314227401,
    10.005658460549));
#482 = CARTESIAN_POINT('',(3.433709929668E-03,-11.42558104432,
    10.200656016296));
#483 = CARTESIAN_POINT('',(-0.914033529232,-11.47801981462,
    9.901301937965));
#484 = CARTESIAN_POINT('',(-1.831500768393,-11.53045858493,
    9.601947859633));
#485 = CARTESIAN_POINT('',(-2.587609248346,-11.58289735523,
    8.808242147224));
#486 = CARTESIAN_POINT('',(-2.842233690063,-11.63533612553,
    7.877331499763));
#487 = CARTESIAN_POINT('',(-2.911002283975,-11.64949871132,
    7.625912524226));
#488 = CARTESIAN_POINT('',(-2.943191423448,-11.66366129712,7.36448549003
    ));
#489 = CARTESIAN_POINT('',(-2.940984498863,-11.67782388291,
    7.102520789655));
#490 = CYLINDRICAL_SURFACE('',#491,2.942);
#491 = AXIS2_PLACEMENT_3D('',#492,#493,#494);
#492 = CARTESIAN_POINT('',(-2.1E-16,-5.5,7.1));
#493 = DIRECTION('',(0.,-1.,0.));
#494 = DIRECTION('',(1.,0.,0.));
#495 = ADVANCED_FACE('',(#496),#524,.T.);
#496 = FACE_BOUND('',#497,.T.);
#497 = EDGE_LOOP('',(#498,#508,#517));
#498 = ORIENTED_EDGE('',*,*,#499,.F.);
#499 = EDGE_CURVE('',#500,#502,#504,.T.);
#500 = VERTEX_POINT('',#501);
#501 = CARTESIAN_POINT('',(-2.370763189779,-12.15141010809,
    7.101981091929));
#502 = VERTEX_POINT('',#503);
#503 = CARTESIAN_POINT('',(-2.37175,-12.25,7.1));
#504 = LINE('',#505,#506);
#505 = CARTESIAN_POINT('',(-2.37175,-3.651410108095,7.1));
#506 = VECTOR('',#507,1.);
#507 = DIRECTION('',(0.,-1.,0.));
#508 = ORIENTED_EDGE('',*,*,#509,.T.);
#509 = EDGE_CURVE('',#500,#510,#512,.T.);
#510 = VERTEX_POINT('',#511);
#511 = CARTESIAN_POINT('',(-1.9331834384,-12.25,5.720152771266));
#512 = B_SPLINE_CURVE_WITH_KNOTS('',3,(#513,#514,#515,#516),
  .UNSPECIFIED.,.F.,.F.,(4,4),(53.407075111027,54.02653367128),
  .PIECEWISE_BEZIER_KNOTS.);
#513 = CARTESIAN_POINT('',(-2.370763189779,-12.15141010809,
    7.101981091929));
#514 = CARTESIAN_POINT('',(-2.36694214392,-12.18427340539,6.611718989128
    ));
#515 = CARTESIAN_POINT('',(-2.214229415768,-12.21713670269,
    6.119159191624));
#516 = CARTESIAN_POINT('',(-1.933234077701,-12.25,5.720085396092));
#517 = ORIENTED_EDGE('',*,*,#518,.F.);
#518 = EDGE_CURVE('',#502,#510,#519,.T.);
#519 = CIRCLE('',#520,2.37175);
#520 = AXIS2_PLACEMENT_3D('',#521,#522,#523);
#521 = CARTESIAN_POINT('',(-2.1E-16,-12.25,7.1));
#522 = DIRECTION('',(0.,-1.,0.));
#523 = DIRECTION('',(1.,0.,2.247E-14));
#524 = CYLINDRICAL_SURFACE('',#525,2.37175);
#525 = AXIS2_PLACEMENT_3D('',#526,#527,#528);
#526 = CARTESIAN_POINT('',(-2.1E-16,-3.651410108095,7.1));
#527 = DIRECTION('',(0.,-1.,0.));
#528 = DIRECTION('',(-0.952473399792,-0.,-0.304621769886));
#529 = ADVANCED_FACE('',(#530),#578,.T.);
#530 = FACE_BOUND('',#531,.T.);
#531 = EDGE_LOOP('',(#532,#542,#556,#557,#566));
#532 = ORIENTED_EDGE('',*,*,#533,.F.);
#533 = EDGE_CURVE('',#534,#536,#538,.T.);
#534 = VERTEX_POINT('',#535);
#535 = CARTESIAN_POINT('',(-2.374931554103,-11.15141010809,
    7.098990917659));
#536 = VERTEX_POINT('',#537);
#537 = CARTESIAN_POINT('',(-2.370931334187,-11.3485898919,7.102032183163
    ));
#538 = LINE('',#539,#540);
#539 = CARTESIAN_POINT('',(-2.37175,-3.651410108095,7.1));
#540 = VECTOR('',#541,1.);
#541 = DIRECTION('',(0.,-1.,0.));
#542 = ORIENTED_EDGE('',*,*,#543,.T.);
#543 = EDGE_CURVE('',#534,#500,#544,.T.);
#544 = B_SPLINE_CURVE_WITH_KNOTS('',3,(#545,#546,#547,#548,#549,#550,
    #551,#552,#553,#554,#555),.UNSPECIFIED.,.F.,.F.,(4,1,1,1,1,1,1,1,4),
  (47.123889803847,47.199144046515,48.187591579812,49.17603911311,
    50.164486646407,51.152934179704,52.141381713001,53.129829246298,
    53.407075111027),.UNSPECIFIED.);
#545 = CARTESIAN_POINT('',(-2.374931554103,-11.15141010809,
    7.098990917659));
#546 = CARTESIAN_POINT('',(-2.375253044928,-11.15540246966,
    7.039719536487));
#547 = CARTESIAN_POINT('',(-2.346557821254,-11.21183360153,
    6.202247634652));
#548 = CARTESIAN_POINT('',(-1.357255015232,-11.32070350371,
    4.656960209294));
#549 = CARTESIAN_POINT('',(1.293953481399,-11.47801981462,4.622873255611
    ));
#550 = CARTESIAN_POINT('',(2.780361293232,-11.63533612553,6.818177628059
    ));
#551 = CARTESIAN_POINT('',(1.764778273058,-11.79265243644,9.267297602745
    ));
#552 = CARTESIAN_POINT('',(-0.839939197517,-11.94996874736,
    9.765467303769));
#553 = CARTESIAN_POINT('',(-2.244123745761,-12.0695546379,8.321018340816
    ));
#554 = CARTESIAN_POINT('',(-2.372473343179,-12.13670175815,
    7.321403583369));
#555 = CARTESIAN_POINT('',(-2.370763189779,-12.15141010809,
    7.101981091929));
#556 = ORIENTED_EDGE('',*,*,#499,.T.);
#557 = ORIENTED_EDGE('',*,*,#558,.F.);
#558 = EDGE_CURVE('',#559,#502,#561,.T.);
#559 = VERTEX_POINT('',#560);
#560 = CARTESIAN_POINT('',(-1.931062088558,-12.25,8.477024790131));
#561 = CIRCLE('',#562,2.37175);
#562 = AXIS2_PLACEMENT_3D('',#563,#564,#565);
#563 = CARTESIAN_POINT('',(-2.1E-16,-12.25,7.1));
#564 = DIRECTION('',(0.,-1.,0.));
#565 = DIRECTION('',(1.,0.,2.247E-14));
#566 = ORIENTED_EDGE('',*,*,#567,.F.);
#567 = EDGE_CURVE('',#536,#559,#568,.T.);
#568 = B_SPLINE_CURVE_WITH_KNOTS('',3,(#569,#570,#571,#572,#573,#574,
    #575,#576,#577),.UNSPECIFIED.,.F.,.F.,(4,1,1,1,1,1,4),(
    47.123889803847,47.845378884287,48.833826417584,49.822273950881,
    50.810721484178,51.799169017475,52.787616550772),.UNSPECIFIED.);
#569 = CARTESIAN_POINT('',(-2.370931334187,-11.3485898919,7.102032183163
    ));
#570 = CARTESIAN_POINT('',(-2.366122942703,-11.38686607641,
    6.531270117636));
#571 = CARTESIAN_POINT('',(-1.874709129189,-11.47758103123,
    5.171054637927));
#572 = CARTESIAN_POINT('',(0.388056122241,-11.62073475635,4.332397242053
    ));
#573 = CARTESIAN_POINT('',(2.523812762956,-11.77805106726,5.901308349161
    ));
#574 = CARTESIAN_POINT('',(2.391225782089,-11.93536737817,8.549798998209
    ));
#575 = CARTESIAN_POINT('',(0.100085962704,-12.09268368908,9.892041438487
    ));
#576 = CARTESIAN_POINT('',(-1.47735650286,-12.19756122969,9.113275976157
    ));
#577 = CARTESIAN_POINT('',(-1.931062088558,-12.25,8.477024790131));
#578 = CYLINDRICAL_SURFACE('',#579,2.37175);
#579 = AXIS2_PLACEMENT_3D('',#580,#581,#582);
#580 = CARTESIAN_POINT('',(-2.1E-16,-3.651410108095,7.1));
#581 = DIRECTION('',(0.,-1.,0.));
#582 = DIRECTION('',(1.,0.,2.247E-14));
#583 = ADVANCED_FACE('',(#584),#624,.T.);
#584 = FACE_BOUND('',#585,.T.);
#585 = EDGE_LOOP('',(#586,#596,#609,#610));
#586 = ORIENTED_EDGE('',*,*,#587,.F.);
#587 = EDGE_CURVE('',#588,#590,#592,.T.);
#588 = VERTEX_POINT('',#589);
#589 = CARTESIAN_POINT('',(-2.368306336531,-10.15141010809,7.09918905687
    ));
#590 = VERTEX_POINT('',#591);
#591 = CARTESIAN_POINT('',(-2.374786788198,-10.3485898919,7.09886748322)
  );
#592 = LINE('',#593,#594);
#593 = CARTESIAN_POINT('',(-2.37175,-3.651410108095,7.1));
#594 = VECTOR('',#595,1.);
#595 = DIRECTION('',(0.,-1.,0.));
#596 = ORIENTED_EDGE('',*,*,#597,.T.);
#597 = EDGE_CURVE('',#588,#534,#598,.T.);
#598 = B_SPLINE_CURVE_WITH_KNOTS('',3,(#599,#600,#601,#602,#603,#604,
    #605,#606,#607,#608),.UNSPECIFIED.,.F.,.F.,(4,1,1,1,1,1,1,4),(
    40.840704496667,41.268458846732,42.25690638003,43.245353913327,
    44.233801446624,45.222248979921,46.210696513218,47.123889803847),
  .UNSPECIFIED.);
#599 = CARTESIAN_POINT('',(-2.368306336531,-10.15141010809,7.09918905687
    ));
#600 = CARTESIAN_POINT('',(-2.369367457953,-10.17410318117,
    6.759857433952));
#601 = CARTESIAN_POINT('',(-2.143459846066,-10.24923502456,
    5.637751222433));
#602 = CARTESIAN_POINT('',(-0.430329333345,-10.37680563824,
    4.338612763969));
#603 = CARTESIAN_POINT('',(2.069562105028,-10.53412194915,5.22187419151)
  );
#604 = CARTESIAN_POINT('',(2.706790350029,-10.69143826007,7.795495677714
    ));
#605 = CARTESIAN_POINT('',(0.907845041373,-10.84875457098,9.743156255888
    ));
#606 = CARTESIAN_POINT('',(-1.641809187558,-11.00207852032,
    9.322846255191));
#607 = CARTESIAN_POINT('',(-2.371030335331,-11.10296369936,
    7.818235782708));
#608 = CARTESIAN_POINT('',(-2.374931554103,-11.15141010809,
    7.098990917659));
#609 = ORIENTED_EDGE('',*,*,#533,.T.);
#610 = ORIENTED_EDGE('',*,*,#611,.F.);
#611 = EDGE_CURVE('',#590,#536,#612,.T.);
#612 = B_SPLINE_CURVE_WITH_KNOTS('',3,(#613,#614,#615,#616,#617,#618,
    #619,#620,#621,#622,#623),.UNSPECIFIED.,.F.,.F.,(4,1,1,1,1,1,1,1,4),
  (40.840704496667,40.926246151207,41.914693684504,42.903141217801,
    43.891588751098,44.880036284395,45.868483817692,46.85693135099,
    47.123889803847),.UNSPECIFIED.);
#613 = CARTESIAN_POINT('',(-2.374786788198,-10.3485898919,7.09886748322)
  );
#614 = CARTESIAN_POINT('',(-2.375188220532,-10.35312801762,
    7.031482390974));
#615 = CARTESIAN_POINT('',(-2.34223911557,-10.41010491364,6.185849751109
    ));
#616 = CARTESIAN_POINT('',(-1.332025611339,-10.51952057997,
    4.643138249976));
#617 = CARTESIAN_POINT('',(1.319317991961,-10.67683689088,4.63629182922)
  );
#618 = CARTESIAN_POINT('',(2.783211490977,-10.83415320179,6.846839345651
    ));
#619 = CARTESIAN_POINT('',(1.742200892178,-10.99146951271,9.2852515299)
  );
#620 = CARTESIAN_POINT('',(-0.866948218935,-11.14878582362,
    9.756854642928));
#621 = CARTESIAN_POINT('',(-2.250677815469,-11.26782595002,
    8.304319571152));
#622 = CARTESIAN_POINT('',(-2.372710488974,-11.33442730611,
    7.313220075112));
#623 = CARTESIAN_POINT('',(-2.370931334187,-11.3485898919,7.102032183163
    ));
#624 = CYLINDRICAL_SURFACE('',#625,2.37175);
#625 = AXIS2_PLACEMENT_3D('',#626,#627,#628);
#626 = CARTESIAN_POINT('',(-2.1E-16,-3.651410108095,7.1));
#627 = DIRECTION('',(0.,-1.,0.));
#628 = DIRECTION('',(1.,0.,2.247E-14));
#629 = ADVANCED_FACE('',(#630),#669,.T.);
#630 = FACE_BOUND('',#631,.T.);
#631 = EDGE_LOOP('',(#632,#642,#655,#656));
#632 = ORIENTED_EDGE('',*,*,#633,.F.);
#633 = EDGE_CURVE('',#634,#636,#638,.T.);
#634 = VERTEX_POINT('',#635);
#635 = CARTESIAN_POINT('',(-2.372273363503,-9.151410108095,
    7.102029019945));
#636 = VERTEX_POINT('',#637);
#637 = CARTESIAN_POINT('',(-2.368228501975,-9.348589891905,
    7.099309332912));
#638 = LINE('',#639,#640);
#639 = CARTESIAN_POINT('',(-2.37175,-3.651410108095,7.1));
#640 = VECTOR('',#641,1.);
#641 = DIRECTION('',(0.,-1.,0.));
#642 = ORIENTED_EDGE('',*,*,#643,.T.);
#643 = EDGE_CURVE('',#634,#588,#644,.T.);
#644 = B_SPLINE_CURVE_WITH_KNOTS('',3,(#645,#646,#647,#648,#649,#650,
    #651,#652,#653,#654),.UNSPECIFIED.,.F.,.F.,(4,1,1,1,1,1,1,4),(
    34.557519189488,35.33777364695,36.326221180247,37.314668713544,
    38.303116246841,39.291563780138,40.280011313435,40.840704496667),
  .UNSPECIFIED.);
#645 = CARTESIAN_POINT('',(-2.372273363503,-9.151410108095,
    7.102029019945));
#646 = CARTESIAN_POINT('',(-2.366752393269,-9.192803892687,
    6.485687867436));
#647 = CARTESIAN_POINT('',(-1.808267075789,-9.286636447582,
    5.079672680747));
#648 = CARTESIAN_POINT('',(0.549486853766,-9.432907772781,4.35983481678)
  );
#649 = CARTESIAN_POINT('',(2.590723088506,-9.590224083692,6.051861179803
    ));
#650 = CARTESIAN_POINT('',(2.300241636637,-9.747540394603,8.687239489159
    ));
#651 = CARTESIAN_POINT('',(-6.051648632303E-02,-9.904856705514,
    9.894061370897));
#652 = CARTESIAN_POINT('',(-2.034123002769,-10.03947994334,
    8.774822823361));
#653 = CARTESIAN_POINT('',(-2.366915436478,-10.12166441087,7.54397922159
    ));
#654 = CARTESIAN_POINT('',(-2.368306336531,-10.15141010809,7.09918905687
    ));
#655 = ORIENTED_EDGE('',*,*,#587,.T.);
#656 = ORIENTED_EDGE('',*,*,#657,.F.);
#657 = EDGE_CURVE('',#636,#590,#658,.T.);
#658 = B_SPLINE_CURVE_WITH_KNOTS('',3,(#659,#660,#661,#662,#663,#664,
    #665,#666,#667,#668),.UNSPECIFIED.,.F.,.F.,(4,1,1,1,1,1,1,4),(
    34.557519189488,34.995560951424,35.984008484721,36.972456018018,
    37.960903551315,38.949351084612,39.93779861791,40.840704496667),
  .UNSPECIFIED.);
#659 = CARTESIAN_POINT('',(-2.368228501975,-9.348589891905,
    7.099309332912));
#660 = CARTESIAN_POINT('',(-2.369152137516,-9.371828729136,
    6.751787855873));
#661 = CARTESIAN_POINT('',(-2.135690437763,-9.447506336671,
    5.621260063022));
#662 = CARTESIAN_POINT('',(-0.401899165287,-9.575622714509,
    4.334331429214));
#663 = CARTESIAN_POINT('',(2.088772956375,-9.73293902542,5.243262682134)
  );
#664 = CARTESIAN_POINT('',(2.699494976868,-9.890255336332,7.823305290183
    ));
#665 = CARTESIAN_POINT('',(0.880602957983,-10.04757164724,9.752354729751
    ));
#666 = CARTESIAN_POINT('',(-1.655523398613,-10.20034983243,
    9.307431991676));
#667 = CARTESIAN_POINT('',(-2.370549605545,-10.30068924732,
    7.810127935895));
#668 = CARTESIAN_POINT('',(-2.374786788198,-10.3485898919,7.09886748322)
  );
#669 = CYLINDRICAL_SURFACE('',#670,2.37175);
#670 = AXIS2_PLACEMENT_3D('',#671,#672,#673);
#671 = CARTESIAN_POINT('',(-2.1E-16,-3.651410108095,7.1));
#672 = DIRECTION('',(0.,-1.,0.));
#673 = DIRECTION('',(1.,0.,2.247E-14));
#674 = ADVANCED_FACE('',(#675),#715,.T.);
#675 = FACE_BOUND('',#676,.T.);
#676 = EDGE_LOOP('',(#677,#687,#701,#702));
#677 = ORIENTED_EDGE('',*,*,#678,.F.);
#678 = EDGE_CURVE('',#679,#681,#683,.T.);
#679 = VERTEX_POINT('',#680);
#680 = CARTESIAN_POINT('',(-2.373706224715,-8.151410108095,
    7.098297616896));
#681 = VERTEX_POINT('',#682);
#682 = CARTESIAN_POINT('',(-2.372512780329,-8.348589891905,
    7.101998870568));
#683 = LINE('',#684,#685);
#684 = CARTESIAN_POINT('',(-2.37175,-3.651410108095,7.1));
#685 = VECTOR('',#686,1.);
#686 = DIRECTION('',(0.,-1.,0.));
#687 = ORIENTED_EDGE('',*,*,#688,.T.);
#688 = EDGE_CURVE('',#679,#634,#689,.T.);
#689 = B_SPLINE_CURVE_WITH_KNOTS('',3,(#690,#691,#692,#693,#694,#695,
    #696,#697,#698,#699,#700),.UNSPECIFIED.,.F.,.F.,(4,1,1,1,1,1,1,1,4),
  (28.274333882308,28.41864091387,29.407088447167,30.395535980464,
    31.383983513761,32.372431047058,33.360878580355,34.349326113653,
    34.557519189488),.UNSPECIFIED.);
#690 = CARTESIAN_POINT('',(-2.373706224715,-8.151410108095,
    7.098297616896));
#691 = CARTESIAN_POINT('',(-2.374632307706,-8.159065833894,
    6.984484365708));
#692 = CARTESIAN_POINT('',(-2.315822370664,-8.219160329996,
    6.092054856901));
#693 = CARTESIAN_POINT('',(-1.185426362693,-8.331693596402,
    4.569149328488));
#694 = CARTESIAN_POINT('',(1.461729339796,-8.489009907313,4.718028454221
    ));
#695 = CARTESIAN_POINT('',(2.793290946262,-8.646326218225,7.010743496996
    ));
#696 = CARTESIAN_POINT('',(1.610818631153,-8.803642529136,9.383791654781
    ));
#697 = CARTESIAN_POINT('',(-1.02143199942,-8.960958840047,9.70136842912)
  );
#698 = CARTESIAN_POINT('',(-2.283652096598,-9.076881366367,
    8.210137432999));
#699 = CARTESIAN_POINT('',(-2.373746508275,-9.140365122383,7.26648557521
    ));
#700 = CARTESIAN_POINT('',(-2.372273363503,-9.151410108095,
    7.102029019945));
#701 = ORIENTED_EDGE('',*,*,#633,.T.);
#702 = ORIENTED_EDGE('',*,*,#703,.F.);
#703 = EDGE_CURVE('',#681,#636,#704,.T.);
#704 = B_SPLINE_CURVE_WITH_KNOTS('',3,(#705,#706,#707,#708,#709,#710,
    #711,#712,#713,#714),.UNSPECIFIED.,.F.,.F.,(4,1,1,1,1,1,1,4),(
    28.274333882308,29.064875751641,30.053323284938,31.041770818235,
    32.030218351532,33.01866588483,34.007113418127,34.557519189488),
  .UNSPECIFIED.);
#705 = CARTESIAN_POINT('',(-2.372512780329,-8.348589891905,
    7.101998870568));
#706 = CARTESIAN_POINT('',(-2.366940928375,-8.390529440647,
    6.477693231798));
#707 = CARTESIAN_POINT('',(-1.796212686712,-8.484907759692,
    5.063772157068));
#708 = CARTESIAN_POINT('',(0.577646658806,-8.631724849042,4.365631742934
    ));
#709 = CARTESIAN_POINT('',(2.601369160874,-8.789041159953,6.078567713193
    ));
#710 = CARTESIAN_POINT('',(2.283792297374,-8.946357470864,8.710819084337
    ));
#711 = CARTESIAN_POINT('',(-8.925652831686E-02,-9.103673781775,
    9.893291732049));
#712 = CARTESIAN_POINT('',(-2.043291208032,-9.237751255456,
    8.758428694468));
#713 = CARTESIAN_POINT('',(-2.367067940639,-9.319389958832,
    7.535975064939));
#714 = CARTESIAN_POINT('',(-2.368228501975,-9.348589891905,
    7.099309332912));
#715 = CYLINDRICAL_SURFACE('',#716,2.37175);
#716 = AXIS2_PLACEMENT_3D('',#717,#718,#719);
#717 = CARTESIAN_POINT('',(-2.1E-16,-3.651410108095,7.1));
#718 = DIRECTION('',(0.,-1.,0.));
#719 = DIRECTION('',(1.,0.,2.247E-14));
#720 = ADVANCED_FACE('',(#721),#761,.T.);
#721 = FACE_BOUND('',#722,.T.);
#722 = EDGE_LOOP('',(#723,#733,#746,#747));
#723 = ORIENTED_EDGE('',*,*,#724,.F.);
#724 = EDGE_CURVE('',#725,#727,#729,.T.);
#725 = VERTEX_POINT('',#726);
#726 = CARTESIAN_POINT('',(-2.368029356395,-7.151410108095,
    7.100034049101));
#727 = VERTEX_POINT('',#728);
#728 = CARTESIAN_POINT('',(-2.373487979517,-7.348589891905,
    7.098222989725));
#729 = LINE('',#730,#731);
#730 = CARTESIAN_POINT('',(-2.37175,-3.651410108095,7.1));
#731 = VECTOR('',#732,1.);
#732 = DIRECTION('',(0.,-1.,0.));
#733 = ORIENTED_EDGE('',*,*,#734,.T.);
#734 = EDGE_CURVE('',#725,#679,#735,.T.);
#735 = B_SPLINE_CURVE_WITH_KNOTS('',3,(#736,#737,#738,#739,#740,#741,
    #742,#743,#744,#745),.UNSPECIFIED.,.F.,.F.,(4,1,1,1,1,1,1,4),(
    21.991148575128,22.487955714087,23.476403247384,24.464850780681,
    25.453298313978,26.441745847275,27.430193380573,28.274333882308),
  .UNSPECIFIED.);
#736 = CARTESIAN_POINT('',(-2.368029356395,-7.151410108095,
    7.100034049101));
#737 = CARTESIAN_POINT('',(-2.367980734987,-7.177766545405,
    6.705807521676));
#738 = CARTESIAN_POINT('',(-2.089112040819,-7.256561753018,
    5.527161703983));
#739 = CARTESIAN_POINT('',(-0.238772717166,-7.387795730935,
    4.315504385662));
#740 = CARTESIAN_POINT('',(2.194215381879,-7.545112041846,5.369143935213
    ));
#741 = CARTESIAN_POINT('',(2.652353983807,-7.702428352757,7.98060271805)
  );
#742 = CARTESIAN_POINT('',(0.72330508653,-7.859744663668,9.799494213171)
  );
#743 = CARTESIAN_POINT('',(-1.731180245785,-8.009405248781,
    9.218492868189));
#744 = CARTESIAN_POINT('',(-2.368288996238,-8.10662706359,7.764061259339
    ));
#745 = CARTESIAN_POINT('',(-2.373706224715,-8.151410108095,
    7.098297616896));
#746 = ORIENTED_EDGE('',*,*,#678,.T.);
#747 = ORIENTED_EDGE('',*,*,#748,.F.);
#748 = EDGE_CURVE('',#727,#681,#749,.T.);
#749 = B_SPLINE_CURVE_WITH_KNOTS('',3,(#750,#751,#752,#753,#754,#755,
    #756,#757,#758,#759,#760),.UNSPECIFIED.,.F.,.F.,(4,1,1,1,1,1,1,1,4),
  (21.991148575128,22.145743018561,23.134190551858,24.122638085155,
    25.111085618452,26.09953315175,27.087980685047,28.076428218344,
    28.274333882308),.UNSPECIFIED.);
#750 = CARTESIAN_POINT('',(-2.373487979517,-7.348589891905,
    7.098222989725));
#751 = CARTESIAN_POINT('',(-2.374509045904,-7.356791381854,
    6.976266792828));
#752 = CARTESIAN_POINT('',(-2.310889525642,-7.417431642107,
    6.075613236059));
#753 = CARTESIAN_POINT('',(-1.15932840742,-7.530510672663,4.557088024195
    ));
#754 = CARTESIAN_POINT('',(1.486156243868,-7.687826983574,4.733190850606
    ));
#755 = CARTESIAN_POINT('',(2.79406215664,-7.845143294486,7.039483495414)
  );
#756 = CARTESIAN_POINT('',(1.587239935846,-8.002459605397,9.400242284415
    ));
#757 = CARTESIAN_POINT('',(-1.048139115155,-8.159775916308,
    9.690723816969));
#758 = CARTESIAN_POINT('',(-2.289082136526,-8.275152678477,
    8.193668029093));
#759 = CARTESIAN_POINT('',(-2.373907647702,-8.338090670343,
    7.258288659573));
#760 = CARTESIAN_POINT('',(-2.372512780329,-8.348589891905,
    7.101998870568));
#761 = CYLINDRICAL_SURFACE('',#762,2.37175);
#762 = AXIS2_PLACEMENT_3D('',#763,#764,#765);
#763 = CARTESIAN_POINT('',(-2.1E-16,-3.651410108095,7.1));
#764 = DIRECTION('',(0.,-1.,0.));
#765 = DIRECTION('',(1.,0.,2.247E-14));
#766 = ADVANCED_FACE('',(#767),#806,.T.);
#767 = FACE_BOUND('',#768,.T.);
#768 = EDGE_LOOP('',(#769,#779,#792,#793));
#769 = ORIENTED_EDGE('',*,*,#770,.F.);
#770 = EDGE_CURVE('',#771,#773,#775,.T.);
#771 = VERTEX_POINT('',#772);
#772 = CARTESIAN_POINT('',(-2.373780414354,-6.151410108095,
    7.101805430627));
#773 = VERTEX_POINT('',#774);
#774 = CARTESIAN_POINT('',(-2.368035458219,-6.348589891905,
    7.100173105918));
#775 = LINE('',#776,#777);
#776 = CARTESIAN_POINT('',(-2.37175,-3.651410108095,7.1));
#777 = VECTOR('',#778,1.);
#778 = DIRECTION('',(0.,-1.,0.));
#779 = ORIENTED_EDGE('',*,*,#780,.T.);
#780 = EDGE_CURVE('',#771,#725,#781,.T.);
#781 = B_SPLINE_CURVE_WITH_KNOTS('',3,(#782,#783,#784,#785,#786,#787,
    #788,#789,#790,#791),.UNSPECIFIED.,.F.,.F.,(4,1,1,1,1,1,1,4),(
    15.707963267949,16.557270514304,17.545718047601,18.534165580898,
    19.522613114195,20.511060647493,21.49950818079,21.991148575128),
  .UNSPECIFIED.);
#782 = CARTESIAN_POINT('',(-2.373780414354,-6.151410108095,
    7.101805430627));
#783 = CARTESIAN_POINT('',(-2.368415907327,-6.196467256915,
    6.432066077571));
#784 = CARTESIAN_POINT('',(-1.724762447715,-6.29396317604,4.973414731317
    ));
#785 = CARTESIAN_POINT('',(0.737270823474,-6.443897865467,4.404399046023
    ));
#786 = CARTESIAN_POINT('',(2.656853956412,-6.601214176379,6.23305157357)
  );
#787 = CARTESIAN_POINT('',(2.185250889938,-6.75853048729,8.842200661053)
  );
#788 = CARTESIAN_POINT('',(-0.253160573325,-6.915846798201,
    9.883210560957));
#789 = CARTESIAN_POINT('',(-2.093357193473,-7.046806671803,8.66457517306
    ));
#790 = CARTESIAN_POINT('',(-2.368077472145,-7.125327775101,7.49016066002
    ));
#791 = CARTESIAN_POINT('',(-2.368029356395,-7.151410108095,
    7.100034049101));
#792 = ORIENTED_EDGE('',*,*,#724,.T.);
#793 = ORIENTED_EDGE('',*,*,#794,.F.);
#794 = EDGE_CURVE('',#773,#727,#795,.T.);
#795 = B_SPLINE_CURVE_WITH_KNOTS('',3,(#796,#797,#798,#799,#800,#801,
    #802,#803,#804,#805),.UNSPECIFIED.,.F.,.F.,(4,1,1,1,1,1,1,4),(
    15.707963267949,16.215057818778,17.203505352075,18.191952885373,
    19.18040041867,20.168847951967,21.157295485264,21.991148575128),
  .UNSPECIFIED.);
#796 = CARTESIAN_POINT('',(-2.368035458219,-6.348589891905,
    7.100173105918));
#797 = CARTESIAN_POINT('',(-2.367789992584,-6.375492093365,
    6.697781897725));
#798 = CARTESIAN_POINT('',(-2.080577111986,-6.454833065128,
    5.510693459952));
#799 = CARTESIAN_POINT('',(-0.210109438367,-6.586612807196,
    4.313207839769));
#800 = CARTESIAN_POINT('',(2.211902547344,-6.743929118107,5.391800645202
    ));
#801 = CARTESIAN_POINT('',(2.643156992729,-6.901245429018,8.00784525101)
  );
#802 = CARTESIAN_POINT('',(0.695495877576,-7.058561739929,9.806791136842
    ));
#803 = CARTESIAN_POINT('',(-1.743953750277,-7.207676560892,
    9.202783785632));
#804 = CARTESIAN_POINT('',(-2.367980541196,-7.30435261155,7.756031571669
    ));
#805 = CARTESIAN_POINT('',(-2.373487979517,-7.348589891905,
    7.098222989725));
#806 = CYLINDRICAL_SURFACE('',#807,2.37175);
#807 = AXIS2_PLACEMENT_3D('',#808,#809,#810);
#808 = CARTESIAN_POINT('',(-2.1E-16,-3.651410108095,7.1));
#809 = DIRECTION('',(0.,-1.,0.));
#810 = DIRECTION('',(1.,0.,2.247E-14));
#811 = ADVANCED_FACE('',(#812),#839,.F.);
#812 = FACE_BOUND('',#813,.F.);
#813 = EDGE_LOOP('',(#814,#824,#831,#832));
#814 = ORIENTED_EDGE('',*,*,#815,.T.);
#815 = EDGE_CURVE('',#816,#818,#820,.T.);
#816 = VERTEX_POINT('',#817);
#817 = CARTESIAN_POINT('',(-2.,0.,0.6));
#818 = VERTEX_POINT('',#819);
#819 = CARTESIAN_POINT('',(-2.,0.,1.1));
#820 = LINE('',#821,#822);
#821 = CARTESIAN_POINT('',(-2.,-2.4E-16,0.6));
#822 = VECTOR('',#823,1.);
#823 = DIRECTION('',(0.,0.,1.));
#824 = ORIENTED_EDGE('',*,*,#825,.F.);
#825 = EDGE_CURVE('',#818,#818,#826,.T.);
#826 = CIRCLE('',#827,2.);
#827 = AXIS2_PLACEMENT_3D('',#828,#829,#830);
#828 = CARTESIAN_POINT('',(0.,0.,1.1));
#829 = DIRECTION('',(0.,0.,1.));
#830 = DIRECTION('',(1.,0.,-0.));
#831 = ORIENTED_EDGE('',*,*,#815,.F.);
#832 = ORIENTED_EDGE('',*,*,#833,.T.);
#833 = EDGE_CURVE('',#816,#816,#834,.T.);
#834 = CIRCLE('',#835,2.);
#835 = AXIS2_PLACEMENT_3D('',#836,#837,#838);
#836 = CARTESIAN_POINT('',(0.,0.,0.6));
#837 = DIRECTION('',(0.,0.,1.));
#838 = DIRECTION('',(1.,0.,-0.));
#839 = CYLINDRICAL_SURFACE('',#840,2.);
#840 = AXIS2_PLACEMENT_3D('',#841,#842,#843);
#841 = CARTESIAN_POINT('',(0.,0.,0.6));
#842 = DIRECTION('',(0.,0.,1.));
#843 = DIRECTION('',(1.,0.,-0.));
#844 = ADVANCED_FACE('',(#845,#848),#859,.T.);
#845 = FACE_BOUND('',#846,.T.);
#846 = EDGE_LOOP('',(#847));
#847 = ORIENTED_EDGE('',*,*,#825,.F.);
#848 = FACE_BOUND('',#849,.T.);
#849 = EDGE_LOOP('',(#850));
#850 = ORIENTED_EDGE('',*,*,#851,.F.);
#851 = EDGE_CURVE('',#852,#852,#854,.T.);
#852 = VERTEX_POINT('',#853);
#853 = CARTESIAN_POINT('',(-0.65,0.,1.1));
#854 = CIRCLE('',#855,0.65);
#855 = AXIS2_PLACEMENT_3D('',#856,#857,#858);
#856 = CARTESIAN_POINT('',(0.,0.,1.1));
#857 = DIRECTION('',(0.,0.,-1.));
#858 = DIRECTION('',(1.,0.,0.));
#859 = PLANE('',#860);
#860 = AXIS2_PLACEMENT_3D('',#861,#862,#863);
#861 = CARTESIAN_POINT('',(0.,0.,1.1));
#862 = DIRECTION('',(0.,0.,-1.));
#863 = DIRECTION('',(1.,0.,0.));
#864 = ADVANCED_FACE('',(#865),#899,.T.);
#865 = FACE_BOUND('',#866,.T.);
#866 = EDGE_LOOP('',(#867,#877,#885,#893));
#867 = ORIENTED_EDGE('',*,*,#868,.T.);
#868 = EDGE_CURVE('',#869,#871,#873,.T.);
#869 = VERTEX_POINT('',#870);
#870 = CARTESIAN_POINT('',(3.,3.,10.6));
#871 = VERTEX_POINT('',#872);
#872 = CARTESIAN_POINT('',(3.,-3.,10.6));
#873 = LINE('',#874,#875);
#874 = CARTESIAN_POINT('',(3.,-1.75,10.6));
#875 = VECTOR('',#876,1.);
#876 = DIRECTION('',(0.,-1.,0.));
#877 = ORIENTED_EDGE('',*,*,#878,.T.);
#878 = EDGE_CURVE('',#871,#879,#881,.T.);
#879 = VERTEX_POINT('',#880);
#880 = CARTESIAN_POINT('',(3.5,-3.5,10.1));
#881 = LINE('',#882,#883);
#882 = CARTESIAN_POINT('',(3.,-3.,10.6));
#883 = VECTOR('',#884,1.);
#884 = DIRECTION('',(0.57735026919,-0.57735026919,-0.57735026919));
#885 = ORIENTED_EDGE('',*,*,#886,.T.);
#886 = EDGE_CURVE('',#879,#887,#889,.T.);
#887 = VERTEX_POINT('',#888);
#888 = CARTESIAN_POINT('',(3.5,3.5,10.1));
#889 = LINE('',#890,#891);
#890 = CARTESIAN_POINT('',(3.5,-1.75,10.1));
#891 = VECTOR('',#892,1.);
#892 = DIRECTION('',(0.,1.,0.));
#893 = ORIENTED_EDGE('',*,*,#894,.F.);
#894 = EDGE_CURVE('',#869,#887,#895,.T.);
#895 = LINE('',#896,#897);
#896 = CARTESIAN_POINT('',(3.,3.,10.6));
#897 = VECTOR('',#898,1.);
#898 = DIRECTION('',(0.57735026919,0.57735026919,-0.57735026919));
#899 = PLANE('',#900);
#900 = AXIS2_PLACEMENT_3D('',#901,#902,#903);
#901 = CARTESIAN_POINT('',(3.25,-1.75,10.35));
#902 = DIRECTION('',(0.707106781187,0.,0.707106781187));
#903 = DIRECTION('',(0.707106781187,0.,-0.707106781187));
#904 = ADVANCED_FACE('',(#905),#947,.T.);
#905 = FACE_BOUND('',#906,.T.);
#906 = EDGE_LOOP('',(#907,#918,#924,#925,#933,#941));
#907 = ORIENTED_EDGE('',*,*,#908,.F.);
#908 = EDGE_CURVE('',#909,#911,#913,.T.);
#909 = VERTEX_POINT('',#910);
#910 = CARTESIAN_POINT('',(0.781024967591,-3.5,10.1));
#911 = VERTEX_POINT('',#912);
#912 = CARTESIAN_POINT('',(-0.781024967591,-3.5,10.1));
#913 = ELLIPSE('',#914,4.384062043357,3.1);
#914 = AXIS2_PLACEMENT_3D('',#915,#916,#917);
#915 = CARTESIAN_POINT('',(-2.1E-16,-6.5,7.1));
#916 = DIRECTION('',(0.,-0.707106781187,0.707106781187));
#917 = DIRECTION('',(0.,0.707106781187,0.707106781187));
#918 = ORIENTED_EDGE('',*,*,#919,.T.);
#919 = EDGE_CURVE('',#909,#879,#920,.T.);
#920 = LINE('',#921,#922);
#921 = CARTESIAN_POINT('',(-1.75,-3.5,10.1));
#922 = VECTOR('',#923,1.);
#923 = DIRECTION('',(1.,0.,0.));
#924 = ORIENTED_EDGE('',*,*,#878,.F.);
#925 = ORIENTED_EDGE('',*,*,#926,.T.);
#926 = EDGE_CURVE('',#871,#927,#929,.T.);
#927 = VERTEX_POINT('',#928);
#928 = CARTESIAN_POINT('',(-3.,-3.,10.6));
#929 = LINE('',#930,#931);
#930 = CARTESIAN_POINT('',(-1.75,-3.,10.6));
#931 = VECTOR('',#932,1.);
#932 = DIRECTION('',(-1.,0.,0.));
#933 = ORIENTED_EDGE('',*,*,#934,.T.);
#934 = EDGE_CURVE('',#927,#935,#937,.T.);
#935 = VERTEX_POINT('',#936);
#936 = CARTESIAN_POINT('',(-3.5,-3.5,10.1));
#937 = LINE('',#938,#939);
#938 = CARTESIAN_POINT('',(-3.,-3.,10.6));
#939 = VECTOR('',#940,1.);
#940 = DIRECTION('',(-0.57735026919,-0.57735026919,-0.57735026919));
#941 = ORIENTED_EDGE('',*,*,#942,.T.);
#942 = EDGE_CURVE('',#935,#911,#943,.T.);
#943 = LINE('',#944,#945);
#944 = CARTESIAN_POINT('',(-1.75,-3.5,10.1));
#945 = VECTOR('',#946,1.);
#946 = DIRECTION('',(1.,0.,0.));
#947 = PLANE('',#948);
#948 = AXIS2_PLACEMENT_3D('',#949,#950,#951);
#949 = CARTESIAN_POINT('',(-1.75,-3.25,10.35));
#950 = DIRECTION('',(0.,-0.707106781187,0.707106781187));
#951 = DIRECTION('',(1.,0.,0.));
#952 = ADVANCED_FACE('',(#953),#978,.T.);
#953 = FACE_BOUND('',#954,.T.);
#954 = EDGE_LOOP('',(#955,#963,#971,#977));
#955 = ORIENTED_EDGE('',*,*,#956,.T.);
#956 = EDGE_CURVE('',#927,#957,#959,.T.);
#957 = VERTEX_POINT('',#958);
#958 = CARTESIAN_POINT('',(-3.,3.,10.6));
#959 = LINE('',#960,#961);
#960 = CARTESIAN_POINT('',(-3.,1.75,10.6));
#961 = VECTOR('',#962,1.);
#962 = DIRECTION('',(0.,1.,0.));
#963 = ORIENTED_EDGE('',*,*,#964,.T.);
#964 = EDGE_CURVE('',#957,#965,#967,.T.);
#965 = VERTEX_POINT('',#966);
#966 = CARTESIAN_POINT('',(-3.5,3.5,10.1));
#967 = LINE('',#968,#969);
#968 = CARTESIAN_POINT('',(-3.,3.,10.6));
#969 = VECTOR('',#970,1.);
#970 = DIRECTION('',(-0.57735026919,0.57735026919,-0.57735026919));
#971 = ORIENTED_EDGE('',*,*,#972,.T.);
#972 = EDGE_CURVE('',#965,#935,#973,.T.);
#973 = LINE('',#974,#975);
#974 = CARTESIAN_POINT('',(-3.5,1.75,10.1));
#975 = VECTOR('',#976,1.);
#976 = DIRECTION('',(0.,-1.,0.));
#977 = ORIENTED_EDGE('',*,*,#934,.F.);
#978 = PLANE('',#979);
#979 = AXIS2_PLACEMENT_3D('',#980,#981,#982);
#980 = CARTESIAN_POINT('',(-3.25,1.75,10.35));
#981 = DIRECTION('',(-0.707106781187,0.,0.707106781187));
#982 = DIRECTION('',(0.707106781187,0.,0.707106781187));
#983 = ADVANCED_FACE('',(#984),#1000,.T.);
#984 = FACE_BOUND('',#985,.T.);
#985 = EDGE_LOOP('',(#986,#992,#993,#999));
#986 = ORIENTED_EDGE('',*,*,#987,.T.);
#987 = EDGE_CURVE('',#887,#965,#988,.T.);
#988 = LINE('',#989,#990);
#989 = CARTESIAN_POINT('',(1.75,3.5,10.1));
#990 = VECTOR('',#991,1.);
#991 = DIRECTION('',(-1.,0.,0.));
#992 = ORIENTED_EDGE('',*,*,#964,.F.);
#993 = ORIENTED_EDGE('',*,*,#994,.T.);
#994 = EDGE_CURVE('',#957,#869,#995,.T.);
#995 = LINE('',#996,#997);
#996 = CARTESIAN_POINT('',(1.75,3.,10.6));
#997 = VECTOR('',#998,1.);
#998 = DIRECTION('',(1.,0.,0.));
#999 = ORIENTED_EDGE('',*,*,#894,.T.);
#1000 = PLANE('',#1001);
#1001 = AXIS2_PLACEMENT_3D('',#1002,#1003,#1004);
#1002 = CARTESIAN_POINT('',(1.75,3.25,10.35));
#1003 = DIRECTION('',(0.,0.707106781187,0.707106781187));
#1004 = DIRECTION('',(1.,0.,-0.));
#1005 = ADVANCED_FACE('',(#1006),#1063,.T.);
#1006 = FACE_BOUND('',#1007,.T.);
#1007 = EDGE_LOOP('',(#1008,#1009,#1017,#1025,#1033,#1041,#1049,#1057));
#1008 = ORIENTED_EDGE('',*,*,#972,.F.);
#1009 = ORIENTED_EDGE('',*,*,#1010,.F.);
#1010 = EDGE_CURVE('',#1011,#965,#1013,.T.);
#1011 = VERTEX_POINT('',#1012);
#1012 = CARTESIAN_POINT('',(-3.5,3.5,0.));
#1013 = LINE('',#1014,#1015);
#1014 = CARTESIAN_POINT('',(-3.5,3.5,0.));
#1015 = VECTOR('',#1016,1.);
#1016 = DIRECTION('',(0.,0.,1.));
#1017 = ORIENTED_EDGE('',*,*,#1018,.F.);
#1018 = EDGE_CURVE('',#1019,#1011,#1021,.T.);
#1019 = VERTEX_POINT('',#1020);
#1020 = CARTESIAN_POINT('',(-3.5,2.04,0.));
#1021 = LINE('',#1022,#1023);
#1022 = CARTESIAN_POINT('',(-3.5,-3.5,0.));
#1023 = VECTOR('',#1024,1.);
#1024 = DIRECTION('',(0.,1.,0.));
#1025 = ORIENTED_EDGE('',*,*,#1026,.T.);
#1026 = EDGE_CURVE('',#1019,#1027,#1029,.T.);
#1027 = VERTEX_POINT('',#1028);
#1028 = CARTESIAN_POINT('',(-3.5,2.04,0.6));
#1029 = LINE('',#1030,#1031);
#1030 = CARTESIAN_POINT('',(-3.5,2.04,0.));
#1031 = VECTOR('',#1032,1.);
#1032 = DIRECTION('',(0.,0.,1.));
#1033 = ORIENTED_EDGE('',*,*,#1034,.T.);
#1034 = EDGE_CURVE('',#1027,#1035,#1037,.T.);
#1035 = VERTEX_POINT('',#1036);
#1036 = CARTESIAN_POINT('',(-3.5,-2.04,0.6));
#1037 = LINE('',#1038,#1039);
#1038 = CARTESIAN_POINT('',(-3.5,1.75,0.6));
#1039 = VECTOR('',#1040,1.);
#1040 = DIRECTION('',(0.,-1.,0.));
#1041 = ORIENTED_EDGE('',*,*,#1042,.T.);
#1042 = EDGE_CURVE('',#1035,#1043,#1045,.T.);
#1043 = VERTEX_POINT('',#1044);
#1044 = CARTESIAN_POINT('',(-3.5,-2.04,0.));
#1045 = LINE('',#1046,#1047);
#1046 = CARTESIAN_POINT('',(-3.5,-2.04,0.));
#1047 = VECTOR('',#1048,1.);
#1048 = DIRECTION('',(0.,0.,-1.));
#1049 = ORIENTED_EDGE('',*,*,#1050,.F.);
#1050 = EDGE_CURVE('',#1051,#1043,#1053,.T.);
#1051 = VERTEX_POINT('',#1052);
#1052 = CARTESIAN_POINT('',(-3.5,-3.5,0.));
#1053 = LINE('',#1054,#1055);
#1054 = CARTESIAN_POINT('',(-3.5,-3.5,0.));
#1055 = VECTOR('',#1056,1.);
#1056 = DIRECTION('',(0.,1.,0.));
#1057 = ORIENTED_EDGE('',*,*,#1058,.T.);
#1058 = EDGE_CURVE('',#1051,#935,#1059,.T.);
#1059 = LINE('',#1060,#1061);
#1060 = CARTESIAN_POINT('',(-3.5,-3.5,0.));
#1061 = VECTOR('',#1062,1.);
#1062 = DIRECTION('',(0.,0.,1.));
#1063 = PLANE('',#1064);
#1064 = AXIS2_PLACEMENT_3D('',#1065,#1066,#1067);
#1065 = CARTESIAN_POINT('',(-3.5,3.5,0.));
#1066 = DIRECTION('',(-1.,0.,0.));
#1067 = DIRECTION('',(0.,-1.,0.));
#1068 = ADVANCED_FACE('',(#1069),#1119,.T.);
#1069 = FACE_BOUND('',#1070,.T.);
#1070 = EDGE_LOOP('',(#1071,#1072,#1080,#1088,#1096,#1104,#1112,#1118));
#1071 = ORIENTED_EDGE('',*,*,#987,.F.);
#1072 = ORIENTED_EDGE('',*,*,#1073,.F.);
#1073 = EDGE_CURVE('',#1074,#887,#1076,.T.);
#1074 = VERTEX_POINT('',#1075);
#1075 = CARTESIAN_POINT('',(3.5,3.5,0.));
#1076 = LINE('',#1077,#1078);
#1077 = CARTESIAN_POINT('',(3.5,3.5,0.));
#1078 = VECTOR('',#1079,1.);
#1079 = DIRECTION('',(0.,0.,1.));
#1080 = ORIENTED_EDGE('',*,*,#1081,.F.);
#1081 = EDGE_CURVE('',#1082,#1074,#1084,.T.);
#1082 = VERTEX_POINT('',#1083);
#1083 = CARTESIAN_POINT('',(2.04,3.5,0.));
#1084 = LINE('',#1085,#1086);
#1085 = CARTESIAN_POINT('',(-3.5,3.5,0.));
#1086 = VECTOR('',#1087,1.);
#1087 = DIRECTION('',(1.,0.,0.));
#1088 = ORIENTED_EDGE('',*,*,#1089,.T.);
#1089 = EDGE_CURVE('',#1082,#1090,#1092,.T.);
#1090 = VERTEX_POINT('',#1091);
#1091 = CARTESIAN_POINT('',(2.04,3.5,0.6));
#1092 = LINE('',#1093,#1094);
#1093 = CARTESIAN_POINT('',(2.04,3.5,0.));
#1094 = VECTOR('',#1095,1.);
#1095 = DIRECTION('',(0.,0.,1.));
#1096 = ORIENTED_EDGE('',*,*,#1097,.T.);
#1097 = EDGE_CURVE('',#1090,#1098,#1100,.T.);
#1098 = VERTEX_POINT('',#1099);
#1099 = CARTESIAN_POINT('',(-2.04,3.5,0.6));
#1100 = LINE('',#1101,#1102);
#1101 = CARTESIAN_POINT('',(1.75,3.5,0.6));
#1102 = VECTOR('',#1103,1.);
#1103 = DIRECTION('',(-1.,0.,0.));
#1104 = ORIENTED_EDGE('',*,*,#1105,.T.);
#1105 = EDGE_CURVE('',#1098,#1106,#1108,.T.);
#1106 = VERTEX_POINT('',#1107);
#1107 = CARTESIAN_POINT('',(-2.04,3.5,0.));
#1108 = LINE('',#1109,#1110);
#1109 = CARTESIAN_POINT('',(-2.04,3.5,0.));
#1110 = VECTOR('',#1111,1.);
#1111 = DIRECTION('',(0.,0.,-1.));
#1112 = ORIENTED_EDGE('',*,*,#1113,.F.);
#1113 = EDGE_CURVE('',#1011,#1106,#1114,.T.);
#1114 = LINE('',#1115,#1116);
#1115 = CARTESIAN_POINT('',(-3.5,3.5,0.));
#1116 = VECTOR('',#1117,1.);
#1117 = DIRECTION('',(1.,0.,0.));
#1118 = ORIENTED_EDGE('',*,*,#1010,.T.);
#1119 = PLANE('',#1120);
#1120 = AXIS2_PLACEMENT_3D('',#1121,#1122,#1123);
#1121 = CARTESIAN_POINT('',(3.5,3.5,0.));
#1122 = DIRECTION('',(0.,1.,0.));
#1123 = DIRECTION('',(-1.,0.,0.));
#1124 = ADVANCED_FACE('',(#1125),#1175,.T.);
#1125 = FACE_BOUND('',#1126,.T.);
#1126 = EDGE_LOOP('',(#1127,#1128,#1136,#1144,#1152,#1160,#1168,#1174));
#1127 = ORIENTED_EDGE('',*,*,#886,.F.);
#1128 = ORIENTED_EDGE('',*,*,#1129,.F.);
#1129 = EDGE_CURVE('',#1130,#879,#1132,.T.);
#1130 = VERTEX_POINT('',#1131);
#1131 = CARTESIAN_POINT('',(3.5,-3.5,0.));
#1132 = LINE('',#1133,#1134);
#1133 = CARTESIAN_POINT('',(3.5,-3.5,0.));
#1134 = VECTOR('',#1135,1.);
#1135 = DIRECTION('',(0.,0.,1.));
#1136 = ORIENTED_EDGE('',*,*,#1137,.F.);
#1137 = EDGE_CURVE('',#1138,#1130,#1140,.T.);
#1138 = VERTEX_POINT('',#1139);
#1139 = CARTESIAN_POINT('',(3.5,-2.04,0.));
#1140 = LINE('',#1141,#1142);
#1141 = CARTESIAN_POINT('',(3.5,3.5,0.));
#1142 = VECTOR('',#1143,1.);
#1143 = DIRECTION('',(0.,-1.,0.));
#1144 = ORIENTED_EDGE('',*,*,#1145,.T.);
#1145 = EDGE_CURVE('',#1138,#1146,#1148,.T.);
#1146 = VERTEX_POINT('',#1147);
#1147 = CARTESIAN_POINT('',(3.5,-2.04,0.6));
#1148 = LINE('',#1149,#1150);
#1149 = CARTESIAN_POINT('',(3.5,-2.04,0.));
#1150 = VECTOR('',#1151,1.);
#1151 = DIRECTION('',(0.,0.,1.));
#1152 = ORIENTED_EDGE('',*,*,#1153,.T.);
#1153 = EDGE_CURVE('',#1146,#1154,#1156,.T.);
#1154 = VERTEX_POINT('',#1155);
#1155 = CARTESIAN_POINT('',(3.5,2.04,0.6));
#1156 = LINE('',#1157,#1158);
#1157 = CARTESIAN_POINT('',(3.5,-1.75,0.6));
#1158 = VECTOR('',#1159,1.);
#1159 = DIRECTION('',(0.,1.,0.));
#1160 = ORIENTED_EDGE('',*,*,#1161,.T.);
#1161 = EDGE_CURVE('',#1154,#1162,#1164,.T.);
#1162 = VERTEX_POINT('',#1163);
#1163 = CARTESIAN_POINT('',(3.5,2.04,0.));
#1164 = LINE('',#1165,#1166);
#1165 = CARTESIAN_POINT('',(3.5,2.04,0.));
#1166 = VECTOR('',#1167,1.);
#1167 = DIRECTION('',(0.,0.,-1.));
#1168 = ORIENTED_EDGE('',*,*,#1169,.F.);
#1169 = EDGE_CURVE('',#1074,#1162,#1170,.T.);
#1170 = LINE('',#1171,#1172);
#1171 = CARTESIAN_POINT('',(3.5,3.5,0.));
#1172 = VECTOR('',#1173,1.);
#1173 = DIRECTION('',(0.,-1.,0.));
#1174 = ORIENTED_EDGE('',*,*,#1073,.T.);
#1175 = PLANE('',#1176);
#1176 = AXIS2_PLACEMENT_3D('',#1177,#1178,#1179);
#1177 = CARTESIAN_POINT('',(3.5,-3.5,0.));
#1178 = DIRECTION('',(1.,0.,0.));
#1179 = DIRECTION('',(-0.,1.,0.));
#1180 = ADVANCED_FACE('',(#1181),#1187,.T.);
#1181 = FACE_BOUND('',#1182,.T.);
#1182 = EDGE_LOOP('',(#1183,#1184,#1185,#1186));
#1183 = ORIENTED_EDGE('',*,*,#868,.F.);
#1184 = ORIENTED_EDGE('',*,*,#994,.F.);
#1185 = ORIENTED_EDGE('',*,*,#956,.F.);
#1186 = ORIENTED_EDGE('',*,*,#926,.F.);
#1187 = PLANE('',#1188);
#1188 = AXIS2_PLACEMENT_3D('',#1189,#1190,#1191);
#1189 = CARTESIAN_POINT('',(0.,0.,10.6));
#1190 = DIRECTION('',(0.,0.,1.));
#1191 = DIRECTION('',(1.,0.,-0.));
#1192 = ADVANCED_FACE('',(#1193),#1220,.T.);
#1193 = FACE_BOUND('',#1194,.T.);
#1194 = EDGE_LOOP('',(#1195,#1204,#1212,#1219));
#1195 = ORIENTED_EDGE('',*,*,#1196,.F.);
#1196 = EDGE_CURVE('',#1197,#1197,#1199,.T.);
#1197 = VERTEX_POINT('',#1198);
#1198 = CARTESIAN_POINT('',(-0.3,-11.55,7.1));
#1199 = CIRCLE('',#1200,0.3);
#1200 = AXIS2_PLACEMENT_3D('',#1201,#1202,#1203);
#1201 = CARTESIAN_POINT('',(-2.1E-16,-11.55,7.1));
#1202 = DIRECTION('',(0.,-1.,0.));
#1203 = DIRECTION('',(1.,0.,0.));
#1204 = ORIENTED_EDGE('',*,*,#1205,.T.);
#1205 = EDGE_CURVE('',#1197,#1206,#1208,.T.);
#1206 = VERTEX_POINT('',#1207);
#1207 = CARTESIAN_POINT('',(-0.3,-11.5,7.1));
#1208 = LINE('',#1209,#1210);
#1209 = CARTESIAN_POINT('',(-0.3,-11.5,7.1));
#1210 = VECTOR('',#1211,1.);
#1211 = DIRECTION('',(0.,1.,0.));
#1212 = ORIENTED_EDGE('',*,*,#1213,.F.);
#1213 = EDGE_CURVE('',#1206,#1206,#1214,.T.);
#1214 = CIRCLE('',#1215,0.3);
#1215 = AXIS2_PLACEMENT_3D('',#1216,#1217,#1218);
#1216 = CARTESIAN_POINT('',(-2.1E-16,-11.5,7.1));
#1217 = DIRECTION('',(-0.,1.,0.));
#1218 = DIRECTION('',(1.,0.,0.));
#1219 = ORIENTED_EDGE('',*,*,#1205,.F.);
#1220 = CYLINDRICAL_SURFACE('',#1221,0.3);
#1221 = AXIS2_PLACEMENT_3D('',#1222,#1223,#1224);
#1222 = CARTESIAN_POINT('',(-2.1E-16,-11.5,7.1));
#1223 = DIRECTION('',(0.,-1.,0.));
#1224 = DIRECTION('',(1.,0.,0.));
#1225 = ADVANCED_FACE('',(#1226,#1229),#1240,.T.);
#1226 = FACE_BOUND('',#1227,.T.);
#1227 = EDGE_LOOP('',(#1228));
#1228 = ORIENTED_EDGE('',*,*,#1196,.T.);
#1229 = FACE_BOUND('',#1230,.T.);
#1230 = EDGE_LOOP('',(#1231));
#1231 = ORIENTED_EDGE('',*,*,#1232,.T.);
#1232 = EDGE_CURVE('',#1233,#1233,#1235,.T.);
#1233 = VERTEX_POINT('',#1234);
#1234 = CARTESIAN_POINT('',(-0.25,-11.55,7.1));
#1235 = CIRCLE('',#1236,0.25);
#1236 = AXIS2_PLACEMENT_3D('',#1237,#1238,#1239);
#1237 = CARTESIAN_POINT('',(-2.1E-16,-11.55,7.1));
#1238 = DIRECTION('',(-0.,1.,0.));
#1239 = DIRECTION('',(1.,0.,0.));
#1240 = PLANE('',#1241);
#1241 = AXIS2_PLACEMENT_3D('',#1242,#1243,#1244);
#1242 = CARTESIAN_POINT('',(-2.1E-16,-11.55,7.1));
#1243 = DIRECTION('',(0.,-1.,0.));
#1244 = DIRECTION('',(1.,0.,0.));
#1245 = ADVANCED_FACE('',(#1246),#1265,.F.);
#1246 = FACE_BOUND('',#1247,.F.);
#1247 = EDGE_LOOP('',(#1248,#1256,#1263,#1264));
#1248 = ORIENTED_EDGE('',*,*,#1249,.T.);
#1249 = EDGE_CURVE('',#1233,#1250,#1252,.T.);
#1250 = VERTEX_POINT('',#1251);
#1251 = CARTESIAN_POINT('',(-0.25,-8.5,7.1));
#1252 = LINE('',#1253,#1254);
#1253 = CARTESIAN_POINT('',(-0.25,-11.5,7.1));
#1254 = VECTOR('',#1255,1.);
#1255 = DIRECTION('',(0.,1.,0.));
#1256 = ORIENTED_EDGE('',*,*,#1257,.F.);
#1257 = EDGE_CURVE('',#1250,#1250,#1258,.T.);
#1258 = CIRCLE('',#1259,0.25);
#1259 = AXIS2_PLACEMENT_3D('',#1260,#1261,#1262);
#1260 = CARTESIAN_POINT('',(-2.1E-16,-8.5,7.1));
#1261 = DIRECTION('',(-0.,1.,0.));
#1262 = DIRECTION('',(1.,0.,0.));
#1263 = ORIENTED_EDGE('',*,*,#1249,.F.);
#1264 = ORIENTED_EDGE('',*,*,#1232,.T.);
#1265 = CYLINDRICAL_SURFACE('',#1266,0.25);
#1266 = AXIS2_PLACEMENT_3D('',#1267,#1268,#1269);
#1267 = CARTESIAN_POINT('',(-2.1E-16,-11.5,7.1));
#1268 = DIRECTION('',(0.,1.,0.));
#1269 = DIRECTION('',(1.,0.,0.));
#1270 = ADVANCED_FACE('',(#1271),#1274,.T.);
#1271 = FACE_BOUND('',#1272,.T.);
#1272 = EDGE_LOOP('',(#1273));
#1273 = ORIENTED_EDGE('',*,*,#1257,.F.);
#1274 = PLANE('',#1275);
#1275 = AXIS2_PLACEMENT_3D('',#1276,#1277,#1278);
#1276 = CARTESIAN_POINT('',(-2.1E-16,-8.5,7.1));
#1277 = DIRECTION('',(0.,-1.,0.));
#1278 = DIRECTION('',(1.,0.,0.));
#1279 = ADVANCED_FACE('',(#1280),#1307,.F.);
#1280 = FACE_BOUND('',#1281,.F.);
#1281 = EDGE_LOOP('',(#1282,#1292,#1299,#1300));
#1282 = ORIENTED_EDGE('',*,*,#1283,.T.);
#1283 = EDGE_CURVE('',#1284,#1286,#1288,.T.);
#1284 = VERTEX_POINT('',#1285);
#1285 = CARTESIAN_POINT('',(-2.2,-13.5,7.1));
#1286 = VERTEX_POINT('',#1287);
#1287 = CARTESIAN_POINT('',(-2.2,-11.5,7.1));
#1288 = LINE('',#1289,#1290);
#1289 = CARTESIAN_POINT('',(-2.2,-13.5,7.1));
#1290 = VECTOR('',#1291,1.);
#1291 = DIRECTION('',(0.,1.,0.));
#1292 = ORIENTED_EDGE('',*,*,#1293,.F.);
#1293 = EDGE_CURVE('',#1286,#1286,#1294,.T.);
#1294 = CIRCLE('',#1295,2.2);
#1295 = AXIS2_PLACEMENT_3D('',#1296,#1297,#1298);
#1296 = CARTESIAN_POINT('',(-2.1E-16,-11.5,7.1));
#1297 = DIRECTION('',(-0.,1.,0.));
#1298 = DIRECTION('',(1.,0.,0.));
#1299 = ORIENTED_EDGE('',*,*,#1283,.F.);
#1300 = ORIENTED_EDGE('',*,*,#1301,.T.);
#1301 = EDGE_CURVE('',#1284,#1284,#1302,.T.);
#1302 = CIRCLE('',#1303,2.2);
#1303 = AXIS2_PLACEMENT_3D('',#1304,#1305,#1306);
#1304 = CARTESIAN_POINT('',(-2.1E-16,-13.5,7.1));
#1305 = DIRECTION('',(-0.,1.,0.));
#1306 = DIRECTION('',(1.,0.,0.));
#1307 = CYLINDRICAL_SURFACE('',#1308,2.2);
#1308 = AXIS2_PLACEMENT_3D('',#1309,#1310,#1311);
#1309 = CARTESIAN_POINT('',(-2.1E-16,-13.5,7.1));
#1310 = DIRECTION('',(0.,1.,0.));
#1311 = DIRECTION('',(1.,0.,0.));
#1312 = ADVANCED_FACE('',(#1313,#1316),#1319,.T.);
#1313 = FACE_BOUND('',#1314,.T.);
#1314 = EDGE_LOOP('',(#1315));
#1315 = ORIENTED_EDGE('',*,*,#1293,.F.);
#1316 = FACE_BOUND('',#1317,.T.);
#1317 = EDGE_LOOP('',(#1318));
#1318 = ORIENTED_EDGE('',*,*,#1213,.T.);
#1319 = PLANE('',#1320);
#1320 = AXIS2_PLACEMENT_3D('',#1321,#1322,#1323);
#1321 = CARTESIAN_POINT('',(-2.8E-16,-11.5,7.1));
#1322 = DIRECTION('',(0.,-1.,0.));
#1323 = DIRECTION('',(1.,0.,0.));
#1324 = ADVANCED_FACE('',(#1325),#1399,.T.);
#1325 = FACE_BOUND('',#1326,.T.);
#1326 = EDGE_LOOP('',(#1327,#1338,#1347,#1372,#1373,#1374));
#1327 = ORIENTED_EDGE('',*,*,#1328,.T.);
#1328 = EDGE_CURVE('',#1329,#1331,#1333,.T.);
#1329 = VERTEX_POINT('',#1330);
#1330 = CARTESIAN_POINT('',(-1.167676989683,-12.25,4.891331373079));
#1331 = VERTEX_POINT('',#1332);
#1332 = CARTESIAN_POINT('',(-2.5,-12.25,7.1));
#1333 = CIRCLE('',#1334,2.5);
#1334 = AXIS2_PLACEMENT_3D('',#1335,#1336,#1337);
#1335 = CARTESIAN_POINT('',(-2.1E-16,-12.25,7.1));
#1336 = DIRECTION('',(-0.,1.,0.));
#1337 = DIRECTION('',(1.,0.,0.));
#1338 = ORIENTED_EDGE('',*,*,#1339,.T.);
#1339 = EDGE_CURVE('',#1331,#1340,#1342,.T.);
#1340 = VERTEX_POINT('',#1341);
#1341 = CARTESIAN_POINT('',(-1.16582206847,-12.25,9.308541273423));
#1342 = CIRCLE('',#1343,2.5);
#1343 = AXIS2_PLACEMENT_3D('',#1344,#1345,#1346);
#1344 = CARTESIAN_POINT('',(-2.1E-16,-12.25,7.1));
#1345 = DIRECTION('',(-0.,1.,0.));
#1346 = DIRECTION('',(1.,0.,0.));
#1347 = ORIENTED_EDGE('',*,*,#1348,.T.);
#1348 = EDGE_CURVE('',#1340,#559,#1349,.T.);
#1349 = B_SPLINE_CURVE_WITH_KNOTS('',3,(#1350,#1351,#1352,#1353,#1354,
    #1355,#1356,#1357,#1358,#1359,#1360,#1361,#1362,#1363,#1364,#1365,
    #1366,#1367,#1368,#1369,#1370,#1371),.UNSPECIFIED.,.F.,.F.,(4,3,3,3,
    3,3,3,4),(-0.11432000447,-0.100030003911,-9.512558920032E-02,
    -9.115910025089E-02,-6.56003600329E-02,-4.043462253863E-02,
    -1.605495060871E-02,0.),.UNSPECIFIED.);
#1350 = CARTESIAN_POINT('',(-1.163695001066,-12.25,9.30667651717));
#1351 = CARTESIAN_POINT('',(-1.203114216084,-12.25,9.279957695628));
#1352 = CARTESIAN_POINT('',(-1.241828982323,-12.25,9.252138596932));
#1353 = CARTESIAN_POINT('',(-1.279777305574,-12.25,9.223238552278));
#1354 = CARTESIAN_POINT('',(-1.292801399872,-12.25,9.213319881977));
#1355 = CARTESIAN_POINT('',(-1.305735175858,-12.25,9.203273870363));
#1356 = CARTESIAN_POINT('',(-1.318576002285,-12.25,9.193101251042));
#1357 = CARTESIAN_POINT('',(-1.328961134687,-12.25,9.184874054832));
#1358 = CARTESIAN_POINT('',(-1.339286176727,-12.25,9.176563384338));
#1359 = CARTESIAN_POINT('',(-1.349538151611,-12.25,9.168179309955));
#1360 = CARTESIAN_POINT('',(-1.41559848006,-12.25,9.114155113276));
#1361 = CARTESIAN_POINT('',(-1.478750229399,-12.25,9.056990193523));
#1362 = CARTESIAN_POINT('',(-1.538698928229,-12.25,8.996845891701));
#1363 = CARTESIAN_POINT('',(-1.597725828811,-12.25,8.937626395806));
#1364 = CARTESIAN_POINT('',(-1.653647945391,-12.25,8.875517793732));
#1365 = CARTESIAN_POINT('',(-1.706141967091,-12.25,8.810647825386));
#1366 = CARTESIAN_POINT('',(-1.756996309334,-12.25,8.747804105953));
#1367 = CARTESIAN_POINT('',(-1.80463365753,-12.25,8.682368257175));
#1368 = CARTESIAN_POINT('',(-1.848714477091,-12.25,8.614440486729));
#1369 = CARTESIAN_POINT('',(-1.877743390313,-12.25,8.569707440173));
#1370 = CARTESIAN_POINT('',(-1.905228998276,-12.25,8.523893409013));
#1371 = CARTESIAN_POINT('',(-1.931062088558,-12.25,8.477024790131));
#1372 = ORIENTED_EDGE('',*,*,#558,.T.);
#1373 = ORIENTED_EDGE('',*,*,#518,.T.);
#1374 = ORIENTED_EDGE('',*,*,#1375,.T.);
#1375 = EDGE_CURVE('',#510,#1329,#1376,.T.);
#1376 = B_SPLINE_CURVE_WITH_KNOTS('',3,(#1377,#1378,#1379,#1380,#1381,
    #1382,#1383,#1384,#1385,#1386,#1387,#1388,#1389,#1390,#1391,#1392,
    #1393,#1394,#1395,#1396,#1397,#1398),.UNSPECIFIED.,.F.,.F.,(4,3,3,3,
    3,3,3,4),(-0.555272788399,-0.533139751549,-0.510010178218,
    -0.499211042019,-0.491224666087,-0.486540761567,-0.460829716454,
    -0.440621458227),.UNSPECIFIED.);
#1377 = CARTESIAN_POINT('',(-1.933234077701,-12.25,5.720085396092));
#1378 = CARTESIAN_POINT('',(-1.898268180677,-12.25,5.655669203196));
#1379 = CARTESIAN_POINT('',(-1.860240680968,-12.25,5.593124778536));
#1380 = CARTESIAN_POINT('',(-1.819205479073,-12.25,5.532701180814));
#1381 = CARTESIAN_POINT('',(-1.77632267371,-12.25,5.469557020171));
#1382 = CARTESIAN_POINT('',(-1.730155836761,-12.25,5.408727977404));
#1383 = CARTESIAN_POINT('',(-1.680995301844,-12.25,5.350281315041));
#1384 = CARTESIAN_POINT('',(-1.658042378995,-12.25,5.322992724014));
#1385 = CARTESIAN_POINT('',(-1.634436310113,-12.25,5.296223674842));
#1386 = CARTESIAN_POINT('',(-1.610203997018,-12.25,5.269982206714));
#1387 = CARTESIAN_POINT('',(-1.592283270905,-12.25,5.250575633298));
#1388 = CARTESIAN_POINT('',(-1.574020006602,-12.25,5.231457618837));
#1389 = CARTESIAN_POINT('',(-1.555424555219,-12.25,5.212631730259));
#1390 = CARTESIAN_POINT('',(-1.544518567383,-12.25,5.201590594036));
#1391 = CARTESIAN_POINT('',(-1.533505315399,-12.25,5.190657035722));
#1392 = CARTESIAN_POINT('',(-1.522387231518,-12.25,5.179831411913));
#1393 = CARTESIAN_POINT('',(-1.461357474175,-12.25,5.120407036168));
#1394 = CARTESIAN_POINT('',(-1.397174022599,-12.25,5.064234157163));
#1395 = CARTESIAN_POINT('',(-1.33022514167,-12.25,5.011401042883));
#1396 = CARTESIAN_POINT('',(-1.277604944089,-12.25,4.969875495725));
#1397 = CARTESIAN_POINT('',(-1.223275187208,-12.25,4.930413404862));
#1398 = CARTESIAN_POINT('',(-1.167404843533,-12.25,4.893068775852));
#1399 = PLANE('',#1400);
#1400 = AXIS2_PLACEMENT_3D('',#1401,#1402,#1403);
#1401 = CARTESIAN_POINT('',(3.2E-16,-12.25,7.1));
#1402 = DIRECTION('',(0.,1.,0.));
#1403 = DIRECTION('',(0.,-0.,1.));
#1404 = ADVANCED_FACE('',(#1405),#1629,.F.);
#1405 = FACE_BOUND('',#1406,.F.);
#1406 = EDGE_LOOP('',(#1407,#1408,#1409,#1410,#1411,#1412,#1413,#1414,
    #1428,#1455,#1531,#1532,#1533,#1534,#1535,#1536,#1537,#1538,#1556));
#1407 = ORIENTED_EDGE('',*,*,#1348,.T.);
#1408 = ORIENTED_EDGE('',*,*,#567,.F.);
#1409 = ORIENTED_EDGE('',*,*,#611,.F.);
#1410 = ORIENTED_EDGE('',*,*,#657,.F.);
#1411 = ORIENTED_EDGE('',*,*,#703,.F.);
#1412 = ORIENTED_EDGE('',*,*,#748,.F.);
#1413 = ORIENTED_EDGE('',*,*,#794,.F.);
#1414 = ORIENTED_EDGE('',*,*,#1415,.F.);
#1415 = EDGE_CURVE('',#1416,#773,#1418,.T.);
#1416 = VERTEX_POINT('',#1417);
#1417 = CARTESIAN_POINT('',(-1.377024790131,-5.5,5.168937911442));
#1418 = B_SPLINE_CURVE_WITH_KNOTS('',3,(#1419,#1420,#1421,#1422,#1423,
    #1424,#1425,#1426,#1427),.UNSPECIFIED.,.F.,.F.,(4,1,1,1,1,1,4),(
    10.37611572731,11.272820152292,12.26126768559,13.249715218887,
    14.238162752184,15.226610285481,15.707963267949),.UNSPECIFIED.);
#1419 = CARTESIAN_POINT('',(-1.379915696234,-5.5,5.166767305233));
#1420 = CARTESIAN_POINT('',(-0.802231954168,-5.547571647243,
    4.76000953406));
#1421 = CARTESIAN_POINT('',(0.824071674663,-5.647582064789,
    4.469989176361));
#1422 = CARTESIAN_POINT('',(2.665467714607,-5.80003125264,6.260062834377
    ));
#1423 = CARTESIAN_POINT('',(2.16729831095,-5.957347563551,8.864777420474
    ));
#1424 = CARTESIAN_POINT('',(-0.281822462538,-6.114663874462,
    9.880362864628));
#1425 = CARTESIAN_POINT('',(-2.101714780161,-6.245077983913,
    8.648139919855));
#1426 = CARTESIAN_POINT('',(-2.368268463317,-6.323053323061,
    7.482137786598));
#1427 = CARTESIAN_POINT('',(-2.368035458219,-6.348589891905,
    7.100173105918));
#1428 = ORIENTED_EDGE('',*,*,#1429,.T.);
#1429 = EDGE_CURVE('',#1416,#1430,#1432,.T.);
#1430 = VERTEX_POINT('',#1431);
#1431 = CARTESIAN_POINT('',(-2.208668565267,-5.5,5.932322258558));
#1432 = B_SPLINE_CURVE_WITH_KNOTS('',3,(#1433,#1434,#1435,#1436,#1437,
    #1438,#1439,#1440,#1441,#1442,#1443,#1444,#1445,#1446,#1447,#1448,
    #1449,#1450,#1451,#1452,#1453,#1454),.UNSPECIFIED.,.F.,.F.,(4,3,3,3,
    3,3,3,4),(-0.555272788399,-0.533139751549,-0.510010178218,
    -0.49921102946,-0.491224594815,-0.486540739598,-0.460829650735,
    -0.440621458227),.UNSPECIFIED.);
#1433 = CARTESIAN_POINT('',(-1.379915696234,-5.5,5.166767305233));
#1434 = CARTESIAN_POINT('',(-1.444331876548,-5.5,5.201733177329));
#1435 = CARTESIAN_POINT('',(-1.506876274825,-5.5,5.239760618708));
#1436 = CARTESIAN_POINT('',(-1.567299830331,-5.5,5.280795723164));
#1437 = CARTESIAN_POINT('',(-1.630443946857,-5.5,5.323678426701));
#1438 = CARTESIAN_POINT('',(-1.691272928229,-5.5,5.369845119148));
#1439 = CARTESIAN_POINT('',(-1.749719515419,-5.5,5.419005475702));
#1440 = CARTESIAN_POINT('',(-1.777008103083,-5.5,5.441958341967));
#1441 = CARTESIAN_POINT('',(-1.803777144676,-5.5,5.465564348394));
#1442 = CARTESIAN_POINT('',(-1.830018601324,-5.5,5.489796593934));
#1443 = CARTESIAN_POINT('',(-1.849425286354,-5.5,5.507717380995));
#1444 = CARTESIAN_POINT('',(-1.868543406724,-5.5,5.525980707697));
#1445 = CARTESIAN_POINT('',(-1.887369395561,-5.5,5.544576223045));
#1446 = CARTESIAN_POINT('',(-1.898410393193,-5.5,5.555482053421));
#1447 = CARTESIAN_POINT('',(-1.909343814302,-5.5,5.566495144144));
#1448 = CARTESIAN_POINT('',(-1.920169302979,-5.5,5.57761306375));
#1449 = CARTESIAN_POINT('',(-1.979593663575,-5.5,5.638642665601));
#1450 = CARTESIAN_POINT('',(-2.035766503877,-5.5,5.702825941749));
#1451 = CARTESIAN_POINT('',(-2.088599560031,-5.5,5.769774637059));
#1452 = CARTESIAN_POINT('',(-2.1301248558,-5.5,5.822394428085));
#1453 = CARTESIAN_POINT('',(-2.169586703701,-5.5,5.876723755181));
#1454 = CARTESIAN_POINT('',(-2.206931100839,-5.5,5.932593652948));
#1455 = ORIENTED_EDGE('',*,*,#1456,.T.);
#1456 = EDGE_CURVE('',#1430,#47,#1457,.T.);
#1457 = B_SPLINE_CURVE_WITH_KNOTS('',3,(#1458,#1459,#1460,#1461,#1462,
    #1463,#1464,#1465,#1466,#1467,#1468,#1469,#1470,#1471,#1472,#1473,
    #1474,#1475,#1476,#1477,#1478,#1479,#1480,#1481,#1482,#1483,#1484,
    #1485,#1486,#1487,#1488,#1489,#1490,#1491,#1492,#1493,#1494,#1495,
    #1496,#1497,#1498,#1499,#1500,#1501,#1502,#1503,#1504,#1505,#1506,
    #1507,#1508,#1509,#1510,#1511,#1512,#1513,#1514,#1515,#1516,#1517,
    #1518,#1519,#1520,#1521,#1522,#1523,#1524,#1525,#1526,#1527,#1528,
    #1529,#1530),.UNSPECIFIED.,.F.,.F.,(4,3,3,3,3,3,3,3,3,3,3,3,3,3,3,3,
    3,3,3,3,3,3,3,3,4),(0.114320004474,0.140631723346,0.167282653894,
    0.180677690726,0.187751251207,0.192059269065,0.195973999554,
    0.223391742737,0.250731847441,0.274442948548,0.292244829771,
    0.297357557271,0.324169303137,0.352741312542,0.377741820771,
    0.39007784199,0.399001492196,0.40365494412,0.432421920926,
    0.462502785288,0.471965738179,0.479371671694,0.50893924419,
    0.538143604789,0.552745378375),.UNSPECIFIED.);
#1458 = CARTESIAN_POINT('',(-2.206931100839,-5.5,5.932593652947));
#1459 = CARTESIAN_POINT('',(-2.255707883156,-5.5,6.005567219272));
#1460 = CARTESIAN_POINT('',(-2.30075707625,-5.5,6.080993712874));
#1461 = CARTESIAN_POINT('',(-2.341975685059,-5.5,6.158487880623));
#1462 = CARTESIAN_POINT('',(-2.383725685734,-5.5,6.236981106117));
#1463 = CARTESIAN_POINT('',(-2.421546324788,-5.5,6.317596401675));
#1464 = CARTESIAN_POINT('',(-2.455295521093,-5.5,6.399973787828));
#1465 = CARTESIAN_POINT('',(-2.47225822064,-5.5,6.441377524918));
#1466 = CARTESIAN_POINT('',(-2.488191796395,-5.5,6.483226958122));
#1467 = CARTESIAN_POINT('',(-2.503074151016,-5.5,6.525479226229));
#1468 = CARTESIAN_POINT('',(-2.510933124218,-5.5,6.547791518286));
#1469 = CARTESIAN_POINT('',(-2.518498903898,-5.5,6.570216172726));
#1470 = CARTESIAN_POINT('',(-2.525767893796,-5.5,6.592747037497));
#1471 = CARTESIAN_POINT('',(-2.530194934235,-5.5,6.606469033379));
#1472 = CARTESIAN_POINT('',(-2.534511885053,-5.5,6.620230426651));
#1473 = CARTESIAN_POINT('',(-2.538717888369,-5.5,6.63402984394));
#1474 = CARTESIAN_POINT('',(-2.542539917424,-5.5,6.646569485459));
#1475 = CARTESIAN_POINT('',(-2.546267425915,-5.5,6.659130991822));
#1476 = CARTESIAN_POINT('',(-2.549900205877,-5.5,6.671713350693));
#1477 = CARTESIAN_POINT('',(-2.575343241696,-5.5,6.759836884385));
#1478 = CARTESIAN_POINT('',(-2.596141639087,-5.5,6.848976892276));
#1479 = CARTESIAN_POINT('',(-2.612180311039,-5.5,6.938732750281));
#1480 = CARTESIAN_POINT('',(-2.628173566485,-5.5,7.02823444775));
#1481 = CARTESIAN_POINT('',(-2.63943454455,-5.5,7.118349421852));
#1482 = CARTESIAN_POINT('',(-2.645807636516,-5.5,7.208710258402));
#1483 = CARTESIAN_POINT('',(-2.65133479267,-5.5,7.2870770004));
#1484 = CARTESIAN_POINT('',(-2.653185114318,-5.5,7.365629485465));
#1485 = CARTESIAN_POINT('',(-2.651226985776,-5.5,7.444138276301));
#1486 = CARTESIAN_POINT('',(-2.649756857013,-5.5,7.503081307381));
#1487 = CARTESIAN_POINT('',(-2.646139403484,-5.5,7.561999934225));
#1488 = CARTESIAN_POINT('',(-2.640431968572,-5.5,7.620818972739));
#1489 = CARTESIAN_POINT('',(-2.638792784541,-5.5,7.63771189051));
#1490 = CARTESIAN_POINT('',(-2.636980782761,-5.5,7.654598716019));
#1491 = CARTESIAN_POINT('',(-2.635000219365,-5.5,7.67145461511));
#1492 = CARTESIAN_POINT('',(-2.62461391138,-5.5,7.759848937486));
#1493 = CARTESIAN_POINT('',(-2.609584277387,-5.5,7.847529403697));
#1494 = CARTESIAN_POINT('',(-2.59019640683,-5.5,7.934233705258));
#1495 = CARTESIAN_POINT('',(-2.569535670203,-5.5,8.026630378418));
#1496 = CARTESIAN_POINT('',(-2.543925951073,-5.5,8.117919193788));
#1497 = CARTESIAN_POINT('',(-2.513651010632,-5.5,8.207792938105));
#1498 = CARTESIAN_POINT('',(-2.487160437746,-5.5,8.286432464383));
#1499 = CARTESIAN_POINT('',(-2.457096956259,-5.5,8.363989109852));
#1500 = CARTESIAN_POINT('',(-2.423614210248,-5.5,8.440255855711));
#1501 = CARTESIAN_POINT('',(-2.407092791505,-5.5,8.477888218486));
#1502 = CARTESIAN_POINT('',(-2.389738368027,-5.5,8.515206459696));
#1503 = CARTESIAN_POINT('',(-2.371566571909,-5.5,8.55218505347));
#1504 = CARTESIAN_POINT('',(-2.358421429785,-5.5,8.578934686116));
#1505 = CARTESIAN_POINT('',(-2.344848533618,-5.5,8.605506578166));
#1506 = CARTESIAN_POINT('',(-2.330853224871,-5.5,8.631890843026));
#1507 = CARTESIAN_POINT('',(-2.323555034677,-5.5,8.645649552216));
#1508 = CARTESIAN_POINT('',(-2.316141806951,-5.5,8.659357367096));
#1509 = CARTESIAN_POINT('',(-2.308621704642,-5.5,8.672999815827));
#1510 = CARTESIAN_POINT('',(-2.262133503581,-5.5,8.757335490194));
#1511 = CARTESIAN_POINT('',(-2.211500173566,-5.5,8.839298140178));
#1512 = CARTESIAN_POINT('',(-2.156982735217,-5.5,8.91858300537));
#1513 = CARTESIAN_POINT('',(-2.099975296463,-5.5,9.001489085212));
#1514 = CARTESIAN_POINT('',(-2.038720818333,-5.5,9.081468292201));
#1515 = CARTESIAN_POINT('',(-1.973459996246,-5.5,9.158157117377));
#1516 = CARTESIAN_POINT('',(-1.95292999825,-5.5,9.182282180113));
#1517 = CARTESIAN_POINT('',(-1.932003110083,-5.5,9.206081439527));
#1518 = CARTESIAN_POINT('',(-1.910685732078,-5.5,9.229543006075));
#1519 = CARTESIAN_POINT('',(-1.894002241624,-5.5,9.247904589823));
#1520 = CARTESIAN_POINT('',(-1.877075620113,-5.5,9.2660632624));
#1521 = CARTESIAN_POINT('',(-1.859931450479,-5.5,9.283989995765));
#1522 = CARTESIAN_POINT('',(-1.791484781666,-5.5,9.355560985067));
#1523 = CARTESIAN_POINT('',(-1.719520332088,-5.5,9.423499268191));
#1524 = CARTESIAN_POINT('',(-1.644280000057,-5.5,9.487478412422));
#1525 = CARTESIAN_POINT('',(-1.569963930025,-5.5,9.550671628546));
#1526 = CARTESIAN_POINT('',(-1.492451459853,-5.5,9.610003202753));
#1527 = CARTESIAN_POINT('',(-1.411932744692,-5.5,9.66513263718));
#1528 = CARTESIAN_POINT('',(-1.371674508453,-5.5,9.692696586634));
#1529 = CARTESIAN_POINT('',(-1.330664124764,-5.5,9.719209575509));
#1530 = CARTESIAN_POINT('',(-1.288921854053,-5.5,9.744625579197));
#1531 = ORIENTED_EDGE('',*,*,#55,.T.);
#1532 = ORIENTED_EDGE('',*,*,#109,.T.);
#1533 = ORIENTED_EDGE('',*,*,#178,.T.);
#1534 = ORIENTED_EDGE('',*,*,#250,.T.);
#1535 = ORIENTED_EDGE('',*,*,#322,.T.);
#1536 = ORIENTED_EDGE('',*,*,#391,.T.);
#1537 = ORIENTED_EDGE('',*,*,#463,.T.);
#1538 = ORIENTED_EDGE('',*,*,#1539,.T.);
#1539 = EDGE_CURVE('',#427,#1540,#1542,.T.);
#1540 = VERTEX_POINT('',#1541);
#1541 = CARTESIAN_POINT('',(2.647873488355,-12.25,8.392013755974));
#1542 = B_SPLINE_CURVE_WITH_KNOTS('',3,(#1543,#1544,#1545,#1546,#1547,
    #1548,#1549,#1550,#1551,#1552,#1553,#1554,#1555),.UNSPECIFIED.,.F.,
  .F.,(4,3,3,3,4),(38.816412251446,39.537901331886,40.526348865183,
    41.51479639848,42.411500823462),.UNSPECIFIED.);
#1543 = CARTESIAN_POINT('',(-2.940984498863,-11.67782388291,
    7.102520789655));
#1544 = CARTESIAN_POINT('',(-2.935020005242,-11.71610006742,
    6.394527958717));
#1545 = CARTESIAN_POINT('',(-2.677820060925,-11.75437625193,
    5.68260791085));
#1546 = CARTESIAN_POINT('',(-2.212485894543,-11.79265243644,
    5.153710975625));
#1547 = CARTESIAN_POINT('',(-1.574973253825,-11.84509120675,
    4.429116681458));
#1548 = CARTESIAN_POINT('',(-0.546807568911,-11.89752997705,
    4.048043675633));
#1549 = CARTESIAN_POINT('',(0.408819564821,-11.94996874736,
    4.181862358914));
#1550 = CARTESIAN_POINT('',(1.364446698553,-12.00240751766,
    4.315681042194));
#1551 = CARTESIAN_POINT('',(2.247535281102,-12.05484628796,
    4.964391414579));
#1552 = CARTESIAN_POINT('',(2.661668666386,-12.10728505827,
    5.836293031993));
#1553 = CARTESIAN_POINT('',(3.037364114659,-12.15485670551,
    6.627268791603));
#1554 = CARTESIAN_POINT('',(3.027116947853,-12.20242835275,
    7.601927370535));
#1555 = CARTESIAN_POINT('',(2.647873488355,-12.25,8.392013755974));
#1556 = ORIENTED_EDGE('',*,*,#1557,.T.);
#1557 = EDGE_CURVE('',#1540,#1340,#1558,.T.);
#1558 = B_SPLINE_CURVE_WITH_KNOTS('',3,(#1559,#1560,#1561,#1562,#1563,
    #1564,#1565,#1566,#1567,#1568,#1569,#1570,#1571,#1572,#1573,#1574,
    #1575,#1576,#1577,#1578,#1579,#1580,#1581,#1582,#1583,#1584,#1585,
    #1586,#1587,#1588,#1589,#1590,#1591,#1592,#1593,#1594,#1595,#1596,
    #1597,#1598,#1599,#1600,#1601,#1602,#1603,#1604,#1605,#1606,#1607,
    #1608,#1609,#1610,#1611,#1612,#1613,#1614,#1615,#1616,#1617,#1618,
    #1619,#1620,#1621,#1622,#1623,#1624,#1625,#1626,#1627,#1628),
  .UNSPECIFIED.,.F.,.F.,(4,3,3,3,3,3,3,3,3,3,3,3,3,3,3,3,3,3,3,3,3,3,3,4
    ),(0.,2.704935547743E-02,5.623864273445E-02,8.727359857376E-02,
    0.100851391753,0.111465991648,0.115263005822,0.14400429559,
    0.172665267207,0.200840801902,0.213800487845,0.219673556011,
    0.223799099106,0.251384655225,0.278173492446,0.304518289449,
    0.319605222331,0.324575033,0.328995161908,0.355881295034,
    0.382983723108,0.409785156098,0.425213752504,0.440621458227),
  .UNSPECIFIED.);
#1559 = CARTESIAN_POINT('',(2.647873488355,-12.25,8.392013755974));
#1560 = CARTESIAN_POINT('',(2.601587389291,-12.25,8.468976599228));
#1561 = CARTESIAN_POINT('',(2.551707538916,-12.25,8.543464005427));
#1562 = CARTESIAN_POINT('',(2.498239446053,-12.25,8.615189901088));
#1563 = CARTESIAN_POINT('',(2.440541379164,-12.25,8.69259018421));
#1564 = CARTESIAN_POINT('',(2.378664722172,-12.25,8.766775638909));
#1565 = CARTESIAN_POINT('',(2.31298806515,-12.25,8.83759618116));
#1566 = CARTESIAN_POINT('',(2.243158605718,-12.25,8.912894778961));
#1567 = CARTESIAN_POINT('',(2.169032556298,-12.25,8.984390429574));
#1568 = CARTESIAN_POINT('',(2.091032302637,-12.25,9.051849353614));
#1569 = CARTESIAN_POINT('',(2.05690719166,-12.25,9.081362632881));
#1570 = CARTESIAN_POINT('',(2.022040209512,-12.25,9.110102507822));
#1571 = CARTESIAN_POINT('',(1.986465628464,-12.25,9.138045749773));
#1572 = CARTESIAN_POINT('',(1.958654780322,-12.25,9.159890708606));
#1573 = CARTESIAN_POINT('',(1.930411468048,-12.25,9.181248760275));
#1574 = CARTESIAN_POINT('',(1.901751949848,-12.25,9.202107797897));
#1575 = CARTESIAN_POINT('',(1.891499976346,-12.25,9.209569413249));
#1576 = CARTESIAN_POINT('',(1.881195914305,-12.25,9.216966263321));
#1577 = CARTESIAN_POINT('',(1.870848351429,-12.25,9.224292434441));
#1578 = CARTESIAN_POINT('',(1.792523043883,-12.25,9.279747483418));
#1579 = CARTESIAN_POINT('',(1.711585484362,-12.25,9.331245920309));
#1580 = CARTESIAN_POINT('',(1.62840228758,-12.25,9.378640936509));
#1581 = CARTESIAN_POINT('',(1.545451548024,-12.25,9.425903506321));
#1582 = CARTESIAN_POINT('',(1.460266735653,-12.25,9.469085845954));
#1583 = CARTESIAN_POINT('',(1.373193948046,-12.25,9.507993963417));
#1584 = CARTESIAN_POINT('',(1.28759593061,-12.25,9.546243085888));
#1585 = CARTESIAN_POINT('',(1.2001724675,-12.25,9.580361693098));
#1586 = CARTESIAN_POINT('',(1.111249192357,-12.25,9.610115606779));
#1587 = CARTESIAN_POINT('',(1.070347831251,-12.25,9.623801287674));
#1588 = CARTESIAN_POINT('',(1.029129197622,-12.25,9.636562836712));
#1589 = CARTESIAN_POINT('',(0.987625515475,-12.25,9.648373699598));
#1590 = CARTESIAN_POINT('',(0.968816884198,-12.25,9.653726144335));
#1591 = CARTESIAN_POINT('',(0.949949719366,-12.25,9.658883311584));
#1592 = CARTESIAN_POINT('',(0.931027063696,-12.25,9.663842562487));
#1593 = CARTESIAN_POINT('',(0.917734823723,-12.25,9.667326193655));
#1594 = CARTESIAN_POINT('',(0.904416610248,-12.25,9.670711733266));
#1595 = CARTESIAN_POINT('',(0.891085162573,-12.25,9.673995609667));
#1596 = CARTESIAN_POINT('',(0.801944075079,-12.25,9.695953338546));
#1597 = CARTESIAN_POINT('',(0.712069607727,-12.25,9.713407620874));
#1598 = CARTESIAN_POINT('',(0.621776675754,-12.25,9.726186483631));
#1599 = CARTESIAN_POINT('',(0.534091560894,-12.25,9.738596270577));
#1600 = CARTESIAN_POINT('',(0.446011050734,-12.25,9.746596786246));
#1601 = CARTESIAN_POINT('',(0.35782644985,-12.25,9.749982633128));
#1602 = CARTESIAN_POINT('',(0.271103558895,-12.25,9.753312357672));
#1603 = CARTESIAN_POINT('',(0.184279362066,-12.25,9.752179187117));
#1604 = CARTESIAN_POINT('',(9.764388863289E-02,-12.25,9.746340321206));
#1605 = CARTESIAN_POINT('',(4.803016138668E-02,-12.25,9.742996565015));
#1606 = CARTESIAN_POINT('',(-1.521382957259E-03,-12.25,9.738108526129));
#1607 = CARTESIAN_POINT('',(-5.095305176307E-02,-12.25,9.731701479983));
#1608 = CARTESIAN_POINT('',(-6.72364167754E-02,-12.25,9.729590924674));
#1609 = CARTESIAN_POINT('',(-8.350675159315E-02,-12.25,9.72731551042));
#1610 = CARTESIAN_POINT('',(-9.976192464589E-02,-12.25,9.724876059672));
#1611 = CARTESIAN_POINT('',(-0.11421920785,-12.25,9.722706422337));
#1612 = CARTESIAN_POINT('',(-0.12865715625,-12.25,9.720408089215));
#1613 = CARTESIAN_POINT('',(-0.143067672399,-12.25,9.71798324069));
#1614 = CARTESIAN_POINT('',(-0.230721915897,-12.25,9.703233716049));
#1615 = CARTESIAN_POINT('',(-0.317441423749,-12.25,9.683795755412));
#1616 = CARTESIAN_POINT('',(-0.402926935317,-12.25,9.659900603288));
#1617 = CARTESIAN_POINT('',(-0.489100165129,-12.25,9.635813218214));
#1618 = CARTESIAN_POINT('',(-0.57402031262,-12.25,9.607196040362));
#1619 = CARTESIAN_POINT('',(-0.657357388239,-12.25,9.574238182706));
#1620 = CARTESIAN_POINT('',(-0.73976893608,-12.25,9.541646349566));
#1621 = CARTESIAN_POINT('',(-0.820633088879,-12.25,9.504809026067));
#1622 = CARTESIAN_POINT('',(-0.899596399214,-12.25,9.463872395953));
#1623 = CARTESIAN_POINT('',(-0.945052664428,-12.25,9.440306687937));
#1624 = CARTESIAN_POINT('',(-0.989878321115,-12.25,9.415381894496));
#1625 = CARTESIAN_POINT('',(-1.033999320761,-12.25,9.389121611873));
#1626 = CARTESIAN_POINT('',(-1.078062636346,-12.25,9.362895662102));
#1627 = CARTESIAN_POINT('',(-1.121315436987,-12.25,9.335401899176));
#1628 = CARTESIAN_POINT('',(-1.163695001067,-12.25,9.306676517172));
#1629 = B_SPLINE_SURFACE_WITH_KNOTS('',3,3,(
    (#1630,#1631,#1632,#1633,#1634,#1635,#1636,#1637,#1638,#1639,#1640
      ,#1641,#1642,#1643,#1644,#1645,#1646,#1647,#1648,#1649,#1650,#1651
      ,#1652,#1653,#1654,#1655,#1656,#1657,#1658,#1659,#1660,#1661,#1662
      ,#1663,#1664,#1665,#1666,#1667,#1668,#1669,#1670,#1671,#1672,#1673
      ,#1674,#1675,#1676,#1677)
    ,(#1678,#1679,#1680,#1681,#1682,#1683,#1684,#1685,#1686,#1687,#1688
      ,#1689,#1690,#1691,#1692,#1693,#1694,#1695,#1696,#1697,#1698,#1699
      ,#1700,#1701,#1702,#1703,#1704,#1705,#1706,#1707,#1708,#1709,#1710
      ,#1711,#1712,#1713,#1714,#1715,#1716,#1717,#1718,#1719,#1720,#1721
      ,#1722,#1723,#1724,#1725)
    ,(#1726,#1727,#1728,#1729,#1730,#1731,#1732,#1733,#1734,#1735,#1736
      ,#1737,#1738,#1739,#1740,#1741,#1742,#1743,#1744,#1745,#1746,#1747
      ,#1748,#1749,#1750,#1751,#1752,#1753,#1754,#1755,#1756,#1757,#1758
      ,#1759,#1760,#1761,#1762,#1763,#1764,#1765,#1766,#1767,#1768,#1769
      ,#1770,#1771,#1772,#1773)
    ,(#1774,#1775,#1776,#1777,#1778,#1779,#1780,#1781,#1782,#1783,#1784
      ,#1785,#1786,#1787,#1788,#1789,#1790,#1791,#1792,#1793,#1794,#1795
      ,#1796,#1797,#1798,#1799,#1800,#1801,#1802,#1803,#1804,#1805,#1806
      ,#1807,#1808,#1809,#1810,#1811,#1812,#1813,#1814,#1815,#1816,#1817
      ,#1818,#1819,#1820,#1821
    )),.UNSPECIFIED.,.F.,.F.,.F.,(4,4),(4,1,1,1,1,1,1,1,1,1,1,1,1,1,1,1,
    1,1,1,1,1,1,1,1,1,1,1,1,1,1,1,1,1,1,1,1,1,1,1,1,1,1,1,1,1,4),(0.,
    6.584679820108E-02),(8.307477552401,9.295925085698,10.284372618995,
    11.272820152292,12.26126768559,13.249715218887,14.238162752184,
    15.226610285481,16.215057818778,17.203505352075,18.191952885373,
    19.18040041867,20.168847951967,21.157295485264,22.145743018561,
    23.134190551858,24.122638085155,25.111085618452,26.09953315175,
    27.087980685047,28.076428218344,29.064875751641,30.053323284938,
    31.041770818235,32.030218351532,33.01866588483,34.007113418127,
    34.995560951424,35.984008484721,36.972456018018,37.960903551315,
    38.949351084612,39.93779861791,40.926246151207,41.914693684504,
    42.903141217801,43.891588751098,44.880036284395,45.868483817692,
    46.85693135099,47.845378884287,48.833826417584,49.822273950881,
    50.810721484178,51.799169017475,52.787616550772),.UNSPECIFIED.);
#1630 = CARTESIAN_POINT('',(-1.039089193525,-5.170766008995,
    9.23201587949));
#1631 = CARTESIAN_POINT('',(-1.741551139203,-5.223204779298,
    8.889654162752));
#1632 = CARTESIAN_POINT('',(-2.77021256433,-5.328082319906,
    7.462539573822));
#1633 = CARTESIAN_POINT('',(-1.824913300899,-5.485398630817,
    4.981139617545));
#1634 = CARTESIAN_POINT('',(0.765282898831,-5.642714941728,
    4.412838929091));
#1635 = CARTESIAN_POINT('',(2.665467714607,-5.80003125264,6.260062834377
    ));
#1636 = CARTESIAN_POINT('',(2.16729831095,-5.957347563551,8.864777420474
    ));
#1637 = CARTESIAN_POINT('',(-0.281822462538,-6.114663874462,
    9.880362864628));
#1638 = CARTESIAN_POINT('',(-2.477127455751,-6.271980185373,
    8.393953390168));
#1639 = CARTESIAN_POINT('',(-2.443040460057,-6.429296496284,
    5.742744862541));
#1640 = CARTESIAN_POINT('',(-0.210109438367,-6.586612807196,
    4.313207839769));
#1641 = CARTESIAN_POINT('',(2.211902547344,-6.743929118107,
    5.391800645202));
#1642 = CARTESIAN_POINT('',(2.643156992729,-6.901245429018,8.00784525101
    ));
#1643 = CARTESIAN_POINT('',(0.695495877576,-7.058561739929,
    9.806791136842));
#1644 = CARTESIAN_POINT('',(-1.878126339391,-7.215878050841,
    9.169562673283));
#1645 = CARTESIAN_POINT('',(-2.761388011364,-7.373194361752,
    6.669670553251));
#1646 = CARTESIAN_POINT('',(-1.15932840742,-7.530510672663,
    4.557088024195));
#1647 = CARTESIAN_POINT('',(1.486156243868,-7.687826983574,
    4.733190850606));
#1648 = CARTESIAN_POINT('',(2.79406215664,-7.845143294486,7.039483495414
    ));
#1649 = CARTESIAN_POINT('',(1.587239935846,-8.002459605397,
    9.400242284415));
#1650 = CARTESIAN_POINT('',(-1.048139115155,-8.159775916308,
    9.690723816969));
#1651 = CARTESIAN_POINT('',(-2.740165954029,-8.317092227219,
    7.649487008545));
#1652 = CARTESIAN_POINT('',(-1.965972728515,-8.47440853813,
    5.113697754434));
#1653 = CARTESIAN_POINT('',(0.577646658806,-8.631724849042,
    4.365631742934));
#1654 = CARTESIAN_POINT('',(2.601369160874,-8.789041159953,
    6.078567713193));
#1655 = CARTESIAN_POINT('',(2.283792297374,-8.946357470864,
    8.710819084337));
#1656 = CARTESIAN_POINT('',(-8.925652831686E-02,-9.103673781775,
    9.893291732049));
#1657 = CARTESIAN_POINT('',(-2.381972215506,-9.260990092687,
    8.561729751045));
#1658 = CARTESIAN_POINT('',(-2.530851384183,-9.418306403598,
    5.91457330377));
#1659 = CARTESIAN_POINT('',(-0.401899165287,-9.575622714509,
    4.334331429214));
#1660 = CARTESIAN_POINT('',(2.088772956375,-9.73293902542,5.243262682134
    ));
#1661 = CARTESIAN_POINT('',(2.699494976868,-9.890255336332,
    7.823305290183));
#1662 = CARTESIAN_POINT('',(0.880602957983,-10.04757164724,
    9.752354729751));
#1663 = CARTESIAN_POINT('',(-1.730856537528,-10.20488795815,
    9.294215999363));
#1664 = CARTESIAN_POINT('',(-2.784496423357,-10.36220426906,
    6.861227215701));
#1665 = CARTESIAN_POINT('',(-1.332025611339,-10.51952057997,
    4.643138249976));
#1666 = CARTESIAN_POINT('',(1.319317991961,-10.67683689088,4.63629182922
    ));
#1667 = CARTESIAN_POINT('',(2.783211490977,-10.83415320179,
    6.846839345651));
#1668 = CARTESIAN_POINT('',(1.742200892178,-10.99146951271,9.2852515299)
  );
#1669 = CARTESIAN_POINT('',(-0.866948218935,-11.14878582362,
    9.756854642928));
#1670 = CARTESIAN_POINT('',(-2.695602488816,-11.30610213453,
    7.837271172423));
#1671 = CARTESIAN_POINT('',(-2.09857062473,-11.46341844544,
    5.254025285796));
#1672 = CARTESIAN_POINT('',(0.388056122241,-11.62073475635,
    4.332397242053));
#1673 = CARTESIAN_POINT('',(2.523812762956,-11.77805106726,
    5.901308349161));
#1674 = CARTESIAN_POINT('',(2.391225782089,-11.93536737817,
    8.549798998209));
#1675 = CARTESIAN_POINT('',(0.100085962704,-12.09268368908,
    9.892041438487));
#1676 = CARTESIAN_POINT('',(-1.47735650286,-12.19756122969,
    9.113275976157));
#1677 = CARTESIAN_POINT('',(-1.931062088558,-12.25,8.477024790131));
#1678 = CARTESIAN_POINT('',(-1.122366747034,-5.280510672663,
    9.402885779393));
#1679 = CARTESIAN_POINT('',(-1.881127336403,-5.332949442967,
    9.033085565206));
#1680 = CARTESIAN_POINT('',(-2.99223058405,-5.437826983574,
    7.491595220773));
#1681 = CARTESIAN_POINT('',(-1.9711705385,-5.595143294486,4.811324061789
    ));
#1682 = CARTESIAN_POINT('',(0.826616312703,-5.752459605397,
    4.197477051338));
#1683 = CARTESIAN_POINT('',(2.879090983537,-5.909775916308,
    6.192746272247));
#1684 = CARTESIAN_POINT('',(2.340995912836,-6.067092227219,
    9.006215082401));
#1685 = CARTESIAN_POINT('',(-0.304409056019,-6.22440853813,
    10.103194377724));
#1686 = CARTESIAN_POINT('',(-2.675656239931,-6.381724849042,
    8.497656973422));
#1687 = CARTESIAN_POINT('',(-2.638837350166,-6.539041159953,
    5.633967975975));
#1688 = CARTESIAN_POINT('',(-0.226948608772,-6.696357470864,
    4.089861052324));
#1689 = CARTESIAN_POINT('',(2.389174945029,-6.853673781775,
    5.254897418741));
#1690 = CARTESIAN_POINT('',(2.85499217422,-7.010990092687,8.080604290311
    ));
#1691 = CARTESIAN_POINT('',(0.751236227414,-7.168306403598,
    10.023726261508));
#1692 = CARTESIAN_POINT('',(-2.028648323164,-7.325622714509,
    9.335427275995));
#1693 = CARTESIAN_POINT('',(-2.982698789408,-7.48293902542,
    6.635181903238));
#1694 = CARTESIAN_POINT('',(-1.252242503809,-7.640255336332,
    4.353286955476));
#1695 = CARTESIAN_POINT('',(1.605263878605,-7.797571647243,
    4.543503500556));
#1696 = CARTESIAN_POINT('',(3.017991596199,-7.954887958154,
    7.034633414709));
#1697 = CARTESIAN_POINT('',(1.714448898766,-8.112204269065,9.58459464908
    ));
#1698 = CARTESIAN_POINT('',(-1.132141972457,-8.269520579976,
    9.898356754199));
#1699 = CARTESIAN_POINT('',(-2.959775895392,-8.426836890888,
    7.693525512691));
#1700 = CARTESIAN_POINT('',(-2.123535140017,-8.584153201799,
    4.954506038677));
#1701 = CARTESIAN_POINT('',(0.62394201135,-8.74146951271,4.1464864566));
#1702 = CARTESIAN_POINT('',(2.809855266631,-8.898785823621,
    5.996705268226));
#1703 = CARTESIAN_POINT('',(2.466826281784,-9.056102134533,
    8.839917792442));
#1704 = CARTESIAN_POINT('',(-9.640997131221E-02,-9.213418445444,
    10.117159426114));
#1705 = CARTESIAN_POINT('',(-2.572874805842,-9.370734756355,
    8.67887973039));
#1706 = CARTESIAN_POINT('',(-2.733685859687,-9.528051067266,
    5.819567566302));
#1707 = CARTESIAN_POINT('',(-0.434109277231,-9.685367378178,
    4.112677586764));
#1708 = CARTESIAN_POINT('',(2.256177162604,-9.842683689089,
    5.094454916347));
#1709 = CARTESIAN_POINT('',(2.915845352548,-10.,7.881274418707));
#1710 = CARTESIAN_POINT('',(0.951178670261,-10.15731631091,
    9.964927061664));
#1711 = CARTESIAN_POINT('',(-1.869575618449,-10.31463262182,
    9.470070912913));
#1712 = CARTESIAN_POINT('',(-3.007659219523,-10.47194893273,
    6.842090828329));
#1713 = CARTESIAN_POINT('',(-1.438780483602,-10.62926524364,
    4.446233655907));
#1714 = CARTESIAN_POINT('',(1.425054415125,-10.78658155455,
    4.438838530406));
#1715 = CARTESIAN_POINT('',(3.006271306546,-10.94389786546,
    6.826549845894));
#1716 = CARTESIAN_POINT('',(1.881829163675,-11.10121417637,
    9.460387988201));
#1717 = CARTESIAN_POINT('',(-0.936429575436,-11.25853048729,9.9697876193
    ));
#1718 = CARTESIAN_POINT('',(-2.911640901977,-11.4158467982,7.89635959322
    ));
#1719 = CARTESIAN_POINT('',(-2.266760062734,-11.57316310911,
    5.106080086292));
#1720 = CARTESIAN_POINT('',(0.419156786828,-11.73047942002,
    4.110588384638));
#1721 = CARTESIAN_POINT('',(2.726083129854,-11.88779573093,
    5.805239495095));
#1722 = CARTESIAN_POINT('',(2.582869997294,-12.04511204184,
    8.665992790238));
#1723 = CARTESIAN_POINT('',(0.108107328114,-12.20242835275,
    10.115808928076));
#1724 = CARTESIAN_POINT('',(-1.59575888447,-12.30730589336,
    9.274629495064));
#1725 = CARTESIAN_POINT('',(-2.085826595216,-12.35974466366,
    8.587386110755));
#1726 = CARTESIAN_POINT('',(-1.205644300544,-5.390255336332,
    9.573755679295));
#1727 = CARTESIAN_POINT('',(-2.020703533603,-5.442694106635,
    9.17651696766));
#1728 = CARTESIAN_POINT('',(-3.214248603769,-5.547571647243,
    7.520650867725));
#1729 = CARTESIAN_POINT('',(-2.117427776101,-5.704887958154,
    4.641508506033));
#1730 = CARTESIAN_POINT('',(0.887949726576,-5.862204269065,
    3.982115173584));
#1731 = CARTESIAN_POINT('',(3.092714252467,-6.019520579976,
    6.125429710117));
#1732 = CARTESIAN_POINT('',(2.514693514722,-6.176836890888,
    9.147652744328));
#1733 = CARTESIAN_POINT('',(-0.326995649499,-6.334153201799,
    10.32602589082));
#1734 = CARTESIAN_POINT('',(-2.874185024112,-6.49146951271,
    8.601360556675));
#1735 = CARTESIAN_POINT('',(-2.834634240275,-6.648785823621,
    5.525191089409));
#1736 = CARTESIAN_POINT('',(-0.243787779178,-6.806102134533,
    3.866514264878));
#1737 = CARTESIAN_POINT('',(2.566447342713,-6.963418445444,
    5.117994192281));
#1738 = CARTESIAN_POINT('',(3.066827355711,-7.120734756355,
    8.153363329612));
#1739 = CARTESIAN_POINT('',(0.806976577253,-7.278051067266,
    10.240661386175));
#1740 = CARTESIAN_POINT('',(-2.179170306936,-7.435367378178,
    9.501291878706));
#1741 = CARTESIAN_POINT('',(-3.204009567452,-7.592683689089,
    6.600693253224));
#1742 = CARTESIAN_POINT('',(-1.345156600198,-7.75,4.149485886757));
#1743 = CARTESIAN_POINT('',(1.724371513342,-7.907316310911,
    4.353816150507));
#1744 = CARTESIAN_POINT('',(3.241921035758,-8.064632621822,
    7.029783334003));
#1745 = CARTESIAN_POINT('',(1.841657861686,-8.221948932734,
    9.768947013746));
#1746 = CARTESIAN_POINT('',(-1.216144829759,-8.379265243645,
    10.10598969143));
#1747 = CARTESIAN_POINT('',(-3.179385836756,-8.536581554556,
    7.737564016836));
#1748 = CARTESIAN_POINT('',(-2.281097551518,-8.693897865467,
    4.795314322921));
#1749 = CARTESIAN_POINT('',(0.670237363893,-8.851214176379,
    3.927341170265));
#1750 = CARTESIAN_POINT('',(3.018341372389,-9.00853048729,5.914842823259
    ));
#1751 = CARTESIAN_POINT('',(2.649860266195,-9.165846798201,
    8.969016500547));
#1752 = CARTESIAN_POINT('',(-0.103563414308,-9.323163109112,
    10.34102712018));
#1753 = CARTESIAN_POINT('',(-2.763777396179,-9.480479420024,
    8.796029709735));
#1754 = CARTESIAN_POINT('',(-2.936520335191,-9.637795730935,
    5.724561828833));
#1755 = CARTESIAN_POINT('',(-0.466319389174,-9.795112041846,
    3.891023744314));
#1756 = CARTESIAN_POINT('',(2.423581368833,-9.952428352757,4.94564715056
    ));
#1757 = CARTESIAN_POINT('',(3.132195728229,-10.10974466366,
    7.939243547231));
#1758 = CARTESIAN_POINT('',(1.02175438254,-10.26706097458,
    10.177499393576));
#1759 = CARTESIAN_POINT('',(-2.008294699371,-10.42437728549,
    9.645925826463));
#1760 = CARTESIAN_POINT('',(-3.230822015689,-10.5816935964,
    6.822954440957));
#1761 = CARTESIAN_POINT('',(-1.545535355864,-10.73900990731,
    4.249329061838));
#1762 = CARTESIAN_POINT('',(1.530790838289,-10.89632621822,
    4.241385231592));
#1763 = CARTESIAN_POINT('',(3.229331122115,-11.05364252913,
    6.806260346138));
#1764 = CARTESIAN_POINT('',(2.021457435171,-11.21095884004,
    9.635524446501));
#1765 = CARTESIAN_POINT('',(-1.005910931938,-11.36827515095,
    10.182720595672));
#1766 = CARTESIAN_POINT('',(-3.127679315139,-11.52559146187,
    7.955448014017));
#1767 = CARTESIAN_POINT('',(-2.434949500737,-11.68290777278,
    4.958134886787));
#1768 = CARTESIAN_POINT('',(0.450257451416,-11.84022408369,
    3.888779527223));
#1769 = CARTESIAN_POINT('',(2.928353496753,-11.9975403946,5.70917064103)
  );
#1770 = CARTESIAN_POINT('',(2.774514212499,-12.15485670551,
    8.782186582266));
#1771 = CARTESIAN_POINT('',(0.116128693524,-12.31217301642,
    10.339576417665));
#1772 = CARTESIAN_POINT('',(-1.714161266081,-12.41705055703,
    9.435983013971));
#1773 = CARTESIAN_POINT('',(-2.240591101874,-12.46948932733,
    8.69774743138));
#1774 = CARTESIAN_POINT('',(-1.288921854053,-5.5,9.744625579197));
#1775 = CARTESIAN_POINT('',(-2.160279730804,-5.552438770304,
    9.319948370113));
#1776 = CARTESIAN_POINT('',(-3.436266623489,-5.657316310911,
    7.549706514676));
#1777 = CARTESIAN_POINT('',(-2.263685013701,-5.814632621822,
    4.471692950276));
#1778 = CARTESIAN_POINT('',(0.949283140449,-5.971948932734,
    3.766753295831));
#1779 = CARTESIAN_POINT('',(3.306337521397,-6.129265243645,
    6.058113147987));
#1780 = CARTESIAN_POINT('',(2.688391116608,-6.286581554556,
    9.289090406255));
#1781 = CARTESIAN_POINT('',(-0.34958224298,-6.443897865467,
    10.548857403916));
#1782 = CARTESIAN_POINT('',(-3.072713808293,-6.601214176379,
    8.705064139928));
#1783 = CARTESIAN_POINT('',(-3.030431130384,-6.75853048729,
    5.416414202844));
#1784 = CARTESIAN_POINT('',(-0.260626949583,-6.915846798201,
    3.643167477433));
#1785 = CARTESIAN_POINT('',(2.743719740397,-7.073163109112,4.98109096582
    ));
#1786 = CARTESIAN_POINT('',(3.278662537202,-7.230479420024,
    8.226122368913));
#1787 = CARTESIAN_POINT('',(0.862716927091,-7.387795730935,
    10.457596510842));
#1788 = CARTESIAN_POINT('',(-2.329692290709,-7.545112041846,
    9.667156481417));
#1789 = CARTESIAN_POINT('',(-3.425320345497,-7.702428352757,
    6.566204603211));
#1790 = CARTESIAN_POINT('',(-1.438070696587,-7.859744663668,
    3.945684818038));
#1791 = CARTESIAN_POINT('',(1.84347914808,-8.01706097458,4.164128800457)
  );
#1792 = CARTESIAN_POINT('',(3.465850475317,-8.174377285491,
    7.024933253298));
#1793 = CARTESIAN_POINT('',(1.968866824606,-8.331693596402,
    9.953299378412));
#1794 = CARTESIAN_POINT('',(-1.300147687061,-8.489009907313,
    10.31362262866));
#1795 = CARTESIAN_POINT('',(-3.398995778119,-8.646326218225,
    7.781602520982));
#1796 = CARTESIAN_POINT('',(-2.43865996302,-8.803642529136,
    4.636122607165));
#1797 = CARTESIAN_POINT('',(0.716532716437,-8.960958840047,
    3.708195883931));
#1798 = CARTESIAN_POINT('',(3.226827478146,-9.118275150958,
    5.832980378292));
#1799 = CARTESIAN_POINT('',(2.832894250605,-9.27559146187,9.098115208652
    ));
#1800 = CARTESIAN_POINT('',(-0.110716857303,-9.432907772781,
    10.564894814246));
#1801 = CARTESIAN_POINT('',(-2.954679986515,-9.590224083692,
    8.91317968908));
#1802 = CARTESIAN_POINT('',(-3.139354810695,-9.747540394603,
    5.629556091364));
#1803 = CARTESIAN_POINT('',(-0.498529501118,-9.904856705514,
    3.669369901864));
#1804 = CARTESIAN_POINT('',(2.590985575063,-10.06217301642,
    4.796839384774));
#1805 = CARTESIAN_POINT('',(3.348546103909,-10.21948932733,
    7.997212675754));
#1806 = CARTESIAN_POINT('',(1.092330094818,-10.37680563824,
    10.390071725489));
#1807 = CARTESIAN_POINT('',(-2.147013780292,-10.53412194915,
    9.821780740013));
#1808 = CARTESIAN_POINT('',(-3.453984811855,-10.69143826007,
    6.803818053585));
#1809 = CARTESIAN_POINT('',(-1.652290228127,-10.84875457098,
    4.052424467769));
#1810 = CARTESIAN_POINT('',(1.636527261452,-11.00607088189,
    4.043931932778));
#1811 = CARTESIAN_POINT('',(3.452390937685,-11.1633871928,6.785970846381
    ));
#1812 = CARTESIAN_POINT('',(2.161085706668,-11.32070350371,
    9.810660904802));
#1813 = CARTESIAN_POINT('',(-1.075392288439,-11.47801981462,
    10.395653572043));
#1814 = CARTESIAN_POINT('',(-3.3437177283,-11.63533612553,8.014536434814
    ));
#1815 = CARTESIAN_POINT('',(-2.60313893874,-11.79265243644,
    4.810189687282));
#1816 = CARTESIAN_POINT('',(0.481358116004,-11.94996874736,
    3.666970669809));
#1817 = CARTESIAN_POINT('',(3.130623863652,-12.10728505827,
    5.613101786964));
#1818 = CARTESIAN_POINT('',(2.966158427704,-12.26460136918,
    8.898380374294));
#1819 = CARTESIAN_POINT('',(0.124150058934,-12.42191768009,
    10.563343907254));
#1820 = CARTESIAN_POINT('',(-1.832563647692,-12.5267952207,
    9.597336532878));
#1821 = CARTESIAN_POINT('',(-2.395355608532,-12.579233991,8.808108752004
    ));
#1822 = ADVANCED_FACE('',(#1823),#1869,.F.);
#1823 = FACE_BOUND('',#1824,.T.);
#1824 = EDGE_LOOP('',(#1825,#1834,#1861,#1868));
#1825 = ORIENTED_EDGE('',*,*,#1826,.T.);
#1826 = EDGE_CURVE('',#1430,#1827,#1829,.T.);
#1827 = VERTEX_POINT('',#1828);
#1828 = CARTESIAN_POINT('',(2.20854197137,-5.499999999999,5.934176702797
    ));
#1829 = CIRCLE('',#1830,2.5);
#1830 = AXIS2_PLACEMENT_3D('',#1831,#1832,#1833);
#1831 = CARTESIAN_POINT('',(-2.1E-16,-5.5,7.1));
#1832 = DIRECTION('',(0.,-1.,0.));
#1833 = DIRECTION('',(1.,0.,0.));
#1834 = ORIENTED_EDGE('',*,*,#1835,.T.);
#1835 = EDGE_CURVE('',#1827,#1836,#1838,.T.);
#1836 = VERTEX_POINT('',#1837);
#1837 = CARTESIAN_POINT('',(1.377024790131,-5.5,5.168937911442));
#1838 = B_SPLINE_CURVE_WITH_KNOTS('',3,(#1839,#1840,#1841,#1842,#1843,
    #1844,#1845,#1846,#1847,#1848,#1849,#1850,#1851,#1852,#1853,#1854,
    #1855,#1856,#1857,#1858,#1859,#1860),.UNSPECIFIED.,.F.,.F.,(4,3,3,3,
    3,3,3,4),(-0.11432000447,-0.100030003911,-9.512558464292E-02,
    -9.115909714712E-02,-6.560030066595E-02,-4.04344797959E-02,
    -1.605470297815E-02,0.),.UNSPECIFIED.);
#1839 = CARTESIAN_POINT('',(2.206677913065,-5.5,5.936302541467));
#1840 = CARTESIAN_POINT('',(2.179959001979,-5.5,5.896883485554));
#1841 = CARTESIAN_POINT('',(2.15213981432,-5.5,5.858168877039));
#1842 = CARTESIAN_POINT('',(2.123239682464,-5.5,5.820220708114));
#1843 = CARTESIAN_POINT('',(2.113320973018,-5.5,5.807196654678));
#1844 = CARTESIAN_POINT('',(2.10327492223,-5.5,5.794262919323));
#1845 = CARTESIAN_POINT('',(2.093102263758,-5.5,5.781422133218));
#1846 = CARTESIAN_POINT('',(2.084875046543,-5.5,5.771037046882));
#1847 = CARTESIAN_POINT('',(2.076564355284,-5.5,5.760712050567));
#1848 = CARTESIAN_POINT('',(2.068180260411,-5.5,5.750460120952));
#1849 = CARTESIAN_POINT('',(2.014155792977,-5.5,5.684399914575));
#1850 = CARTESIAN_POINT('',(1.956990597461,-5.5,5.621248283841));
#1851 = CARTESIAN_POINT('',(1.896846022624,-5.5,5.561299690694));
#1852 = CARTESIAN_POINT('',(1.837626192075,-5.5,5.502272828547));
#1853 = CARTESIAN_POINT('',(1.775517251573,-5.5,5.446350744782));
#1854 = CARTESIAN_POINT('',(1.710646948865,-5.5,5.393856742332));
#1855 = CARTESIAN_POINT('',(1.64780284335,-5.5,5.343002368433));
#1856 = CARTESIAN_POINT('',(1.582366607161,-5.5,5.295364982216));
#1857 = CARTESIAN_POINT('',(1.514438455593,-5.5,5.251284112091));
#1858 = CARTESIAN_POINT('',(1.469706040468,-5.5,5.222255738198));
#1859 = CARTESIAN_POINT('',(1.423892686115,-5.5,5.194770603276));
#1860 = CARTESIAN_POINT('',(1.377024790131,-5.5,5.168937911442));
#1861 = ORIENTED_EDGE('',*,*,#1862,.T.);
#1862 = EDGE_CURVE('',#1836,#1416,#1863,.T.);
#1863 = CIRCLE('',#1864,2.37175);
#1864 = AXIS2_PLACEMENT_3D('',#1865,#1866,#1867);
#1865 = CARTESIAN_POINT('',(-2.1E-16,-5.5,7.1));
#1866 = DIRECTION('',(0.,1.,0.));
#1867 = DIRECTION('',(1.,-0.,2.247E-14));
#1868 = ORIENTED_EDGE('',*,*,#1429,.T.);
#1869 = PLANE('',#1870);
#1870 = AXIS2_PLACEMENT_3D('',#1871,#1872,#1873);
#1871 = CARTESIAN_POINT('',(-3.9E-16,-5.5,7.1));
#1872 = DIRECTION('',(0.,1.,0.));
#1873 = DIRECTION('',(0.,-0.,1.));
#1874 = ADVANCED_FACE('',(#1875),#1891,.T.);
#1875 = FACE_BOUND('',#1876,.T.);
#1876 = EDGE_LOOP('',(#1877,#1878,#1879,#1880));
#1877 = ORIENTED_EDGE('',*,*,#770,.T.);
#1878 = ORIENTED_EDGE('',*,*,#1415,.F.);
#1879 = ORIENTED_EDGE('',*,*,#1862,.F.);
#1880 = ORIENTED_EDGE('',*,*,#1881,.T.);
#1881 = EDGE_CURVE('',#1836,#771,#1882,.T.);
#1882 = B_SPLINE_CURVE_WITH_KNOTS('',3,(#1883,#1884,#1885,#1886,#1887,
    #1888,#1889,#1890),.UNSPECIFIED.,.F.,.F.,(4,1,1,1,1,4),(
    11.615032847818,12.603480381115,13.591927914413,14.58037544771,
    15.568822981007,15.707963267949),.UNSPECIFIED.);
#1883 = CARTESIAN_POINT('',(1.377024790131,-5.5,5.168937911442));
#1884 = CARTESIAN_POINT('',(2.013275976157,-5.552438770304,5.62264349714
    ));
#1885 = CARTESIAN_POINT('',(2.792047305277,-5.657316310911,7.20007573716
    ));
#1886 = CARTESIAN_POINT('',(1.449795285931,-5.814632621822,
    9.491230915724));
#1887 = CARTESIAN_POINT('',(-1.198689767992,-5.971948932734,
    9.623808501525));
#1888 = CARTESIAN_POINT('',(-2.318248501739,-6.084208094825,
    8.099760940535));
#1889 = CARTESIAN_POINT('',(-2.374659270681,-6.144028486612,
    7.211527473104));
#1890 = CARTESIAN_POINT('',(-2.373780414354,-6.151410108095,
    7.101805430627));
#1891 = CYLINDRICAL_SURFACE('',#1892,2.37175);
#1892 = AXIS2_PLACEMENT_3D('',#1893,#1894,#1895);
#1893 = CARTESIAN_POINT('',(-2.1E-16,-3.651410108095,7.1));
#1894 = DIRECTION('',(0.,-1.,0.));
#1895 = DIRECTION('',(1.,0.,2.247E-14));
#1896 = ADVANCED_FACE('',(#1897),#2080,.F.);
#1897 = FACE_BOUND('',#1898,.F.);
#1898 = EDGE_LOOP('',(#1899,#1977,#1990,#1991,#1992,#1993,#1994,#1995,
    #1996,#1997,#2070,#2071,#2072,#2073,#2074,#2075,#2076,#2077,#2078,
    #2079));
#1899 = ORIENTED_EDGE('',*,*,#1900,.T.);
#1900 = EDGE_CURVE('',#1329,#1901,#1903,.T.);
#1901 = VERTEX_POINT('',#1902);
#1902 = CARTESIAN_POINT('',(2.644625579197,-12.25,5.811078145947));
#1903 = B_SPLINE_CURVE_WITH_KNOTS('',3,(#1904,#1905,#1906,#1907,#1908,
    #1909,#1910,#1911,#1912,#1913,#1914,#1915,#1916,#1917,#1918,#1919,
    #1920,#1921,#1922,#1923,#1924,#1925,#1926,#1927,#1928,#1929,#1930,
    #1931,#1932,#1933,#1934,#1935,#1936,#1937,#1938,#1939,#1940,#1941,
    #1942,#1943,#1944,#1945,#1946,#1947,#1948,#1949,#1950,#1951,#1952,
    #1953,#1954,#1955,#1956,#1957,#1958,#1959,#1960,#1961,#1962,#1963,
    #1964,#1965,#1966,#1967,#1968,#1969,#1970,#1971,#1972,#1973,#1974,
    #1975,#1976),.UNSPECIFIED.,.F.,.F.,(4,3,3,3,3,3,3,3,3,3,3,3,3,3,3,3,
    3,3,3,3,3,3,3,3,4),(0.114320004474,0.140631698727,0.167282627396,
    0.18067766754,0.187751216263,0.192059027455,0.195973939754,
    0.223391678339,0.250731782021,0.274442948548,0.292244844447,
    0.297357563649,0.324169293796,0.352741304369,0.377741813619,
    0.390077827638,0.399001356398,0.403654897357,0.432421844758,
    0.462502728163,0.471965603199,0.479371690607,0.508939263577,
    0.538143685901,0.552745378375),.UNSPECIFIED.);
#1904 = CARTESIAN_POINT('',(-1.167404843533,-12.25,4.893068775852));
#1905 = CARTESIAN_POINT('',(-1.094431000389,-12.25,4.844291894945));
#1906 = CARTESIAN_POINT('',(-1.019004224967,-12.25,4.799242592077));
#1907 = CARTESIAN_POINT('',(-0.94150978125,-12.25,4.758023866735));
#1908 = CARTESIAN_POINT('',(-0.863016208319,-12.25,4.716273711902));
#1909 = CARTESIAN_POINT('',(-0.782400567642,-12.25,4.678452918544));
#1910 = CARTESIAN_POINT('',(-0.700022850739,-12.25,4.644703572512));
#1911 = CARTESIAN_POINT('',(-0.658618934254,-12.25,4.62774079232));
#1912 = CARTESIAN_POINT('',(-0.616769325,-12.25,4.611807137729));
#1913 = CARTESIAN_POINT('',(-0.574516885761,-12.25,4.596924706702));
#1914 = CARTESIAN_POINT('',(-0.552204545941,-12.25,4.589065708159));
#1915 = CARTESIAN_POINT('',(-0.529779845537,-12.25,4.581499902696));
#1916 = CARTESIAN_POINT('',(-0.507248936802,-12.25,4.574230886644));
#1917 = CARTESIAN_POINT('',(-0.493527549613,-12.25,4.569804035295));
#1918 = CARTESIAN_POINT('',(-0.479766769425,-12.25,4.565487263233));
#1919 = CARTESIAN_POINT('',(-0.465967969463,-12.25,4.561281428234));
#1920 = CARTESIAN_POINT('',(-0.453427704983,-12.25,4.557459191272));
#1921 = CARTESIAN_POINT('',(-0.440865571803,-12.25,4.553731483151));
#1922 = CARTESIAN_POINT('',(-0.428282585961,-12.25,4.55009851295));
#1923 = CARTESIAN_POINT('',(-0.340158768607,-12.25,4.52465533067));
#1924 = CARTESIAN_POINT('',(-0.251018507214,-12.25,4.503856796837));
#1925 = CARTESIAN_POINT('',(-0.161262438215,-12.25,4.487818003267));
#1926 = CARTESIAN_POINT('',(-7.176051868364E-02,-12.25,4.471824624461));
#1927 = CARTESIAN_POINT('',(1.835463539703E-02,-12.25,4.460563538999));
#1928 = CARTESIAN_POINT('',(0.108715597454,-12.25,4.454190360376));
#1929 = CARTESIAN_POINT('',(0.187082667446,-12.25,4.44866311361));
#1930 = CARTESIAN_POINT('',(0.265635440579,-12.25,4.446812737495));
#1931 = CARTESIAN_POINT('',(0.34414446935,-12.25,4.448770852051));
#1932 = CARTESIAN_POINT('',(0.403087565032,-12.25,4.450240967469));
#1933 = CARTESIAN_POINT('',(0.462006228309,-12.25,4.453858422175));
#1934 = CARTESIAN_POINT('',(0.520825278423,-12.25,4.459565871302));
#1935 = CARTESIAN_POINT('',(0.537718158187,-12.25,4.461205055404));
#1936 = CARTESIAN_POINT('',(0.554604943615,-12.25,4.463017057481));
#1937 = CARTESIAN_POINT('',(0.57146080078,-12.25,4.464997621381));
#1938 = CARTESIAN_POINT('',(0.659854994906,-12.25,4.475383942774));
#1939 = CARTESIAN_POINT('',(0.747535280626,-12.25,4.490413605509));
#1940 = CARTESIAN_POINT('',(0.83423936277,-12.25,4.509801515723));
#1941 = CARTESIAN_POINT('',(0.926635860054,-12.25,4.53046230757));
#1942 = CARTESIAN_POINT('',(1.017924453936,-12.25,4.556072100522));
#1943 = CARTESIAN_POINT('',(1.107797945727,-12.25,4.586347127751));
#1944 = CARTESIAN_POINT('',(1.186437251043,-12.25,4.612837776576));
#1945 = CARTESIAN_POINT('',(1.263993651761,-12.25,4.642901343939));
#1946 = CARTESIAN_POINT('',(1.340260138463,-12.25,4.67638418214));
#1947 = CARTESIAN_POINT('',(1.377892349859,-12.25,4.692905636056));
#1948 = CARTESIAN_POINT('',(1.415210436571,-12.25,4.710260095204));
#1949 = CARTESIAN_POINT('',(1.452188873888,-12.25,4.728431927092));
#1950 = CARTESIAN_POINT('',(1.478938044923,-12.25,4.741576923866));
#1951 = CARTESIAN_POINT('',(1.505509478966,-12.25,4.755149663592));
#1952 = CARTESIAN_POINT('',(1.53189329025,-12.25,4.769144804862));
#1953 = CARTESIAN_POINT('',(1.545652213404,-12.25,4.776443146682));
#1954 = CARTESIAN_POINT('',(1.559360240548,-12.25,4.783856530794));
#1955 = CARTESIAN_POINT('',(1.573002898947,-12.25,4.791376793664));
#1956 = CARTESIAN_POINT('',(1.657338169665,-12.25,4.837865050314));
#1957 = CARTESIAN_POINT('',(1.73930041651,-12.25,4.88849843048));
#1958 = CARTESIAN_POINT('',(1.818584894096,-12.25,4.943015908859));
#1959 = CARTESIAN_POINT('',(1.901490705851,-12.25,5.000023483828));
#1960 = CARTESIAN_POINT('',(1.98146965202,-12.25,5.061278101159));
#1961 = CARTESIAN_POINT('',(2.05815823881,-12.25,5.12653905882));
#1962 = CARTESIAN_POINT('',(2.082283012799,-12.25,5.147068917561));
#1963 = CARTESIAN_POINT('',(2.106081991457,-12.25,5.167995659084));
#1964 = CARTESIAN_POINT('',(2.129543286033,-12.25,5.189312883019));
#1965 = CARTESIAN_POINT('',(2.147905189543,-12.25,5.205996736833));
#1966 = CARTESIAN_POINT('',(2.166064175529,-12.25,5.222923731309));
#1967 = CARTESIAN_POINT('',(2.183991214951,-12.25,5.24006828228));
#1968 = CARTESIAN_POINT('',(2.255561940095,-12.25,5.308515052342));
#1969 = CARTESIAN_POINT('',(2.323499993234,-12.25,5.38047959072));
#1970 = CARTESIAN_POINT('',(2.387478956086,-12.25,5.455719993598));
#1971 = CARTESIAN_POINT('',(2.450672125605,-12.25,5.530036289484));
#1972 = CARTESIAN_POINT('',(2.510003684414,-12.25,5.607548981401));
#1973 = CARTESIAN_POINT('',(2.565133146531,-12.25,5.688067907686));
#1974 = CARTESIAN_POINT('',(2.592696898458,-12.25,5.728325940765));
#1975 = CARTESIAN_POINT('',(2.619209716693,-12.25,5.76933610711));
#1976 = CARTESIAN_POINT('',(2.644625579197,-12.25,5.811078145947));
#1977 = ORIENTED_EDGE('',*,*,#1978,.T.);
#1978 = EDGE_CURVE('',#1901,#425,#1979,.T.);
#1979 = B_SPLINE_CURVE_WITH_KNOTS('',3,(#1980,#1981,#1982,#1983,#1984,
    #1985,#1986,#1987,#1988,#1989),.UNSPECIFIED.,.F.,.F.,(4,3,3,4),(
    -44.48013899837,-43.49169146507,-42.50324393177,-41.7920422632),
  .UNSPECIFIED.);
#1980 = CARTESIAN_POINT('',(2.644625579197,-12.25,5.811078145947));
#1981 = CARTESIAN_POINT('',(2.219948370113,-12.19756122969,
    4.939720269196));
#1982 = CARTESIAN_POINT('',(1.334834298429,-12.14512245939,
    4.301724281886));
#1983 = CARTESIAN_POINT('',(0.37927154298,-12.09268368908,4.178157985113
    ));
#1984 = CARTESIAN_POINT('',(-0.576291212468,-12.04024491878,
    4.054591688341));
#1985 = CARTESIAN_POINT('',(-1.602302651679,-11.98780614848,
    4.445455082105));
#1986 = CARTESIAN_POINT('',(-2.23279620696,-11.93536737817,
    5.176380651384));
#1987 = CARTESIAN_POINT('',(-2.686445038519,-11.89763695781,5.7022917058
    ));
#1988 = CARTESIAN_POINT('',(-2.935334202697,-11.85990653745,
    6.404252999096));
#1989 = CARTESIAN_POINT('',(-2.940775926775,-11.82217611709,
    7.102457414338));
#1990 = ORIENTED_EDGE('',*,*,#434,.T.);
#1991 = ORIENTED_EDGE('',*,*,#365,.T.);
#1992 = ORIENTED_EDGE('',*,*,#296,.T.);
#1993 = ORIENTED_EDGE('',*,*,#221,.T.);
#1994 = ORIENTED_EDGE('',*,*,#152,.T.);
#1995 = ORIENTED_EDGE('',*,*,#83,.T.);
#1996 = ORIENTED_EDGE('',*,*,#31,.T.);
#1997 = ORIENTED_EDGE('',*,*,#1998,.T.);
#1998 = EDGE_CURVE('',#32,#1827,#1999,.T.);
#1999 = B_SPLINE_CURVE_WITH_KNOTS('',3,(#2000,#2001,#2002,#2003,#2004,
    #2005,#2006,#2007,#2008,#2009,#2010,#2011,#2012,#2013,#2014,#2015,
    #2016,#2017,#2018,#2019,#2020,#2021,#2022,#2023,#2024,#2025,#2026,
    #2027,#2028,#2029,#2030,#2031,#2032,#2033,#2034,#2035,#2036,#2037,
    #2038,#2039,#2040,#2041,#2042,#2043,#2044,#2045,#2046,#2047,#2048,
    #2049,#2050,#2051,#2052,#2053,#2054,#2055,#2056,#2057,#2058,#2059,
    #2060,#2061,#2062,#2063,#2064,#2065,#2066,#2067,#2068,#2069),
  .UNSPECIFIED.,.F.,.F.,(4,3,3,3,3,3,3,3,3,3,3,3,3,3,3,3,3,3,3,3,3,3,3,4
    ),(0.,2.704935547744E-02,5.623863683028E-02,8.727359340761E-02,
    0.10085138691,0.111465977421,0.115262981833,0.144004271845,
    0.172665226021,0.200840712684,0.21380040978,0.219673265716,
    0.223798825568,0.251384350474,0.278173115847,0.304518289449,
    0.319605222331,0.32457503899,0.328995164478,0.355881257198,
    0.382983679427,0.40978517009,0.425213752504,0.440621458227),
  .UNSPECIFIED.);
#2000 = CARTESIAN_POINT('',(1.292012136239,-5.5,9.747874956382));
#2001 = CARTESIAN_POINT('',(1.368975010196,-5.5,9.701588820232));
#2002 = CARTESIAN_POINT('',(1.443462470101,-5.5,9.651708895783));
#2003 = CARTESIAN_POINT('',(1.515188445966,-5.5,9.598240685573));
#2004 = CARTESIAN_POINT('',(1.592588799981,-5.5,9.540542503724));
#2005 = CARTESIAN_POINT('',(1.666774357729,-5.5,9.478665683067));
#2006 = CARTESIAN_POINT('',(1.737595028281,-5.5,9.412988825034));
#2007 = CARTESIAN_POINT('',(1.812893779517,-5.5,9.343159136097));
#2008 = CARTESIAN_POINT('',(1.884389610408,-5.5,9.269032812988));
#2009 = CARTESIAN_POINT('',(1.951848733278,-5.5,9.191032255211));
#2010 = CARTESIAN_POINT('',(1.981362099534,-5.5,9.156907011183));
#2011 = CARTESIAN_POINT('',(2.010102065014,-5.5,9.12203989016));
#2012 = CARTESIAN_POINT('',(2.038045400355,-5.5,9.086465165573));
#2013 = CARTESIAN_POINT('',(2.059890412367,-5.5,9.058654230464));
#2014 = CARTESIAN_POINT('',(2.081248519841,-5.5,9.030410829158));
#2015 = CARTESIAN_POINT('',(2.10210761559,-5.5,9.001751220377));
#2016 = CARTESIAN_POINT('',(2.109569239145,-5.5,8.991499231772));
#2017 = CARTESIAN_POINT('',(2.116966097987,-5.5,8.981195154533));
#2018 = CARTESIAN_POINT('',(2.124292278374,-5.5,8.970847576466));
#2019 = CARTESIAN_POINT('',(2.179747540564,-5.5,8.89252195186));
#2020 = CARTESIAN_POINT('',(2.231246199189,-5.5,8.811584061449));
#2021 = CARTESIAN_POINT('',(2.278641438767,-5.5,8.728400531417));
#2022 = CARTESIAN_POINT('',(2.325904202169,-5.5,8.645449510727));
#2023 = CARTESIAN_POINT('',(2.36908674207,-5.5,8.560264417609));
#2024 = CARTESIAN_POINT('',(2.407995060006,-5.5,8.473191360428));
#2025 = CARTESIAN_POINT('',(2.446244337624,-5.5,8.387593171818));
#2026 = CARTESIAN_POINT('',(2.480363109237,-5.5,8.300169552319));
#2027 = CARTESIAN_POINT('',(2.510117191134,-5.5,8.211246145092));
#2028 = CARTESIAN_POINT('',(2.523802984511,-5.5,8.170344618309));
#2029 = CARTESIAN_POINT('',(2.536564642098,-5.5,8.129125822523));
#2030 = CARTESIAN_POINT('',(2.548375608863,-5.5,8.087621982951));
#2031 = CARTESIAN_POINT('',(2.553727902653,-5.5,8.068813976189));
#2032 = CARTESIAN_POINT('',(2.558884932445,-5.5,8.049947441177));
#2033 = CARTESIAN_POINT('',(2.563844059603,-5.5,8.031025420406));
#2034 = CARTESIAN_POINT('',(2.567327743883,-5.5,8.017733092098));
#2035 = CARTESIAN_POINT('',(2.570713335932,-5.5,8.004414788971));
#2036 = CARTESIAN_POINT('',(2.573997263497,-5.5,7.991083252406));
#2037 = CARTESIAN_POINT('',(2.595955220447,-5.5,7.901942033493));
#2038 = CARTESIAN_POINT('',(2.613409724766,-5.5,7.812067462999));
#2039 = CARTESIAN_POINT('',(2.626188798194,-5.5,7.721774465662));
#2040 = CARTESIAN_POINT('',(2.638598770486,-5.5,7.634089423284));
#2041 = CARTESIAN_POINT('',(2.646599474495,-5.5,7.546009022449));
#2042 = CARTESIAN_POINT('',(2.649985508881,-5.5,7.457824575394));
#2043 = CARTESIAN_POINT('',(2.653315474354,-5.5,7.371100363419));
#2044 = CARTESIAN_POINT('',(2.652182392529,-5.5,7.284274885116));
#2045 = CARTESIAN_POINT('',(2.646343446878,-5.5,7.197638192354));
#2046 = CARTESIAN_POINT('',(2.64299969282,-5.5,7.14802447606));
#2047 = CARTESIAN_POINT('',(2.63811164489,-5.5,7.098472961314));
#2048 = CARTESIAN_POINT('',(2.631704579713,-5.5,7.049041338718));
#2049 = CARTESIAN_POINT('',(2.629594015591,-5.5,7.0327579693));
#2050 = CARTESIAN_POINT('',(2.627318591043,-5.5,7.016487631912));
#2051 = CARTESIAN_POINT('',(2.624879128566,-5.5,7.000232458057));
#2052 = CARTESIAN_POINT('',(2.622709485093,-5.5,6.985775202752));
#2053 = CARTESIAN_POINT('',(2.620411145222,-5.5,6.971337283635));
#2054 = CARTESIAN_POINT('',(2.617986289359,-5.5,6.956926798));
#2055 = CARTESIAN_POINT('',(2.603236730834,-5.5,6.869272804019));
#2056 = CARTESIAN_POINT('',(2.583798721457,-5.5,6.78255359086));
#2057 = CARTESIAN_POINT('',(2.559903512161,-5.5,6.697068405159));
#2058 = CARTESIAN_POINT('',(2.53581603845,-5.5,6.610895392914));
#2059 = CARTESIAN_POINT('',(2.507198751731,-5.5,6.525975497919));
#2060 = CARTESIAN_POINT('',(2.474240772359,-5.5,6.442638696804));
#2061 = CARTESIAN_POINT('',(2.441648741693,-5.5,6.360227225311));
#2062 = CARTESIAN_POINT('',(2.404811187999,-5.5,6.279363177718));
#2063 = CARTESIAN_POINT('',(2.363874303226,-5.5,6.200399991364));
#2064 = CARTESIAN_POINT('',(2.340308520694,-5.5,6.15494393656));
#2065 = CARTESIAN_POINT('',(2.31538365294,-5.5,6.110118492652));
#2066 = CARTESIAN_POINT('',(2.289123297558,-5.5,6.065997705535));
#2067 = CARTESIAN_POINT('',(2.26289725134,-5.5,6.021934562242));
#2068 = CARTESIAN_POINT('',(2.235403391339,-5.499999999999,
    5.978681934493));
#2069 = CARTESIAN_POINT('',(2.206677913067,-5.499999999999,
    5.936302541466));
#2070 = ORIENTED_EDGE('',*,*,#1835,.T.);
#2071 = ORIENTED_EDGE('',*,*,#1881,.T.);
#2072 = ORIENTED_EDGE('',*,*,#780,.T.);
#2073 = ORIENTED_EDGE('',*,*,#734,.T.);
#2074 = ORIENTED_EDGE('',*,*,#688,.T.);
#2075 = ORIENTED_EDGE('',*,*,#643,.T.);
#2076 = ORIENTED_EDGE('',*,*,#597,.T.);
#2077 = ORIENTED_EDGE('',*,*,#543,.T.);
#2078 = ORIENTED_EDGE('',*,*,#509,.T.);
#2079 = ORIENTED_EDGE('',*,*,#1375,.T.);
#2080 = B_SPLINE_SURFACE_WITH_KNOTS('',3,3,(
    (#2081,#2082,#2083,#2084,#2085,#2086,#2087,#2088,#2089,#2090,#2091
      ,#2092,#2093,#2094,#2095,#2096,#2097,#2098,#2099,#2100,#2101,#2102
      ,#2103,#2104,#2105,#2106,#2107,#2108,#2109,#2110,#2111,#2112,#2113
      ,#2114,#2115,#2116,#2117,#2118,#2119,#2120,#2121,#2122,#2123,#2124
      ,#2125,#2126,#2127,#2128)
    ,(#2129,#2130,#2131,#2132,#2133,#2134,#2135,#2136,#2137,#2138,#2139
      ,#2140,#2141,#2142,#2143,#2144,#2145,#2146,#2147,#2148,#2149,#2150
      ,#2151,#2152,#2153,#2154,#2155,#2156,#2157,#2158,#2159,#2160,#2161
      ,#2162,#2163,#2164,#2165,#2166,#2167,#2168,#2169,#2170,#2171,#2172
      ,#2173,#2174,#2175,#2176)
    ,(#2177,#2178,#2179,#2180,#2181,#2182,#2183,#2184,#2185,#2186,#2187
      ,#2188,#2189,#2190,#2191,#2192,#2193,#2194,#2195,#2196,#2197,#2198
      ,#2199,#2200,#2201,#2202,#2203,#2204,#2205,#2206,#2207,#2208,#2209
      ,#2210,#2211,#2212,#2213,#2214,#2215,#2216,#2217,#2218,#2219,#2220
      ,#2221,#2222,#2223,#2224)
    ,(#2225,#2226,#2227,#2228,#2229,#2230,#2231,#2232,#2233,#2234,#2235
      ,#2236,#2237,#2238,#2239,#2240,#2241,#2242,#2243,#2244,#2245,#2246
      ,#2247,#2248,#2249,#2250,#2251,#2252,#2253,#2254,#2255,#2256,#2257
      ,#2258,#2259,#2260,#2261,#2262,#2263,#2264,#2265,#2266,#2267,#2268
      ,#2269,#2270,#2271,#2272
    )),.UNSPECIFIED.,.F.,.F.,.F.,(4,4),(4,1,1,1,1,1,1,1,1,1,1,1,1,1,1,1,
    1,1,1,1,1,1,1,1,1,1,1,1,1,1,1,1,1,1,1,1,1,1,1,1,1,1,1,1,1,4),(0.,
    6.584679820108E-02),(11.615032847818,12.603480381115,13.591927914413
    ,14.58037544771,15.568822981007,16.557270514304,17.545718047601,
    18.534165580898,19.522613114195,20.511060647493,21.49950818079,
    22.487955714087,23.476403247384,24.464850780681,25.453298313978,
    26.441745847275,27.430193380573,28.41864091387,29.407088447167,
    30.395535980464,31.383983513761,32.372431047058,33.360878580355,
    34.349326113653,35.33777364695,36.326221180247,37.314668713544,
    38.303116246841,39.291563780138,40.280011313435,41.268458846732,
    42.25690638003,43.245353913327,44.233801446624,45.222248979921,
    46.210696513218,47.199144046515,48.187591579812,49.17603911311,
    50.164486646407,51.152934179704,52.141381713001,53.129829246298,
    54.118276779595,55.106724312893,56.09517184619),.UNSPECIFIED.);
#2081 = CARTESIAN_POINT('',(1.708108752004,-5.170766008995,
    4.704644391468));
#2082 = CARTESIAN_POINT('',(2.497336532878,-5.223204779298,
    5.267436352308));
#2083 = CARTESIAN_POINT('',(3.463351184621,-5.328082319906,
    7.224137374818));
#2084 = CARTESIAN_POINT('',(1.798375769457,-5.485398630817,
    10.06616479564));
#2085 = CARTESIAN_POINT('',(-1.486895877488,-5.642714941728,
    10.230618577627));
#2086 = CARTESIAN_POINT('',(-3.433029243956,-5.80003125264,
    7.581360685994));
#2087 = CARTESIAN_POINT('',(-2.289809271593,-5.957347563551,
    4.496860163344));
#2088 = CARTESIAN_POINT('',(0.914536001965,-6.114663874462,
    3.756284175566));
#2089 = CARTESIAN_POINT('',(3.295652720466,-6.271980185373,
    6.024607454177));
#2090 = CARTESIAN_POINT('',(2.710660110972,-6.429296496284,
    9.261085419971));
#2091 = CARTESIAN_POINT('',(-0.314029053113,-6.586612807196,
    10.552389784056));
#2092 = CARTESIAN_POINT('',(-3.05606721172,-6.743929118107,
    8.736526903723));
#2093 = CARTESIAN_POINT('',(-3.047574673746,-6.901245429018,
    5.447710179335));
#2094 = CARTESIAN_POINT('',(-0.29618186314,-7.058561739929,3.64601619168
    ));
#2095 = CARTESIAN_POINT('',(2.721779974065,-7.215878050841,
    4.952986806112));
#2096 = CARTESIAN_POINT('',(3.290070800194,-7.373194361752,
    8.192329797198));
#2097 = CARTESIAN_POINT('',(0.897212423135,-7.530510672663,
    10.448545156592));
#2098 = CARTESIAN_POINT('',(-2.303159967149,-7.687826983574,
    9.690984849055));
#2099 = CARTESIAN_POINT('',(-3.430629133123,-7.845143294486,
    6.601470637556));
#2100 = CARTESIAN_POINT('',(-1.470443494906,-8.002459605397,
    3.960646073327));
#2101 = CARTESIAN_POINT('',(1.813179178952,-8.159775916308,
    4.145320844236));
#2102 = CARTESIAN_POINT('',(3.464893839528,-8.317092227219,
    6.989283174096));
#2103 = CARTESIAN_POINT('',(1.998114646507,-8.47440853813,9.932893453512
    ));
#2104 = CARTESIAN_POINT('',(-1.267019265224,-8.631724849042,
    10.326826570453));
#2105 = CARTESIAN_POINT('',(-3.391803161956,-8.789041159953,
    7.816532514803));
#2106 = CARTESIAN_POINT('',(-2.463876699561,-8.946357470864,
    4.661340723082));
#2107 = CARTESIAN_POINT('',(0.681602328989,-9.103673781775,
    3.701005178019));
#2108 = CARTESIAN_POINT('',(3.213621725049,-9.260990092687,
    5.799852678816));
#2109 = CARTESIAN_POINT('',(2.853298574886,-9.418306403598,
    9.068866270519));
#2110 = CARTESIAN_POINT('',(-7.506672404862E-02,-9.575622714509,
    10.565849500655));
#2111 = CARTESIAN_POINT('',(-2.935870376447,-9.73293902542,
    8.943478628845));
#2112 = CARTESIAN_POINT('',(-3.154314289395,-9.890255336332,
    5.66192970906));
#2113 = CARTESIAN_POINT('',(-0.533795256119,-10.04757164724,
    3.674680616252));
#2114 = CARTESIAN_POINT('',(2.567155776534,-10.20488795815,
    4.770308367839));
#2115 = CARTESIAN_POINT('',(3.357595534852,-10.36220426906,
    7.962716679175));
#2116 = CARTESIAN_POINT('',(1.126122108873,-10.51952057997,
    10.378661623199));
#2117 = CARTESIAN_POINT('',(-2.118908540034,-10.67683689088,
    9.843718955748));
#2118 = CARTESIAN_POINT('',(-3.456831368186,-10.83415320179,
    6.839373141874));
#2119 = CARTESIAN_POINT('',(-1.683585645541,-10.99146951271,
    4.069569699902));
#2120 = CARTESIAN_POINT('',(1.605064253094,-11.14878582362,
    4.027287074104));
#2121 = CARTESIAN_POINT('',(3.448855454701,-11.30610213453,6.7504178694)
  );
#2122 = CARTESIAN_POINT('',(2.189091463829,-11.46341844544,
    9.788390238126));
#2123 = CARTESIAN_POINT('',(-1.041889372445,-11.62073475635,
    10.406337011779));
#2124 = CARTESIAN_POINT('',(-3.333241104939,-11.77805106726,
    8.049281710253));
#2125 = CARTESIAN_POINT('',(-2.628314090891,-11.93536737817,
    4.836318475869));
#2126 = CARTESIAN_POINT('',(0.449720226744,-12.09268368908,
    3.663728294576));
#2127 = CARTESIAN_POINT('',(2.219948370113,-12.19756122969,
    4.939720269196));
#2128 = CARTESIAN_POINT('',(2.644625579197,-12.25,5.811078145947));
#2129 = CARTESIAN_POINT('',(1.59774743138,-5.280510672663,4.859408898126
    ));
#2130 = CARTESIAN_POINT('',(2.335983013971,-5.332949442967,
    5.385838733919));
#2131 = CARTESIAN_POINT('',(3.239583224839,-5.437826983574,
    7.216116828932));
#2132 = CARTESIAN_POINT('',(1.682182274949,-5.595143294486,
    9.874520169001));
#2133 = CARTESIAN_POINT('',(-1.390827174323,-5.752459605397,
    10.02834855226));
#2134 = CARTESIAN_POINT('',(-3.211220392113,-5.909775916308,
    7.550259855358));
#2135 = CARTESIAN_POINT('',(-2.141864139356,-6.067092227219,
    4.665049659362));
#2136 = CARTESIAN_POINT('',(0.855447609134,-6.22440853813,3.972322465719
    ));
#2137 = CARTESIAN_POINT('',(3.082719799115,-6.381724849042,
    6.094088827308));
#2138 = CARTESIAN_POINT('',(2.53552370396,-6.539041159953,9.121457166998
    ));
#2139 = CARTESIAN_POINT('',(-0.293739559851,-6.696357470864,
    10.329330043023));
#2140 = CARTESIAN_POINT('',(-2.85861396818,-6.853673781775,
    8.630790503672));
#2141 = CARTESIAN_POINT('',(-2.850670135144,-7.010990092687,
    5.554465025271));
#2142 = CARTESIAN_POINT('',(-0.277045481149,-7.168306403598,
    3.869178923008));
#2143 = CARTESIAN_POINT('',(2.545925110003,-7.325622714509,
    5.091705849146));
#2144 = CARTESIAN_POINT('',(3.077498528065,-7.48293902542,8.121754104149
    ));
#2145 = CARTESIAN_POINT('',(0.839243310933,-7.640255336332,
    10.232194842118));
#2146 = CARTESIAN_POINT('',(-2.154352243235,-7.797571647243,
    9.523580689733));
#2147 = CARTESIAN_POINT('',(-3.208975353023,-7.954887958154,
    6.63368074054));
#2148 = CARTESIAN_POINT('',(-1.375437784169,-8.112204269065,
    4.163480491714));
#2149 = CARTESIAN_POINT('',(1.696029232566,-8.269520579976,
    4.336223380898));
#2150 = CARTESIAN_POINT('',(3.241026208439,-8.426836890888,
    6.996436615063));
#2151 = CARTESIAN_POINT('',(1.869015974723,-8.584153201799,
    9.749859520602));
#2152 = CARTESIAN_POINT('',(-1.185156843289,-8.74146951271,
    10.118340523342));
#2153 = CARTESIAN_POINT('',(-3.172657937267,-8.898785823621,
    7.770237175287));
#2154 = CARTESIAN_POINT('',(-2.304685028597,-9.056102134533,
    4.818903090255));
#2155 = CARTESIAN_POINT('',(0.637563837248,-9.213418445444,
    3.920615057606));
#2156 = CARTESIAN_POINT('',(3.005988846201,-9.370734756355,
    5.883855512478));
#2157 = CARTESIAN_POINT('',(2.668946262136,-9.528051067266,
    8.941657343399));
#2158 = CARTESIAN_POINT('',(-7.021664480676E-02,-9.685367378178,
    10.341920124069));
#2159 = CARTESIAN_POINT('',(-2.746183079578,-9.842683689089,
    8.824371027656));
#2160 = CARTESIAN_POINT('',(-2.950513278345,-10.,5.75484377924));
#2161 = CARTESIAN_POINT('',(-0.499306615194,-10.15731631091,
    3.895991332157));
#2162 = CARTESIAN_POINT('',(2.401291219365,-10.31463262182,
    4.920830309063));
#2163 = CARTESIAN_POINT('',(3.140660473245,-10.47194893273,
    7.906976345355));
#2164 = CARTESIAN_POINT('',(1.053363086373,-10.62926524364,
    10.166826500762));
#2165 = CARTESIAN_POINT('',(-1.982005345501,-10.78658155455,
    9.66644660876));
#2166 = CARTESIAN_POINT('',(-3.233484655326,-10.94389786546,
    6.856212306371));
#2167 = CARTESIAN_POINT('',(-1.574808768772,-11.10121417637,
    4.265366536366));
#2168 = CARTESIAN_POINT('',(1.501360662529,-11.25853048729,
    4.225815801273));
#2169 = CARTESIAN_POINT('',(3.226024067545,-11.4158467982,6.773004455619
    ));
#2170 = CARTESIAN_POINT('',(2.047653733572,-11.57316310911,
    9.614692692999));
#2171 = CARTESIAN_POINT('',(-0.974572647469,-11.73047942002,
    10.192713775776));
#2172 = CARTESIAN_POINT('',(-3.117879588953,-11.88779573093,
    7.987948388785));
#2173 = CARTESIAN_POINT('',(-2.458498080203,-12.04511204184,
    4.982575488008));
#2174 = CARTESIAN_POINT('',(0.420663693852,-12.20242835275,
    3.885746642641));
#2175 = CARTESIAN_POINT('',(2.076516967659,-12.30730589336,
    5.079296466397));
#2176 = CARTESIAN_POINT('',(2.473755679295,-12.35974466366,
    5.894355699456));
#2177 = CARTESIAN_POINT('',(1.487386110755,-5.390255336332,
    5.014173404784));
#2178 = CARTESIAN_POINT('',(2.174629495064,-5.442694106635,5.50424111553
    ));
#2179 = CARTESIAN_POINT('',(3.015815265058,-5.547571647243,
    7.208096283046));
#2180 = CARTESIAN_POINT('',(1.56598878044,-5.704887958154,9.682875542363
    ));
#2181 = CARTESIAN_POINT('',(-1.294758471157,-5.862204269065,
    9.826078526892));
#2182 = CARTESIAN_POINT('',(-2.98941154027,-6.019520579976,
    7.519159024723));
#2183 = CARTESIAN_POINT('',(-1.993919007119,-6.176836890888,
    4.833239155379));
#2184 = CARTESIAN_POINT('',(0.796359216304,-6.334153201799,
    4.188360755871));
#2185 = CARTESIAN_POINT('',(2.869786877763,-6.49146951271,6.163570200439
    ));
#2186 = CARTESIAN_POINT('',(2.360387296949,-6.648785823621,
    8.981828914025));
#2187 = CARTESIAN_POINT('',(-0.273450066588,-6.806102134533,
    10.10627030199));
#2188 = CARTESIAN_POINT('',(-2.66116072464,-6.963418445444,
    8.525054103621));
#2189 = CARTESIAN_POINT('',(-2.653765596541,-7.120734756355,
    5.661219871208));
#2190 = CARTESIAN_POINT('',(-0.257909099157,-7.278051067266,
    4.092341654335));
#2191 = CARTESIAN_POINT('',(2.370070245941,-7.435367378178,5.23042489218
    ));
#2192 = CARTESIAN_POINT('',(2.864926255936,-7.592683689089,8.0511784111)
  );
#2193 = CARTESIAN_POINT('',(0.781274198731,-7.75,10.015844527644));
#2194 = CARTESIAN_POINT('',(-2.005544519321,-7.907316310911,
    9.356176530411));
#2195 = CARTESIAN_POINT('',(-2.987321572923,-8.064632621822,
    6.665890843523));
#2196 = CARTESIAN_POINT('',(-1.280432073431,-8.221948932734,
    4.366314910101));
#2197 = CARTESIAN_POINT('',(1.578879286181,-8.379265243645,
    4.527125917559));
#2198 = CARTESIAN_POINT('',(3.017158577351,-8.536581554556,7.00359005603
    ));
#2199 = CARTESIAN_POINT('',(1.739917302938,-8.693897865467,
    9.566825587691));
#2200 = CARTESIAN_POINT('',(-1.103294421355,-8.851214176379,
    9.909854476231));
#2201 = CARTESIAN_POINT('',(-2.953512712578,-9.00853048729,
    7.723941835772));
#2202 = CARTESIAN_POINT('',(-2.145493357634,-9.165846798201,
    4.976465457427));
#2203 = CARTESIAN_POINT('',(0.593525345507,-9.323163109112,
    4.140224937193));
#2204 = CARTESIAN_POINT('',(2.798355967354,-9.480479420024,
    5.967858346141));
#2205 = CARTESIAN_POINT('',(2.484593949386,-9.637795730935,
    8.814448416279));
#2206 = CARTESIAN_POINT('',(-6.53665655649E-02,-9.795112041846,
    10.117990747483));
#2207 = CARTESIAN_POINT('',(-2.556495782708,-9.952428352757,
    8.705263426466));
#2208 = CARTESIAN_POINT('',(-2.746712267295,-10.10974466366,
    5.84775784942));
#2209 = CARTESIAN_POINT('',(-0.464817974269,-10.26706097458,
    4.117302048063));
#2210 = CARTESIAN_POINT('',(2.235426662197,-10.42437728549,
    5.071352250287));
#2211 = CARTESIAN_POINT('',(2.923725411637,-10.5816935964,7.851236011534
    ));
#2212 = CARTESIAN_POINT('',(0.980604063873,-10.73900990731,
    9.954991378325));
#2213 = CARTESIAN_POINT('',(-1.845102150967,-10.89632621822,
    9.489174261772));
#2214 = CARTESIAN_POINT('',(-3.010137942465,-11.05364252913,
    6.873051470867));
#2215 = CARTESIAN_POINT('',(-1.466031892002,-11.21095884004,
    4.46116337283));
#2216 = CARTESIAN_POINT('',(1.397657071964,-11.36827515095,
    4.424344528442));
#2217 = CARTESIAN_POINT('',(3.003192680388,-11.52559146186,
    6.795591041839));
#2218 = CARTESIAN_POINT('',(1.906216003315,-11.68290777278,
    9.440995147872));
#2219 = CARTESIAN_POINT('',(-0.907255922493,-11.84022408369,
    9.979090539772));
#2220 = CARTESIAN_POINT('',(-2.902518072967,-11.9975403946,
    7.926615067318));
#2221 = CARTESIAN_POINT('',(-2.288682069515,-12.15485670551,
    5.128832500147));
#2222 = CARTESIAN_POINT('',(0.391607160961,-12.31217301642,
    4.107764990705));
#2223 = CARTESIAN_POINT('',(1.933085565206,-12.41705055703,
    5.218872663597));
#2224 = CARTESIAN_POINT('',(2.302885779393,-12.46948932733,
    5.977633252966));
#2225 = CARTESIAN_POINT('',(1.377024790131,-5.5,5.168937911442));
#2226 = CARTESIAN_POINT('',(2.013275976157,-5.552438770304,5.62264349714
    ));
#2227 = CARTESIAN_POINT('',(2.792047305277,-5.657316310911,7.20007573716
    ));
#2228 = CARTESIAN_POINT('',(1.449795285931,-5.814632621822,
    9.491230915724));
#2229 = CARTESIAN_POINT('',(-1.198689767992,-5.971948932734,
    9.623808501525));
#2230 = CARTESIAN_POINT('',(-2.767602688427,-6.129265243645,
    7.488058194087));
#2231 = CARTESIAN_POINT('',(-1.845973874881,-6.286581554556,
    5.001428651397));
#2232 = CARTESIAN_POINT('',(0.737270823474,-6.443897865467,
    4.404399046023));
#2233 = CARTESIAN_POINT('',(2.656853956412,-6.601214176379,6.23305157357
    ));
#2234 = CARTESIAN_POINT('',(2.185250889938,-6.75853048729,8.842200661053
    ));
#2235 = CARTESIAN_POINT('',(-0.253160573325,-6.915846798201,
    9.883210560957));
#2236 = CARTESIAN_POINT('',(-2.463707481101,-7.073163109112,
    8.41931770357));
#2237 = CARTESIAN_POINT('',(-2.456861057939,-7.230479420024,
    5.767974717144));
#2238 = CARTESIAN_POINT('',(-0.238772717166,-7.387795730935,
    4.315504385662));
#2239 = CARTESIAN_POINT('',(2.194215381879,-7.545112041846,
    5.369143935213));
#2240 = CARTESIAN_POINT('',(2.652353983807,-7.702428352757,7.98060271805
    ));
#2241 = CARTESIAN_POINT('',(0.72330508653,-7.859744663668,9.799494213171
    ));
#2242 = CARTESIAN_POINT('',(-1.856736795406,-8.01706097458,
    9.188772371089));
#2243 = CARTESIAN_POINT('',(-2.765667792823,-8.174377285491,
    6.698100946507));
#2244 = CARTESIAN_POINT('',(-1.185426362693,-8.331693596402,
    4.569149328488));
#2245 = CARTESIAN_POINT('',(1.461729339796,-8.489009907313,
    4.718028454221));
#2246 = CARTESIAN_POINT('',(2.793290946262,-8.646326218225,
    7.010743496996));
#2247 = CARTESIAN_POINT('',(1.610818631153,-8.803642529136,
    9.383791654781));
#2248 = CARTESIAN_POINT('',(-1.02143199942,-8.960958840047,9.70136842912
    ));
#2249 = CARTESIAN_POINT('',(-2.734367487889,-9.118275150958,
    7.677646496256));
#2250 = CARTESIAN_POINT('',(-1.98630168667,-9.27559146187,5.134027824599
    ));
#2251 = CARTESIAN_POINT('',(0.549486853766,-9.432907772781,4.35983481678
    ));
#2252 = CARTESIAN_POINT('',(2.590723088506,-9.590224083692,
    6.051861179803));
#2253 = CARTESIAN_POINT('',(2.300241636637,-9.747540394603,
    8.687239489159));
#2254 = CARTESIAN_POINT('',(-6.051648632303E-02,-9.904856705514,
    9.894061370897));
#2255 = CARTESIAN_POINT('',(-2.366808485839,-10.06217301642,
    8.586155825277));
#2256 = CARTESIAN_POINT('',(-2.542911256245,-10.21948932733,5.9406719196
    ));
#2257 = CARTESIAN_POINT('',(-0.430329333345,-10.37680563824,
    4.338612763969));
#2258 = CARTESIAN_POINT('',(2.069562105028,-10.53412194915,5.22187419151
    ));
#2259 = CARTESIAN_POINT('',(2.706790350029,-10.69143826007,
    7.795495677714));
#2260 = CARTESIAN_POINT('',(0.907845041373,-10.84875457098,
    9.743156255888));
#2261 = CARTESIAN_POINT('',(-1.708198956433,-11.00607088189,
    9.311901914784));
#2262 = CARTESIAN_POINT('',(-2.786791229604,-11.1633871928,
    6.889890635364));
#2263 = CARTESIAN_POINT('',(-1.357255015232,-11.32070350371,
    4.656960209294));
#2264 = CARTESIAN_POINT('',(1.293953481399,-11.47801981462,
    4.622873255611));
#2265 = CARTESIAN_POINT('',(2.780361293232,-11.63533612553,
    6.818177628059));
#2266 = CARTESIAN_POINT('',(1.764778273058,-11.79265243644,
    9.267297602745));
#2267 = CARTESIAN_POINT('',(-0.839939197517,-11.94996874736,
    9.765467303769));
#2268 = CARTESIAN_POINT('',(-2.687156556981,-12.10728505827,
    7.86528174585));
#2269 = CARTESIAN_POINT('',(-2.118866058828,-12.26460136918,
    5.275089512285));
#2270 = CARTESIAN_POINT('',(0.362550628069,-12.42191768009,4.32978333877
    ));
#2271 = CARTESIAN_POINT('',(1.789654162752,-12.5267952207,5.358448860797
    ));
#2272 = CARTESIAN_POINT('',(2.13201587949,-12.579233991,6.060910806475)
  );
#2273 = ADVANCED_FACE('',(#2274),#2295,.F.);
#2274 = FACE_BOUND('',#2275,.F.);
#2275 = EDGE_LOOP('',(#2276,#2285,#2292,#2293,#2294));
#2276 = ORIENTED_EDGE('',*,*,#2277,.F.);
#2277 = EDGE_CURVE('',#2278,#1430,#2280,.T.);
#2278 = VERTEX_POINT('',#2279);
#2279 = CARTESIAN_POINT('',(-2.5,-5.5,7.1));
#2280 = CIRCLE('',#2281,2.5);
#2281 = AXIS2_PLACEMENT_3D('',#2282,#2283,#2284);
#2282 = CARTESIAN_POINT('',(-2.1E-16,-5.5,7.1));
#2283 = DIRECTION('',(0.,-1.,0.));
#2284 = DIRECTION('',(1.,0.,0.));
#2285 = ORIENTED_EDGE('',*,*,#2286,.F.);
#2286 = EDGE_CURVE('',#1827,#2278,#2287,.T.);
#2287 = CIRCLE('',#2288,2.5);
#2288 = AXIS2_PLACEMENT_3D('',#2289,#2290,#2291);
#2289 = CARTESIAN_POINT('',(-2.1E-16,-5.5,7.1));
#2290 = DIRECTION('',(0.,-1.,0.));
#2291 = DIRECTION('',(1.,0.,0.));
#2292 = ORIENTED_EDGE('',*,*,#1998,.F.);
#2293 = ORIENTED_EDGE('',*,*,#46,.F.);
#2294 = ORIENTED_EDGE('',*,*,#1456,.F.);
#2295 = PLANE('',#2296);
#2296 = AXIS2_PLACEMENT_3D('',#2297,#2298,#2299);
#2297 = CARTESIAN_POINT('',(0.,-5.5,7.1));
#2298 = DIRECTION('',(0.,-1.,0.));
#2299 = DIRECTION('',(1.,0.,0.));
#2300 = ADVANCED_FACE('',(#2301),#2328,.T.);
#2301 = FACE_BOUND('',#2302,.T.);
#2302 = EDGE_LOOP('',(#2303,#2312,#2318,#2319,#2326,#2327));
#2303 = ORIENTED_EDGE('',*,*,#2304,.F.);
#2304 = EDGE_CURVE('',#2305,#2305,#2307,.T.);
#2305 = VERTEX_POINT('',#2306);
#2306 = CARTESIAN_POINT('',(-2.5,-13.5,7.1));
#2307 = CIRCLE('',#2308,2.5);
#2308 = AXIS2_PLACEMENT_3D('',#2309,#2310,#2311);
#2309 = CARTESIAN_POINT('',(-2.1E-16,-13.5,7.1));
#2310 = DIRECTION('',(0.,-1.,0.));
#2311 = DIRECTION('',(1.,0.,0.));
#2312 = ORIENTED_EDGE('',*,*,#2313,.T.);
#2313 = EDGE_CURVE('',#2305,#1331,#2314,.T.);
#2314 = LINE('',#2315,#2316);
#2315 = CARTESIAN_POINT('',(-2.5,-12.25,7.1));
#2316 = VECTOR('',#2317,1.);
#2317 = DIRECTION('',(0.,1.,0.));
#2318 = ORIENTED_EDGE('',*,*,#1328,.F.);
#2319 = ORIENTED_EDGE('',*,*,#2320,.F.);
#2320 = EDGE_CURVE('',#1340,#1329,#2321,.T.);
#2321 = CIRCLE('',#2322,2.5);
#2322 = AXIS2_PLACEMENT_3D('',#2323,#2324,#2325);
#2323 = CARTESIAN_POINT('',(-2.1E-16,-12.25,7.1));
#2324 = DIRECTION('',(-0.,1.,0.));
#2325 = DIRECTION('',(1.,0.,0.));
#2326 = ORIENTED_EDGE('',*,*,#1339,.F.);
#2327 = ORIENTED_EDGE('',*,*,#2313,.F.);
#2328 = CYLINDRICAL_SURFACE('',#2329,2.5);
#2329 = AXIS2_PLACEMENT_3D('',#2330,#2331,#2332);
#2330 = CARTESIAN_POINT('',(-2.1E-16,-12.25,7.1));
#2331 = DIRECTION('',(0.,-1.,0.));
#2332 = DIRECTION('',(1.,0.,0.));
#2333 = ADVANCED_FACE('',(#2334,#2337),#2340,.T.);
#2334 = FACE_BOUND('',#2335,.T.);
#2335 = EDGE_LOOP('',(#2336));
#2336 = ORIENTED_EDGE('',*,*,#2304,.T.);
#2337 = FACE_BOUND('',#2338,.T.);
#2338 = EDGE_LOOP('',(#2339));
#2339 = ORIENTED_EDGE('',*,*,#1301,.T.);
#2340 = PLANE('',#2341);
#2341 = AXIS2_PLACEMENT_3D('',#2342,#2343,#2344);
#2342 = CARTESIAN_POINT('',(0.,-13.5,7.1));
#2343 = DIRECTION('',(0.,-1.,0.));
#2344 = DIRECTION('',(1.,0.,0.));
#2345 = ADVANCED_FACE('',(#2346),#2358,.T.);
#2346 = FACE_BOUND('',#2347,.T.);
#2347 = EDGE_LOOP('',(#2348,#2349,#2350,#2357));
#2348 = ORIENTED_EDGE('',*,*,#424,.T.);
#2349 = ORIENTED_EDGE('',*,*,#1539,.T.);
#2350 = ORIENTED_EDGE('',*,*,#2351,.T.);
#2351 = EDGE_CURVE('',#1540,#1901,#2352,.T.);
#2352 = CIRCLE('',#2353,2.942);
#2353 = AXIS2_PLACEMENT_3D('',#2354,#2355,#2356);
#2354 = CARTESIAN_POINT('',(-2.1E-16,-12.25,7.1));
#2355 = DIRECTION('',(-0.,1.,0.));
#2356 = DIRECTION('',(1.,0.,0.));
#2357 = ORIENTED_EDGE('',*,*,#1978,.T.);
#2358 = CYLINDRICAL_SURFACE('',#2359,2.942);
#2359 = AXIS2_PLACEMENT_3D('',#2360,#2361,#2362);
#2360 = CARTESIAN_POINT('',(-2.1E-16,-5.5,7.1));
#2361 = DIRECTION('',(0.,-1.,0.));
#2362 = DIRECTION('',(0.224616626308,0.,-0.974447213135));
#2363 = ADVANCED_FACE('',(#2364),#2370,.T.);
#2364 = FACE_BOUND('',#2365,.T.);
#2365 = EDGE_LOOP('',(#2366,#2367,#2368,#2369));
#2366 = ORIENTED_EDGE('',*,*,#1557,.T.);
#2367 = ORIENTED_EDGE('',*,*,#2320,.T.);
#2368 = ORIENTED_EDGE('',*,*,#1900,.T.);
#2369 = ORIENTED_EDGE('',*,*,#2351,.F.);
#2370 = PLANE('',#2371);
#2371 = AXIS2_PLACEMENT_3D('',#2372,#2373,#2374);
#2372 = CARTESIAN_POINT('',(0.,-12.25,7.1));
#2373 = DIRECTION('',(0.,-1.,0.));
#2374 = DIRECTION('',(1.,0.,0.));
#2375 = ADVANCED_FACE('',(#2376),#2397,.T.);
#2376 = FACE_BOUND('',#2377,.T.);
#2377 = EDGE_LOOP('',(#2378,#2379,#2380,#2381,#2389,#2396));
#2378 = ORIENTED_EDGE('',*,*,#2286,.F.);
#2379 = ORIENTED_EDGE('',*,*,#1826,.F.);
#2380 = ORIENTED_EDGE('',*,*,#2277,.F.);
#2381 = ORIENTED_EDGE('',*,*,#2382,.T.);
#2382 = EDGE_CURVE('',#2278,#2383,#2385,.T.);
#2383 = VERTEX_POINT('',#2384);
#2384 = CARTESIAN_POINT('',(-2.5,-4.5,7.1));
#2385 = LINE('',#2386,#2387);
#2386 = CARTESIAN_POINT('',(-2.5,-4.5,7.1));
#2387 = VECTOR('',#2388,1.);
#2388 = DIRECTION('',(0.,1.,0.));
#2389 = ORIENTED_EDGE('',*,*,#2390,.F.);
#2390 = EDGE_CURVE('',#2383,#2383,#2391,.T.);
#2391 = CIRCLE('',#2392,2.5);
#2392 = AXIS2_PLACEMENT_3D('',#2393,#2394,#2395);
#2393 = CARTESIAN_POINT('',(-2.1E-16,-4.5,7.1));
#2394 = DIRECTION('',(-0.,1.,0.));
#2395 = DIRECTION('',(1.,0.,0.));
#2396 = ORIENTED_EDGE('',*,*,#2382,.F.);
#2397 = CYLINDRICAL_SURFACE('',#2398,2.5);
#2398 = AXIS2_PLACEMENT_3D('',#2399,#2400,#2401);
#2399 = CARTESIAN_POINT('',(-2.1E-16,-4.5,7.1));
#2400 = DIRECTION('',(0.,-1.,0.));
#2401 = DIRECTION('',(1.,0.,0.));
#2402 = ADVANCED_FACE('',(#2403),#2438,.T.);
#2403 = FACE_BOUND('',#2404,.T.);
#2404 = EDGE_LOOP('',(#2405,#2414,#2422,#2429,#2430,#2437));
#2405 = ORIENTED_EDGE('',*,*,#2406,.F.);
#2406 = EDGE_CURVE('',#2407,#2407,#2409,.T.);
#2407 = VERTEX_POINT('',#2408);
#2408 = CARTESIAN_POINT('',(-3.1,-4.5,7.1));
#2409 = CIRCLE('',#2410,3.1);
#2410 = AXIS2_PLACEMENT_3D('',#2411,#2412,#2413);
#2411 = CARTESIAN_POINT('',(-2.1E-16,-4.5,7.1));
#2412 = DIRECTION('',(0.,-1.,0.));
#2413 = DIRECTION('',(1.,0.,0.));
#2414 = ORIENTED_EDGE('',*,*,#2415,.T.);
#2415 = EDGE_CURVE('',#2407,#2416,#2418,.T.);
#2416 = VERTEX_POINT('',#2417);
#2417 = CARTESIAN_POINT('',(-3.1,-3.5,7.1));
#2418 = LINE('',#2419,#2420);
#2419 = CARTESIAN_POINT('',(-3.1,-3.5,7.1));
#2420 = VECTOR('',#2421,1.);
#2421 = DIRECTION('',(0.,1.,0.));
#2422 = ORIENTED_EDGE('',*,*,#2423,.F.);
#2423 = EDGE_CURVE('',#909,#2416,#2424,.T.);
#2424 = CIRCLE('',#2425,3.1);
#2425 = AXIS2_PLACEMENT_3D('',#2426,#2427,#2428);
#2426 = CARTESIAN_POINT('',(-2.1E-16,-3.5,7.1));
#2427 = DIRECTION('',(-0.,1.,0.));
#2428 = DIRECTION('',(1.,0.,0.));
#2429 = ORIENTED_EDGE('',*,*,#908,.T.);
#2430 = ORIENTED_EDGE('',*,*,#2431,.F.);
#2431 = EDGE_CURVE('',#2416,#911,#2432,.T.);
#2432 = CIRCLE('',#2433,3.1);
#2433 = AXIS2_PLACEMENT_3D('',#2434,#2435,#2436);
#2434 = CARTESIAN_POINT('',(-2.1E-16,-3.5,7.1));
#2435 = DIRECTION('',(-0.,1.,0.));
#2436 = DIRECTION('',(1.,0.,0.));
#2437 = ORIENTED_EDGE('',*,*,#2415,.F.);
#2438 = CYLINDRICAL_SURFACE('',#2439,3.1);
#2439 = AXIS2_PLACEMENT_3D('',#2440,#2441,#2442);
#2440 = CARTESIAN_POINT('',(-2.1E-16,-3.5,7.1));
#2441 = DIRECTION('',(0.,-1.,0.));
#2442 = DIRECTION('',(1.,0.,0.));
#2443 = ADVANCED_FACE('',(#2444,#2447),#2450,.T.);
#2444 = FACE_BOUND('',#2445,.T.);
#2445 = EDGE_LOOP('',(#2446));
#2446 = ORIENTED_EDGE('',*,*,#2406,.T.);
#2447 = FACE_BOUND('',#2448,.T.);
#2448 = EDGE_LOOP('',(#2449));
#2449 = ORIENTED_EDGE('',*,*,#2390,.T.);
#2450 = PLANE('',#2451);
#2451 = AXIS2_PLACEMENT_3D('',#2452,#2453,#2454);
#2452 = CARTESIAN_POINT('',(0.,-4.5,7.1));
#2453 = DIRECTION('',(0.,-1.,0.));
#2454 = DIRECTION('',(1.,0.,0.));
#2455 = ADVANCED_FACE('',(#2456,#2527),#2530,.T.);
#2456 = FACE_BOUND('',#2457,.T.);
#2457 = EDGE_LOOP('',(#2458,#2468,#2476,#2482,#2483,#2491,#2497,#2498,
    #2506,#2512,#2513,#2521));
#2458 = ORIENTED_EDGE('',*,*,#2459,.F.);
#2459 = EDGE_CURVE('',#2460,#2462,#2464,.T.);
#2460 = VERTEX_POINT('',#2461);
#2461 = CARTESIAN_POINT('',(-2.04,-3.5,0.6));
#2462 = VERTEX_POINT('',#2463);
#2463 = CARTESIAN_POINT('',(2.04,-3.5,0.6));
#2464 = LINE('',#2465,#2466);
#2465 = CARTESIAN_POINT('',(-1.75,-3.5,0.6));
#2466 = VECTOR('',#2467,1.);
#2467 = DIRECTION('',(1.,0.,0.));
#2468 = ORIENTED_EDGE('',*,*,#2469,.F.);
#2469 = EDGE_CURVE('',#2470,#2460,#2472,.T.);
#2470 = VERTEX_POINT('',#2471);
#2471 = CARTESIAN_POINT('',(-2.04,-2.04,0.6));
#2472 = LINE('',#2473,#2474);
#2473 = CARTESIAN_POINT('',(-2.04,3.5,0.6));
#2474 = VECTOR('',#2475,1.);
#2475 = DIRECTION('',(0.,-1.,0.));
#2476 = ORIENTED_EDGE('',*,*,#2477,.F.);
#2477 = EDGE_CURVE('',#1035,#2470,#2478,.T.);
#2478 = LINE('',#2479,#2480);
#2479 = CARTESIAN_POINT('',(-3.5,-2.04,0.6));
#2480 = VECTOR('',#2481,1.);
#2481 = DIRECTION('',(1.,0.,0.));
#2482 = ORIENTED_EDGE('',*,*,#1034,.F.);
#2483 = ORIENTED_EDGE('',*,*,#2484,.F.);
#2484 = EDGE_CURVE('',#2485,#1027,#2487,.T.);
#2485 = VERTEX_POINT('',#2486);
#2486 = CARTESIAN_POINT('',(-2.04,2.04,0.6));
#2487 = LINE('',#2488,#2489);
#2488 = CARTESIAN_POINT('',(3.5,2.04,0.6));
#2489 = VECTOR('',#2490,1.);
#2490 = DIRECTION('',(-1.,0.,0.));
#2491 = ORIENTED_EDGE('',*,*,#2492,.F.);
#2492 = EDGE_CURVE('',#1098,#2485,#2493,.T.);
#2493 = LINE('',#2494,#2495);
#2494 = CARTESIAN_POINT('',(-2.04,3.5,0.6));
#2495 = VECTOR('',#2496,1.);
#2496 = DIRECTION('',(0.,-1.,0.));
#2497 = ORIENTED_EDGE('',*,*,#1097,.F.);
#2498 = ORIENTED_EDGE('',*,*,#2499,.F.);
#2499 = EDGE_CURVE('',#2500,#1090,#2502,.T.);
#2500 = VERTEX_POINT('',#2501);
#2501 = CARTESIAN_POINT('',(2.04,2.04,0.6));
#2502 = LINE('',#2503,#2504);
#2503 = CARTESIAN_POINT('',(2.04,-3.5,0.6));
#2504 = VECTOR('',#2505,1.);
#2505 = DIRECTION('',(0.,1.,0.));
#2506 = ORIENTED_EDGE('',*,*,#2507,.F.);
#2507 = EDGE_CURVE('',#1154,#2500,#2508,.T.);
#2508 = LINE('',#2509,#2510);
#2509 = CARTESIAN_POINT('',(3.5,2.04,0.6));
#2510 = VECTOR('',#2511,1.);
#2511 = DIRECTION('',(-1.,0.,0.));
#2512 = ORIENTED_EDGE('',*,*,#1153,.F.);
#2513 = ORIENTED_EDGE('',*,*,#2514,.F.);
#2514 = EDGE_CURVE('',#2515,#1146,#2517,.T.);
#2515 = VERTEX_POINT('',#2516);
#2516 = CARTESIAN_POINT('',(2.04,-2.04,0.6));
#2517 = LINE('',#2518,#2519);
#2518 = CARTESIAN_POINT('',(-3.5,-2.04,0.6));
#2519 = VECTOR('',#2520,1.);
#2520 = DIRECTION('',(1.,0.,0.));
#2521 = ORIENTED_EDGE('',*,*,#2522,.F.);
#2522 = EDGE_CURVE('',#2462,#2515,#2523,.T.);
#2523 = LINE('',#2524,#2525);
#2524 = CARTESIAN_POINT('',(2.04,-3.5,0.6));
#2525 = VECTOR('',#2526,1.);
#2526 = DIRECTION('',(0.,1.,0.));
#2527 = FACE_BOUND('',#2528,.T.);
#2528 = EDGE_LOOP('',(#2529));
#2529 = ORIENTED_EDGE('',*,*,#833,.T.);
#2530 = PLANE('',#2531);
#2531 = AXIS2_PLACEMENT_3D('',#2532,#2533,#2534);
#2532 = CARTESIAN_POINT('',(0.,0.,0.6));
#2533 = DIRECTION('',(0.,0.,-1.));
#2534 = DIRECTION('',(1.,0.,0.));
#2535 = ADVANCED_FACE('',(#2536),#2577,.F.);
#2536 = FACE_BOUND('',#2537,.T.);
#2537 = EDGE_LOOP('',(#2538,#2546,#2554,#2562,#2570,#2576));
#2538 = ORIENTED_EDGE('',*,*,#2539,.T.);
#2539 = EDGE_CURVE('',#1043,#2540,#2542,.T.);
#2540 = VERTEX_POINT('',#2541);
#2541 = CARTESIAN_POINT('',(-3.04,-2.04,0.));
#2542 = LINE('',#2543,#2544);
#2543 = CARTESIAN_POINT('',(-1.75,-2.04,0.));
#2544 = VECTOR('',#2545,1.);
#2545 = DIRECTION('',(1.,0.,0.));
#2546 = ORIENTED_EDGE('',*,*,#2547,.T.);
#2547 = EDGE_CURVE('',#2540,#2548,#2550,.T.);
#2548 = VERTEX_POINT('',#2549);
#2549 = CARTESIAN_POINT('',(-3.04,-3.04,0.));
#2550 = LINE('',#2551,#2552);
#2551 = CARTESIAN_POINT('',(-3.04,-1.52,0.));
#2552 = VECTOR('',#2553,1.);
#2553 = DIRECTION('',(-5.6E-16,-1.,0.));
#2554 = ORIENTED_EDGE('',*,*,#2555,.T.);
#2555 = EDGE_CURVE('',#2548,#2556,#2558,.T.);
#2556 = VERTEX_POINT('',#2557);
#2557 = CARTESIAN_POINT('',(-2.04,-3.04,0.));
#2558 = LINE('',#2559,#2560);
#2559 = CARTESIAN_POINT('',(-1.02,-3.04,0.));
#2560 = VECTOR('',#2561,1.);
#2561 = DIRECTION('',(1.,0.,0.));
#2562 = ORIENTED_EDGE('',*,*,#2563,.T.);
#2563 = EDGE_CURVE('',#2556,#2564,#2566,.T.);
#2564 = VERTEX_POINT('',#2565);
#2565 = CARTESIAN_POINT('',(-2.04,-3.5,0.));
#2566 = LINE('',#2567,#2568);
#2567 = CARTESIAN_POINT('',(-2.04,-1.02,0.));
#2568 = VECTOR('',#2569,1.);
#2569 = DIRECTION('',(0.,-1.,0.));
#2570 = ORIENTED_EDGE('',*,*,#2571,.T.);
#2571 = EDGE_CURVE('',#2564,#1051,#2572,.T.);
#2572 = LINE('',#2573,#2574);
#2573 = CARTESIAN_POINT('',(3.5,-3.5,0.));
#2574 = VECTOR('',#2575,1.);
#2575 = DIRECTION('',(-1.,0.,0.));
#2576 = ORIENTED_EDGE('',*,*,#1050,.T.);
#2577 = PLANE('',#2578);
#2578 = AXIS2_PLACEMENT_3D('',#2579,#2580,#2581);
#2579 = CARTESIAN_POINT('',(0.,0.,0.));
#2580 = DIRECTION('',(0.,0.,1.));
#2581 = DIRECTION('',(1.,0.,-0.));
#2582 = ADVANCED_FACE('',(#2583),#2624,.F.);
#2583 = FACE_BOUND('',#2584,.T.);
#2584 = EDGE_LOOP('',(#2585,#2593,#2594,#2602,#2610,#2618));
#2585 = ORIENTED_EDGE('',*,*,#2586,.T.);
#2586 = EDGE_CURVE('',#2587,#1138,#2589,.T.);
#2587 = VERTEX_POINT('',#2588);
#2588 = CARTESIAN_POINT('',(3.04,-2.04,0.));
#2589 = LINE('',#2590,#2591);
#2590 = CARTESIAN_POINT('',(1.02,-2.04,0.));
#2591 = VECTOR('',#2592,1.);
#2592 = DIRECTION('',(1.,0.,0.));
#2593 = ORIENTED_EDGE('',*,*,#1137,.T.);
#2594 = ORIENTED_EDGE('',*,*,#2595,.T.);
#2595 = EDGE_CURVE('',#1130,#2596,#2598,.T.);
#2596 = VERTEX_POINT('',#2597);
#2597 = CARTESIAN_POINT('',(2.04,-3.5,0.));
#2598 = LINE('',#2599,#2600);
#2599 = CARTESIAN_POINT('',(3.5,-3.5,0.));
#2600 = VECTOR('',#2601,1.);
#2601 = DIRECTION('',(-1.,0.,0.));
#2602 = ORIENTED_EDGE('',*,*,#2603,.T.);
#2603 = EDGE_CURVE('',#2596,#2604,#2606,.T.);
#2604 = VERTEX_POINT('',#2605);
#2605 = CARTESIAN_POINT('',(2.04,-3.04,0.));
#2606 = LINE('',#2607,#2608);
#2607 = CARTESIAN_POINT('',(2.04,-1.75,0.));
#2608 = VECTOR('',#2609,1.);
#2609 = DIRECTION('',(0.,1.,0.));
#2610 = ORIENTED_EDGE('',*,*,#2611,.T.);
#2611 = EDGE_CURVE('',#2604,#2612,#2614,.T.);
#2612 = VERTEX_POINT('',#2613);
#2613 = CARTESIAN_POINT('',(3.04,-3.04,0.));
#2614 = LINE('',#2615,#2616);
#2615 = CARTESIAN_POINT('',(1.52,-3.04,0.));
#2616 = VECTOR('',#2617,1.);
#2617 = DIRECTION('',(1.,0.,0.));
#2618 = ORIENTED_EDGE('',*,*,#2619,.T.);
#2619 = EDGE_CURVE('',#2612,#2587,#2620,.T.);
#2620 = LINE('',#2621,#2622);
#2621 = CARTESIAN_POINT('',(3.04,-1.02,0.));
#2622 = VECTOR('',#2623,1.);
#2623 = DIRECTION('',(0.,1.,0.));
#2624 = PLANE('',#2625);
#2625 = AXIS2_PLACEMENT_3D('',#2626,#2627,#2628);
#2626 = CARTESIAN_POINT('',(0.,0.,0.));
#2627 = DIRECTION('',(0.,0.,1.));
#2628 = DIRECTION('',(1.,0.,-0.));
#2629 = ADVANCED_FACE('',(#2630),#2664,.F.);
#2630 = FACE_BOUND('',#2631,.T.);
#2631 = EDGE_LOOP('',(#2632,#2640,#2641,#2642,#2650,#2658));
#2632 = ORIENTED_EDGE('',*,*,#2633,.T.);
#2633 = EDGE_CURVE('',#2634,#1082,#2636,.T.);
#2634 = VERTEX_POINT('',#2635);
#2635 = CARTESIAN_POINT('',(2.04,3.04,0.));
#2636 = LINE('',#2637,#2638);
#2637 = CARTESIAN_POINT('',(2.04,1.02,0.));
#2638 = VECTOR('',#2639,1.);
#2639 = DIRECTION('',(0.,1.,0.));
#2640 = ORIENTED_EDGE('',*,*,#1081,.T.);
#2641 = ORIENTED_EDGE('',*,*,#1169,.T.);
#2642 = ORIENTED_EDGE('',*,*,#2643,.T.);
#2643 = EDGE_CURVE('',#1162,#2644,#2646,.T.);
#2644 = VERTEX_POINT('',#2645);
#2645 = CARTESIAN_POINT('',(3.04,2.04,0.));
#2646 = LINE('',#2647,#2648);
#2647 = CARTESIAN_POINT('',(1.75,2.04,0.));
#2648 = VECTOR('',#2649,1.);
#2649 = DIRECTION('',(-1.,0.,0.));
#2650 = ORIENTED_EDGE('',*,*,#2651,.T.);
#2651 = EDGE_CURVE('',#2644,#2652,#2654,.T.);
#2652 = VERTEX_POINT('',#2653);
#2653 = CARTESIAN_POINT('',(3.04,3.04,0.));
#2654 = LINE('',#2655,#2656);
#2655 = CARTESIAN_POINT('',(3.04,1.52,0.));
#2656 = VECTOR('',#2657,1.);
#2657 = DIRECTION('',(0.,1.,0.));
#2658 = ORIENTED_EDGE('',*,*,#2659,.T.);
#2659 = EDGE_CURVE('',#2652,#2634,#2660,.T.);
#2660 = LINE('',#2661,#2662);
#2661 = CARTESIAN_POINT('',(1.02,3.04,0.));
#2662 = VECTOR('',#2663,1.);
#2663 = DIRECTION('',(-1.,0.,0.));
#2664 = PLANE('',#2665);
#2665 = AXIS2_PLACEMENT_3D('',#2666,#2667,#2668);
#2666 = CARTESIAN_POINT('',(0.,0.,0.));
#2667 = DIRECTION('',(0.,0.,1.));
#2668 = DIRECTION('',(1.,0.,-0.));
#2669 = ADVANCED_FACE('',(#2670),#2704,.F.);
#2670 = FACE_BOUND('',#2671,.T.);
#2671 = EDGE_LOOP('',(#2672,#2680,#2688,#2696,#2702,#2703));
#2672 = ORIENTED_EDGE('',*,*,#2673,.T.);
#2673 = EDGE_CURVE('',#1106,#2674,#2676,.T.);
#2674 = VERTEX_POINT('',#2675);
#2675 = CARTESIAN_POINT('',(-2.04,3.04,0.));
#2676 = LINE('',#2677,#2678);
#2677 = CARTESIAN_POINT('',(-2.04,1.75,0.));
#2678 = VECTOR('',#2679,1.);
#2679 = DIRECTION('',(0.,-1.,0.));
#2680 = ORIENTED_EDGE('',*,*,#2681,.T.);
#2681 = EDGE_CURVE('',#2674,#2682,#2684,.T.);
#2682 = VERTEX_POINT('',#2683);
#2683 = CARTESIAN_POINT('',(-3.04,3.04,0.));
#2684 = LINE('',#2685,#2686);
#2685 = CARTESIAN_POINT('',(-1.52,3.04,0.));
#2686 = VECTOR('',#2687,1.);
#2687 = DIRECTION('',(-1.,0.,0.));
#2688 = ORIENTED_EDGE('',*,*,#2689,.T.);
#2689 = EDGE_CURVE('',#2682,#2690,#2692,.T.);
#2690 = VERTEX_POINT('',#2691);
#2691 = CARTESIAN_POINT('',(-3.04,2.04,0.));
#2692 = LINE('',#2693,#2694);
#2693 = CARTESIAN_POINT('',(-3.04,1.02,0.));
#2694 = VECTOR('',#2695,1.);
#2695 = DIRECTION('',(0.,-1.,0.));
#2696 = ORIENTED_EDGE('',*,*,#2697,.T.);
#2697 = EDGE_CURVE('',#2690,#1019,#2698,.T.);
#2698 = LINE('',#2699,#2700);
#2699 = CARTESIAN_POINT('',(-1.02,2.04,0.));
#2700 = VECTOR('',#2701,1.);
#2701 = DIRECTION('',(-1.,0.,0.));
#2702 = ORIENTED_EDGE('',*,*,#1018,.T.);
#2703 = ORIENTED_EDGE('',*,*,#1113,.T.);
#2704 = PLANE('',#2705);
#2705 = AXIS2_PLACEMENT_3D('',#2706,#2707,#2708);
#2706 = CARTESIAN_POINT('',(0.,0.,0.));
#2707 = DIRECTION('',(0.,0.,1.));
#2708 = DIRECTION('',(1.,0.,-0.));
#2709 = ADVANCED_FACE('',(#2710),#2733,.T.);
#2710 = FACE_BOUND('',#2711,.T.);
#2711 = EDGE_LOOP('',(#2712,#2713,#2714,#2715,#2721,#2722,#2728,#2729,
    #2730,#2731,#2732));
#2712 = ORIENTED_EDGE('',*,*,#942,.F.);
#2713 = ORIENTED_EDGE('',*,*,#1058,.F.);
#2714 = ORIENTED_EDGE('',*,*,#2571,.F.);
#2715 = ORIENTED_EDGE('',*,*,#2716,.T.);
#2716 = EDGE_CURVE('',#2564,#2460,#2717,.T.);
#2717 = LINE('',#2718,#2719);
#2718 = CARTESIAN_POINT('',(-2.04,-3.5,0.));
#2719 = VECTOR('',#2720,1.);
#2720 = DIRECTION('',(0.,0.,1.));
#2721 = ORIENTED_EDGE('',*,*,#2459,.T.);
#2722 = ORIENTED_EDGE('',*,*,#2723,.T.);
#2723 = EDGE_CURVE('',#2462,#2596,#2724,.T.);
#2724 = LINE('',#2725,#2726);
#2725 = CARTESIAN_POINT('',(2.04,-3.5,0.));
#2726 = VECTOR('',#2727,1.);
#2727 = DIRECTION('',(0.,0.,-1.));
#2728 = ORIENTED_EDGE('',*,*,#2595,.F.);
#2729 = ORIENTED_EDGE('',*,*,#1129,.T.);
#2730 = ORIENTED_EDGE('',*,*,#919,.F.);
#2731 = ORIENTED_EDGE('',*,*,#2423,.T.);
#2732 = ORIENTED_EDGE('',*,*,#2431,.T.);
#2733 = PLANE('',#2734);
#2734 = AXIS2_PLACEMENT_3D('',#2735,#2736,#2737);
#2735 = CARTESIAN_POINT('',(-3.5,-3.5,0.));
#2736 = DIRECTION('',(0.,-1.,0.));
#2737 = DIRECTION('',(1.,0.,0.));
#2738 = ADVANCED_FACE('',(#2739),#2758,.T.);
#2739 = FACE_BOUND('',#2740,.T.);
#2740 = EDGE_LOOP('',(#2741,#2750,#2756,#2757));
#2741 = ORIENTED_EDGE('',*,*,#2742,.F.);
#2742 = EDGE_CURVE('',#2743,#2743,#2745,.T.);
#2743 = VERTEX_POINT('',#2744);
#2744 = CARTESIAN_POINT('',(-0.65,0.,-2.8));
#2745 = CIRCLE('',#2746,0.65);
#2746 = AXIS2_PLACEMENT_3D('',#2747,#2748,#2749);
#2747 = CARTESIAN_POINT('',(0.,0.,-2.8));
#2748 = DIRECTION('',(0.,0.,-1.));
#2749 = DIRECTION('',(1.,0.,0.));
#2750 = ORIENTED_EDGE('',*,*,#2751,.T.);
#2751 = EDGE_CURVE('',#2743,#852,#2752,.T.);
#2752 = LINE('',#2753,#2754);
#2753 = CARTESIAN_POINT('',(-0.65,8.E-17,0.));
#2754 = VECTOR('',#2755,1.);
#2755 = DIRECTION('',(0.,0.,1.));
#2756 = ORIENTED_EDGE('',*,*,#851,.T.);
#2757 = ORIENTED_EDGE('',*,*,#2751,.F.);
#2758 = CYLINDRICAL_SURFACE('',#2759,0.65);
#2759 = AXIS2_PLACEMENT_3D('',#2760,#2761,#2762);
#2760 = CARTESIAN_POINT('',(0.,0.,0.));
#2761 = DIRECTION('',(0.,0.,-1.));
#2762 = DIRECTION('',(1.,0.,0.));
#2763 = ADVANCED_FACE('',(#2764),#2767,.T.);
#2764 = FACE_BOUND('',#2765,.T.);
#2765 = EDGE_LOOP('',(#2766));
#2766 = ORIENTED_EDGE('',*,*,#2742,.T.);
#2767 = PLANE('',#2768);
#2768 = AXIS2_PLACEMENT_3D('',#2769,#2770,#2771);
#2769 = CARTESIAN_POINT('',(0.,0.,-2.8));
#2770 = DIRECTION('',(0.,0.,-1.));
#2771 = DIRECTION('',(1.,0.,0.));
#2772 = ADVANCED_FACE('',(#2773),#2798,.T.);
#2773 = FACE_BOUND('',#2774,.T.);
#2774 = EDGE_LOOP('',(#2775,#2776,#2784,#2792));
#2775 = ORIENTED_EDGE('',*,*,#2619,.F.);
#2776 = ORIENTED_EDGE('',*,*,#2777,.T.);
#2777 = EDGE_CURVE('',#2612,#2778,#2780,.T.);
#2778 = VERTEX_POINT('',#2779);
#2779 = CARTESIAN_POINT('',(3.04,-3.04,-2.8));
#2780 = LINE('',#2781,#2782);
#2781 = CARTESIAN_POINT('',(3.04,-3.04,0.));
#2782 = VECTOR('',#2783,1.);
#2783 = DIRECTION('',(0.,0.,-1.));
#2784 = ORIENTED_EDGE('',*,*,#2785,.F.);
#2785 = EDGE_CURVE('',#2786,#2778,#2788,.T.);
#2786 = VERTEX_POINT('',#2787);
#2787 = CARTESIAN_POINT('',(3.04,-2.04,-2.8));
#2788 = LINE('',#2789,#2790);
#2789 = CARTESIAN_POINT('',(3.04,-3.04,-2.8));
#2790 = VECTOR('',#2791,1.);
#2791 = DIRECTION('',(0.,-1.,0.));
#2792 = ORIENTED_EDGE('',*,*,#2793,.F.);
#2793 = EDGE_CURVE('',#2587,#2786,#2794,.T.);
#2794 = LINE('',#2795,#2796);
#2795 = CARTESIAN_POINT('',(3.04,-2.04,0.));
#2796 = VECTOR('',#2797,1.);
#2797 = DIRECTION('',(0.,0.,-1.));
#2798 = PLANE('',#2799);
#2799 = AXIS2_PLACEMENT_3D('',#2800,#2801,#2802);
#2800 = CARTESIAN_POINT('',(3.04,-2.04,0.));
#2801 = DIRECTION('',(1.,0.,0.));
#2802 = DIRECTION('',(0.,-1.,0.));
#2803 = ADVANCED_FACE('',(#2804),#2824,.T.);
#2804 = FACE_BOUND('',#2805,.T.);
#2805 = EDGE_LOOP('',(#2806,#2807,#2815,#2821,#2822,#2823));
#2806 = ORIENTED_EDGE('',*,*,#2793,.T.);
#2807 = ORIENTED_EDGE('',*,*,#2808,.F.);
#2808 = EDGE_CURVE('',#2809,#2786,#2811,.T.);
#2809 = VERTEX_POINT('',#2810);
#2810 = CARTESIAN_POINT('',(2.04,-2.04,-2.8));
#2811 = LINE('',#2812,#2813);
#2812 = CARTESIAN_POINT('',(3.04,-2.04,-2.8));
#2813 = VECTOR('',#2814,1.);
#2814 = DIRECTION('',(1.,0.,0.));
#2815 = ORIENTED_EDGE('',*,*,#2816,.T.);
#2816 = EDGE_CURVE('',#2809,#2515,#2817,.T.);
#2817 = LINE('',#2818,#2819);
#2818 = CARTESIAN_POINT('',(2.04,-2.04,0.));
#2819 = VECTOR('',#2820,1.);
#2820 = DIRECTION('',(0.,0.,1.));
#2821 = ORIENTED_EDGE('',*,*,#2514,.T.);
#2822 = ORIENTED_EDGE('',*,*,#1145,.F.);
#2823 = ORIENTED_EDGE('',*,*,#2586,.F.);
#2824 = PLANE('',#2825);
#2825 = AXIS2_PLACEMENT_3D('',#2826,#2827,#2828);
#2826 = CARTESIAN_POINT('',(2.04,-2.04,0.));
#2827 = DIRECTION('',(0.,1.,0.));
#2828 = DIRECTION('',(1.,0.,0.));
#2829 = ADVANCED_FACE('',(#2830),#2850,.T.);
#2830 = FACE_BOUND('',#2831,.T.);
#2831 = EDGE_LOOP('',(#2832,#2833,#2841,#2847,#2848,#2849));
#2832 = ORIENTED_EDGE('',*,*,#2816,.F.);
#2833 = ORIENTED_EDGE('',*,*,#2834,.F.);
#2834 = EDGE_CURVE('',#2835,#2809,#2837,.T.);
#2835 = VERTEX_POINT('',#2836);
#2836 = CARTESIAN_POINT('',(2.04,-3.04,-2.8));
#2837 = LINE('',#2838,#2839);
#2838 = CARTESIAN_POINT('',(2.04,-2.04,-2.8));
#2839 = VECTOR('',#2840,1.);
#2840 = DIRECTION('',(0.,1.,0.));
#2841 = ORIENTED_EDGE('',*,*,#2842,.F.);
#2842 = EDGE_CURVE('',#2604,#2835,#2843,.T.);
#2843 = LINE('',#2844,#2845);
#2844 = CARTESIAN_POINT('',(2.04,-3.04,0.));
#2845 = VECTOR('',#2846,1.);
#2846 = DIRECTION('',(0.,0.,-1.));
#2847 = ORIENTED_EDGE('',*,*,#2603,.F.);
#2848 = ORIENTED_EDGE('',*,*,#2723,.F.);
#2849 = ORIENTED_EDGE('',*,*,#2522,.T.);
#2850 = PLANE('',#2851);
#2851 = AXIS2_PLACEMENT_3D('',#2852,#2853,#2854);
#2852 = CARTESIAN_POINT('',(2.04,-3.04,0.));
#2853 = DIRECTION('',(-1.,0.,0.));
#2854 = DIRECTION('',(0.,1.,0.));
#2855 = ADVANCED_FACE('',(#2856),#2867,.T.);
#2856 = FACE_BOUND('',#2857,.T.);
#2857 = EDGE_LOOP('',(#2858,#2859,#2860,#2866));
#2858 = ORIENTED_EDGE('',*,*,#2611,.F.);
#2859 = ORIENTED_EDGE('',*,*,#2842,.T.);
#2860 = ORIENTED_EDGE('',*,*,#2861,.F.);
#2861 = EDGE_CURVE('',#2778,#2835,#2862,.T.);
#2862 = LINE('',#2863,#2864);
#2863 = CARTESIAN_POINT('',(2.04,-3.04,-2.8));
#2864 = VECTOR('',#2865,1.);
#2865 = DIRECTION('',(-1.,0.,0.));
#2866 = ORIENTED_EDGE('',*,*,#2777,.F.);
#2867 = PLANE('',#2868);
#2868 = AXIS2_PLACEMENT_3D('',#2869,#2870,#2871);
#2869 = CARTESIAN_POINT('',(3.04,-3.04,0.));
#2870 = DIRECTION('',(0.,-1.,0.));
#2871 = DIRECTION('',(-1.,0.,0.));
#2872 = ADVANCED_FACE('',(#2873),#2879,.T.);
#2873 = FACE_BOUND('',#2874,.T.);
#2874 = EDGE_LOOP('',(#2875,#2876,#2877,#2878));
#2875 = ORIENTED_EDGE('',*,*,#2861,.T.);
#2876 = ORIENTED_EDGE('',*,*,#2834,.T.);
#2877 = ORIENTED_EDGE('',*,*,#2808,.T.);
#2878 = ORIENTED_EDGE('',*,*,#2785,.T.);
#2879 = PLANE('',#2880);
#2880 = AXIS2_PLACEMENT_3D('',#2881,#2882,#2883);
#2881 = CARTESIAN_POINT('',(2.54,-2.54,-2.8));
#2882 = DIRECTION('',(0.,0.,-1.));
#2883 = DIRECTION('',(-1.,0.,0.));
#2884 = ADVANCED_FACE('',(#2885),#2912,.T.);
#2885 = FACE_BOUND('',#2886,.T.);
#2886 = EDGE_LOOP('',(#2887,#2895,#2903,#2909,#2910,#2911));
#2887 = ORIENTED_EDGE('',*,*,#2888,.T.);
#2888 = EDGE_CURVE('',#2485,#2889,#2891,.T.);
#2889 = VERTEX_POINT('',#2890);
#2890 = CARTESIAN_POINT('',(-2.04,2.04,-2.8));
#2891 = LINE('',#2892,#2893);
#2892 = CARTESIAN_POINT('',(-2.04,2.04,0.));
#2893 = VECTOR('',#2894,1.);
#2894 = DIRECTION('',(0.,0.,-1.));
#2895 = ORIENTED_EDGE('',*,*,#2896,.F.);
#2896 = EDGE_CURVE('',#2897,#2889,#2899,.T.);
#2897 = VERTEX_POINT('',#2898);
#2898 = CARTESIAN_POINT('',(-2.04,3.04,-2.8));
#2899 = LINE('',#2900,#2901);
#2900 = CARTESIAN_POINT('',(-2.04,2.04,-2.8));
#2901 = VECTOR('',#2902,1.);
#2902 = DIRECTION('',(0.,-1.,0.));
#2903 = ORIENTED_EDGE('',*,*,#2904,.F.);
#2904 = EDGE_CURVE('',#2674,#2897,#2905,.T.);
#2905 = LINE('',#2906,#2907);
#2906 = CARTESIAN_POINT('',(-2.04,3.04,0.));
#2907 = VECTOR('',#2908,1.);
#2908 = DIRECTION('',(0.,0.,-1.));
#2909 = ORIENTED_EDGE('',*,*,#2673,.F.);
#2910 = ORIENTED_EDGE('',*,*,#1105,.F.);
#2911 = ORIENTED_EDGE('',*,*,#2492,.T.);
#2912 = PLANE('',#2913);
#2913 = AXIS2_PLACEMENT_3D('',#2914,#2915,#2916);
#2914 = CARTESIAN_POINT('',(-2.04,3.04,0.));
#2915 = DIRECTION('',(1.,0.,0.));
#2916 = DIRECTION('',(0.,-1.,0.));
#2917 = ADVANCED_FACE('',(#2918),#2936,.T.);
#2918 = FACE_BOUND('',#2919,.T.);
#2919 = EDGE_LOOP('',(#2920,#2921,#2922,#2930));
#2920 = ORIENTED_EDGE('',*,*,#2681,.F.);
#2921 = ORIENTED_EDGE('',*,*,#2904,.T.);
#2922 = ORIENTED_EDGE('',*,*,#2923,.F.);
#2923 = EDGE_CURVE('',#2924,#2897,#2926,.T.);
#2924 = VERTEX_POINT('',#2925);
#2925 = CARTESIAN_POINT('',(-3.04,3.04,-2.8));
#2926 = LINE('',#2927,#2928);
#2927 = CARTESIAN_POINT('',(-2.04,3.04,-2.8));
#2928 = VECTOR('',#2929,1.);
#2929 = DIRECTION('',(1.,0.,0.));
#2930 = ORIENTED_EDGE('',*,*,#2931,.F.);
#2931 = EDGE_CURVE('',#2682,#2924,#2932,.T.);
#2932 = LINE('',#2933,#2934);
#2933 = CARTESIAN_POINT('',(-3.04,3.04,0.));
#2934 = VECTOR('',#2935,1.);
#2935 = DIRECTION('',(0.,0.,-1.));
#2936 = PLANE('',#2937);
#2937 = AXIS2_PLACEMENT_3D('',#2938,#2939,#2940);
#2938 = CARTESIAN_POINT('',(-3.04,3.04,0.));
#2939 = DIRECTION('',(0.,1.,0.));
#2940 = DIRECTION('',(1.,0.,0.));
#2941 = ADVANCED_FACE('',(#2942),#2960,.T.);
#2942 = FACE_BOUND('',#2943,.T.);
#2943 = EDGE_LOOP('',(#2944,#2945,#2946,#2954));
#2944 = ORIENTED_EDGE('',*,*,#2689,.F.);
#2945 = ORIENTED_EDGE('',*,*,#2931,.T.);
#2946 = ORIENTED_EDGE('',*,*,#2947,.F.);
#2947 = EDGE_CURVE('',#2948,#2924,#2950,.T.);
#2948 = VERTEX_POINT('',#2949);
#2949 = CARTESIAN_POINT('',(-3.04,2.04,-2.8));
#2950 = LINE('',#2951,#2952);
#2951 = CARTESIAN_POINT('',(-3.04,3.04,-2.8));
#2952 = VECTOR('',#2953,1.);
#2953 = DIRECTION('',(0.,1.,0.));
#2954 = ORIENTED_EDGE('',*,*,#2955,.F.);
#2955 = EDGE_CURVE('',#2690,#2948,#2956,.T.);
#2956 = LINE('',#2957,#2958);
#2957 = CARTESIAN_POINT('',(-3.04,2.04,0.));
#2958 = VECTOR('',#2959,1.);
#2959 = DIRECTION('',(0.,0.,-1.));
#2960 = PLANE('',#2961);
#2961 = AXIS2_PLACEMENT_3D('',#2962,#2963,#2964);
#2962 = CARTESIAN_POINT('',(-3.04,2.04,0.));
#2963 = DIRECTION('',(-1.,0.,0.));
#2964 = DIRECTION('',(0.,1.,0.));
#2965 = ADVANCED_FACE('',(#2966),#2979,.T.);
#2966 = FACE_BOUND('',#2967,.T.);
#2967 = EDGE_LOOP('',(#2968,#2969,#2975,#2976,#2977,#2978));
#2968 = ORIENTED_EDGE('',*,*,#2955,.T.);
#2969 = ORIENTED_EDGE('',*,*,#2970,.F.);
#2970 = EDGE_CURVE('',#2889,#2948,#2971,.T.);
#2971 = LINE('',#2972,#2973);
#2972 = CARTESIAN_POINT('',(-3.04,2.04,-2.8));
#2973 = VECTOR('',#2974,1.);
#2974 = DIRECTION('',(-1.,0.,0.));
#2975 = ORIENTED_EDGE('',*,*,#2888,.F.);
#2976 = ORIENTED_EDGE('',*,*,#2484,.T.);
#2977 = ORIENTED_EDGE('',*,*,#1026,.F.);
#2978 = ORIENTED_EDGE('',*,*,#2697,.F.);
#2979 = PLANE('',#2980);
#2980 = AXIS2_PLACEMENT_3D('',#2981,#2982,#2983);
#2981 = CARTESIAN_POINT('',(-2.04,2.04,0.));
#2982 = DIRECTION('',(0.,-1.,0.));
#2983 = DIRECTION('',(-1.,0.,0.));
#2984 = ADVANCED_FACE('',(#2985),#2991,.T.);
#2985 = FACE_BOUND('',#2986,.T.);
#2986 = EDGE_LOOP('',(#2987,#2988,#2989,#2990));
#2987 = ORIENTED_EDGE('',*,*,#2970,.T.);
#2988 = ORIENTED_EDGE('',*,*,#2947,.T.);
#2989 = ORIENTED_EDGE('',*,*,#2923,.T.);
#2990 = ORIENTED_EDGE('',*,*,#2896,.T.);
#2991 = PLANE('',#2992);
#2992 = AXIS2_PLACEMENT_3D('',#2993,#2994,#2995);
#2993 = CARTESIAN_POINT('',(-2.54,2.54,-2.8));
#2994 = DIRECTION('',(0.,0.,-1.));
#2995 = DIRECTION('',(-1.,0.,0.));
#2996 = ADVANCED_FACE('',(#2997),#3024,.T.);
#2997 = FACE_BOUND('',#2998,.T.);
#2998 = EDGE_LOOP('',(#2999,#3007,#3015,#3021,#3022,#3023));
#2999 = ORIENTED_EDGE('',*,*,#3000,.T.);
#3000 = EDGE_CURVE('',#2556,#3001,#3003,.T.);
#3001 = VERTEX_POINT('',#3002);
#3002 = CARTESIAN_POINT('',(-2.04,-3.04,-2.8));
#3003 = LINE('',#3004,#3005);
#3004 = CARTESIAN_POINT('',(-2.04,-3.04,0.));
#3005 = VECTOR('',#3006,1.);
#3006 = DIRECTION('',(0.,0.,-1.));
#3007 = ORIENTED_EDGE('',*,*,#3008,.F.);
#3008 = EDGE_CURVE('',#3009,#3001,#3011,.T.);
#3009 = VERTEX_POINT('',#3010);
#3010 = CARTESIAN_POINT('',(-2.04,-2.04,-2.8));
#3011 = LINE('',#3012,#3013);
#3012 = CARTESIAN_POINT('',(-2.04,-3.04,-2.8));
#3013 = VECTOR('',#3014,1.);
#3014 = DIRECTION('',(2.8E-16,-1.,0.));
#3015 = ORIENTED_EDGE('',*,*,#3016,.T.);
#3016 = EDGE_CURVE('',#3009,#2470,#3017,.T.);
#3017 = LINE('',#3018,#3019);
#3018 = CARTESIAN_POINT('',(-2.04,-2.04,0.));
#3019 = VECTOR('',#3020,1.);
#3020 = DIRECTION('',(0.,0.,1.));
#3021 = ORIENTED_EDGE('',*,*,#2469,.T.);
#3022 = ORIENTED_EDGE('',*,*,#2716,.F.);
#3023 = ORIENTED_EDGE('',*,*,#2563,.F.);
#3024 = PLANE('',#3025);
#3025 = AXIS2_PLACEMENT_3D('',#3026,#3027,#3028);
#3026 = CARTESIAN_POINT('',(-2.04,-2.04,0.));
#3027 = DIRECTION('',(1.,2.8E-16,0.));
#3028 = DIRECTION('',(2.8E-16,-1.,0.));
#3029 = ADVANCED_FACE('',(#3030),#3050,.T.);
#3030 = FACE_BOUND('',#3031,.T.);
#3031 = EDGE_LOOP('',(#3032,#3033,#3041,#3047,#3048,#3049));
#3032 = ORIENTED_EDGE('',*,*,#3016,.F.);
#3033 = ORIENTED_EDGE('',*,*,#3034,.F.);
#3034 = EDGE_CURVE('',#3035,#3009,#3037,.T.);
#3035 = VERTEX_POINT('',#3036);
#3036 = CARTESIAN_POINT('',(-3.04,-2.04,-2.8));
#3037 = LINE('',#3038,#3039);
#3038 = CARTESIAN_POINT('',(-2.04,-2.04,-2.8));
#3039 = VECTOR('',#3040,1.);
#3040 = DIRECTION('',(1.,0.,0.));
#3041 = ORIENTED_EDGE('',*,*,#3042,.F.);
#3042 = EDGE_CURVE('',#2540,#3035,#3043,.T.);
#3043 = LINE('',#3044,#3045);
#3044 = CARTESIAN_POINT('',(-3.04,-2.04,0.));
#3045 = VECTOR('',#3046,1.);
#3046 = DIRECTION('',(0.,0.,-1.));
#3047 = ORIENTED_EDGE('',*,*,#2539,.F.);
#3048 = ORIENTED_EDGE('',*,*,#1042,.F.);
#3049 = ORIENTED_EDGE('',*,*,#2477,.T.);
#3050 = PLANE('',#3051);
#3051 = AXIS2_PLACEMENT_3D('',#3052,#3053,#3054);
#3052 = CARTESIAN_POINT('',(-3.04,-2.04,0.));
#3053 = DIRECTION('',(0.,1.,0.));
#3054 = DIRECTION('',(1.,0.,0.));
#3055 = ADVANCED_FACE('',(#3056),#3074,.T.);
#3056 = FACE_BOUND('',#3057,.T.);
#3057 = EDGE_LOOP('',(#3058,#3059,#3060,#3068));
#3058 = ORIENTED_EDGE('',*,*,#2547,.F.);
#3059 = ORIENTED_EDGE('',*,*,#3042,.T.);
#3060 = ORIENTED_EDGE('',*,*,#3061,.F.);
#3061 = EDGE_CURVE('',#3062,#3035,#3064,.T.);
#3062 = VERTEX_POINT('',#3063);
#3063 = CARTESIAN_POINT('',(-3.04,-3.04,-2.8));
#3064 = LINE('',#3065,#3066);
#3065 = CARTESIAN_POINT('',(-3.04,-2.04,-2.8));
#3066 = VECTOR('',#3067,1.);
#3067 = DIRECTION('',(5.6E-16,1.,0.));
#3068 = ORIENTED_EDGE('',*,*,#3069,.F.);
#3069 = EDGE_CURVE('',#2548,#3062,#3070,.T.);
#3070 = LINE('',#3071,#3072);
#3071 = CARTESIAN_POINT('',(-3.04,-3.04,0.));
#3072 = VECTOR('',#3073,1.);
#3073 = DIRECTION('',(0.,0.,-1.));
#3074 = PLANE('',#3075);
#3075 = AXIS2_PLACEMENT_3D('',#3076,#3077,#3078);
#3076 = CARTESIAN_POINT('',(-3.04,-3.04,0.));
#3077 = DIRECTION('',(-1.,5.6E-16,0.));
#3078 = DIRECTION('',(5.6E-16,1.,0.));
#3079 = ADVANCED_FACE('',(#3080),#3091,.T.);
#3080 = FACE_BOUND('',#3081,.T.);
#3081 = EDGE_LOOP('',(#3082,#3083,#3084,#3090));
#3082 = ORIENTED_EDGE('',*,*,#2555,.F.);
#3083 = ORIENTED_EDGE('',*,*,#3069,.T.);
#3084 = ORIENTED_EDGE('',*,*,#3085,.F.);
#3085 = EDGE_CURVE('',#3001,#3062,#3086,.T.);
#3086 = LINE('',#3087,#3088);
#3087 = CARTESIAN_POINT('',(-3.04,-3.04,-2.8));
#3088 = VECTOR('',#3089,1.);
#3089 = DIRECTION('',(-1.,0.,0.));
#3090 = ORIENTED_EDGE('',*,*,#3000,.F.);
#3091 = PLANE('',#3092);
#3092 = AXIS2_PLACEMENT_3D('',#3093,#3094,#3095);
#3093 = CARTESIAN_POINT('',(-2.04,-3.04,0.));
#3094 = DIRECTION('',(0.,-1.,0.));
#3095 = DIRECTION('',(-1.,0.,0.));
#3096 = ADVANCED_FACE('',(#3097),#3103,.T.);
#3097 = FACE_BOUND('',#3098,.T.);
#3098 = EDGE_LOOP('',(#3099,#3100,#3101,#3102));
#3099 = ORIENTED_EDGE('',*,*,#3085,.T.);
#3100 = ORIENTED_EDGE('',*,*,#3061,.T.);
#3101 = ORIENTED_EDGE('',*,*,#3034,.T.);
#3102 = ORIENTED_EDGE('',*,*,#3008,.T.);
#3103 = PLANE('',#3104);
#3104 = AXIS2_PLACEMENT_3D('',#3105,#3106,#3107);
#3105 = CARTESIAN_POINT('',(-2.54,-2.54,-2.8));
#3106 = DIRECTION('',(0.,0.,-1.));
#3107 = DIRECTION('',(-1.,0.,0.));
#3108 = ADVANCED_FACE('',(#3109),#3134,.T.);
#3109 = FACE_BOUND('',#3110,.T.);
#3110 = EDGE_LOOP('',(#3111,#3112,#3120,#3128));
#3111 = ORIENTED_EDGE('',*,*,#2651,.F.);
#3112 = ORIENTED_EDGE('',*,*,#3113,.T.);
#3113 = EDGE_CURVE('',#2644,#3114,#3116,.T.);
#3114 = VERTEX_POINT('',#3115);
#3115 = CARTESIAN_POINT('',(3.04,2.04,-2.8));
#3116 = LINE('',#3117,#3118);
#3117 = CARTESIAN_POINT('',(3.04,2.04,0.));
#3118 = VECTOR('',#3119,1.);
#3119 = DIRECTION('',(0.,0.,-1.));
#3120 = ORIENTED_EDGE('',*,*,#3121,.F.);
#3121 = EDGE_CURVE('',#3122,#3114,#3124,.T.);
#3122 = VERTEX_POINT('',#3123);
#3123 = CARTESIAN_POINT('',(3.04,3.04,-2.8));
#3124 = LINE('',#3125,#3126);
#3125 = CARTESIAN_POINT('',(3.04,2.04,-2.8));
#3126 = VECTOR('',#3127,1.);
#3127 = DIRECTION('',(0.,-1.,0.));
#3128 = ORIENTED_EDGE('',*,*,#3129,.F.);
#3129 = EDGE_CURVE('',#2652,#3122,#3130,.T.);
#3130 = LINE('',#3131,#3132);
#3131 = CARTESIAN_POINT('',(3.04,3.04,0.));
#3132 = VECTOR('',#3133,1.);
#3133 = DIRECTION('',(0.,0.,-1.));
#3134 = PLANE('',#3135);
#3135 = AXIS2_PLACEMENT_3D('',#3136,#3137,#3138);
#3136 = CARTESIAN_POINT('',(3.04,3.04,0.));
#3137 = DIRECTION('',(1.,0.,0.));
#3138 = DIRECTION('',(0.,-1.,0.));
#3139 = ADVANCED_FACE('',(#3140),#3158,.T.);
#3140 = FACE_BOUND('',#3141,.T.);
#3141 = EDGE_LOOP('',(#3142,#3143,#3144,#3152));
#3142 = ORIENTED_EDGE('',*,*,#2659,.F.);
#3143 = ORIENTED_EDGE('',*,*,#3129,.T.);
#3144 = ORIENTED_EDGE('',*,*,#3145,.F.);
#3145 = EDGE_CURVE('',#3146,#3122,#3148,.T.);
#3146 = VERTEX_POINT('',#3147);
#3147 = CARTESIAN_POINT('',(2.04,3.04,-2.8));
#3148 = LINE('',#3149,#3150);
#3149 = CARTESIAN_POINT('',(3.04,3.04,-2.8));
#3150 = VECTOR('',#3151,1.);
#3151 = DIRECTION('',(1.,0.,0.));
#3152 = ORIENTED_EDGE('',*,*,#3153,.F.);
#3153 = EDGE_CURVE('',#2634,#3146,#3154,.T.);
#3154 = LINE('',#3155,#3156);
#3155 = CARTESIAN_POINT('',(2.04,3.04,0.));
#3156 = VECTOR('',#3157,1.);
#3157 = DIRECTION('',(0.,0.,-1.));
#3158 = PLANE('',#3159);
#3159 = AXIS2_PLACEMENT_3D('',#3160,#3161,#3162);
#3160 = CARTESIAN_POINT('',(2.04,3.04,0.));
#3161 = DIRECTION('',(0.,1.,0.));
#3162 = DIRECTION('',(1.,0.,0.));
#3163 = ADVANCED_FACE('',(#3164),#3184,.T.);
#3164 = FACE_BOUND('',#3165,.T.);
#3165 = EDGE_LOOP('',(#3166,#3167,#3175,#3181,#3182,#3183));
#3166 = ORIENTED_EDGE('',*,*,#3153,.T.);
#3167 = ORIENTED_EDGE('',*,*,#3168,.F.);
#3168 = EDGE_CURVE('',#3169,#3146,#3171,.T.);
#3169 = VERTEX_POINT('',#3170);
#3170 = CARTESIAN_POINT('',(2.04,2.04,-2.8));
#3171 = LINE('',#3172,#3173);
#3172 = CARTESIAN_POINT('',(2.04,3.04,-2.8));
#3173 = VECTOR('',#3174,1.);
#3174 = DIRECTION('',(0.,1.,0.));
#3175 = ORIENTED_EDGE('',*,*,#3176,.T.);
#3176 = EDGE_CURVE('',#3169,#2500,#3177,.T.);
#3177 = LINE('',#3178,#3179);
#3178 = CARTESIAN_POINT('',(2.04,2.04,0.));
#3179 = VECTOR('',#3180,1.);
#3180 = DIRECTION('',(0.,0.,1.));
#3181 = ORIENTED_EDGE('',*,*,#2499,.T.);
#3182 = ORIENTED_EDGE('',*,*,#1089,.F.);
#3183 = ORIENTED_EDGE('',*,*,#2633,.F.);
#3184 = PLANE('',#3185);
#3185 = AXIS2_PLACEMENT_3D('',#3186,#3187,#3188);
#3186 = CARTESIAN_POINT('',(2.04,2.04,0.));
#3187 = DIRECTION('',(-1.,0.,0.));
#3188 = DIRECTION('',(0.,1.,0.));
#3189 = ADVANCED_FACE('',(#3190),#3203,.T.);
#3190 = FACE_BOUND('',#3191,.T.);
#3191 = EDGE_LOOP('',(#3192,#3193,#3199,#3200,#3201,#3202));
#3192 = ORIENTED_EDGE('',*,*,#3176,.F.);
#3193 = ORIENTED_EDGE('',*,*,#3194,.F.);
#3194 = EDGE_CURVE('',#3114,#3169,#3195,.T.);
#3195 = LINE('',#3196,#3197);
#3196 = CARTESIAN_POINT('',(2.04,2.04,-2.8));
#3197 = VECTOR('',#3198,1.);
#3198 = DIRECTION('',(-1.,0.,0.));
#3199 = ORIENTED_EDGE('',*,*,#3113,.F.);
#3200 = ORIENTED_EDGE('',*,*,#2643,.F.);
#3201 = ORIENTED_EDGE('',*,*,#1161,.F.);
#3202 = ORIENTED_EDGE('',*,*,#2507,.T.);
#3203 = PLANE('',#3204);
#3204 = AXIS2_PLACEMENT_3D('',#3205,#3206,#3207);
#3205 = CARTESIAN_POINT('',(3.04,2.04,0.));
#3206 = DIRECTION('',(0.,-1.,0.));
#3207 = DIRECTION('',(-1.,0.,0.));
#3208 = ADVANCED_FACE('',(#3209),#3215,.T.);
#3209 = FACE_BOUND('',#3210,.T.);
#3210 = EDGE_LOOP('',(#3211,#3212,#3213,#3214));
#3211 = ORIENTED_EDGE('',*,*,#3194,.T.);
#3212 = ORIENTED_EDGE('',*,*,#3168,.T.);
#3213 = ORIENTED_EDGE('',*,*,#3145,.T.);
#3214 = ORIENTED_EDGE('',*,*,#3121,.T.);
#3215 = PLANE('',#3216);
#3216 = AXIS2_PLACEMENT_3D('',#3217,#3218,#3219);
#3217 = CARTESIAN_POINT('',(2.54,2.54,-2.8));
#3218 = DIRECTION('',(0.,0.,-1.));
#3219 = DIRECTION('',(-1.,0.,0.));
#3220 = ( GEOMETRIC_REPRESENTATION_CONTEXT(3) 
GLOBAL_UNCERTAINTY_ASSIGNED_CONTEXT((#3224)) 
GLOBAL_UNIT_ASSIGNED_CONTEXT((#3221,#3222,#3223)) REPRESENTATION_CONTEXT
('Context #1','3D Context with UNIT and UNCERTAINTY') );
#3221 = ( LENGTH_UNIT() NAMED_UNIT(*) SI_UNIT(.MILLI.,.METRE.) );
#3222 = ( NAMED_UNIT(*) PLANE_ANGLE_UNIT() SI_UNIT($,.RADIAN.) );
#3223 = ( NAMED_UNIT(*) SI_UNIT($,.STERADIAN.) SOLID_ANGLE_UNIT() );
#3224 = UNCERTAINTY_MEASURE_WITH_UNIT(LENGTH_MEASURE(1.E-03),#3221,
  'distance_accuracy_value','confusion accuracy');
#3225 = PRODUCT_RELATED_PRODUCT_CATEGORY('part',$,(#7));
#3226 = MECHANICAL_DESIGN_GEOMETRIC_PRESENTATION_REPRESENTATION('',(
    #3227,#3238,#3246),#3220);
#3227 = STYLED_ITEM('color',(#3228),#15);
#3228 = PRESENTATION_STYLE_ASSIGNMENT((#3229,#3235));
#3229 = SURFACE_STYLE_USAGE(.BOTH.,#3230);
#3230 = SURFACE_SIDE_STYLE('',(#3231));
#3231 = SURFACE_STYLE_FILL_AREA(#3232);
#3232 = FILL_AREA_STYLE('',(#3233));
#3233 = FILL_AREA_STYLE_COLOUR('',#3234);
#3234 = COLOUR_RGB('',0.956862747054,0.898039222556,0.654901979974);
#3235 = CURVE_STYLE('',#3236,POSITIVE_LENGTH_MEASURE(0.1),#3237);
#3236 = DRAUGHTING_PRE_DEFINED_CURVE_FONT('continuous');
#3237 = COLOUR_RGB('',9.803921802644E-02,9.803921802644E-02,
  9.803921802644E-02);
#3238 = OVER_RIDING_STYLED_ITEM('overriding color',(#3239),#844,#3227);
#3239 = PRESENTATION_STYLE_ASSIGNMENT((#3240));
#3240 = SURFACE_STYLE_USAGE(.BOTH.,#3241);
#3241 = SURFACE_SIDE_STYLE('',(#3242));
#3242 = SURFACE_STYLE_FILL_AREA(#3243);
#3243 = FILL_AREA_STYLE('',(#3244));
#3244 = FILL_AREA_STYLE_COLOUR('',#3245);
#3245 = COLOUR_RGB('',0.964705886078,0.964705886078,0.952941189437);
#3246 = OVER_RIDING_STYLED_ITEM('overriding color',(#3247),#1312,#3227);
#3247 = PRESENTATION_STYLE_ASSIGNMENT((#3248));
#3248 = SURFACE_STYLE_USAGE(.BOTH.,#3249);
#3249 = SURFACE_SIDE_STYLE('',(#3250));
#3250 = SURFACE_STYLE_FILL_AREA(#3251);
#3251 = FILL_AREA_STYLE('',(#3252));
#3252 = FILL_AREA_STYLE_COLOUR('',#3245);
ENDSEC;
END-ISO-10303-21;
