solid OpenSCAD_Model
  facet normal 0.0627659 -0.917745 -0.392179
    outer loop
      vertex 47.6151 55.8378 0
      vertex 47.1706 55.8074 0
      vertex 48.5013 99.4436 -101.901
    endloop
  endfacet
  facet normal 0 0.892325 0.451393
    outer loop
      vertex 48 139.293 -83.3194
      vertex 32 97.1449 0
      vertex 47.2534 97.1449 0
    endloop
  endfacet
  facet normal 0 0.892325 0.451393
    outer loop
      vertex 32 97.1449 0
      vertex 48 139.293 -83.3194
      vertex 32 139.293 -83.3194
    endloop
  endfacet
  facet normal 0.249989 0.878619 0.406858
    outer loop
      vertex 49.2361 139.157 -83.4928
      vertex 48.7495 139.271 -83.44
      vertex 49.2361 139.115 -83.4021
    endloop
  endfacet
  facet normal -9.85291e-05 0.417373 -0.908735
    outer loop
      vertex 32 99.789 -101.851
      vertex 48.5013 99.4859 -101.992
      vertex 32 99.7411 -101.873
    endloop
  endfacet
  facet normal 5.62337e-05 0.424303 -0.90552
    outer loop
      vertex 48.5013 99.4859 -101.992
      vertex 32 99.789 -101.851
      vertex 48.9948 99.5712 -101.952
    endloop
  endfacet
  facet normal 0.999968 -0.00338081 0.00725022
    outer loop
      vertex 51.1479 65.9404 0
      vertex 52 103.04 -100.224
      vertex 52 135.667 -85.0099
    endloop
  endfacet
  facet normal 0.999968 -0.00338603 0.00724829
    outer loop
      vertex 52 103.04 -100.224
      vertex 51.1479 65.9404 0
      vertex 51.1283 60.1521 0
    endloop
  endfacet
  facet normal 0.062544 -0.905043 -0.420696
    outer loop
      vertex 48.5013 99.4436 -101.901
      vertex 48 99.4573 -102.005
      vertex 48.5013 99.4859 -101.992
    endloop
  endfacet
  facet normal 0.0633846 -0.903204 -0.424506
    outer loop
      vertex 48.5013 99.4436 -101.901
      vertex 48 99.415 -101.915
      vertex 48 99.4573 -102.005
    endloop
  endfacet
  facet normal 1.23979e-05 0.423272 -0.906003
    outer loop
      vertex 48.5013 99.4859 -101.992
      vertex 32 99.4714 -101.999
      vertex 32 99.7411 -101.873
    endloop
  endfacet
  facet normal 0 0.42261 -0.906312
    outer loop
      vertex 32 138.251 -83.9155
      vertex 36.5891 123.021 -91.0172
      vertex 32 123.021 -91.0172
    endloop
  endfacet
  facet normal 1.17592e-05 0.422613 -0.90631
    outer loop
      vertex 36.5891 123.021 -91.0172
      vertex 32 138.251 -83.9155
      vertex 51.2361 137.84 -84.1069
    endloop
  endfacet
  facet normal 0.727729 -0.632825 -0.264467
    outer loop
      vertex 50.201 57.3802 0
      vertex 50.7382 100.398 -101.456
      vertex 51.082 100.729 -101.302
    endloop
  endfacet
  facet normal 0.728704 -0.631873 -0.264059
    outer loop
      vertex 50.7382 100.398 -101.456
      vertex 50.201 57.3802 0
      vertex 49.8558 56.9821 0
    endloop
  endfacet
  facet normal 0.062793 -0.917744 -0.392178
    outer loop
      vertex 47.1136 55.8035 0
      vertex 48.5013 99.4436 -101.901
      vertex 47.1706 55.8074 0
    endloop
  endfacet
  facet normal 0.0633092 -0.917716 -0.392159
    outer loop
      vertex 48.5013 99.4436 -101.901
      vertex 47.1136 55.8035 0
      vertex 48 99.415 -101.915
    endloop
  endfacet
  facet normal 1 0 0
    outer loop
      vertex 52 135.667 -85.0099
      vertex 52 103.083 -100.315
      vertex 52 135.71 -85.1005
    endloop
  endfacet
  facet normal 1 0 -0
    outer loop
      vertex 52 103.083 -100.315
      vertex 52 135.667 -85.0099
      vertex 52 103.04 -100.224
    endloop
  endfacet
  facet normal 0.968449 -0.232053 -0.0908774
    outer loop
      vertex 50.9437 58.8739 0
      vertex 51.8042 101.92 -100.747
      vertex 51.9292 102.361 -100.541
    endloop
  endfacet
  facet normal 0.968521 -0.231795 -0.0907667
    outer loop
      vertex 51.8042 101.92 -100.747
      vertex 50.9437 58.8739 0
      vertex 50.928 58.8083 0
    endloop
  endfacet
  facet normal -1.1322e-07 0.423191 -0.906041
    outer loop
      vertex 49.2361 139.157 -83.4928
      vertex 32 138.908 -83.6091
      vertex 32 139.233 -83.4573
    endloop
  endfacet
  facet normal 0.535556 -0.778076 -0.328295
    outer loop
      vertex 49.0425 56.3414 0
      vertex 50.3511 100.107 -101.592
      vertex 49.4676 56.634 0
    endloop
  endfacet
  facet normal 0.53528 -0.778236 -0.328367
    outer loop
      vertex 50.3511 100.107 -101.592
      vertex 49.0425 56.3414 0
      vertex 49.927 99.8634 -101.706
    endloop
  endfacet
  facet normal 0 -0.905024 -0.425361
    outer loop
      vertex 32 99.4573 -102.005
      vertex 48 99.415 -101.915
      vertex 32 99.415 -101.915
    endloop
  endfacet
  facet normal 0 -0.905024 -0.425361
    outer loop
      vertex 48 99.415 -101.915
      vertex 32 99.4573 -102.005
      vertex 48 99.4573 -102.005
    endloop
  endfacet
  facet normal -9.62292e-05 0.42263 -0.906302
    outer loop
      vertex 52 103.083 -100.315
      vertex 51.3773 101.14 -101.221
      vertex 51.8743 136.611 -84.6801
    endloop
  endfacet
  facet normal 0.729226 -0.617422 -0.294991
    outer loop
      vertex 51.082 100.729 -101.302
      vertex 50.7382 100.44 -101.547
      vertex 51.082 100.772 -101.392
    endloop
  endfacet
  facet normal 0.808549 -0.530942 -0.253672
    outer loop
      vertex 51.3773 101.14 -101.221
      vertex 51.082 100.729 -101.302
      vertex 51.082 100.772 -101.392
    endloop
  endfacet
  facet normal 0.535549 -0.761999 -0.364066
    outer loop
      vertex 49.927 99.8634 -101.706
      vertex 50.3511 100.15 -101.682
      vertex 50.3511 100.107 -101.592
    endloop
  endfacet
  facet normal 0.53646 -0.763773 -0.358973
    outer loop
      vertex 50.3511 100.15 -101.682
      vertex 49.927 99.8634 -101.706
      vertex 49.927 99.9057 -101.796
    endloop
  endfacet
  facet normal -8.0831e-06 0.422631 -0.906302
    outer loop
      vertex 51.3773 101.14 -101.221
      vertex 39 115.771 -94.3981
      vertex 51.2361 137.84 -84.1069
    endloop
  endfacet
  facet normal -2.4624e-05 0.422619 -0.906307
    outer loop
      vertex 32 100.562 -101.49
      vertex 39 115.771 -94.3981
      vertex 51.3773 101.14 -101.221
    endloop
  endfacet
  facet normal 0 0.42261 -0.906312
    outer loop
      vertex 39 115.771 -94.3981
      vertex 32 100.562 -101.49
      vertex 32 115.771 -94.3981
    endloop
  endfacet
  facet normal -1.9228e-05 0.422636 -0.9063
    outer loop
      vertex 39 123.021 -91.0172
      vertex 51.2361 137.84 -84.1069
      vertex 39 115.771 -94.3981
    endloop
  endfacet
  facet normal 0 0.422623 -0.906306
    outer loop
      vertex 51.2361 137.84 -84.1069
      vertex 39 123.021 -91.0172
      vertex 36.5891 123.021 -91.0172
    endloop
  endfacet
  facet normal 0.876318 -0.437394 -0.201874
    outer loop
      vertex 51.6193 101.497 -100.944
      vertex 51.3773 101.14 -101.221
      vertex 51.6193 101.539 -101.035
    endloop
  endfacet
  facet normal 0.876318 -0.437394 -0.201874
    outer loop
      vertex 51.3773 101.14 -101.221
      vertex 51.6193 101.497 -100.944
      vertex 51.3773 101.098 -101.13
    endloop
  endfacet
  facet normal -0.0102434 0.427587 -0.903916
    outer loop
      vertex 51.6193 101.539 -101.035
      vertex 51.3773 101.14 -101.221
      vertex 51.8042 101.962 -100.837
    endloop
  endfacet
  facet normal 0.999968 -0.00338259 0.00724876
    outer loop
      vertex 51.2383 92.6646 0
      vertex 51.1479 65.9404 0
      vertex 52 135.667 -85.0099
    endloop
  endfacet
  facet normal 0.587551 0.719927 0.369443
    outer loop
      vertex 49.496 96.3645 0
      vertex 50.1433 138.728 -83.5826
      vertex 49.3943 96.4475 0
    endloop
  endfacet
  facet normal 0.58676 0.720442 0.369697
    outer loop
      vertex 50.1433 138.728 -83.5826
      vertex 49.496 96.3645 0
      vertex 50.5497 138.461 -83.7073
    endloop
  endfacet
  facet normal 0.367195 0.844042 0.390846
    outer loop
      vertex 49.2361 139.157 -83.4928
      vertex 49.2361 139.115 -83.4021
      vertex 49.7031 138.99 -83.5709
    endloop
  endfacet
  facet normal -0.00304511 0.416626 -0.909073
    outer loop
      vertex 50.1433 138.77 -83.6732
      vertex 49.2361 139.157 -83.4928
      vertex 49.7031 138.99 -83.5709
    endloop
  endfacet
  facet normal 0.367268 0.843851 0.391189
    outer loop
      vertex 49.7031 138.99 -83.5709
      vertex 49.2361 139.115 -83.4021
      vertex 49.7031 138.948 -83.4803
    endloop
  endfacet
  facet normal 0.0940433 0.888031 0.450063
    outer loop
      vertex 48.0027 97.0656 0
      vertex 48 139.293 -83.3194
      vertex 47.8129 97.0857 0
    endloop
  endfacet
  facet normal 0.0949602 0.887953 0.450024
    outer loop
      vertex 48 139.293 -83.3194
      vertex 48.0027 97.0656 0
      vertex 48.7495 139.228 -83.3493
    endloop
  endfacet
  facet normal 0 0.391555 -0.920155
    outer loop
      vertex 32 99.4714 -101.999
      vertex 48 99.4573 -102.005
      vertex 32 99.4573 -102.005
    endloop
  endfacet
  facet normal 2.29262e-05 0.41347 -0.910518
    outer loop
      vertex 48 99.4573 -102.005
      vertex 32 99.4714 -101.999
      vertex 48.5013 99.4859 -101.992
    endloop
  endfacet
  facet normal 0.00885305 0.419453 -0.907734
    outer loop
      vertex 51.8042 101.962 -100.837
      vertex 51.3773 101.14 -101.221
      vertex 51.9292 102.403 -100.632
    endloop
  endfacet
  facet normal 0.000130678 0.422924 -0.906165
    outer loop
      vertex 50.7382 100.44 -101.547
      vertex 49.4725 99.7119 -101.887
      vertex 51.082 100.772 -101.392
    endloop
  endfacet
  facet normal 0.425529 -0.833304 -0.352887
    outer loop
      vertex 48.5872 56.1089 0
      vertex 49.927 99.8634 -101.706
      vertex 49.0425 56.3414 0
    endloop
  endfacet
  facet normal 0.425261 -0.833419 -0.352939
    outer loop
      vertex 49.927 99.8634 -101.706
      vertex 48.5872 56.1089 0
      vertex 49.4725 99.6696 -101.796
    endloop
  endfacet
  facet normal 0.18752 -0.890732 -0.414044
    outer loop
      vertex 48.5013 99.4436 -101.901
      vertex 48.9948 99.5712 -101.952
      vertex 48.9948 99.5289 -101.861
    endloop
  endfacet
  facet normal 0.18752 -0.890732 -0.414044
    outer loop
      vertex 48.9948 99.5712 -101.952
      vertex 48.5013 99.4436 -101.901
      vertex 48.5013 99.4859 -101.992
    endloop
  endfacet
  facet normal 0.309376 -0.875228 -0.371836
    outer loop
      vertex 48.1089 55.9401 0
      vertex 49.4725 99.6696 -101.796
      vertex 48.1635 55.9594 0
    endloop
  endfacet
  facet normal 0.308477 -0.875492 -0.371962
    outer loop
      vertex 49.4725 99.6696 -101.796
      vertex 48.1089 55.9401 0
      vertex 48.9948 99.5289 -101.861
    endloop
  endfacet
  facet normal 0.637153 -0.710575 -0.298527
    outer loop
      vertex 49.8102 56.9412 0
      vertex 49.4676 56.634 0
      vertex 50.3511 100.107 -101.592
    endloop
  endfacet
  facet normal 0.0038742 0.41757 -0.908636
    outer loop
      vertex 49.927 99.9057 -101.796
      vertex 49.4725 99.7119 -101.887
      vertex 50.7382 100.44 -101.547
    endloop
  endfacet
  facet normal 0.995577 -0.0849453 -0.040139
    outer loop
      vertex 52 103.04 -100.224
      vertex 51.9292 102.403 -100.632
      vertex 52 103.083 -100.315
    endloop
  endfacet
  facet normal 0.995566 -0.0854058 -0.0394181
    outer loop
      vertex 51.9292 102.403 -100.632
      vertex 52 103.04 -100.224
      vertex 51.9292 102.361 -100.541
    endloop
  endfacet
  facet normal 0.995506 -0.089887 -0.0298061
    outer loop
      vertex 51.1283 60.1521 0
      vertex 51.9292 102.361 -100.541
      vertex 52 103.04 -100.224
    endloop
  endfacet
  facet normal 0.995523 -0.0897211 -0.0297363
    outer loop
      vertex 51.9292 102.361 -100.541
      vertex 51.1283 60.1521 0
      vertex 51.1189 60.0478 0
    endloop
  endfacet
  facet normal 0.000472413 0.42248 -0.906372
    outer loop
      vertex 51.9292 102.403 -100.632
      vertex 51.3773 101.14 -101.221
      vertex 52 103.083 -100.315
    endloop
  endfacet
  facet normal 0.770673 0.578243 0.267764
    outer loop
      vertex 51.2361 137.84 -84.1069
      vertex 50.9159 138.191 -83.9433
      vertex 51.2361 137.798 -84.0162
    endloop
  endfacet
  facet normal 2.52461e-05 0.442081 -0.896975
    outer loop
      vertex 48.7495 139.271 -83.44
      vertex 32 139.289 -83.4316
      vertex 32 139.303 -83.4247
    endloop
  endfacet
  facet normal 0.4827 0.794561 0.368339
    outer loop
      vertex 50.1433 138.77 -83.6732
      vertex 49.7031 138.99 -83.5709
      vertex 50.1433 138.728 -83.5826
    endloop
  endfacet
  facet normal 0.248547 0.863429 0.438994
    outer loop
      vertex 48.4887 96.9257 0
      vertex 48.7495 139.228 -83.3493
      vertex 48.0027 97.0656 0
    endloop
  endfacet
  facet normal 0.248168 0.863516 0.439037
    outer loop
      vertex 48.7495 139.228 -83.3493
      vertex 48.4887 96.9257 0
      vertex 49.2361 139.115 -83.4021
    endloop
  endfacet
  facet normal 0.48149 0.780334 0.399056
    outer loop
      vertex 49.3943 96.4475 0
      vertex 49.7031 138.948 -83.4803
      vertex 48.9551 96.7185 0
    endloop
  endfacet
  facet normal 0.48244 0.779867 0.398821
    outer loop
      vertex 49.7031 138.948 -83.4803
      vertex 49.3943 96.4475 0
      vertex 50.1433 138.728 -83.5826
    endloop
  endfacet
  facet normal 0.0950217 0.899507 0.426448
    outer loop
      vertex 48.7495 139.271 -83.44
      vertex 48 139.293 -83.3194
      vertex 48.7495 139.228 -83.3493
    endloop
  endfacet
  facet normal 0.248293 0.8753 0.414971
    outer loop
      vertex 48.7495 139.271 -83.44
      vertex 48.7495 139.228 -83.3493
      vertex 49.2361 139.115 -83.4021
    endloop
  endfacet
  facet normal 0 0.907255 0.420582
    outer loop
      vertex 48 139.335 -83.41
      vertex 32 139.293 -83.3194
      vertex 48 139.293 -83.3194
    endloop
  endfacet
  facet normal 0 0.907255 0.420582
    outer loop
      vertex 32 139.293 -83.3194
      vertex 48 139.335 -83.41
      vertex 32 139.335 -83.41
    endloop
  endfacet
  facet normal -0.00012518 0.42263 -0.906302
    outer loop
      vertex 51.3773 101.14 -101.221
      vertex 51.2361 137.84 -84.1069
      vertex 51.8743 136.611 -84.6801
    endloop
  endfacet
  facet normal 0.770363 0.566146 0.293291
    outer loop
      vertex 50.1645 95.7316 0
      vertex 51.2361 137.798 -84.0162
      vertex 50.9159 138.149 -83.8527
    endloop
  endfacet
  facet normal 0.770248 0.56627 0.293352
    outer loop
      vertex 51.2361 137.798 -84.0162
      vertex 50.1645 95.7316 0
      vertex 50.4832 95.2981 0
    endloop
  endfacet
  facet normal -0.00192274 0.424757 -0.905305
    outer loop
      vertex 49.4725 99.7119 -101.887
      vertex 48.9948 99.5712 -101.952
      vertex 51.3773 101.14 -101.221
    endloop
  endfacet
  facet normal 0.0939622 0.888038 0.450066
    outer loop
      vertex 48 139.293 -83.3194
      vertex 47.2534 97.1449 0
      vertex 47.8129 97.0857 0
    endloop
  endfacet
  facet normal 0.308871 -0.875377 -0.371906
    outer loop
      vertex 48.5872 56.1089 0
      vertex 48.1635 55.9594 0
      vertex 49.4725 99.6696 -101.796
    endloop
  endfacet
  facet normal 0.637261 -0.710491 -0.298497
    outer loop
      vertex 49.8102 56.9412 0
      vertex 50.7382 100.398 -101.456
      vertex 49.8558 56.9821 0
    endloop
  endfacet
  facet normal 0.638279 -0.70972 -0.298157
    outer loop
      vertex 50.7382 100.398 -101.456
      vertex 49.8102 56.9412 0
      vertex 50.3511 100.107 -101.592
    endloop
  endfacet
  facet normal 0.727996 -0.62248 -0.287299
    outer loop
      vertex 51.082 100.729 -101.302
      vertex 50.7382 100.398 -101.456
      vertex 50.7382 100.44 -101.547
    endloop
  endfacet
  facet normal 0.998029 0.0569289 0.0263909
    outer loop
      vertex 51.9685 136.122 -84.798
      vertex 52 135.71 -85.1005
      vertex 51.9685 136.164 -84.8886
    endloop
  endfacet
  facet normal 0.998036 0.0565871 0.026857
    outer loop
      vertex 52 135.71 -85.1005
      vertex 51.9685 136.122 -84.798
      vertex 52 135.667 -85.0099
    endloop
  endfacet
  facet normal -0.00179578 0.422624 -0.906303
    outer loop
      vertex 52 103.083 -100.315
      vertex 51.8743 136.611 -84.6801
      vertex 52 135.71 -85.1005
    endloop
  endfacet
  facet normal 0.904638 0.376972 0.1988
    outer loop
      vertex 50.7508 94.823 0
      vertex 51.7191 137.002 -84.3876
      vertex 51.5052 137.414 -84.1955
    endloop
  endfacet
  facet normal 0.904674 0.376903 0.198766
    outer loop
      vertex 51.7191 137.002 -84.3876
      vertex 50.7508 94.823 0
      vertex 50.9629 94.3139 0
    endloop
  endfacet
  facet normal 0.00135725 0.423478 -0.905905
    outer loop
      vertex 51.2361 137.84 -84.1069
      vertex 50.5497 138.503 -83.798
      vertex 50.9159 138.191 -83.9433
    endloop
  endfacet
  facet normal 0.95093 0.272575 0.146406
    outer loop
      vertex 51.0791 93.9085 0
      vertex 51.8743 136.569 -84.5895
      vertex 51.7191 137.002 -84.3876
    endloop
  endfacet
  facet normal 0.950875 0.272726 0.146481
    outer loop
      vertex 51.8743 136.569 -84.5895
      vertex 51.0791 93.9085 0
      vertex 51.1163 93.7788 0
    endloop
  endfacet
  facet normal -1.6097e-05 0.420213 -0.907426
    outer loop
      vertex 32 139.233 -83.4573
      vertex 48.7495 139.271 -83.44
      vertex 49.2361 139.157 -83.4928
    endloop
  endfacet
  facet normal -7.55791e-06 0.417102 -0.90886
    outer loop
      vertex 48.7495 139.271 -83.44
      vertex 32 139.233 -83.4573
      vertex 32 139.289 -83.4316
    endloop
  endfacet
  facet normal 0.4827 0.794561 0.368339
    outer loop
      vertex 49.7031 138.99 -83.5709
      vertex 49.7031 138.948 -83.4803
      vertex 50.1433 138.728 -83.5826
    endloop
  endfacet
  facet normal 0.587024 0.734485 0.34049
    outer loop
      vertex 50.1433 138.77 -83.6732
      vertex 50.1433 138.728 -83.5826
      vertex 50.5497 138.461 -83.7073
    endloop
  endfacet
  facet normal 0.684853 0.661229 0.306192
    outer loop
      vertex 50.5497 138.503 -83.798
      vertex 50.5497 138.461 -83.7073
      vertex 50.9159 138.191 -83.9433
    endloop
  endfacet
  facet normal -1.65902e-05 0.424275 -0.905534
    outer loop
      vertex 32 139.303 -83.4247
      vertex 48 139.335 -83.41
      vertex 48.7495 139.271 -83.44
    endloop
  endfacet
  facet normal 0 0.417437 -0.908706
    outer loop
      vertex 48 139.335 -83.41
      vertex 32 139.303 -83.4247
      vertex 32 139.335 -83.41
    endloop
  endfacet
  facet normal 0.0938886 0.903247 0.418724
    outer loop
      vertex 48 139.335 -83.41
      vertex 48 139.293 -83.3194
      vertex 48.7495 139.271 -83.44
    endloop
  endfacet
  facet normal 0.00287003 0.419504 -0.907749
    outer loop
      vertex 51.082 100.772 -101.392
      vertex 49.4725 99.7119 -101.887
      vertex 51.3773 101.14 -101.221
    endloop
  endfacet
  facet normal 3.81269e-05 0.423142 -0.906063
    outer loop
      vertex 32 100.562 -101.49
      vertex 48.9948 99.5712 -101.952
      vertex 32 99.789 -101.851
    endloop
  endfacet
  facet normal -1.59534e-05 0.42238 -0.906419
    outer loop
      vertex 48.9948 99.5712 -101.952
      vertex 32 100.562 -101.49
      vertex 51.3773 101.14 -101.221
    endloop
  endfacet
  facet normal 0.809222 -0.542641 -0.225168
    outer loop
      vertex 50.2364 57.4328 0
      vertex 51.082 100.729 -101.302
      vertex 51.3773 101.098 -101.13
    endloop
  endfacet
  facet normal 0.808204 -0.543925 -0.225726
    outer loop
      vertex 51.082 100.729 -101.302
      vertex 50.2364 57.4328 0
      vertex 50.201 57.3802 0
    endloop
  endfacet
  facet normal 0.929657 -0.341571 -0.138081
    outer loop
      vertex 50.9049 58.7456 0
      vertex 50.7414 58.3006 0
      vertex 51.6193 101.497 -100.944
    endloop
  endfacet
  facet normal 0.929505 -0.341924 -0.138232
    outer loop
      vertex 50.928 58.8083 0
      vertex 51.6193 101.497 -100.944
      vertex 51.8042 101.92 -100.747
    endloop
  endfacet
  facet normal 0.92931 -0.342377 -0.138425
    outer loop
      vertex 51.6193 101.497 -100.944
      vertex 50.928 58.8083 0
      vertex 50.9049 58.7456 0
    endloop
  endfacet
  facet normal 0.995499 -0.0899522 -0.0298337
    outer loop
      vertex 51.1189 60.0478 0
      vertex 51.0547 59.3373 0
      vertex 51.9292 102.361 -100.541
    endloop
  endfacet
  facet normal 0.968518 -0.226029 -0.104321
    outer loop
      vertex 51.9292 102.361 -100.541
      vertex 51.8042 101.962 -100.837
      vertex 51.9292 102.403 -100.632
    endloop
  endfacet
  facet normal 0.968571 -0.225403 -0.105188
    outer loop
      vertex 51.9292 102.361 -100.541
      vertex 51.8042 101.92 -100.747
      vertex 51.8042 101.962 -100.837
    endloop
  endfacet
  facet normal 0.368008 0.828374 0.422334
    outer loop
      vertex 48.9551 96.7185 0
      vertex 49.2361 139.115 -83.4021
      vertex 48.4887 96.9257 0
    endloop
  endfacet
  facet normal 0.367092 0.828698 0.422496
    outer loop
      vertex 49.2361 139.115 -83.4021
      vertex 48.9551 96.7185 0
      vertex 49.7031 138.948 -83.4803
    endloop
  endfacet
  facet normal 0.187217 -0.903693 -0.385084
    outer loop
      vertex 47.6151 55.8378 0
      vertex 48.9948 99.5289 -101.861
      vertex 48.1089 55.9401 0
    endloop
  endfacet
  facet normal 0.187406 -0.90366 -0.385067
    outer loop
      vertex 48.9948 99.5289 -101.861
      vertex 47.6151 55.8378 0
      vertex 48.5013 99.4436 -101.901
    endloop
  endfacet
  facet normal 0.30861 -0.862556 -0.400946
    outer loop
      vertex 49.4725 99.6696 -101.796
      vertex 48.9948 99.5712 -101.952
      vertex 49.4725 99.7119 -101.887
    endloop
  endfacet
  facet normal 0.425461 -0.819026 -0.384942
    outer loop
      vertex 49.4725 99.6696 -101.796
      vertex 49.927 99.9057 -101.796
      vertex 49.927 99.8634 -101.706
    endloop
  endfacet
  facet normal 0.426151 -0.820355 -0.38133
    outer loop
      vertex 49.927 99.9057 -101.796
      vertex 49.4725 99.6696 -101.796
      vertex 49.4725 99.7119 -101.887
    endloop
  endfacet
  facet normal 0.638569 -0.698733 -0.322492
    outer loop
      vertex 50.7382 100.398 -101.456
      vertex 50.3511 100.107 -101.592
      vertex 50.7382 100.44 -101.547
    endloop
  endfacet
  facet normal 0.00253957 0.41924 -0.907872
    outer loop
      vertex 50.3511 100.15 -101.682
      vertex 49.927 99.9057 -101.796
      vertex 50.7382 100.44 -101.547
    endloop
  endfacet
  facet normal 0.844168 0.48636 0.225465
    outer loop
      vertex 51.5052 137.456 -84.2861
      vertex 51.2361 137.84 -84.1069
      vertex 51.5052 137.414 -84.1955
    endloop
  endfacet
  facet normal 0.997986 0.052547 0.0355247
    outer loop
      vertex 51.2086 93.2261 0
      vertex 52 135.667 -85.0099
      vertex 51.9685 136.122 -84.798
    endloop
  endfacet
  facet normal 0.997969 0.0527866 0.0356441
    outer loop
      vertex 52 135.667 -85.0099
      vertex 51.2086 93.2261 0
      vertex 51.2383 92.6646 0
    endloop
  endfacet
  facet normal 0.684611 0.647936 0.333897
    outer loop
      vertex 50.0737 95.8275 0
      vertex 50.9159 138.149 -83.8527
      vertex 50.5497 138.461 -83.7073
    endloop
  endfacet
  facet normal 0.684461 0.648062 0.333959
    outer loop
      vertex 50.9159 138.149 -83.8527
      vertex 50.0737 95.8275 0
      vertex 50.1645 95.7316 0
    endloop
  endfacet
  facet normal 0.684216 0.648267 0.334064
    outer loop
      vertex 50.5497 138.461 -83.7073
      vertex 49.7996 96.1168 0
      vertex 50.0737 95.8275 0
    endloop
  endfacet
  facet normal 0.587433 0.720003 0.369485
    outer loop
      vertex 50.5497 138.461 -83.7073
      vertex 49.496 96.3645 0
      vertex 49.7996 96.1168 0
    endloop
  endfacet
  facet normal 0.587079 0.734593 0.340164
    outer loop
      vertex 50.5497 138.503 -83.798
      vertex 50.1433 138.77 -83.6732
      vertex 50.5497 138.461 -83.7073
    endloop
  endfacet
  facet normal -0.00280244 0.419937 -0.907549
    outer loop
      vertex 51.2361 137.84 -84.1069
      vertex 50.1433 138.77 -83.6732
      vertex 50.5497 138.503 -83.798
    endloop
  endfacet
  facet normal 0.000150542 0.422791 -0.906227
    outer loop
      vertex 51.2361 137.84 -84.1069
      vertex 49.2361 139.157 -83.4928
      vertex 50.1433 138.77 -83.6732
    endloop
  endfacet
  facet normal 1.18798e-05 0.422618 -0.906308
    outer loop
      vertex 32 138.251 -83.9155
      vertex 49.2361 139.157 -83.4928
      vertex 51.2361 137.84 -84.1069
    endloop
  endfacet
  facet normal 9.24367e-06 0.422659 -0.906289
    outer loop
      vertex 49.2361 139.157 -83.4928
      vertex 32 138.251 -83.9155
      vertex 32 138.908 -83.6091
    endloop
  endfacet
  facet normal 0 -0.919362 -0.393414
    outer loop
      vertex 32 99.415 -101.915
      vertex 47.1136 55.8035 0
      vertex 32 55.8035 0
    endloop
  endfacet
  facet normal 0 -0.919362 -0.393414
    outer loop
      vertex 47.1136 55.8035 0
      vertex 32 99.415 -101.915
      vertex 48 99.415 -101.915
    endloop
  endfacet
  facet normal 0.30861 -0.862556 -0.400946
    outer loop
      vertex 49.4725 99.6696 -101.796
      vertex 48.9948 99.5289 -101.861
      vertex 48.9948 99.5712 -101.952
    endloop
  endfacet
  facet normal 0.929786 -0.33422 -0.154255
    outer loop
      vertex 51.8042 101.962 -100.837
      vertex 51.6193 101.497 -100.944
      vertex 51.6193 101.539 -101.035
    endloop
  endfacet
  facet normal 0.929674 -0.333823 -0.155784
    outer loop
      vertex 51.8042 101.92 -100.747
      vertex 51.6193 101.497 -100.944
      vertex 51.8042 101.962 -100.837
    endloop
  endfacet
  facet normal 0.809477 -0.53311 -0.246051
    outer loop
      vertex 51.3773 101.098 -101.13
      vertex 51.082 100.729 -101.302
      vertex 51.3773 101.14 -101.221
    endloop
  endfacet
  facet normal 0.8761 -0.445959 -0.183218
    outer loop
      vertex 50.7414 58.3006 0
      vertex 51.3773 101.098 -101.13
      vertex 51.6193 101.497 -100.944
    endloop
  endfacet
  facet normal 0.876118 -0.44593 -0.183205
    outer loop
      vertex 51.3773 101.098 -101.13
      vertex 50.7414 58.3006 0
      vertex 50.4978 57.822 0
    endloop
  endfacet
  facet normal 0.968469 -0.231981 -0.0908461
    outer loop
      vertex 51.0547 59.3373 0
      vertex 50.9437 58.8739 0
      vertex 51.9292 102.361 -100.541
    endloop
  endfacet
  facet normal 0.636986 -0.695564 -0.332325
    outer loop
      vertex 50.7382 100.44 -101.547
      vertex 50.3511 100.107 -101.592
      vertex 50.3511 100.15 -101.682
    endloop
  endfacet
  facet normal 0.950933 0.272566 0.146401
    outer loop
      vertex 51.7191 137.002 -84.3876
      vertex 50.9629 94.3139 0
      vertex 51.0791 93.9085 0
    endloop
  endfacet
  facet normal 0.904835 0.386275 0.179068
    outer loop
      vertex 51.5052 137.414 -84.1955
      vertex 51.7191 137.044 -84.4782
      vertex 51.5052 137.456 -84.2861
    endloop
  endfacet
  facet normal 0.904835 0.386275 0.179068
    outer loop
      vertex 51.7191 137.044 -84.4782
      vertex 51.5052 137.414 -84.1955
      vertex 51.7191 137.002 -84.3876
    endloop
  endfacet
  facet normal -0.00201974 0.421722 -0.906723
    outer loop
      vertex 51.7191 137.044 -84.4782
      vertex 51.2361 137.84 -84.1069
      vertex 51.5052 137.456 -84.2861
    endloop
  endfacet
  facet normal 0.982153 0.164142 0.0918334
    outer loop
      vertex 51.1163 93.7788 0
      vertex 51.9685 136.122 -84.798
      vertex 51.8743 136.569 -84.5895
    endloop
  endfacet
  facet normal 0.982178 0.164022 0.0917738
    outer loop
      vertex 51.9685 136.122 -84.798
      vertex 51.1163 93.7788 0
      vertex 51.2086 93.2261 0
    endloop
  endfacet
  facet normal 0.843981 0.475536 0.248116
    outer loop
      vertex 51.5052 137.414 -84.1955
      vertex 50.5492 95.1808 0
      vertex 50.7508 94.823 0
    endloop
  endfacet
  facet normal 0.77064 0.578167 0.268025
    outer loop
      vertex 50.9159 138.191 -83.9433
      vertex 50.9159 138.149 -83.8527
      vertex 51.2361 137.798 -84.0162
    endloop
  endfacet
  facet normal 0.684897 0.661062 0.306452
    outer loop
      vertex 50.9159 138.191 -83.9433
      vertex 50.5497 138.461 -83.7073
      vertex 50.9159 138.149 -83.8527
    endloop
  endfacet
  facet normal 0.808777 -0.543202 -0.225416
    outer loop
      vertex 50.4978 57.822 0
      vertex 50.2364 57.4328 0
      vertex 51.3773 101.098 -101.13
    endloop
  endfacet
  facet normal 0.951076 0.280304 0.129942
    outer loop
      vertex 51.7191 137.044 -84.4782
      vertex 51.7191 137.002 -84.3876
      vertex 51.8743 136.611 -84.6801
    endloop
  endfacet
  facet normal -0.000640626 0.42241 -0.906405
    outer loop
      vertex 51.8743 136.611 -84.6801
      vertex 51.2361 137.84 -84.1069
      vertex 51.7191 137.044 -84.4782
    endloop
  endfacet
  facet normal 0.00190468 0.423048 -0.906105
    outer loop
      vertex 52 135.71 -85.1005
      vertex 51.8743 136.611 -84.6801
      vertex 51.9685 136.164 -84.8886
    endloop
  endfacet
  facet normal 0.982247 0.170195 0.0788985
    outer loop
      vertex 51.8743 136.569 -84.5895
      vertex 51.9685 136.164 -84.8886
      vertex 51.8743 136.611 -84.6801
    endloop
  endfacet
  facet normal 0.982247 0.170195 0.0788985
    outer loop
      vertex 51.9685 136.164 -84.8886
      vertex 51.8743 136.569 -84.5895
      vertex 51.9685 136.122 -84.798
    endloop
  endfacet
  facet normal 0.951076 0.280304 0.129942
    outer loop
      vertex 51.8743 136.611 -84.6801
      vertex 51.7191 137.002 -84.3876
      vertex 51.8743 136.569 -84.5895
    endloop
  endfacet
  facet normal 0.843957 0.47557 0.248132
    outer loop
      vertex 50.4832 95.2981 0
      vertex 51.5052 137.414 -84.1955
      vertex 51.2361 137.798 -84.0162
    endloop
  endfacet
  facet normal 0.844316 0.475063 0.247882
    outer loop
      vertex 51.5052 137.414 -84.1955
      vertex 50.4832 95.2981 0
      vertex 50.5492 95.1808 0
    endloop
  endfacet
  facet normal 0.844192 0.486421 0.225245
    outer loop
      vertex 51.2361 137.84 -84.1069
      vertex 51.2361 137.798 -84.0162
      vertex 51.5052 137.414 -84.1955
    endloop
  endfacet
  facet normal 0 0 -1
    outer loop
      vertex 53.5 4.5 0
      vertex 53.5 7 0
      vertex 55 34.5 0
    endloop
  endfacet
  facet normal 0 0 -1
    outer loop
      vertex 32 4.5 0
      vertex 53.5 7 0
      vertex 53.5 4.5 0
    endloop
  endfacet
  facet normal -0 0 -1
    outer loop
      vertex 53.5 7 0
      vertex 32 4.5 0
      vertex 32 7 0
    endloop
  endfacet
  facet normal 0 0 -1
    outer loop
      vertex 55 133 0
      vertex 55 135.5 0
      vertex 56 70.5 0
    endloop
  endfacet
  facet normal 0 0 -1
    outer loop
      vertex 32 133 0
      vertex 55 135.5 0
      vertex 55 133 0
    endloop
  endfacet
  facet normal -0 0 -1
    outer loop
      vertex 55 135.5 0
      vertex 32 133 0
      vertex 32 135.5 0
    endloop
  endfacet
  facet normal 0 0 1
    outer loop
      vertex 51.2383 92.6646 0
      vertex 48.6715 89.7342 0
      vertex 48.6767 89.6346 0
    endloop
  endfacet
  facet normal 0 0 1
    outer loop
      vertex 49.496 96.3645 0
      vertex 48.6472 90.1968 0
      vertex 48.6715 89.7342 0
    endloop
  endfacet
  facet normal 0 0 1
    outer loop
      vertex 49.496 96.3645 0
      vertex 48.6307 90.2959 0
      vertex 48.6472 90.1968 0
    endloop
  endfacet
  facet normal 0 0 1
    outer loop
      vertex 49.496 96.3645 0
      vertex 48.5551 90.7502 0
      vertex 48.6307 90.2959 0
    endloop
  endfacet
  facet normal 0 0 1
    outer loop
      vertex 46.8338 93.422 0
      vertex 48.9551 96.7185 0
      vertex 48.4887 96.9257 0
    endloop
  endfacet
  facet normal 0 0 1
    outer loop
      vertex 49.496 96.3645 0
      vertex 48.4018 91.2859 0
      vertex 48.5551 90.7502 0
    endloop
  endfacet
  facet normal 0 0 1
    outer loop
      vertex 49.496 96.3645 0
      vertex 48.2289 91.7017 0
      vertex 48.4018 91.2859 0
    endloop
  endfacet
  facet normal 0 0 1
    outer loop
      vertex 49.496 96.3645 0
      vertex 48.1898 91.7956 0
      vertex 48.2289 91.7017 0
    endloop
  endfacet
  facet normal 0 0 1
    outer loop
      vertex 49.496 96.3645 0
      vertex 48.1404 91.8835 0
      vertex 48.1898 91.7956 0
    endloop
  endfacet
  facet normal 0 0 1
    outer loop
      vertex 46.8338 93.422 0
      vertex 48.4887 96.9257 0
      vertex 48.0027 97.0656 0
    endloop
  endfacet
  facet normal 0 0 1
    outer loop
      vertex 49.496 96.3645 0
      vertex 47.9224 92.2712 0
      vertex 48.1404 91.8835 0
    endloop
  endfacet
  facet normal 0 0 1
    outer loop
      vertex 46.8338 93.422 0
      vertex 48.0027 97.0656 0
      vertex 47.8129 97.0857 0
    endloop
  endfacet
  facet normal 0 0 1
    outer loop
      vertex 49.496 96.3645 0
      vertex 47.6636 92.6238 0
      vertex 47.9224 92.2712 0
    endloop
  endfacet
  facet normal 0 0 1
    outer loop
      vertex 49.496 96.3645 0
      vertex 47.6038 92.7052 0
      vertex 47.6636 92.6238 0
    endloop
  endfacet
  facet normal 0 0 1
    outer loop
      vertex 46.3946 93.6933 0
      vertex 47.8129 97.0857 0
      vertex 47.2534 97.1449 0
    endloop
  endfacet
  facet normal 0 0 1
    outer loop
      vertex 49.496 96.3645 0
      vertex 47.239 93.0909 0
      vertex 47.6038 92.7052 0
    endloop
  endfacet
  facet normal 0 0 1
    outer loop
      vertex 49.496 96.3645 0
      vertex 47.1622 93.1536 0
      vertex 47.239 93.0909 0
    endloop
  endfacet
  facet normal 0 0 1
    outer loop
      vertex 49.496 96.3645 0
      vertex 46.8338 93.422 0
      vertex 47.1622 93.1536 0
    endloop
  endfacet
  facet normal 0 0 1
    outer loop
      vertex 47.8129 97.0857 0
      vertex 46.3946 93.6933 0
      vertex 46.8338 93.422 0
    endloop
  endfacet
  facet normal 0 0 1
    outer loop
      vertex 47.2534 97.1449 0
      vertex 45.9283 93.9007 0
      vertex 46.3946 93.6933 0
    endloop
  endfacet
  facet normal 0 0 1
    outer loop
      vertex 47.2534 97.1449 0
      vertex 45.4423 94.0408 0
      vertex 45.9283 93.9007 0
    endloop
  endfacet
  facet normal 0 0 1
    outer loop
      vertex 47.2534 97.1449 0
      vertex 44.6931 94.1203 0
      vertex 45.4423 94.0408 0
    endloop
  endfacet
  facet normal -0 0 1
    outer loop
      vertex 32 97.1449 0
      vertex 44.6931 94.1203 0
      vertex 47.2534 97.1449 0
    endloop
  endfacet
  facet normal 0 0 1
    outer loop
      vertex 44.6931 94.1203 0
      vertex 32 97.1449 0
      vertex 32 94.1203 0
    endloop
  endfacet
  facet normal 0 0 1
    outer loop
      vertex 48.6715 89.7342 0
      vertex 51.2383 92.6646 0
      vertex 51.2086 93.2261 0
    endloop
  endfacet
  facet normal 0 0 1
    outer loop
      vertex 51.2383 92.6646 0
      vertex 48.6767 89.6346 0
      vertex 51.1479 65.9404 0
    endloop
  endfacet
  facet normal 0 0 1
    outer loop
      vertex 48.5801 63.1232 0
      vertex 51.1479 65.9404 0
      vertex 48.5913 66.1982 0
    endloop
  endfacet
  facet normal 0 0 1
    outer loop
      vertex 51.0791 93.9085 0
      vertex 51.2086 93.2261 0
      vertex 51.1163 93.7788 0
    endloop
  endfacet
  facet normal 0 0 1
    outer loop
      vertex 48.6715 89.7342 0
      vertex 51.2086 93.2261 0
      vertex 51.0791 93.9085 0
    endloop
  endfacet
  facet normal 0 0 1
    outer loop
      vertex 51.1479 65.9404 0
      vertex 48.5801 63.1232 0
      vertex 51.1283 60.1521 0
    endloop
  endfacet
  facet normal 0 0 1
    outer loop
      vertex 48.6715 89.7342 0
      vertex 51.0791 93.9085 0
      vertex 50.9629 94.3139 0
    endloop
  endfacet
  facet normal -0 0 1
    outer loop
      vertex 48.5063 62.3093 0
      vertex 51.1283 60.1521 0
      vertex 48.5801 63.1232 0
    endloop
  endfacet
  facet normal -0 0 1
    outer loop
      vertex 48.389 61.8208 0
      vertex 51.1283 60.1521 0
      vertex 48.5063 62.3093 0
    endloop
  endfacet
  facet normal -0 0 1
    outer loop
      vertex 48.3795 61.7809 0
      vertex 51.1283 60.1521 0
      vertex 48.389 61.8208 0
    endloop
  endfacet
  facet normal 0 0 1
    outer loop
      vertex 48.6715 89.7342 0
      vertex 50.9629 94.3139 0
      vertex 50.7508 94.823 0
    endloop
  endfacet
  facet normal -0 0 1
    outer loop
      vertex 48.1927 61.2738 0
      vertex 51.1283 60.1521 0
      vertex 48.3795 61.7809 0
    endloop
  endfacet
  facet normal 0 0 1
    outer loop
      vertex 48.6715 89.7342 0
      vertex 50.7508 94.823 0
      vertex 50.5492 95.1808 0
    endloop
  endfacet
  facet normal -0 0 1
    outer loop
      vertex 47.949 60.7958 0
      vertex 51.1283 60.1521 0
      vertex 48.1927 61.2738 0
    endloop
  endfacet
  facet normal 0 0 1
    outer loop
      vertex 50.0737 95.8275 0
      vertex 50.5492 95.1808 0
      vertex 50.4832 95.2981 0
    endloop
  endfacet
  facet normal 0 0 1
    outer loop
      vertex 51.1283 60.1521 0
      vertex 47.949 60.7958 0
      vertex 51.1189 60.0478 0
    endloop
  endfacet
  facet normal 0 0 1
    outer loop
      vertex 51.1189 60.0478 0
      vertex 47.949 60.7958 0
      vertex 51.0547 59.3373 0
    endloop
  endfacet
  facet normal 0 0 1
    outer loop
      vertex 50.0737 95.8275 0
      vertex 50.4832 95.2981 0
      vertex 50.1645 95.7316 0
    endloop
  endfacet
  facet normal 0 0 1
    outer loop
      vertex 48.6715 89.7342 0
      vertex 50.5492 95.1808 0
      vertex 50.0737 95.8275 0
    endloop
  endfacet
  facet normal -0 0 1
    outer loop
      vertex 47.9277 60.7642 0
      vertex 51.0547 59.3373 0
      vertex 47.949 60.7958 0
    endloop
  endfacet
  facet normal -0 0 1
    outer loop
      vertex 47.6521 60.3545 0
      vertex 51.0547 59.3373 0
      vertex 47.9277 60.7642 0
    endloop
  endfacet
  facet normal 0 0 1
    outer loop
      vertex 49.496 96.3645 0
      vertex 50.0737 95.8275 0
      vertex 49.7996 96.1168 0
    endloop
  endfacet
  facet normal 0 0 1
    outer loop
      vertex 48.6715 89.7342 0
      vertex 50.0737 95.8275 0
      vertex 49.496 96.3645 0
    endloop
  endfacet
  facet normal 0 0 1
    outer loop
      vertex 51.0547 59.3373 0
      vertex 47.6521 60.3545 0
      vertex 50.9437 58.8739 0
    endloop
  endfacet
  facet normal 0 0 1
    outer loop
      vertex 46.8338 93.422 0
      vertex 49.3943 96.4475 0
      vertex 48.9551 96.7185 0
    endloop
  endfacet
  facet normal 0 -0 1
    outer loop
      vertex 50.9049 58.7456 0
      vertex 50.9437 58.8739 0
      vertex 47.6521 60.3545 0
    endloop
  endfacet
  facet normal 0 0 1
    outer loop
      vertex 49.3943 96.4475 0
      vertex 46.8338 93.422 0
      vertex 49.496 96.3645 0
    endloop
  endfacet
  facet normal 0 0 1
    outer loop
      vertex 51.1479 65.9404 0
      vertex 48.6767 89.6346 0
      vertex 48.5913 66.1982 0
    endloop
  endfacet
  facet normal 0 0 1
    outer loop
      vertex 50.9437 58.8739 0
      vertex 50.9049 58.7456 0
      vertex 50.928 58.8083 0
    endloop
  endfacet
  facet normal 0 0 1
    outer loop
      vertex 50.9049 58.7456 0
      vertex 47.6521 60.3545 0
      vertex 50.7414 58.3006 0
    endloop
  endfacet
  facet normal 0 0 1
    outer loop
      vertex 50.7414 58.3006 0
      vertex 47.6521 60.3545 0
      vertex 50.4978 57.822 0
    endloop
  endfacet
  facet normal -0 0 1
    outer loop
      vertex 47.3068 59.9568 0
      vertex 50.4978 57.822 0
      vertex 47.6521 60.3545 0
    endloop
  endfacet
  facet normal 0 0 1
    outer loop
      vertex 50.4978 57.822 0
      vertex 47.3068 59.9568 0
      vertex 50.2364 57.4328 0
    endloop
  endfacet
  facet normal 0 0 1
    outer loop
      vertex 50.2364 57.4328 0
      vertex 47.3068 59.9568 0
      vertex 50.201 57.3802 0
    endloop
  endfacet
  facet normal 0 0 1
    outer loop
      vertex 50.201 57.3802 0
      vertex 47.3068 59.9568 0
      vertex 49.8558 56.9821 0
    endloop
  endfacet
  facet normal 0 0 1
    outer loop
      vertex 49.8558 56.9821 0
      vertex 47.3068 59.9568 0
      vertex 49.8102 56.9412 0
    endloop
  endfacet
  facet normal -0 0 1
    outer loop
      vertex 46.9447 59.6326 0
      vertex 49.8102 56.9412 0
      vertex 47.3068 59.9568 0
    endloop
  endfacet
  facet normal 0 0 1
    outer loop
      vertex 49.8102 56.9412 0
      vertex 46.9447 59.6326 0
      vertex 49.4676 56.634 0
    endloop
  endfacet
  facet normal -0 0 1
    outer loop
      vertex 46.9185 59.6091 0
      vertex 49.4676 56.634 0
      vertex 46.9447 59.6326 0
    endloop
  endfacet
  facet normal 0 0 1
    outer loop
      vertex 49.4676 56.634 0
      vertex 46.9185 59.6091 0
      vertex 49.0425 56.3414 0
    endloop
  endfacet
  facet normal 0 0 1
    outer loop
      vertex 49.0425 56.3414 0
      vertex 46.9185 59.6091 0
      vertex 48.5872 56.1089 0
    endloop
  endfacet
  facet normal -0 0 1
    outer loop
      vertex 46.4933 59.3168 0
      vertex 48.5872 56.1089 0
      vertex 46.9185 59.6091 0
    endloop
  endfacet
  facet normal 0 0 1
    outer loop
      vertex 48.5872 56.1089 0
      vertex 46.4933 59.3168 0
      vertex 48.1635 55.9594 0
    endloop
  endfacet
  facet normal 0 0 1
    outer loop
      vertex 48.1635 55.9594 0
      vertex 46.4933 59.3168 0
      vertex 48.1089 55.9401 0
    endloop
  endfacet
  facet normal 0 0 1
    outer loop
      vertex 48.1089 55.9401 0
      vertex 46.4933 59.3168 0
      vertex 47.6151 55.8378 0
    endloop
  endfacet
  facet normal -0 0 1
    outer loop
      vertex 46.4631 59.3014 0
      vertex 47.6151 55.8378 0
      vertex 46.4933 59.3168 0
    endloop
  endfacet
  facet normal 0 0 1
    outer loop
      vertex 47.6151 55.8378 0
      vertex 46.4631 59.3014 0
      vertex 47.1706 55.8074 0
    endloop
  endfacet
  facet normal -0 0 1
    outer loop
      vertex 46.0379 59.0846 0
      vertex 47.1706 55.8074 0
      vertex 46.4631 59.3014 0
    endloop
  endfacet
  facet normal 0 0 1
    outer loop
      vertex 47.1706 55.8074 0
      vertex 46.0379 59.0846 0
      vertex 47.1136 55.8035 0
    endloop
  endfacet
  facet normal -0 0 1
    outer loop
      vertex 45.5906 58.9269 0
      vertex 47.1136 55.8035 0
      vertex 46.0379 59.0846 0
    endloop
  endfacet
  facet normal -0 0 1
    outer loop
      vertex 45.5596 58.916 0
      vertex 47.1136 55.8035 0
      vertex 45.5906 58.9269 0
    endloop
  endfacet
  facet normal -0 0 1
    outer loop
      vertex 45.0658 58.8138 0
      vertex 47.1136 55.8035 0
      vertex 45.5596 58.916 0
    endloop
  endfacet
  facet normal -0 0 1
    outer loop
      vertex 44.5643 58.7795 0
      vertex 47.1136 55.8035 0
      vertex 45.0658 58.8138 0
    endloop
  endfacet
  facet normal 0 0 1
    outer loop
      vertex 32 55.8035 0
      vertex 44.5643 58.7795 0
      vertex 32 58.7795 0
    endloop
  endfacet
  facet normal 0 0 1
    outer loop
      vertex 44.5643 58.7795 0
      vertex 32 55.8035 0
      vertex 47.1136 55.8035 0
    endloop
  endfacet
  facet normal 0.0938671 -0.0708972 0.993057
    outer loop
      vertex 55 34.5 48
      vertex 54.9991 4.5 45.8583
      vertex 56.4991 34.5 47.8583
    endloop
  endfacet
  facet normal 0.0938671 -0.0708972 0.993057
    outer loop
      vertex 54.9991 4.5 45.8583
      vertex 55 34.5 48
      vertex 53.5 4.5 46
    endloop
  endfacet
  facet normal 0 -1 0
    outer loop
      vertex 32 4.5 0
      vertex 46.75 4.5 18
      vertex 32 4.5 18
    endloop
  endfacet
  facet normal 0 -1 0
    outer loop
      vertex 46.75 4.5 18
      vertex 53.5 4.5 0
      vertex 61.5 4.5 8
    endloop
  endfacet
  facet normal 0 -1 0
    outer loop
      vertex 61.5 4.5 8
      vertex 53.5 4.5 0
      vertex 61.3583 4.5 6.50095
    endloop
  endfacet
  facet normal 0 -1 0
    outer loop
      vertex 61.3583 4.5 6.50095
      vertex 53.5 4.5 0
      vertex 61.1085 4.5 5.52786
    endloop
  endfacet
  facet normal 0 -1 0
    outer loop
      vertex 61.1085 4.5 5.52786
      vertex 53.5 4.5 0
      vertex 60.7386 4.5 4.59377
    endloop
  endfacet
  facet normal 0 -1 0
    outer loop
      vertex 60.7386 4.5 4.59377
      vertex 53.5 4.5 0
      vertex 60.2546 4.5 3.71338
    endloop
  endfacet
  facet normal 0 -1 0
    outer loop
      vertex 60.2546 4.5 3.71338
      vertex 53.5 4.5 0
      vertex 59.6641 4.5 2.9006
    endloop
  endfacet
  facet normal 0 -1 0
    outer loop
      vertex 59.6641 4.5 2.9006
      vertex 53.5 4.5 0
      vertex 58.9764 4.5 2.16824
    endloop
  endfacet
  facet normal 0 -1 0
    outer loop
      vertex 58.9764 4.5 2.16824
      vertex 53.5 4.5 0
      vertex 58.2023 4.5 1.52786
    endloop
  endfacet
  facet normal 0 -1 0
    outer loop
      vertex 58.2023 4.5 1.52786
      vertex 53.5 4.5 0
      vertex 57.354 4.5 0.989548
    endloop
  endfacet
  facet normal 0 -1 0
    outer loop
      vertex 57.354 4.5 0.989548
      vertex 53.5 4.5 0
      vertex 56.445 4.5 0.561783
    endloop
  endfacet
  facet normal 0 -1 0
    outer loop
      vertex 56.445 4.5 0.561783
      vertex 53.5 4.5 0
      vertex 55.4895 4.5 0.251328
    endloop
  endfacet
  facet normal 0 -1 -0
    outer loop
      vertex 46.75 4.5 18
      vertex 32 4.5 0
      vertex 53.5 4.5 0
    endloop
  endfacet
  facet normal 0 -1 0
    outer loop
      vertex 55.4895 4.5 0.251328
      vertex 53.5 4.5 0
      vertex 54.5027 4.5 0.0630798
    endloop
  endfacet
  facet normal 0 -1 0
    outer loop
      vertex 46.75 4.5 30
      vertex 53.5 4.5 46
      vertex 32 4.5 46
    endloop
  endfacet
  facet normal 0 -1 0
    outer loop
      vertex 47.1248 4.5 29.9646
      vertex 53.5 4.5 46
      vertex 46.75 4.5 30
    endloop
  endfacet
  facet normal 0 -1 0
    outer loop
      vertex 47.368 4.5 29.9021
      vertex 53.5 4.5 46
      vertex 47.1248 4.5 29.9646
    endloop
  endfacet
  facet normal 0 -1 0
    outer loop
      vertex 47.6016 4.5 29.8096
      vertex 53.5 4.5 46
      vertex 47.368 4.5 29.9021
    endloop
  endfacet
  facet normal 0 -1 0
    outer loop
      vertex 47.8217 4.5 29.6887
      vertex 53.5 4.5 46
      vertex 47.6016 4.5 29.8096
    endloop
  endfacet
  facet normal -0 -1 0
    outer loop
      vertex 61.5 4.5 38
      vertex 53.5 4.5 46
      vertex 47.8217 4.5 29.6887
    endloop
  endfacet
  facet normal 0 -1 0
    outer loop
      vertex 53.5 4.5 46
      vertex 61.5 4.5 38
      vertex 54.9991 4.5 45.8583
    endloop
  endfacet
  facet normal 0 -1 0
    outer loop
      vertex 54.9991 4.5 45.8583
      vertex 61.5 4.5 38
      vertex 55.9721 4.5 45.6085
    endloop
  endfacet
  facet normal 0 -1 0
    outer loop
      vertex 55.9721 4.5 45.6085
      vertex 61.5 4.5 38
      vertex 56.9062 4.5 45.2386
    endloop
  endfacet
  facet normal 0 -1 0
    outer loop
      vertex 56.9062 4.5 45.2386
      vertex 61.5 4.5 38
      vertex 57.7866 4.5 44.7546
    endloop
  endfacet
  facet normal 0 -1 0
    outer loop
      vertex 57.7866 4.5 44.7546
      vertex 61.5 4.5 38
      vertex 58.5994 4.5 44.1641
    endloop
  endfacet
  facet normal 0 -1 0
    outer loop
      vertex 58.5994 4.5 44.1641
      vertex 61.5 4.5 38
      vertex 59.3318 4.5 43.4764
    endloop
  endfacet
  facet normal 0 -1 0
    outer loop
      vertex 46.75 4.5 30
      vertex 32 4.5 46
      vertex 32 4.5 30
    endloop
  endfacet
  facet normal 0 -1 0
    outer loop
      vertex 59.3318 4.5 43.4764
      vertex 61.5 4.5 38
      vertex 59.9721 4.5 42.7023
    endloop
  endfacet
  facet normal 0 -1 0
    outer loop
      vertex 59.9721 4.5 42.7023
      vertex 61.5 4.5 38
      vertex 60.5105 4.5 41.854
    endloop
  endfacet
  facet normal 0 -1 0
    outer loop
      vertex 60.9382 4.5 40.945
      vertex 61.5 4.5 38
      vertex 61.2487 4.5 39.9895
    endloop
  endfacet
  facet normal 0 -1 0
    outer loop
      vertex 61.2487 4.5 39.9895
      vertex 61.5 4.5 38
      vertex 61.4369 4.5 39.0027
    endloop
  endfacet
  facet normal 0 -1 0
    outer loop
      vertex 60.5105 4.5 41.854
      vertex 61.5 4.5 38
      vertex 60.9382 4.5 40.945
    endloop
  endfacet
  facet normal 0 -1 0
    outer loop
      vertex 48.0248 4.5 29.541
      vertex 61.5 4.5 38
      vertex 47.8217 4.5 29.6887
    endloop
  endfacet
  facet normal 0 -1 0
    outer loop
      vertex 48.2079 4.5 29.3691
      vertex 61.5 4.5 38
      vertex 48.0248 4.5 29.541
    endloop
  endfacet
  facet normal 0 -1 0
    outer loop
      vertex 48.368 4.5 29.1756
      vertex 61.5 4.5 38
      vertex 48.2079 4.5 29.3691
    endloop
  endfacet
  facet normal 0 -1 0
    outer loop
      vertex 48.5026 4.5 28.9635
      vertex 61.5 4.5 38
      vertex 48.368 4.5 29.1756
    endloop
  endfacet
  facet normal 0 -1 0
    outer loop
      vertex 48.6096 4.5 28.7363
      vertex 61.5 4.5 38
      vertex 48.5026 4.5 28.9635
    endloop
  endfacet
  facet normal 0 -1 0
    outer loop
      vertex 48.6872 4.5 28.4974
      vertex 61.5 4.5 38
      vertex 48.6096 4.5 28.7363
    endloop
  endfacet
  facet normal 0 -1 0
    outer loop
      vertex 48.7342 4.5 28.2507
      vertex 61.5 4.5 38
      vertex 48.6872 4.5 28.4974
    endloop
  endfacet
  facet normal 0 -1 0
    outer loop
      vertex 48.75 4.5 28
      vertex 61.5 4.5 38
      vertex 48.7342 4.5 28.2507
    endloop
  endfacet
  facet normal 0 -1 0
    outer loop
      vertex 48.75 4.5 20
      vertex 61.5 4.5 38
      vertex 48.75 4.5 28
    endloop
  endfacet
  facet normal 0 -1 0
    outer loop
      vertex 61.5 4.5 8
      vertex 48.75 4.5 20
      vertex 48.7146 4.5 19.6252
    endloop
  endfacet
  facet normal 0 -1 0
    outer loop
      vertex 61.5 4.5 8
      vertex 48.7146 4.5 19.6252
      vertex 48.6521 4.5 19.382
    endloop
  endfacet
  facet normal 0 -1 0
    outer loop
      vertex 61.5 4.5 8
      vertex 48.6521 4.5 19.382
      vertex 48.5596 4.5 19.1484
    endloop
  endfacet
  facet normal 0 -1 0
    outer loop
      vertex 61.5 4.5 8
      vertex 48.5596 4.5 19.1484
      vertex 48.4387 4.5 18.9283
    endloop
  endfacet
  facet normal 0 -1 0
    outer loop
      vertex 48.75 4.5 20
      vertex 61.5 4.5 8
      vertex 61.5 4.5 38
    endloop
  endfacet
  facet normal 0 -1 0
    outer loop
      vertex 48.291 4.5 18.7252
      vertex 61.5 4.5 8
      vertex 48.4387 4.5 18.9283
    endloop
  endfacet
  facet normal 0 -1 0
    outer loop
      vertex 48.1191 4.5 18.5421
      vertex 61.5 4.5 8
      vertex 48.291 4.5 18.7252
    endloop
  endfacet
  facet normal 0 -1 0
    outer loop
      vertex 47.9256 4.5 18.382
      vertex 61.5 4.5 8
      vertex 48.1191 4.5 18.5421
    endloop
  endfacet
  facet normal 0 -1 0
    outer loop
      vertex 47.7135 4.5 18.2474
      vertex 61.5 4.5 8
      vertex 47.9256 4.5 18.382
    endloop
  endfacet
  facet normal 0 -1 0
    outer loop
      vertex 47.4863 4.5 18.1404
      vertex 61.5 4.5 8
      vertex 47.7135 4.5 18.2474
    endloop
  endfacet
  facet normal 0 -1 0
    outer loop
      vertex 47.2474 4.5 18.0628
      vertex 61.5 4.5 8
      vertex 47.4863 4.5 18.1404
    endloop
  endfacet
  facet normal 0 -1 0
    outer loop
      vertex 47.0007 4.5 18.0158
      vertex 61.5 4.5 8
      vertex 47.2474 4.5 18.0628
    endloop
  endfacet
  facet normal 0 -1 0
    outer loop
      vertex 61.5 4.5 8
      vertex 47.0007 4.5 18.0158
      vertex 46.75 4.5 18
    endloop
  endfacet
  facet normal 0.425788 0.00655059 -0.904799
    outer loop
      vertex 58.945 70.5 0.561783
      vertex 58.854 135.5 0.989548
      vertex 59.854 70.5 0.989548
    endloop
  endfacet
  facet normal 0.425788 0.00655059 -0.904799
    outer loop
      vertex 58.854 135.5 0.989548
      vertex 58.945 70.5 0.561783
      vertex 57.945 135.5 0.561783
    endloop
  endfacet
  facet normal 0.998026 -0 0.0628058
    outer loop
      vertex 63.9369 69.5 41.0027
      vertex 64 70.5 40
      vertex 63.9369 70.5 41.0027
    endloop
  endfacet
  facet normal 0.998026 0 0.0628058
    outer loop
      vertex 64 70.5 40
      vertex 63.9369 69.5 41.0027
      vertex 64 69.5 40
    endloop
  endfacet
  facet normal 0 -0.066519 0.997785
    outer loop
      vertex 32 34.5 48
      vertex 53.5 4.5 46
      vertex 55 34.5 48
    endloop
  endfacet
  facet normal 0 -0.066519 0.997785
    outer loop
      vertex 53.5 4.5 46
      vertex 32 34.5 48
      vertex 32 4.5 46
    endloop
  endfacet
  facet normal 0 1 -0
    outer loop
      vertex 48 135.5 31.5264
      vertex 46 135.5 32.9846
      vertex 48 135.5 32.9846
    endloop
  endfacet
  facet normal 0 1 0
    outer loop
      vertex 46 135.5 32.9846
      vertex 48 135.5 31.5264
      vertex 46 135.5 31.5264
    endloop
  endfacet
  facet normal 0 1 0
    outer loop
      vertex 63 135.5 15.3757
      vertex 38.5 135.5 10
      vertex 32 135.5 15.3757
    endloop
  endfacet
  facet normal 0 1 0
    outer loop
      vertex 55 135.5 0
      vertex 63 135.5 15.3757
      vertex 63 135.5 8
    endloop
  endfacet
  facet normal 0 1 0
    outer loop
      vertex 55 135.5 0
      vertex 63 135.5 8
      vertex 62.8583 135.5 6.50095
    endloop
  endfacet
  facet normal 0 1 0
    outer loop
      vertex 55 135.5 0
      vertex 62.8583 135.5 6.50095
      vertex 62.6085 135.5 5.52786
    endloop
  endfacet
  facet normal 0 1 0
    outer loop
      vertex 55 135.5 0
      vertex 62.6085 135.5 5.52786
      vertex 62.2386 135.5 4.59377
    endloop
  endfacet
  facet normal 0 1 0
    outer loop
      vertex 55 135.5 0
      vertex 62.2386 135.5 4.59377
      vertex 61.7546 135.5 3.71338
    endloop
  endfacet
  facet normal 0 1 0
    outer loop
      vertex 55 135.5 0
      vertex 61.7546 135.5 3.71338
      vertex 61.1641 135.5 2.9006
    endloop
  endfacet
  facet normal 0 1 0
    outer loop
      vertex 55 135.5 0
      vertex 61.1641 135.5 2.9006
      vertex 60.4764 135.5 2.16824
    endloop
  endfacet
  facet normal 0 1 0
    outer loop
      vertex 55 135.5 0
      vertex 60.4764 135.5 2.16824
      vertex 59.7023 135.5 1.52786
    endloop
  endfacet
  facet normal 0 1 0
    outer loop
      vertex 63 135.5 15.3757
      vertex 55 135.5 0
      vertex 38.5 135.5 10
    endloop
  endfacet
  facet normal 0 1 0
    outer loop
      vertex 55 135.5 0
      vertex 59.7023 135.5 1.52786
      vertex 58.854 135.5 0.989548
    endloop
  endfacet
  facet normal 0 1 0
    outer loop
      vertex 38.5 135.5 10
      vertex 55 135.5 0
      vertex 38.5 135.5 1
    endloop
  endfacet
  facet normal 0 1 0
    outer loop
      vertex 55 135.5 0
      vertex 58.854 135.5 0.989548
      vertex 57.945 135.5 0.561783
    endloop
  endfacet
  facet normal 0 1 0
    outer loop
      vertex 55 135.5 0
      vertex 57.945 135.5 0.561783
      vertex 56.9895 135.5 0.251328
    endloop
  endfacet
  facet normal 0 1 0
    outer loop
      vertex 55 135.5 0
      vertex 56.9895 135.5 0.251328
      vertex 56.0027 135.5 0.0630798
    endloop
  endfacet
  facet normal 0 1 0
    outer loop
      vertex 32 135.5 0
      vertex 38.5 135.5 1
      vertex 55 135.5 0
    endloop
  endfacet
  facet normal 0 1 0
    outer loop
      vertex 38.5 135.5 1
      vertex 32 135.5 0
      vertex 32 135.5 1
    endloop
  endfacet
  facet normal 0 1 0
    outer loop
      vertex 32 135.5 15.3757
      vertex 38.5 135.5 10
      vertex 32 135.5 10
    endloop
  endfacet
  facet normal 0.808365 -0.0404183 -0.587292
    outer loop
      vertex 60.2546 4.5 3.71338
      vertex 61.1641 34.5 2.9006
      vertex 61.7546 34.5 3.71338
    endloop
  endfacet
  facet normal 0.808365 -0.0404183 -0.587292
    outer loop
      vertex 61.1641 34.5 2.9006
      vertex 60.2546 4.5 3.71338
      vertex 59.6641 4.5 2.9006
    endloop
  endfacet
  facet normal 0.728939 0.0112144 -0.684487
    outer loop
      vertex 62.1641 70.5 2.9006
      vertex 60.4764 135.5 2.16824
      vertex 61.1641 135.5 2.9006
    endloop
  endfacet
  facet normal 0.728939 0.0112144 -0.684487
    outer loop
      vertex 60.4764 135.5 2.16824
      vertex 62.1641 70.5 2.9006
      vertex 61.4764 70.5 2.16824
    endloop
  endfacet
  facet normal 0.0627726 -0.00293509 -0.998024
    outer loop
      vertex 56.0027 34.5 0.0630798
      vertex 55.689 34.4944 0.0433655
      vertex 55.6893 34.5 0.0433679
    endloop
  endfacet
  facet normal 0.0627762 -0.00313881 -0.998023
    outer loop
      vertex 54.5027 4.5 0.0630798
      vertex 55.689 34.4944 0.0433655
      vertex 56.0027 34.5 0.0630798
    endloop
  endfacet
  facet normal 0.0627897 -0.00313935 -0.998022
    outer loop
      vertex 54.5027 4.5 0.0630798
      vertex 55 34.5 0
      vertex 55.689 34.4944 0.0433655
    endloop
  endfacet
  facet normal 0.0627855 -0.00313928 -0.998022
    outer loop
      vertex 55 34.5 0
      vertex 54.5027 4.5 0.0630798
      vertex 53.5 4.5 0
    endloop
  endfacet
  facet normal 0.980436 -0.0614876 0.186986
    outer loop
      vertex 61.2487 4.5 39.9895
      vertex 62.9369 34.5 41.0027
      vertex 62.7487 34.5 41.9895
    endloop
  endfacet
  facet normal 0.980436 -0.0614876 0.186986
    outer loop
      vertex 62.9369 34.5 41.0027
      vertex 61.2487 4.5 39.9895
      vertex 61.4369 4.5 39.0027
    endloop
  endfacet
  facet normal 0.948844 -0.067998 0.308337
    outer loop
      vertex 60.9382 4.5 40.945
      vertex 62.7487 34.5 41.9895
      vertex 62.4382 34.5 42.945
    endloop
  endfacet
  facet normal 0.948844 -0.067998 0.308337
    outer loop
      vertex 62.7487 34.5 41.9895
      vertex 60.9382 4.5 40.945
      vertex 61.2487 4.5 39.9895
    endloop
  endfacet
  facet normal 0.248661 -0.00710461 0.968564
    outer loop
      vertex 57.4991 69.5 47.8583
      vertex 57.4721 34.5 47.6085
      vertex 58.4721 69.5 47.6085
    endloop
  endfacet
  facet normal 0.248661 -0.00710461 0.968564
    outer loop
      vertex 57.4721 34.5 47.6085
      vertex 57.4991 69.5 47.8583
      vertex 56.4991 34.5 47.8583
    endloop
  endfacet
  facet normal 0.481773 0.00741223 0.876265
    outer loop
      vertex 58.7495 113.189 47.2386
      vertex 60.2866 70.5 46.7546
      vertex 59.6246 113.528 46.7546
    endloop
  endfacet
  facet normal 0.481737 0.00741074 0.876284
    outer loop
      vertex 60.2866 70.5 46.7546
      vertex 58.7495 113.189 47.2386
      vertex 59.4062 70.5 47.2386
    endloop
  endfacet
  facet normal 0.99762 -0.0285034 0.0627803
    outer loop
      vertex 62.9369 34.5 41.0027
      vertex 64 69.5 40
      vertex 63.9369 69.5 41.0027
    endloop
  endfacet
  facet normal 0.99762 -0.0285034 0.0627803
    outer loop
      vertex 64 69.5 40
      vertex 62.9369 34.5 41.0027
      vertex 63 34.5 40
    endloop
  endfacet
  facet normal 0.80881 -0.0231089 -0.587616
    outer loop
      vertex 61.7546 34.5 3.71338
      vertex 62.1641 69.5 2.9006
      vertex 62.7546 69.5 3.71338
    endloop
  endfacet
  facet normal 0.80881 -0.0231089 -0.587616
    outer loop
      vertex 62.1641 69.5 2.9006
      vertex 61.7546 34.5 3.71338
      vertex 61.1641 34.5 2.9006
    endloop
  endfacet
  facet normal 0.309008 0.00475397 -0.951047
    outer loop
      vertex 57.9895 70.5 0.251328
      vertex 57.945 135.5 0.561783
      vertex 58.945 70.5 0.561783
    endloop
  endfacet
  facet normal 0.309008 0.00475397 -0.951047
    outer loop
      vertex 57.945 135.5 0.561783
      vertex 57.9895 70.5 0.251328
      vertex 56.9895 135.5 0.251328
    endloop
  endfacet
  facet normal 0.997908 0.0153516 0.0627984
    outer loop
      vertex 64 70.5 40
      vertex 63.213 117.556 41.0027
      vertex 63.9369 70.5 41.0027
    endloop
  endfacet
  facet normal 0.997908 0.0153516 0.0627979
    outer loop
      vertex 63.213 117.556 41.0027
      vertex 64 70.5 40
      vertex 63.2653 118.258 40
    endloop
  endfacet
  facet normal 0.996569 -0.0540094 0.0627142
    outer loop
      vertex 61.4369 4.5 39.0027
      vertex 63 34.5 40
      vertex 62.9369 34.5 41.0027
    endloop
  endfacet
  facet normal 0.996569 -0.0540094 0.0627142
    outer loop
      vertex 63 34.5 40
      vertex 61.4369 4.5 39.0027
      vertex 61.5 4.5 38
    endloop
  endfacet
  facet normal 0.0941024 0.00144778 0.995561
    outer loop
      vertex 55.3514 112.656 48
      vertex 57.4991 70.5 47.8583
      vertex 56.849 112.755 47.8583
    endloop
  endfacet
  facet normal 0.0941038 0.00144785 0.995561
    outer loop
      vertex 57.4991 70.5 47.8583
      vertex 55.3514 112.656 48
      vertex 56 70.5 48
    endloop
  endfacet
  facet normal 0.366995 -0.0801341 0.926765
    outer loop
      vertex 57.4721 34.5 47.6085
      vertex 56.9062 4.5 45.2386
      vertex 58.4062 34.5 47.2386
    endloop
  endfacet
  facet normal 0.366995 -0.0801341 0.926765
    outer loop
      vertex 56.9062 4.5 45.2386
      vertex 57.4721 34.5 47.6085
      vertex 55.9721 4.5 45.6085
    endloop
  endfacet
  facet normal 0.904541 -0.025844 0.425602
    outer loop
      vertex 62.0105 34.5 43.854
      vertex 63.4382 69.5 42.945
      vertex 63.0105 69.5 43.854
    endloop
  endfacet
  facet normal 0.904541 -0.025844 0.425602
    outer loop
      vertex 63.4382 69.5 42.945
      vertex 62.0105 34.5 43.854
      vertex 62.4382 34.5 42.945
    endloop
  endfacet
  facet normal 0.768041 -0.0807546 0.635288
    outer loop
      vertex 59.3318 4.5 43.4764
      vertex 61.4721 34.5 44.7023
      vertex 60.8318 34.5 45.4764
    endloop
  endfacet
  facet normal 0.768041 -0.0807546 0.635288
    outer loop
      vertex 61.4721 34.5 44.7023
      vertex 59.3318 4.5 43.4764
      vertex 59.9721 4.5 42.7023
    endloop
  endfacet
  facet normal 0.998752 -0.0499376 0
    outer loop
      vertex 61.5 4.5 38
      vertex 63 34.5 8
      vertex 63 34.5 40
    endloop
  endfacet
  facet normal 0.998752 -0.0499376 0
    outer loop
      vertex 63 34.5 8
      vertex 61.5 4.5 38
      vertex 61.5 4.5 8
    endloop
  endfacet
  facet normal -0 0 1
    outer loop
      vertex 32 112.656 48
      vertex 56 70.5 48
      vertex 55.3514 112.656 48
    endloop
  endfacet
  facet normal 0 0 1
    outer loop
      vertex 32 34.5 48
      vertex 56 70.5 48
      vertex 32 112.656 48
    endloop
  endfacet
  facet normal 0 0 1
    outer loop
      vertex 56 70.5 48
      vertex 32 34.5 48
      vertex 56 69.5 48
    endloop
  endfacet
  facet normal 0 0 1
    outer loop
      vertex 56 69.5 48
      vertex 32 34.5 48
      vertex 55 34.5 48
    endloop
  endfacet
  facet normal 0.0627729 0.000849842 -0.998027
    outer loop
      vertex 56.6887 70.5415 0.0433655
      vertex 57.0027 70.5 0.0630798
      vertex 56.6893 70.5 0.0433679
    endloop
  endfacet
  facet normal 0.0627882 0.000965972 -0.998026
    outer loop
      vertex 56.6887 70.5415 0.0433655
      vertex 56.0027 135.5 0.0630798
      vertex 57.0027 70.5 0.0630798
    endloop
  endfacet
  facet normal 0.0627847 0.000965919 -0.998027
    outer loop
      vertex 55 135.5 0
      vertex 56.6887 70.5415 0.0433655
      vertex 56 70.5 0
    endloop
  endfacet
  facet normal 0.0627858 0.000965947 -0.998027
    outer loop
      vertex 56.6887 70.5415 0.0433655
      vertex 55 135.5 0
      vertex 56.0027 135.5 0.0630798
    endloop
  endfacet
  facet normal 0.99516 -0.0284331 -0.094069
    outer loop
      vertex 63 34.5 8
      vertex 63.8583 69.5 6.50095
      vertex 64 69.5 8
    endloop
  endfacet
  facet normal 0.99516 -0.0284331 -0.094069
    outer loop
      vertex 63.8583 69.5 6.50095
      vertex 63 34.5 8
      vertex 62.8583 34.5 6.50095
    endloop
  endfacet
  facet normal 0.809026 0 -0.587773
    outer loop
      vertex 62.7546 69.5 3.71338
      vertex 62.1641 70.5 2.9006
      vertex 62.7546 70.5 3.71338
    endloop
  endfacet
  facet normal 0.809026 0 -0.587773
    outer loop
      vertex 62.1641 70.5 2.9006
      vertex 62.7546 69.5 3.71338
      vertex 62.1641 69.5 2.9006
    endloop
  endfacet
  facet normal 0.535739 -0.0153068 -0.844245
    outer loop
      vertex 59.7023 34.5 1.52786
      vertex 59.854 69.5 0.989548
      vertex 60.7023 69.5 1.52786
    endloop
  endfacet
  facet normal 0.535739 -0.0153068 -0.844245
    outer loop
      vertex 59.854 69.5 0.989548
      vertex 59.7023 34.5 1.52786
      vertex 58.854 34.5 0.989548
    endloop
  endfacet
  facet normal 0.535609 -0.0267805 -0.844041
    outer loop
      vertex 58.2023 4.5 1.52786
      vertex 58.854 34.5 0.989548
      vertex 59.7023 34.5 1.52786
    endloop
  endfacet
  facet normal 0.535609 -0.0267805 -0.844041
    outer loop
      vertex 58.854 34.5 0.989548
      vertex 58.2023 4.5 1.52786
      vertex 57.354 4.5 0.989548
    endloop
  endfacet
  facet normal 0.808963 0.0124456 -0.587727
    outer loop
      vertex 62.7546 70.5 3.71338
      vertex 61.1641 135.5 2.9006
      vertex 61.7546 135.5 3.71338
    endloop
  endfacet
  facet normal 0.808963 0.0124456 -0.587727
    outer loop
      vertex 61.1641 135.5 2.9006
      vertex 62.7546 70.5 3.71338
      vertex 62.1641 70.5 2.9006
    endloop
  endfacet
  facet normal 0.0627729 0 -0.998028
    outer loop
      vertex 56.6893 69.5 0.0433679
      vertex 57.0027 70.5 0.0630798
      vertex 57.0027 69.5 0.0630798
    endloop
  endfacet
  facet normal 0.0627729 0 -0.998028
    outer loop
      vertex 57.0027 70.5 0.0630798
      vertex 56.6893 69.5 0.0433679
      vertex 56.6893 70.5 0.0433679
    endloop
  endfacet
  facet normal 0.585733 -0.0830359 0.806239
    outer loop
      vertex 59.2866 34.5 46.7546
      vertex 58.5994 4.5 44.1641
      vertex 60.0994 34.5 46.1641
    endloop
  endfacet
  facet normal 0.585733 -0.0830359 0.806239
    outer loop
      vertex 58.5994 4.5 44.1641
      vertex 59.2866 34.5 46.7546
      vertex 57.7866 4.5 44.7546
    endloop
  endfacet
  facet normal 0.480119 -0.0822287 0.873341
    outer loop
      vertex 58.4062 34.5 47.2386
      vertex 57.7866 4.5 44.7546
      vertex 59.2866 34.5 46.7546
    endloop
  endfacet
  facet normal 0.480119 -0.0822287 0.873341
    outer loop
      vertex 57.7866 4.5 44.7546
      vertex 58.4062 34.5 47.2386
      vertex 56.9062 4.5 45.2386
    endloop
  endfacet
  facet normal 0.68451 0 0.729003
    outer loop
      vertex 61.0994 70.5 46.1641
      vertex 61.8318 69.5 45.4764
      vertex 61.8318 70.5 45.4764
    endloop
  endfacet
  facet normal 0.68451 0 0.729003
    outer loop
      vertex 61.8318 69.5 45.4764
      vertex 61.0994 70.5 46.1641
      vertex 61.0994 69.5 46.1641
    endloop
  endfacet
  facet normal 0.0941036 -0.00268867 0.995559
    outer loop
      vertex 56 69.5 48
      vertex 56.4991 34.5 47.8583
      vertex 57.4991 69.5 47.8583
    endloop
  endfacet
  facet normal 0.0941036 -0.00268867 0.995559
    outer loop
      vertex 56.4991 34.5 47.8583
      vertex 56 69.5 48
      vertex 55 34.5 48
    endloop
  endfacet
  facet normal 0.904756 0.013921 0.425703
    outer loop
      vertex 63.4382 70.5 42.945
      vertex 62.3172 115.559 43.854
      vertex 63.0105 70.5 43.854
    endloop
  endfacet
  facet normal 0.904718 0.0139184 0.425784
    outer loop
      vertex 62.3172 115.559 43.854
      vertex 63.4382 70.5 42.945
      vertex 62.7352 116.196 42.945
    endloop
  endfacet
  facet normal 0.684522 0.0105321 0.728916
    outer loop
      vertex 60.4311 113.942 46.1641
      vertex 61.8318 70.5 45.4764
      vertex 61.156 114.423 45.4764
    endloop
  endfacet
  facet normal 0.684472 0.0105297 0.728963
    outer loop
      vertex 61.8318 70.5 45.4764
      vertex 60.4311 113.942 46.1641
      vertex 61.0994 70.5 46.1641
    endloop
  endfacet
  facet normal 0.368179 0 0.929755
    outer loop
      vertex 58.4721 70.5 47.6085
      vertex 59.4062 69.5 47.2386
      vertex 59.4062 70.5 47.2386
    endloop
  endfacet
  facet normal 0.368179 0 0.929755
    outer loop
      vertex 59.4062 69.5 47.2386
      vertex 58.4721 70.5 47.6085
      vertex 58.4721 69.5 47.6085
    endloop
  endfacet
  facet normal 0.682175 -0.0825431 0.726515
    outer loop
      vertex 60.0994 34.5 46.1641
      vertex 59.3318 4.5 43.4764
      vertex 60.8318 34.5 45.4764
    endloop
  endfacet
  facet normal 0.682175 -0.0825431 0.726515
    outer loop
      vertex 59.3318 4.5 43.4764
      vertex 60.0994 34.5 46.1641
      vertex 58.5994 4.5 44.1641
    endloop
  endfacet
  facet normal 0.902401 -0.0734264 0.424595
    outer loop
      vertex 60.5105 4.5 41.854
      vertex 62.4382 34.5 42.945
      vertex 62.0105 34.5 43.854
    endloop
  endfacet
  facet normal 0.902401 -0.0734264 0.424595
    outer loop
      vertex 62.4382 34.5 42.945
      vertex 60.5105 4.5 41.854
      vertex 60.9382 4.5 40.945
    endloop
  endfacet
  facet normal 0.999592 -0.0285598 0
    outer loop
      vertex 63 34.5 40
      vertex 64 69.5 8
      vertex 64 69.5 40
    endloop
  endfacet
  facet normal 0.999592 -0.0285598 0
    outer loop
      vertex 64 69.5 8
      vertex 63 34.5 40
      vertex 63 34.5 8
    endloop
  endfacet
  facet normal 0.968224 -0.0276635 -0.248551
    outer loop
      vertex 62.8583 34.5 6.50095
      vertex 63.6085 69.5 5.52786
      vertex 63.8583 69.5 6.50095
    endloop
  endfacet
  facet normal 0.968224 -0.0276635 -0.248551
    outer loop
      vertex 63.6085 69.5 5.52786
      vertex 62.8583 34.5 6.50095
      vertex 62.6085 34.5 5.52786
    endloop
  endfacet
  facet normal 0.187387 0 -0.982286
    outer loop
      vertex 57.0027 69.5 0.0630798
      vertex 57.9895 70.5 0.251328
      vertex 57.9895 69.5 0.251328
    endloop
  endfacet
  facet normal 0.187387 0 -0.982286
    outer loop
      vertex 57.9895 70.5 0.251328
      vertex 57.0027 69.5 0.0630798
      vertex 57.0027 70.5 0.0630798
    endloop
  endfacet
  facet normal 0.309 -0.00882856 -0.951021
    outer loop
      vertex 57.945 34.5 0.561783
      vertex 57.9895 69.5 0.251328
      vertex 58.945 69.5 0.561783
    endloop
  endfacet
  facet normal 0.309 -0.00882856 -0.951021
    outer loop
      vertex 57.9895 69.5 0.251328
      vertex 57.945 34.5 0.561783
      vertex 56.9895 34.5 0.251328
    endloop
  endfacet
  facet normal 0.187386 0.00288287 -0.982282
    outer loop
      vertex 57.0027 70.5 0.0630798
      vertex 56.9895 135.5 0.251328
      vertex 57.9895 70.5 0.251328
    endloop
  endfacet
  facet normal 0.187386 0.00288287 -0.982282
    outer loop
      vertex 56.9895 135.5 0.251328
      vertex 57.0027 70.5 0.0630798
      vertex 56.0027 135.5 0.0630798
    endloop
  endfacet
  facet normal 0.535783 0.00824282 -0.844315
    outer loop
      vertex 59.854 70.5 0.989548
      vertex 59.7023 135.5 1.52786
      vertex 60.7023 70.5 1.52786
    endloop
  endfacet
  facet normal 0.535783 0.00824282 -0.844315
    outer loop
      vertex 59.7023 135.5 1.52786
      vertex 59.854 70.5 0.989548
      vertex 58.854 135.5 0.989548
    endloop
  endfacet
  facet normal 0.929658 0.0143024 -0.368145
    outer loop
      vertex 63.6085 70.5 5.52786
      vertex 62.2386 135.5 4.59377
      vertex 62.6085 135.5 5.52786
    endloop
  endfacet
  facet normal 0.929658 0.0143024 -0.368145
    outer loop
      vertex 62.2386 135.5 4.59377
      vertex 63.6085 70.5 5.52786
      vertex 63.2386 70.5 4.59377
    endloop
  endfacet
  facet normal 0.247934 -0.0767787 0.96573
    outer loop
      vertex 56.4991 34.5 47.8583
      vertex 55.9721 4.5 45.6085
      vertex 57.4721 34.5 47.6085
    endloop
  endfacet
  facet normal 0.247934 -0.0767787 0.96573
    outer loop
      vertex 55.9721 4.5 45.6085
      vertex 56.4991 34.5 47.8583
      vertex 54.9991 4.5 45.8583
    endloop
  endfacet
  facet normal 0.248668 0 0.968589
    outer loop
      vertex 57.4991 70.5 47.8583
      vertex 58.4721 69.5 47.6085
      vertex 58.4721 70.5 47.6085
    endloop
  endfacet
  facet normal 0.248668 0 0.968589
    outer loop
      vertex 58.4721 69.5 47.6085
      vertex 57.4991 70.5 47.8583
      vertex 57.4991 69.5 47.8583
    endloop
  endfacet
  facet normal 0.368179 0.00566382 0.929738
    outer loop
      vertex 57.8194 112.93 47.6085
      vertex 59.4062 70.5 47.2386
      vertex 58.7495 113.189 47.2386
    endloop
  endfacet
  facet normal 0.368173 0.00566361 0.92974
    outer loop
      vertex 59.4062 70.5 47.2386
      vertex 57.8194 112.93 47.6085
      vertex 58.4721 70.5 47.6085
    endloop
  endfacet
  facet normal 0.950943 0.0146296 0.309019
    outer loop
      vertex 63.7487 70.5 41.9895
      vertex 62.7352 116.196 42.945
      vertex 63.4382 70.5 42.945
    endloop
  endfacet
  facet normal 0.950946 0.0146298 0.309012
    outer loop
      vertex 62.7352 116.196 42.945
      vertex 63.7487 70.5 41.9895
      vertex 63.0354 116.865 41.9895
    endloop
  endfacet
  facet normal 0.844233 0.0129867 0.535819
    outer loop
      vertex 63.0105 70.5 43.854
      vertex 61.7881 114.965 44.7023
      vertex 62.4721 70.5 44.7023
    endloop
  endfacet
  facet normal 0.844305 0.0129909 0.535705
    outer loop
      vertex 61.7881 114.965 44.7023
      vertex 63.0105 70.5 43.854
      vertex 62.3172 115.559 43.854
    endloop
  endfacet
  facet normal 0.982183 0.0151103 0.187319
    outer loop
      vertex 63.9369 70.5 41.0027
      vertex 63.0354 116.865 41.9895
      vertex 63.7487 70.5 41.9895
    endloop
  endfacet
  facet normal 0.982177 0.0151096 0.187348
    outer loop
      vertex 63.0354 116.865 41.9895
      vertex 63.9369 70.5 41.0027
      vertex 63.213 117.556 41.0027
    endloop
  endfacet
  facet normal 0.368159 -0.0105188 0.929703
    outer loop
      vertex 58.4721 69.5 47.6085
      vertex 58.4062 34.5 47.2386
      vertex 59.4062 69.5 47.2386
    endloop
  endfacet
  facet normal 0.368159 -0.0105188 0.929703
    outer loop
      vertex 58.4062 34.5 47.2386
      vertex 58.4721 69.5 47.6085
      vertex 57.4721 34.5 47.6085
    endloop
  endfacet
  facet normal 0.481705 -0.013763 0.876225
    outer loop
      vertex 59.4062 69.5 47.2386
      vertex 59.2866 34.5 46.7546
      vertex 60.2866 69.5 46.7546
    endloop
  endfacet
  facet normal 0.481705 -0.013763 0.876225
    outer loop
      vertex 59.2866 34.5 46.7546
      vertex 59.4062 69.5 47.2386
      vertex 58.4062 34.5 47.2386
    endloop
  endfacet
  facet normal 0.841752 -0.0777038 0.534244
    outer loop
      vertex 59.9721 4.5 42.7023
      vertex 62.0105 34.5 43.854
      vertex 61.4721 34.5 44.7023
    endloop
  endfacet
  facet normal 0.841752 -0.0777038 0.534244
    outer loop
      vertex 62.0105 34.5 43.854
      vertex 59.9721 4.5 42.7023
      vertex 60.5105 4.5 41.854
    endloop
  endfacet
  facet normal 0.770371 -0.0220106 0.637216
    outer loop
      vertex 60.8318 34.5 45.4764
      vertex 62.4721 69.5 44.7023
      vertex 61.8318 69.5 45.4764
    endloop
  endfacet
  facet normal 0.770371 -0.0220106 0.637216
    outer loop
      vertex 62.4721 69.5 44.7023
      vertex 60.8318 34.5 45.4764
      vertex 61.4721 34.5 44.7023
    endloop
  endfacet
  facet normal 0.844304 -0 0.535864
    outer loop
      vertex 62.4721 69.5 44.7023
      vertex 63.0105 70.5 43.854
      vertex 62.4721 70.5 44.7023
    endloop
  endfacet
  facet normal 0.844304 0 0.535864
    outer loop
      vertex 63.0105 70.5 43.854
      vertex 62.4721 69.5 44.7023
      vertex 63.0105 69.5 43.854
    endloop
  endfacet
  facet normal 0.995562 0 -0.094107
    outer loop
      vertex 64 69.5 8
      vertex 63.8583 70.5 6.50095
      vertex 64 70.5 8
    endloop
  endfacet
  facet normal 0.995562 0 -0.094107
    outer loop
      vertex 63.8583 70.5 6.50095
      vertex 64 69.5 8
      vertex 63.8583 69.5 6.50095
    endloop
  endfacet
  facet normal 0.968594 0 -0.248646
    outer loop
      vertex 63.8583 69.5 6.50095
      vertex 63.6085 70.5 5.52786
      vertex 63.8583 70.5 6.50095
    endloop
  endfacet
  facet normal 0.968594 0 -0.248646
    outer loop
      vertex 63.6085 70.5 5.52786
      vertex 63.8583 69.5 6.50095
      vertex 63.6085 69.5 5.52786
    endloop
  endfacet
  facet normal 0.535802 0 -0.844344
    outer loop
      vertex 59.854 69.5 0.989548
      vertex 60.7023 70.5 1.52786
      vertex 60.7023 69.5 1.52786
    endloop
  endfacet
  facet normal 0.535802 0 -0.844344
    outer loop
      vertex 60.7023 70.5 1.52786
      vertex 59.854 69.5 0.989548
      vertex 59.854 70.5 0.989548
    endloop
  endfacet
  facet normal 0.187379 -0.00936894 -0.982243
    outer loop
      vertex 55.4895 4.5 0.251328
      vertex 56.0027 34.5 0.0630798
      vertex 56.9895 34.5 0.251328
    endloop
  endfacet
  facet normal 0.187379 -0.00936894 -0.982243
    outer loop
      vertex 56.0027 34.5 0.0630798
      vertex 55.4895 4.5 0.251328
      vertex 54.5027 4.5 0.0630798
    endloop
  endfacet
  facet normal 0.187384 -0.00535384 -0.982272
    outer loop
      vertex 56.9895 34.5 0.251328
      vertex 57.0027 69.5 0.0630798
      vertex 57.9895 69.5 0.251328
    endloop
  endfacet
  facet normal 0.187384 -0.00535384 -0.982272
    outer loop
      vertex 57.0027 69.5 0.0630798
      vertex 56.9895 34.5 0.251328
      vertex 56.0027 34.5 0.0630798
    endloop
  endfacet
  facet normal 0.876032 -0.0250295 -0.481604
    outer loop
      vertex 62.2386 34.5 4.59377
      vertex 62.7546 69.5 3.71338
      vertex 63.2386 69.5 4.59377
    endloop
  endfacet
  facet normal 0.876032 -0.0250295 -0.481604
    outer loop
      vertex 62.7546 69.5 3.71338
      vertex 62.2386 34.5 4.59377
      vertex 61.7546 34.5 3.71338
    endloop
  endfacet
  facet normal 0.929426 -0.026555 -0.368053
    outer loop
      vertex 62.6085 34.5 5.52786
      vertex 63.2386 69.5 4.59377
      vertex 63.6085 69.5 5.52786
    endloop
  endfacet
  facet normal 0.929426 -0.026555 -0.368053
    outer loop
      vertex 63.2386 69.5 4.59377
      vertex 62.6085 34.5 5.52786
      vertex 62.2386 34.5 4.59377
    endloop
  endfacet
  facet normal 0.967461 -0.048373 -0.248355
    outer loop
      vertex 61.3583 4.5 6.50095
      vertex 62.6085 34.5 5.52786
      vertex 62.8583 34.5 6.50095
    endloop
  endfacet
  facet normal 0.967461 -0.048373 -0.248355
    outer loop
      vertex 62.6085 34.5 5.52786
      vertex 61.3583 4.5 6.50095
      vertex 61.1085 4.5 5.52786
    endloop
  endfacet
  facet normal 0.994331 -0.0497165 -0.0939907
    outer loop
      vertex 61.5 4.5 8
      vertex 62.8583 34.5 6.50095
      vertex 63 34.5 8
    endloop
  endfacet
  facet normal 0.994331 -0.0497165 -0.0939907
    outer loop
      vertex 62.8583 34.5 6.50095
      vertex 61.5 4.5 8
      vertex 61.3583 4.5 6.50095
    endloop
  endfacet
  facet normal 0.68438 -0.0195537 0.728864
    outer loop
      vertex 61.0994 69.5 46.1641
      vertex 60.8318 34.5 45.4764
      vertex 61.8318 69.5 45.4764
    endloop
  endfacet
  facet normal 0.68438 -0.0195537 0.728864
    outer loop
      vertex 60.8318 34.5 45.4764
      vertex 61.0994 69.5 46.1641
      vertex 60.0994 34.5 46.1641
    endloop
  endfacet
  facet normal 0.248644 0.00382488 0.968587
    outer loop
      vertex 56.849 112.755 47.8583
      vertex 58.4721 70.5 47.6085
      vertex 57.8194 112.93 47.6085
    endloop
  endfacet
  facet normal 0.248666 0.00382576 0.968582
    outer loop
      vertex 58.4721 70.5 47.6085
      vertex 56.849 112.755 47.8583
      vertex 57.4991 70.5 47.8583
    endloop
  endfacet
  facet normal 0.0941039 0 0.995562
    outer loop
      vertex 56 70.5 48
      vertex 57.4991 69.5 47.8583
      vertex 57.4991 70.5 47.8583
    endloop
  endfacet
  facet normal 0.0941039 0 0.995562
    outer loop
      vertex 57.4991 69.5 47.8583
      vertex 56 70.5 48
      vertex 56 69.5 48
    endloop
  endfacet
  facet normal 0.770504 0.011855 0.637325
    outer loop
      vertex 62.4721 70.5 44.7023
      vertex 61.156 114.423 45.4764
      vertex 61.8318 70.5 45.4764
    endloop
  endfacet
  facet normal 0.770436 0.0118515 0.637407
    outer loop
      vertex 61.156 114.423 45.4764
      vertex 62.4721 70.5 44.7023
      vertex 61.7881 114.965 44.7023
    endloop
  endfacet
  facet normal 0.982295 -0 0.187341
    outer loop
      vertex 63.7487 69.5 41.9895
      vertex 63.9369 70.5 41.0027
      vertex 63.7487 70.5 41.9895
    endloop
  endfacet
  facet normal 0.982295 0 0.187341
    outer loop
      vertex 63.9369 70.5 41.0027
      vertex 63.7487 69.5 41.9895
      vertex 63.9369 69.5 41.0027
    endloop
  endfacet
  facet normal 0.904844 -0 0.425744
    outer loop
      vertex 63.0105 69.5 43.854
      vertex 63.4382 70.5 42.945
      vertex 63.0105 70.5 43.854
    endloop
  endfacet
  facet normal 0.904844 0 0.425744
    outer loop
      vertex 63.4382 70.5 42.945
      vertex 63.0105 69.5 43.854
      vertex 63.4382 69.5 42.945
    endloop
  endfacet
  facet normal 0.587763 0 0.809033
    outer loop
      vertex 60.2866 70.5 46.7546
      vertex 61.0994 69.5 46.1641
      vertex 61.0994 70.5 46.1641
    endloop
  endfacet
  facet normal 0.587763 0 0.809033
    outer loop
      vertex 61.0994 69.5 46.1641
      vertex 60.2866 70.5 46.7546
      vertex 60.2866 69.5 46.7546
    endloop
  endfacet
  facet normal 0.587707 0.00904112 0.809024
    outer loop
      vertex 59.6246 113.528 46.7546
      vertex 61.0994 70.5 46.1641
      vertex 60.4311 113.942 46.1641
    endloop
  endfacet
  facet normal 0.587739 0.00904256 0.809
    outer loop
      vertex 61.0994 70.5 46.1641
      vertex 59.6246 113.528 46.7546
      vertex 60.2866 70.5 46.7546
    endloop
  endfacet
  facet normal 0.844059 -0.024116 0.535708
    outer loop
      vertex 61.4721 34.5 44.7023
      vertex 63.0105 69.5 43.854
      vertex 62.4721 69.5 44.7023
    endloop
  endfacet
  facet normal 0.844059 -0.024116 0.535708
    outer loop
      vertex 63.0105 69.5 43.854
      vertex 61.4721 34.5 44.7023
      vertex 62.0105 34.5 43.854
    endloop
  endfacet
  facet normal 0.770558 -0 0.63737
    outer loop
      vertex 61.8318 69.5 45.4764
      vertex 62.4721 70.5 44.7023
      vertex 61.8318 70.5 45.4764
    endloop
  endfacet
  facet normal 0.770558 0 0.63737
    outer loop
      vertex 62.4721 70.5 44.7023
      vertex 61.8318 69.5 45.4764
      vertex 62.4721 69.5 44.7023
    endloop
  endfacet
  facet normal 0.995445 0.0153145 -0.094096
    outer loop
      vertex 64 70.5 8
      vertex 62.8583 135.5 6.50095
      vertex 63 135.5 8
    endloop
  endfacet
  facet normal 0.995445 0.0153145 -0.094096
    outer loop
      vertex 62.8583 135.5 6.50095
      vertex 64 70.5 8
      vertex 63.8583 70.5 6.50095
    endloop
  endfacet
  facet normal 0.637312 -0.0182089 -0.770391
    outer loop
      vertex 60.4764 34.5 2.16824
      vertex 60.7023 69.5 1.52786
      vertex 61.4764 69.5 2.16824
    endloop
  endfacet
  facet normal 0.637312 -0.0182089 -0.770391
    outer loop
      vertex 60.7023 69.5 1.52786
      vertex 60.4764 34.5 2.16824
      vertex 59.7023 34.5 1.52786
    endloop
  endfacet
  facet normal 0.0627728 -0.00179351 -0.998026
    outer loop
      vertex 56.0027 34.5 0.0630798
      vertex 56.6893 69.5 0.0433679
      vertex 57.0027 69.5 0.0630798
    endloop
  endfacet
  facet normal 0.0627728 -0.00179351 -0.998026
    outer loop
      vertex 56.6893 69.5 0.0433679
      vertex 56.0027 34.5 0.0630798
      vertex 55.6893 34.5 0.0433679
    endloop
  endfacet
  facet normal 0.876226 0.0134804 -0.481711
    outer loop
      vertex 63.2386 70.5 4.59377
      vertex 61.7546 135.5 3.71338
      vertex 62.2386 135.5 4.59377
    endloop
  endfacet
  facet normal 0.876226 0.0134804 -0.481711
    outer loop
      vertex 61.7546 135.5 3.71338
      vertex 63.2386 70.5 4.59377
      vertex 62.7546 70.5 3.71338
    endloop
  endfacet
  facet normal 0.875466 -0.0437733 -0.481293
    outer loop
      vertex 60.7386 4.5 4.59377
      vertex 61.7546 34.5 3.71338
      vertex 62.2386 34.5 4.59377
    endloop
  endfacet
  facet normal 0.875466 -0.0437733 -0.481293
    outer loop
      vertex 61.7546 34.5 3.71338
      vertex 60.7386 4.5 4.59377
      vertex 60.2546 4.5 3.71338
    endloop
  endfacet
  facet normal 0.92875 -0.0464375 -0.367786
    outer loop
      vertex 61.1085 4.5 5.52786
      vertex 62.2386 34.5 4.59377
      vertex 62.6085 34.5 5.52786
    endloop
  endfacet
  facet normal 0.92875 -0.0464375 -0.367786
    outer loop
      vertex 62.2386 34.5 4.59377
      vertex 61.1085 4.5 5.52786
      vertex 60.7386 4.5 4.59377
    endloop
  endfacet
  facet normal 0.58768 -0.0167909 0.808919
    outer loop
      vertex 60.2866 69.5 46.7546
      vertex 60.0994 34.5 46.1641
      vertex 61.0994 69.5 46.1641
    endloop
  endfacet
  facet normal 0.58768 -0.0167909 0.808919
    outer loop
      vertex 60.0994 34.5 46.1641
      vertex 60.2866 69.5 46.7546
      vertex 59.2866 34.5 46.7546
    endloop
  endfacet
  facet normal 0.981908 -0.0280545 0.187267
    outer loop
      vertex 62.7487 34.5 41.9895
      vertex 63.9369 69.5 41.0027
      vertex 63.7487 69.5 41.9895
    endloop
  endfacet
  facet normal 0.981908 -0.0280545 0.187267
    outer loop
      vertex 63.9369 69.5 41.0027
      vertex 62.7487 34.5 41.9895
      vertex 62.9369 34.5 41.0027
    endloop
  endfacet
  facet normal 0.999882 0.015385 0
    outer loop
      vertex 63.2653 118.258 40
      vertex 63 135.5 8
      vertex 63 135.5 15.3757
    endloop
  endfacet
  facet normal 0.999882 0.015382 -0
    outer loop
      vertex 64 70.5 8
      vertex 63.2653 118.258 40
      vertex 64 70.5 40
    endloop
  endfacet
  facet normal 0.999882 0.0153828 -1.20178e-06
    outer loop
      vertex 63.2653 118.258 40
      vertex 64 70.5 8
      vertex 63 135.5 8
    endloop
  endfacet
  facet normal 1 -0 0
    outer loop
      vertex 64 69.5 40
      vertex 64 70.5 8
      vertex 64 70.5 40
    endloop
  endfacet
  facet normal 1 0 0
    outer loop
      vertex 64 70.5 8
      vertex 64 69.5 40
      vertex 64 69.5 8
    endloop
  endfacet
  facet normal 0.728826 -0.0208236 -0.684382
    outer loop
      vertex 61.1641 34.5 2.9006
      vertex 61.4764 69.5 2.16824
      vertex 62.1641 69.5 2.9006
    endloop
  endfacet
  facet normal 0.728826 -0.0208236 -0.684382
    outer loop
      vertex 61.4764 69.5 2.16824
      vertex 61.1641 34.5 2.9006
      vertex 60.4764 34.5 2.16824
    endloop
  endfacet
  facet normal 0.728501 -0.036425 -0.684076
    outer loop
      vertex 59.6641 4.5 2.9006
      vertex 60.4764 34.5 2.16824
      vertex 61.1641 34.5 2.9006
    endloop
  endfacet
  facet normal 0.728501 -0.036425 -0.684076
    outer loop
      vertex 60.4764 34.5 2.16824
      vertex 59.6641 4.5 2.9006
      vertex 58.9764 4.5 2.16824
    endloop
  endfacet
  facet normal 0.637387 0.00980595 -0.770482
    outer loop
      vertex 60.7023 70.5 1.52786
      vertex 60.4764 135.5 2.16824
      vertex 61.4764 70.5 2.16824
    endloop
  endfacet
  facet normal 0.637387 0.00980595 -0.770482
    outer loop
      vertex 60.4764 135.5 2.16824
      vertex 60.7023 70.5 1.52786
      vertex 59.7023 135.5 1.52786
    endloop
  endfacet
  facet normal 0.637417 0 -0.770519
    outer loop
      vertex 60.7023 69.5 1.52786
      vertex 61.4764 70.5 2.16824
      vertex 61.4764 69.5 2.16824
    endloop
  endfacet
  facet normal 0.637417 0 -0.770519
    outer loop
      vertex 61.4764 70.5 2.16824
      vertex 60.7023 69.5 1.52786
      vertex 60.7023 70.5 1.52786
    endloop
  endfacet
  facet normal 0.728984 0 -0.68453
    outer loop
      vertex 62.1641 69.5 2.9006
      vertex 61.4764 70.5 2.16824
      vertex 62.1641 70.5 2.9006
    endloop
  endfacet
  facet normal 0.728984 0 -0.68453
    outer loop
      vertex 61.4764 70.5 2.16824
      vertex 62.1641 69.5 2.9006
      vertex 61.4764 69.5 2.16824
    endloop
  endfacet
  facet normal 0.425766 -0.0121647 -0.904752
    outer loop
      vertex 58.854 34.5 0.989548
      vertex 58.945 69.5 0.561783
      vertex 59.854 69.5 0.989548
    endloop
  endfacet
  facet normal 0.425766 -0.0121647 -0.904752
    outer loop
      vertex 58.945 69.5 0.561783
      vertex 58.854 34.5 0.989548
      vertex 57.945 34.5 0.561783
    endloop
  endfacet
  facet normal 0.309012 0 -0.951058
    outer loop
      vertex 57.9895 69.5 0.251328
      vertex 58.945 70.5 0.561783
      vertex 58.945 69.5 0.561783
    endloop
  endfacet
  facet normal 0.309012 0 -0.951058
    outer loop
      vertex 58.945 70.5 0.561783
      vertex 57.9895 69.5 0.251328
      vertex 57.9895 70.5 0.251328
    endloop
  endfacet
  facet normal 0.425797 0 -0.904819
    outer loop
      vertex 58.945 69.5 0.561783
      vertex 59.854 70.5 0.989548
      vertex 59.854 69.5 0.989548
    endloop
  endfacet
  facet normal 0.425797 0 -0.904819
    outer loop
      vertex 59.854 70.5 0.989548
      vertex 58.945 69.5 0.561783
      vertex 58.945 70.5 0.561783
    endloop
  endfacet
  facet normal 0.308975 -0.0154487 -0.950945
    outer loop
      vertex 56.445 4.5 0.561783
      vertex 56.9895 34.5 0.251328
      vertex 57.945 34.5 0.561783
    endloop
  endfacet
  facet normal 0.308975 -0.0154487 -0.950945
    outer loop
      vertex 56.9895 34.5 0.251328
      vertex 56.445 4.5 0.561783
      vertex 55.4895 4.5 0.251328
    endloop
  endfacet
  facet normal 0.425701 -0.021285 -0.904614
    outer loop
      vertex 57.354 4.5 0.989548
      vertex 57.945 34.5 0.561783
      vertex 58.854 34.5 0.989548
    endloop
  endfacet
  facet normal 0.425701 -0.021285 -0.904614
    outer loop
      vertex 57.945 34.5 0.561783
      vertex 57.354 4.5 0.989548
      vertex 56.445 4.5 0.561783
    endloop
  endfacet
  facet normal 0.481751 0 0.876308
    outer loop
      vertex 59.4062 70.5 47.2386
      vertex 60.2866 69.5 46.7546
      vertex 60.2866 70.5 46.7546
    endloop
  endfacet
  facet normal 0.481751 0 0.876308
    outer loop
      vertex 60.2866 69.5 46.7546
      vertex 59.4062 70.5 47.2386
      vertex 59.4062 69.5 47.2386
    endloop
  endfacet
  facet normal 0.950694 -0.0271627 0.308938
    outer loop
      vertex 62.4382 34.5 42.945
      vertex 63.7487 69.5 41.9895
      vertex 63.4382 69.5 42.945
    endloop
  endfacet
  facet normal 0.950694 -0.0271627 0.308938
    outer loop
      vertex 63.7487 69.5 41.9895
      vertex 62.4382 34.5 42.945
      vertex 62.7487 34.5 41.9895
    endloop
  endfacet
  facet normal 0.951045 -0 0.309052
    outer loop
      vertex 63.4382 69.5 42.945
      vertex 63.7487 70.5 41.9895
      vertex 63.4382 70.5 42.945
    endloop
  endfacet
  facet normal 0.951045 0 0.309052
    outer loop
      vertex 63.7487 70.5 41.9895
      vertex 63.4382 69.5 42.945
      vertex 63.7487 69.5 41.9895
    endloop
  endfacet
  facet normal 0.637094 -0.0318547 -0.770128
    outer loop
      vertex 58.9764 4.5 2.16824
      vertex 59.7023 34.5 1.52786
      vertex 60.4764 34.5 2.16824
    endloop
  endfacet
  facet normal 0.637094 -0.0318547 -0.770128
    outer loop
      vertex 59.7023 34.5 1.52786
      vertex 58.9764 4.5 2.16824
      vertex 58.2023 4.5 1.52786
    endloop
  endfacet
  facet normal 0.968487 0.0148998 -0.248618
    outer loop
      vertex 63.8583 70.5 6.50095
      vertex 62.6085 135.5 5.52786
      vertex 62.8583 135.5 6.50095
    endloop
  endfacet
  facet normal 0.968487 0.0148998 -0.248618
    outer loop
      vertex 62.6085 135.5 5.52786
      vertex 63.8583 70.5 6.50095
      vertex 63.6085 70.5 5.52786
    endloop
  endfacet
  facet normal 0.876306 0 -0.481755
    outer loop
      vertex 63.2386 69.5 4.59377
      vertex 62.7546 70.5 3.71338
      vertex 63.2386 70.5 4.59377
    endloop
  endfacet
  facet normal 0.876306 0 -0.481755
    outer loop
      vertex 62.7546 70.5 3.71338
      vertex 63.2386 69.5 4.59377
      vertex 62.7546 69.5 3.71338
    endloop
  endfacet
  facet normal 0.929753 0 -0.368183
    outer loop
      vertex 63.6085 69.5 5.52786
      vertex 63.2386 70.5 4.59377
      vertex 63.6085 70.5 5.52786
    endloop
  endfacet
  facet normal 0.929753 0 -0.368183
    outer loop
      vertex 63.2386 70.5 4.59377
      vertex 63.6085 69.5 5.52786
      vertex 63.2386 69.5 4.59377
    endloop
  endfacet
  facet normal 0.0121882 0.815583 0.578512
    outer loop
      vertex 32 112.656 48
      vertex 41.797 123.898 31.9447
      vertex 41.75 123.897 31.9471
    endloop
  endfacet
  facet normal 0.000620806 0.819399 0.573223
    outer loop
      vertex 55.3514 112.656 48
      vertex 41.938 123.903 31.9374
      vertex 41.797 123.898 31.9447
    endloop
  endfacet
  facet normal -0.0029893 0.817977 0.575242
    outer loop
      vertex 55.3514 112.656 48
      vertex 42.123 123.924 31.9085
      vertex 41.938 123.903 31.9374
    endloop
  endfacet
  facet normal 0.00150764 0.819718 0.572765
    outer loop
      vertex 55.3514 112.656 48
      vertex 42.3022 123.957 31.8608
      vertex 42.123 123.924 31.9085
    endloop
  endfacet
  facet normal -0.00754556 0.816247 0.577654
    outer loop
      vertex 55.3514 112.656 48
      vertex 42.3448 123.969 31.8444
      vertex 42.3022 123.957 31.8608
    endloop
  endfacet
  facet normal 0.00255812 0.820099 0.572217
    outer loop
      vertex 55.3514 112.656 48
      vertex 42.4726 124.003 31.7951
      vertex 42.3448 123.969 31.8444
    endloop
  endfacet
  facet normal 0.00201192 0.819896 0.572509
    outer loop
      vertex 55.3514 112.656 48
      vertex 42.5919 124.046 31.7331
      vertex 42.4726 124.003 31.7951
    endloop
  endfacet
  facet normal -0.0073715 0.816409 0.577427
    outer loop
      vertex 55.3514 112.656 48
      vertex 42.6317 124.061 31.7124
      vertex 42.5919 124.046 31.7331
    endloop
  endfacet
  facet normal -0.000619319 0.818917 0.573911
    outer loop
      vertex 55.3514 112.656 48
      vertex 42.7768 124.13 31.6141
      vertex 42.6317 124.061 31.7124
    endloop
  endfacet
  facet normal -0.000849624 0.818834 0.574029
    outer loop
      vertex 55.3514 112.656 48
      vertex 42.9058 124.209 31.5016
      vertex 42.7768 124.13 31.6141
    endloop
  endfacet
  facet normal 3.2518e-05 0.819147 0.573583
    outer loop
      vertex 55.3514 112.656 48
      vertex 48 126.478 28.2609
      vertex 42.9058 124.209 31.5016
    endloop
  endfacet
  facet normal -0.00431794 0.82234 0.56898
    outer loop
      vertex 42.9058 124.209 31.5016
      vertex 48 126.478 28.2609
      vertex 43.0165 124.296 31.3767
    endloop
  endfacet
  facet normal 0.00854579 0.812612 0.582742
    outer loop
      vertex 43.0165 124.296 31.3767
      vertex 48 126.478 28.2609
      vertex 43.0392 124.32 31.3429
    endloop
  endfacet
  facet normal 2.23318e-06 0.819155 0.573572
    outer loop
      vertex 43.0392 124.32 31.3429
      vertex 48 126.478 28.2609
      vertex 43.1072 124.391 31.2415
    endloop
  endfacet
  facet normal -0.00236132 0.820972 0.570964
    outer loop
      vertex 43.1072 124.391 31.2415
      vertex 48 126.478 28.2609
      vertex 43.1766 124.491 31.098
    endloop
  endfacet
  facet normal 0.00257118 0.81703 0.576589
    outer loop
      vertex 43.1766 124.491 31.098
      vertex 48 126.478 28.2609
      vertex 43.2117 124.57 30.9859
    endloop
  endfacet
  facet normal -0.00178085 0.820628 0.571461
    outer loop
      vertex 43.2117 124.57 30.9859
      vertex 48 126.478 28.2609
      vertex 43.2234 124.596 30.9486
    endloop
  endfacet
  facet normal -0 0.819145 0.573587
    outer loop
      vertex 46 126.478 28.2609
      vertex 43.2234 124.596 30.9486
      vertex 48 126.478 28.2609
    endloop
  endfacet
  facet normal 1.35883e-05 0.819154 0.573574
    outer loop
      vertex 63 135.5 15.3757
      vertex 48 126.478 28.2609
      vertex 63.2653 118.258 40
    endloop
  endfacet
  facet normal 0 0.819246 0.573442
    outer loop
      vertex 43.2029 129.846 23.45
      vertex 46 127.912 26.213
      vertex 48 127.912 26.213
    endloop
  endfacet
  facet normal -0.00107881 0.818692 0.574232
    outer loop
      vertex 46 127.912 26.213
      vertex 43.247 129.659 23.7171
      vertex 43.25 129.632 23.7556
    endloop
  endfacet
  facet normal -0.000593444 0.818944 0.573873
    outer loop
      vertex 46 127.912 26.213
      vertex 43.2382 129.74 23.6015
      vertex 43.247 129.659 23.7171
    endloop
  endfacet
  facet normal -0.00420772 0.817136 0.576429
    outer loop
      vertex 46 127.912 26.213
      vertex 43.2117 129.82 23.4879
      vertex 43.2382 129.74 23.6015
    endloop
  endfacet
  facet normal 0.0147698 0.826119 0.563302
    outer loop
      vertex 46 127.912 26.213
      vertex 43.2029 129.846 23.45
      vertex 43.2117 129.82 23.4879
    endloop
  endfacet
  facet normal -0.00102082 0.818412 0.574631
    outer loop
      vertex 48 127.912 26.213
      vertex 43.1447 129.949 23.3032
      vertex 43.2029 129.846 23.45
    endloop
  endfacet
  facet normal -0.00146371 0.818063 0.575126
    outer loop
      vertex 48 127.912 26.213
      vertex 43.0645 130.047 23.1636
      vertex 43.1447 129.949 23.3032
    endloop
  endfacet
  facet normal 0.00170187 0.82047 0.571687
    outer loop
      vertex 48 127.912 26.213
      vertex 42.9635 130.138 23.0333
      vertex 43.0645 130.047 23.1636
    endloop
  endfacet
  facet normal -2.99056e-05 0.819184 0.57353
    outer loop
      vertex 63 135.5 15.3757
      vertex 42.9635 130.138 23.0333
      vertex 48 127.912 26.213
    endloop
  endfacet
  facet normal 0.0015439 0.817244 0.57629
    outer loop
      vertex 42.9635 130.138 23.0333
      vertex 63 135.5 15.3757
      vertex 42.9335 130.159 23.0036
    endloop
  endfacet
  facet normal -0.00115557 0.820583 0.571526
    outer loop
      vertex 42.9335 130.159 23.0036
      vertex 63 135.5 15.3757
      vertex 42.8435 130.221 22.9144
    endloop
  endfacet
  facet normal 0.0014021 0.817368 0.576114
    outer loop
      vertex 42.8435 130.221 22.9144
      vertex 63 135.5 15.3757
      vertex 42.7405 130.277 22.8352
    endloop
  endfacet
  facet normal 0.299064 -0.044384 -0.9532
    outer loop
      vertex 42.3887 130.411 22.6438
      vertex 42.2135 130.451 22.587
      vertex 42.2573 130.441 22.6012
    endloop
  endfacet
  facet normal -0.0110312 0.811817 0.583808
    outer loop
      vertex 32 135.5 15.3757
      vertex 41.9608 130.481 22.5431
      vertex 42.0311 130.478 22.5486
    endloop
  endfacet
  facet normal 3.26127e-05 0.819144 0.573589
    outer loop
      vertex 48 126.478 28.2609
      vertex 63 135.5 15.3757
      vertex 48 127.912 26.213
    endloop
  endfacet
  facet normal -0.00376457 0.823932 0.566677
    outer loop
      vertex 42.7405 130.277 22.8352
      vertex 63 135.5 15.3757
      vertex 42.7061 130.295 22.8088
    endloop
  endfacet
  facet normal 0.000997035 0.817856 0.575422
    outer loop
      vertex 63 135.5 15.3757
      vertex 42.5537 130.359 22.7181
      vertex 42.7061 130.295 22.8088
    endloop
  endfacet
  facet normal -5.14521e-05 0.81923 0.573465
    outer loop
      vertex 63 135.5 15.3757
      vertex 42.3887 130.411 22.6438
      vertex 42.5537 130.359 22.7181
    endloop
  endfacet
  facet normal 0.000558806 0.818416 0.574626
    outer loop
      vertex 63 135.5 15.3757
      vertex 42.2135 130.451 22.587
      vertex 42.3887 130.411 22.6438
    endloop
  endfacet
  facet normal -0 0.819174 0.573545
    outer loop
      vertex 32 135.5 15.3757
      vertex 42.2135 130.451 22.587
      vertex 63 135.5 15.3757
    endloop
  endfacet
  facet normal 0.000731187 0.81966 0.57285
    outer loop
      vertex 42.2135 130.451 22.587
      vertex 32 135.5 15.3757
      vertex 42.0311 130.478 22.5486
    endloop
  endfacet
  facet normal 0.00255583 0.820797 0.571214
    outer loop
      vertex 41.9608 130.481 22.5431
      vertex 32 135.5 15.3757
      vertex 41.75 130.493 22.5268
    endloop
  endfacet
  facet normal 0 0.819166 0.573557
    outer loop
      vertex 41.75 130.493 22.5268
      vertex 32 135.5 15.3757
      vertex 32 130.493 22.5268
    endloop
  endfacet
  facet normal 0.000136022 0.819072 0.57369
    outer loop
      vertex 63.2653 118.258 40
      vertex 55.3514 112.656 48
      vertex 56.849 112.755 47.8583
    endloop
  endfacet
  facet normal -7.52252e-05 0.819154 0.573574
    outer loop
      vertex 63.2653 118.258 40
      vertex 56.849 112.755 47.8583
      vertex 57.8194 112.93 47.6085
    endloop
  endfacet
  facet normal 3.65204e-05 0.819116 0.573628
    outer loop
      vertex 63.2653 118.258 40
      vertex 57.8194 112.93 47.6085
      vertex 58.7495 113.189 47.2386
    endloop
  endfacet
  facet normal -9.66278e-05 0.819155 0.573572
    outer loop
      vertex 63.2653 118.258 40
      vertex 58.7495 113.189 47.2386
      vertex 59.6246 113.528 46.7546
    endloop
  endfacet
  facet normal -0.000829688 0.81934 0.573307
    outer loop
      vertex 63.2653 118.258 40
      vertex 59.6246 113.528 46.7546
      vertex 60.4311 113.942 46.1641
    endloop
  endfacet
  facet normal 0.00103408 0.818937 0.573882
    outer loop
      vertex 63.2653 118.258 40
      vertex 60.4311 113.942 46.1641
      vertex 61.156 114.423 45.4764
    endloop
  endfacet
  facet normal 0.000208128 0.819087 0.573669
    outer loop
      vertex 63.2653 118.258 40
      vertex 61.156 114.423 45.4764
      vertex 61.7881 114.965 44.7023
    endloop
  endfacet
  facet normal 0.000189504 0.81909 0.573665
    outer loop
      vertex 63.2653 118.258 40
      vertex 61.7881 114.965 44.7023
      vertex 62.3172 115.559 43.854
    endloop
  endfacet
  facet normal -0.00175751 0.819314 0.573342
    outer loop
      vertex 63.2653 118.258 40
      vertex 62.3172 115.559 43.854
      vertex 62.7352 116.196 42.945
    endloop
  endfacet
  facet normal 7.81023e-05 0.81916 0.573565
    outer loop
      vertex 63.2653 118.258 40
      vertex 62.7352 116.196 42.945
      vertex 63.0354 116.865 41.9895
    endloop
  endfacet
  facet normal -0.00085568 0.81921 0.573492
    outer loop
      vertex 63.2653 118.258 40
      vertex 63.0354 116.865 41.9895
      vertex 63.213 117.556 41.0027
    endloop
  endfacet
  facet normal -9.28837e-06 0.81914 0.573594
    outer loop
      vertex 48 126.478 28.2609
      vertex 55.3514 112.656 48
      vertex 63.2653 118.258 40
    endloop
  endfacet
  facet normal 0 0.819153 0.573575
    outer loop
      vertex 41.797 123.898 31.9447
      vertex 32 112.656 48
      vertex 55.3514 112.656 48
    endloop
  endfacet
  facet normal 0 0.819137 0.573598
    outer loop
      vertex 32 112.656 48
      vertex 41.75 123.897 31.9471
      vertex 32 123.897 31.9471
    endloop
  endfacet
  facet normal -0.00101726 0.819638 0.572881
    outer loop
      vertex 43.2234 124.596 30.9486
      vertex 46 126.478 28.2609
      vertex 43.25 124.757 30.7183
    endloop
  endfacet
  facet normal -7.62603e-05 0.819144 0.573589
    outer loop
      vertex 46 127.912 26.213
      vertex 43.25 124.757 30.7183
      vertex 46 126.478 28.2609
    endloop
  endfacet
  facet normal -0.000170316 0.819171 0.57355
    outer loop
      vertex 43.25 124.757 30.7183
      vertex 46 127.912 26.213
      vertex 43.25 129.632 23.7556
    endloop
  endfacet
  facet normal -0.187362 0.00961628 0.982244
    outer loop
      vertex 55.689 34.4944 0.0433655
      vertex 56.3678 34.5 0.172791
      vertex 55.6893 34.5 0.0433679
    endloop
  endfacet
  facet normal -0.187366 0.0102199 0.982237
    outer loop
      vertex 55.689 34.4944 0.0433655
      vertex 54.8678 7 0.172791
      vertex 56.3678 34.5 0.172791
    endloop
  endfacet
  facet normal -0.187364 0.0102199 0.982237
    outer loop
      vertex 54.8678 7 0.172791
      vertex 55.689 34.4944 0.0433655
      vertex 54.1893 7 0.0433655
    endloop
  endfacet
  facet normal -0.982148 -0.0157126 -0.187454
    outer loop
      vertex 61.4566 70.5 38.1893
      vertex 60.5992 115.999 38.8678
      vertex 60.7211 116.474 38.1893
    endloop
  endfacet
  facet normal -0.982174 -0.0157151 -0.187315
    outer loop
      vertex 60.5992 115.999 38.8678
      vertex 61.4566 70.5 38.1893
      vertex 61.3272 70.5 38.8678
    endloop
  endfacet
  facet normal -0.0940885 0.00268824 -0.99556
    outer loop
      vertex 56.0306 34.5 42.9026
      vertex 56 69.5 43
      vertex 57.0306 69.5 42.9026
    endloop
  endfacet
  facet normal -0.0940885 0.00268824 -0.99556
    outer loop
      vertex 56 69.5 43
      vertex 56.0306 34.5 42.9026
      vertex 55 34.5 43
    endloop
  endfacet
  facet normal -0.981909 0.0280545 -0.187265
    outer loop
      vertex 60.4566 34.5 38.1893
      vertex 61.3272 69.5 38.8678
      vertex 61.4566 69.5 38.1893
    endloop
  endfacet
  facet normal -0.981909 0.0280545 -0.187265
    outer loop
      vertex 61.3272 69.5 38.8678
      vertex 60.4566 34.5 38.1893
      vertex 60.3272 34.5 38.8678
    endloop
  endfacet
  facet normal -0.808934 -0.0129429 0.587757
    outer loop
      vertex 60.2378 70.5 1.99417
      vertex 59.6438 133 2.55295
      vertex 59.2378 133 1.99417
    endloop
  endfacet
  facet normal -0.808934 -0.0129429 0.587757
    outer loop
      vertex 59.6438 133 2.55295
      vertex 60.2378 70.5 1.99417
      vertex 60.6438 70.5 2.55295
    endloop
  endfacet
  facet normal -0.968203 0.0276629 0.248632
    outer loop
      vertex 60.2308 34.5 3.8004
      vertex 61.4026 69.5 4.46941
      vertex 61.2308 69.5 3.8004
    endloop
  endfacet
  facet normal -0.968203 0.0276629 0.248632
    outer loop
      vertex 61.4026 69.5 4.46941
      vertex 60.2308 34.5 3.8004
      vertex 60.4026 34.5 4.46941
    endloop
  endfacet
  facet normal -0.481665 -0.00770719 -0.876321
    outer loop
      vertex 57.6542 113.472 42.4765
      vertex 58.9471 70.5 42.1438
      vertex 58.3418 70.5 42.4765
    endloop
  endfacet
  facet normal -0.481648 -0.0077066 -0.876331
    outer loop
      vertex 58.9471 70.5 42.1438
      vertex 57.6542 113.472 42.4765
      vertex 58.2558 113.705 42.1438
    endloop
  endfacet
  facet normal -0.187368 0.00535337 0.982275
    outer loop
      vertex 56.6893 69.5 0.0433679
      vertex 56.3678 34.5 0.172791
      vertex 57.3678 69.5 0.172791
    endloop
  endfacet
  facet normal -0.187368 0.00535337 0.982275
    outer loop
      vertex 56.3678 34.5 0.172791
      vertex 56.6893 69.5 0.0433679
      vertex 55.6893 34.5 0.0433679
    endloop
  endfacet
  facet normal -0.998516 0.0544645 0
    outer loop
      vertex 59 7 35.5
      vertex 60.5 34.5 5.5
      vertex 59 7 5.5
    endloop
  endfacet
  facet normal -0.998516 0.0544645 0
    outer loop
      vertex 60.5 34.5 5.5
      vertex 59 7 35.5
      vertex 60.5 34.5 37.5
    endloop
  endfacet
  facet normal -0.982295 0 -0.187338
    outer loop
      vertex 61.4566 69.5 38.1893
      vertex 61.3272 70.5 38.8678
      vertex 61.4566 70.5 38.1893
    endloop
  endfacet
  facet normal -0.982295 -0 -0.187338
    outer loop
      vertex 61.3272 70.5 38.8678
      vertex 61.4566 69.5 38.1893
      vertex 61.3272 69.5 38.8678
    endloop
  endfacet
  facet normal -0.996291 0.0589052 -0.0627289
    outer loop
      vertex 58.9566 7 36.1893
      vertex 60.5 34.5 37.5
      vertex 59 7 35.5
    endloop
  endfacet
  facet normal -0.996291 0.0589052 -0.0627289
    outer loop
      vertex 60.5 34.5 37.5
      vertex 58.9566 7 36.1893
      vertex 60.4566 34.5 38.1893
    endloop
  endfacet
  facet normal -0.728975 0 0.684541
    outer loop
      vertex 59.765 69.5 1.49068
      vertex 60.2378 70.5 1.99417
      vertex 59.765 70.5 1.49068
    endloop
  endfacet
  facet normal -0.728975 0 0.684541
    outer loop
      vertex 60.2378 70.5 1.99417
      vertex 59.765 69.5 1.49068
      vertex 60.2378 69.5 1.99417
    endloop
  endfacet
  facet normal -0.728925 -0.0116628 0.684494
    outer loop
      vertex 59.765 70.5 1.49068
      vertex 59.2378 133 1.99417
      vertex 58.765 133 1.49068
    endloop
  endfacet
  facet normal -0.728925 -0.0116628 0.684494
    outer loop
      vertex 59.2378 133 1.99417
      vertex 59.765 70.5 1.49068
      vertex 60.2378 70.5 1.99417
    endloop
  endfacet
  facet normal 0 0.0725357 -0.997366
    outer loop
      vertex 32 34.5 43
      vertex 53.5 7 41
      vertex 32 7 41
    endloop
  endfacet
  facet normal 0 0.0725357 -0.997366
    outer loop
      vertex 53.5 7 41
      vertex 32 34.5 43
      vertex 55 34.5 43
    endloop
  endfacet
  facet normal -0.0627874 0.00342478 0.998021
    outer loop
      vertex 55 34.5 0
      vertex 54.1893 7 0.0433655
      vertex 55.689 34.4944 0.0433655
    endloop
  endfacet
  facet normal -0.0627879 0.00342479 0.998021
    outer loop
      vertex 54.1893 7 0.0433655
      vertex 55 34.5 0
      vertex 53.5 7 0
    endloop
  endfacet
  facet normal -0.999872 -0.0159977 0
    outer loop
      vertex 60.5 133 5.5
      vertex 60.7567 116.956 37.5
      vertex 60.5 133 14.5875
    endloop
  endfacet
  facet normal -0.999872 -0.015998 -1.24984e-07
    outer loop
      vertex 61.5 70.5 5.5
      vertex 60.7567 116.956 37.5
      vertex 60.5 133 5.5
    endloop
  endfacet
  facet normal -0.999872 -0.015998 0
    outer loop
      vertex 60.7567 116.956 37.5
      vertex 61.5 70.5 5.5
      vertex 61.5 70.5 37.5
    endloop
  endfacet
  facet normal -0.844239 -0.0135075 -0.535796
    outer loop
      vertex 60.8197 70.5 40.1496
      vertex 59.7425 114.693 40.7328
      vertex 60.1061 115.101 40.1496
    endloop
  endfacet
  facet normal -0.844257 -0.0135083 -0.535768
    outer loop
      vertex 59.7425 114.693 40.7328
      vertex 60.8197 70.5 40.1496
      vertex 60.4496 70.5 40.7328
    endloop
  endfacet
  facet normal -0.998024 0 -0.062838
    outer loop
      vertex 61.5 69.5 37.5
      vertex 61.4566 70.5 38.1893
      vertex 61.5 70.5 37.5
    endloop
  endfacet
  facet normal -0.998024 -0 -0.062838
    outer loop
      vertex 61.4566 70.5 38.1893
      vertex 61.5 69.5 37.5
      vertex 61.4566 69.5 38.1893
    endloop
  endfacet
  facet normal -0.995161 0.0284332 0.0940517
    outer loop
      vertex 60.4026 34.5 4.46941
      vertex 61.5 69.5 5.5
      vertex 61.4026 69.5 4.46941
    endloop
  endfacet
  facet normal -0.995161 0.0284332 0.0940517
    outer loop
      vertex 61.5 69.5 5.5
      vertex 60.4026 34.5 4.46941
      vertex 60.5 34.5 5.5
    endloop
  endfacet
  facet normal -0.0627882 -0.00100468 0.998026
    outer loop
      vertex 55 133 0
      vertex 56.6887 70.5415 0.0433655
      vertex 55.6893 133 0.0433655
    endloop
  endfacet
  facet normal -0.0627824 -0.00100452 0.998027
    outer loop
      vertex 56.6887 70.5415 0.0433655
      vertex 55 133 0
      vertex 56 70.5 0
    endloop
  endfacet
  facet normal -0.809001 0 0.587807
    outer loop
      vertex 60.2378 69.5 1.99417
      vertex 60.6438 70.5 2.55295
      vertex 60.2378 70.5 1.99417
    endloop
  endfacet
  facet normal -0.809001 0 0.587807
    outer loop
      vertex 60.6438 70.5 2.55295
      vertex 60.2378 69.5 1.99417
      vertex 60.6438 69.5 2.55295
    endloop
  endfacet
  facet normal -0.368148 0.0105185 -0.929708
    outer loop
      vertex 57.3418 34.5 42.4765
      vertex 57.6996 69.5 42.7308
      vertex 58.3418 69.5 42.4765
    endloop
  endfacet
  facet normal -0.368148 0.0105185 -0.929708
    outer loop
      vertex 57.6996 69.5 42.7308
      vertex 57.3418 34.5 42.4765
      vertex 56.6996 34.5 42.7308
    endloop
  endfacet
  facet normal -0.997618 0.0285034 -0.0628125
    outer loop
      vertex 60.5 34.5 37.5
      vertex 61.4566 69.5 38.1893
      vertex 61.5 69.5 37.5
    endloop
  endfacet
  facet normal -0.997618 0.0285034 -0.0628125
    outer loop
      vertex 61.4566 69.5 38.1893
      vertex 60.5 34.5 37.5
      vertex 60.4566 34.5 38.1893
    endloop
  endfacet
  facet normal -0.995437 -0.015927 0.0940778
    outer loop
      vertex 61.4026 70.5 4.46941
      vertex 60.5 133 5.5
      vertex 60.4026 133 4.46941
    endloop
  endfacet
  facet normal -0.995437 -0.015927 0.0940778
    outer loop
      vertex 60.5 133 5.5
      vertex 61.4026 70.5 4.46941
      vertex 61.5 70.5 5.5
    endloop
  endfacet
  facet normal -1 0 0
    outer loop
      vertex 61.5 69.5 5.5
      vertex 61.5 70.5 37.5
      vertex 61.5 70.5 5.5
    endloop
  endfacet
  facet normal -1 -0 0
    outer loop
      vertex 61.5 70.5 37.5
      vertex 61.5 69.5 5.5
      vertex 61.5 69.5 37.5
    endloop
  endfacet
  facet normal -0.770308 0.0220088 -0.637292
    outer loop
      vertex 59.4496 34.5 40.7328
      vertex 60.0093 69.5 41.265
      vertex 60.4496 69.5 40.7328
    endloop
  endfacet
  facet normal -0.770308 0.0220088 -0.637292
    outer loop
      vertex 60.0093 69.5 41.265
      vertex 59.4496 34.5 40.7328
      vertex 59.0093 34.5 41.265
    endloop
  endfacet
  facet normal -0.841299 0.0847174 -0.53389
    outer loop
      vertex 57.9496 7 38.7328
      vertex 59.8197 34.5 40.1496
      vertex 58.3197 7 38.1496
    endloop
  endfacet
  facet normal -0.841299 0.0847174 -0.53389
    outer loop
      vertex 59.8197 34.5 40.1496
      vertex 57.9496 7 38.7328
      vertex 59.4496 34.5 40.7328
    endloop
  endfacet
  facet normal -0.684402 0.0195544 -0.728842
    outer loop
      vertex 59.0093 34.5 41.265
      vertex 59.5058 69.5 41.7378
      vertex 60.0093 69.5 41.265
    endloop
  endfacet
  facet normal -0.684402 0.0195544 -0.728842
    outer loop
      vertex 59.5058 69.5 41.7378
      vertex 59.0093 34.5 41.265
      vertex 58.5058 34.5 41.7378
    endloop
  endfacet
  facet normal -0.587862 0 -0.808961
    outer loop
      vertex 58.9471 69.5 42.1438
      vertex 59.5058 70.5 41.7378
      vertex 59.5058 69.5 41.7378
    endloop
  endfacet
  facet normal -0.587862 0 -0.808961
    outer loop
      vertex 59.5058 70.5 41.7378
      vertex 58.9471 69.5 42.1438
      vertex 58.9471 70.5 42.1438
    endloop
  endfacet
  facet normal -0.637044 0.0347479 0.770044
    outer loop
      vertex 58.2328 34.5 1.0504
      vertex 57.265 7 1.49068
      vertex 58.765 34.5 1.49068
    endloop
  endfacet
  facet normal -0.637044 0.0347479 0.770044
    outer loop
      vertex 57.265 7 1.49068
      vertex 58.2328 34.5 1.0504
      vertex 56.7328 7 1.0504
    endloop
  endfacet
  facet normal -0.968457 -0.0154953 0.248697
    outer loop
      vertex 61.2308 70.5 3.8004
      vertex 60.4026 133 4.46941
      vertex 60.2308 133 3.8004
    endloop
  endfacet
  facet normal -0.968457 -0.0154953 0.248697
    outer loop
      vertex 60.4026 133 4.46941
      vertex 61.2308 70.5 3.8004
      vertex 61.4026 70.5 4.46941
    endloop
  endfacet
  facet normal -0.637323 0.0182092 0.770381
    outer loop
      vertex 59.2328 69.5 1.0504
      vertex 58.765 34.5 1.49068
      vertex 59.765 69.5 1.49068
    endloop
  endfacet
  facet normal -0.637323 0.0182092 0.770381
    outer loop
      vertex 58.765 34.5 1.49068
      vertex 59.2328 69.5 1.0504
      vertex 58.2328 34.5 1.0504
    endloop
  endfacet
  facet normal -0.308972 0.016853 0.950922
    outer loop
      vertex 56.3678 34.5 0.172791
      vertex 55.5247 7 0.38623
      vertex 57.0247 34.5 0.38623
    endloop
  endfacet
  facet normal -0.308972 0.016853 0.950922
    outer loop
      vertex 55.5247 7 0.38623
      vertex 56.3678 34.5 0.172791
      vertex 54.8678 7 0.172791
    endloop
  endfacet
  facet normal -0.425697 0.0232198 0.904568
    outer loop
      vertex 57.0247 34.5 0.38623
      vertex 56.1496 7 0.680313
      vertex 57.6496 34.5 0.680313
    endloop
  endfacet
  facet normal -0.425697 0.0232198 0.904568
    outer loop
      vertex 56.1496 7 0.680313
      vertex 57.0247 34.5 0.38623
      vertex 55.5247 7 0.38623
    endloop
  endfacet
  facet normal -0.248724 0.00710641 -0.968548
    outer loop
      vertex 56.6996 34.5 42.7308
      vertex 57.0306 69.5 42.9026
      vertex 57.6996 69.5 42.7308
    endloop
  endfacet
  facet normal -0.248724 0.00710641 -0.968548
    outer loop
      vertex 57.0306 69.5 42.9026
      vertex 56.6996 34.5 42.7308
      vertex 56.0306 34.5 42.9026
    endloop
  endfacet
  facet normal -0.0938072 0.0773047 -0.992585
    outer loop
      vertex 54.5306 7 40.9026
      vertex 55 34.5 43
      vertex 56.0306 34.5 42.9026
    endloop
  endfacet
  facet normal -0.0938072 0.0773047 -0.992585
    outer loop
      vertex 55 34.5 43
      vertex 54.5306 7 40.9026
      vertex 53.5 7 41
    endloop
  endfacet
  facet normal -0.587779 0.0167937 -0.808847
    outer loop
      vertex 58.5058 34.5 41.7378
      vertex 58.9471 69.5 42.1438
      vertex 59.5058 69.5 41.7378
    endloop
  endfacet
  facet normal -0.587779 0.0167937 -0.808847
    outer loop
      vertex 58.9471 69.5 42.1438
      vertex 58.5058 34.5 41.7378
      vertex 57.9471 34.5 42.1438
    endloop
  endfacet
  facet normal 0 1 -0
    outer loop
      vertex 48.6872 7 28.4974
      vertex 48.6 7 31.75
      vertex 59 7 35.5
    endloop
  endfacet
  facet normal 0 1 0
    outer loop
      vertex 48.6 7 31.75
      vertex 48.6096 7 28.7363
      vertex 48.6 7 28.7566
    endloop
  endfacet
  facet normal 0 1 0
    outer loop
      vertex 48.6 7 31.75
      vertex 48.6872 7 28.4974
      vertex 48.6096 7 28.7363
    endloop
  endfacet
  facet normal 0 1 0
    outer loop
      vertex 59 7 35.5
      vertex 48.7342 7 28.2507
      vertex 48.6872 7 28.4974
    endloop
  endfacet
  facet normal 0 1 0
    outer loop
      vertex 59 7 35.5
      vertex 48.75 7 28
      vertex 48.7342 7 28.2507
    endloop
  endfacet
  facet normal 0 1 0
    outer loop
      vertex 59 7 35.5
      vertex 48.75 7 20
      vertex 48.75 7 28
    endloop
  endfacet
  facet normal 0 1 -0
    outer loop
      vertex 59 7 5.5
      vertex 48.75 7 20
      vertex 59 7 35.5
    endloop
  endfacet
  facet normal 0 1 0
    outer loop
      vertex 48.75 7 20
      vertex 59 7 5.5
      vertex 48.7146 7 19.6252
    endloop
  endfacet
  facet normal -0 1 0
    outer loop
      vertex 48.6 7 16.25
      vertex 48.7146 7 19.6252
      vertex 59 7 5.5
    endloop
  endfacet
  facet normal 0 1 0
    outer loop
      vertex 48.7146 7 19.6252
      vertex 48.6 7 16.25
      vertex 48.6521 7 19.382
    endloop
  endfacet
  facet normal 0 1 0
    outer loop
      vertex 48.6521 7 19.382
      vertex 48.6 7 16.25
      vertex 48.6 7 19.2504
    endloop
  endfacet
  facet normal 0 1 -0
    outer loop
      vertex 53.5 7 0
      vertex 48.6 7 16.25
      vertex 59 7 5.5
    endloop
  endfacet
  facet normal 0 1 0
    outer loop
      vertex 53.5 7 0
      vertex 59 7 5.5
      vertex 58.9026 7 4.46941
    endloop
  endfacet
  facet normal 0 1 0
    outer loop
      vertex 53.5 7 0
      vertex 58.9026 7 4.46941
      vertex 58.7308 7 3.8004
    endloop
  endfacet
  facet normal 0 1 0
    outer loop
      vertex 53.5 7 0
      vertex 58.7308 7 3.8004
      vertex 58.4765 7 3.15822
    endloop
  endfacet
  facet normal 0 1 0
    outer loop
      vertex 53.5 7 0
      vertex 58.4765 7 3.15822
      vertex 58.1438 7 2.55295
    endloop
  endfacet
  facet normal 0 1 0
    outer loop
      vertex 53.5 7 0
      vertex 58.1438 7 2.55295
      vertex 57.7378 7 1.99417
    endloop
  endfacet
  facet normal 0 1 0
    outer loop
      vertex 53.5 7 0
      vertex 57.7378 7 1.99417
      vertex 57.265 7 1.49068
    endloop
  endfacet
  facet normal 0 1 0
    outer loop
      vertex 53.5 7 0
      vertex 57.265 7 1.49068
      vertex 56.7328 7 1.0504
    endloop
  endfacet
  facet normal 0 1 0
    outer loop
      vertex 53.5 7 0
      vertex 56.7328 7 1.0504
      vertex 56.1496 7 0.680313
    endloop
  endfacet
  facet normal 0 1 0
    outer loop
      vertex 53.5 7 0
      vertex 56.1496 7 0.680313
      vertex 55.5247 7 0.38623
    endloop
  endfacet
  facet normal 0 1 0
    outer loop
      vertex 53.5 7 0
      vertex 55.5247 7 0.38623
      vertex 54.8678 7 0.172791
    endloop
  endfacet
  facet normal 0 1 0
    outer loop
      vertex 53.5 7 0
      vertex 54.8678 7 0.172791
      vertex 54.1893 7 0.0433655
    endloop
  endfacet
  facet normal 0 1 0
    outer loop
      vertex 32 7 0
      vertex 48.6 7 16.25
      vertex 53.5 7 0
    endloop
  endfacet
  facet normal 0 1 0
    outer loop
      vertex 48.6 7 16.25
      vertex 32 7 0
      vertex 32 7 16.25
    endloop
  endfacet
  facet normal 0 1 0
    outer loop
      vertex 55.1996 7 40.7308
      vertex 53.5 7 41
      vertex 54.5306 7 40.9026
    endloop
  endfacet
  facet normal 0 1 0
    outer loop
      vertex 55.8418 7 40.4765
      vertex 53.5 7 41
      vertex 55.1996 7 40.7308
    endloop
  endfacet
  facet normal 0 1 0
    outer loop
      vertex 56.4471 7 40.1438
      vertex 53.5 7 41
      vertex 55.8418 7 40.4765
    endloop
  endfacet
  facet normal 0 1 0
    outer loop
      vertex 57.0058 7 39.7378
      vertex 53.5 7 41
      vertex 56.4471 7 40.1438
    endloop
  endfacet
  facet normal 0 1 0
    outer loop
      vertex 57.5093 7 39.265
      vertex 53.5 7 41
      vertex 57.0058 7 39.7378
    endloop
  endfacet
  facet normal 0 1 0
    outer loop
      vertex 57.9496 7 38.7328
      vertex 53.5 7 41
      vertex 57.5093 7 39.265
    endloop
  endfacet
  facet normal 0 1 0
    outer loop
      vertex 58.3197 7 38.1496
      vertex 53.5 7 41
      vertex 57.9496 7 38.7328
    endloop
  endfacet
  facet normal 0 1 0
    outer loop
      vertex 58.6138 7 37.5247
      vertex 53.5 7 41
      vertex 58.3197 7 38.1496
    endloop
  endfacet
  facet normal 0 1 0
    outer loop
      vertex 58.8272 7 36.8678
      vertex 53.5 7 41
      vertex 58.6138 7 37.5247
    endloop
  endfacet
  facet normal 0 1 0
    outer loop
      vertex 58.9566 7 36.1893
      vertex 53.5 7 41
      vertex 58.8272 7 36.8678
    endloop
  endfacet
  facet normal 0 1 0
    outer loop
      vertex 59 7 35.5
      vertex 53.5 7 41
      vertex 58.9566 7 36.1893
    endloop
  endfacet
  facet normal 0 1 0
    outer loop
      vertex 53.5 7 41
      vertex 59 7 35.5
      vertex 48.6 7 31.75
    endloop
  endfacet
  facet normal 0 1 0
    outer loop
      vertex 53.5 7 41
      vertex 48.6 7 31.75
      vertex 46.1 7 31.75
    endloop
  endfacet
  facet normal 0 1 0
    outer loop
      vertex 53.5 7 41
      vertex 46.1 7 31.75
      vertex 32 7 41
    endloop
  endfacet
  facet normal 0 1 0
    outer loop
      vertex 32 7 30
      vertex 46.1 7 31.75
      vertex 46.1 7 30
    endloop
  endfacet
  facet normal 0 1 0
    outer loop
      vertex 46.1 7 31.75
      vertex 32 7 30
      vertex 32 7 41
    endloop
  endfacet
  facet normal 0 1 -0
    outer loop
      vertex 46.1 7 17.25
      vertex 32 7 18
      vertex 46.1 7 18
    endloop
  endfacet
  facet normal 0 1 0
    outer loop
      vertex 32 7 18
      vertex 46.1 7 17.25
      vertex 32 7 17.25
    endloop
  endfacet
  facet normal -0.999592 0.0285598 0
    outer loop
      vertex 60.5 34.5 5.5
      vertex 61.5 69.5 37.5
      vertex 61.5 69.5 5.5
    endloop
  endfacet
  facet normal -0.999592 0.0285598 0
    outer loop
      vertex 61.5 69.5 37.5
      vertex 60.5 34.5 5.5
      vertex 60.5 34.5 37.5
    endloop
  endfacet
  facet normal -0.980085 0.0670531 -0.186917
    outer loop
      vertex 58.8272 7 36.8678
      vertex 60.4566 34.5 38.1893
      vertex 58.9566 7 36.1893
    endloop
  endfacet
  facet normal -0.980085 0.0670531 -0.186917
    outer loop
      vertex 60.4566 34.5 38.1893
      vertex 58.8272 7 36.8678
      vertex 60.3272 34.5 38.8678
    endloop
  endfacet
  facet normal -0.681756 0.0899884 -0.726024
    outer loop
      vertex 57.5093 7 39.265
      vertex 58.5058 34.5 41.7378
      vertex 59.0093 34.5 41.265
    endloop
  endfacet
  facet normal -0.681756 0.0899884 -0.726024
    outer loop
      vertex 58.5058 34.5 41.7378
      vertex 57.5093 7 39.265
      vertex 57.0058 7 39.7378
    endloop
  endfacet
  facet normal -0.994099 0.0542236 0.0939513
    outer loop
      vertex 58.9026 7 4.46941
      vertex 60.5 34.5 5.5
      vertex 60.4026 34.5 4.46941
    endloop
  endfacet
  facet normal -0.994099 0.0542236 0.0939513
    outer loop
      vertex 60.5 34.5 5.5
      vertex 58.9026 7 4.46941
      vertex 59 7 5.5
    endloop
  endfacet
  facet normal -0.997904 -0.0159666 -0.0627031
    outer loop
      vertex 61.5 70.5 37.5
      vertex 60.7211 116.474 38.1893
      vertex 60.7567 116.956 37.5
    endloop
  endfacet
  facet normal -0.997897 -0.0159645 -0.06283
    outer loop
      vertex 60.7211 116.474 38.1893
      vertex 61.5 70.5 37.5
      vertex 61.4566 70.5 38.1893
    endloop
  endfacet
  facet normal -0.95098 -0.015216 -0.308877
    outer loop
      vertex 61.3272 70.5 38.8678
      vertex 60.3932 115.539 39.5247
      vertex 60.5992 115.999 38.8678
    endloop
  endfacet
  facet normal -0.950963 -0.0152149 -0.308929
    outer loop
      vertex 60.3932 115.539 39.5247
      vertex 61.3272 70.5 38.8678
      vertex 61.1138 70.5 39.5247
    endloop
  endfacet
  facet normal -0.770459 -0.0123276 -0.63737
    outer loop
      vertex 60.4496 70.5 40.7328
      vertex 59.3082 114.32 41.265
      vertex 59.7425 114.693 40.7328
    endloop
  endfacet
  facet normal -0.770436 -0.0123266 -0.637398
    outer loop
      vertex 59.3082 114.32 41.265
      vertex 60.4496 70.5 40.7328
      vertex 60.0093 70.5 41.265
    endloop
  endfacet
  facet normal -0.904802 0 -0.425832
    outer loop
      vertex 61.1138 69.5 39.5247
      vertex 60.8197 70.5 40.1496
      vertex 61.1138 70.5 39.5247
    endloop
  endfacet
  facet normal -0.904802 -0 -0.425832
    outer loop
      vertex 60.8197 70.5 40.1496
      vertex 61.1138 69.5 39.5247
      vertex 60.8197 69.5 40.1496
    endloop
  endfacet
  facet normal -0.844334 0 -0.535817
    outer loop
      vertex 60.8197 69.5 40.1496
      vertex 60.4496 70.5 40.7328
      vertex 60.8197 70.5 40.1496
    endloop
  endfacet
  facet normal -0.844334 -0 -0.535817
    outer loop
      vertex 60.4496 70.5 40.7328
      vertex 60.8197 69.5 40.1496
      vertex 60.4496 69.5 40.7328
    endloop
  endfacet
  facet normal -0.950722 0.0271635 -0.308851
    outer loop
      vertex 60.3272 34.5 38.8678
      vertex 61.1138 69.5 39.5247
      vertex 61.3272 69.5 38.8678
    endloop
  endfacet
  facet normal -0.950722 0.0271635 -0.308851
    outer loop
      vertex 61.1138 69.5 39.5247
      vertex 60.3272 34.5 38.8678
      vertex 60.1138 34.5 39.5247
    endloop
  endfacet
  facet normal -0.951073 0 -0.308965
    outer loop
      vertex 61.3272 69.5 38.8678
      vertex 61.1138 70.5 39.5247
      vertex 61.3272 70.5 38.8678
    endloop
  endfacet
  facet normal -0.951073 -0 -0.308965
    outer loop
      vertex 61.1138 70.5 39.5247
      vertex 61.3272 69.5 38.8678
      vertex 61.1138 69.5 39.5247
    endloop
  endfacet
  facet normal -0.767503 0.0880435 -0.634971
    outer loop
      vertex 57.5093 7 39.265
      vertex 59.4496 34.5 40.7328
      vertex 57.9496 7 38.7328
    endloop
  endfacet
  facet normal -0.767503 0.0880435 -0.634971
    outer loop
      vertex 59.4496 34.5 40.7328
      vertex 57.5093 7 39.265
      vertex 59.0093 34.5 41.265
    endloop
  endfacet
  facet normal -0.684533 0 -0.728982
    outer loop
      vertex 59.5058 69.5 41.7378
      vertex 60.0093 70.5 41.265
      vertex 60.0093 69.5 41.265
    endloop
  endfacet
  facet normal -0.684533 0 -0.728982
    outer loop
      vertex 60.0093 70.5 41.265
      vertex 59.5058 69.5 41.7378
      vertex 59.5058 70.5 41.7378
    endloop
  endfacet
  facet normal -0.876251 -0.01402 0.481651
    outer loop
      vertex 60.6438 70.5 2.55295
      vertex 59.9765 133 3.15822
      vertex 59.6438 133 2.55295
    endloop
  endfacet
  facet normal -0.876251 -0.01402 0.481651
    outer loop
      vertex 59.9765 133 3.15822
      vertex 60.6438 70.5 2.55295
      vertex 60.9765 70.5 3.15822
    endloop
  endfacet
  facet normal -0.425812 0 0.904812
    outer loop
      vertex 58.0247 70.5 0.38623
      vertex 58.6496 69.5 0.680313
      vertex 58.6496 70.5 0.680313
    endloop
  endfacet
  facet normal -0.425812 0 0.904812
    outer loop
      vertex 58.6496 69.5 0.680313
      vertex 58.0247 70.5 0.38623
      vertex 58.0247 69.5 0.38623
    endloop
  endfacet
  facet normal -0.18737 -0.00265216 0.982286
    outer loop
      vertex 57.3678 70.5 0.172791
      vertex 56.6887 70.5415 0.0433655
      vertex 56.6893 70.5 0.0433679
    endloop
  endfacet
  facet normal -0.18739 -0.00299824 0.982281
    outer loop
      vertex 56.3678 133 0.172791
      vertex 56.6887 70.5415 0.0433655
      vertex 57.3678 70.5 0.172791
    endloop
  endfacet
  facet normal -0.187373 -0.00299816 0.982284
    outer loop
      vertex 56.6887 70.5415 0.0433655
      vertex 56.3678 133 0.172791
      vertex 55.6893 133 0.0433655
    endloop
  endfacet
  facet normal -0.637396 -0.0101983 0.770469
    outer loop
      vertex 58.765 133 1.49068
      vertex 59.2328 70.5 1.0504
      vertex 59.765 70.5 1.49068
    endloop
  endfacet
  facet normal -0.637396 -0.0101983 0.770469
    outer loop
      vertex 59.2328 70.5 1.0504
      vertex 58.765 133 1.49068
      vertex 58.2328 133 1.0504
    endloop
  endfacet
  facet normal -0.968574 0 0.248727
    outer loop
      vertex 61.2308 69.5 3.8004
      vertex 61.4026 70.5 4.46941
      vertex 61.2308 70.5 3.8004
    endloop
  endfacet
  facet normal -0.968574 0 0.248727
    outer loop
      vertex 61.4026 70.5 4.46941
      vertex 61.2308 69.5 3.8004
      vertex 61.4026 69.5 4.46941
    endloop
  endfacet
  facet normal -0.995564 0 0.0940897
    outer loop
      vertex 61.4026 69.5 4.46941
      vertex 61.5 70.5 5.5
      vertex 61.4026 70.5 4.46941
    endloop
  endfacet
  facet normal -0.995564 0 0.0940897
    outer loop
      vertex 61.5 70.5 5.5
      vertex 61.4026 69.5 4.46941
      vertex 61.5 69.5 5.5
    endloop
  endfacet
  facet normal -0.875338 0.0477457 0.481149
    outer loop
      vertex 58.1438 7 2.55295
      vertex 59.9765 34.5 3.15822
      vertex 59.6438 34.5 2.55295
    endloop
  endfacet
  facet normal -0.875338 0.0477457 0.481149
    outer loop
      vertex 59.9765 34.5 3.15822
      vertex 58.1438 7 2.55295
      vertex 58.4765 7 3.15822
    endloop
  endfacet
  facet normal -0.876337 0 0.481698
    outer loop
      vertex 60.6438 69.5 2.55295
      vertex 60.9765 70.5 3.15822
      vertex 60.6438 70.5 2.55295
    endloop
  endfacet
  facet normal -0.876337 0 0.481698
    outer loop
      vertex 60.9765 70.5 3.15822
      vertex 60.6438 69.5 2.55295
      vertex 60.9765 69.5 3.15822
    endloop
  endfacet
  facet normal -0.728399 0.0397309 0.684
    outer loop
      vertex 57.265 7 1.49068
      vertex 59.2378 34.5 1.99417
      vertex 58.765 34.5 1.49068
    endloop
  endfacet
  facet normal -0.728399 0.0397309 0.684
    outer loop
      vertex 59.2378 34.5 1.99417
      vertex 57.265 7 1.49068
      vertex 57.7378 7 1.99417
    endloop
  endfacet
  facet normal -0.309004 0.00882868 0.95102
    outer loop
      vertex 57.3678 69.5 0.172791
      vertex 57.0247 34.5 0.38623
      vertex 58.0247 69.5 0.38623
    endloop
  endfacet
  facet normal -0.309004 0.00882868 0.95102
    outer loop
      vertex 57.0247 34.5 0.38623
      vertex 57.3678 69.5 0.172791
      vertex 56.3678 34.5 0.172791
    endloop
  endfacet
  facet normal -0.535574 0.0292131 0.843983
    outer loop
      vertex 57.6496 34.5 0.680313
      vertex 56.7328 7 1.0504
      vertex 58.2328 34.5 1.0504
    endloop
  endfacet
  facet normal -0.535574 0.0292131 0.843983
    outer loop
      vertex 56.7328 7 1.0504
      vertex 57.6496 34.5 0.680313
      vertex 56.1496 7 0.680313
    endloop
  endfacet
  facet normal -0.0940887 -0.00150546 -0.995563
    outer loop
      vertex 55.3183 113.105 43
      vertex 57.0306 70.5 42.9026
      vertex 56 70.5 43
    endloop
  endfacet
  facet normal -0.0940883 -0.00150545 -0.995563
    outer loop
      vertex 57.0306 70.5 42.9026
      vertex 55.3183 113.105 43
      vertex 56.3478 113.174 42.9026
    endloop
  endfacet
  facet normal -0.0940888 0 -0.995564
    outer loop
      vertex 56 69.5 43
      vertex 57.0306 70.5 42.9026
      vertex 57.0306 69.5 42.9026
    endloop
  endfacet
  facet normal -0.0940888 0 -0.995564
    outer loop
      vertex 57.0306 70.5 42.9026
      vertex 56 69.5 43
      vertex 56 70.5 43
    endloop
  endfacet
  facet normal -0.248731 0 -0.968573
    outer loop
      vertex 57.0306 69.5 42.9026
      vertex 57.6996 70.5 42.7308
      vertex 57.6996 69.5 42.7308
    endloop
  endfacet
  facet normal -0.248731 0 -0.968573
    outer loop
      vertex 57.6996 70.5 42.7308
      vertex 57.0306 69.5 42.9026
      vertex 57.0306 70.5 42.9026
    endloop
  endfacet
  facet normal -0.247858 0.0837139 -0.965173
    outer loop
      vertex 55.1996 7 40.7308
      vertex 56.0306 34.5 42.9026
      vertex 56.6996 34.5 42.7308
    endloop
  endfacet
  facet normal -0.247858 0.0837139 -0.965173
    outer loop
      vertex 56.0306 34.5 42.9026
      vertex 55.1996 7 40.7308
      vertex 54.5306 7 40.9026
    endloop
  endfacet
  facet normal -0.48168 0 -0.876347
    outer loop
      vertex 58.3418 69.5 42.4765
      vertex 58.9471 70.5 42.1438
      vertex 58.9471 69.5 42.1438
    endloop
  endfacet
  facet normal -0.48168 0 -0.876347
    outer loop
      vertex 58.9471 70.5 42.1438
      vertex 58.3418 69.5 42.4765
      vertex 58.3418 70.5 42.4765
    endloop
  endfacet
  facet normal -0.47974 0.0896454 -0.872819
    outer loop
      vertex 56.4471 7 40.1438
      vertex 57.3418 34.5 42.4765
      vertex 57.9471 34.5 42.1438
    endloop
  endfacet
  facet normal -0.47974 0.0896454 -0.872819
    outer loop
      vertex 57.3418 34.5 42.4765
      vertex 56.4471 7 40.1438
      vertex 55.8418 7 40.4765
    endloop
  endfacet
  facet normal 0 0 -1
    outer loop
      vertex 32 34.5 43
      vertex 56 70.5 43
      vertex 56 69.5 43
    endloop
  endfacet
  facet normal 0 0 -1
    outer loop
      vertex 32 34.5 43
      vertex 56 69.5 43
      vertex 55 34.5 43
    endloop
  endfacet
  facet normal -0 0 -1
    outer loop
      vertex 56 70.5 43
      vertex 32 34.5 43
      vertex 32 113.105 43
    endloop
  endfacet
  facet normal 0 0 -1
    outer loop
      vertex 56 70.5 43
      vertex 32 113.105 43
      vertex 55.3183 113.105 43
    endloop
  endfacet
  facet normal -0.901898 0.0800646 -0.424465
    outer loop
      vertex 58.3197 7 38.1496
      vertex 60.1138 34.5 39.5247
      vertex 58.6138 7 37.5247
    endloop
  endfacet
  facet normal -0.901898 0.0800646 -0.424465
    outer loop
      vertex 60.1138 34.5 39.5247
      vertex 58.3197 7 38.1496
      vertex 59.8197 34.5 40.1496
    endloop
  endfacet
  facet normal -0.770495 0 -0.637446
    outer loop
      vertex 60.4496 69.5 40.7328
      vertex 60.0093 70.5 41.265
      vertex 60.4496 70.5 40.7328
    endloop
  endfacet
  facet normal -0.770495 -0 -0.637446
    outer loop
      vertex 60.0093 70.5 41.265
      vertex 60.4496 69.5 40.7328
      vertex 60.0093 69.5 41.265
    endloop
  endfacet
  facet normal -0.425802 -0.00681283 0.904791
    outer loop
      vertex 57.6496 133 0.680313
      vertex 58.0247 70.5 0.38623
      vertex 58.6496 70.5 0.680313
    endloop
  endfacet
  facet normal -0.425802 -0.00681283 0.904791
    outer loop
      vertex 58.0247 70.5 0.38623
      vertex 57.6496 133 0.680313
      vertex 57.0247 133 0.38623
    endloop
  endfacet
  facet normal -0.187371 0 0.982289
    outer loop
      vertex 56.6893 70.5 0.0433679
      vertex 57.3678 69.5 0.172791
      vertex 57.3678 70.5 0.172791
    endloop
  endfacet
  facet normal -0.187371 0 0.982289
    outer loop
      vertex 57.3678 69.5 0.172791
      vertex 56.6893 70.5 0.0433679
      vertex 56.6893 69.5 0.0433679
    endloop
  endfacet
  facet normal -0.309016 0 0.951057
    outer loop
      vertex 57.3678 70.5 0.172791
      vertex 58.0247 69.5 0.38623
      vertex 58.0247 70.5 0.38623
    endloop
  endfacet
  facet normal -0.309016 0 0.951057
    outer loop
      vertex 58.0247 69.5 0.38623
      vertex 57.3678 70.5 0.172791
      vertex 57.3678 69.5 0.172791
    endloop
  endfacet
  facet normal -0.535803 0 0.844343
    outer loop
      vertex 58.6496 70.5 0.680313
      vertex 59.2328 69.5 1.0504
      vertex 59.2328 70.5 1.0504
    endloop
  endfacet
  facet normal -0.535803 0 0.844343
    outer loop
      vertex 59.2328 69.5 1.0504
      vertex 58.6496 70.5 0.680313
      vertex 58.6496 69.5 0.680313
    endloop
  endfacet
  facet normal -0.929755 0 0.368178
    outer loop
      vertex 60.9765 69.5 3.15822
      vertex 61.2308 70.5 3.8004
      vertex 60.9765 70.5 3.15822
    endloop
  endfacet
  facet normal -0.929755 0 0.368178
    outer loop
      vertex 61.2308 70.5 3.8004
      vertex 60.9765 69.5 3.15822
      vertex 61.2308 69.5 3.8004
    endloop
  endfacet
  facet normal -0.929652 -0.0148744 0.368138
    outer loop
      vertex 60.9765 70.5 3.15822
      vertex 60.2308 133 3.8004
      vertex 59.9765 133 3.15822
    endloop
  endfacet
  facet normal -0.929652 -0.0148744 0.368138
    outer loop
      vertex 60.2308 133 3.8004
      vertex 60.9765 70.5 3.15822
      vertex 61.2308 70.5 3.8004
    endloop
  endfacet
  facet normal -0.929427 0.0265551 0.368048
    outer loop
      vertex 59.9765 34.5 3.15822
      vertex 61.2308 69.5 3.8004
      vertex 60.9765 69.5 3.15822
    endloop
  endfacet
  facet normal -0.929427 0.0265551 0.368048
    outer loop
      vertex 61.2308 69.5 3.8004
      vertex 59.9765 34.5 3.15822
      vertex 60.2308 34.5 3.8004
    endloop
  endfacet
  facet normal -0.928562 0.0506488 0.367706
    outer loop
      vertex 58.4765 7 3.15822
      vertex 60.2308 34.5 3.8004
      vertex 59.9765 34.5 3.15822
    endloop
  endfacet
  facet normal -0.928562 0.0506488 0.367706
    outer loop
      vertex 60.2308 34.5 3.8004
      vertex 58.4765 7 3.15822
      vertex 58.7308 7 3.8004
    endloop
  endfacet
  facet normal -0.808215 0.0440845 0.587235
    outer loop
      vertex 57.7378 7 1.99417
      vertex 59.6438 34.5 2.55295
      vertex 59.2378 34.5 1.99417
    endloop
  endfacet
  facet normal -0.808215 0.0440845 0.587235
    outer loop
      vertex 59.6438 34.5 2.55295
      vertex 57.7378 7 1.99417
      vertex 58.1438 7 2.55295
    endloop
  endfacet
  facet normal -0.637429 0 0.770509
    outer loop
      vertex 59.2328 70.5 1.0504
      vertex 59.765 69.5 1.49068
      vertex 59.765 70.5 1.49068
    endloop
  endfacet
  facet normal -0.637429 0 0.770509
    outer loop
      vertex 59.765 69.5 1.49068
      vertex 59.2328 70.5 1.0504
      vertex 59.2328 69.5 1.0504
    endloop
  endfacet
  facet normal -0.808785 0.0231082 0.58765
    outer loop
      vertex 59.2378 34.5 1.99417
      vertex 60.6438 69.5 2.55295
      vertex 60.2378 69.5 1.99417
    endloop
  endfacet
  facet normal -0.808785 0.0231082 0.58765
    outer loop
      vertex 60.6438 69.5 2.55295
      vertex 59.2378 34.5 1.99417
      vertex 59.6438 34.5 2.55295
    endloop
  endfacet
  facet normal -0.876063 0.0250304 0.481547
    outer loop
      vertex 59.6438 34.5 2.55295
      vertex 60.9765 69.5 3.15822
      vertex 60.6438 69.5 2.55295
    endloop
  endfacet
  facet normal -0.876063 0.0250304 0.481547
    outer loop
      vertex 60.9765 69.5 3.15822
      vertex 59.6438 34.5 2.55295
      vertex 59.9765 34.5 3.15822
    endloop
  endfacet
  facet normal -0.728817 0.0208233 0.684392
    outer loop
      vertex 58.765 34.5 1.49068
      vertex 60.2378 69.5 1.99417
      vertex 59.765 69.5 1.49068
    endloop
  endfacet
  facet normal -0.728817 0.0208233 0.684392
    outer loop
      vertex 60.2378 69.5 1.99417
      vertex 58.765 34.5 1.49068
      vertex 59.2378 34.5 1.99417
    endloop
  endfacet
  facet normal -0.42578 0.0121651 0.904745
    outer loop
      vertex 58.0247 69.5 0.38623
      vertex 57.6496 34.5 0.680313
      vertex 58.6496 69.5 0.680313
    endloop
  endfacet
  facet normal -0.42578 0.0121651 0.904745
    outer loop
      vertex 57.6496 34.5 0.680313
      vertex 58.0247 69.5 0.38623
      vertex 57.0247 34.5 0.38623
    endloop
  endfacet
  facet normal -0.53574 0.0153069 0.844244
    outer loop
      vertex 58.6496 69.5 0.680313
      vertex 58.2328 34.5 1.0504
      vertex 59.2328 69.5 1.0504
    endloop
  endfacet
  facet normal -0.53574 0.0153069 0.844244
    outer loop
      vertex 58.2328 34.5 1.0504
      vertex 58.6496 69.5 0.680313
      vertex 57.6496 34.5 0.680313
    endloop
  endfacet
  facet normal -0.368162 -0.00589056 -0.929743
    outer loop
      vertex 57.0149 113.294 42.7308
      vertex 58.3418 70.5 42.4765
      vertex 57.6996 70.5 42.7308
    endloop
  endfacet
  facet normal -0.368188 -0.00589141 -0.929733
    outer loop
      vertex 58.3418 70.5 42.4765
      vertex 57.0149 113.294 42.7308
      vertex 57.6542 113.472 42.4765
    endloop
  endfacet
  facet normal -0.248729 -0.00397975 -0.968565
    outer loop
      vertex 56.3478 113.174 42.9026
      vertex 57.6996 70.5 42.7308
      vertex 57.0306 70.5 42.9026
    endloop
  endfacet
  facet normal -0.248722 -0.00397952 -0.968567
    outer loop
      vertex 57.6996 70.5 42.7308
      vertex 56.3478 113.174 42.9026
      vertex 57.0149 113.294 42.7308
    endloop
  endfacet
  facet normal -0.368168 0 -0.929759
    outer loop
      vertex 57.6996 69.5 42.7308
      vertex 58.3418 70.5 42.4765
      vertex 58.3418 69.5 42.4765
    endloop
  endfacet
  facet normal -0.368168 0 -0.929759
    outer loop
      vertex 58.3418 70.5 42.4765
      vertex 57.6996 69.5 42.7308
      vertex 57.6996 70.5 42.7308
    endloop
  endfacet
  facet normal -0.481634 0.013761 -0.876264
    outer loop
      vertex 57.9471 34.5 42.1438
      vertex 58.3418 69.5 42.4765
      vertex 58.9471 69.5 42.1438
    endloop
  endfacet
  facet normal -0.481634 0.013761 -0.876264
    outer loop
      vertex 58.3418 69.5 42.4765
      vertex 57.9471 34.5 42.1438
      vertex 57.3418 34.5 42.4765
    endloop
  endfacet
  facet normal -0.366761 0.0873654 -0.926204
    outer loop
      vertex 55.8418 7 40.4765
      vertex 56.6996 34.5 42.7308
      vertex 57.3418 34.5 42.4765
    endloop
  endfacet
  facet normal -0.366761 0.0873654 -0.926204
    outer loop
      vertex 56.6996 34.5 42.7308
      vertex 55.8418 7 40.4765
      vertex 55.1996 7 40.7308
    endloop
  endfacet
  facet normal -0.585448 0.0905255 -0.80564
    outer loop
      vertex 57.0058 7 39.7378
      vertex 57.9471 34.5 42.1438
      vertex 58.5058 34.5 41.7378
    endloop
  endfacet
  facet normal -0.585448 0.0905255 -0.80564
    outer loop
      vertex 57.9471 34.5 42.1438
      vertex 57.0058 7 39.7378
      vertex 56.4471 7 40.1438
    endloop
  endfacet
  facet normal -0.948456 0.0741423 -0.308115
    outer loop
      vertex 58.6138 7 37.5247
      vertex 60.3272 34.5 38.8678
      vertex 58.8272 7 36.8678
    endloop
  endfacet
  facet normal -0.948456 0.0741423 -0.308115
    outer loop
      vertex 60.3272 34.5 38.8678
      vertex 58.6138 7 37.5247
      vertex 60.1138 34.5 39.5247
    endloop
  endfacet
  facet normal -0.904703 -0.0144748 -0.425796
    outer loop
      vertex 61.1138 70.5 39.5247
      vertex 60.1061 115.101 40.1496
      vertex 60.3932 115.539 39.5247
    endloop
  endfacet
  facet normal -0.904708 -0.014475 -0.425787
    outer loop
      vertex 60.1061 115.101 40.1496
      vertex 61.1138 70.5 39.5247
      vertex 60.8197 70.5 40.1496
    endloop
  endfacet
  facet normal -0.844089 0.0241168 -0.535661
    outer loop
      vertex 59.8197 34.5 40.1496
      vertex 60.4496 69.5 40.7328
      vertex 60.8197 69.5 40.1496
    endloop
  endfacet
  facet normal -0.844089 0.0241168 -0.535661
    outer loop
      vertex 60.4496 69.5 40.7328
      vertex 59.8197 34.5 40.1496
      vertex 59.4496 34.5 40.7328
    endloop
  endfacet
  facet normal -0.587836 -0.00940564 -0.808926
    outer loop
      vertex 58.2558 113.705 42.1438
      vertex 59.5058 70.5 41.7378
      vertex 58.9471 70.5 42.1438
    endloop
  endfacet
  facet normal -0.587806 -0.00940456 -0.808948
    outer loop
      vertex 59.5058 70.5 41.7378
      vertex 58.2558 113.705 42.1438
      vertex 58.81 113.989 41.7378
    endloop
  endfacet
  facet normal -0.684492 -0.0109515 -0.728938
    outer loop
      vertex 58.81 113.989 41.7378
      vertex 60.0093 70.5 41.265
      vertex 59.5058 70.5 41.7378
    endloop
  endfacet
  facet normal -0.684495 -0.0109516 -0.728935
    outer loop
      vertex 60.0093 70.5 41.265
      vertex 58.81 113.989 41.7378
      vertex 59.3082 114.32 41.265
    endloop
  endfacet
  facet normal -0.309012 -0.0049442 0.951045
    outer loop
      vertex 57.0247 133 0.38623
      vertex 57.3678 70.5 0.172791
      vertex 58.0247 70.5 0.38623
    endloop
  endfacet
  facet normal -0.309012 -0.0049442 0.951045
    outer loop
      vertex 57.3678 70.5 0.172791
      vertex 57.0247 133 0.38623
      vertex 56.3678 133 0.172791
    endloop
  endfacet
  facet normal -0.967225 0.0527577 0.248381
    outer loop
      vertex 58.7308 7 3.8004
      vertex 60.4026 34.5 4.46941
      vertex 60.2308 34.5 3.8004
    endloop
  endfacet
  facet normal -0.967225 0.0527577 0.248381
    outer loop
      vertex 60.4026 34.5 4.46941
      vertex 58.7308 7 3.8004
      vertex 58.9026 7 4.46941
    endloop
  endfacet
  facet normal 0 -1 0
    outer loop
      vertex 38.5 133 10
      vertex 32 133 14.15
      vertex 32 133 10
    endloop
  endfacet
  facet normal 0 -1 0
    outer loop
      vertex 48.6 133 10
      vertex 46.05 133 14.5875
      vertex 46.05 133 14.15
    endloop
  endfacet
  facet normal 0 -1 0
    outer loop
      vertex 32 133 14.15
      vertex 38.5 133 10
      vertex 46.05 133 14.15
    endloop
  endfacet
  facet normal 0 -1 0
    outer loop
      vertex 43.6 133 10
      vertex 46.05 133 14.15
      vertex 38.5 133 10
    endloop
  endfacet
  facet normal 0 -1 0
    outer loop
      vertex 48.6 133 10
      vertex 46.05 133 14.15
      vertex 43.6 133 10
    endloop
  endfacet
  facet normal 0 -1 0
    outer loop
      vertex 46.05 133 14.5875
      vertex 48.6 133 10
      vertex 60.5 133 14.5875
    endloop
  endfacet
  facet normal 0 -1 0
    outer loop
      vertex 48.6 133 10
      vertex 60.5 133 5.5
      vertex 60.5 133 14.5875
    endloop
  endfacet
  facet normal 0 -1 0
    outer loop
      vertex 48.6 133 2.5
      vertex 60.5 133 5.5
      vertex 48.6 133 10
    endloop
  endfacet
  facet normal 0 -1 0
    outer loop
      vertex 60.5 133 5.5
      vertex 57.6496 133 0.680313
      vertex 60.4026 133 4.46941
    endloop
  endfacet
  facet normal 0 -1 0
    outer loop
      vertex 60.4026 133 4.46941
      vertex 57.6496 133 0.680313
      vertex 60.2308 133 3.8004
    endloop
  endfacet
  facet normal 0 -1 0
    outer loop
      vertex 60.2308 133 3.8004
      vertex 57.6496 133 0.680313
      vertex 59.9765 133 3.15822
    endloop
  endfacet
  facet normal 0 -1 0
    outer loop
      vertex 60.5 133 5.5
      vertex 48.6 133 2.5
      vertex 57.6496 133 0.680313
    endloop
  endfacet
  facet normal 0 -1 0
    outer loop
      vertex 59.9765 133 3.15822
      vertex 57.6496 133 0.680313
      vertex 59.6438 133 2.55295
    endloop
  endfacet
  facet normal 0 -1 0
    outer loop
      vertex 32 133 0
      vertex 38.5 133 1
      vertex 32 133 1
    endloop
  endfacet
  facet normal 0 -1 0
    outer loop
      vertex 38.5 133 1
      vertex 55 133 0
      vertex 57.6496 133 0.680313
    endloop
  endfacet
  facet normal 0 -1 0
    outer loop
      vertex 57.6496 133 0.680313
      vertex 55 133 0
      vertex 57.0247 133 0.38623
    endloop
  endfacet
  facet normal 0 -1 0
    outer loop
      vertex 57.0247 133 0.38623
      vertex 55 133 0
      vertex 56.3678 133 0.172791
    endloop
  endfacet
  facet normal 0 -1 -0
    outer loop
      vertex 38.5 133 1
      vertex 32 133 0
      vertex 55 133 0
    endloop
  endfacet
  facet normal 0 -1 0
    outer loop
      vertex 56.3678 133 0.172791
      vertex 55 133 0
      vertex 55.6893 133 0.0433655
    endloop
  endfacet
  facet normal 0 -1 0
    outer loop
      vertex 38.5 133 10
      vertex 43.6 133 7.3
      vertex 43.6 133 10
    endloop
  endfacet
  facet normal 0 -1 0
    outer loop
      vertex 43.6 133 7.3
      vertex 43.6 133 5.4
      vertex 46.4 133 7.3
    endloop
  endfacet
  facet normal 0 -1 0
    outer loop
      vertex 38.5 133 10
      vertex 43.6 133 5.4
      vertex 43.6 133 7.3
    endloop
  endfacet
  facet normal 0 -1 0
    outer loop
      vertex 38.5 133 1
      vertex 43.6 133 5.4
      vertex 38.5 133 10
    endloop
  endfacet
  facet normal 0 -1 0
    outer loop
      vertex 38.5 133 1
      vertex 48.6 133 2.5
      vertex 43.6 133 2.5
    endloop
  endfacet
  facet normal 0 -1 0
    outer loop
      vertex 59.6438 133 2.55295
      vertex 57.6496 133 0.680313
      vertex 59.2378 133 1.99417
    endloop
  endfacet
  facet normal 0 -1 0
    outer loop
      vertex 59.2378 133 1.99417
      vertex 57.6496 133 0.680313
      vertex 58.765 133 1.49068
    endloop
  endfacet
  facet normal 0 -1 -0
    outer loop
      vertex 43.6 133 5.4
      vertex 38.5 133 1
      vertex 43.6 133 2.5
    endloop
  endfacet
  facet normal 0 -1 -0
    outer loop
      vertex 48.6 133 2.5
      vertex 38.5 133 1
      vertex 57.6496 133 0.680313
    endloop
  endfacet
  facet normal 0 -1 0
    outer loop
      vertex 58.765 133 1.49068
      vertex 57.6496 133 0.680313
      vertex 58.2328 133 1.0504
    endloop
  endfacet
  facet normal 0 -1 -0
    outer loop
      vertex 46.4 133 7.3
      vertex 43.6 133 5.4
      vertex 46.4 133 5.4
    endloop
  endfacet
  facet normal -0.9045 0.0258429 -0.42569
    outer loop
      vertex 60.1138 34.5 39.5247
      vertex 60.8197 69.5 40.1496
      vertex 61.1138 69.5 39.5247
    endloop
  endfacet
  facet normal -0.9045 0.0258429 -0.42569
    outer loop
      vertex 60.8197 69.5 40.1496
      vertex 60.1138 34.5 39.5247
      vertex 59.8197 34.5 40.1496
    endloop
  endfacet
  facet normal -0.535783 -0.00857253 0.844312
    outer loop
      vertex 58.2328 133 1.0504
      vertex 58.6496 70.5 0.680313
      vertex 59.2328 70.5 1.0504
    endloop
  endfacet
  facet normal -0.535783 -0.00857253 0.844312
    outer loop
      vertex 58.6496 70.5 0.680313
      vertex 58.2328 133 1.0504
      vertex 57.6496 133 0.680313
    endloop
  endfacet
  facet normal -0.0628361 0.918726 0.389865
    outer loop
      vertex 46.0013 101.287 -99.9384
      vertex 44.5643 58.7795 0
      vertex 45.0658 58.8138 0
    endloop
  endfacet
  facet normal -0.0635662 0.918687 0.389838
    outer loop
      vertex 44.5643 58.7795 0
      vertex 46.0013 101.287 -99.9384
      vertex 45.5 101.258 -99.9518
    endloop
  endfacet
  facet normal -1.44794e-05 -0.423108 0.906079
    outer loop
      vertex 32 101.631 -99.8882
      vertex 46.0013 101.329 -100.029
      vertex 46.4948 101.414 -99.9893
    endloop
  endfacet
  facet normal -2.19203e-05 -0.423391 0.905947
    outer loop
      vertex 46.0013 101.329 -100.029
      vertex 32 101.631 -99.8882
      vertex 32 101.582 -99.9111
    endloop
  endfacet
  facet normal -0.0632641 0.905437 0.419739
    outer loop
      vertex 46.0013 101.287 -99.9384
      vertex 46.0013 101.329 -100.029
      vertex 45.5 101.3 -100.042
    endloop
  endfacet
  facet normal 0.000549947 -0.423432 0.905928
    outer loop
      vertex 47.427 101.749 -99.8333
      vertex 48.2382 102.283 -99.5842
      vertex 46.9725 101.555 -99.9237
    endloop
  endfacet
  facet normal 0.00268004 -0.423846 0.90573
    outer loop
      vertex 49.1193 103.382 -99.0717
      vertex 49.3042 103.805 -98.8743
      vertex 48.8773 102.983 -99.2577
    endloop
  endfacet
  facet normal -0.999963 0.00364327 -0.00781312
    outer loop
      vertex 49.5 104.883 -98.2613
      vertex 48.5913 66.1982 0
      vertex 49.5 132.979 -85.1601
    endloop
  endfacet
  facet normal -0.999963 0.00364214 -0.00781356
    outer loop
      vertex 48.5913 66.1982 0
      vertex 49.5 104.883 -98.2613
      vertex 48.5801 63.1232 0
    endloop
  endfacet
  facet normal 0 -0.907432 -0.4202
    outer loop
      vertex 32 136.646 -83.5603
      vertex 45.5 136.604 -83.4696
      vertex 32 136.604 -83.4696
    endloop
  endfacet
  facet normal 0 -0.907432 -0.4202
    outer loop
      vertex 45.5 136.604 -83.4696
      vertex 32 136.646 -83.5603
      vertex 45.5 136.646 -83.5603
    endloop
  endfacet
  facet normal -0.904832 -0.384646 -0.182558
    outer loop
      vertex 49.2191 134.356 -84.6284
      vertex 49.2191 134.313 -84.5378
      vertex 49.0052 134.768 -84.4363
    endloop
  endfacet
  facet normal -0.587103 -0.719131 -0.371699
    outer loop
      vertex 47.6433 136.04 -83.7328
      vertex 47.239 93.0909 0
      vertex 47.1622 93.1536 0
    endloop
  endfacet
  facet normal -0.587935 -0.718592 -0.371427
    outer loop
      vertex 47.239 93.0909 0
      vertex 47.6433 136.04 -83.7328
      vertex 48.0497 135.772 -83.8576
    endloop
  endfacet
  facet normal -0.876319 0.437139 0.202424
    outer loop
      vertex 48.8773 102.983 -99.2577
      vertex 49.1193 103.34 -98.981
      vertex 49.1193 103.382 -99.0717
    endloop
  endfacet
  facet normal -0.876338 0.437021 0.202593
    outer loop
      vertex 49.1193 103.34 -98.981
      vertex 48.8773 102.983 -99.2577
      vertex 48.8773 102.941 -99.1671
    endloop
  endfacet
  facet normal -1.28916e-06 -0.423343 0.90597
    outer loop
      vertex 46.2495 136.582 -83.5902
      vertex 32 136.615 -83.5748
      vertex 32 136.398 -83.6762
    endloop
  endfacet
  facet normal -0.683576 -0.64778 -0.33631
    outer loop
      vertex 48.4159 135.461 -84.0029
      vertex 47.239 93.0909 0
      vertex 48.0497 135.772 -83.8576
    endloop
  endfacet
  facet normal -0.684272 -0.647194 -0.336024
    outer loop
      vertex 47.239 93.0909 0
      vertex 48.4159 135.461 -84.0029
      vertex 47.6038 92.7052 0
    endloop
  endfacet
  facet normal -0.0941099 -0.886883 -0.452308
    outer loop
      vertex 45.5 136.604 -83.4696
      vertex 45.4423 94.0408 0
      vertex 44.6931 94.1203 0
    endloop
  endfacet
  facet normal -0.0938379 -0.886905 -0.45232
    outer loop
      vertex 45.4423 94.0408 0
      vertex 45.5 136.604 -83.4696
      vertex 46.2495 136.54 -83.4996
    endloop
  endfacet
  facet normal -0.368829 -0.843455 -0.390575
    outer loop
      vertex 47.2031 136.301 -83.7212
      vertex 47.2031 136.259 -83.6305
      vertex 46.7361 136.469 -83.643
    endloop
  endfacet
  facet normal -0.999963 0.00364377 -0.00781272
    outer loop
      vertex 48.6767 89.6346 0
      vertex 49.5 132.979 -85.1601
      vertex 48.5913 66.1982 0
    endloop
  endfacet
  facet normal -1 0 0
    outer loop
      vertex 49.5 104.926 -98.3519
      vertex 49.5 132.979 -85.1601
      vertex 49.5 133.021 -85.2507
    endloop
  endfacet
  facet normal -1 0 0
    outer loop
      vertex 49.5 132.979 -85.1601
      vertex 49.5 104.926 -98.3519
      vertex 49.5 104.883 -98.2613
    endloop
  endfacet
  facet normal -0.0635974 0.904707 0.421261
    outer loop
      vertex 46.0013 101.287 -99.9384
      vertex 45.5 101.3 -100.042
      vertex 45.5 101.258 -99.9518
    endloop
  endfacet
  facet normal -1.4455e-05 -0.422583 0.906324
    outer loop
      vertex 32 102.403 -99.5284
      vertex 46.4948 101.414 -99.9893
      vertex 48.8773 102.983 -99.2577
    endloop
  endfacet
  facet normal -2.21941e-06 -0.422435 0.906393
    outer loop
      vertex 46.4948 101.414 -99.9893
      vertex 32 102.403 -99.5284
      vertex 32 101.631 -99.8882
    endloop
  endfacet
  facet normal -0.637154 0.699254 0.324158
    outer loop
      vertex 48.2382 102.283 -99.5842
      vertex 47.8511 101.951 -99.6289
      vertex 48.2382 102.241 -99.4936
    endloop
  endfacet
  facet normal -0.637154 0.699254 0.324158
    outer loop
      vertex 47.8511 101.951 -99.6289
      vertex 48.2382 102.283 -99.5842
      vertex 47.8511 101.993 -99.7195
    endloop
  endfacet
  facet normal -0.72912 0.621033 0.287579
    outer loop
      vertex 48.2382 102.283 -99.5842
      vertex 48.582 102.573 -99.3388
      vertex 48.582 102.615 -99.4295
    endloop
  endfacet
  facet normal -0.72916 0.620874 0.287822
    outer loop
      vertex 48.582 102.573 -99.3388
      vertex 48.2382 102.283 -99.5842
      vertex 48.2382 102.241 -99.4936
    endloop
  endfacet
  facet normal 0.000345979 -0.422619 0.906307
    outer loop
      vertex 49.5 104.926 -98.3519
      vertex 49.3743 133.923 -84.8303
      vertex 48.8773 102.983 -99.2577
    endloop
  endfacet
  facet normal 0 -0.423685 0.90581
    outer loop
      vertex 32 136.615 -83.5748
      vertex 45.5 136.646 -83.5603
      vertex 32 136.646 -83.5603
    endloop
  endfacet
  facet normal -1.12326e-06 -0.423284 0.905997
    outer loop
      vertex 45.5 136.646 -83.5603
      vertex 32 136.615 -83.5748
      vertex 46.2495 136.582 -83.5902
    endloop
  endfacet
  facet normal -0.186835 0.891453 0.412801
    outer loop
      vertex 46.4948 101.414 -99.9893
      vertex 46.0013 101.287 -99.9384
      vertex 46.4948 101.372 -99.8986
    endloop
  endfacet
  facet normal -0.186754 0.891293 0.413182
    outer loop
      vertex 46.0013 101.287 -99.9384
      vertex 46.4948 101.414 -99.9893
      vertex 46.0013 101.329 -100.029
    endloop
  endfacet
  facet normal -0.950739 -0.272456 -0.147863
    outer loop
      vertex 49.3743 133.881 -84.7397
      vertex 48.4018 91.2859 0
      vertex 49.2191 134.313 -84.5378
    endloop
  endfacet
  facet normal -0.950866 -0.272107 -0.147689
    outer loop
      vertex 48.4018 91.2859 0
      vertex 49.3743 133.881 -84.7397
      vertex 48.5551 90.7502 0
    endloop
  endfacet
  facet normal -6.44298e-05 -0.422762 0.906241
    outer loop
      vertex 49.2191 134.356 -84.6284
      vertex 48.7361 135.152 -84.2571
      vertex 47.2031 136.301 -83.7212
    endloop
  endfacet
  facet normal -0.929508 0.342473 0.136847
    outer loop
      vertex 49.1193 103.34 -98.981
      vertex 48.3795 61.7809 0
      vertex 49.3042 103.763 -98.7837
    endloop
  endfacet
  facet normal -0.929534 0.342412 0.136821
    outer loop
      vertex 48.3795 61.7809 0
      vertex 49.1193 103.34 -98.981
      vertex 48.1927 61.2738 0
    endloop
  endfacet
  facet normal -0.982189 -0.163446 -0.0926857
    outer loop
      vertex 49.3743 133.881 -84.7397
      vertex 48.6307 90.2959 0
      vertex 48.5551 90.7502 0
    endloop
  endfacet
  facet normal -0.808768 0.533582 0.247356
    outer loop
      vertex 48.8773 102.941 -99.1671
      vertex 48.8773 102.983 -99.2577
      vertex 48.582 102.573 -99.3388
    endloop
  endfacet
  facet normal -1.83204e-05 -0.408792 0.912627
    outer loop
      vertex 32 101.314 -100.036
      vertex 45.5 101.3 -100.042
      vertex 46.0013 101.329 -100.029
    endloop
  endfacet
  facet normal 0 -0.393919 0.919145
    outer loop
      vertex 45.5 101.3 -100.042
      vertex 32 101.314 -100.036
      vertex 32 101.3 -100.042
    endloop
  endfacet
  facet normal 0 0.906542 0.422115
    outer loop
      vertex 45.5 101.3 -100.042
      vertex 32 101.258 -99.9518
      vertex 45.5 101.258 -99.9518
    endloop
  endfacet
  facet normal 0 0.906542 0.422115
    outer loop
      vertex 32 101.258 -99.9518
      vertex 45.5 101.3 -100.042
      vertex 32 101.3 -100.042
    endloop
  endfacet
  facet normal 0 0.920331 0.391141
    outer loop
      vertex 34.2486 63.2126 -10.4308
      vertex 32 58.7795 0
      vertex 44.5643 58.7795 0
    endloop
  endfacet
  facet normal -1.66558e-05 0.920332 0.391138
    outer loop
      vertex 32 58.7795 0
      vertex 34.2486 63.2126 -10.4308
      vertex 32.7535 63.0237 -9.98639
    endloop
  endfacet
  facet normal 2.599e-05 0.92034 0.39112
    outer loop
      vertex 44.5643 58.7795 0
      vertex 35.7082 63.5873 -11.3126
      vertex 34.2486 63.2126 -10.4308
    endloop
  endfacet
  facet normal -4.30957e-06 0.920331 0.39114
    outer loop
      vertex 44.5643 58.7795 0
      vertex 37.1094 64.1421 -12.618
      vertex 35.7082 63.5873 -11.3126
    endloop
  endfacet
  facet normal -8.59953e-06 0.92033 0.391142
    outer loop
      vertex 44.5643 58.7795 0
      vertex 38.4299 64.8681 -14.3262
      vertex 37.1094 64.1421 -12.618
    endloop
  endfacet
  facet normal 8.54049e-05 0.920345 0.391108
    outer loop
      vertex 44.5643 58.7795 0
      vertex 38.8241 65.1544 -15
      vertex 38.4299 64.8681 -14.3262
    endloop
  endfacet
  facet normal 0 0.920334 0.391134
    outer loop
      vertex 34.1289 67.4151 -20.3194
      vertex 32 65.1544 -15
      vertex 38.8241 65.1544 -15
    endloop
  endfacet
  facet normal 1.78353e-05 0.920333 0.391136
    outer loop
      vertex 32 65.1544 -15
      vertex 32.9369 67.2635 -19.9627
      vertex 32.314 67.2327 -19.8902
    endloop
  endfacet
  facet normal 2.15786e-05 0.920333 0.391137
    outer loop
      vertex 32 65.1544 -15
      vertex 33.5451 67.3246 -20.1065
      vertex 32.9369 67.2635 -19.9627
    endloop
  endfacet
  facet normal -4.61664e-06 0.920335 0.39113
    outer loop
      vertex 32 65.1544 -15
      vertex 33.9839 67.3926 -20.2665
      vertex 33.5451 67.3246 -20.1065
    endloop
  endfacet
  facet normal -0.000133394 0.920353 0.391089
    outer loop
      vertex 32 65.1544 -15
      vertex 34.1289 67.4151 -20.3194
      vertex 33.9839 67.3926 -20.2665
    endloop
  endfacet
  facet normal -0 0.92033 0.391144
    outer loop
      vertex 34.1728 67.4246 -20.3416
      vertex 38.8241 65.1544 -15
      vertex 38.2 67.4246 -20.3416
    endloop
  endfacet
  facet normal -3.60417e-05 0.920328 0.391147
    outer loop
      vertex 44.5643 58.7795 0
      vertex 38.2 67.4246 -20.3416
      vertex 38.8241 65.1544 -15
    endloop
  endfacet
  facet normal 4.4332e-05 0.920337 0.391126
    outer loop
      vertex 44.5643 58.7795 0
      vertex 38.2 70.9468 -28.6295
      vertex 38.2 67.4246 -20.3416
    endloop
  endfacet
  facet normal 0 0.919996 0.391927
    outer loop
      vertex 38.2 70.9468 -28.6295
      vertex 34.1289 70.9563 -28.6518
      vertex 34.1728 70.9468 -28.6295
    endloop
  endfacet
  facet normal 3.7206e-06 0.920241 0.391352
    outer loop
      vertex 38.2 70.9468 -28.6295
      vertex 33.5451 71.0468 -28.8646
      vertex 34.1289 70.9563 -28.6518
    endloop
  endfacet
  facet normal 5.4003e-05 0.920599 0.390509
    outer loop
      vertex 38.2 70.9468 -28.6295
      vertex 33.4137 71.06 -28.8957
      vertex 33.5451 71.0468 -28.8646
    endloop
  endfacet
  facet normal 1.48597e-05 0.920346 0.391105
    outer loop
      vertex 38.2 70.9468 -28.6295
      vertex 32.9369 71.1079 -29.0084
      vertex 33.4137 71.06 -28.8957
    endloop
  endfacet
  facet normal 1.26046e-05 0.920335 0.391131
    outer loop
      vertex 32 101.258 -99.9518
      vertex 32.9369 71.1079 -29.0084
      vertex 38.2 70.9468 -28.6295
    endloop
  endfacet
  facet normal 7.38641e-06 0.920334 0.391133
    outer loop
      vertex 45.5 101.258 -99.9518
      vertex 38.2 70.9468 -28.6295
      vertex 44.5643 58.7795 0
    endloop
  endfacet
  facet normal -0 0.920335 0.391132
    outer loop
      vertex 32 101.258 -99.9518
      vertex 38.2 70.9468 -28.6295
      vertex 45.5 101.258 -99.9518
    endloop
  endfacet
  facet normal -1.72193e-05 0.920335 0.391132
    outer loop
      vertex 32.9369 71.1079 -29.0084
      vertex 32 101.258 -99.9518
      vertex 32.314 71.1387 -29.0809
    endloop
  endfacet
  facet normal 0 0.920335 0.391131
    outer loop
      vertex 32.314 71.1387 -29.0809
      vertex 32 101.258 -99.9518
      vertex 32 71.1387 -29.0809
    endloop
  endfacet
  facet normal 0 0.920331 0.391139
    outer loop
      vertex 32 58.7795 0
      vertex 32.7535 63.0237 -9.98639
      vertex 32 63.0237 -9.98639
    endloop
  endfacet
  facet normal 0 0.920333 0.391135
    outer loop
      vertex 32 65.1544 -15
      vertex 32.314 67.2327 -19.8902
      vertex 32 67.2327 -19.8902
    endloop
  endfacet
  facet normal -0.000944562 0.920033 0.39184
    outer loop
      vertex 38.8241 65.1544 -15
      vertex 34.1728 67.4246 -20.3416
      vertex 34.1289 67.4151 -20.3194
    endloop
  endfacet
  facet normal 0.000693866 0.920376 0.391033
    outer loop
      vertex 36.9329 68.8837 -23.7749
      vertex 36.9402 68.7898 -23.5539
      vertex 37.0525 68.8831 -23.7737
    endloop
  endfacet
  facet normal -0.000896359 0.920357 0.391077
    outer loop
      vertex 36.9402 68.7898 -23.5539
      vertex 36.9329 68.8837 -23.7749
      vertex 36.8643 68.7429 -23.4437
    endloop
  endfacet
  facet normal 0.000696748 0.920477 0.390796
    outer loop
      vertex 37.0525 68.8831 -23.7737
      vertex 36.9606 68.9404 -23.9085
      vertex 36.9329 68.8837 -23.7749
    endloop
  endfacet
  facet normal -0.000194019 0.920259 0.39131
    outer loop
      vertex 37.134 68.9813 -24.0046
      vertex 36.9606 68.9404 -23.9085
      vertex 37.0525 68.8831 -23.7737
    endloop
  endfacet
  facet normal -0.00016031 0.920237 0.391362
    outer loop
      vertex 37.134 68.9813 -24.0046
      vertex 36.9698 68.9979 -24.0437
      vertex 36.9606 68.9404 -23.9085
    endloop
  endfacet
  facet normal -8.91024e-05 0.920344 0.391109
    outer loop
      vertex 37.1834 69.0827 -24.2432
      vertex 36.9698 68.9979 -24.0437
      vertex 37.134 68.9813 -24.0046
    endloop
  endfacet
  facet normal -0 0.920358 0.391076
    outer loop
      vertex 37 69.1857 -24.4856
      vertex 37.1834 69.0827 -24.2432
      vertex 37.2 69.1857 -24.4856
    endloop
  endfacet
  facet normal -7.31147e-05 0.920338 0.391123
    outer loop
      vertex 37.1834 69.0827 -24.2432
      vertex 37 69.1857 -24.4856
      vertex 36.9698 68.9979 -24.0437
    endloop
  endfacet
  facet normal 0 0.9203 0.391213
    outer loop
      vertex 37.1834 69.2887 -24.7279
      vertex 37 69.1857 -24.4856
      vertex 37.2 69.1857 -24.4856
    endloop
  endfacet
  facet normal 0.000102035 0.920345 0.391106
    outer loop
      vertex 36.9606 69.431 -25.0627
      vertex 37.1834 69.2887 -24.7279
      vertex 37.134 69.3901 -24.9665
    endloop
  endfacet
  facet normal -4.07568e-05 0.920311 0.391187
    outer loop
      vertex 37.1834 69.2887 -24.7279
      vertex 36.9606 69.431 -25.0627
      vertex 37 69.1857 -24.4856
    endloop
  endfacet
  facet normal 3.02814e-05 0.920299 0.391216
    outer loop
      vertex 37.0525 69.4883 -25.1975
      vertex 36.9606 69.431 -25.0627
      vertex 37.134 69.3901 -24.9665
    endloop
  endfacet
  facet normal -0.000311844 0.920383 0.391018
    outer loop
      vertex 36.9402 69.5816 -25.4172
      vertex 36.9606 69.431 -25.0627
      vertex 37.0525 69.4883 -25.1975
    endloop
  endfacet
  facet normal 0.00111718 0.920412 0.390948
    outer loop
      vertex 36.9606 69.431 -25.0627
      vertex 36.9402 69.5816 -25.4172
      vertex 36.8643 69.6285 -25.5274
    endloop
  endfacet
  facet normal -0.18724 0.904687 0.382731
    outer loop
      vertex 46.4948 101.372 -99.8986
      vertex 45.0658 58.8138 0
      vertex 45.5596 58.916 0
    endloop
  endfacet
  facet normal -0.186708 0.904777 0.382777
    outer loop
      vertex 45.0658 58.8138 0
      vertex 46.4948 101.372 -99.8986
      vertex 46.0013 101.287 -99.9384
    endloop
  endfacet
  facet normal -0.425966 0.820829 0.380517
    outer loop
      vertex 47.427 101.749 -99.8333
      vertex 46.9725 101.513 -99.833
      vertex 47.427 101.707 -99.7427
    endloop
  endfacet
  facet normal -0.426034 0.82096 0.380158
    outer loop
      vertex 46.9725 101.513 -99.833
      vertex 47.427 101.749 -99.8333
      vertex 46.9725 101.555 -99.9237
    endloop
  endfacet
  facet normal -0.808796 0.53365 0.247115
    outer loop
      vertex 48.8773 102.983 -99.2577
      vertex 48.582 102.615 -99.4295
      vertex 48.582 102.573 -99.3388
    endloop
  endfacet
  facet normal -0.844686 -0.485619 -0.225121
    outer loop
      vertex 48.7361 135.152 -84.2571
      vertex 49.0052 134.725 -84.3457
      vertex 48.7361 135.11 -84.1665
    endloop
  endfacet
  facet normal 0.000193787 -0.422542 0.906343
    outer loop
      vertex 49.3743 133.923 -84.8303
      vertex 49.2191 134.356 -84.6284
      vertex 47.2031 136.301 -83.7212
    endloop
  endfacet
  facet normal 0 -0.891206 -0.453599
    outer loop
      vertex 32 136.604 -83.4696
      vertex 44.6931 94.1203 0
      vertex 32 94.1203 0
    endloop
  endfacet
  facet normal 0 -0.891206 -0.453599
    outer loop
      vertex 44.6931 94.1203 0
      vertex 32 136.604 -83.4696
      vertex 45.5 136.604 -83.4696
    endloop
  endfacet
  facet normal -0.248565 -0.862261 -0.441272
    outer loop
      vertex 46.2495 136.54 -83.4996
      vertex 45.9283 93.9007 0
      vertex 45.4423 94.0408 0
    endloop
  endfacet
  facet normal -0.248146 -0.862357 -0.44132
    outer loop
      vertex 45.9283 93.9007 0
      vertex 46.2495 136.54 -83.4996
      vertex 46.7361 136.427 -83.5524
    endloop
  endfacet
  facet normal -0.00157684 -0.422625 0.906303
    outer loop
      vertex 49.5 104.926 -98.3519
      vertex 49.5 133.021 -85.2507
      vertex 49.3743 133.923 -84.8303
    endloop
  endfacet
  facet normal -0.96855 0.225788 0.104554
    outer loop
      vertex 49.4292 104.204 -98.578
      vertex 49.4292 104.246 -98.6687
      vertex 49.3042 103.805 -98.8743
    endloop
  endfacet
  facet normal -0.0938333 -0.903252 -0.418726
    outer loop
      vertex 46.2495 136.582 -83.5902
      vertex 46.2495 136.54 -83.4996
      vertex 45.5 136.646 -83.5603
    endloop
  endfacet
  facet normal -0.951074 -0.279122 -0.132475
    outer loop
      vertex 49.2191 134.356 -84.6284
      vertex 49.3743 133.923 -84.8303
      vertex 49.2191 134.313 -84.5378
    endloop
  endfacet
  facet normal -0.982309 -0.169213 -0.0802221
    outer loop
      vertex 49.4685 133.476 -85.0389
      vertex 49.4685 133.433 -84.9482
      vertex 49.3743 133.881 -84.7397
    endloop
  endfacet
  facet normal -0.844399 -0.474089 -0.249461
    outer loop
      vertex 49.0052 134.725 -84.3457
      vertex 48.1404 91.8835 0
      vertex 48.7361 135.11 -84.1665
    endloop
  endfacet
  facet normal -0.844163 -0.474421 -0.249627
    outer loop
      vertex 48.1404 91.8835 0
      vertex 49.0052 134.725 -84.3457
      vertex 48.1898 91.7956 0
    endloop
  endfacet
  facet normal -0.904607 -0.376276 -0.200258
    outer loop
      vertex 49.2191 134.313 -84.5378
      vertex 48.1898 91.7956 0
      vertex 49.0052 134.725 -84.3457
    endloop
  endfacet
  facet normal -0.904433 -0.376606 -0.200422
    outer loop
      vertex 48.1898 91.7956 0
      vertex 49.2191 134.313 -84.5378
      vertex 48.2289 91.7017 0
    endloop
  endfacet
  facet normal -0.535955 0.765947 0.355075
    outer loop
      vertex 47.8511 101.993 -99.7195
      vertex 47.427 101.707 -99.7427
      vertex 47.8511 101.951 -99.6289
    endloop
  endfacet
  facet normal -0.535955 0.765947 0.355075
    outer loop
      vertex 47.427 101.707 -99.7427
      vertex 47.8511 101.993 -99.7195
      vertex 47.427 101.749 -99.8333
    endloop
  endfacet
  facet normal -0.308963 0.876343 0.369548
    outer loop
      vertex 46.0379 59.0846 0
      vertex 46.9725 101.513 -99.833
      vertex 45.5906 58.9269 0
    endloop
  endfacet
  facet normal -1.25535e-05 -0.422626 0.906304
    outer loop
      vertex 32 136.398 -83.6762
      vertex 34.2092 122.599 -90.1109
      vertex 46.2495 136.582 -83.5902
    endloop
  endfacet
  facet normal 0 -0.422625 0.906305
    outer loop
      vertex 34.2092 122.599 -90.1109
      vertex 32 136.398 -83.6762
      vertex 32 122.599 -90.1109
    endloop
  endfacet
  facet normal 0.000215986 -0.42287 0.90619
    outer loop
      vertex 48.2382 102.283 -99.5842
      vertex 48.8773 102.983 -99.2577
      vertex 46.4948 101.414 -99.9893
    endloop
  endfacet
  facet normal -0.00064209 -0.423395 0.905945
    outer loop
      vertex 48.7361 135.152 -84.2571
      vertex 48.0497 135.814 -83.9482
      vertex 47.2031 136.301 -83.7212
    endloop
  endfacet
  facet normal -0.481313 -0.795408 -0.368326
    outer loop
      vertex 47.2031 136.301 -83.7212
      vertex 47.6433 136.04 -83.7328
      vertex 47.2031 136.259 -83.6305
    endloop
  endfacet
  facet normal -0.481249 -0.795285 -0.368675
    outer loop
      vertex 47.6433 136.082 -83.8234
      vertex 47.6433 136.04 -83.7328
      vertex 47.2031 136.301 -83.7212
    endloop
  endfacet
  facet normal -0.904832 -0.384646 -0.182558
    outer loop
      vertex 49.0052 134.768 -84.4363
      vertex 49.2191 134.313 -84.5378
      vertex 49.0052 134.725 -84.3457
    endloop
  endfacet
  facet normal 0.00343224 -0.425278 0.905056
    outer loop
      vertex 48.582 102.615 -99.4295
      vertex 48.8773 102.983 -99.2577
      vertex 48.2382 102.283 -99.5842
    endloop
  endfacet
  facet normal -0.0938885 -0.903423 -0.418344
    outer loop
      vertex 45.5 136.646 -83.5603
      vertex 46.2495 136.54 -83.4996
      vertex 45.5 136.604 -83.4696
    endloop
  endfacet
  facet normal -0.998036 -0.0568311 -0.0263455
    outer loop
      vertex 49.5 133.021 -85.2507
      vertex 49.5 132.979 -85.1601
      vertex 49.4685 133.476 -85.0389
    endloop
  endfacet
  facet normal 0.00751107 -0.421573 0.906763
    outer loop
      vertex 49.5 133.021 -85.2507
      vertex 49.4685 133.476 -85.0389
      vertex 49.3743 133.923 -84.8303
    endloop
  endfacet
  facet normal -0.968555 0.225725 0.104641
    outer loop
      vertex 49.4292 104.204 -98.578
      vertex 49.3042 103.805 -98.8743
      vertex 49.3042 103.763 -98.7837
    endloop
  endfacet
  facet normal -0.00127348 -0.422192 0.906505
    outer loop
      vertex 49.4292 104.246 -98.6687
      vertex 49.5 104.926 -98.3519
      vertex 48.8773 102.983 -99.2577
    endloop
  endfacet
  facet normal -0.998029 -0.0567001 -0.026881
    outer loop
      vertex 49.4685 133.476 -85.0389
      vertex 49.5 132.979 -85.1601
      vertex 49.4685 133.433 -84.9482
    endloop
  endfacet
  facet normal -0.770356 -0.565202 -0.295124
    outer loop
      vertex 48.7361 135.11 -84.1665
      vertex 47.6038 92.7052 0
      vertex 48.4159 135.461 -84.0029
    endloop
  endfacet
  facet normal -0.769952 -0.56564 -0.295339
    outer loop
      vertex 47.6038 92.7052 0
      vertex 48.7361 135.11 -84.1665
      vertex 47.6636 92.6238 0
    endloop
  endfacet
  facet normal -0.844038 -0.474595 -0.249718
    outer loop
      vertex 48.7361 135.11 -84.1665
      vertex 48.1404 91.8835 0
      vertex 47.9224 92.2712 0
    endloop
  endfacet
  facet normal -0.481366 -0.779269 -0.401281
    outer loop
      vertex 47.2031 136.259 -83.6305
      vertex 46.8338 93.422 0
      vertex 46.3946 93.6933 0
    endloop
  endfacet
  facet normal -0.481041 -0.779429 -0.401361
    outer loop
      vertex 46.8338 93.422 0
      vertex 47.2031 136.259 -83.6305
      vertex 47.6433 136.04 -83.7328
    endloop
  endfacet
  facet normal 0 -0.422635 0.9063
    outer loop
      vertex 46.2495 136.582 -83.5902
      vertex 34.2092 122.599 -90.1109
      vertex 39 122.599 -90.1109
    endloop
  endfacet
  facet normal -3.34523e-05 -0.422621 0.906306
    outer loop
      vertex 39 122.599 -90.1109
      vertex 48.8773 102.983 -99.2577
      vertex 46.2495 136.582 -83.5902
    endloop
  endfacet
  facet normal 4.69787e-05 -0.422588 0.906322
    outer loop
      vertex 39 115.348 -93.4918
      vertex 48.8773 102.983 -99.2577
      vertex 39 122.599 -90.1109
    endloop
  endfacet
  facet normal 0 -0.422632 0.906301
    outer loop
      vertex 32 102.403 -99.5284
      vertex 39 115.348 -93.4918
      vertex 32 115.348 -93.4918
    endloop
  endfacet
  facet normal -1.26108e-05 -0.422627 0.906304
    outer loop
      vertex 39 115.348 -93.4918
      vertex 32 102.403 -99.5284
      vertex 48.8773 102.983 -99.2577
    endloop
  endfacet
  facet normal -0.248296 -0.878843 -0.407411
    outer loop
      vertex 46.2495 136.582 -83.5902
      vertex 46.7361 136.469 -83.643
      vertex 46.2495 136.54 -83.4996
    endloop
  endfacet
  facet normal 0.000355602 -0.42319 0.906041
    outer loop
      vertex 47.8511 101.993 -99.7195
      vertex 48.2382 102.283 -99.5842
      vertex 47.427 101.749 -99.8333
    endloop
  endfacet
  facet normal -0.63706 0.711534 0.296434
    outer loop
      vertex 47.3068 59.9568 0
      vertex 48.2382 102.241 -99.4936
      vertex 46.9447 59.6326 0
    endloop
  endfacet
  facet normal -0.535534 0.779026 0.32607
    outer loop
      vertex 47.8511 101.951 -99.6289
      vertex 46.4933 59.3168 0
      vertex 46.9185 59.6091 0
    endloop
  endfacet
  facet normal -0.53565 0.778959 0.32604
    outer loop
      vertex 46.4933 59.3168 0
      vertex 47.8511 101.951 -99.6289
      vertex 47.427 101.707 -99.7427
    endloop
  endfacet
  facet normal -0.808723 0.544018 0.223634
    outer loop
      vertex 47.9277 60.7642 0
      vertex 48.582 102.573 -99.3388
      vertex 47.6521 60.3545 0
    endloop
  endfacet
  facet normal -0.995576 0.0848872 0.0402886
    outer loop
      vertex 49.4292 104.246 -98.6687
      vertex 49.5 104.883 -98.2613
      vertex 49.5 104.926 -98.3519
    endloop
  endfacet
  facet normal -0.995565 0.08537 0.0395319
    outer loop
      vertex 49.5 104.883 -98.2613
      vertex 49.4292 104.246 -98.6687
      vertex 49.4292 104.204 -98.578
    endloop
  endfacet
  facet normal -0.995495 0.0902571 0.0290385
    outer loop
      vertex 49.4292 104.204 -98.578
      vertex 48.5801 63.1232 0
      vertex 49.5 104.883 -98.2613
    endloop
  endfacet
  facet normal -0.995494 0.090266 0.0290422
    outer loop
      vertex 48.5801 63.1232 0
      vertex 49.4292 104.204 -98.578
      vertex 48.5063 62.3093 0
    endloop
  endfacet
  facet normal -0.808466 0.544343 0.223773
    outer loop
      vertex 48.582 102.573 -99.3388
      vertex 47.949 60.7958 0
      vertex 48.8773 102.941 -99.1671
    endloop
  endfacet
  facet normal -0.808154 0.544737 0.223941
    outer loop
      vertex 47.949 60.7958 0
      vertex 48.582 102.573 -99.3388
      vertex 47.9277 60.7642 0
    endloop
  endfacet
  facet normal -0.876082 0.446647 0.181621
    outer loop
      vertex 48.8773 102.941 -99.1671
      vertex 48.1927 61.2738 0
      vertex 49.1193 103.34 -98.981
    endloop
  endfacet
  facet normal -0.876079 0.446653 0.181623
    outer loop
      vertex 48.1927 61.2738 0
      vertex 48.8773 102.941 -99.1671
      vertex 47.949 60.7958 0
    endloop
  endfacet
  facet normal -0.588262 -0.73367 -0.340112
    outer loop
      vertex 47.6433 136.082 -83.8234
      vertex 48.0497 135.772 -83.8576
      vertex 47.6433 136.04 -83.7328
    endloop
  endfacet
  facet normal -0.588262 -0.73367 -0.340112
    outer loop
      vertex 48.0497 135.772 -83.8576
      vertex 47.6433 136.082 -83.8234
      vertex 48.0497 135.814 -83.9482
    endloop
  endfacet
  facet normal 0.00182946 -0.419863 0.907586
    outer loop
      vertex 48.0497 135.814 -83.9482
      vertex 47.6433 136.082 -83.8234
      vertex 47.2031 136.301 -83.7212
    endloop
  endfacet
  facet normal 0.00201974 -0.421722 0.906723
    outer loop
      vertex 49.2191 134.356 -84.6284
      vertex 49.0052 134.768 -84.4363
      vertex 48.7361 135.152 -84.2571
    endloop
  endfacet
  facet normal -0.844164 -0.484307 -0.229859
    outer loop
      vertex 49.0052 134.768 -84.4363
      vertex 49.0052 134.725 -84.3457
      vertex 48.7361 135.152 -84.2571
    endloop
  endfacet
  facet normal -0.367939 -0.827243 -0.424605
    outer loop
      vertex 46.7361 136.427 -83.5524
      vertex 46.3946 93.6933 0
      vertex 45.9283 93.9007 0
    endloop
  endfacet
  facet normal -0.368515 -0.827039 -0.424504
    outer loop
      vertex 46.3946 93.6933 0
      vertex 46.7361 136.427 -83.5524
      vertex 47.2031 136.259 -83.6305
    endloop
  endfacet
  facet normal 0.00105877 -0.419578 0.907719
    outer loop
      vertex 47.2031 136.301 -83.7212
      vertex 46.7361 136.469 -83.643
      vertex 46.2495 136.582 -83.5902
    endloop
  endfacet
  facet normal -7.60514e-05 -0.422744 0.906249
    outer loop
      vertex 49.3743 133.923 -84.8303
      vertex 47.2031 136.301 -83.7212
      vertex 46.2495 136.582 -83.5902
    endloop
  endfacet
  facet normal -6.03888e-07 -0.422423 0.906399
    outer loop
      vertex 46.0013 101.329 -100.029
      vertex 32 101.582 -99.9111
      vertex 32 101.314 -100.036
    endloop
  endfacet
  facet normal 5.76821e-05 -0.422615 0.906309
    outer loop
      vertex 48.8773 102.983 -99.2577
      vertex 49.3743 133.923 -84.8303
      vertex 46.2495 136.582 -83.5902
    endloop
  endfacet
  facet normal -0.000807712 -0.42236 0.906428
    outer loop
      vertex 49.3042 103.805 -98.8743
      vertex 49.4292 104.246 -98.6687
      vertex 48.8773 102.983 -99.2577
    endloop
  endfacet
  facet normal -0.929719 0.33418 0.154747
    outer loop
      vertex 49.3042 103.805 -98.8743
      vertex 49.1193 103.382 -99.0717
      vertex 49.1193 103.34 -98.981
    endloop
  endfacet
  facet normal -0.929708 0.33414 0.154899
    outer loop
      vertex 49.3042 103.763 -98.7837
      vertex 49.3042 103.805 -98.8743
      vertex 49.1193 103.34 -98.981
    endloop
  endfacet
  facet normal -0.904658 -0.376179 -0.20021
    outer loop
      vertex 49.2191 134.313 -84.5378
      vertex 48.4018 91.2859 0
      vertex 48.2289 91.7017 0
    endloop
  endfacet
  facet normal -0.950903 -0.280786 -0.130166
    outer loop
      vertex 49.3743 133.923 -84.8303
      vertex 49.3743 133.881 -84.7397
      vertex 49.2191 134.313 -84.5378
    endloop
  endfacet
  facet normal 0.00378388 -0.41962 0.907692
    outer loop
      vertex 48.7361 135.152 -84.2571
      vertex 48.4159 135.503 -84.0935
      vertex 48.0497 135.814 -83.9482
    endloop
  endfacet
  facet normal -0.683893 -0.661917 -0.306849
    outer loop
      vertex 48.0497 135.814 -83.9482
      vertex 48.4159 135.503 -84.0935
      vertex 48.0497 135.772 -83.8576
    endloop
  endfacet
  facet normal -0.770235 -0.565334 -0.295188
    outer loop
      vertex 48.7361 135.11 -84.1665
      vertex 47.9224 92.2712 0
      vertex 47.6636 92.6238 0
    endloop
  endfacet
  facet normal -0.587521 -0.71886 -0.371563
    outer loop
      vertex 47.6433 136.04 -83.7328
      vertex 47.1622 93.1536 0
      vertex 46.8338 93.422 0
    endloop
  endfacet
  facet normal -0.309555 0.86286 0.39956
    outer loop
      vertex 46.9725 101.513 -99.833
      vertex 46.9725 101.555 -99.9237
      vertex 46.4948 101.414 -99.9893
    endloop
  endfacet
  facet normal 0.00060303 -0.423508 0.905892
    outer loop
      vertex 46.9725 101.555 -99.9237
      vertex 48.2382 102.283 -99.5842
      vertex 46.4948 101.414 -99.9893
    endloop
  endfacet
  facet normal -0.309555 0.86286 0.39956
    outer loop
      vertex 46.9725 101.513 -99.833
      vertex 46.4948 101.414 -99.9893
      vertex 46.4948 101.372 -99.8986
    endloop
  endfacet
  facet normal -0.308211 0.876563 0.369652
    outer loop
      vertex 46.9725 101.513 -99.833
      vertex 45.5596 58.916 0
      vertex 45.5906 58.9269 0
    endloop
  endfacet
  facet normal -0.30937 0.876223 0.369491
    outer loop
      vertex 45.5596 58.916 0
      vertex 46.9725 101.513 -99.833
      vertex 46.4948 101.372 -99.8986
    endloop
  endfacet
  facet normal -0.637744 0.711017 0.296204
    outer loop
      vertex 48.2382 102.241 -99.4936
      vertex 46.9185 59.6091 0
      vertex 46.9447 59.6326 0
    endloop
  endfacet
  facet normal -0.636825 0.711712 0.296514
    outer loop
      vertex 46.9185 59.6091 0
      vertex 48.2382 102.241 -99.4936
      vertex 47.8511 101.951 -99.6289
    endloop
  endfacet
  facet normal -0.425406 0.83433 0.350603
    outer loop
      vertex 46.4631 59.3014 0
      vertex 46.9725 101.513 -99.833
      vertex 46.0379 59.0846 0
    endloop
  endfacet
  facet normal -0.425445 0.834313 0.350597
    outer loop
      vertex 47.427 101.707 -99.7427
      vertex 46.4631 59.3014 0
      vertex 46.4933 59.3168 0
    endloop
  endfacet
  facet normal -0.425717 0.834196 0.350544
    outer loop
      vertex 46.4631 59.3014 0
      vertex 47.427 101.707 -99.7427
      vertex 46.9725 101.513 -99.833
    endloop
  endfacet
  facet normal -0.968435 0.232543 0.0897621
    outer loop
      vertex 48.5063 62.3093 0
      vertex 49.4292 104.204 -98.578
      vertex 48.389 61.8208 0
    endloop
  endfacet
  facet normal -0.968416 0.232612 0.0897917
    outer loop
      vertex 49.3042 103.763 -98.7837
      vertex 48.389 61.8208 0
      vertex 49.4292 104.204 -98.578
    endloop
  endfacet
  facet normal -0.968948 0.230702 0.0889758
    outer loop
      vertex 48.389 61.8208 0
      vertex 49.3042 103.763 -98.7837
      vertex 48.3795 61.7809 0
    endloop
  endfacet
  facet normal -0.248296 -0.878843 -0.407411
    outer loop
      vertex 46.7361 136.469 -83.643
      vertex 46.7361 136.427 -83.5524
      vertex 46.2495 136.54 -83.4996
    endloop
  endfacet
  facet normal -0.368757 -0.843317 -0.390941
    outer loop
      vertex 46.7361 136.469 -83.643
      vertex 47.2031 136.259 -83.6305
      vertex 46.7361 136.427 -83.5524
    endloop
  endfacet
  facet normal -0.982199 -0.1634 -0.0926621
    outer loop
      vertex 49.4685 133.433 -84.9482
      vertex 48.6307 90.2959 0
      vertex 49.3743 133.881 -84.7397
    endloop
  endfacet
  facet normal -0.982171 -0.16353 -0.0927279
    outer loop
      vertex 48.6307 90.2959 0
      vertex 49.4685 133.433 -84.9482
      vertex 48.6472 90.1968 0
    endloop
  endfacet
  facet normal -0.98225 -0.170181 -0.078892
    outer loop
      vertex 49.3743 133.923 -84.8303
      vertex 49.4685 133.476 -85.0389
      vertex 49.3743 133.881 -84.7397
    endloop
  endfacet
  facet normal -0.997964 -0.0524222 -0.03633
    outer loop
      vertex 49.4685 133.433 -84.9482
      vertex 48.6715 89.7342 0
      vertex 48.6472 90.1968 0
    endloop
  endfacet
  facet normal -0.997972 -0.0523123 -0.0362735
    outer loop
      vertex 49.5 132.979 -85.1601
      vertex 48.6715 89.7342 0
      vertex 49.4685 133.433 -84.9482
    endloop
  endfacet
  facet normal -0.997987 -0.0521037 -0.0361677
    outer loop
      vertex 48.6715 89.7342 0
      vertex 49.5 132.979 -85.1601
      vertex 48.6767 89.6346 0
    endloop
  endfacet
  facet normal -0.770674 -0.57813 -0.268007
    outer loop
      vertex 48.7361 135.152 -84.2571
      vertex 48.4159 135.461 -84.0029
      vertex 48.4159 135.503 -84.0935
    endloop
  endfacet
  facet normal -0.770674 -0.57813 -0.268007
    outer loop
      vertex 48.4159 135.461 -84.0029
      vertex 48.7361 135.152 -84.2571
      vertex 48.7361 135.11 -84.1665
    endloop
  endfacet
  facet normal -0.683893 -0.661917 -0.306849
    outer loop
      vertex 48.4159 135.503 -84.0935
      vertex 48.4159 135.461 -84.0029
      vertex 48.0497 135.772 -83.8576
    endloop
  endfacet
  facet normal -0.728836 0.632571 0.262017
    outer loop
      vertex 48.2382 102.241 -99.4936
      vertex 47.6521 60.3545 0
      vertex 48.582 102.573 -99.3388
    endloop
  endfacet
  facet normal -0.728708 0.632695 0.26207
    outer loop
      vertex 47.6521 60.3545 0
      vertex 48.2382 102.241 -99.4936
      vertex 47.3068 59.9568 0
    endloop
  endfacet
  facet normal 0 -0.819161 -0.573564
    outer loop
      vertex 46.05 125.864 24.7791
      vertex 46.05 133 14.5875
      vertex 48 125.864 24.7791
    endloop
  endfacet
  facet normal 8.93225e-06 -0.819119 -0.573623
    outer loop
      vertex 43.25 125.147 25.803
      vertex 46 124.43 26.8269
      vertex 43.25 122.709 29.2844
    endloop
  endfacet
  facet normal 0 -0.81913 -0.573607
    outer loop
      vertex 46 124.43 26.8269
      vertex 43.25 125.147 25.803
      vertex 46 125.147 25.803
    endloop
  endfacet
  facet normal 0 -0.819128 -0.573611
    outer loop
      vertex 41.938 121.856 30.5034
      vertex 55.3183 113.105 43
      vertex 32 113.105 43
    endloop
  endfacet
  facet normal -0.00143636 -0.819845 -0.572584
    outer loop
      vertex 42.3022 121.909 30.4268
      vertex 55.3183 113.105 43
      vertex 42.123 121.876 30.4745
    endloop
  endfacet
  facet normal -1.51937e-05 -0.819155 -0.573572
    outer loop
      vertex 42.4726 121.955 30.3611
      vertex 55.3183 113.105 43
      vertex 42.3022 121.909 30.4268
    endloop
  endfacet
  facet normal 0.000545462 -0.818887 -0.573955
    outer loop
      vertex 42.6317 122.013 30.2785
      vertex 55.3183 113.105 43
      vertex 42.4726 121.955 30.3611
    endloop
  endfacet
  facet normal 0.000327225 -0.818989 -0.573809
    outer loop
      vertex 42.7768 122.082 30.1801
      vertex 55.3183 113.105 43
      vertex 42.6317 122.013 30.2785
    endloop
  endfacet
  facet normal 0.000763996 -0.818788 -0.574095
    outer loop
      vertex 42.9058 122.161 30.0676
      vertex 55.3183 113.105 43
      vertex 42.7768 122.082 30.1801
    endloop
  endfacet
  facet normal 1.69267e-05 -0.819137 -0.573598
    outer loop
      vertex 48 124.43 26.8269
      vertex 55.3183 113.105 43
      vertex 43.0165 122.248 29.9428
    endloop
  endfacet
  facet normal -3.12557e-05 -0.819147 -0.573583
    outer loop
      vertex 60.7567 116.956 37.5
      vertex 55.3183 113.105 43
      vertex 48 124.43 26.8269
    endloop
  endfacet
  facet normal 0.000704538 -0.819489 -0.573095
    outer loop
      vertex 55.3183 113.105 43
      vertex 60.7567 116.956 37.5
      vertex 56.3478 113.174 42.9026
    endloop
  endfacet
  facet normal -0.000413066 -0.819061 -0.573707
    outer loop
      vertex 56.3478 113.174 42.9026
      vertex 60.7567 116.956 37.5
      vertex 57.0149 113.294 42.7308
    endloop
  endfacet
  facet normal -5.6221e-05 -0.819181 -0.573536
    outer loop
      vertex 57.0149 113.294 42.7308
      vertex 60.7567 116.956 37.5
      vertex 57.6542 113.472 42.4765
    endloop
  endfacet
  facet normal 0.000166091 -0.819246 -0.573443
    outer loop
      vertex 57.6542 113.472 42.4765
      vertex 60.7567 116.956 37.5
      vertex 58.2558 113.705 42.1438
    endloop
  endfacet
  facet normal -0 -0.819127 -0.573612
    outer loop
      vertex 41.8825 121.854 30.5063
      vertex 32 113.105 43
      vertex 36.1204 121.854 30.5063
    endloop
  endfacet
  facet normal 0.000153125 -0.819151 -0.573578
    outer loop
      vertex 36.1204 121.854 30.5063
      vertex 32 113.105 43
      vertex 32 121.854 30.5052
    endloop
  endfacet
  facet normal -0.000473944 -0.818951 -0.573864
    outer loop
      vertex 41.938 121.856 30.5034
      vertex 32 113.105 43
      vertex 41.8825 121.854 30.5063
    endloop
  endfacet
  facet normal -0.000902597 -0.819581 -0.572962
    outer loop
      vertex 55.3183 113.105 43
      vertex 41.938 121.856 30.5034
      vertex 42.123 121.876 30.4745
    endloop
  endfacet
  facet normal -0.00139437 -0.819761 -0.572705
    outer loop
      vertex 43.0165 122.248 29.9428
      vertex 55.3183 113.105 43
      vertex 42.9058 122.161 30.0676
    endloop
  endfacet
  facet normal -0.000560749 -0.819062 -0.573705
    outer loop
      vertex 58.2558 113.705 42.1438
      vertex 60.7567 116.956 37.5
      vertex 58.81 113.989 41.7378
    endloop
  endfacet
  facet normal -5.90196e-05 -0.81917 -0.573551
    outer loop
      vertex 58.81 113.989 41.7378
      vertex 60.7567 116.956 37.5
      vertex 59.3082 114.32 41.265
    endloop
  endfacet
  facet normal 0.00309012 -0.819544 -0.573008
    outer loop
      vertex 60.1061 115.101 40.1496
      vertex 60.7567 116.956 37.5
      vertex 60.3932 115.539 39.5247
    endloop
  endfacet
  facet normal 0.00245749 -0.819492 -0.573086
    outer loop
      vertex 60.3932 115.539 39.5247
      vertex 60.7567 116.956 37.5
      vertex 60.5992 115.999 38.8678
    endloop
  endfacet
  facet normal 0.00520903 -0.819632 -0.572867
    outer loop
      vertex 60.5992 115.999 38.8678
      vertex 60.7567 116.956 37.5
      vertex 60.7211 116.474 38.1893
    endloop
  endfacet
  facet normal 0.00138979 -0.819431 -0.573176
    outer loop
      vertex 59.3082 114.32 41.265
      vertex 60.7567 116.956 37.5
      vertex 59.7425 114.693 40.7328
    endloop
  endfacet
  facet normal 0.00198989 -0.820615 -0.571477
    outer loop
      vertex 48 124.43 26.8269
      vertex 43.0165 122.248 29.9428
      vertex 43.0607 122.294 29.8769
    endloop
  endfacet
  facet normal -0.00199485 -0.817583 -0.575807
    outer loop
      vertex 48 124.43 26.8269
      vertex 43.0607 122.294 29.8769
      vertex 43.145 122.405 29.719
    endloop
  endfacet
  facet normal -0.00128821 -0.818143 -0.575013
    outer loop
      vertex 48 124.43 26.8269
      vertex 43.145 122.405 29.719
      vertex 43.1906 122.475 29.6193
    endloop
  endfacet
  facet normal 0.00167971 -0.820544 -0.571582
    outer loop
      vertex 48 124.43 26.8269
      vertex 43.1906 122.475 29.6193
      vertex 43.2234 122.548 29.5146
    endloop
  endfacet
  facet normal 0.000745911 -0.819506 -0.57307
    outer loop
      vertex 46 124.43 26.8269
      vertex 43.2234 122.548 29.5146
      vertex 43.25 122.709 29.2844
    endloop
  endfacet
  facet normal 0 -0.819145 -0.573587
    outer loop
      vertex 43.2234 122.548 29.5146
      vertex 46 124.43 26.8269
      vertex 48 124.43 26.8269
    endloop
  endfacet
  facet normal -0.00112095 -0.819061 -0.573705
    outer loop
      vertex 59.7425 114.693 40.7328
      vertex 60.7567 116.956 37.5
      vertex 60.1061 115.101 40.1496
    endloop
  endfacet
  facet normal -5.29159e-05 -0.81913 -0.573607
    outer loop
      vertex 60.5 133 14.5875
      vertex 48 124.43 26.8269
      vertex 48 125.864 24.7791
    endloop
  endfacet
  facet normal -0 -0.819161 -0.573564
    outer loop
      vertex 60.5 133 14.5875
      vertex 48 125.864 24.7791
      vertex 46.05 133 14.5875
    endloop
  endfacet
  facet normal -2.49199e-05 -0.819144 -0.573588
    outer loop
      vertex 48 124.43 26.8269
      vertex 60.5 133 14.5875
      vertex 60.7567 116.956 37.5
    endloop
  endfacet
  facet normal -0 0 1
    outer loop
      vertex 32 65.1544 -15
      vertex 38.4299 64.8681 -15
      vertex 38.8241 65.1544 -15
    endloop
  endfacet
  facet normal 0 0 1
    outer loop
      vertex 38.4299 64.8681 -15
      vertex 32 65.1544 -15
      vertex 37.1094 64.1421 -15
    endloop
  endfacet
  facet normal 0 0 1
    outer loop
      vertex 37.1094 64.1421 -15
      vertex 32 65.1544 -15
      vertex 35.7082 63.5873 -15
    endloop
  endfacet
  facet normal 0 0 1
    outer loop
      vertex 35.7082 63.5873 -15
      vertex 32 65.1544 -15
      vertex 34.2486 63.2126 -15
    endloop
  endfacet
  facet normal 0 0 1
    outer loop
      vertex 34.2486 63.2126 -15
      vertex 32 65.1544 -15
      vertex 32.7535 63.0237 -15
    endloop
  endfacet
  facet normal 0 0 1
    outer loop
      vertex 32.7535 63.0237 -15
      vertex 32 65.1544 -15
      vertex 32 63.0237 -15
    endloop
  endfacet
  facet normal -0.481779 0.876293 0
    outer loop
      vertex 37.1094 64.1421 -15
      vertex 38.4299 64.8681 -14.3262
      vertex 38.4299 64.8681 -15
    endloop
  endfacet
  facet normal -0.481779 0.876293 0
    outer loop
      vertex 38.4299 64.8681 -14.3262
      vertex 37.1094 64.1421 -15
      vertex 37.1094 64.1421 -12.618
    endloop
  endfacet
  facet normal -0.587647 0.809118 0
    outer loop
      vertex 38.4299 64.8681 -14.3262
      vertex 38.8241 65.1544 -15
      vertex 38.4299 64.8681 -15
    endloop
  endfacet
  facet normal 0 1 -0
    outer loop
      vertex 32.7535 63.0237 -15
      vertex 32 63.0237 -9.98639
      vertex 32.7535 63.0237 -9.98639
    endloop
  endfacet
  facet normal 0 1 0
    outer loop
      vertex 32 63.0237 -9.98639
      vertex 32.7535 63.0237 -15
      vertex 32 63.0237 -15
    endloop
  endfacet
  facet normal -0.368139 0.929771 0
    outer loop
      vertex 35.7082 63.5873 -15
      vertex 37.1094 64.1421 -12.618
      vertex 37.1094 64.1421 -15
    endloop
  endfacet
  facet normal -0.368139 0.929771 0
    outer loop
      vertex 37.1094 64.1421 -12.618
      vertex 35.7082 63.5873 -15
      vertex 35.7082 63.5873 -11.3126
    endloop
  endfacet
  facet normal -0.248652 0.968593 0
    outer loop
      vertex 34.2486 63.2126 -15
      vertex 35.7082 63.5873 -11.3126
      vertex 35.7082 63.5873 -15
    endloop
  endfacet
  facet normal -0.248652 0.968593 0
    outer loop
      vertex 35.7082 63.5873 -11.3126
      vertex 34.2486 63.2126 -15
      vertex 34.2486 63.2126 -10.4308
    endloop
  endfacet
  facet normal -0.12535 0.992113 0
    outer loop
      vertex 32.7535 63.0237 -15
      vertex 34.2486 63.2126 -10.4308
      vertex 34.2486 63.2126 -15
    endloop
  endfacet
  facet normal -0.12535 0.992113 0
    outer loop
      vertex 34.2486 63.2126 -10.4308
      vertex 32.7535 63.0237 -15
      vertex 32.7535 63.0237 -9.98639
    endloop
  endfacet
  facet normal -1 0 0
    outer loop
      vertex 32 54.6 31.5
      vertex 32 56.1 31.75
      vertex 32 56.1 31.5
    endloop
  endfacet
  facet normal -1 -0 0
    outer loop
      vertex 32 56.1 31.75
      vertex 32 54.6 31.5
      vertex 32 54.6 31.75
    endloop
  endfacet
  facet normal -1 0 0
    outer loop
      vertex 32 55.5878 19.191
      vertex 32 56.1 19.5
      vertex 32 56.1 16.25
    endloop
  endfacet
  facet normal -1 -0 0
    outer loop
      vertex 32 56.1 19.5
      vertex 32 55.8443 19.4642
      vertex 32 55.864 19.5
    endloop
  endfacet
  facet normal -1 0 0
    outer loop
      vertex 32 56.1 19.5
      vertex 32 55.7705 19.3626
      vertex 32 55.8443 19.4642
    endloop
  endfacet
  facet normal -1 0 0
    outer loop
      vertex 32 56.1 19.5
      vertex 32 55.6845 19.271
      vertex 32 55.7705 19.3626
    endloop
  endfacet
  facet normal -1 0 0
    outer loop
      vertex 32 56.1 19.5
      vertex 32 55.5878 19.191
      vertex 32 55.6845 19.271
    endloop
  endfacet
  facet normal -1 0 0
    outer loop
      vertex 32 56.1 16.25
      vertex 32 55.4818 19.1237
      vertex 32 55.5878 19.191
    endloop
  endfacet
  facet normal -1 0 0
    outer loop
      vertex 32 56.1 16.25
      vertex 32 55.3681 19.0702
      vertex 32 55.4818 19.1237
    endloop
  endfacet
  facet normal -1 0 0
    outer loop
      vertex 32 54.6 17.25
      vertex 32 55.3681 19.0702
      vertex 32 56.1 16.25
    endloop
  endfacet
  facet normal -1 0 0
    outer loop
      vertex 32 55.3681 19.0702
      vertex 32 54.6 17.25
      vertex 32 55.2487 19.0314
    endloop
  endfacet
  facet normal -1 0 0
    outer loop
      vertex 32 55.2487 19.0314
      vertex 32 54.6 17.25
      vertex 32 55.1253 19.0079
    endloop
  endfacet
  facet normal -1 0 0
    outer loop
      vertex 32 55.1253 19.0079
      vertex 32 54.6 17.25
      vertex 32 55 19
    endloop
  endfacet
  facet normal -1 -0 0
    outer loop
      vertex 32 55 19
      vertex 32 54.6 17.25
      vertex 32 54.8747 19.0079
    endloop
  endfacet
  facet normal -1 -0 0
    outer loop
      vertex 32 54.8747 19.0079
      vertex 32 54.6 17.25
      vertex 32 54.7513 19.0314
    endloop
  endfacet
  facet normal -1 -0 0
    outer loop
      vertex 32 54.7513 19.0314
      vertex 32 54.6 17.25
      vertex 32 54.6319 19.0702
    endloop
  endfacet
  facet normal -1 0 0
    outer loop
      vertex 32 52.25 16.25
      vertex 32 54.6 17.25
      vertex 32 56.1 16.25
    endloop
  endfacet
  facet normal -1 -0 0
    outer loop
      vertex 32 54.6 17.25
      vertex 32 52.25 16.25
      vertex 32 52.25 17.25
    endloop
  endfacet
  facet normal -1 -0 0
    outer loop
      vertex 32 54.6319 19.0702
      vertex 32 54.6 17.25
      vertex 32 54.6 19.0852
    endloop
  endfacet
  facet normal -1 0 0
    outer loop
      vertex 32 4.5 0
      vertex 32 7 16.25
      vertex 32 7 0
    endloop
  endfacet
  facet normal -1 0 0
    outer loop
      vertex 32 4.5 18
      vertex 32 7 16.25
      vertex 32 4.5 0
    endloop
  endfacet
  facet normal -1 0 0
    outer loop
      vertex 32 7 16.25
      vertex 32 4.5 18
      vertex 32 7 17.25
    endloop
  endfacet
  facet normal -1 0 0
    outer loop
      vertex 32 7 17.25
      vertex 32 4.5 18
      vertex 32 7 18
    endloop
  endfacet
  facet normal -1 0 0
    outer loop
      vertex 32 7 16.25
      vertex 32 7.75 17.25
      vertex 32 7.75 16.25
    endloop
  endfacet
  facet normal -1 -0 0
    outer loop
      vertex 32 7.75 17.25
      vertex 32 7 16.25
      vertex 32 7 17.25
    endloop
  endfacet
  facet normal -1 0 0
    outer loop
      vertex 32 135.5 10
      vertex 32 133.206 14.2939
      vertex 32 135.5 15.3757
    endloop
  endfacet
  facet normal -1 0 0
    outer loop
      vertex 32 133 14.15
      vertex 32 135.5 10
      vertex 32 133 10
    endloop
  endfacet
  facet normal -1 0 0
    outer loop
      vertex 32 135.5 10
      vertex 32 133 14.15
      vertex 32 133.206 14.2939
    endloop
  endfacet
  facet normal -1 0 0
    outer loop
      vertex 32 133.206 14.2939
      vertex 32 130.493 22.5268
      vertex 32 135.5 15.3757
    endloop
  endfacet
  facet normal -1 0 -0
    outer loop
      vertex 32 130.493 22.5268
      vertex 32 133.206 14.2939
      vertex 32 128.445 21.0929
    endloop
  endfacet
  facet normal -1 0 0
    outer loop
      vertex 32 7 30
      vertex 32 4.5 30
      vertex 32 7 41
    endloop
  endfacet
  facet normal 1 0 0
    outer loop
      vertex 32 121.849 30.5131
      vertex 32 121.852 30.5083
      vertex 32 121.854 30.5052
    endloop
  endfacet
  facet normal -1 0 0
    outer loop
      vertex 32 113.105 43
      vertex 32 123.897 31.9471
      vertex 32 121.849 30.5131
    endloop
  endfacet
  facet normal -1 0 0
    outer loop
      vertex 32 113.105 43
      vertex 32 112.656 48
      vertex 32 123.897 31.9471
    endloop
  endfacet
  facet normal -1 0 0
    outer loop
      vertex 32 34.5 43
      vertex 32 112.656 48
      vertex 32 113.105 43
    endloop
  endfacet
  facet normal -1 0 0
    outer loop
      vertex 32 34.5 43
      vertex 32 34.5 48
      vertex 32 112.656 48
    endloop
  endfacet
  facet normal -1 0 0
    outer loop
      vertex 32 7 41
      vertex 32 34.5 48
      vertex 32 34.5 43
    endloop
  endfacet
  facet normal -1 0 0
    outer loop
      vertex 32 7 41
      vertex 32 4.5 46
      vertex 32 34.5 48
    endloop
  endfacet
  facet normal -1 0 0
    outer loop
      vertex 32 4.5 46
      vertex 32 7 41
      vertex 32 4.5 30
    endloop
  endfacet
  facet normal -1 -0 -0
    outer loop
      vertex 32 121.849 30.5131
      vertex 32 121.854 30.5052
      vertex 32 113.105 43
    endloop
  endfacet
  facet normal -1 0 0
    outer loop
      vertex 32 133 0
      vertex 32 135.5 1
      vertex 32 135.5 0
    endloop
  endfacet
  facet normal -1 -0 0
    outer loop
      vertex 32 135.5 1
      vertex 32 133 0
      vertex 32 133 1
    endloop
  endfacet
  facet normal -1 0 0
    outer loop
      vertex 32 138.251 -83.9155
      vertex 32 136.615 -83.5748
      vertex 32 136.646 -83.5603
    endloop
  endfacet
  facet normal -1 0 0
    outer loop
      vertex 32 138.251 -83.9155
      vertex 32 136.398 -83.6762
      vertex 32 136.615 -83.5748
    endloop
  endfacet
  facet normal -1 0 0
    outer loop
      vertex 32 123.021 -91.0172
      vertex 32 136.398 -83.6762
      vertex 32 138.251 -83.9155
    endloop
  endfacet
  facet normal -1 0 0
    outer loop
      vertex 32 136.398 -83.6762
      vertex 32 123.021 -91.0172
      vertex 32 122.599 -90.1109
    endloop
  endfacet
  facet normal -1 0 0
    outer loop
      vertex 32 139.303 -83.4247
      vertex 32 139.293 -83.3194
      vertex 32 139.335 -83.41
    endloop
  endfacet
  facet normal -1 0 0
    outer loop
      vertex 32 139.289 -83.4316
      vertex 32 139.293 -83.3194
      vertex 32 139.303 -83.4247
    endloop
  endfacet
  facet normal -1 0 0
    outer loop
      vertex 32 139.233 -83.4573
      vertex 32 139.293 -83.3194
      vertex 32 139.289 -83.4316
    endloop
  endfacet
  facet normal -1 0 0
    outer loop
      vertex 32 138.908 -83.6091
      vertex 32 139.293 -83.3194
      vertex 32 139.233 -83.4573
    endloop
  endfacet
  facet normal -1 0 0
    outer loop
      vertex 32 136.604 -83.4696
      vertex 32 138.908 -83.6091
      vertex 32 138.251 -83.9155
    endloop
  endfacet
  facet normal -1 0 0
    outer loop
      vertex 32 136.604 -83.4696
      vertex 32 138.251 -83.9155
      vertex 32 136.646 -83.5603
    endloop
  endfacet
  facet normal -1 0 0
    outer loop
      vertex 32 138.908 -83.6091
      vertex 32 136.604 -83.4696
      vertex 32 139.293 -83.3194
    endloop
  endfacet
  facet normal -1 0 0
    outer loop
      vertex 32 136.604 -83.4696
      vertex 32 97.1449 0
      vertex 32 139.293 -83.3194
    endloop
  endfacet
  facet normal -1 -0 -0
    outer loop
      vertex 32 97.1449 0
      vertex 32 136.604 -83.4696
      vertex 32 94.1203 0
    endloop
  endfacet
  facet normal -1 -0 0
    outer loop
      vertex 32 115.771 -94.3981
      vertex 32 102.403 -99.5284
      vertex 32 115.348 -93.4918
    endloop
  endfacet
  facet normal -1 0 0
    outer loop
      vertex 32 100.562 -101.49
      vertex 32 102.403 -99.5284
      vertex 32 115.771 -94.3981
    endloop
  endfacet
  facet normal -1 0 0
    outer loop
      vertex 32 102.403 -99.5284
      vertex 32 100.562 -101.49
      vertex 32 101.631 -99.8882
    endloop
  endfacet
  facet normal -1 0 0
    outer loop
      vertex 32 101.631 -99.8882
      vertex 32 100.562 -101.49
      vertex 32 101.582 -99.9111
    endloop
  endfacet
  facet normal -1 0 0
    outer loop
      vertex 32 101.582 -99.9111
      vertex 32 100.562 -101.49
      vertex 32 101.314 -100.036
    endloop
  endfacet
  facet normal -1 0 0
    outer loop
      vertex 32 101.314 -100.036
      vertex 32 100.562 -101.49
      vertex 32 101.3 -100.042
    endloop
  endfacet
  facet normal -1 0 0
    outer loop
      vertex 32 100.562 -101.49
      vertex 32 101.258 -99.9518
      vertex 32 101.3 -100.042
    endloop
  endfacet
  facet normal -1 0 0
    outer loop
      vertex 32 99.789 -101.851
      vertex 32 101.258 -99.9518
      vertex 32 100.562 -101.49
    endloop
  endfacet
  facet normal -1 0 0
    outer loop
      vertex 32 99.415 -101.915
      vertex 32 99.789 -101.851
      vertex 32 99.7411 -101.873
    endloop
  endfacet
  facet normal -1 0 0
    outer loop
      vertex 32 99.415 -101.915
      vertex 32 99.7411 -101.873
      vertex 32 99.4714 -101.999
    endloop
  endfacet
  facet normal -1 0 0
    outer loop
      vertex 32 99.415 -101.915
      vertex 32 99.4714 -101.999
      vertex 32 99.4573 -102.005
    endloop
  endfacet
  facet normal -1 -0 0
    outer loop
      vertex 32 99.789 -101.851
      vertex 32 99.415 -101.915
      vertex 32 101.258 -99.9518
    endloop
  endfacet
  facet normal -1 0 0
    outer loop
      vertex 32 69.1867 -29.9911
      vertex 32 101.258 -99.9518
      vertex 32 99.415 -101.915
    endloop
  endfacet
  facet normal -1 0 0
    outer loop
      vertex 32 101.258 -99.9518
      vertex 32 69.1867 -29.9911
      vertex 32 71.1387 -29.0809
    endloop
  endfacet
  facet normal -1 0 0
    outer loop
      vertex 32 99.415 -101.915
      vertex 32 69.1534 -29.9198
      vertex 32 69.1867 -29.9911
    endloop
  endfacet
  facet normal -1 0 0
    outer loop
      vertex 32 99.415 -101.915
      vertex 32 69.0874 -29.7783
      vertex 32 69.1534 -29.9198
    endloop
  endfacet
  facet normal -1 0 0
    outer loop
      vertex 32 99.415 -101.915
      vertex 32 65.0681 -21.1588
      vertex 32 69.0874 -29.7783
    endloop
  endfacet
  facet normal -1 0 0
    outer loop
      vertex 32 99.415 -101.915
      vertex 32 65.0021 -21.0172
      vertex 32 65.0681 -21.1588
    endloop
  endfacet
  facet normal -1 0 0
    outer loop
      vertex 32 99.415 -101.915
      vertex 32 64.9688 -20.9459
      vertex 32 65.0021 -21.0172
    endloop
  endfacet
  facet normal -1 0 0
    outer loop
      vertex 32 55.8035 0
      vertex 32 63.0237 -9.98639
      vertex 32 63.0237 -15
    endloop
  endfacet
  facet normal -1 0 0
    outer loop
      vertex 32 63.0237 -9.98639
      vertex 32 55.8035 0
      vertex 32 58.7795 0
    endloop
  endfacet
  facet normal -1 0 0
    outer loop
      vertex 32 64.9688 -20.9459
      vertex 32 55.8035 0
      vertex 32 63.0237 -15
    endloop
  endfacet
  facet normal -1 0 0
    outer loop
      vertex 32 55.8035 0
      vertex 32 64.9688 -20.9459
      vertex 32 99.415 -101.915
    endloop
  endfacet
  facet normal -1 0 0
    outer loop
      vertex 32 64.9688 -20.9459
      vertex 32 65.1544 -15
      vertex 32 67.2327 -19.8902
    endloop
  endfacet
  facet normal -1 -0 0
    outer loop
      vertex 32 65.1544 -15
      vertex 32 64.9688 -20.9459
      vertex 32 63.0237 -15
    endloop
  endfacet
  facet normal 0 0 1
    outer loop
      vertex 48.6 56.1 31.75
      vertex 46.1 54.6 31.75
      vertex 48.6 7 31.75
    endloop
  endfacet
  facet normal -0 0 1
    outer loop
      vertex 32 56.1 31.75
      vertex 46.1 54.6 31.75
      vertex 48.6 56.1 31.75
    endloop
  endfacet
  facet normal 0 0 1
    outer loop
      vertex 46.1 54.6 31.75
      vertex 32 56.1 31.75
      vertex 32 54.6 31.75
    endloop
  endfacet
  facet normal 0 0 1
    outer loop
      vertex 48.6 7 31.75
      vertex 46.1 54.6 31.75
      vertex 46.1 7 31.75
    endloop
  endfacet
  facet normal 1 0 0
    outer loop
      vertex 48.6 56.1 31.75
      vertex 48.6 10 28.7566
      vertex 48.6 56.1 16.25
    endloop
  endfacet
  facet normal 1 -0 0
    outer loop
      vertex 48.6 7 31.75
      vertex 48.6 10 28.7566
      vertex 48.6 56.1 31.75
    endloop
  endfacet
  facet normal 1 0 0
    outer loop
      vertex 48.6 10 28.7566
      vertex 48.6 7 31.75
      vertex 48.6 7 28.7566
    endloop
  endfacet
  facet normal 1 -0 0
    outer loop
      vertex 48.6 10 19.2504
      vertex 48.6 56.1 16.25
      vertex 48.6 10 28.7566
    endloop
  endfacet
  facet normal 1 0 0
    outer loop
      vertex 48.6 7 16.25
      vertex 48.6 10 19.2504
      vertex 48.6 7 19.2504
    endloop
  endfacet
  facet normal 1 0 0
    outer loop
      vertex 48.6 10 19.2504
      vertex 48.6 7 16.25
      vertex 48.6 56.1 16.25
    endloop
  endfacet
  facet normal 0 0 -1
    outer loop
      vertex 43.75 52.25 16.25
      vertex 48.6 7 16.25
      vertex 43.75 7.75 16.25
    endloop
  endfacet
  facet normal 0 0 -1
    outer loop
      vertex 32 7 16.25
      vertex 43.75 7.75 16.25
      vertex 48.6 7 16.25
    endloop
  endfacet
  facet normal -0 0 -1
    outer loop
      vertex 43.75 7.75 16.25
      vertex 32 7 16.25
      vertex 32 7.75 16.25
    endloop
  endfacet
  facet normal 0 0 -1
    outer loop
      vertex 48.6 7 16.25
      vertex 43.75 52.25 16.25
      vertex 48.6 56.1 16.25
    endloop
  endfacet
  facet normal 0 0 -1
    outer loop
      vertex 32 56.1 16.25
      vertex 43.75 52.25 16.25
      vertex 32 52.25 16.25
    endloop
  endfacet
  facet normal 0 0 -1
    outer loop
      vertex 43.75 52.25 16.25
      vertex 32 56.1 16.25
      vertex 48.6 56.1 16.25
    endloop
  endfacet
  facet normal 0 1 0
    outer loop
      vertex 48.6 56.1 31.75
      vertex 39 56.1 31.5
      vertex 32 56.1 31.75
    endloop
  endfacet
  facet normal 0 1 0
    outer loop
      vertex 48.6 56.1 31.75
      vertex 39 56.1 19.5
      vertex 39 56.1 31.5
    endloop
  endfacet
  facet normal 0 1 -0
    outer loop
      vertex 48.6 56.1 16.25
      vertex 39 56.1 19.5
      vertex 48.6 56.1 31.75
    endloop
  endfacet
  facet normal 0 1 0
    outer loop
      vertex 32 56.1 16.25
      vertex 39 56.1 19.5
      vertex 48.6 56.1 16.25
    endloop
  endfacet
  facet normal 0 1 0
    outer loop
      vertex 39 56.1 19.5
      vertex 32 56.1 16.25
      vertex 32 56.1 19.5
    endloop
  endfacet
  facet normal 0 1 0
    outer loop
      vertex 32 56.1 31.75
      vertex 39 56.1 31.5
      vertex 32 56.1 31.5
    endloop
  endfacet
  facet normal -1 0 0
    outer loop
      vertex 46.1 10 30
      vertex 46.1 54.6 17.25
      vertex 46.1 10 18
    endloop
  endfacet
  facet normal -1 0 0
    outer loop
      vertex 46.1 7 17.25
      vertex 46.1 10 18
      vertex 46.1 54.6 17.25
    endloop
  endfacet
  facet normal -1 -0 0
    outer loop
      vertex 46.1 10 18
      vertex 46.1 7 17.25
      vertex 46.1 7 18
    endloop
  endfacet
  facet normal -1 0 0
    outer loop
      vertex 46.1 54.6 17.25
      vertex 46.1 10 30
      vertex 46.1 54.6 31.75
    endloop
  endfacet
  facet normal -1 0 0
    outer loop
      vertex 46.1 7 31.75
      vertex 46.1 10 30
      vertex 46.1 7 30
    endloop
  endfacet
  facet normal -1 0 0
    outer loop
      vertex 46.1 10 30
      vertex 46.1 7 31.75
      vertex 46.1 54.6 31.75
    endloop
  endfacet
  facet normal 0 -1 0
    outer loop
      vertex 32 54.6 19.0852
      vertex 32 54.6 17.25
      vertex 36 54.6 19.0852
    endloop
  endfacet
  facet normal 0 -1 0
    outer loop
      vertex 36 54.6 19.5
      vertex 36 54.6 19.0852
      vertex 39 54.6 19.5
    endloop
  endfacet
  facet normal 0 -1 0
    outer loop
      vertex 39 54.6 31.5
      vertex 32 54.6 31.75
      vertex 32 54.6 31.5
    endloop
  endfacet
  facet normal 0 -1 0
    outer loop
      vertex 32 54.6 31.75
      vertex 39 54.6 31.5
      vertex 46.1 54.6 31.75
    endloop
  endfacet
  facet normal 0 -1 0
    outer loop
      vertex 39 54.6 19.5
      vertex 46.1 54.6 31.75
      vertex 39 54.6 31.5
    endloop
  endfacet
  facet normal 0 -1 0
    outer loop
      vertex 46.1 54.6 17.25
      vertex 36 54.6 19.0852
      vertex 32 54.6 17.25
    endloop
  endfacet
  facet normal 0 -1 0
    outer loop
      vertex 39 54.6 19.5
      vertex 46.1 54.6 17.25
      vertex 46.1 54.6 31.75
    endloop
  endfacet
  facet normal 0 -1 0
    outer loop
      vertex 36 54.6 19.0852
      vertex 46.1 54.6 17.25
      vertex 39 54.6 19.5
    endloop
  endfacet
  facet normal 0 0 1
    outer loop
      vertex 46.1 54.6 17.25
      vertex 43.75 52.25 17.25
      vertex 46.1 7 17.25
    endloop
  endfacet
  facet normal -0 0 1
    outer loop
      vertex 32 54.6 17.25
      vertex 43.75 52.25 17.25
      vertex 46.1 54.6 17.25
    endloop
  endfacet
  facet normal 0 0 1
    outer loop
      vertex 43.75 52.25 17.25
      vertex 32 54.6 17.25
      vertex 32 52.25 17.25
    endloop
  endfacet
  facet normal -0 0 1
    outer loop
      vertex 43.75 7.75 17.25
      vertex 46.1 7 17.25
      vertex 43.75 52.25 17.25
    endloop
  endfacet
  facet normal 0 0 1
    outer loop
      vertex 32 7 17.25
      vertex 43.75 7.75 17.25
      vertex 32 7.75 17.25
    endloop
  endfacet
  facet normal 0 0 1
    outer loop
      vertex 43.75 7.75 17.25
      vertex 32 7 17.25
      vertex 46.1 7 17.25
    endloop
  endfacet
  facet normal -1 0 0
    outer loop
      vertex 43.75 7.75 16.25
      vertex 43.75 52.25 17.25
      vertex 43.75 52.25 16.25
    endloop
  endfacet
  facet normal -1 -0 0
    outer loop
      vertex 43.75 52.25 17.25
      vertex 43.75 7.75 16.25
      vertex 43.75 7.75 17.25
    endloop
  endfacet
  facet normal 0 1 -0
    outer loop
      vertex 43.75 7.75 16.25
      vertex 32 7.75 17.25
      vertex 43.75 7.75 17.25
    endloop
  endfacet
  facet normal 0 1 0
    outer loop
      vertex 32 7.75 17.25
      vertex 43.75 7.75 16.25
      vertex 32 7.75 16.25
    endloop
  endfacet
  facet normal 0 -1 0
    outer loop
      vertex 32 52.25 16.25
      vertex 43.75 52.25 17.25
      vertex 32 52.25 17.25
    endloop
  endfacet
  facet normal 0 -1 -0
    outer loop
      vertex 43.75 52.25 17.25
      vertex 32 52.25 16.25
      vertex 43.75 52.25 16.25
    endloop
  endfacet
  facet normal 0 0 -1
    outer loop
      vertex 32 54.6 31.5
      vertex 39 56.1 31.5
      vertex 39 54.6 31.5
    endloop
  endfacet
  facet normal -0 0 -1
    outer loop
      vertex 39 56.1 31.5
      vertex 32 54.6 31.5
      vertex 32 56.1 31.5
    endloop
  endfacet
  facet normal -1 0 0
    outer loop
      vertex 39 54.6 19.5
      vertex 39 56.1 31.5
      vertex 39 56.1 19.5
    endloop
  endfacet
  facet normal -1 -0 0
    outer loop
      vertex 39 56.1 31.5
      vertex 39 54.6 19.5
      vertex 39 54.6 31.5
    endloop
  endfacet
  facet normal 0 0 1
    outer loop
      vertex 39 56.1 19.5
      vertex 36 55.864 19.5
      vertex 39 54.6 19.5
    endloop
  endfacet
  facet normal -0 0 1
    outer loop
      vertex 32 56.1 19.5
      vertex 36 55.864 19.5
      vertex 39 56.1 19.5
    endloop
  endfacet
  facet normal 0 0 1
    outer loop
      vertex 36 55.864 19.5
      vertex 32 56.1 19.5
      vertex 32 55.864 19.5
    endloop
  endfacet
  facet normal 0 0 1
    outer loop
      vertex 39 54.6 19.5
      vertex 36 55.864 19.5
      vertex 36 54.6 19.5
    endloop
  endfacet
  facet normal -1 0 0
    outer loop
      vertex 43.6 133 2.5
      vertex 43.6 120.504 5.4
      vertex 43.6 133 5.4
    endloop
  endfacet
  facet normal -1 0 0
    outer loop
      vertex 43.6 133 2.5
      vertex 43.6 116.823 2.82239
      vertex 43.6 120.504 5.4
    endloop
  endfacet
  facet normal -1 0 0
    outer loop
      vertex 43.6 116.823 2.82239
      vertex 43.6 87 5.4
      vertex 43.6 115.018 5.4
    endloop
  endfacet
  facet normal -1 0 0
    outer loop
      vertex 43.6 84.5 10
      vertex 43.6 87 5.4
      vertex 43.6 84.5 2.5
    endloop
  endfacet
  facet normal -1 -0 0
    outer loop
      vertex 43.6 116.823 2.82239
      vertex 43.6 84.5 2.5
      vertex 43.6 87 5.4
    endloop
  endfacet
  facet normal -1 0 0
    outer loop
      vertex 43.6 84.5 2.5
      vertex 43.6 116.823 2.82239
      vertex 43.6 133 2.5
    endloop
  endfacet
  facet normal -1 0 0
    outer loop
      vertex 43.6 87 7.3
      vertex 43.6 111.797 10
      vertex 43.6 113.687 7.3
    endloop
  endfacet
  facet normal -1 0 0
    outer loop
      vertex 43.6 87 7.3
      vertex 43.6 84.5 10
      vertex 43.6 111.797 10
    endloop
  endfacet
  facet normal -1 0 0
    outer loop
      vertex 43.6 87 5.4
      vertex 43.6 84.5 10
      vertex 43.6 87 7.3
    endloop
  endfacet
  facet normal -1 0 0
    outer loop
      vertex 43.6 133 7.3
      vertex 43.6 127.073 10
      vertex 43.6 133 10
    endloop
  endfacet
  facet normal -1 0 -0
    outer loop
      vertex 43.6 127.073 10
      vertex 43.6 133 7.3
      vertex 43.6 123.217 7.3
    endloop
  endfacet
  facet normal 0 0 1
    outer loop
      vertex 46.05 111.797 10
      vertex 48.6 133 10
      vertex 46.05 127.073 10
    endloop
  endfacet
  facet normal -0 0 1
    outer loop
      vertex 43.6 133 10
      vertex 46.05 127.073 10
      vertex 48.6 133 10
    endloop
  endfacet
  facet normal 0 0 1
    outer loop
      vertex 46.05 127.073 10
      vertex 43.6 133 10
      vertex 43.6 127.073 10
    endloop
  endfacet
  facet normal 0 0 1
    outer loop
      vertex 48.6 133 10
      vertex 46.05 111.797 10
      vertex 48.6 84.5 10
    endloop
  endfacet
  facet normal 0 0 1
    outer loop
      vertex 43.6 84.5 10
      vertex 46.05 111.797 10
      vertex 43.6 111.797 10
    endloop
  endfacet
  facet normal 0 0 1
    outer loop
      vertex 46.05 111.797 10
      vertex 43.6 84.5 10
      vertex 48.6 84.5 10
    endloop
  endfacet
  facet normal 1 -0 0
    outer loop
      vertex 48.6 84.5 10
      vertex 48.6 133 2.5
      vertex 48.6 133 10
    endloop
  endfacet
  facet normal 1 0 0
    outer loop
      vertex 48.6 133 2.5
      vertex 48.6 84.5 10
      vertex 48.6 84.5 2.5
    endloop
  endfacet
  facet normal 0 0 -1
    outer loop
      vertex 43.6 84.5 2.5
      vertex 48.6 133 2.5
      vertex 48.6 84.5 2.5
    endloop
  endfacet
  facet normal -0 0 -1
    outer loop
      vertex 48.6 133 2.5
      vertex 43.6 84.5 2.5
      vertex 43.6 133 2.5
    endloop
  endfacet
  facet normal 0 -1 0
    outer loop
      vertex 43.6 84.5 2.5
      vertex 48.6 84.5 10
      vertex 43.6 84.5 10
    endloop
  endfacet
  facet normal 0 -1 -0
    outer loop
      vertex 48.6 84.5 10
      vertex 43.6 84.5 2.5
      vertex 48.6 84.5 2.5
    endloop
  endfacet
  facet normal 0 0 -1
    outer loop
      vertex 46.4 87 7.3
      vertex 46.05 113.687 7.3
      vertex 46.4 133 7.3
    endloop
  endfacet
  facet normal 0 0 -1
    outer loop
      vertex 43.6 87 7.3
      vertex 46.05 113.687 7.3
      vertex 46.4 87 7.3
    endloop
  endfacet
  facet normal -0 0 -1
    outer loop
      vertex 46.05 113.687 7.3
      vertex 43.6 87 7.3
      vertex 43.6 113.687 7.3
    endloop
  endfacet
  facet normal 0 0 -1
    outer loop
      vertex 46.05 123.217 7.3
      vertex 46.4 133 7.3
      vertex 46.05 113.687 7.3
    endloop
  endfacet
  facet normal 0 0 -1
    outer loop
      vertex 43.6 133 7.3
      vertex 46.05 123.217 7.3
      vertex 43.6 123.217 7.3
    endloop
  endfacet
  facet normal 0 0 -1
    outer loop
      vertex 46.05 123.217 7.3
      vertex 43.6 133 7.3
      vertex 46.4 133 7.3
    endloop
  endfacet
  facet normal -1 0 0
    outer loop
      vertex 46.4 87 5.4
      vertex 46.4 133 7.3
      vertex 46.4 133 5.4
    endloop
  endfacet
  facet normal -1 -0 0
    outer loop
      vertex 46.4 133 7.3
      vertex 46.4 87 5.4
      vertex 46.4 87 7.3
    endloop
  endfacet
  facet normal 0 0 1
    outer loop
      vertex 46.05 115.018 5.4
      vertex 46.4 133 5.4
      vertex 46.05 120.504 5.4
    endloop
  endfacet
  facet normal -0 0 1
    outer loop
      vertex 43.6 133 5.4
      vertex 46.05 120.504 5.4
      vertex 46.4 133 5.4
    endloop
  endfacet
  facet normal 0 0 1
    outer loop
      vertex 46.05 120.504 5.4
      vertex 43.6 133 5.4
      vertex 43.6 120.504 5.4
    endloop
  endfacet
  facet normal 0 0 1
    outer loop
      vertex 46.4 133 5.4
      vertex 46.05 115.018 5.4
      vertex 46.4 87 5.4
    endloop
  endfacet
  facet normal 0 0 1
    outer loop
      vertex 43.6 87 5.4
      vertex 46.05 115.018 5.4
      vertex 43.6 115.018 5.4
    endloop
  endfacet
  facet normal 0 0 1
    outer loop
      vertex 46.05 115.018 5.4
      vertex 43.6 87 5.4
      vertex 46.4 87 5.4
    endloop
  endfacet
  facet normal 0 1 -0
    outer loop
      vertex 46.4 87 5.4
      vertex 43.6 87 7.3
      vertex 46.4 87 7.3
    endloop
  endfacet
  facet normal 0 1 0
    outer loop
      vertex 43.6 87 7.3
      vertex 46.4 87 5.4
      vertex 43.6 87 5.4
    endloop
  endfacet
  facet normal 0 0.819081 0.573678
    outer loop
      vertex 48 135.5 32.9846
      vertex 46 134.751 34.054
      vertex 48 134.751 34.054
    endloop
  endfacet
  facet normal 0 0.819081 0.573678
    outer loop
      vertex 46 134.751 34.054
      vertex 48 135.5 32.9846
      vertex 46 135.5 32.9846
    endloop
  endfacet
  facet normal -1 0 0
    outer loop
      vertex 46 135.5 31.5264
      vertex 46 134.751 34.054
      vertex 46 135.5 32.9846
    endloop
  endfacet
  facet normal -1 0 0
    outer loop
      vertex 46 126.478 28.2609
      vertex 46 135.5 31.5264
      vertex 46 127.912 26.213
    endloop
  endfacet
  facet normal -1 -0 0
    outer loop
      vertex 46 135.5 31.5264
      vertex 46 126.478 28.2609
      vertex 46 134.751 34.054
    endloop
  endfacet
  facet normal 1 0 0
    outer loop
      vertex 48 124.43 26.8269
      vertex 48 113.249 15.946
      vertex 48 125.864 24.7791
    endloop
  endfacet
  facet normal 1 0 -0
    outer loop
      vertex 48 113.249 15.946
      vertex 48 124.43 26.8269
      vertex 48 111.815 17.9939
    endloop
  endfacet
  facet normal 1 0 0
    outer loop
      vertex 48 134.751 34.054
      vertex 48 135.5 31.5264
      vertex 48 135.5 32.9846
    endloop
  endfacet
  facet normal 1 0 0
    outer loop
      vertex 48 126.478 28.2609
      vertex 48 135.5 31.5264
      vertex 48 134.751 34.054
    endloop
  endfacet
  facet normal 1 0 0
    outer loop
      vertex 48 135.5 31.5264
      vertex 48 126.478 28.2609
      vertex 48 127.912 26.213
    endloop
  endfacet
  facet normal 0 0.573576 -0.819153
    outer loop
      vertex 46.05 113.249 15.946
      vertex 48 125.864 24.7791
      vertex 48 113.249 15.946
    endloop
  endfacet
  facet normal 0 0.573576 -0.819153
    outer loop
      vertex 48 125.864 24.7791
      vertex 46.05 113.249 15.946
      vertex 46.05 125.864 24.7791
    endloop
  endfacet
  facet normal 0 0.573593 -0.819141
    outer loop
      vertex 46 127.912 26.213
      vertex 48 135.5 31.5264
      vertex 48 127.912 26.213
    endloop
  endfacet
  facet normal 0 0.573593 -0.819141
    outer loop
      vertex 48 135.5 31.5264
      vertex 46 127.912 26.213
      vertex 46 135.5 31.5264
    endloop
  endfacet
  facet normal 0 -0.819144 -0.573589
    outer loop
      vertex 46.05 113.249 15.946
      vertex 48 111.815 17.9939
      vertex 46.05 111.815 17.9939
    endloop
  endfacet
  facet normal 0 -0.819144 -0.573589
    outer loop
      vertex 48 111.815 17.9939
      vertex 46.05 113.249 15.946
      vertex 48 113.249 15.946
    endloop
  endfacet
  facet normal 0 -0.573595 0.819139
    outer loop
      vertex 46 134.751 34.054
      vertex 48 126.478 28.2609
      vertex 48 134.751 34.054
    endloop
  endfacet
  facet normal 0 -0.573595 0.819139
    outer loop
      vertex 48 126.478 28.2609
      vertex 46 134.751 34.054
      vertex 46 126.478 28.2609
    endloop
  endfacet
  facet normal 0 -0.573571 0.819156
    outer loop
      vertex 46.05 124.43 26.8269
      vertex 48 111.815 17.9939
      vertex 48 124.43 26.8269
    endloop
  endfacet
  facet normal 0 -0.573571 0.819156
    outer loop
      vertex 48 111.815 17.9939
      vertex 46.05 124.43 26.8269
      vertex 46.05 111.815 17.9939
    endloop
  endfacet
  facet normal 0 0 0
    outer loop
      vertex 48 124.43 26.8269
      vertex 46 124.43 26.8269
      vertex 46.05 124.43 26.8269
    endloop
  endfacet
  facet normal 0.998027 0.0569103 0.0265381
    outer loop
      vertex 46.3101 92.777 -32.2422
      vertex 46.4 96.5535 -43.7217
      vertex 46.3101 97.8485 -43.1179
    endloop
  endfacet
  facet normal 0.998026 0.0569141 0.0265394
    outer loop
      vertex 46.4 96.5535 -43.7217
      vertex 46.3101 92.777 -32.2422
      vertex 46.4 91.4821 -32.846
    endloop
  endfacet
  facet normal 0 0.906321 0.422589
    outer loop
      vertex 35.7158 106.865 -38.9134
      vertex 35 101.794 -28.0377
      vertex 35.7158 101.794 -28.0377
    endloop
  endfacet
  facet normal 0 0.906321 0.422589
    outer loop
      vertex 35 101.794 -28.0377
      vertex 35.7158 106.865 -38.9134
      vertex 35 106.865 -38.9134
    endloop
  endfacet
  facet normal 0.684489 0.660729 0.308077
    outer loop
      vertex 42.2666 99.443 -29.1338
      vertex 43.3102 103.626 -40.4237
      vertex 42.2666 104.514 -40.0095
    endloop
  endfacet
  facet normal 0.684557 0.660667 0.308061
    outer loop
      vertex 43.3102 103.626 -40.4237
      vertex 42.2666 99.443 -29.1338
      vertex 43.3102 98.5548 -29.548
    endloop
  endfacet
  facet normal 0.904839 0.385863 0.179934
    outer loop
      vertex 44.9899 96.4595 -30.525
      vertex 45.5994 100.357 -41.9481
      vertex 44.9899 101.531 -41.4007
    endloop
  endfacet
  facet normal 0.904839 0.385863 0.179934
    outer loop
      vertex 45.5994 100.357 -41.9481
      vertex 44.9899 96.4595 -30.525
      vertex 45.5994 95.2855 -31.0724
    endloop
  endfacet
  facet normal 0.982283 0.169846 0.0792011
    outer loop
      vertex 46.0418 94.0516 -31.6479
      vertex 46.3101 97.8485 -43.1179
      vertex 46.0418 99.123 -42.5235
    endloop
  endfacet
  facet normal 0.982284 0.169841 0.0791991
    outer loop
      vertex 46.3101 97.8485 -43.1179
      vertex 46.0418 94.0516 -31.6479
      vertex 46.3101 92.777 -32.2422
    endloop
  endfacet
  facet normal 0.844241 0.485757 0.226489
    outer loop
      vertex 44.2228 97.5551 -30.0141
      vertex 44.9899 101.531 -41.4007
      vertex 44.2228 102.626 -40.8898
    endloop
  endfacet
  facet normal 0.84435 0.485591 0.226438
    outer loop
      vertex 44.9899 101.531 -41.4007
      vertex 44.2228 97.5551 -30.0141
      vertex 44.9899 96.4595 -30.525
    endloop
  endfacet
  facet normal 0.367766 0.842775 0.393037
    outer loop
      vertex 39.8539 100.831 -28.4867
      vertex 38.5228 106.38 -39.1397
      vertex 38.5228 101.308 -28.264
    endloop
  endfacet
  facet normal 0.368313 0.842608 0.392882
    outer loop
      vertex 38.5228 106.38 -39.1397
      vertex 39.8539 100.831 -28.4867
      vertex 39.8539 105.902 -39.3624
    endloop
  endfacet
  facet normal 0.248885 0.877802 0.409292
    outer loop
      vertex 38.5228 101.308 -28.264
      vertex 37.1361 106.702 -38.9892
      vertex 37.1361 101.631 -28.1135
    endloop
  endfacet
  facet normal 0.248291 0.877909 0.409423
    outer loop
      vertex 37.1361 106.702 -38.9892
      vertex 38.5228 101.308 -28.264
      vertex 38.5228 106.38 -39.1397
    endloop
  endfacet
  facet normal 0.587929 0.733135 0.341838
    outer loop
      vertex 42.2666 99.443 -29.1338
      vertex 41.1084 105.277 -39.6539
      vertex 41.1084 100.206 -28.7782
    endloop
  endfacet
  facet normal 0.587929 0.733135 0.341838
    outer loop
      vertex 41.1084 105.277 -39.6539
      vertex 42.2666 99.443 -29.1338
      vertex 42.2666 104.514 -40.0095
    endloop
  endfacet
  facet normal 0.125316 -0.899164 -0.419285
    outer loop
      vertex 35.7158 81.1706 -37.6543
      vertex 37.1361 86.4046 -48.4542
      vertex 37.1361 81.3332 -37.5785
    endloop
  endfacet
  facet normal 0.125316 -0.899164 -0.419285
    outer loop
      vertex 37.1361 86.4046 -48.4542
      vertex 35.7158 81.1706 -37.6543
      vertex 35.7158 86.242 -48.53
    endloop
  endfacet
  facet normal 0.951056 0.280065 0.130599
    outer loop
      vertex 45.5994 95.2855 -31.0724
      vertex 46.0418 99.123 -42.5235
      vertex 45.5994 100.357 -41.9481
    endloop
  endfacet
  facet normal 0.951053 0.280075 0.130602
    outer loop
      vertex 46.0418 99.123 -42.5235
      vertex 45.5994 95.2855 -31.0724
      vertex 46.0418 94.0516 -31.6479
    endloop
  endfacet
  facet normal 0.770555 0.577661 0.269356
    outer loop
      vertex 43.3102 98.5548 -29.548
      vertex 44.2228 102.626 -40.8898
      vertex 43.3102 103.626 -40.4237
    endloop
  endfacet
  facet normal 0.770478 0.577752 0.269382
    outer loop
      vertex 44.2228 102.626 -40.8898
      vertex 43.3102 98.5548 -29.548
      vertex 44.2228 97.5551 -30.0141
    endloop
  endfacet
  facet normal 0.125565 0.899148 0.419245
    outer loop
      vertex 37.1361 101.631 -28.1135
      vertex 35.7158 106.865 -38.9134
      vertex 35.7158 101.794 -28.0377
    endloop
  endfacet
  facet normal 0.125565 0.899148 0.419245
    outer loop
      vertex 35.7158 106.865 -38.9134
      vertex 37.1361 101.631 -28.1135
      vertex 37.1361 106.702 -38.9892
    endloop
  endfacet
  facet normal 0.481737 0.794224 0.370322
    outer loop
      vertex 41.1084 100.206 -28.7782
      vertex 39.8539 105.902 -39.3624
      vertex 39.8539 100.831 -28.4867
    endloop
  endfacet
  facet normal 0.481737 0.794224 0.370322
    outer loop
      vertex 39.8539 105.902 -39.3624
      vertex 41.1084 100.206 -28.7782
      vertex 41.1084 105.277 -39.6539
    endloop
  endfacet
  facet normal 0 -0.422606 0.906314
    outer loop
      vertex 44.4 91.4821 -32.846
      vertex 46.4 91.4821 -32.846
      vertex 46.3101 92.777 -32.2422
    endloop
  endfacet
  facet normal -5.11251e-06 -0.422587 0.906323
    outer loop
      vertex 44.3259 92.5499 -32.3481
      vertex 46.3101 92.777 -32.2422
      vertex 46.0418 94.0516 -31.6479
    endloop
  endfacet
  facet normal 0 -0.422606 0.906314
    outer loop
      vertex 46.4 91.4821 -32.846
      vertex 44.4 91.4821 -32.846
      vertex 46.3101 90.1872 -33.4498
    endloop
  endfacet
  facet normal 2.43646e-05 -0.422685 0.906277
    outer loop
      vertex 44.1047 93.6008 -31.8581
      vertex 46.0418 94.0516 -31.6479
      vertex 45.5994 95.2855 -31.0724
    endloop
  endfacet
  facet normal -2.26855e-05 -0.422633 0.906301
    outer loop
      vertex 44.3259 90.4144 -33.3439
      vertex 46.3101 90.1872 -33.4498
      vertex 44.4 91.4821 -32.846
    endloop
  endfacet
  facet normal -4.32279e-05 -0.422608 0.906313
    outer loop
      vertex 43.7399 94.6183 -31.3836
      vertex 45.5994 95.2855 -31.0724
      vertex 44.9899 96.4595 -30.525
    endloop
  endfacet
  facet normal -2.73409e-05 -0.422667 0.906285
    outer loop
      vertex 46.3101 90.1872 -33.4498
      vertex 44.3259 90.4144 -33.3439
      vertex 46.0418 88.9127 -34.0442
    endloop
  endfacet
  facet normal 1.36354e-05 -0.422628 0.906303
    outer loop
      vertex 44.1047 89.3634 -33.834
      vertex 46.0418 88.9127 -34.0442
      vertex 44.3259 90.4144 -33.3439
    endloop
  endfacet
  facet normal -2.94104e-06 -0.422602 0.906315
    outer loop
      vertex 46.3101 92.777 -32.2422
      vertex 44.3259 92.5499 -32.3481
      vertex 44.4 91.4821 -32.846
    endloop
  endfacet
  facet normal -3.65323e-06 -0.422629 0.906303
    outer loop
      vertex 43.2373 95.5863 -30.9322
      vertex 44.9899 96.4595 -30.525
      vertex 44.2228 97.5551 -30.0141
    endloop
  endfacet
  facet normal -3.04736e-06 -0.422589 0.906322
    outer loop
      vertex 46.0418 94.0516 -31.6479
      vertex 44.1047 93.6008 -31.8581
      vertex 44.3259 92.5499 -32.3481
    endloop
  endfacet
  facet normal -2.52946e-05 -0.422649 0.906293
    outer loop
      vertex 45.5994 95.2855 -31.0724
      vertex 43.7399 94.6183 -31.3836
      vertex 44.1047 93.6008 -31.8581
    endloop
  endfacet
  facet normal -4.24762e-05 -0.4226 0.906316
    outer loop
      vertex 42.6048 96.4896 -30.511
      vertex 44.2228 97.5551 -30.0141
      vertex 43.3102 98.5548 -29.548
    endloop
  endfacet
  facet normal -3.02187e-06 -0.42263 0.906302
    outer loop
      vertex 44.9899 96.4595 -30.525
      vertex 43.2373 95.5863 -30.9322
      vertex 43.7399 94.6183 -31.3836
    endloop
  endfacet
  facet normal -2.5961e-05 -0.42262 0.906307
    outer loop
      vertex 44.2228 97.5551 -30.0141
      vertex 42.6048 96.4896 -30.511
      vertex 43.2373 95.5863 -30.9322
    endloop
  endfacet
  facet normal 9.39265e-06 -0.422631 0.906302
    outer loop
      vertex 41.8523 97.314 -30.1266
      vertex 43.3102 98.5548 -29.548
      vertex 42.2666 99.443 -29.1338
    endloop
  endfacet
  facet normal -1.45649e-05 -0.422607 0.906313
    outer loop
      vertex 43.3102 98.5548 -29.548
      vertex 41.8523 97.314 -30.1266
      vertex 42.6048 96.4896 -30.511
    endloop
  endfacet
  facet normal -9.63536e-05 -0.42255 0.906339
    outer loop
      vertex 40.9918 98.0463 -29.7851
      vertex 42.2666 99.443 -29.1338
      vertex 41.1084 100.206 -28.7782
    endloop
  endfacet
  facet normal 1.10603e-05 -0.422631 0.906302
    outer loop
      vertex 42.2666 99.443 -29.1338
      vertex 40.9918 98.0463 -29.7851
      vertex 41.8523 97.314 -30.1266
    endloop
  endfacet
  facet normal 8.51237e-05 -0.422558 0.906336
    outer loop
      vertex 41.1084 100.206 -28.7782
      vertex 40.0368 98.6752 -29.4918
      vertex 40.9918 98.0463 -29.7851
    endloop
  endfacet
  facet normal 7.98514e-05 -0.422555 0.906337
    outer loop
      vertex 39.8539 100.831 -28.4867
      vertex 40.0368 98.6752 -29.4918
      vertex 41.1084 100.206 -28.7782
    endloop
  endfacet
  facet normal 4.32819e-06 -0.422561 0.906335
    outer loop
      vertex 39.8539 100.831 -28.4867
      vertex 39.0023 99.1906 -29.2515
      vertex 40.0368 98.6752 -29.4918
    endloop
  endfacet
  facet normal 0.000177596 -0.422634 0.9063
    outer loop
      vertex 38.5228 101.308 -28.264
      vertex 39.0023 99.1906 -29.2515
      vertex 39.8539 100.831 -28.4867
    endloop
  endfacet
  facet normal 3.77284e-05 -0.422661 0.906288
    outer loop
      vertex 38.5228 101.308 -28.264
      vertex 37.9048 99.5844 -29.0678
      vertex 39.0023 99.1906 -29.2515
    endloop
  endfacet
  facet normal -7.89512e-05 -0.422626 0.906304
    outer loop
      vertex 37.1361 101.631 -28.1135
      vertex 37.9048 99.5844 -29.0678
      vertex 38.5228 101.308 -28.264
    endloop
  endfacet
  facet normal -6.82552e-05 -0.422623 0.906306
    outer loop
      vertex 37.1361 101.631 -28.1135
      vertex 36.7614 99.8505 -28.9438
      vertex 37.9048 99.5844 -29.0678
    endloop
  endfacet
  facet normal -0.000131927 -0.422612 0.906311
    outer loop
      vertex 35.7158 101.794 -28.0377
      vertex 36.7614 99.8505 -28.9438
      vertex 37.1361 101.631 -28.1135
    endloop
  endfacet
  facet normal 6.58077e-05 -0.422524 0.906352
    outer loop
      vertex 35.7158 101.794 -28.0377
      vertex 35.5902 99.9846 -28.8812
      vertex 36.7614 99.8505 -28.9438
    endloop
  endfacet
  facet normal 0 -0.422521 0.906353
    outer loop
      vertex 35 101.794 -28.0377
      vertex 35.5902 99.9846 -28.8812
      vertex 35.7158 101.794 -28.0377
    endloop
  endfacet
  facet normal 0 -0.422521 0.906353
    outer loop
      vertex 35.5902 99.9846 -28.8812
      vertex 35 101.794 -28.0377
      vertex 35 99.9846 -28.8812
    endloop
  endfacet
  facet normal 1.89047e-05 -0.42261 0.906312
    outer loop
      vertex 46.0418 88.9127 -34.0442
      vertex 44.1047 89.3634 -33.834
      vertex 45.5994 87.6787 -34.6196
    endloop
  endfacet
  facet normal 2.02715e-05 -0.422609 0.906312
    outer loop
      vertex 43.7399 88.346 -34.3084
      vertex 45.5994 87.6787 -34.6196
      vertex 44.1047 89.3634 -33.834
    endloop
  endfacet
  facet normal 2.40702e-05 -0.4226 0.906316
    outer loop
      vertex 45.5994 87.6787 -34.6196
      vertex 43.7399 88.346 -34.3084
      vertex 44.9899 86.5047 -35.167
    endloop
  endfacet
  facet normal 2.03029e-05 -0.422602 0.906315
    outer loop
      vertex 43.2373 87.3779 -34.7598
      vertex 44.9899 86.5047 -35.167
      vertex 43.7399 88.346 -34.3084
    endloop
  endfacet
  facet normal -1.05964e-05 -0.422653 0.906292
    outer loop
      vertex 44.9899 86.5047 -35.167
      vertex 43.2373 87.3779 -34.7598
      vertex 44.2228 85.4092 -35.6779
    endloop
  endfacet
  facet normal 4.3838e-05 -0.422631 0.906302
    outer loop
      vertex 42.6048 86.4746 -35.181
      vertex 44.2228 85.4092 -35.6779
      vertex 43.2373 87.3779 -34.7598
    endloop
  endfacet
  facet normal 7.61741e-05 -0.42259 0.906321
    outer loop
      vertex 44.2228 85.4092 -35.6779
      vertex 42.6048 86.4746 -35.181
      vertex 43.3102 84.4094 -36.144
    endloop
  endfacet
  facet normal -2.63041e-05 -0.422619 0.906307
    outer loop
      vertex 41.8523 85.6503 -35.5654
      vertex 43.3102 84.4094 -36.144
      vertex 42.6048 86.4746 -35.181
    endloop
  endfacet
  facet normal -2.38868e-05 -0.422617 0.906309
    outer loop
      vertex 43.3102 84.4094 -36.144
      vertex 41.8523 85.6503 -35.5654
      vertex 42.2666 83.5212 -36.5582
    endloop
  endfacet
  facet normal -7.37768e-05 -0.422625 0.906305
    outer loop
      vertex 40.9918 84.9179 -35.907
      vertex 42.2666 83.5212 -36.5582
      vertex 41.8523 85.6503 -35.5654
    endloop
  endfacet
  facet normal -2.14873e-05 -0.422585 0.906323
    outer loop
      vertex 42.2666 83.5212 -36.5582
      vertex 40.9918 84.9179 -35.907
      vertex 41.1084 82.7586 -36.9138
    endloop
  endfacet
  facet normal 2.96073e-05 -0.422583 0.906324
    outer loop
      vertex 40.0368 84.289 -36.2002
      vertex 41.1084 82.7586 -36.9138
      vertex 40.9918 84.9179 -35.907
    endloop
  endfacet
  facet normal -1.40825e-05 -0.422608 0.906312
    outer loop
      vertex 40.0368 84.289 -36.2002
      vertex 39.8539 82.1335 -37.2053
      vertex 41.1084 82.7586 -36.9138
    endloop
  endfacet
  facet normal 2.62651e-05 -0.422611 0.906311
    outer loop
      vertex 39.0023 83.7736 -36.4405
      vertex 39.8539 82.1335 -37.2053
      vertex 40.0368 84.289 -36.2002
    endloop
  endfacet
  facet normal -5.10212e-05 -0.422644 0.906296
    outer loop
      vertex 39.0023 83.7736 -36.4405
      vertex 38.5228 81.6559 -37.4281
      vertex 39.8539 82.1335 -37.2053
    endloop
  endfacet
  facet normal -4.43991e-05 -0.422645 0.906295
    outer loop
      vertex 37.9048 83.3798 -36.6242
      vertex 38.5228 81.6559 -37.4281
      vertex 39.0023 83.7736 -36.4405
    endloop
  endfacet
  facet normal 5.03796e-05 -0.422617 0.906308
    outer loop
      vertex 37.9048 83.3798 -36.6242
      vertex 37.1361 81.3332 -37.5785
      vertex 38.5228 81.6559 -37.4281
    endloop
  endfacet
  facet normal 6.82552e-05 -0.422623 0.906306
    outer loop
      vertex 36.7614 83.1137 -36.7482
      vertex 37.1361 81.3332 -37.5785
      vertex 37.9048 83.3798 -36.6242
    endloop
  endfacet
  facet normal 1.5706e-05 -0.422632 0.906301
    outer loop
      vertex 36.7614 83.1137 -36.7482
      vertex 35.7158 81.1706 -37.6543
      vertex 37.1361 81.3332 -37.5785
    endloop
  endfacet
  facet normal -5.51927e-05 -0.422601 0.906316
    outer loop
      vertex 35.5902 82.9796 -36.8108
      vertex 35.7158 81.1706 -37.6543
      vertex 36.7614 83.1137 -36.7482
    endloop
  endfacet
  facet normal 0 -0.422597 0.906317
    outer loop
      vertex 35 81.1706 -37.6543
      vertex 35.5902 82.9796 -36.8108
      vertex 35 82.9796 -36.8108
    endloop
  endfacet
  facet normal 0 -0.422597 0.906317
    outer loop
      vertex 35.5902 82.9796 -36.8108
      vertex 35 81.1706 -37.6543
      vertex 35.7158 81.1706 -37.6543
    endloop
  endfacet
  facet normal 0.844332 -0.485619 -0.226447
    outer loop
      vertex 44.9899 86.5047 -35.167
      vertex 44.2228 90.4806 -46.5536
      vertex 44.9899 91.5761 -46.0427
    endloop
  endfacet
  facet normal 0.844332 -0.485619 -0.226447
    outer loop
      vertex 44.2228 90.4806 -46.5536
      vertex 44.9899 86.5047 -35.167
      vertex 44.2228 85.4092 -35.6779
    endloop
  endfacet
  facet normal 0.982282 -0.169852 -0.0792028
    outer loop
      vertex 46.3101 90.1872 -33.4498
      vertex 46.0418 93.9841 -44.9198
      vertex 46.3101 95.2586 -44.3255
    endloop
  endfacet
  facet normal 0.982283 -0.169846 -0.0792011
    outer loop
      vertex 46.0418 93.9841 -44.9198
      vertex 46.3101 90.1872 -33.4498
      vertex 46.0418 88.9127 -34.0442
    endloop
  endfacet
  facet normal 0.36812 -0.842666 -0.39294
    outer loop
      vertex 38.5228 81.6559 -37.4281
      vertex 39.8539 87.2049 -48.081
      vertex 39.8539 82.1335 -37.2053
    endloop
  endfacet
  facet normal 0.368094 -0.842674 -0.392947
    outer loop
      vertex 39.8539 87.2049 -48.081
      vertex 38.5228 81.6559 -37.4281
      vertex 38.5228 86.7273 -48.3037
    endloop
  endfacet
  facet normal 0.248679 -0.877836 -0.409344
    outer loop
      vertex 37.1361 81.3332 -37.5785
      vertex 38.5228 86.7273 -48.3037
      vertex 38.5228 81.6559 -37.4281
    endloop
  endfacet
  facet normal 0.248707 -0.877831 -0.409338
    outer loop
      vertex 38.5228 86.7273 -48.3037
      vertex 37.1361 81.3332 -37.5785
      vertex 37.1361 86.4046 -48.4542
    endloop
  endfacet
  facet normal 0.904839 -0.385865 -0.179931
    outer loop
      vertex 45.5994 87.6787 -34.6196
      vertex 44.9899 91.5761 -46.0427
      vertex 45.5994 92.7501 -45.4953
    endloop
  endfacet
  facet normal 0.904839 -0.385865 -0.179931
    outer loop
      vertex 44.9899 91.5761 -46.0427
      vertex 45.5994 87.6787 -34.6196
      vertex 44.9899 86.5047 -35.167
    endloop
  endfacet
  facet normal 0.684557 -0.66066 -0.308076
    outer loop
      vertex 43.3102 84.4094 -36.144
      vertex 42.2666 88.5927 -47.4339
      vertex 43.3102 89.4809 -47.0197
    endloop
  endfacet
  facet normal 0.684557 -0.66066 -0.308076
    outer loop
      vertex 42.2666 88.5927 -47.4339
      vertex 43.3102 84.4094 -36.144
      vertex 42.2666 83.5212 -36.5582
    endloop
  endfacet
  facet normal 0.951059 -0.280058 -0.130594
    outer loop
      vertex 46.0418 88.9127 -34.0442
      vertex 45.5994 92.7501 -45.4953
      vertex 46.0418 93.9841 -44.9198
    endloop
  endfacet
  facet normal 0.951056 -0.280066 -0.130597
    outer loop
      vertex 45.5994 92.7501 -45.4953
      vertex 46.0418 88.9127 -34.0442
      vertex 45.5994 87.6787 -34.6196
    endloop
  endfacet
  facet normal 0.998026 -0.0569141 -0.0265394
    outer loop
      vertex 46.4 91.4821 -32.846
      vertex 46.3101 95.2586 -44.3255
      vertex 46.4 96.5535 -43.7217
    endloop
  endfacet
  facet normal 0.998026 -0.0569141 -0.0265394
    outer loop
      vertex 46.3101 95.2586 -44.3255
      vertex 46.4 91.4821 -32.846
      vertex 46.3101 90.1872 -33.4498
    endloop
  endfacet
  facet normal 0.481785 -0.794188 -0.370335
    outer loop
      vertex 39.8539 82.1335 -37.2053
      vertex 41.1084 87.83 -47.7895
      vertex 41.1084 82.7586 -36.9138
    endloop
  endfacet
  facet normal 0.481785 -0.794188 -0.370335
    outer loop
      vertex 41.1084 87.83 -47.7895
      vertex 39.8539 82.1335 -37.2053
      vertex 39.8539 87.2049 -48.081
    endloop
  endfacet
  facet normal 0 -0.906308 -0.422617
    outer loop
      vertex 35 86.242 -48.53
      vertex 35.7158 81.1706 -37.6543
      vertex 35 81.1706 -37.6543
    endloop
  endfacet
  facet normal 0 -0.906308 -0.422617
    outer loop
      vertex 35.7158 81.1706 -37.6543
      vertex 35 86.242 -48.53
      vertex 35.7158 86.242 -48.53
    endloop
  endfacet
  facet normal 0 0.422606 -0.906314
    outer loop
      vertex 44.4 96.5535 -43.7217
      vertex 46.4 96.5535 -43.7217
      vertex 46.3101 95.2586 -44.3255
    endloop
  endfacet
  facet normal 1.93908e-05 0.42261 -0.906312
    outer loop
      vertex 44.3259 95.4858 -44.2196
      vertex 46.3101 95.2586 -44.3255
      vertex 46.0418 93.9841 -44.9198
    endloop
  endfacet
  facet normal 0 0.422579 -0.906326
    outer loop
      vertex 46.4 96.5535 -43.7217
      vertex 44.4 96.5535 -43.7217
      vertex 46.3101 97.8485 -43.1179
    endloop
  endfacet
  facet normal 1.70072e-05 0.422659 -0.906289
    outer loop
      vertex 44.1047 94.4349 -44.7096
      vertex 46.0418 93.9841 -44.9198
      vertex 45.5994 92.7501 -45.4953
    endloop
  endfacet
  facet normal -1.81894e-05 0.422601 -0.906316
    outer loop
      vertex 44.3259 97.6213 -43.2238
      vertex 46.3101 97.8485 -43.1179
      vertex 44.4 96.5535 -43.7217
    endloop
  endfacet
  facet normal -2.40702e-05 0.4226 -0.906316
    outer loop
      vertex 43.7399 93.4174 -45.1841
      vertex 45.5994 92.7501 -45.4953
      vertex 44.9899 91.5761 -46.0427
    endloop
  endfacet
  facet normal -2.73409e-05 0.422667 -0.906285
    outer loop
      vertex 46.3101 97.8485 -43.1179
      vertex 44.3259 97.6213 -43.2238
      vertex 46.0418 99.123 -42.5235
    endloop
  endfacet
  facet normal -1.60851e-05 0.422656 -0.90629
    outer loop
      vertex 44.1047 98.6722 -42.7337
      vertex 46.0418 99.123 -42.5235
      vertex 44.3259 97.6213 -43.2238
    endloop
  endfacet
  facet normal 2.26855e-05 0.422633 -0.906301
    outer loop
      vertex 46.3101 95.2586 -44.3255
      vertex 44.3259 95.4858 -44.2196
      vertex 44.4 96.5535 -43.7217
    endloop
  endfacet
  facet normal 1.05964e-05 0.422653 -0.906292
    outer loop
      vertex 43.2373 92.4493 -45.6355
      vertex 44.9899 91.5761 -46.0427
      vertex 44.2228 90.4806 -46.5536
    endloop
  endfacet
  facet normal -3.04736e-06 0.422589 -0.906322
    outer loop
      vertex 46.0418 93.9841 -44.9198
      vertex 44.1047 94.4349 -44.7096
      vertex 44.3259 95.4858 -44.2196
    endloop
  endfacet
  facet normal -5.15647e-06 0.422643 -0.906296
    outer loop
      vertex 45.5994 92.7501 -45.4953
      vertex 43.7399 93.4174 -45.1841
      vertex 44.1047 94.4349 -44.7096
    endloop
  endfacet
  facet normal -5.87888e-05 0.422612 -0.906311
    outer loop
      vertex 42.6048 91.546 -46.0567
      vertex 44.2228 90.4806 -46.5536
      vertex 43.3102 89.4809 -47.0197
    endloop
  endfacet
  facet normal -2.03029e-05 0.422602 -0.906315
    outer loop
      vertex 44.9899 91.5761 -46.0427
      vertex 43.2373 92.4493 -45.6355
      vertex 43.7399 93.4174 -45.1841
    endloop
  endfacet
  facet normal -4.3838e-05 0.422631 -0.906302
    outer loop
      vertex 44.2228 90.4806 -46.5536
      vertex 42.6048 91.546 -46.0567
      vertex 43.2373 92.4493 -45.6355
    endloop
  endfacet
  facet normal 9.39265e-06 0.422631 -0.906302
    outer loop
      vertex 41.8523 90.7217 -46.4411
      vertex 43.3102 89.4809 -47.0197
      vertex 42.2666 88.5927 -47.4339
    endloop
  endfacet
  facet normal 9.99057e-06 0.422631 -0.906302
    outer loop
      vertex 43.3102 89.4809 -47.0197
      vertex 41.8523 90.7217 -46.4411
      vertex 42.6048 91.546 -46.0567
    endloop
  endfacet
  facet normal -4.04366e-05 0.422617 -0.906308
    outer loop
      vertex 40.9918 89.9893 -46.7826
      vertex 42.2666 88.5927 -47.4339
      vertex 41.1084 87.83 -47.7895
    endloop
  endfacet
  facet normal -3.10754e-05 0.422624 -0.906305
    outer loop
      vertex 42.2666 88.5927 -47.4339
      vertex 40.9918 89.9893 -46.7826
      vertex 41.8523 90.7217 -46.4411
    endloop
  endfacet
  facet normal 7.80787e-05 0.422622 -0.906306
    outer loop
      vertex 41.1084 87.83 -47.7895
      vertex 40.0368 89.3605 -47.0759
      vertex 40.9918 89.9893 -46.7826
    endloop
  endfacet
  facet normal 2.42829e-05 0.422591 -0.90632
    outer loop
      vertex 39.8539 87.2049 -48.081
      vertex 40.0368 89.3605 -47.0759
      vertex 41.1084 87.83 -47.7895
    endloop
  endfacet
  facet normal -5.87199e-05 0.422597 -0.906318
    outer loop
      vertex 39.8539 87.2049 -48.081
      vertex 39.0023 88.845 -47.3162
      vertex 40.0368 89.3605 -47.0759
    endloop
  endfacet
  facet normal -6.37249e-06 0.42262 -0.906307
    outer loop
      vertex 38.5228 86.7273 -48.3037
      vertex 39.0023 88.845 -47.3162
      vertex 39.8539 87.2049 -48.081
    endloop
  endfacet
  facet normal 6.11141e-05 0.422607 -0.906313
    outer loop
      vertex 38.5228 86.7273 -48.3037
      vertex 37.9048 88.4512 -47.4999
      vertex 39.0023 88.845 -47.3162
    endloop
  endfacet
  facet normal 2.12376e-05 0.422595 -0.906319
    outer loop
      vertex 37.1361 86.4046 -48.4542
      vertex 37.9048 88.4512 -47.4999
      vertex 38.5228 86.7273 -48.3037
    endloop
  endfacet
  facet normal -6.82552e-05 0.422623 -0.906306
    outer loop
      vertex 37.1361 86.4046 -48.4542
      vertex 36.7614 88.1851 -47.6239
      vertex 37.9048 88.4512 -47.4999
    endloop
  endfacet
  facet normal -1.5706e-05 0.422632 -0.906301
    outer loop
      vertex 35.7158 86.242 -48.53
      vertex 36.7614 88.1851 -47.6239
      vertex 37.1361 86.4046 -48.4542
    endloop
  endfacet
  facet normal 5.51927e-05 0.422601 -0.906316
    outer loop
      vertex 35.7158 86.242 -48.53
      vertex 35.5902 88.051 -47.6865
      vertex 36.7614 88.1851 -47.6239
    endloop
  endfacet
  facet normal 0 0.422597 -0.906317
    outer loop
      vertex 35 86.242 -48.53
      vertex 35.5902 88.051 -47.6865
      vertex 35.7158 86.242 -48.53
    endloop
  endfacet
  facet normal 0 0.422597 -0.906317
    outer loop
      vertex 35.5902 88.051 -47.6865
      vertex 35 86.242 -48.53
      vertex 35 88.051 -47.6865
    endloop
  endfacet
  facet normal -1.23184e-06 0.422604 -0.906315
    outer loop
      vertex 46.0418 99.123 -42.5235
      vertex 44.1047 98.6722 -42.7337
      vertex 45.5994 100.357 -41.9481
    endloop
  endfacet
  facet normal 3.34779e-05 0.422578 -0.906326
    outer loop
      vertex 43.7399 99.6897 -42.2593
      vertex 45.5994 100.357 -41.9481
      vertex 44.1047 98.6722 -42.7337
    endloop
  endfacet
  facet normal 2.40702e-05 0.4226 -0.906316
    outer loop
      vertex 45.5994 100.357 -41.9481
      vertex 43.7399 99.6897 -42.2593
      vertex 44.9899 101.531 -41.4007
    endloop
  endfacet
  facet normal 9.31705e-05 0.422561 -0.906334
    outer loop
      vertex 43.2373 100.658 -41.8079
      vertex 44.9899 101.531 -41.4007
      vertex 43.7399 99.6897 -42.2593
    endloop
  endfacet
  facet normal -4.61029e-05 0.422791 -0.906227
    outer loop
      vertex 44.9899 101.531 -41.4007
      vertex 43.2373 100.658 -41.8079
      vertex 44.2228 102.626 -40.8898
    endloop
  endfacet
  facet normal 5.20908e-05 0.422751 -0.906246
    outer loop
      vertex 42.6048 101.561 -41.3867
      vertex 44.2228 102.626 -40.8898
      vertex 43.2373 100.658 -41.8079
    endloop
  endfacet
  facet normal 0.000176195 0.422596 -0.906318
    outer loop
      vertex 44.2228 102.626 -40.8898
      vertex 42.6048 101.561 -41.3867
      vertex 43.3102 103.626 -40.4237
    endloop
  endfacet
  facet normal -0.000116301 0.422678 -0.90628
    outer loop
      vertex 41.8523 102.385 -41.0023
      vertex 43.3102 103.626 -40.4237
      vertex 42.6048 101.561 -41.3867
    endloop
  endfacet
  facet normal -7.88808e-05 0.422642 -0.906297
    outer loop
      vertex 43.3102 103.626 -40.4237
      vertex 41.8523 102.385 -41.0023
      vertex 42.2666 104.514 -40.0095
    endloop
  endfacet
  facet normal 0.000193512 0.422598 -0.906317
    outer loop
      vertex 40.9918 103.118 -40.6607
      vertex 42.2666 104.514 -40.0095
      vertex 41.8523 102.385 -41.0023
    endloop
  endfacet
  facet normal 0.000156795 0.422626 -0.906304
    outer loop
      vertex 42.2666 104.514 -40.0095
      vertex 40.9918 103.118 -40.6607
      vertex 41.1084 105.277 -39.6539
    endloop
  endfacet
  facet normal 0.000109681 0.422628 -0.906303
    outer loop
      vertex 40.0368 103.747 -40.3675
      vertex 41.1084 105.277 -39.6539
      vertex 40.9918 103.118 -40.6607
    endloop
  endfacet
  facet normal 1.75015e-06 0.42269 -0.906274
    outer loop
      vertex 40.0368 103.747 -40.3675
      vertex 39.8539 105.902 -39.3624
      vertex 41.1084 105.277 -39.6539
    endloop
  endfacet
  facet normal -9.33802e-05 0.422683 -0.906277
    outer loop
      vertex 39.0023 104.262 -40.1272
      vertex 39.8539 105.902 -39.3624
      vertex 40.0368 103.747 -40.3675
    endloop
  endfacet
  facet normal 0.000121213 0.422592 -0.90632
    outer loop
      vertex 39.0023 104.262 -40.1272
      vertex 38.5228 106.38 -39.1397
      vertex 39.8539 105.902 -39.3624
    endloop
  endfacet
  facet normal -6.79032e-07 0.422569 -0.906331
    outer loop
      vertex 37.9048 104.656 -39.9435
      vertex 38.5228 106.38 -39.1397
      vertex 39.0023 104.262 -40.1272
    endloop
  endfacet
  facet normal -0.000223419 0.422635 -0.9063
    outer loop
      vertex 37.9048 104.656 -39.9435
      vertex 37.1361 106.702 -38.9892
      vertex 38.5228 106.38 -39.1397
    endloop
  endfacet
  facet normal 5.93441e-05 0.422722 -0.906259
    outer loop
      vertex 36.7614 104.922 -39.8195
      vertex 37.1361 106.702 -38.9892
      vertex 37.9048 104.656 -39.9435
    endloop
  endfacet
  facet normal 0.000145222 0.422707 -0.906266
    outer loop
      vertex 36.7614 104.922 -39.8195
      vertex 35.7158 106.865 -38.9134
      vertex 37.1361 106.702 -38.9892
    endloop
  endfacet
  facet normal -9.09909e-05 0.422603 -0.906315
    outer loop
      vertex 35.5902 105.056 -39.7569
      vertex 35.7158 106.865 -38.9134
      vertex 36.7614 104.922 -39.8195
    endloop
  endfacet
  facet normal 0 0.422597 -0.906317
    outer loop
      vertex 35 106.865 -38.9134
      vertex 35.5902 105.056 -39.7569
      vertex 35 105.056 -39.7569
    endloop
  endfacet
  facet normal 0 0.422597 -0.906317
    outer loop
      vertex 35.5902 105.056 -39.7569
      vertex 35 106.865 -38.9134
      vertex 35.7158 106.865 -38.9134
    endloop
  endfacet
  facet normal 0.587763 -0.733231 -0.341916
    outer loop
      vertex 41.1084 82.7586 -36.9138
      vertex 42.2666 88.5927 -47.4339
      vertex 42.2666 83.5212 -36.5582
    endloop
  endfacet
  facet normal 0.587805 -0.733206 -0.341898
    outer loop
      vertex 42.2666 88.5927 -47.4339
      vertex 41.1084 82.7586 -36.9138
      vertex 41.1084 87.83 -47.7895
    endloop
  endfacet
  facet normal 0.770478 -0.577742 -0.269404
    outer loop
      vertex 44.2228 85.4092 -35.6779
      vertex 43.3102 89.4809 -47.0197
      vertex 44.2228 90.4806 -46.5536
    endloop
  endfacet
  facet normal 0.770503 -0.577712 -0.269395
    outer loop
      vertex 43.3102 89.4809 -47.0197
      vertex 44.2228 85.4092 -35.6779
      vertex 43.3102 84.4094 -36.144
    endloop
  endfacet
  facet normal -0.904868 -0.385804 -0.179913
    outer loop
      vertex 43.7399 99.6897 -42.2593
      vertex 43.2373 95.5863 -30.9322
      vertex 43.2373 100.658 -41.8079
    endloop
  endfacet
  facet normal -0.904827 -0.385888 -0.179942
    outer loop
      vertex 43.2373 95.5863 -30.9322
      vertex 43.7399 99.6897 -42.2593
      vertex 43.7399 94.6183 -31.3836
    endloop
  endfacet
  facet normal -0.844265 -0.485714 -0.226491
    outer loop
      vertex 43.2373 100.658 -41.8079
      vertex 42.6048 96.4896 -30.511
      vertex 42.6048 101.561 -41.3867
    endloop
  endfacet
  facet normal -0.844331 -0.485614 -0.226458
    outer loop
      vertex 42.6048 96.4896 -30.511
      vertex 43.2373 100.658 -41.8079
      vertex 43.2373 95.5863 -30.9322
    endloop
  endfacet
  facet normal -0.36813 -0.842656 -0.392951
    outer loop
      vertex 37.9048 104.656 -39.9435
      vertex 39.0023 99.1906 -29.2515
      vertex 37.9048 99.5844 -29.0678
    endloop
  endfacet
  facet normal -0.368263 -0.842615 -0.392916
    outer loop
      vertex 39.0023 99.1906 -29.2515
      vertex 37.9048 104.656 -39.9435
      vertex 39.0023 104.262 -40.1272
    endloop
  endfacet
  facet normal -0.998028 0.0568931 0.0265296
    outer loop
      vertex 44.3259 95.4858 -44.2196
      vertex 44.4 91.4821 -32.846
      vertex 44.4 96.5535 -43.7217
    endloop
  endfacet
  facet normal -0.998028 0.0568931 0.0265296
    outer loop
      vertex 44.4 91.4821 -32.846
      vertex 44.3259 95.4858 -44.2196
      vertex 44.3259 90.4144 -33.3439
    endloop
  endfacet
  facet normal -0.684829 -0.660422 -0.30798
    outer loop
      vertex 41.8523 102.385 -41.0023
      vertex 40.9918 98.0463 -29.7851
      vertex 40.9918 103.118 -40.6607
    endloop
  endfacet
  facet normal -0.684525 -0.660699 -0.308063
    outer loop
      vertex 40.9918 98.0463 -29.7851
      vertex 41.8523 102.385 -41.0023
      vertex 41.8523 97.314 -30.1266
    endloop
  endfacet
  facet normal 0 -0.906308 -0.422617
    outer loop
      vertex 35 105.056 -39.7569
      vertex 35.5902 99.9846 -28.8812
      vertex 35 99.9846 -28.8812
    endloop
  endfacet
  facet normal 0 -0.906308 -0.422617
    outer loop
      vertex 35.5902 99.9846 -28.8812
      vertex 35 105.056 -39.7569
      vertex 35.5902 105.056 -39.7569
    endloop
  endfacet
  facet normal -0.481718 -0.794222 -0.37035
    outer loop
      vertex 39.0023 104.262 -40.1272
      vertex 40.0368 98.6752 -29.4918
      vertex 39.0023 99.1906 -29.2515
    endloop
  endfacet
  facet normal -0.481482 -0.794328 -0.370429
    outer loop
      vertex 40.0368 98.6752 -29.4918
      vertex 39.0023 104.262 -40.1272
      vertex 40.0368 103.747 -40.3675
    endloop
  endfacet
  facet normal -0.95105 -0.280083 -0.130604
    outer loop
      vertex 44.1047 98.6722 -42.7337
      vertex 43.7399 94.6183 -31.3836
      vertex 43.7399 99.6897 -42.2593
    endloop
  endfacet
  facet normal -0.951053 -0.280073 -0.130601
    outer loop
      vertex 43.7399 94.6183 -31.3836
      vertex 44.1047 98.6722 -42.7337
      vertex 44.1047 93.6008 -31.8581
    endloop
  endfacet
  facet normal -0.770388 -0.577848 -0.269433
    outer loop
      vertex 42.6048 101.561 -41.3867
      vertex 41.8523 97.314 -30.1266
      vertex 41.8523 102.385 -41.0023
    endloop
  endfacet
  facet normal -0.770513 -0.577703 -0.269386
    outer loop
      vertex 41.8523 97.314 -30.1266
      vertex 42.6048 101.561 -41.3867
      vertex 42.6048 96.4896 -30.511
    endloop
  endfacet
  facet normal -0.248688 -0.877832 -0.409346
    outer loop
      vertex 36.7614 104.922 -39.8195
      vertex 37.9048 99.5844 -29.0678
      vertex 36.7614 99.8505 -28.9438
    endloop
  endfacet
  facet normal -0.248616 -0.877846 -0.409361
    outer loop
      vertex 37.9048 99.5844 -29.0678
      vertex 36.7614 104.922 -39.8195
      vertex 37.9048 104.656 -39.9435
    endloop
  endfacet
  facet normal -0.125362 -0.899159 -0.419283
    outer loop
      vertex 35.5902 105.056 -39.7569
      vertex 36.7614 99.8505 -28.9438
      vertex 35.5902 99.9846 -28.8812
    endloop
  endfacet
  facet normal -0.125287 -0.899164 -0.419294
    outer loop
      vertex 36.7614 99.8505 -28.9438
      vertex 35.5902 105.056 -39.7569
      vertex 36.7614 104.922 -39.8195
    endloop
  endfacet
  facet normal -0.587831 -0.733178 -0.341912
    outer loop
      vertex 40.0368 103.747 -40.3675
      vertex 40.9918 98.0463 -29.7851
      vertex 40.0368 98.6752 -29.4918
    endloop
  endfacet
  facet normal -0.587858 -0.733162 -0.341901
    outer loop
      vertex 40.9918 98.0463 -29.7851
      vertex 40.0368 103.747 -40.3675
      vertex 40.9918 103.118 -40.6607
    endloop
  endfacet
  facet normal -0.998028 -0.0568888 -0.0265275
    outer loop
      vertex 44.4 96.5535 -43.7217
      vertex 44.3259 92.5499 -32.3481
      vertex 44.3259 97.6213 -43.2238
    endloop
  endfacet
  facet normal -0.998028 -0.0568888 -0.0265275
    outer loop
      vertex 44.3259 92.5499 -32.3481
      vertex 44.4 96.5535 -43.7217
      vertex 44.4 91.4821 -32.846
    endloop
  endfacet
  facet normal -0.982286 0.169832 0.0791937
    outer loop
      vertex 44.1047 94.4349 -44.7096
      vertex 44.3259 90.4144 -33.3439
      vertex 44.3259 95.4858 -44.2196
    endloop
  endfacet
  facet normal -0.98229 0.169813 0.0791868
    outer loop
      vertex 44.3259 90.4144 -33.3439
      vertex 44.1047 94.4349 -44.7096
      vertex 44.1047 89.3634 -33.834
    endloop
  endfacet
  facet normal -0.844331 0.485619 0.226447
    outer loop
      vertex 42.6048 91.546 -46.0567
      vertex 43.2373 87.3779 -34.7598
      vertex 43.2373 92.4493 -45.6355
    endloop
  endfacet
  facet normal -0.844331 0.485619 0.226447
    outer loop
      vertex 43.2373 87.3779 -34.7598
      vertex 42.6048 91.546 -46.0567
      vertex 42.6048 86.4746 -35.181
    endloop
  endfacet
  facet normal 0 0.906308 0.422617
    outer loop
      vertex 35.5902 88.051 -47.6865
      vertex 35 82.9796 -36.8108
      vertex 35.5902 82.9796 -36.8108
    endloop
  endfacet
  facet normal 0 0.906308 0.422617
    outer loop
      vertex 35 82.9796 -36.8108
      vertex 35.5902 88.051 -47.6865
      vertex 35 88.051 -47.6865
    endloop
  endfacet
  facet normal -0.125362 0.899159 0.419283
    outer loop
      vertex 36.7614 88.1851 -47.6239
      vertex 35.5902 82.9796 -36.8108
      vertex 36.7614 83.1137 -36.7482
    endloop
  endfacet
  facet normal -0.125362 0.899159 0.419283
    outer loop
      vertex 35.5902 82.9796 -36.8108
      vertex 36.7614 88.1851 -47.6239
      vertex 35.5902 88.051 -47.6865
    endloop
  endfacet
  facet normal -0.982287 -0.169826 -0.0791915
    outer loop
      vertex 44.3259 97.6213 -43.2238
      vertex 44.1047 93.6008 -31.8581
      vertex 44.1047 98.6722 -42.7337
    endloop
  endfacet
  facet normal -0.982286 -0.169832 -0.0791937
    outer loop
      vertex 44.1047 93.6008 -31.8581
      vertex 44.3259 97.6213 -43.2238
      vertex 44.3259 92.5499 -32.3481
    endloop
  endfacet
  facet normal -0.90484 0.385862 0.179929
    outer loop
      vertex 43.2373 92.4493 -45.6355
      vertex 43.7399 88.346 -34.3084
      vertex 43.7399 93.4174 -45.1841
    endloop
  endfacet
  facet normal -0.90484 0.385862 0.179929
    outer loop
      vertex 43.7399 88.346 -34.3084
      vertex 43.2373 92.4493 -45.6355
      vertex 43.2373 87.3779 -34.7598
    endloop
  endfacet
  facet normal -0.951053 0.280072 0.130603
    outer loop
      vertex 43.7399 93.4174 -45.1841
      vertex 44.1047 89.3634 -33.834
      vertex 44.1047 94.4349 -44.7096
    endloop
  endfacet
  facet normal -0.951043 0.280103 0.130614
    outer loop
      vertex 44.1047 89.3634 -33.834
      vertex 43.7399 93.4174 -45.1841
      vertex 43.7399 88.346 -34.3084
    endloop
  endfacet
  facet normal -0.684565 0.660655 0.308067
    outer loop
      vertex 40.9918 89.9893 -46.7826
      vertex 41.8523 85.6503 -35.5654
      vertex 41.8523 90.7217 -46.4411
    endloop
  endfacet
  facet normal -0.684584 0.660638 0.308062
    outer loop
      vertex 41.8523 85.6503 -35.5654
      vertex 40.9918 89.9893 -46.7826
      vertex 40.9918 84.9179 -35.907
    endloop
  endfacet
  facet normal -0.770481 0.577738 0.269402
    outer loop
      vertex 41.8523 90.7217 -46.4411
      vertex 42.6048 86.4746 -35.181
      vertex 42.6048 91.546 -46.0567
    endloop
  endfacet
  facet normal -0.770481 0.577738 0.269402
    outer loop
      vertex 42.6048 86.4746 -35.181
      vertex 41.8523 90.7217 -46.4411
      vertex 41.8523 85.6503 -35.5654
    endloop
  endfacet
  facet normal -0.36813 0.842662 0.392938
    outer loop
      vertex 39.0023 88.845 -47.3162
      vertex 37.9048 83.3798 -36.6242
      vertex 39.0023 83.7736 -36.4405
    endloop
  endfacet
  facet normal -0.36813 0.842662 0.392938
    outer loop
      vertex 37.9048 83.3798 -36.6242
      vertex 39.0023 88.845 -47.3162
      vertex 37.9048 88.4512 -47.4999
    endloop
  endfacet
  facet normal -0.248688 0.877836 0.40934
    outer loop
      vertex 37.9048 88.4512 -47.4999
      vertex 36.7614 83.1137 -36.7482
      vertex 37.9048 83.3798 -36.6242
    endloop
  endfacet
  facet normal -0.248688 0.877836 0.40934
    outer loop
      vertex 36.7614 83.1137 -36.7482
      vertex 37.9048 88.4512 -47.4999
      vertex 36.7614 88.1851 -47.6239
    endloop
  endfacet
  facet normal -0.587808 0.733203 0.3419
    outer loop
      vertex 40.9918 89.9893 -46.7826
      vertex 40.0368 84.289 -36.2002
      vertex 40.9918 84.9179 -35.907
    endloop
  endfacet
  facet normal -0.587781 0.733219 0.341911
    outer loop
      vertex 40.0368 84.289 -36.2002
      vertex 40.9918 89.9893 -46.7826
      vertex 40.0368 89.3605 -47.0759
    endloop
  endfacet
  facet normal -0.481718 0.794219 0.370356
    outer loop
      vertex 40.0368 89.3605 -47.0759
      vertex 39.0023 83.7736 -36.4405
      vertex 40.0368 84.289 -36.2002
    endloop
  endfacet
  facet normal -0.481777 0.794193 0.370336
    outer loop
      vertex 39.0023 83.7736 -36.4405
      vertex 40.0368 89.3605 -47.0759
      vertex 39.0023 88.845 -47.3162
    endloop
  endfacet
  facet normal -1 0 0
    outer loop
      vertex 35 86.242 -48.53
      vertex 35 82.9796 -36.8108
      vertex 35 88.051 -47.6865
    endloop
  endfacet
  facet normal -1 0 -0
    outer loop
      vertex 35 82.9796 -36.8108
      vertex 35 86.242 -48.53
      vertex 35 81.1706 -37.6543
    endloop
  endfacet
  facet normal -1 0 0
    outer loop
      vertex 35 105.056 -39.7569
      vertex 35 101.794 -28.0377
      vertex 35 106.865 -38.9134
    endloop
  endfacet
  facet normal -1 0 -0
    outer loop
      vertex 35 101.794 -28.0377
      vertex 35 105.056 -39.7569
      vertex 35 99.9846 -28.8812
    endloop
  endfacet
  facet normal -1 -0 0
    outer loop
      vertex 32 115.887 -90.1512
      vertex 32 111.808 -92.0529
      vertex 32 114.725 -87.6588
    endloop
  endfacet
  facet normal -1 0 0
    outer loop
      vertex 32 118.531 -85.8838
      vertex 32 123.772 -86.4744
      vertex 32 119.693 -88.3762
    endloop
  endfacet
  facet normal -1 0 0
    outer loop
      vertex 32 118.531 -85.8838
      vertex 32 115.319 -68.3482
      vertex 32 123.772 -86.4744
    endloop
  endfacet
  facet normal -1 0 0
    outer loop
      vertex 32 114.725 -87.6588
      vertex 32 115.319 -68.3482
      vertex 32 118.531 -85.8838
    endloop
  endfacet
  facet normal -1 0 0
    outer loop
      vertex 32 103.356 -73.9268
      vertex 32 114.725 -87.6588
      vertex 32 111.808 -92.0529
    endloop
  endfacet
  facet normal -1 0 0
    outer loop
      vertex 32 114.725 -87.6588
      vertex 32 103.356 -73.9268
      vertex 32 115.319 -68.3482
    endloop
  endfacet
  facet normal 0 -0.422619 0.906307
    outer loop
      vertex 34.1728 73.3327 -17.5866
      vertex 38.2 67.4246 -20.3416
      vertex 38.2 73.3327 -17.5866
    endloop
  endfacet
  facet normal 0 -0.422619 0.906307
    outer loop
      vertex 38.2 67.4246 -20.3416
      vertex 34.1728 73.3327 -17.5866
      vertex 34.1728 67.4246 -20.3416
    endloop
  endfacet
  facet normal 1 0 0
    outer loop
      vertex 38.2 77.1363 -25.7433
      vertex 38.2 73.5196 -18.9338
      vertex 38.2 76.2244 -24.7342
    endloop
  endfacet
  facet normal 1 0 0
    outer loop
      vertex 38.2 73.3327 -17.5866
      vertex 38.2 73.5196 -18.9338
      vertex 38.2 77.1363 -25.7433
    endloop
  endfacet
  facet normal 1 0 0
    outer loop
      vertex 38.2 73.3327 -17.5866
      vertex 38.2 68.8068 -21.1314
      vertex 38.2 73.5196 -18.9338
    endloop
  endfacet
  facet normal 1 0 -0
    outer loop
      vertex 38.2 68.8068 -21.1314
      vertex 38.2 73.3327 -17.5866
      vertex 38.2 67.4246 -20.3416
    endloop
  endfacet
  facet normal 1 0 0
    outer loop
      vertex 38.2 71.5116 -26.9318
      vertex 38.2 77.1363 -25.7433
      vertex 38.2 76.2244 -24.7342
    endloop
  endfacet
  facet normal 1 -0 0
    outer loop
      vertex 38.2 71.5116 -26.9318
      vertex 38.2 70.9468 -28.6295
      vertex 38.2 77.1363 -25.7433
    endloop
  endfacet
  facet normal 1 0 0
    outer loop
      vertex 38.2 68.8068 -21.1314
      vertex 38.2 70.9468 -28.6295
      vertex 38.2 71.5116 -26.9318
    endloop
  endfacet
  facet normal 1 0 0
    outer loop
      vertex 38.2 70.9468 -28.6295
      vertex 38.2 68.8068 -21.1314
      vertex 38.2 67.4246 -20.3416
    endloop
  endfacet
  facet normal 0 0.906193 0.422863
    outer loop
      vertex 38.2 73.3327 -17.5866
      vertex 34.6241 73.4376 -17.8114
      vertex 34.1728 73.3327 -17.5866
    endloop
  endfacet
  facet normal -2.6111e-05 0.906034 0.423204
    outer loop
      vertex 38.2 73.3327 -17.5866
      vertex 34.6791 73.4504 -17.8388
      vertex 34.6241 73.4376 -17.8114
    endloop
  endfacet
  facet normal 5.98266e-05 0.906494 0.422219
    outer loop
      vertex 38.2 73.3327 -17.5866
      vertex 34.7299 73.466 -17.8723
      vertex 34.6791 73.4504 -17.8388
    endloop
  endfacet
  facet normal 8.49863e-06 0.906255 0.422731
    outer loop
      vertex 38.2 73.3327 -17.5866
      vertex 35.1871 73.6064 -18.1733
      vertex 34.7299 73.466 -17.8723
    endloop
  endfacet
  facet normal 5.58001e-05 0.906348 0.422532
    outer loop
      vertex 38.2 73.3327 -17.5866
      vertex 35.6448 73.788 -18.5629
      vertex 35.1871 73.6064 -18.1733
    endloop
  endfacet
  facet normal 1.47803e-05 0.906307 0.42262
    outer loop
      vertex 38.2 73.3327 -17.5866
      vertex 36.0051 73.972 -18.9575
      vertex 35.6448 73.788 -18.5629
    endloop
  endfacet
  facet normal -0.000228829 0.906158 0.42294
    outer loop
      vertex 38.2 73.3327 -17.5866
      vertex 36.0451 73.9925 -19.0014
      vertex 36.0051 73.972 -18.9575
    endloop
  endfacet
  facet normal -0.000126773 0.906217 0.422813
    outer loop
      vertex 38.2 73.3327 -17.5866
      vertex 36.0787 74.0149 -19.0494
      vertex 36.0451 73.9925 -19.0014
    endloop
  endfacet
  facet normal 0.000100615 0.906343 0.422542
    outer loop
      vertex 38.2 73.3327 -17.5866
      vertex 36.3815 74.2165 -19.4819
      vertex 36.0787 74.0149 -19.0494
    endloop
  endfacet
  facet normal -1.4941e-05 0.906301 0.422633
    outer loop
      vertex 38.2 73.3327 -17.5866
      vertex 36.6221 74.4326 -19.9453
      vertex 36.3815 74.2165 -19.4819
    endloop
  endfacet
  facet normal 0.000226159 0.906363 0.4225
    outer loop
      vertex 38.2 73.3327 -17.5866
      vertex 36.6489 74.4566 -19.9968
      vertex 36.6221 74.4326 -19.9453
    endloop
  endfacet
  facet normal -5.53331e-05 0.906293 0.422649
    outer loop
      vertex 38.2 73.3327 -17.5866
      vertex 36.8429 74.709 -20.538
      vertex 36.6489 74.4566 -19.9968
    endloop
  endfacet
  facet normal -0.000788944 0.906164 0.422926
    outer loop
      vertex 38.2 73.3327 -17.5866
      vertex 36.8547 74.7351 -20.5939
      vertex 36.8429 74.709 -20.538
    endloop
  endfacet
  facet normal 3.17432e-05 0.906305 0.422625
    outer loop
      vertex 38.2 73.3327 -17.5866
      vertex 36.9606 74.9697 -21.097
      vertex 36.8547 74.7351 -20.5939
    endloop
  endfacet
  facet normal 0.000365887 0.90635 0.422528
    outer loop
      vertex 38.2 73.3327 -17.5866
      vertex 36.9961 75.208 -21.6082
      vertex 36.9606 74.9697 -21.097
    endloop
  endfacet
  facet normal -0.000596788 0.906239 0.422764
    outer loop
      vertex 38.2 73.3327 -17.5866
      vertex 37 75.2345 -21.665
      vertex 36.9961 75.208 -21.6082
    endloop
  endfacet
  facet normal -1.76094e-05 0.906305 0.422624
    outer loop
      vertex 38.2 77.1363 -25.7433
      vertex 37 75.2345 -21.665
      vertex 38.2 73.3327 -17.5866
    endloop
  endfacet
  facet normal 0.000333003 0.906265 0.422709
    outer loop
      vertex 37 75.2345 -21.665
      vertex 38.2 77.1363 -25.7433
      vertex 36.9606 75.4994 -22.2329
    endloop
  endfacet
  facet normal 1.47147e-05 0.906269 0.422702
    outer loop
      vertex 38.2 77.1363 -25.7433
      vertex 34.7299 77.0031 -25.4576
      vertex 35.1871 76.8627 -25.1566
    endloop
  endfacet
  facet normal -0.000177711 0.906334 0.422561
    outer loop
      vertex 36.9606 75.4994 -22.2329
      vertex 38.2 77.1363 -25.7433
      vertex 36.8429 75.76 -22.7919
    endloop
  endfacet
  facet normal 0.000125077 0.906281 0.422675
    outer loop
      vertex 38.2 77.1363 -25.7433
      vertex 36.6683 75.9872 -23.279
      vertex 36.8429 75.76 -22.7919
    endloop
  endfacet
  facet normal -0.000457468 0.90642 0.422378
    outer loop
      vertex 38.2 77.1363 -25.7433
      vertex 36.6489 76.0124 -23.3331
      vertex 36.6683 75.9872 -23.279
    endloop
  endfacet
  facet normal -0.000226159 0.906363 0.4225
    outer loop
      vertex 38.2 77.1363 -25.7433
      vertex 36.6221 76.0364 -23.3846
      vertex 36.6489 76.0124 -23.3331
    endloop
  endfacet
  facet normal 1.4941e-05 0.906301 0.422633
    outer loop
      vertex 38.2 77.1363 -25.7433
      vertex 36.3815 76.2525 -23.848
      vertex 36.6221 76.0364 -23.3846
    endloop
  endfacet
  facet normal 4.24732e-05 0.906291 0.422655
    outer loop
      vertex 38.2 77.1363 -25.7433
      vertex 36.0451 76.4766 -24.3285
      vertex 36.3815 76.2525 -23.848
    endloop
  endfacet
  facet normal -0.000593138 0.906661 0.421859
    outer loop
      vertex 38.2 77.1363 -25.7433
      vertex 36.0051 76.497 -24.3724
      vertex 36.0451 76.4766 -24.3285
    endloop
  endfacet
  facet normal -1.47803e-05 0.906307 0.42262
    outer loop
      vertex 38.2 77.1363 -25.7433
      vertex 35.6448 76.681 -24.767
      vertex 36.0051 76.497 -24.3724
    endloop
  endfacet
  facet normal -2.18546e-06 0.906294 0.422647
    outer loop
      vertex 38.2 77.1363 -25.7433
      vertex 35.2329 76.8445 -25.1176
      vertex 35.6448 76.681 -24.767
    endloop
  endfacet
  facet normal 4.7327e-05 0.906204 0.42284
    outer loop
      vertex 38.2 77.1363 -25.7433
      vertex 35.1871 76.8627 -25.1566
      vertex 35.2329 76.8445 -25.1176
    endloop
  endfacet
  facet normal -3.66036e-05 0.906507 0.42219
    outer loop
      vertex 34.7299 77.0031 -25.4576
      vertex 38.2 77.1363 -25.7433
      vertex 34.6791 77.0187 -25.4911
    endloop
  endfacet
  facet normal -0.000158669 0.907158 0.42079
    outer loop
      vertex 38.2 77.1363 -25.7433
      vertex 34.6241 77.0314 -25.5185
      vertex 34.6791 77.0187 -25.4911
    endloop
  endfacet
  facet normal 0 0.906193 0.422863
    outer loop
      vertex 34.6241 77.0314 -25.5185
      vertex 38.2 77.1363 -25.7433
      vertex 34.1728 77.1363 -25.7433
    endloop
  endfacet
  facet normal 5.29943e-05 0.422617 -0.906308
    outer loop
      vertex 38.2 70.9468 -28.6295
      vertex 37.6 72.6048 -27.8564
      vertex 38.2 77.1363 -25.7433
    endloop
  endfacet
  facet normal 0 0.422601 -0.906316
    outer loop
      vertex 34.1728 70.9468 -28.6295
      vertex 37.6 72.6048 -27.8564
      vertex 38.2 70.9468 -28.6295
    endloop
  endfacet
  facet normal 0 0.422601 -0.906316
    outer loop
      vertex 37.6 72.6048 -27.8564
      vertex 34.1728 70.9468 -28.6295
      vertex 34.1728 72.6048 -27.8564
    endloop
  endfacet
  facet normal 0.000151052 0.422606 -0.906313
    outer loop
      vertex 37.6 76.23 -26.166
      vertex 38.2 77.1363 -25.7433
      vertex 37.6 72.6048 -27.8564
    endloop
  endfacet
  facet normal 0 0.422688 -0.906275
    outer loop
      vertex 34.1728 77.1363 -25.7433
      vertex 37.6 76.23 -26.166
      vertex 34.1728 76.23 -26.166
    endloop
  endfacet
  facet normal 0 0.422688 -0.906275
    outer loop
      vertex 37.6 76.23 -26.166
      vertex 34.1728 77.1363 -25.7433
      vertex 38.2 77.1363 -25.7433
    endloop
  endfacet
  facet normal 0 0.42259 -0.906321
    outer loop
      vertex 35.8291 69.8978 -20.6227
      vertex 38.2 68.8068 -21.1314
      vertex 35.8291 68.8068 -21.1314
    endloop
  endfacet
  facet normal 1.46196e-05 0.422616 -0.906309
    outer loop
      vertex 38.2 68.8068 -21.1314
      vertex 35.8291 69.8978 -20.6227
      vertex 38.2 73.5196 -18.9338
    endloop
  endfacet
  facet normal 0 0.422624 -0.906305
    outer loop
      vertex 38.2 73.5196 -18.9338
      vertex 35.8291 69.8978 -20.6227
      vertex 35.8291 73.5196 -18.9338
    endloop
  endfacet
  facet normal 0 -0.906302 -0.422631
    outer loop
      vertex 35.9891 73.6013 -19.109
      vertex 38.2 73.5196 -18.9338
      vertex 35.8291 73.5196 -18.9338
    endloop
  endfacet
  facet normal 7.38147e-05 -0.905945 -0.423396
    outer loop
      vertex 36.0451 73.63 -19.1704
      vertex 38.2 73.5196 -18.9338
      vertex 35.9891 73.6013 -19.109
    endloop
  endfacet
  facet normal -0.000141315 -0.906695 -0.421786
    outer loop
      vertex 36.0922 73.6613 -19.2377
      vertex 38.2 73.5196 -18.9338
      vertex 36.0451 73.63 -19.1704
    endloop
  endfacet
  facet normal 1.0482e-05 -0.906292 -0.422651
    outer loop
      vertex 36.3815 73.854 -19.6509
      vertex 38.2 73.5196 -18.9338
      vertex 36.0922 73.6613 -19.2377
    endloop
  endfacet
  facet normal 8.24868e-06 -0.906295 -0.422647
    outer loop
      vertex 36.6115 74.0605 -20.0937
      vertex 38.2 73.5196 -18.9338
      vertex 36.3815 73.854 -19.6509
    endloop
  endfacet
  facet normal -0.00015067 -0.906378 -0.422468
    outer loop
      vertex 36.6489 74.0941 -20.1658
      vertex 38.2 73.5196 -18.9338
      vertex 36.6115 74.0605 -20.0937
    endloop
  endfacet
  facet normal -1.68471e-05 -0.906313 -0.422606
    outer loop
      vertex 36.8429 74.3465 -20.7071
      vertex 38.2 73.5196 -18.9338
      vertex 36.6489 74.0941 -20.1658
    endloop
  endfacet
  facet normal 0.000414122 -0.906187 -0.422877
    outer loop
      vertex 36.8594 74.383 -20.7853
      vertex 38.2 73.5196 -18.9338
      vertex 36.8429 74.3465 -20.7071
    endloop
  endfacet
  facet normal 7.61809e-05 -0.906281 -0.422676
    outer loop
      vertex 36.9606 74.6072 -21.266
      vertex 38.2 73.5196 -18.9338
      vertex 36.8594 74.383 -20.7853
    endloop
  endfacet
  facet normal -0.000331901 -0.906364 -0.422498
    outer loop
      vertex 36.9945 74.8349 -21.7545
      vertex 38.2 73.5196 -18.9338
      vertex 36.9606 74.6072 -21.266
    endloop
  endfacet
  facet normal 0.000664242 -0.906201 -0.422848
    outer loop
      vertex 37 74.872 -21.834
      vertex 38.2 73.5196 -18.9338
      vertex 36.9945 74.8349 -21.7545
    endloop
  endfacet
  facet normal 0.000216647 -0.90634 -0.422548
    outer loop
      vertex 38.2 76.2244 -24.7342
      vertex 37 74.872 -21.834
      vertex 36.9606 75.1368 -22.402
    endloop
  endfacet
  facet normal -0.000135772 -0.906269 -0.422702
    outer loop
      vertex 38.2 76.2244 -24.7342
      vertex 36.9606 75.1368 -22.402
      vertex 36.8429 75.3975 -22.9609
    endloop
  endfacet
  facet normal -6.36061e-16 -0.906306 -0.422622
    outer loop
      vertex 37 74.872 -21.834
      vertex 38.2 76.2244 -24.7342
      vertex 38.2 73.5196 -18.9338
    endloop
  endfacet
  facet normal 0.000113184 -0.906342 -0.422546
    outer loop
      vertex 36.676 75.6145 -23.4264
      vertex 38.2 76.2244 -24.7342
      vertex 36.8429 75.3975 -22.9609
    endloop
  endfacet
  facet normal -0.000394353 -0.906115 -0.423031
    outer loop
      vertex 36.6489 75.6499 -23.5022
      vertex 38.2 76.2244 -24.7342
      vertex 36.676 75.6145 -23.4264
    endloop
  endfacet
  facet normal 0.00015067 -0.906378 -0.422468
    outer loop
      vertex 36.6115 75.6835 -23.5743
      vertex 38.2 76.2244 -24.7342
      vertex 36.6489 75.6499 -23.5022
    endloop
  endfacet
  facet normal -8.24868e-06 -0.906295 -0.422647
    outer loop
      vertex 36.3815 75.89 -24.0171
      vertex 38.2 76.2244 -24.7342
      vertex 36.6115 75.6835 -23.5743
    endloop
  endfacet
  facet normal 3.96669e-05 -0.906341 -0.422547
    outer loop
      vertex 36.0451 76.114 -24.4976
      vertex 38.2 76.2244 -24.7342
      vertex 36.3815 75.89 -24.0171
    endloop
  endfacet
  facet normal -7.38147e-05 -0.905945 -0.423396
    outer loop
      vertex 35.9891 76.1427 -24.559
      vertex 38.2 76.2244 -24.7342
      vertex 36.0451 76.114 -24.4976
    endloop
  endfacet
  facet normal -0 -0.906302 -0.422631
    outer loop
      vertex 38.2 76.2244 -24.7342
      vertex 35.9891 76.1427 -24.559
      vertex 35.8291 76.2244 -24.7342
    endloop
  endfacet
  facet normal -3.56411e-05 -0.422616 0.906309
    outer loop
      vertex 38.2 76.2244 -24.7342
      vertex 37.6 75.6806 -24.9878
      vertex 38.2 71.5116 -26.9318
    endloop
  endfacet
  facet normal 0 -0.422648 0.906294
    outer loop
      vertex 35.8291 76.2244 -24.7342
      vertex 37.6 75.6806 -24.9878
      vertex 38.2 76.2244 -24.7342
    endloop
  endfacet
  facet normal 0 -0.422648 0.906294
    outer loop
      vertex 37.6 75.6806 -24.9878
      vertex 35.8291 76.2244 -24.7342
      vertex 35.8291 75.6806 -24.9878
    endloop
  endfacet
  facet normal 4.6334e-05 -0.422606 0.906313
    outer loop
      vertex 37.6 72.0554 -26.6782
      vertex 38.2 71.5116 -26.9318
      vertex 37.6 75.6806 -24.9878
    endloop
  endfacet
  facet normal 0 -0.422648 0.906294
    outer loop
      vertex 35.8291 71.5116 -26.9318
      vertex 37.6 72.0554 -26.6782
      vertex 35.8291 72.0554 -26.6782
    endloop
  endfacet
  facet normal 0 -0.422648 0.906294
    outer loop
      vertex 37.6 72.0554 -26.6782
      vertex 35.8291 71.5116 -26.9318
      vertex 38.2 71.5116 -26.9318
    endloop
  endfacet
  facet normal 0 0.906203 0.422844
    outer loop
      vertex 38.2 68.8068 -21.1314
      vertex 36.0451 68.9172 -21.368
      vertex 35.8291 68.8068 -21.1314
    endloop
  endfacet
  facet normal 6.08333e-05 0.906415 0.422388
    outer loop
      vertex 38.2 68.8068 -21.1314
      vertex 36.2671 69.065 -21.6852
      vertex 36.0451 68.9172 -21.368
    endloop
  endfacet
  facet normal -8.4884e-05 0.90622 0.422806
    outer loop
      vertex 38.2 68.8068 -21.1314
      vertex 36.3815 69.1412 -21.8485
      vertex 36.2671 69.065 -21.6852
    endloop
  endfacet
  facet normal 8.99765e-05 0.90639 0.422442
    outer loop
      vertex 38.2 68.8068 -21.1314
      vertex 36.4724 69.2228 -22.0236
      vertex 36.3815 69.1412 -21.8485
    endloop
  endfacet
  facet normal -6.92627e-05 0.906272 0.422695
    outer loop
      vertex 38.2 68.8068 -21.1314
      vertex 36.6489 69.3813 -22.3634
      vertex 36.4724 69.2228 -22.0236
    endloop
  endfacet
  facet normal 1.68471e-05 0.906313 0.422606
    outer loop
      vertex 38.2 68.8068 -21.1314
      vertex 36.8429 69.6337 -22.9047
      vertex 36.6489 69.3813 -22.3634
    endloop
  endfacet
  facet normal 8.50406e-05 0.906333 0.422563
    outer loop
      vertex 36.9402 69.7316 -23.1147
      vertex 36.8429 69.6337 -22.9047
      vertex 38.2 68.8068 -21.1314
    endloop
  endfacet
  facet normal 0.00123692 0.906128 0.423001
    outer loop
      vertex 36.8429 69.6337 -22.9047
      vertex 36.9402 69.7316 -23.1147
      vertex 36.8643 69.6811 -23.0063
    endloop
  endfacet
  facet normal -0.00014774 0.906277 0.422685
    outer loop
      vertex 38.2 68.8068 -21.1314
      vertex 37.0525 69.8325 -23.331
      vertex 36.9402 69.7316 -23.1147
    endloop
  endfacet
  facet normal -3.29287e-05 0.9063 0.422636
    outer loop
      vertex 38.2 68.8068 -21.1314
      vertex 37.134 69.9385 -23.5583
      vertex 37.0525 69.8325 -23.331
    endloop
  endfacet
  facet normal -5.48156e-05 0.906296 0.422644
    outer loop
      vertex 38.2 68.8068 -21.1314
      vertex 37.1834 70.048 -23.7931
      vertex 37.134 69.9385 -23.5583
    endloop
  endfacet
  facet normal 0.000142789 0.906325 0.422582
    outer loop
      vertex 38.2 68.8068 -21.1314
      vertex 37.2 70.1592 -24.0316
      vertex 37.1834 70.048 -23.7931
    endloop
  endfacet
  facet normal -8.32661e-16 0.906306 0.422622
    outer loop
      vertex 38.2 71.5116 -26.9318
      vertex 37.2 70.1592 -24.0316
      vertex 38.2 68.8068 -21.1314
    endloop
  endfacet
  facet normal -0.000570235 0.906381 0.42246
    outer loop
      vertex 37.2 70.1592 -24.0316
      vertex 38.2 71.5116 -26.9318
      vertex 37.1834 70.2704 -24.2702
    endloop
  endfacet
  facet normal -0.00203419 0.906063 0.423139
    outer loop
      vertex 36.9402 70.5868 -24.9485
      vertex 36.8429 70.6847 -25.1586
      vertex 36.8643 70.6373 -25.057
    endloop
  endfacet
  facet normal 0.00014774 0.906277 0.422685
    outer loop
      vertex 38.2 71.5116 -26.9318
      vertex 36.9402 70.5868 -24.9485
      vertex 37.0525 70.4859 -24.7322
    endloop
  endfacet
  facet normal -0.000268175 0.906378 0.422468
    outer loop
      vertex 36.9402 70.5868 -24.9485
      vertex 38.2 71.5116 -26.9318
      vertex 36.8429 70.6847 -25.1586
    endloop
  endfacet
  facet normal -2.23402e-05 0.906306 0.422622
    outer loop
      vertex 36.8429 70.6847 -25.1586
      vertex 38.2 71.5116 -26.9318
      vertex 36.7769 70.7705 -25.3426
    endloop
  endfacet
  facet normal 0.000331959 0.906249 0.422744
    outer loop
      vertex 37.1834 70.2704 -24.2702
      vertex 38.2 71.5116 -26.9318
      vertex 37.134 70.3799 -24.5049
    endloop
  endfacet
  facet normal 3.29287e-05 0.9063 0.422636
    outer loop
      vertex 38.2 71.5116 -26.9318
      vertex 37.0525 70.4859 -24.7322
      vertex 37.134 70.3799 -24.5049
    endloop
  endfacet
  facet normal 5.0678e-05 0.906281 0.422676
    outer loop
      vertex 36.7769 70.7705 -25.3426
      vertex 38.2 71.5116 -26.9318
      vertex 36.6489 70.9371 -25.6998
    endloop
  endfacet
  facet normal 6.92627e-05 0.906272 0.422695
    outer loop
      vertex 38.2 71.5116 -26.9318
      vertex 36.4724 71.0956 -26.0396
      vertex 36.6489 70.9371 -25.6998
    endloop
  endfacet
  facet normal -8.99765e-05 0.90639 0.422442
    outer loop
      vertex 38.2 71.5116 -26.9318
      vertex 36.3815 71.1772 -26.2147
      vertex 36.4724 71.0956 -26.0396
    endloop
  endfacet
  facet normal -3.96669e-05 0.906341 0.422547
    outer loop
      vertex 38.2 71.5116 -26.9318
      vertex 36.0451 71.4012 -26.6952
      vertex 36.3815 71.1772 -26.2147
    endloop
  endfacet
  facet normal 0 0.906203 0.422844
    outer loop
      vertex 36.0451 71.4012 -26.6952
      vertex 38.2 71.5116 -26.9318
      vertex 35.8291 71.5116 -26.9318
    endloop
  endfacet
  facet normal -0.998017 0.0266022 -0.0570423
    outer loop
      vertex 37.1834 69.0827 -24.2432
      vertex 37.2 70.1592 -24.0316
      vertex 37.2 69.1857 -24.4856
    endloop
  endfacet
  facet normal -0.998016 0.0266054 -0.0570589
    outer loop
      vertex 37.2 70.1592 -24.0316
      vertex 37.1834 69.0827 -24.2432
      vertex 37.1834 70.048 -23.7931
    endloop
  endfacet
  facet normal -0.982305 0.0791471 -0.169742
    outer loop
      vertex 37.134 68.9813 -24.0046
      vertex 37.1834 70.048 -23.7931
      vertex 37.1834 69.0827 -24.2432
    endloop
  endfacet
  facet normal -0.982302 0.0791499 -0.169756
    outer loop
      vertex 37.1834 70.048 -23.7931
      vertex 37.134 68.9813 -24.0046
      vertex 37.134 69.9385 -23.5583
    endloop
  endfacet
  facet normal -0.904818 0.179946 -0.385906
    outer loop
      vertex 36.9402 68.7898 -23.5539
      vertex 37.0525 69.8325 -23.331
      vertex 37.0525 68.8831 -23.7737
    endloop
  endfacet
  facet normal -0.904846 0.179936 -0.385847
    outer loop
      vertex 37.0525 69.8325 -23.331
      vertex 36.9402 68.7898 -23.5539
      vertex 36.9402 69.7316 -23.1147
    endloop
  endfacet
  facet normal -0.951034 0.130614 -0.280134
    outer loop
      vertex 37.0525 68.8831 -23.7737
      vertex 37.134 69.9385 -23.5583
      vertex 37.134 68.9813 -24.0046
    endloop
  endfacet
  facet normal -0.951046 0.130607 -0.280096
    outer loop
      vertex 37.134 69.9385 -23.5583
      vertex 37.0525 68.8831 -23.7737
      vertex 37.0525 69.8325 -23.331
    endloop
  endfacet
  facet normal -0.844524 -0.226315 0.485346
    outer loop
      vertex 36.9402 69.5816 -25.4172
      vertex 36.8643 70.6373 -25.057
      vertex 36.8643 69.6285 -25.5274
    endloop
  endfacet
  facet normal -0.844485 -0.226333 0.485406
    outer loop
      vertex 36.8643 70.6373 -25.057
      vertex 36.9402 69.5816 -25.4172
      vertex 36.9402 70.5868 -24.9485
    endloop
  endfacet
  facet normal -0.904756 -0.179996 0.386029
    outer loop
      vertex 37.0525 69.4883 -25.1975
      vertex 36.9402 70.5868 -24.9485
      vertex 36.9402 69.5816 -25.4172
    endloop
  endfacet
  facet normal -0.904846 -0.179961 0.385835
    outer loop
      vertex 36.9402 70.5868 -24.9485
      vertex 37.0525 69.4883 -25.1975
      vertex 37.0525 70.4859 -24.7322
    endloop
  endfacet
  facet normal -0.844523 0.226333 -0.485338
    outer loop
      vertex 36.8643 68.7429 -23.4437
      vertex 36.9402 69.7316 -23.1147
      vertex 36.9402 68.7898 -23.5539
    endloop
  endfacet
  facet normal -0.844301 0.22643 -0.48568
    outer loop
      vertex 36.9402 69.7316 -23.1147
      vertex 36.8643 68.7429 -23.4437
      vertex 36.8643 69.6811 -23.0063
    endloop
  endfacet
  facet normal -0.982305 -0.079158 0.169737
    outer loop
      vertex 37.1834 69.2887 -24.7279
      vertex 37.134 70.3799 -24.5049
      vertex 37.134 69.3901 -24.9665
    endloop
  endfacet
  facet normal -0.98229 -0.0791734 0.169815
    outer loop
      vertex 37.134 70.3799 -24.5049
      vertex 37.1834 69.2887 -24.7279
      vertex 37.1834 70.2704 -24.2702
    endloop
  endfacet
  facet normal -0.998016 -0.0266053 0.0570645
    outer loop
      vertex 37.2 69.1857 -24.4856
      vertex 37.1834 70.2704 -24.2702
      vertex 37.1834 69.2887 -24.7279
    endloop
  endfacet
  facet normal -0.998018 -0.0266 0.0570376
    outer loop
      vertex 37.1834 70.2704 -24.2702
      vertex 37.2 69.1857 -24.4856
      vertex 37.2 70.1592 -24.0316
    endloop
  endfacet
  facet normal -0.951066 -0.13061 0.280026
    outer loop
      vertex 37.134 69.3901 -24.9665
      vertex 37.0525 70.4859 -24.7322
      vertex 37.0525 69.4883 -25.1975
    endloop
  endfacet
  facet normal -0.951046 -0.130622 0.280089
    outer loop
      vertex 37.0525 70.4859 -24.7322
      vertex 37.134 69.3901 -24.9665
      vertex 37.134 70.3799 -24.5049
    endloop
  endfacet
  facet normal -1 0 0
    outer loop
      vertex 37.6 72.6048 -27.8564
      vertex 37.6 75.6806 -24.9878
      vertex 37.6 76.23 -26.166
    endloop
  endfacet
  facet normal -1 0 0
    outer loop
      vertex 37.6 75.6806 -24.9878
      vertex 37.6 72.6048 -27.8564
      vertex 37.6 72.0554 -26.6782
    endloop
  endfacet
  facet normal 4.7326e-07 -0.906309 -0.422615
    outer loop
      vertex 37.6 76.23 -26.166
      vertex 35.8291 75.6806 -24.9878
      vertex 35.6448 75.7747 -25.1896
    endloop
  endfacet
  facet normal -4.83178e-05 -0.906272 -0.422696
    outer loop
      vertex 37.6 76.23 -26.166
      vertex 35.6448 75.7747 -25.1896
      vertex 35.2787 75.9201 -25.5013
    endloop
  endfacet
  facet normal 4.72482e-05 -0.9064 -0.422421
    outer loop
      vertex 37.6 76.23 -26.166
      vertex 35.2787 75.9201 -25.5013
      vertex 35.1871 75.9564 -25.5792
    endloop
  endfacet
  facet normal -1.77125e-05 -0.906297 -0.422641
    outer loop
      vertex 37.6 76.23 -26.166
      vertex 35.1871 75.9564 -25.5792
      vertex 34.7807 76.0812 -25.8468
    endloop
  endfacet
  facet normal -1.77125e-05 -0.906297 -0.422641
    outer loop
      vertex 37.6 76.23 -26.166
      vertex 34.7807 76.0812 -25.8468
      vertex 34.6791 76.1124 -25.9137
    endloop
  endfacet
  facet normal 5.22769e-05 -0.906607 -0.421975
    outer loop
      vertex 37.6 76.23 -26.166
      vertex 34.6791 76.1124 -25.9137
      vertex 34.5691 76.1379 -25.9685
    endloop
  endfacet
  facet normal -0 -0.9063 -0.422634
    outer loop
      vertex 37.6 76.23 -26.166
      vertex 34.5691 76.1379 -25.9685
      vertex 34.1728 76.23 -26.166
    endloop
  endfacet
  facet normal 0 -0.906309 -0.422616
    outer loop
      vertex 35.8291 75.6806 -24.9878
      vertex 37.6 76.23 -26.166
      vertex 37.6 75.6806 -24.9878
    endloop
  endfacet
  facet normal 0 0.906309 0.422616
    outer loop
      vertex 37.6 72.6048 -27.8564
      vertex 35.8291 72.0554 -26.6782
      vertex 37.6 72.0554 -26.6782
    endloop
  endfacet
  facet normal -0.000808197 0.906773 0.421618
    outer loop
      vertex 35.8291 72.0554 -26.6782
      vertex 37.6 72.6048 -27.8564
      vertex 35.8049 72.0677 -26.7047
    endloop
  endfacet
  facet normal 3.12233e-06 0.90629 0.422657
    outer loop
      vertex 35.8049 72.0677 -26.7047
      vertex 37.6 72.6048 -27.8564
      vertex 35.6448 72.1495 -26.8801
    endloop
  endfacet
  facet normal 7.73878e-05 0.906233 0.422779
    outer loop
      vertex 35.6448 72.1495 -26.8801
      vertex 37.6 72.6048 -27.8564
      vertex 35.4618 72.2222 -27.0359
    endloop
  endfacet
  facet normal -0.000124261 0.906434 0.422347
    outer loop
      vertex 35.4618 72.2222 -27.0359
      vertex 37.6 72.6048 -27.8564
      vertex 35.1871 72.3311 -27.2697
    endloop
  endfacet
  facet normal -2.25101e-05 0.906274 0.422691
    outer loop
      vertex 35.1871 72.3311 -27.2697
      vertex 37.6 72.6048 -27.8564
      vertex 34.9839 72.3935 -27.4035
    endloop
  endfacet
  facet normal 6.37104e-06 0.90621 0.422828
    outer loop
      vertex 34.9839 72.3935 -27.4035
      vertex 37.6 72.6048 -27.8564
      vertex 34.6791 72.4871 -27.6041
    endloop
  endfacet
  facet normal -1.64617e-05 0.906311 0.422611
    outer loop
      vertex 34.6791 72.4871 -27.6041
      vertex 37.6 72.6048 -27.8564
      vertex 34.349 72.5638 -27.7686
    endloop
  endfacet
  facet normal 0 0.906078 0.423111
    outer loop
      vertex 34.349 72.5638 -27.7686
      vertex 37.6 72.6048 -27.8564
      vertex 34.1728 72.6048 -27.8564
    endloop
  endfacet
  facet normal 0 -0.422628 0.906303
    outer loop
      vertex 32 115.319 -68.3482
      vertex 33.35 103.356 -73.9268
      vertex 33.35 115.319 -68.3482
    endloop
  endfacet
  facet normal 0 -0.422628 0.906303
    outer loop
      vertex 33.35 103.356 -73.9268
      vertex 32 115.319 -68.3482
      vertex 32 103.356 -73.9268
    endloop
  endfacet
  facet normal 1 0 0
    outer loop
      vertex 33.35 123.772 -86.4744
      vertex 33.35 118.531 -85.8838
      vertex 33.35 119.693 -88.3762
    endloop
  endfacet
  facet normal 1 0 0
    outer loop
      vertex 33.35 115.319 -68.3482
      vertex 33.35 118.531 -85.8838
      vertex 33.35 123.772 -86.4744
    endloop
  endfacet
  facet normal 1 0 0
    outer loop
      vertex 33.35 115.319 -68.3482
      vertex 33.35 114.725 -87.6588
      vertex 33.35 118.531 -85.8838
    endloop
  endfacet
  facet normal 1 -0 0
    outer loop
      vertex 33.35 103.356 -73.9268
      vertex 33.35 114.725 -87.6588
      vertex 33.35 115.319 -68.3482
    endloop
  endfacet
  facet normal 1 0 0
    outer loop
      vertex 33.35 114.725 -87.6588
      vertex 33.35 103.356 -73.9268
      vertex 33.35 111.808 -92.0529
    endloop
  endfacet
  facet normal 1 0 0
    outer loop
      vertex 33.35 115.887 -90.1512
      vertex 33.35 114.725 -87.6588
      vertex 33.35 111.808 -92.0529
    endloop
  endfacet
  facet normal 0 0.422569 -0.906331
    outer loop
      vertex 32 119.693 -88.3762
      vertex 33.35 123.772 -86.4744
      vertex 33.35 119.693 -88.3762
    endloop
  endfacet
  facet normal 0 0.422569 -0.906331
    outer loop
      vertex 33.35 123.772 -86.4744
      vertex 32 119.693 -88.3762
      vertex 32 123.772 -86.4744
    endloop
  endfacet
  facet normal 0 0.422551 -0.906339
    outer loop
      vertex 32 111.808 -92.0529
      vertex 33.35 115.887 -90.1512
      vertex 33.35 111.808 -92.0529
    endloop
  endfacet
  facet normal 0 0.422551 -0.906339
    outer loop
      vertex 33.35 115.887 -90.1512
      vertex 32 111.808 -92.0529
      vertex 32 115.887 -90.1512
    endloop
  endfacet
  facet normal 0 -0.906314 -0.422604
    outer loop
      vertex 32 111.808 -92.0529
      vertex 33.35 103.356 -73.9268
      vertex 32 103.356 -73.9268
    endloop
  endfacet
  facet normal 0 -0.906314 -0.422604
    outer loop
      vertex 33.35 103.356 -73.9268
      vertex 32 111.808 -92.0529
      vertex 33.35 111.808 -92.0529
    endloop
  endfacet
  facet normal 0 0.906296 0.422643
    outer loop
      vertex 33.35 123.772 -86.4744
      vertex 32 115.319 -68.3482
      vertex 33.35 115.319 -68.3482
    endloop
  endfacet
  facet normal 0 0.906296 0.422643
    outer loop
      vertex 32 115.319 -68.3482
      vertex 33.35 123.772 -86.4744
      vertex 32 123.772 -86.4744
    endloop
  endfacet
  facet normal 0 -0.0629237 0.998018
    outer loop
      vertex 32 55.1253 19.0079
      vertex 36 55 19
      vertex 36 55.1253 19.0079
    endloop
  endfacet
  facet normal 0 -0.0629237 0.998018
    outer loop
      vertex 36 55 19
      vertex 32 55.1253 19.0079
      vertex 32 55 19
    endloop
  endfacet
  facet normal 0 -0.187076 0.982346
    outer loop
      vertex 32 55.2487 19.0314
      vertex 36 55.1253 19.0079
      vertex 36 55.2487 19.0314
    endloop
  endfacet
  facet normal 0 -0.187076 0.982346
    outer loop
      vertex 36 55.1253 19.0079
      vertex 32 55.2487 19.0314
      vertex 32 55.1253 19.0079
    endloop
  endfacet
  facet normal 0 -0.80908 0.587698
    outer loop
      vertex 32 55.7705 19.3626
      vertex 36 55.8443 19.4642
      vertex 32 55.8443 19.4642
    endloop
  endfacet
  facet normal 0 -0.80908 0.587698
    outer loop
      vertex 36 55.8443 19.4642
      vertex 32 55.7705 19.3626
      vertex 36 55.7705 19.3626
    endloop
  endfacet
  facet normal 0 -0.30905 0.951046
    outer loop
      vertex 32 55.3681 19.0702
      vertex 36 55.2487 19.0314
      vertex 36 55.3681 19.0702
    endloop
  endfacet
  facet normal 0 -0.30905 0.951046
    outer loop
      vertex 36 55.2487 19.0314
      vertex 32 55.3681 19.0702
      vertex 32 55.2487 19.0314
    endloop
  endfacet
  facet normal 0 -0.729041 0.68447
    outer loop
      vertex 32 55.6845 19.271
      vertex 36 55.7705 19.3626
      vertex 32 55.7705 19.3626
    endloop
  endfacet
  facet normal 0 -0.729041 0.68447
    outer loop
      vertex 36 55.7705 19.3626
      vertex 32 55.6845 19.271
      vertex 36 55.6845 19.271
    endloop
  endfacet
  facet normal 0 -0.535999 0.844219
    outer loop
      vertex 32 55.5878 19.191
      vertex 36 55.4818 19.1237
      vertex 36 55.5878 19.191
    endloop
  endfacet
  facet normal 0 -0.535999 0.844219
    outer loop
      vertex 36 55.4818 19.1237
      vertex 32 55.5878 19.191
      vertex 32 55.4818 19.1237
    endloop
  endfacet
  facet normal 0 -0.876113 0.482107
    outer loop
      vertex 32 55.8443 19.4642
      vertex 36 55.864 19.5
      vertex 32 55.864 19.5
    endloop
  endfacet
  facet normal 0 -0.876113 0.482107
    outer loop
      vertex 36 55.864 19.5
      vertex 32 55.8443 19.4642
      vertex 36 55.8443 19.4642
    endloop
  endfacet
  facet normal -0 0.0629237 0.998018
    outer loop
      vertex 32 55 19
      vertex 36 54.8747 19.0079
      vertex 36 55 19
    endloop
  endfacet
  facet normal 0 0.0629237 0.998018
    outer loop
      vertex 36 54.8747 19.0079
      vertex 32 55 19
      vertex 32 54.8747 19.0079
    endloop
  endfacet
  facet normal -1 0 0
    outer loop
      vertex 36 55.7705 19.3626
      vertex 36 55.864 19.5
      vertex 36 55.8443 19.4642
    endloop
  endfacet
  facet normal -1 0 0
    outer loop
      vertex 36 54.6 19.5
      vertex 36 55.7705 19.3626
      vertex 36 55.6845 19.271
    endloop
  endfacet
  facet normal -1 0 0
    outer loop
      vertex 36 54.6 19.5
      vertex 36 55.6845 19.271
      vertex 36 55.5878 19.191
    endloop
  endfacet
  facet normal -1 0 0
    outer loop
      vertex 36 54.6 19.5
      vertex 36 55.5878 19.191
      vertex 36 55.4818 19.1237
    endloop
  endfacet
  facet normal -1 0 0
    outer loop
      vertex 36 54.6 19.5
      vertex 36 55.4818 19.1237
      vertex 36 55.3681 19.0702
    endloop
  endfacet
  facet normal -1 0 0
    outer loop
      vertex 36 54.6 19.5
      vertex 36 55.3681 19.0702
      vertex 36 55.2487 19.0314
    endloop
  endfacet
  facet normal -1 0 0
    outer loop
      vertex 36 54.6 19.5
      vertex 36 55.2487 19.0314
      vertex 36 55.1253 19.0079
    endloop
  endfacet
  facet normal -1 0 0
    outer loop
      vertex 36 54.6 19.5
      vertex 36 55.1253 19.0079
      vertex 36 55 19
    endloop
  endfacet
  facet normal -1 0 0
    outer loop
      vertex 36 54.6 19.5
      vertex 36 55 19
      vertex 36 54.8747 19.0079
    endloop
  endfacet
  facet normal -1 0 0
    outer loop
      vertex 36 54.6 19.5
      vertex 36 54.8747 19.0079
      vertex 36 54.7513 19.0314
    endloop
  endfacet
  facet normal -1 0 0
    outer loop
      vertex 36 54.6 19.5
      vertex 36 54.7513 19.0314
      vertex 36 54.6319 19.0702
    endloop
  endfacet
  facet normal -1 0 0
    outer loop
      vertex 36 54.6 19.5
      vertex 36 54.6319 19.0702
      vertex 36 54.6 19.0852
    endloop
  endfacet
  facet normal -1 0 0
    outer loop
      vertex 36 55.7705 19.3626
      vertex 36 54.6 19.5
      vertex 36 55.864 19.5
    endloop
  endfacet
  facet normal 0 -0.425759 0.904837
    outer loop
      vertex 32 55.4818 19.1237
      vertex 36 55.3681 19.0702
      vertex 36 55.4818 19.1237
    endloop
  endfacet
  facet normal 0 -0.425759 0.904837
    outer loop
      vertex 36 55.3681 19.0702
      vertex 32 55.4818 19.1237
      vertex 32 55.3681 19.0702
    endloop
  endfacet
  facet normal 0 -0.637437 0.770502
    outer loop
      vertex 32 55.6845 19.271
      vertex 36 55.5878 19.191
      vertex 36 55.6845 19.271
    endloop
  endfacet
  facet normal 0 -0.637437 0.770502
    outer loop
      vertex 36 55.5878 19.191
      vertex 32 55.6845 19.271
      vertex 32 55.5878 19.191
    endloop
  endfacet
  facet normal -0 0.187076 0.982346
    outer loop
      vertex 32 54.8747 19.0079
      vertex 36 54.7513 19.0314
      vertex 36 54.8747 19.0079
    endloop
  endfacet
  facet normal 0 0.187076 0.982346
    outer loop
      vertex 36 54.7513 19.0314
      vertex 32 54.8747 19.0079
      vertex 32 54.7513 19.0314
    endloop
  endfacet
  facet normal -0 0.425524 0.904947
    outer loop
      vertex 32 54.6319 19.0702
      vertex 36 54.6 19.0852
      vertex 36 54.6319 19.0702
    endloop
  endfacet
  facet normal 0 0.425524 0.904947
    outer loop
      vertex 36 54.6 19.0852
      vertex 32 54.6319 19.0702
      vertex 32 54.6 19.0852
    endloop
  endfacet
  facet normal -0 0.30905 0.951046
    outer loop
      vertex 32 54.7513 19.0314
      vertex 36 54.6319 19.0702
      vertex 36 54.7513 19.0314
    endloop
  endfacet
  facet normal 0 0.30905 0.951046
    outer loop
      vertex 36 54.6319 19.0702
      vertex 32 54.7513 19.0314
      vertex 32 54.6319 19.0702
    endloop
  endfacet
  facet normal 0 0.422664 -0.906287
    outer loop
      vertex 32 114.725 -87.6588
      vertex 33.35 118.531 -85.8838
      vertex 33.35 114.725 -87.6588
    endloop
  endfacet
  facet normal 0 0.422664 -0.906287
    outer loop
      vertex 33.35 118.531 -85.8838
      vertex 32 114.725 -87.6588
      vertex 32 118.531 -85.8838
    endloop
  endfacet
  facet normal 0 -0.906339 -0.422551
    outer loop
      vertex 32 119.693 -88.3762
      vertex 33.35 118.531 -85.8838
      vertex 32 118.531 -85.8838
    endloop
  endfacet
  facet normal 0 -0.906339 -0.422551
    outer loop
      vertex 33.35 118.531 -85.8838
      vertex 32 119.693 -88.3762
      vertex 33.35 119.693 -88.3762
    endloop
  endfacet
  facet normal 0 0.906339 0.422551
    outer loop
      vertex 33.35 115.887 -90.1512
      vertex 32 114.725 -87.6588
      vertex 33.35 114.725 -87.6588
    endloop
  endfacet
  facet normal 0 0.906339 0.422551
    outer loop
      vertex 32 114.725 -87.6588
      vertex 33.35 115.887 -90.1512
      vertex 32 115.887 -90.1512
    endloop
  endfacet
  facet normal -1 0 0
    outer loop
      vertex 39 115.771 -94.3981
      vertex 39 122.599 -90.1109
      vertex 39 123.021 -91.0172
    endloop
  endfacet
  facet normal -1 0 0
    outer loop
      vertex 39 122.599 -90.1109
      vertex 39 115.771 -94.3981
      vertex 39 115.348 -93.4918
    endloop
  endfacet
  facet normal 0 0.90616 0.422935
    outer loop
      vertex 39 115.771 -94.3981
      vertex 32 115.348 -93.4918
      vertex 39 115.348 -93.4918
    endloop
  endfacet
  facet normal 0 0.90616 0.422935
    outer loop
      vertex 32 115.348 -93.4918
      vertex 39 115.771 -94.3981
      vertex 32 115.771 -94.3981
    endloop
  endfacet
  facet normal 0 -0.906543 -0.422113
    outer loop
      vertex 32 123.021 -91.0172
      vertex 34.2092 122.599 -90.1109
      vertex 32 122.599 -90.1109
    endloop
  endfacet
  facet normal 0 -0.906543 -0.422113
    outer loop
      vertex 34.2092 122.599 -90.1109
      vertex 32 123.021 -91.0172
      vertex 36.5891 123.021 -91.0172
    endloop
  endfacet
  facet normal 0 -0.906543 -0.422113
    outer loop
      vertex 34.2092 122.599 -90.1109
      vertex 36.5891 123.021 -91.0172
      vertex 39 122.599 -90.1109
    endloop
  endfacet
  facet normal 0 -0.906543 -0.422113
    outer loop
      vertex 39 122.599 -90.1109
      vertex 36.5891 123.021 -91.0172
      vertex 39 123.021 -91.0172
    endloop
  endfacet
  facet normal -0.308933 0 0.951084
    outer loop
      vertex 47.2474 10 18.0628
      vertex 47.4863 4.5 18.1404
      vertex 47.4863 10 18.1404
    endloop
  endfacet
  facet normal -0.308933 0 0.951084
    outer loop
      vertex 47.4863 4.5 18.1404
      vertex 47.2474 10 18.0628
      vertex 47.2474 4.5 18.0628
    endloop
  endfacet
  facet normal -0.248902 0 -0.968529
    outer loop
      vertex 47.1248 4.5 29.9646
      vertex 47.368 10 29.9021
      vertex 47.368 4.5 29.9021
    endloop
  endfacet
  facet normal -0.248902 0 -0.968529
    outer loop
      vertex 47.368 10 29.9021
      vertex 47.1248 4.5 29.9646
      vertex 47.1248 10 29.9646
    endloop
  endfacet
  facet normal -0.187149 0 0.982332
    outer loop
      vertex 47.0007 10 18.0158
      vertex 47.2474 4.5 18.0628
      vertex 47.2474 10 18.0628
    endloop
  endfacet
  facet normal -0.187149 0 0.982332
    outer loop
      vertex 47.2474 4.5 18.0628
      vertex 47.0007 10 18.0158
      vertex 47.0007 4.5 18.0158
    endloop
  endfacet
  facet normal -0.637478 0 0.770468
    outer loop
      vertex 47.9256 10 18.382
      vertex 48.1191 4.5 18.5421
      vertex 48.1191 10 18.5421
    endloop
  endfacet
  facet normal -0.637478 0 0.770468
    outer loop
      vertex 48.1191 4.5 18.5421
      vertex 47.9256 10 18.382
      vertex 47.9256 4.5 18.382
    endloop
  endfacet
  facet normal -0.0628987 0 0.99802
    outer loop
      vertex 46.75 10 18
      vertex 47.0007 4.5 18.0158
      vertex 47.0007 10 18.0158
    endloop
  endfacet
  facet normal -0.0628987 0 0.99802
    outer loop
      vertex 47.0007 4.5 18.0158
      vertex 46.75 10 18
      vertex 46.75 4.5 18
    endloop
  endfacet
  facet normal -0.929729 0 0.368245
    outer loop
      vertex 48.5596 10 19.1484
      vertex 48.6 7 19.2504
      vertex 48.6 10 19.2504
    endloop
  endfacet
  facet normal -0.929729 0 0.368245
    outer loop
      vertex 48.5596 4.5 19.1484
      vertex 48.6 7 19.2504
      vertex 48.5596 10 19.1484
    endloop
  endfacet
  facet normal -0.929761 3.88462e-06 0.368163
    outer loop
      vertex 48.6521 4.5 19.382
      vertex 48.6 7 19.2504
      vertex 48.5596 4.5 19.1484
    endloop
  endfacet
  facet normal -0.929786 0 0.368099
    outer loop
      vertex 48.6 7 19.2504
      vertex 48.6521 4.5 19.382
      vertex 48.6521 7 19.382
    endloop
  endfacet
  facet normal 0 0 1
    outer loop
      vertex 46.1 7 18
      vertex 46.75 10 18
      vertex 46.1 10 18
    endloop
  endfacet
  facet normal 0 0 1
    outer loop
      vertex 46.75 10 18
      vertex 46.1 7 18
      vertex 46.75 4.5 18
    endloop
  endfacet
  facet normal 0 0 1
    outer loop
      vertex 32 4.5 18
      vertex 46.1 7 18
      vertex 32 7 18
    endloop
  endfacet
  facet normal 0 0 1
    outer loop
      vertex 46.1 7 18
      vertex 32 4.5 18
      vertex 46.75 4.5 18
    endloop
  endfacet
  facet normal 0 0 -1
    outer loop
      vertex 46.75 4.5 30
      vertex 46.1 7 30
      vertex 46.75 10 30
    endloop
  endfacet
  facet normal 0 0 -1
    outer loop
      vertex 32 4.5 30
      vertex 46.1 7 30
      vertex 46.75 4.5 30
    endloop
  endfacet
  facet normal -0 0 -1
    outer loop
      vertex 46.1 7 30
      vertex 32 4.5 30
      vertex 32 7 30
    endloop
  endfacet
  facet normal -0 0 -1
    outer loop
      vertex 46.75 10 30
      vertex 46.1 7 30
      vertex 46.1 10 30
    endloop
  endfacet
  facet normal -0.535819 0 0.844333
    outer loop
      vertex 47.7135 10 18.2474
      vertex 47.9256 4.5 18.382
      vertex 47.9256 10 18.382
    endloop
  endfacet
  facet normal -0.535819 0 0.844333
    outer loop
      vertex 47.9256 4.5 18.382
      vertex 47.7135 10 18.2474
      vertex 47.7135 4.5 18.2474
    endloop
  endfacet
  facet normal -0.0940319 0 -0.995569
    outer loop
      vertex 46.75 4.5 30
      vertex 47.1248 10 29.9646
      vertex 47.1248 4.5 29.9646
    endloop
  endfacet
  facet normal -0.0940319 0 -0.995569
    outer loop
      vertex 47.1248 10 29.9646
      vertex 46.75 4.5 30
      vertex 46.75 10 30
    endloop
  endfacet
  facet normal -0.368163 0 -0.929761
    outer loop
      vertex 47.368 4.5 29.9021
      vertex 47.6016 10 29.8096
      vertex 47.6016 4.5 29.8096
    endloop
  endfacet
  facet normal -0.368163 0 -0.929761
    outer loop
      vertex 47.6016 10 29.8096
      vertex 47.368 4.5 29.9021
      vertex 47.368 10 29.9021
    endloop
  endfacet
  facet normal -1 0 0
    outer loop
      vertex 48.75 4.5 20
      vertex 48.75 7 28
      vertex 48.75 7 20
    endloop
  endfacet
  facet normal -1 -0 0
    outer loop
      vertex 48.75 7 28
      vertex 48.75 4.5 20
      vertex 48.75 4.5 28
    endloop
  endfacet
  facet normal -0.426065 0 0.904692
    outer loop
      vertex 47.4863 10 18.1404
      vertex 47.7135 4.5 18.2474
      vertex 47.7135 10 18.2474
    endloop
  endfacet
  facet normal -0.426065 0 0.904692
    outer loop
      vertex 47.7135 4.5 18.2474
      vertex 47.4863 10 18.1404
      vertex 47.4863 4.5 18.1404
    endloop
  endfacet
  facet normal -0.481445 0 -0.876476
    outer loop
      vertex 47.6016 4.5 29.8096
      vertex 47.8217 10 29.6887
      vertex 47.8217 4.5 29.6887
    endloop
  endfacet
  facet normal -0.481445 0 -0.876476
    outer loop
      vertex 47.8217 10 29.6887
      vertex 47.6016 4.5 29.8096
      vertex 47.6016 10 29.8096
    endloop
  endfacet
  facet normal -0.684458 0 -0.729053
    outer loop
      vertex 48.0248 4.5 29.541
      vertex 48.2079 10 29.3691
      vertex 48.2079 4.5 29.3691
    endloop
  endfacet
  facet normal -0.684458 0 -0.729053
    outer loop
      vertex 48.2079 10 29.3691
      vertex 48.0248 4.5 29.541
      vertex 48.0248 10 29.541
    endloop
  endfacet
  facet normal -0.951084 0 -0.308933
    outer loop
      vertex 48.6872 4.5 28.4974
      vertex 48.6096 7 28.7363
      vertex 48.6872 7 28.4974
    endloop
  endfacet
  facet normal -0.951084 -0 -0.308933
    outer loop
      vertex 48.6096 7 28.7363
      vertex 48.6872 4.5 28.4974
      vertex 48.6096 4.5 28.7363
    endloop
  endfacet
  facet normal -0.808753 0 0.588148
    outer loop
      vertex 48.291 4.5 18.7252
      vertex 48.4387 10 18.9283
      vertex 48.291 10 18.7252
    endloop
  endfacet
  facet normal -0.808753 0 0.588148
    outer loop
      vertex 48.4387 10 18.9283
      vertex 48.291 4.5 18.7252
      vertex 48.4387 4.5 18.9283
    endloop
  endfacet
  facet normal 0 -1 0
    outer loop
      vertex 48.6 10 28.7566
      vertex 46.75 10 30
      vertex 46.1 10 30
    endloop
  endfacet
  facet normal 0 -1 0
    outer loop
      vertex 46.75 10 30
      vertex 48.6 10 28.7566
      vertex 47.1248 10 29.9646
    endloop
  endfacet
  facet normal 0 -1 0
    outer loop
      vertex 47.1248 10 29.9646
      vertex 48.6 10 28.7566
      vertex 47.368 10 29.9021
    endloop
  endfacet
  facet normal 0 -1 0
    outer loop
      vertex 47.368 10 29.9021
      vertex 48.6 10 28.7566
      vertex 47.6016 10 29.8096
    endloop
  endfacet
  facet normal 0 -1 0
    outer loop
      vertex 47.6016 10 29.8096
      vertex 48.6 10 28.7566
      vertex 47.8217 10 29.6887
    endloop
  endfacet
  facet normal 0 -1 0
    outer loop
      vertex 47.8217 10 29.6887
      vertex 48.6 10 28.7566
      vertex 48.0248 10 29.541
    endloop
  endfacet
  facet normal 0 -1 0
    outer loop
      vertex 48.0248 10 29.541
      vertex 48.6 10 28.7566
      vertex 48.2079 10 29.3691
    endloop
  endfacet
  facet normal 0 -1 0
    outer loop
      vertex 48.2079 10 29.3691
      vertex 48.6 10 28.7566
      vertex 48.368 10 29.1756
    endloop
  endfacet
  facet normal 0 -1 0
    outer loop
      vertex 48.368 10 29.1756
      vertex 48.6 10 28.7566
      vertex 48.5026 10 28.9635
    endloop
  endfacet
  facet normal 0 -1 0
    outer loop
      vertex 46.1 10 30
      vertex 48.6 10 19.2504
      vertex 48.6 10 28.7566
    endloop
  endfacet
  facet normal 0 -1 0
    outer loop
      vertex 46.1 10 18
      vertex 48.6 10 19.2504
      vertex 46.1 10 30
    endloop
  endfacet
  facet normal 0 -1 0
    outer loop
      vertex 46.75 10 18
      vertex 48.6 10 19.2504
      vertex 46.1 10 18
    endloop
  endfacet
  facet normal -0 -1 0
    outer loop
      vertex 48.4387 10 18.9283
      vertex 48.6 10 19.2504
      vertex 46.75 10 18
    endloop
  endfacet
  facet normal 0 -1 0
    outer loop
      vertex 48.6 10 19.2504
      vertex 48.4387 10 18.9283
      vertex 48.5596 10 19.1484
    endloop
  endfacet
  facet normal 0 -1 0
    outer loop
      vertex 48.4387 10 18.9283
      vertex 46.75 10 18
      vertex 48.291 10 18.7252
    endloop
  endfacet
  facet normal 0 -1 0
    outer loop
      vertex 48.291 10 18.7252
      vertex 46.75 10 18
      vertex 48.1191 10 18.5421
    endloop
  endfacet
  facet normal 0 -1 0
    outer loop
      vertex 48.1191 10 18.5421
      vertex 46.75 10 18
      vertex 47.9256 10 18.382
    endloop
  endfacet
  facet normal 0 -1 0
    outer loop
      vertex 47.9256 10 18.382
      vertex 46.75 10 18
      vertex 47.7135 10 18.2474
    endloop
  endfacet
  facet normal 0 -1 0
    outer loop
      vertex 47.7135 10 18.2474
      vertex 46.75 10 18
      vertex 47.4863 10 18.1404
    endloop
  endfacet
  facet normal 0 -1 0
    outer loop
      vertex 47.4863 10 18.1404
      vertex 46.75 10 18
      vertex 47.2474 10 18.0628
    endloop
  endfacet
  facet normal 0 -1 0
    outer loop
      vertex 47.2474 10 18.0628
      vertex 46.75 10 18
      vertex 47.0007 10 18.0158
    endloop
  endfacet
  facet normal -0.770468 0 -0.637478
    outer loop
      vertex 48.368 4.5 29.1756
      vertex 48.2079 10 29.3691
      vertex 48.368 10 29.1756
    endloop
  endfacet
  facet normal -0.770468 -0 -0.637478
    outer loop
      vertex 48.2079 10 29.3691
      vertex 48.368 4.5 29.1756
      vertex 48.2079 4.5 29.3691
    endloop
  endfacet
  facet normal -0.588148 0 -0.808753
    outer loop
      vertex 47.8217 4.5 29.6887
      vertex 48.0248 10 29.541
      vertex 48.0248 4.5 29.541
    endloop
  endfacet
  facet normal -0.588148 0 -0.808753
    outer loop
      vertex 48.0248 10 29.541
      vertex 47.8217 4.5 29.6887
      vertex 47.8217 10 29.6887
    endloop
  endfacet
  facet normal -0.90401 -0 -0.427512
    outer loop
      vertex 48.6096 7 28.7363
      vertex 48.6096 4.5 28.7363
      vertex 48.6 7 28.7566
    endloop
  endfacet
  facet normal -0.904759 0 -0.425923
    outer loop
      vertex 48.6 7 28.7566
      vertex 48.5026 10 28.9635
      vertex 48.6 10 28.7566
    endloop
  endfacet
  facet normal -0.904692 -1.43668e-05 -0.426065
    outer loop
      vertex 48.5026 4.5 28.9635
      vertex 48.6 7 28.7566
      vertex 48.6096 4.5 28.7363
    endloop
  endfacet
  facet normal -0.904759 0 -0.425923
    outer loop
      vertex 48.6 7 28.7566
      vertex 48.5026 4.5 28.9635
      vertex 48.5026 10 28.9635
    endloop
  endfacet
  facet normal -0.982332 0 -0.187149
    outer loop
      vertex 48.7342 4.5 28.2507
      vertex 48.6872 7 28.4974
      vertex 48.7342 7 28.2507
    endloop
  endfacet
  facet normal -0.982332 -0 -0.187149
    outer loop
      vertex 48.6872 7 28.4974
      vertex 48.7342 4.5 28.2507
      vertex 48.6872 4.5 28.4974
    endloop
  endfacet
  facet normal -0.995569 0 0.0940319
    outer loop
      vertex 48.7146 4.5 19.6252
      vertex 48.75 7 20
      vertex 48.7146 7 19.6252
    endloop
  endfacet
  facet normal -0.995569 0 0.0940319
    outer loop
      vertex 48.75 7 20
      vertex 48.7146 4.5 19.6252
      vertex 48.75 4.5 20
    endloop
  endfacet
  facet normal -0.844333 0 -0.535819
    outer loop
      vertex 48.5026 4.5 28.9635
      vertex 48.368 10 29.1756
      vertex 48.5026 10 28.9635
    endloop
  endfacet
  facet normal -0.844333 -0 -0.535819
    outer loop
      vertex 48.368 10 29.1756
      vertex 48.5026 4.5 28.9635
      vertex 48.368 4.5 29.1756
    endloop
  endfacet
  facet normal -0.99802 0 -0.0628987
    outer loop
      vertex 48.75 4.5 28
      vertex 48.7342 7 28.2507
      vertex 48.75 7 28
    endloop
  endfacet
  facet normal -0.99802 -0 -0.0628987
    outer loop
      vertex 48.7342 7 28.2507
      vertex 48.75 4.5 28
      vertex 48.7342 4.5 28.2507
    endloop
  endfacet
  facet normal -0.968529 0 0.248902
    outer loop
      vertex 48.6521 4.5 19.382
      vertex 48.7146 7 19.6252
      vertex 48.6521 7 19.382
    endloop
  endfacet
  facet normal -0.968529 0 0.248902
    outer loop
      vertex 48.7146 7 19.6252
      vertex 48.6521 4.5 19.382
      vertex 48.7146 4.5 19.6252
    endloop
  endfacet
  facet normal -0.876476 0 0.481445
    outer loop
      vertex 48.4387 4.5 18.9283
      vertex 48.5596 10 19.1484
      vertex 48.4387 10 18.9283
    endloop
  endfacet
  facet normal -0.876476 0 0.481445
    outer loop
      vertex 48.5596 10 19.1484
      vertex 48.4387 4.5 18.9283
      vertex 48.5596 4.5 19.1484
    endloop
  endfacet
  facet normal -0.729053 0 0.684458
    outer loop
      vertex 48.1191 4.5 18.5421
      vertex 48.291 10 18.7252
      vertex 48.1191 10 18.5421
    endloop
  endfacet
  facet normal -0.729053 0 0.684458
    outer loop
      vertex 48.291 10 18.7252
      vertex 48.1191 4.5 18.5421
      vertex 48.291 4.5 18.7252
    endloop
  endfacet
  facet normal -0.48167 -0.502649 0.71787
    outer loop
      vertex 42.3887 128.363 21.2098
      vertex 42.5537 130.359 22.7181
      vertex 42.3887 130.411 22.6438
    endloop
  endfacet
  facet normal -0.482004 -0.502521 0.717736
    outer loop
      vertex 42.5537 130.359 22.7181
      vertex 42.3887 128.363 21.2098
      vertex 42.5537 128.311 21.2842
    endloop
  endfacet
  facet normal -0.0955526 -0.570919 0.815427
    outer loop
      vertex 41.75 128.445 21.0929
      vertex 41.9608 130.481 22.5431
      vertex 41.75 130.493 22.5268
    endloop
  endfacet
  facet normal -0.0934323 -0.571182 0.815489
    outer loop
      vertex 41.9608 130.481 22.5431
      vertex 41.75 128.445 21.0929
      vertex 42.0311 128.43 21.1146
    endloop
  endfacet
  facet normal -1 0 0
    outer loop
      vertex 43.25 125.147 25.803
      vertex 43.25 129.632 23.7556
      vertex 43.25 127.585 22.3216
    endloop
  endfacet
  facet normal -1 0 0
    outer loop
      vertex 43.25 125.147 25.803
      vertex 43.25 124.757 30.7183
      vertex 43.25 129.632 23.7556
    endloop
  endfacet
  facet normal -1 0 -0
    outer loop
      vertex 43.25 124.757 30.7183
      vertex 43.25 125.147 25.803
      vertex 43.25 122.709 29.2844
    endloop
  endfacet
  facet normal -0.58876 -0.463599 0.662146
    outer loop
      vertex 42.5537 128.311 21.2842
      vertex 42.7061 130.295 22.8088
      vertex 42.5537 130.359 22.7181
    endloop
  endfacet
  facet normal -0.58876 -0.463599 0.662146
    outer loop
      vertex 42.7061 130.295 22.8088
      vertex 42.5537 128.311 21.2842
      vertex 42.7061 128.247 21.3749
    endloop
  endfacet
  facet normal 0 0.805651 0.59239
    outer loop
      vertex 36.1204 121.854 30.5063
      vertex 32 121.849 30.5131
      vertex 41.75 121.849 30.5131
    endloop
  endfacet
  facet normal -0 0.805651 0.59239
    outer loop
      vertex 36.1204 121.854 30.5063
      vertex 41.75 121.849 30.5131
      vertex 41.8825 121.854 30.5063
    endloop
  endfacet
  facet normal -0.000154354 0.847998 0.529999
    outer loop
      vertex 32 121.849 30.5131
      vertex 36.1204 121.854 30.5063
      vertex 32 121.852 30.5083
    endloop
  endfacet
  facet normal -0.186635 0.563676 -0.804634
    outer loop
      vertex 41.938 123.903 31.9374
      vertex 42.123 121.876 30.4745
      vertex 41.938 121.856 30.5034
    endloop
  endfacet
  facet normal -0.189572 0.563169 -0.804303
    outer loop
      vertex 42.123 121.876 30.4745
      vertex 41.938 123.903 31.9374
      vertex 42.123 123.924 31.9085
    endloop
  endfacet
  facet normal -0.307941 0.545697 -0.77935
    outer loop
      vertex 42.123 123.924 31.9085
      vertex 42.3022 121.909 30.4268
      vertex 42.123 121.876 30.4745
    endloop
  endfacet
  facet normal -0.307941 0.545697 -0.77935
    outer loop
      vertex 42.3022 121.909 30.4268
      vertex 42.123 123.924 31.9085
      vertex 42.3022 123.957 31.8608
    endloop
  endfacet
  facet normal 0.624927 0.641388 0.44507
    outer loop
      vertex 43.2384 127.6 22.2999
      vertex 43.2382 127.692 22.1676
      vertex 43.2374 127.695 22.1644
    endloop
  endfacet
  facet normal 0.0674073 0.8018 0.593779
    outer loop
      vertex 43.1766 122.443 29.6641
      vertex 43.1906 122.475 29.6193
      vertex 43.145 122.405 29.719
    endloop
  endfacet
  facet normal -0.0138642 0.81904 0.573568
    outer loop
      vertex 43.25 127.585 22.3216
      vertex 43.2384 127.6 22.2999
      vertex 43.25 125.147 25.803
    endloop
  endfacet
  facet normal -0.00638402 0.820985 0.570914
    outer loop
      vertex 43.2384 127.6 22.2999
      vertex 43.25 127.585 22.3216
      vertex 43.2382 127.692 22.1676
    endloop
  endfacet
  facet normal 0 -0.573543 0.819176
    outer loop
      vertex 32 130.493 22.5268
      vertex 41.75 128.445 21.0929
      vertex 41.75 130.493 22.5268
    endloop
  endfacet
  facet normal 0 -0.573543 0.819176
    outer loop
      vertex 41.75 128.445 21.0929
      vertex 32 130.493 22.5268
      vertex 32 128.445 21.0929
    endloop
  endfacet
  facet normal -0.808737 0.337341 -0.481814
    outer loop
      vertex 43.0165 122.248 29.9428
      vertex 42.9058 124.209 31.5016
      vertex 43.0165 124.296 31.3767
    endloop
  endfacet
  facet normal -0.808587 0.337475 -0.481973
    outer loop
      vertex 42.9058 124.209 31.5016
      vertex 43.0165 122.248 29.9428
      vertex 42.9058 122.161 30.0676
    endloop
  endfacet
  facet normal -0.000144729 0.840297 0.542127
    outer loop
      vertex 36.1204 121.854 30.5063
      vertex 32 121.854 30.5052
      vertex 32 121.852 30.5083
    endloop
  endfacet
  facet normal -0.0633444 0.572572 -0.817404
    outer loop
      vertex 41.797 123.898 31.9447
      vertex 41.938 121.856 30.5034
      vertex 41.8825 121.854 30.5063
    endloop
  endfacet
  facet normal -0.0626263 0.572631 -0.817417
    outer loop
      vertex 41.938 121.856 30.5034
      vertex 41.797 123.898 31.9447
      vertex 41.938 123.903 31.9374
    endloop
  endfacet
  facet normal -0.0635554 0.572558 -0.817397
    outer loop
      vertex 41.797 123.898 31.9447
      vertex 41.8825 121.854 30.5063
      vertex 41.75 121.849 30.5131
    endloop
  endfacet
  facet normal -0.998062 -0.0356873 0.0509712
    outer loop
      vertex 43.2382 127.692 22.1676
      vertex 43.247 129.659 23.7171
      vertex 43.2382 129.74 23.6015
    endloop
  endfacet
  facet normal -0.998026 -0.0360464 0.0514269
    outer loop
      vertex 43.247 129.659 23.7171
      vertex 43.2382 127.692 22.1676
      vertex 43.25 127.585 22.3216
    endloop
  endfacet
  facet normal -0.368603 -0.533183 0.761477
    outer loop
      vertex 42.2135 128.403 21.153
      vertex 42.3887 130.411 22.6438
      vertex 42.2573 130.441 22.6012
    endloop
  endfacet
  facet normal -0.368603 -0.533183 0.761477
    outer loop
      vertex 42.3887 130.411 22.6438
      vertex 42.2135 128.403 21.153
      vertex 42.3887 128.363 21.2098
    endloop
  endfacet
  facet normal -0.982158 -0.107865 0.15405
    outer loop
      vertex 43.2029 127.798 22.016
      vertex 43.2117 129.82 23.4879
      vertex 43.2029 129.846 23.45
    endloop
  endfacet
  facet normal 0 0.57357 -0.819157
    outer loop
      vertex 32 121.849 30.5131
      vertex 41.75 123.897 31.9471
      vertex 41.75 121.849 30.5131
    endloop
  endfacet
  facet normal 0 0.57357 -0.819157
    outer loop
      vertex 41.75 123.897 31.9471
      vertex 32 121.849 30.5131
      vertex 32 123.897 31.9471
    endloop
  endfacet
  facet normal -0.997971 -0.0365299 0.0521456
    outer loop
      vertex 43.25 127.585 22.3216
      vertex 43.25 129.632 23.7556
      vertex 43.247 129.659 23.7171
    endloop
  endfacet
  facet normal -0.088219 -0.571333 0.815963
    outer loop
      vertex 42.0311 128.43 21.1146
      vertex 42.0311 130.478 22.5486
      vertex 41.9608 130.481 22.5431
    endloop
  endfacet
  facet normal -0.249236 -0.555469 0.793306
    outer loop
      vertex 42.0311 128.43 21.1146
      vertex 42.2135 130.451 22.587
      vertex 42.0311 130.478 22.5486
    endloop
  endfacet
  facet normal -0.249236 -0.555469 0.793306
    outer loop
      vertex 42.2135 130.451 22.587
      vertex 42.0311 128.43 21.1146
      vertex 42.2135 128.403 21.153
    endloop
  endfacet
  facet normal -0.368603 -0.533183 0.761477
    outer loop
      vertex 42.2135 128.403 21.153
      vertex 42.2573 130.441 22.6012
      vertex 42.2135 130.451 22.587
    endloop
  endfacet
  facet normal -0.683631 -0.418522 0.597902
    outer loop
      vertex 42.7863 128.204 21.4365
      vertex 42.7405 130.277 22.8352
      vertex 42.7061 128.247 21.3749
    endloop
  endfacet
  facet normal -0.685574 -0.417531 0.596369
    outer loop
      vertex 42.7405 130.277 22.8352
      vertex 42.7863 128.204 21.4365
      vertex 42.8435 130.221 22.9144
    endloop
  endfacet
  facet normal -0.685285 -0.417697 0.596585
    outer loop
      vertex 42.8435 130.221 22.9144
      vertex 42.7863 128.204 21.4365
      vertex 42.8435 128.173 21.4805
    endloop
  endfacet
  facet normal -0.680533 -0.420245 0.600224
    outer loop
      vertex 42.7061 128.247 21.3749
      vertex 42.7405 130.277 22.8352
      vertex 42.7061 130.295 22.8088
    endloop
  endfacet
  facet normal -0.771462 -0.364932 0.521222
    outer loop
      vertex 42.9635 128.09 21.5994
      vertex 42.9635 130.138 23.0333
      vertex 42.9335 130.159 23.0036
    endloop
  endfacet
  facet normal -0.843993 -0.307622 0.439368
    outer loop
      vertex 42.9635 128.09 21.5994
      vertex 43.0645 130.047 23.1636
      vertex 42.9635 130.138 23.0333
    endloop
  endfacet
  facet normal -0.843993 -0.307622 0.439368
    outer loop
      vertex 43.0645 130.047 23.1636
      vertex 42.9635 128.09 21.5994
      vertex 43.0645 127.999 21.7297
    endloop
  endfacet
  facet normal -0.982246 -0.107592 0.153676
    outer loop
      vertex 43.2374 127.695 22.1644
      vertex 43.2117 129.82 23.4879
      vertex 43.2029 127.798 22.016
    endloop
  endfacet
  facet normal -0.982293 -0.107462 0.153466
    outer loop
      vertex 43.2117 129.82 23.4879
      vertex 43.2374 127.695 22.1644
      vertex 43.2382 129.74 23.6015
    endloop
  endfacet
  facet normal -0.983447 -0.103924 0.148432
    outer loop
      vertex 43.2382 129.74 23.6015
      vertex 43.2374 127.695 22.1644
      vertex 43.2382 127.692 22.1676
    endloop
  endfacet
  facet normal -0.995549 0.0540517 -0.0772006
    outer loop
      vertex 43.25 122.709 29.2844
      vertex 43.2234 124.596 30.9486
      vertex 43.25 124.757 30.7183
    endloop
  endfacet
  facet normal -0.995547 0.0540699 -0.0772211
    outer loop
      vertex 43.2234 124.596 30.9486
      vertex 43.25 122.709 29.2844
      vertex 43.2234 122.548 29.5146
    endloop
  endfacet
  facet normal -0.96845 0.142939 -0.204141
    outer loop
      vertex 43.2234 124.596 30.9486
      vertex 43.2234 122.548 29.5146
      vertex 43.2117 124.57 30.9859
    endloop
  endfacet
  facet normal -0.0539542 0.572734 -0.817964
    outer loop
      vertex 41.75 123.897 31.9471
      vertex 41.797 123.898 31.9447
      vertex 41.75 121.849 30.5131
    endloop
  endfacet
  facet normal -0.951162 -0.177048 0.252873
    outer loop
      vertex 43.1447 127.901 21.8693
      vertex 43.2029 129.846 23.45
      vertex 43.1447 129.949 23.3032
    endloop
  endfacet
  facet normal -0.951121 -0.177129 0.252971
    outer loop
      vertex 43.2029 129.846 23.45
      vertex 43.1447 127.901 21.8693
      vertex 43.2029 127.798 22.016
    endloop
  endfacet
  facet normal -0.770049 -0.365912 0.522622
    outer loop
      vertex 42.8435 128.173 21.4805
      vertex 42.9335 130.159 23.0036
      vertex 42.8435 130.221 22.9144
    endloop
  endfacet
  facet normal -0.770209 -0.365789 0.522471
    outer loop
      vertex 42.9477 128.101 21.5837
      vertex 42.9335 130.159 23.0036
      vertex 42.8435 128.173 21.4805
    endloop
  endfacet
  facet normal -0.771675 -0.364788 0.521006
    outer loop
      vertex 42.9335 130.159 23.0036
      vertex 42.9477 128.101 21.5837
      vertex 42.9635 128.09 21.5994
    endloop
  endfacet
  facet normal 0.0196245 0.829159 0.558668
    outer loop
      vertex 42.9477 128.101 21.5837
      vertex 42.8435 128.173 21.4805
      vertex 42.7863 128.204 21.4365
    endloop
  endfacet
  facet normal -0.929504 0.21153 -0.302122
    outer loop
      vertex 43.1766 122.443 29.6641
      vertex 43.1072 124.391 31.2415
      vertex 43.1766 124.491 31.098
    endloop
  endfacet
  facet normal -0.929504 0.21153 -0.302122
    outer loop
      vertex 43.1072 124.391 31.2415
      vertex 43.1766 122.443 29.6641
      vertex 43.1072 122.343 29.8076
    endloop
  endfacet
  facet normal -0.540374 0.482593 -0.689275
    outer loop
      vertex 42.6317 124.061 31.7124
      vertex 42.6317 122.013 30.2785
      vertex 42.5919 124.046 31.7331
    endloop
  endfacet
  facet normal -0.430474 0.517706 -0.739373
    outer loop
      vertex 42.3022 123.957 31.8608
      vertex 42.3448 123.969 31.8444
      vertex 42.3022 121.909 30.4268
    endloop
  endfacet
  facet normal -0.0246034 0.823971 0.566097
    outer loop
      vertex 43.1072 122.343 29.8076
      vertex 43.145 122.405 29.719
      vertex 43.0607 122.294 29.8769
    endloop
  endfacet
  facet normal 0.0413764 0.810239 0.584637
    outer loop
      vertex 43.145 122.405 29.719
      vertex 43.1072 122.343 29.8076
      vertex 43.1766 122.443 29.6641
    endloop
  endfacet
  facet normal -0.904952 -0.24405 0.34857
    outer loop
      vertex 43.0645 127.999 21.7297
      vertex 43.1447 129.949 23.3032
      vertex 43.0645 130.047 23.1636
    endloop
  endfacet
  facet normal -0.904952 -0.24405 0.34857
    outer loop
      vertex 43.1447 129.949 23.3032
      vertex 43.0645 127.999 21.7297
      vertex 43.1447 127.901 21.8693
    endloop
  endfacet
  facet normal -0.877101 0.275476 -0.393455
    outer loop
      vertex 43.0165 124.296 31.3767
      vertex 43.0392 124.32 31.3429
      vertex 43.0165 122.248 29.9428
    endloop
  endfacet
  facet normal -0.877 0.275582 -0.393607
    outer loop
      vertex 43.0607 122.294 29.8769
      vertex 43.1072 124.391 31.2415
      vertex 43.1072 122.343 29.8076
    endloop
  endfacet
  facet normal -0.876462 0.276109 -0.394434
    outer loop
      vertex 43.1072 124.391 31.2415
      vertex 43.0607 122.294 29.8769
      vertex 43.0392 124.32 31.3429
    endloop
  endfacet
  facet normal -0.876224 0.276365 -0.394784
    outer loop
      vertex 43.0392 124.32 31.3429
      vertex 43.0607 122.294 29.8769
      vertex 43.0165 122.248 29.9428
    endloop
  endfacet
  facet normal -0.63762 0.44185 -0.631038
    outer loop
      vertex 42.7768 122.082 30.1801
      vertex 42.6317 124.061 31.7124
      vertex 42.7768 124.13 31.6141
    endloop
  endfacet
  facet normal -0.637878 0.441707 -0.630878
    outer loop
      vertex 42.6317 124.061 31.7124
      vertex 42.7768 122.082 30.1801
      vertex 42.6317 122.013 30.2785
    endloop
  endfacet
  facet normal -0.968531 0.142753 -0.203886
    outer loop
      vertex 43.1906 122.475 29.6193
      vertex 43.2117 124.57 30.9859
      vertex 43.2234 122.548 29.5146
    endloop
  endfacet
  facet normal -0.968773 0.142239 -0.203096
    outer loop
      vertex 43.2117 124.57 30.9859
      vertex 43.1906 122.475 29.6193
      vertex 43.1766 124.491 31.098
    endloop
  endfacet
  facet normal -0.969153 0.141355 -0.201893
    outer loop
      vertex 43.1766 124.491 31.098
      vertex 43.1906 122.475 29.6193
      vertex 43.1766 122.443 29.6641
    endloop
  endfacet
  facet normal -0.729207 0.39249 -0.560543
    outer loop
      vertex 42.9058 122.161 30.0676
      vertex 42.7768 124.13 31.6141
      vertex 42.9058 124.209 31.5016
    endloop
  endfacet
  facet normal -0.729207 0.39249 -0.560543
    outer loop
      vertex 42.7768 124.13 31.6141
      vertex 42.9058 122.161 30.0676
      vertex 42.7768 122.082 30.1801
    endloop
  endfacet
  facet normal -0.424315 0.519376 -0.741758
    outer loop
      vertex 42.4726 121.955 30.3611
      vertex 42.3448 123.969 31.8444
      vertex 42.4726 124.003 31.7951
    endloop
  endfacet
  facet normal -0.42586 0.518881 -0.741219
    outer loop
      vertex 42.3448 123.969 31.8444
      vertex 42.4726 121.955 30.3611
      vertex 42.3022 121.909 30.4268
    endloop
  endfacet
  facet normal -0.535681 0.484334 -0.691713
    outer loop
      vertex 42.4726 124.003 31.7951
      vertex 42.6317 122.013 30.2785
      vertex 42.4726 121.955 30.3611
    endloop
  endfacet
  facet normal -0.534519 0.484841 -0.692256
    outer loop
      vertex 42.6317 122.013 30.2785
      vertex 42.4726 124.003 31.7951
      vertex 42.5919 124.046 31.7331
    endloop
  endfacet
  facet normal 0 -0.819136 -0.5736
    outer loop
      vertex 32 128.445 21.0929
      vertex 32 133.206 14.2939
      vertex 41.75 128.445 21.0929
    endloop
  endfacet
  facet normal 0 -0.819141 -0.573593
    outer loop
      vertex 43.25 125.147 25.803
      vertex 43.2384 127.6 22.2999
      vertex 46 125.147 25.803
    endloop
  endfacet
  facet normal 0 -0.81913 -0.573607
    outer loop
      vertex 46 125.147 25.803
      vertex 46.05 124.43 26.8269
      vertex 46 124.43 26.8269
    endloop
  endfacet
  facet normal 0.00091225 -0.818802 -0.574075
    outer loop
      vertex 43.2374 127.695 22.1644
      vertex 46 125.147 25.803
      vertex 43.2384 127.6 22.2999
    endloop
  endfacet
  facet normal -0.00967989 -0.822528 -0.568642
    outer loop
      vertex 43.2029 127.798 22.016
      vertex 46 125.147 25.803
      vertex 43.2374 127.695 22.1644
    endloop
  endfacet
  facet normal -0.00190998 -0.818773 -0.574114
    outer loop
      vertex 46.05 133.206 14.2939
      vertex 43.2029 127.798 22.016
      vertex 43.1447 127.901 21.8693
    endloop
  endfacet
  facet normal -0.00146389 -0.818854 -0.573999
    outer loop
      vertex 46.05 133.206 14.2939
      vertex 43.1447 127.901 21.8693
      vertex 43.0645 127.999 21.7297
    endloop
  endfacet
  facet normal -0 -0.819136 -0.5736
    outer loop
      vertex 46.05 133.206 14.2939
      vertex 41.75 128.445 21.0929
      vertex 32 133.206 14.2939
    endloop
  endfacet
  facet normal 0.000543076 -0.819297 -0.573369
    outer loop
      vertex 41.75 128.445 21.0929
      vertex 46.05 133.206 14.2939
      vertex 42.0311 128.43 21.1146
    endloop
  endfacet
  facet normal -0.000445407 -0.819023 -0.57376
    outer loop
      vertex 42.0311 128.43 21.1146
      vertex 46.05 133.206 14.2939
      vertex 42.2135 128.403 21.153
    endloop
  endfacet
  facet normal -0.000896186 -0.818905 -0.573929
    outer loop
      vertex 42.2135 128.403 21.153
      vertex 46.05 133.206 14.2939
      vertex 42.3887 128.363 21.2098
    endloop
  endfacet
  facet normal 0.00040129 -0.819228 -0.573468
    outer loop
      vertex 42.3887 128.363 21.2098
      vertex 46.05 133.206 14.2939
      vertex 42.5537 128.311 21.2842
    endloop
  endfacet
  facet normal -0.000541956 -0.819143 -0.573589
    outer loop
      vertex 46 125.147 25.803
      vertex 46.05 133.206 14.2939
      vertex 46.05 124.43 26.8269
    endloop
  endfacet
  facet normal 0.000222836 -0.819144 -0.573587
    outer loop
      vertex 43.2029 127.798 22.016
      vertex 46.05 133.206 14.2939
      vertex 46 125.147 25.803
    endloop
  endfacet
  facet normal 0.001304 -0.819377 -0.573254
    outer loop
      vertex 42.9635 128.09 21.5994
      vertex 46.05 133.206 14.2939
      vertex 43.0645 127.999 21.7297
    endloop
  endfacet
  facet normal -0.000196417 -0.81908 -0.57368
    outer loop
      vertex 42.9477 128.101 21.5837
      vertex 46.05 133.206 14.2939
      vertex 42.9635 128.09 21.5994
    endloop
  endfacet
  facet normal 0.000304252 -0.81918 -0.573537
    outer loop
      vertex 42.7863 128.204 21.4365
      vertex 46.05 133.206 14.2939
      vertex 42.9477 128.101 21.5837
    endloop
  endfacet
  facet normal 0.00104964 -0.819339 -0.573308
    outer loop
      vertex 42.7061 128.247 21.3749
      vertex 46.05 133.206 14.2939
      vertex 42.7863 128.204 21.4365
    endloop
  endfacet
  facet normal -0.00201503 -0.818658 -0.574278
    outer loop
      vertex 42.5537 128.311 21.2842
      vertex 46.05 133.206 14.2939
      vertex 42.7061 128.247 21.3749
    endloop
  endfacet
  facet normal -1 -0 0
    outer loop
      vertex 46.05 120.504 5.4
      vertex 46.05 116.823 2.82239
      vertex 46.05 115.018 5.4
    endloop
  endfacet
  facet normal -1 0 0
    outer loop
      vertex 46.05 133 14.5875
      vertex 46.05 133.206 14.2939
      vertex 46.05 133 14.15
    endloop
  endfacet
  facet normal -1 0 0
    outer loop
      vertex 46.05 133.206 14.2939
      vertex 46.05 133 14.5875
      vertex 46.05 125.864 24.7791
    endloop
  endfacet
  facet normal -1 0 0
    outer loop
      vertex 46.05 113.249 15.946
      vertex 46.05 124.43 26.8269
      vertex 46.05 125.864 24.7791
    endloop
  endfacet
  facet normal -1 0 0
    outer loop
      vertex 46.05 124.43 26.8269
      vertex 46.05 113.249 15.946
      vertex 46.05 111.815 17.9939
    endloop
  endfacet
  facet normal 1 0 0
    outer loop
      vertex 46.05 125.864 24.7791
      vertex 46.05 124.43 26.8269
      vertex 46.05 133.206 14.2939
    endloop
  endfacet
  facet normal -1 0 0
    outer loop
      vertex 46.05 111.797 10
      vertex 46.05 123.217 7.3
      vertex 46.05 113.687 7.3
    endloop
  endfacet
  facet normal -1 0 0
    outer loop
      vertex 46.05 123.217 7.3
      vertex 46.05 111.797 10
      vertex 46.05 127.073 10
    endloop
  endfacet
  facet normal 0 0.819131 0.573606
    outer loop
      vertex 46.05 116.823 2.82239
      vertex 43.6 115.018 5.4
      vertex 46.05 115.018 5.4
    endloop
  endfacet
  facet normal 0 0.819131 0.573606
    outer loop
      vertex 43.6 115.018 5.4
      vertex 46.05 116.823 2.82239
      vertex 43.6 116.823 2.82239
    endloop
  endfacet
  facet normal 0 0.819232 0.573462
    outer loop
      vertex 46.05 113.687 7.3
      vertex 43.6 111.797 10
      vertex 46.05 111.797 10
    endloop
  endfacet
  facet normal 0 0.819232 0.573462
    outer loop
      vertex 43.6 111.797 10
      vertex 46.05 113.687 7.3
      vertex 43.6 113.687 7.3
    endloop
  endfacet
  facet normal 0 -0.573598 0.819137
    outer loop
      vertex 43.6 120.504 5.4
      vertex 46.05 116.823 2.82239
      vertex 46.05 120.504 5.4
    endloop
  endfacet
  facet normal 0 -0.573598 0.819137
    outer loop
      vertex 46.05 116.823 2.82239
      vertex 43.6 120.504 5.4
      vertex 43.6 116.823 2.82239
    endloop
  endfacet
  facet normal 0 -0.572661 0.819792
    outer loop
      vertex 32 133.206 14.2939
      vertex 46.05 133 14.15
      vertex 46.05 133.206 14.2939
    endloop
  endfacet
  facet normal 0 -0.572661 0.819792
    outer loop
      vertex 46.05 133 14.15
      vertex 32 133.206 14.2939
      vertex 32 133 14.15
    endloop
  endfacet
  facet normal 0 -0.573576 0.819152
    outer loop
      vertex 43.6 127.073 10
      vertex 46.05 123.217 7.3
      vertex 46.05 127.073 10
    endloop
  endfacet
  facet normal 0 -0.573576 0.819152
    outer loop
      vertex 46.05 123.217 7.3
      vertex 43.6 127.073 10
      vertex 43.6 123.217 7.3
    endloop
  endfacet
  facet normal 0 0 -1
    outer loop
      vertex 32 133 10
      vertex 38.5 135.5 10
      vertex 38.5 133 10
    endloop
  endfacet
  facet normal -0 0 -1
    outer loop
      vertex 38.5 135.5 10
      vertex 32 133 10
      vertex 32 135.5 10
    endloop
  endfacet
  facet normal -1 0 0
    outer loop
      vertex 38.5 133 1
      vertex 38.5 135.5 10
      vertex 38.5 135.5 1
    endloop
  endfacet
  facet normal -1 -0 0
    outer loop
      vertex 38.5 135.5 10
      vertex 38.5 133 1
      vertex 38.5 133 10
    endloop
  endfacet
  facet normal -0 0 1
    outer loop
      vertex 32 135.5 1
      vertex 38.5 133 1
      vertex 38.5 135.5 1
    endloop
  endfacet
  facet normal 0 0 1
    outer loop
      vertex 38.5 133 1
      vertex 32 135.5 1
      vertex 32 133 1
    endloop
  endfacet
  facet normal -0.998043 0.0264284 -0.0566743
    outer loop
      vertex 36.9606 68.9404 -23.9085
      vertex 36.9698 68.9979 -24.0437
      vertex 36.9606 66.8129 -24.9006
    endloop
  endfacet
  facet normal -0.998025 0.0265953 -0.0569097
    outer loop
      vertex 36.9945 74.8349 -21.7545
      vertex 36.9606 74.9697 -21.097
      vertex 36.9961 75.208 -21.6082
    endloop
  endfacet
  facet normal -0.998028 0.026525 -0.0568954
    outer loop
      vertex 36.9606 74.9697 -21.097
      vertex 36.9945 74.8349 -21.7545
      vertex 36.9606 74.6072 -21.266
    endloop
  endfacet
  facet normal -0.998025 0.026544 -0.0569256
    outer loop
      vertex 37 67.0778 -25.4685
      vertex 36.9698 68.9979 -24.0437
      vertex 37 69.1857 -24.4856
    endloop
  endfacet
  facet normal -0.998029 0.0265079 -0.0568769
    outer loop
      vertex 36.9698 68.9979 -24.0437
      vertex 37 67.0778 -25.4685
      vertex 36.9606 66.8129 -24.9006
    endloop
  endfacet
  facet normal -0.99807 0.0262412 -0.0562866
    outer loop
      vertex 37 74.872 -21.834
      vertex 36.9961 75.208 -21.6082
      vertex 37 75.2345 -21.665
    endloop
  endfacet
  facet normal -0.998041 0.0265046 -0.056678
    outer loop
      vertex 36.9961 75.208 -21.6082
      vertex 37 74.872 -21.834
      vertex 36.9945 74.8349 -21.7545
    endloop
  endfacet
  facet normal -0.000366068 0.90638 0.422464
    outer loop
      vertex 36.0451 65.8357 -22.8049
      vertex 36.6489 66.2999 -23.8003
      vertex 35.6448 65.6312 -22.3665
    endloop
  endfacet
  facet normal -0.125337 0.419294 -0.899157
    outer loop
      vertex 32.314 67.2327 -19.8902
      vertex 32.9369 65.0021 -21.0172
      vertex 32.314 64.9688 -20.9459
    endloop
  endfacet
  facet normal -0.125386 0.41928 -0.899157
    outer loop
      vertex 32.9369 65.0021 -21.0172
      vertex 32.314 67.2327 -19.8902
      vertex 32.9369 67.2635 -19.9627
    endloop
  endfacet
  facet normal -0.000110788 0.906412 0.422395
    outer loop
      vertex 34.1289 65.1658 -21.3683
      vertex 34.6791 65.2936 -21.6424
      vertex 33.5451 65.0681 -21.1588
    endloop
  endfacet
  facet normal -0.844245 0.226508 -0.485742
    outer loop
      vertex 36.3815 69.1412 -21.8485
      vertex 36.3815 66.0598 -23.2854
      vertex 36.2671 69.065 -21.6852
    endloop
  endfacet
  facet normal -0.84436 0.226388 -0.485596
    outer loop
      vertex 36.0922 73.6613 -19.2377
      vertex 36.3815 74.2165 -19.4819
      vertex 36.3815 73.854 -19.6509
    endloop
  endfacet
  facet normal -0.844349 0.22637 -0.485625
    outer loop
      vertex 36.3815 74.2165 -19.4819
      vertex 36.0922 73.6613 -19.2377
      vertex 36.0787 74.0149 -19.0494
    endloop
  endfacet
  facet normal 5.37961e-05 0.906332 0.422567
    outer loop
      vertex 37 67.0778 -25.4685
      vertex 36.6489 67.8556 -27.1367
      vertex 33.5451 69.0874 -29.7783
    endloop
  endfacet
  facet normal 0 -0.422606 0.906314
    outer loop
      vertex 32 71.1387 -29.0809
      vertex 32.314 69.1867 -29.9911
      vertex 32.314 71.1387 -29.0809
    endloop
  endfacet
  facet normal 0 -0.422606 0.906314
    outer loop
      vertex 32.314 69.1867 -29.9911
      vertex 32 71.1387 -29.0809
      vertex 32 69.1867 -29.9911
    endloop
  endfacet
  facet normal -0.684487 -0.308091 0.660725
    outer loop
      vertex 35.1871 68.7059 -28.9601
      vertex 35.4618 72.2222 -27.0359
      vertex 35.1871 72.3311 -27.2697
    endloop
  endfacet
  facet normal -0.684501 -0.308083 0.660714
    outer loop
      vertex 35.4618 72.2222 -27.0359
      vertex 35.1871 68.7059 -28.9601
      vertex 35.6448 68.5243 -28.5706
    endloop
  endfacet
  facet normal -0.684789 -0.307971 0.660468
    outer loop
      vertex 35.1871 75.9564 -25.5792
      vertex 35.2329 76.8445 -25.1176
      vertex 35.1871 76.8627 -25.1566
    endloop
  endfacet
  facet normal -0.684227 -0.308238 0.660926
    outer loop
      vertex 35.2329 76.8445 -25.1176
      vertex 35.1871 75.9564 -25.5792
      vertex 35.2787 75.9201 -25.5013
    endloop
  endfacet
  facet normal -0.951084 0.130558 -0.279988
    outer loop
      vertex 36.8429 66.5522 -24.3416
      vertex 36.6489 69.3813 -22.3634
      vertex 36.8429 69.6337 -22.9047
    endloop
  endfacet
  facet normal -0.951078 0.13057 -0.280004
    outer loop
      vertex 36.6489 69.3813 -22.3634
      vertex 36.8429 66.5522 -24.3416
      vertex 36.6489 66.2999 -23.8003
    endloop
  endfacet
  facet normal -0.951071 0.130618 -0.280007
    outer loop
      vertex 36.8429 74.3465 -20.7071
      vertex 36.6489 74.4566 -19.9968
      vertex 36.8429 74.709 -20.538
    endloop
  endfacet
  facet normal -0.951084 0.130537 -0.279998
    outer loop
      vertex 36.6489 74.4566 -19.9968
      vertex 36.8429 74.3465 -20.7071
      vertex 36.6489 74.0941 -20.1658
    endloop
  endfacet
  facet normal -0.58779 0.341905 -0.733214
    outer loop
      vertex 34.6791 73.4504 -17.8388
      vertex 35.1871 65.4496 -21.9769
      vertex 34.6791 65.2936 -21.6424
    endloop
  endfacet
  facet normal -0.588262 0.341723 -0.732921
    outer loop
      vertex 35.1871 65.4496 -21.9769
      vertex 34.6791 73.4504 -17.8388
      vertex 34.7299 73.466 -17.8723
    endloop
  endfacet
  facet normal -0.904834 0.179938 -0.385873
    outer loop
      vertex 36.3815 69.1412 -21.8485
      vertex 36.4724 69.2228 -22.0236
      vertex 36.3815 66.0598 -23.2854
    endloop
  endfacet
  facet normal -0.90483 0.179714 -0.385986
    outer loop
      vertex 36.6115 74.0605 -20.0937
      vertex 36.3815 74.2165 -19.4819
      vertex 36.6221 74.4326 -19.9453
    endloop
  endfacet
  facet normal -0.904763 0.179968 -0.386026
    outer loop
      vertex 36.3815 74.2165 -19.4819
      vertex 36.6115 74.0605 -20.0937
      vertex 36.3815 73.854 -19.6509
    endloop
  endfacet
  facet normal -0.000427934 0.906139 0.42298
    outer loop
      vertex 36.0451 68.3198 -28.1321
      vertex 35.6448 68.5243 -28.5706
      vertex 35.1871 68.7059 -28.9601
    endloop
  endfacet
  facet normal 0 0.906303 0.422628
    outer loop
      vertex 37 67.0778 -25.4685
      vertex 32 65.0681 -21.1588
      vertex 33.5451 65.0681 -21.1588
    endloop
  endfacet
  facet normal -0 0.906315 0.422602
    outer loop
      vertex 32 69.0874 -29.7783
      vertex 37 67.0778 -25.4685
      vertex 33.5451 69.0874 -29.7783
    endloop
  endfacet
  facet normal -1.32892e-05 0.906309 0.422615
    outer loop
      vertex 37 67.0778 -25.4685
      vertex 32 69.0874 -29.7783
      vertex 32 65.0681 -21.1588
    endloop
  endfacet
  facet normal 0 0.906053 0.423164
    outer loop
      vertex 32.314 69.1867 -29.9911
      vertex 32 69.1534 -29.9198
      vertex 32.9369 69.1534 -29.9198
    endloop
  endfacet
  facet normal 0 0.906053 0.423164
    outer loop
      vertex 32 69.1534 -29.9198
      vertex 32.314 69.1867 -29.9911
      vertex 32 69.1867 -29.9911
    endloop
  endfacet
  facet normal 0 0.906265 0.42271
    outer loop
      vertex 32.9369 69.1534 -29.9198
      vertex 32 69.0874 -29.7783
      vertex 33.5451 69.0874 -29.7783
    endloop
  endfacet
  facet normal 0 0.906265 0.42271
    outer loop
      vertex 32 69.0874 -29.7783
      vertex 32.9369 69.1534 -29.9198
      vertex 32 69.1534 -29.9198
    endloop
  endfacet
  facet normal -0.684714 -0.308016 0.660525
    outer loop
      vertex 35.6448 68.5243 -28.5706
      vertex 35.6448 72.1495 -26.8801
      vertex 35.4618 72.2222 -27.0359
    endloop
  endfacet
  facet normal -0.684594 -0.308121 0.6606
    outer loop
      vertex 35.2787 75.9201 -25.5013
      vertex 35.6448 76.681 -24.767
      vertex 35.2329 76.8445 -25.1176
    endloop
  endfacet
  facet normal -0.68471 -0.308002 0.660535
    outer loop
      vertex 35.6448 76.681 -24.767
      vertex 35.2787 75.9201 -25.5013
      vertex 35.6448 75.7747 -25.1896
    endloop
  endfacet
  facet normal -0 0.906379 0.422465
    outer loop
      vertex 32 65.0681 -21.1588
      vertex 32.9369 65.0021 -21.0172
      vertex 33.5451 65.0681 -21.1588
    endloop
  endfacet
  facet normal 0 0.906379 0.422465
    outer loop
      vertex 32.9369 65.0021 -21.0172
      vertex 32 65.0681 -21.1588
      vertex 32 65.0021 -21.0172
    endloop
  endfacet
  facet normal -5.42357e-05 0.906361 0.422504
    outer loop
      vertex 34.6791 65.2936 -21.6424
      vertex 35.6448 65.6312 -22.3665
      vertex 33.5451 65.0681 -21.1588
    endloop
  endfacet
  facet normal -0 0.906053 0.423164
    outer loop
      vertex 32 65.0021 -21.0172
      vertex 32.314 64.9688 -20.9459
      vertex 32.9369 65.0021 -21.0172
    endloop
  endfacet
  facet normal 0 0.906053 0.423164
    outer loop
      vertex 32.314 64.9688 -20.9459
      vertex 32 65.0021 -21.0172
      vertex 32 64.9688 -20.9459
    endloop
  endfacet
  facet normal 0 0.422627 -0.906304
    outer loop
      vertex 32 64.9688 -20.9459
      vertex 32.314 67.2327 -19.8902
      vertex 32.314 64.9688 -20.9459
    endloop
  endfacet
  facet normal 0 0.422627 -0.906304
    outer loop
      vertex 32.314 67.2327 -19.8902
      vertex 32 64.9688 -20.9459
      vertex 32 67.2327 -19.8902
    endloop
  endfacet
  facet normal -0.368363 0.392911 -0.842573
    outer loop
      vertex 34.1289 67.4151 -20.3194
      vertex 34.1289 65.1658 -21.3683
      vertex 33.9839 67.3926 -20.2665
    endloop
  endfacet
  facet normal -0.844377 0.226406 -0.485559
    outer loop
      vertex 36.0451 65.8357 -22.8049
      vertex 36.2671 69.065 -21.6852
      vertex 36.3815 66.0598 -23.2854
    endloop
  endfacet
  facet normal -0.844416 0.226388 -0.485499
    outer loop
      vertex 36.2671 69.065 -21.6852
      vertex 36.0451 65.8357 -22.8049
      vertex 36.0451 68.9172 -21.368
    endloop
  endfacet
  facet normal -0.844343 0.226374 -0.485632
    outer loop
      vertex 36.0451 73.63 -19.1704
      vertex 36.0787 74.0149 -19.0494
      vertex 36.0922 73.6613 -19.2377
    endloop
  endfacet
  facet normal -0.844439 0.226336 -0.485484
    outer loop
      vertex 36.0787 74.0149 -19.0494
      vertex 36.0451 73.63 -19.1704
      vertex 36.0451 73.9925 -19.0014
    endloop
  endfacet
  facet normal -0.982276 0.0792095 -0.169882
    outer loop
      vertex 36.8429 66.5522 -24.3416
      vertex 36.9329 68.8837 -23.7749
      vertex 36.9606 66.8129 -24.9006
    endloop
  endfacet
  facet normal -0.982266 0.0792249 -0.169933
    outer loop
      vertex 36.8643 68.7429 -23.4437
      vertex 36.8429 69.6337 -22.9047
      vertex 36.8643 69.6811 -23.0063
    endloop
  endfacet
  facet normal -0.982243 0.0792875 -0.170036
    outer loop
      vertex 36.8643 68.7429 -23.4437
      vertex 36.8429 66.5522 -24.3416
      vertex 36.8429 69.6337 -22.9047
    endloop
  endfacet
  facet normal -0.982293 0.0791886 -0.169793
    outer loop
      vertex 36.9329 68.8837 -23.7749
      vertex 36.8429 66.5522 -24.3416
      vertex 36.8643 68.7429 -23.4437
    endloop
  endfacet
  facet normal -0.982208 0.0793999 -0.170183
    outer loop
      vertex 36.8429 74.3465 -20.7071
      vertex 36.8547 74.7351 -20.5939
      vertex 36.8594 74.383 -20.7853
    endloop
  endfacet
  facet normal -0.982195 0.0794194 -0.170251
    outer loop
      vertex 36.8547 74.7351 -20.5939
      vertex 36.8429 74.3465 -20.7071
      vertex 36.8429 74.709 -20.538
    endloop
  endfacet
  facet normal -0.99803 -0.0265167 0.0568675
    outer loop
      vertex 37 67.0778 -25.4685
      vertex 36.9606 69.431 -25.0627
      vertex 36.9606 67.3426 -26.0365
    endloop
  endfacet
  facet normal -0.99803 -0.0265166 0.0568668
    outer loop
      vertex 36.9606 69.431 -25.0627
      vertex 37 67.0778 -25.4685
      vertex 37 69.1857 -24.4856
    endloop
  endfacet
  facet normal -0.998029 -0.0265218 0.0568705
    outer loop
      vertex 36.9606 75.1368 -22.402
      vertex 37 75.2345 -21.665
      vertex 36.9606 75.4994 -22.2329
    endloop
  endfacet
  facet normal -0.99803 -0.0265129 0.0568693
    outer loop
      vertex 37 75.2345 -21.665
      vertex 36.9606 75.1368 -22.402
      vertex 37 74.872 -21.834
    endloop
  endfacet
  facet normal -0.770528 -0.269385 0.577684
    outer loop
      vertex 35.8049 72.0677 -26.7047
      vertex 35.6448 72.1495 -26.8801
      vertex 35.6448 68.5243 -28.5706
    endloop
  endfacet
  facet normal -0.770415 -0.26946 0.5778
    outer loop
      vertex 35.6448 76.681 -24.767
      vertex 35.8291 76.2244 -24.7342
      vertex 36.0051 76.497 -24.3724
    endloop
  endfacet
  facet normal -0.770385 -0.269445 0.577847
    outer loop
      vertex 35.6448 75.7747 -25.1896
      vertex 35.8291 76.2244 -24.7342
      vertex 35.6448 76.681 -24.767
    endloop
  endfacet
  facet normal -0.770346 -0.269492 0.577877
    outer loop
      vertex 35.8291 76.2244 -24.7342
      vertex 35.6448 75.7747 -25.1896
      vertex 35.8291 75.6806 -24.9878
    endloop
  endfacet
  facet normal -0.770361 -0.26954 0.577834
    outer loop
      vertex 36.0051 76.497 -24.3724
      vertex 35.8291 76.2244 -24.7342
      vertex 35.9891 76.1427 -24.559
    endloop
  endfacet
  facet normal -0.00111668 0.906196 0.422856
    outer loop
      vertex 36.9606 67.3426 -26.0365
      vertex 36.8429 67.6033 -26.5955
      vertex 36.6489 67.8556 -27.1367
    endloop
  endfacet
  facet normal 0.000346007 0.906355 0.422516
    outer loop
      vertex 37 67.0778 -25.4685
      vertex 36.9606 67.3426 -26.0365
      vertex 36.6489 67.8556 -27.1367
    endloop
  endfacet
  facet normal -0.368078 -0.392954 0.842677
    outer loop
      vertex 33.5451 69.0874 -29.7783
      vertex 34.1289 70.9563 -28.6518
      vertex 33.5451 71.0468 -28.8646
    endloop
  endfacet
  facet normal -0.36815 -0.392922 0.842661
    outer loop
      vertex 34.1289 70.9563 -28.6518
      vertex 33.5451 69.0874 -29.7783
      vertex 34.1289 68.9897 -29.5688
    endloop
  endfacet
  facet normal -0.951009 -0.130659 0.280196
    outer loop
      vertex 36.8429 67.6033 -26.5955
      vertex 36.8429 70.6847 -25.1586
      vertex 36.7769 70.7705 -25.3426
    endloop
  endfacet
  facet normal -0.951076 -0.130419 0.28008
    outer loop
      vertex 36.676 75.6145 -23.4264
      vertex 36.8429 75.76 -22.7919
      vertex 36.6683 75.9872 -23.279
    endloop
  endfacet
  facet normal -0.951044 -0.130589 0.28011
    outer loop
      vertex 36.8429 75.76 -22.7919
      vertex 36.676 75.6145 -23.4264
      vertex 36.8429 75.3975 -22.9609
    endloop
  endfacet
  facet normal 0.000557488 0.906242 0.42276
    outer loop
      vertex 36.9606 66.8129 -24.9006
      vertex 37 67.0778 -25.4685
      vertex 36.8429 66.5522 -24.3416
    endloop
  endfacet
  facet normal -0.982248 0.0792788 -0.170009
    outer loop
      vertex 36.9606 68.9404 -23.9085
      vertex 36.9606 66.8129 -24.9006
      vertex 36.9329 68.8837 -23.7749
    endloop
  endfacet
  facet normal -0.982281 0.0791905 -0.169861
    outer loop
      vertex 36.8594 74.383 -20.7853
      vertex 36.9606 74.9697 -21.097
      vertex 36.9606 74.6072 -21.266
    endloop
  endfacet
  facet normal -0.982285 0.0792073 -0.169831
    outer loop
      vertex 36.9606 74.9697 -21.097
      vertex 36.8594 74.383 -20.7853
      vertex 36.8547 74.7351 -20.5939
    endloop
  endfacet
  facet normal -0.770361 0.269425 -0.577887
    outer loop
      vertex 35.8291 73.5196 -18.9338
      vertex 36.0051 73.972 -18.9575
      vertex 35.9891 73.6013 -19.109
    endloop
  endfacet
  facet normal -0.770415 0.26945 -0.577805
    outer loop
      vertex 36.0051 73.972 -18.9575
      vertex 35.8291 73.5196 -18.9338
      vertex 35.6448 73.788 -18.5629
    endloop
  endfacet
  facet normal -0.770423 0.269437 -0.577799
    outer loop
      vertex 35.8291 69.8978 -20.6227
      vertex 35.6448 73.788 -18.5629
      vertex 35.8291 73.5196 -18.9338
    endloop
  endfacet
  facet normal -0.770447 0.269422 -0.577774
    outer loop
      vertex 35.6448 73.788 -18.5629
      vertex 35.8291 69.8978 -20.6227
      vertex 35.6448 65.6312 -22.3665
    endloop
  endfacet
  facet normal -0.36815 0.39296 -0.842644
    outer loop
      vertex 33.5451 67.3246 -20.1065
      vertex 34.1289 65.1658 -21.3683
      vertex 33.5451 65.0681 -21.1588
    endloop
  endfacet
  facet normal -0.36815 0.39296 -0.842644
    outer loop
      vertex 34.1289 65.1658 -21.3683
      vertex 33.5451 67.3246 -20.1065
      vertex 33.9839 67.3926 -20.2665
    endloop
  endfacet
  facet normal -0.587738 0.341922 -0.733249
    outer loop
      vertex 35.1871 73.6064 -18.1733
      vertex 35.1871 65.4496 -21.9769
      vertex 34.7299 73.466 -17.8723
    endloop
  endfacet
  facet normal -0.000655479 0.906668 0.421845
    outer loop
      vertex 35.1871 65.4496 -21.9769
      vertex 35.6448 65.6312 -22.3665
      vertex 34.6791 65.2936 -21.6424
    endloop
  endfacet
  facet normal -0.684578 0.308065 -0.660643
    outer loop
      vertex 35.6448 65.6312 -22.3665
      vertex 35.1871 73.6064 -18.1733
      vertex 35.6448 73.788 -18.5629
    endloop
  endfacet
  facet normal -0.684578 0.308065 -0.660643
    outer loop
      vertex 35.1871 73.6064 -18.1733
      vertex 35.6448 65.6312 -22.3665
      vertex 35.1871 65.4496 -21.9769
    endloop
  endfacet
  facet normal -0.770502 0.269389 -0.577717
    outer loop
      vertex 36.0451 68.9172 -21.368
      vertex 36.0451 65.8357 -22.8049
      vertex 35.8291 68.8068 -21.1314
    endloop
  endfacet
  facet normal -0.77023 0.269513 -0.578021
    outer loop
      vertex 35.8291 68.8068 -21.1314
      vertex 35.6448 65.6312 -22.3665
      vertex 35.8291 69.8978 -20.6227
    endloop
  endfacet
  facet normal -0.77043 0.269436 -0.577791
    outer loop
      vertex 35.6448 65.6312 -22.3665
      vertex 35.8291 68.8068 -21.1314
      vertex 36.0451 65.8357 -22.8049
    endloop
  endfacet
  facet normal -0.771152 0.269012 -0.577024
    outer loop
      vertex 36.0451 73.63 -19.1704
      vertex 36.0051 73.972 -18.9575
      vertex 36.0451 73.9925 -19.0014
    endloop
  endfacet
  facet normal -0.770902 0.269197 -0.577273
    outer loop
      vertex 36.0051 73.972 -18.9575
      vertex 36.0451 73.63 -19.1704
      vertex 35.9891 73.6013 -19.109
    endloop
  endfacet
  facet normal -1.40541e-05 0.906308 0.422618
    outer loop
      vertex 36.6489 66.2999 -23.8003
      vertex 37 67.0778 -25.4685
      vertex 33.5451 65.0681 -21.1588
    endloop
  endfacet
  facet normal -0.982266 -0.0792368 0.169928
    outer loop
      vertex 36.8429 70.6847 -25.1586
      vertex 36.8643 69.6285 -25.5274
      vertex 36.8643 70.6373 -25.057
    endloop
  endfacet
  facet normal -0.982271 -0.0792283 0.169903
    outer loop
      vertex 36.8429 67.6033 -26.5955
      vertex 36.8643 69.6285 -25.5274
      vertex 36.8429 70.6847 -25.1586
    endloop
  endfacet
  facet normal -0.982276 -0.0792155 0.169879
    outer loop
      vertex 36.9606 67.3426 -26.0365
      vertex 36.8643 69.6285 -25.5274
      vertex 36.8429 67.6033 -26.5955
    endloop
  endfacet
  facet normal -0.982274 -0.0792176 0.169889
    outer loop
      vertex 36.8643 69.6285 -25.5274
      vertex 36.9606 67.3426 -26.0365
      vertex 36.9606 69.431 -25.0627
    endloop
  endfacet
  facet normal -0.982274 -0.079207 0.169897
    outer loop
      vertex 36.8429 75.3975 -22.9609
      vertex 36.9606 75.4994 -22.2329
      vertex 36.8429 75.76 -22.7919
    endloop
  endfacet
  facet normal -0.982271 -0.0792335 0.1699
    outer loop
      vertex 36.9606 75.4994 -22.2329
      vertex 36.8429 75.3975 -22.9609
      vertex 36.9606 75.1368 -22.402
    endloop
  endfacet
  facet normal -0.770112 -0.269611 0.578132
    outer loop
      vertex 35.8049 72.0677 -26.7047
      vertex 35.8291 71.5116 -26.9318
      vertex 35.8291 72.0554 -26.6782
    endloop
  endfacet
  facet normal -0.770243 -0.269556 0.577984
    outer loop
      vertex 35.6448 68.5243 -28.5706
      vertex 35.8291 71.5116 -26.9318
      vertex 35.8049 72.0677 -26.7047
    endloop
  endfacet
  facet normal -0.770489 -0.269401 0.577729
    outer loop
      vertex 36.0451 68.3198 -28.1321
      vertex 35.8291 71.5116 -26.9318
      vertex 35.6448 68.5243 -28.5706
    endloop
  endfacet
  facet normal -0.770502 -0.269396 0.577714
    outer loop
      vertex 35.8291 71.5116 -26.9318
      vertex 36.0451 68.3198 -28.1321
      vertex 36.0451 71.4012 -26.6952
    endloop
  endfacet
  facet normal -0.770902 -0.269215 0.577264
    outer loop
      vertex 36.0451 76.114 -24.4976
      vertex 36.0051 76.497 -24.3724
      vertex 35.9891 76.1427 -24.559
    endloop
  endfacet
  facet normal -0.77088 -0.269222 0.577291
    outer loop
      vertex 36.0051 76.497 -24.3724
      vertex 36.0451 76.114 -24.4976
      vertex 36.0451 76.4766 -24.3285
    endloop
  endfacet
  facet normal -0.125386 -0.419271 0.899161
    outer loop
      vertex 32.314 69.1867 -29.9911
      vertex 32.9369 71.1079 -29.0084
      vertex 32.314 71.1387 -29.0809
    endloop
  endfacet
  facet normal -0.125337 -0.419286 0.899161
    outer loop
      vertex 32.9369 71.1079 -29.0084
      vertex 32.314 69.1867 -29.9911
      vertex 32.9369 69.1534 -29.9198
    endloop
  endfacet
  facet normal -0.481885 -0.370298 0.794145
    outer loop
      vertex 34.1728 70.9468 -28.6295
      vertex 34.349 72.5638 -27.7686
      vertex 34.1728 72.6048 -27.8564
    endloop
  endfacet
  facet normal -0.481531 -0.37042 0.794303
    outer loop
      vertex 34.1728 70.9468 -28.6295
      vertex 34.1289 68.9897 -29.5688
      vertex 34.349 72.5638 -27.7686
    endloop
  endfacet
  facet normal -0.483152 -0.370004 0.793512
    outer loop
      vertex 34.1289 68.9897 -29.5688
      vertex 34.1728 70.9468 -28.6295
      vertex 34.1289 70.9563 -28.6518
    endloop
  endfacet
  facet normal -0.481704 -0.370416 0.7942
    outer loop
      vertex 34.1728 76.23 -26.166
      vertex 34.6241 77.0314 -25.5185
      vertex 34.1728 77.1363 -25.7433
    endloop
  endfacet
  facet normal -0.481841 -0.370311 0.794166
    outer loop
      vertex 34.6241 77.0314 -25.5185
      vertex 34.1728 76.23 -26.166
      vertex 34.5691 76.1379 -25.9685
    endloop
  endfacet
  facet normal -8.61469e-05 0.906275 0.422689
    outer loop
      vertex 36.6489 67.8556 -27.1367
      vertex 36.0451 68.3198 -28.1321
      vertex 35.1871 68.7059 -28.9601
    endloop
  endfacet
  facet normal -0.904791 -0.179978 0.385955
    outer loop
      vertex 36.6489 67.8556 -27.1367
      vertex 36.4724 71.0956 -26.0396
      vertex 36.3815 68.0957 -27.6516
    endloop
  endfacet
  facet normal -0.904769 -0.179992 0.386001
    outer loop
      vertex 36.4724 71.0956 -26.0396
      vertex 36.6489 67.8556 -27.1367
      vertex 36.6489 70.9371 -25.6998
    endloop
  endfacet
  facet normal -0.904962 -0.180052 0.385518
    outer loop
      vertex 36.6489 75.6499 -23.5022
      vertex 36.6221 76.0364 -23.3846
      vertex 36.6115 75.6835 -23.5743
    endloop
  endfacet
  facet normal -0.904436 -0.180348 0.386613
    outer loop
      vertex 36.6221 76.0364 -23.3846
      vertex 36.6489 75.6499 -23.5022
      vertex 36.6489 76.0124 -23.3331
    endloop
  endfacet
  facet normal -0.951102 -0.130535 0.279938
    outer loop
      vertex 36.6489 67.8556 -27.1367
      vertex 36.7769 70.7705 -25.3426
      vertex 36.6489 70.9371 -25.6998
    endloop
  endfacet
  facet normal -0.951064 -0.130598 0.280038
    outer loop
      vertex 36.7769 70.7705 -25.3426
      vertex 36.6489 67.8556 -27.1367
      vertex 36.8429 67.6033 -26.5955
    endloop
  endfacet
  facet normal -0.951017 -0.130688 0.280155
    outer loop
      vertex 36.6489 75.6499 -23.5022
      vertex 36.6683 75.9872 -23.279
      vertex 36.6489 76.0124 -23.3331
    endloop
  endfacet
  facet normal -0.951331 -0.130133 0.279345
    outer loop
      vertex 36.6683 75.9872 -23.279
      vertex 36.6489 75.6499 -23.5022
      vertex 36.676 75.6145 -23.4264
    endloop
  endfacet
  facet normal -0.904834 -0.179933 0.385876
    outer loop
      vertex 36.4724 71.0956 -26.0396
      vertex 36.3815 71.1772 -26.2147
      vertex 36.3815 68.0957 -27.6516
    endloop
  endfacet
  facet normal -0.904763 -0.180055 0.385985
    outer loop
      vertex 36.6115 75.6835 -23.5743
      vertex 36.3815 76.2525 -23.848
      vertex 36.3815 75.89 -24.0171
    endloop
  endfacet
  facet normal -0.90483 -0.180188 0.385765
    outer loop
      vertex 36.3815 76.2525 -23.848
      vertex 36.6115 75.6835 -23.5743
      vertex 36.6221 76.0364 -23.3846
    endloop
  endfacet
  facet normal 0.00129173 0.906202 0.422844
    outer loop
      vertex 36.8429 66.5522 -24.3416
      vertex 37 67.0778 -25.4685
      vertex 36.6489 66.2999 -23.8003
    endloop
  endfacet
  facet normal 0.000108983 0.906252 0.422737
    outer loop
      vertex 35.6448 65.6312 -22.3665
      vertex 36.6489 66.2999 -23.8003
      vertex 33.5451 65.0681 -21.1588
    endloop
  endfacet
  facet normal -0.24879 0.409328 -0.877812
    outer loop
      vertex 32.9369 67.2635 -19.9627
      vertex 33.5451 65.0681 -21.1588
      vertex 32.9369 65.0021 -21.0172
    endloop
  endfacet
  facet normal -0.248674 0.409367 -0.877827
    outer loop
      vertex 33.5451 65.0681 -21.1588
      vertex 32.9369 67.2635 -19.9627
      vertex 33.5451 67.3246 -20.1065
    endloop
  endfacet
  facet normal -0.248619 -0.409349 0.877851
    outer loop
      vertex 32.9369 69.1534 -29.9198
      vertex 33.4137 71.06 -28.8957
      vertex 32.9369 71.1079 -29.0084
    endloop
  endfacet
  facet normal -0.248654 -0.409338 0.877846
    outer loop
      vertex 33.4137 71.06 -28.8957
      vertex 32.9369 69.1534 -29.9198
      vertex 33.5451 69.0874 -29.7783
    endloop
  endfacet
  facet normal -0.481825 0.370328 -0.794167
    outer loop
      vertex 34.6791 65.2936 -21.6424
      vertex 34.6241 73.4376 -17.8114
      vertex 34.6791 73.4504 -17.8388
    endloop
  endfacet
  facet normal -0.481698 0.370359 -0.79423
    outer loop
      vertex 34.6241 73.4376 -17.8114
      vertex 34.6791 65.2936 -21.6424
      vertex 34.1289 65.1658 -21.3683
    endloop
  endfacet
  facet normal -0.481832 0.370336 -0.794159
    outer loop
      vertex 34.1289 65.1658 -21.3683
      vertex 34.1728 67.4246 -20.3416
      vertex 34.6241 73.4376 -17.8114
    endloop
  endfacet
  facet normal -0.481764 0.370351 -0.794194
    outer loop
      vertex 34.1728 67.4246 -20.3416
      vertex 34.1289 65.1658 -21.3683
      vertex 34.1289 67.4151 -20.3194
    endloop
  endfacet
  facet normal -0.481704 0.370356 -0.794228
    outer loop
      vertex 34.6241 73.4376 -17.8114
      vertex 34.1728 67.4246 -20.3416
      vertex 34.1728 73.3327 -17.5866
    endloop
  endfacet
  facet normal -0.248876 -0.409327 0.877788
    outer loop
      vertex 33.5451 69.0874 -29.7783
      vertex 33.5451 71.0468 -28.8646
      vertex 33.4137 71.06 -28.8957
    endloop
  endfacet
  facet normal -4.45387e-05 0.906288 0.422662
    outer loop
      vertex 36.6489 67.8556 -27.1367
      vertex 35.1871 68.7059 -28.9601
      vertex 33.5451 69.0874 -29.7783
    endloop
  endfacet
  facet normal 9.41885e-05 0.906394 0.422433
    outer loop
      vertex 35.1871 68.7059 -28.9601
      vertex 34.1289 68.9897 -29.5688
      vertex 33.5451 69.0874 -29.7783
    endloop
  endfacet
  facet normal -0.904769 0.179996 -0.385998
    outer loop
      vertex 36.6489 66.2999 -23.8003
      vertex 36.4724 69.2228 -22.0236
      vertex 36.6489 69.3813 -22.3634
    endloop
  endfacet
  facet normal -0.904791 0.179971 -0.385959
    outer loop
      vertex 36.4724 69.2228 -22.0236
      vertex 36.6489 66.2999 -23.8003
      vertex 36.3815 66.0598 -23.2854
    endloop
  endfacet
  facet normal -0.904436 0.18026 -0.386653
    outer loop
      vertex 36.6489 74.0941 -20.1658
      vertex 36.6221 74.4326 -19.9453
      vertex 36.6489 74.4566 -19.9968
    endloop
  endfacet
  facet normal -0.904963 0.179613 -0.385723
    outer loop
      vertex 36.6221 74.4326 -19.9453
      vertex 36.6489 74.0941 -20.1658
      vertex 36.6115 74.0605 -20.0937
    endloop
  endfacet
  facet normal -0.000426379 0.906394 0.422434
    outer loop
      vertex 36.3815 66.0598 -23.2854
      vertex 36.6489 66.2999 -23.8003
      vertex 36.0451 65.8357 -22.8049
    endloop
  endfacet
  facet normal -0.844358 -0.226433 0.48558
    outer loop
      vertex 36.0451 68.3198 -28.1321
      vertex 36.3815 71.1772 -26.2147
      vertex 36.0451 71.4012 -26.6952
    endloop
  endfacet
  facet normal -0.844377 -0.226414 0.485555
    outer loop
      vertex 36.3815 71.1772 -26.2147
      vertex 36.0451 68.3198 -28.1321
      vertex 36.3815 68.0957 -27.6516
    endloop
  endfacet
  facet normal -0.844377 -0.226436 0.485545
    outer loop
      vertex 36.0451 76.114 -24.4976
      vertex 36.3815 76.2525 -23.848
      vertex 36.0451 76.4766 -24.3285
    endloop
  endfacet
  facet normal -0.844358 -0.2265 0.485548
    outer loop
      vertex 36.3815 76.2525 -23.848
      vertex 36.0451 76.114 -24.4976
      vertex 36.3815 75.89 -24.0171
    endloop
  endfacet
  facet normal 0.000426379 0.906394 0.422434
    outer loop
      vertex 36.6489 67.8556 -27.1367
      vertex 36.3815 68.0957 -27.6516
      vertex 36.0451 68.3198 -28.1321
    endloop
  endfacet
  facet normal -0.481812 -0.370337 0.794171
    outer loop
      vertex 34.1289 68.9897 -29.5688
      vertex 34.6791 72.4871 -27.6041
      vertex 34.349 72.5638 -27.7686
    endloop
  endfacet
  facet normal -0.481809 -0.370338 0.794173
    outer loop
      vertex 34.6791 72.4871 -27.6041
      vertex 34.1289 68.9897 -29.5688
      vertex 34.6791 68.8619 -29.2946
    endloop
  endfacet
  facet normal -0.481308 -0.37047 0.794415
    outer loop
      vertex 34.5691 76.1379 -25.9685
      vertex 34.6791 77.0187 -25.4911
      vertex 34.6241 77.0314 -25.5185
    endloop
  endfacet
  facet normal -0.481567 -0.370376 0.794302
    outer loop
      vertex 34.6791 77.0187 -25.4911
      vertex 34.5691 76.1379 -25.9685
      vertex 34.6791 76.1124 -25.9137
    endloop
  endfacet
  facet normal -0.58779 -0.341894 0.73322
    outer loop
      vertex 35.1871 68.7059 -28.9601
      vertex 35.1871 72.3311 -27.2697
      vertex 34.9839 72.3935 -27.4035
    endloop
  endfacet
  facet normal -0.58779 -0.341894 0.73322
    outer loop
      vertex 35.1871 76.8627 -25.1566
      vertex 34.7807 76.0812 -25.8468
      vertex 35.1871 75.9564 -25.5792
    endloop
  endfacet
  facet normal -0.587738 -0.34194 0.73324
    outer loop
      vertex 34.7807 76.0812 -25.8468
      vertex 35.1871 76.8627 -25.1566
      vertex 34.7299 77.0031 -25.4576
    endloop
  endfacet
  facet normal -0.587633 -0.341959 0.733316
    outer loop
      vertex 34.6791 68.8619 -29.2946
      vertex 34.9839 72.3935 -27.4035
      vertex 34.6791 72.4871 -27.6041
    endloop
  endfacet
  facet normal -0.58779 -0.341894 0.73322
    outer loop
      vertex 34.9839 72.3935 -27.4035
      vertex 34.6791 68.8619 -29.2946
      vertex 35.1871 68.7059 -28.9601
    endloop
  endfacet
  facet normal -0.588262 -0.341749 0.732909
    outer loop
      vertex 34.6791 76.1124 -25.9137
      vertex 34.7299 77.0031 -25.4576
      vertex 34.6791 77.0187 -25.4911
    endloop
  endfacet
  facet normal -0.58779 -0.341927 0.733204
    outer loop
      vertex 34.7299 77.0031 -25.4576
      vertex 34.6791 76.1124 -25.9137
      vertex 34.7807 76.0812 -25.8468
    endloop
  endfacet
  facet normal -0.000528424 0.905979 0.423322
    outer loop
      vertex 35.1871 68.7059 -28.9601
      vertex 34.6791 68.8619 -29.2946
      vertex 34.1289 68.9897 -29.5688
    endloop
  endfacet
endsolid OpenSCAD_Model
