solid OpenSCAD_Model
  facet normal -1 0 0
    outer loop
      vertex -31 -38.5 -1
      vertex -31 38.5 1
      vertex -31 38.5 -1
    endloop
  endfacet
  facet normal -1 -0 0
    outer loop
      vertex -31 38.5 1
      vertex -31 -38.5 -1
      vertex -31 -38.5 1
    endloop
  endfacet
  facet normal 0 -1 0
    outer loop
      vertex -14 -38.5 -1
      vertex 31 -38.5 1
      vertex -14 -38.5 1
    endloop
  endfacet
  facet normal 0 -1 -0
    outer loop
      vertex 31 -38.5 1
      vertex -14 -38.5 -1
      vertex 31 -38.5 -1
    endloop
  endfacet
  facet normal 0 -1 0
    outer loop
      vertex -31 -38.5 -1
      vertex -28 -38.5 1
      vertex -31 -38.5 1
    endloop
  endfacet
  facet normal 0 -1 -0
    outer loop
      vertex -28 -38.5 1
      vertex -31 -38.5 -1
      vertex -28 -38.5 -1
    endloop
  endfacet
  facet normal 1 -0 0
    outer loop
      vertex 31 -38.5 1
      vertex 31 38.5 -1
      vertex 31 38.5 1
    endloop
  endfacet
  facet normal 1 0 0
    outer loop
      vertex 31 38.5 -1
      vertex 31 -38.5 1
      vertex 31 -38.5 -1
    endloop
  endfacet
  facet normal 0 1 -0
    outer loop
      vertex 31 38.5 -1
      vertex -31 38.5 1
      vertex 31 38.5 1
    endloop
  endfacet
  facet normal 0 1 0
    outer loop
      vertex -31 38.5 1
      vertex 31 38.5 -1
      vertex -31 38.5 -1
    endloop
  endfacet
  facet normal 0 0 -1
    outer loop
      vertex -28 -38.5 -1
      vertex -31 -38.5 -1
      vertex -28 -27.5 -1
    endloop
  endfacet
  facet normal 0 0 -1
    outer loop
      vertex 31 -38.5 -1
      vertex 12 -13 -1
      vertex 31 38.5 -1
    endloop
  endfacet
  facet normal 0 0 -1
    outer loop
      vertex -14 -38.5 -1
      vertex 12 -13 -1
      vertex 31 -38.5 -1
    endloop
  endfacet
  facet normal -0 0 -1
    outer loop
      vertex 12 -13 -1
      vertex -14 -27.5 -1
      vertex -12 -13 -1
    endloop
  endfacet
  facet normal 0 0 -1
    outer loop
      vertex 12 -13 -1
      vertex -14 -38.5 -1
      vertex -14 -27.5 -1
    endloop
  endfacet
  facet normal 0 0 -1
    outer loop
      vertex 12 13 -1
      vertex 31 38.5 -1
      vertex 12 -13 -1
    endloop
  endfacet
  facet normal 0 0 -1
    outer loop
      vertex -12 13 -1
      vertex 31 38.5 -1
      vertex 12 13 -1
    endloop
  endfacet
  facet normal 0 0 -1
    outer loop
      vertex -28 -27.5 -1
      vertex -12 -13 -1
      vertex -14 -27.5 -1
    endloop
  endfacet
  facet normal -0 0 -1
    outer loop
      vertex -12 -13 -1
      vertex -28 -27.5 -1
      vertex -12 13 -1
    endloop
  endfacet
  facet normal 0 0 -1
    outer loop
      vertex -12 13 -1
      vertex -31 38.5 -1
      vertex 31 38.5 -1
    endloop
  endfacet
  facet normal 0 0 -1
    outer loop
      vertex -28 -27.5 -1
      vertex -31 38.5 -1
      vertex -12 13 -1
    endloop
  endfacet
  facet normal 0 0 -1
    outer loop
      vertex -31 38.5 -1
      vertex -28 -27.5 -1
      vertex -31 -38.5 -1
    endloop
  endfacet
  facet normal -0 0 1
    outer loop
      vertex -17.6722 19.3389 1
      vertex -12 13 1
      vertex -17.5769 19.7196 1
    endloop
  endfacet
  facet normal 0 0 1
    outer loop
      vertex -12 -13 1
      vertex -17.5193 -22.1079 1
      vertex -17.5 -22.5 1
    endloop
  endfacet
  facet normal -0 0 1
    outer loop
      vertex -17.8045 18.9693 1
      vertex -12 13 1
      vertex -17.6722 19.3389 1
    endloop
  endfacet
  facet normal 0 0 1
    outer loop
      vertex -12 -13 1
      vertex -17.5769 -21.7196 1
      vertex -17.5193 -22.1079 1
    endloop
  endfacet
  facet normal -0 0 1
    outer loop
      vertex -17.9723 18.6144 1
      vertex -12 13 1
      vertex -17.8045 18.9693 1
    endloop
  endfacet
  facet normal 0 0 1
    outer loop
      vertex -12 -13 1
      vertex -17.6722 -21.3389 1
      vertex -17.5769 -21.7196 1
    endloop
  endfacet
  facet normal -0 0 1
    outer loop
      vertex -18.1741 18.2777 1
      vertex -12 13 1
      vertex -17.9723 18.6144 1
    endloop
  endfacet
  facet normal 0 0 1
    outer loop
      vertex -12 -13 1
      vertex -17.8045 -20.9693 1
      vertex -17.6722 -21.3389 1
    endloop
  endfacet
  facet normal -0 0 1
    outer loop
      vertex -18.408 17.9624 1
      vertex -12 13 1
      vertex -18.1741 18.2777 1
    endloop
  endfacet
  facet normal 0 0 1
    outer loop
      vertex -12 -13 1
      vertex -17.9723 -20.6144 1
      vertex -17.8045 -20.9693 1
    endloop
  endfacet
  facet normal -0 0 1
    outer loop
      vertex -18.6716 17.6716 1
      vertex -12 13 1
      vertex -18.408 17.9624 1
    endloop
  endfacet
  facet normal 0 0 1
    outer loop
      vertex -12 -13 1
      vertex -18.1741 -20.2777 1
      vertex -17.9723 -20.6144 1
    endloop
  endfacet
  facet normal -0 0 1
    outer loop
      vertex -18.9624 17.408 1
      vertex -12 13 1
      vertex -18.6716 17.6716 1
    endloop
  endfacet
  facet normal 0 0 1
    outer loop
      vertex -12 -13 1
      vertex -18.408 -19.9624 1
      vertex -18.1741 -20.2777 1
    endloop
  endfacet
  facet normal -0 0 1
    outer loop
      vertex -19.2777 17.1741 1
      vertex -12 13 1
      vertex -18.9624 17.408 1
    endloop
  endfacet
  facet normal 0 0 1
    outer loop
      vertex -12 -13 1
      vertex -18.6716 -19.6716 1
      vertex -18.408 -19.9624 1
    endloop
  endfacet
  facet normal -0 0 1
    outer loop
      vertex -19.6144 16.9723 1
      vertex -12 13 1
      vertex -19.2777 17.1741 1
    endloop
  endfacet
  facet normal 0 0 1
    outer loop
      vertex -12 -13 1
      vertex -18.9624 -19.408 1
      vertex -18.6716 -19.6716 1
    endloop
  endfacet
  facet normal -0 0 1
    outer loop
      vertex -19.9693 16.8045 1
      vertex -12 13 1
      vertex -19.6144 16.9723 1
    endloop
  endfacet
  facet normal 0 0 1
    outer loop
      vertex -12 -13 1
      vertex -19.2777 -19.1741 1
      vertex -18.9624 -19.408 1
    endloop
  endfacet
  facet normal -0 0 1
    outer loop
      vertex -20.3389 16.6722 1
      vertex -12 13 1
      vertex -19.9693 16.8045 1
    endloop
  endfacet
  facet normal 0 0 1
    outer loop
      vertex -12 -13 1
      vertex -19.6144 -18.9723 1
      vertex -19.2777 -19.1741 1
    endloop
  endfacet
  facet normal -0 0 1
    outer loop
      vertex -20.7196 16.5769 1
      vertex -12 13 1
      vertex -20.3389 16.6722 1
    endloop
  endfacet
  facet normal 0 0 1
    outer loop
      vertex -12 -13 1
      vertex -19.9693 -18.8045 1
      vertex -19.6144 -18.9723 1
    endloop
  endfacet
  facet normal -0 0 1
    outer loop
      vertex -21.1079 16.5193 1
      vertex -12 13 1
      vertex -20.7196 16.5769 1
    endloop
  endfacet
  facet normal 0 0 1
    outer loop
      vertex -12 -13 1
      vertex -20.3389 -18.6722 1
      vertex -19.9693 -18.8045 1
    endloop
  endfacet
  facet normal -0 0 1
    outer loop
      vertex -21.5 16.5 1
      vertex -12 13 1
      vertex -21.1079 16.5193 1
    endloop
  endfacet
  facet normal 0 0 1
    outer loop
      vertex -12 -13 1
      vertex -20.7196 -18.5769 1
      vertex -20.3389 -18.6722 1
    endloop
  endfacet
  facet normal 0 0 1
    outer loop
      vertex -12 13 1
      vertex -21.5 16.5 1
      vertex -12 -13 1
    endloop
  endfacet
  facet normal 0 0 1
    outer loop
      vertex -12 -13 1
      vertex -21.1079 -18.5193 1
      vertex -20.7196 -18.5769 1
    endloop
  endfacet
  facet normal 0 0 1
    outer loop
      vertex -21.8921 16.5193 1
      vertex -12 -13 1
      vertex -21.5 16.5 1
    endloop
  endfacet
  facet normal 0 0 1
    outer loop
      vertex -12 -13 1
      vertex -21.5 -18.5 1
      vertex -21.1079 -18.5193 1
    endloop
  endfacet
  facet normal 0 0 1
    outer loop
      vertex -22.2804 16.5769 1
      vertex -12 -13 1
      vertex -21.8921 16.5193 1
    endloop
  endfacet
  facet normal 0 0 1
    outer loop
      vertex -12 -13 1
      vertex -21.8921 -18.5193 1
      vertex -21.5 -18.5 1
    endloop
  endfacet
  facet normal 0 0 1
    outer loop
      vertex -22.2804 -18.5769 1
      vertex -12 -13 1
      vertex -22.2804 16.5769 1
    endloop
  endfacet
  facet normal 0 0 1
    outer loop
      vertex -12 -13 1
      vertex -22.2804 -18.5769 1
      vertex -21.8921 -18.5193 1
    endloop
  endfacet
  facet normal 0 0 1
    outer loop
      vertex -22.6611 16.6722 1
      vertex -22.2804 -18.5769 1
      vertex -22.2804 16.5769 1
    endloop
  endfacet
  facet normal 0 0 1
    outer loop
      vertex -22.6611 16.6722 1
      vertex -22.6611 -18.6722 1
      vertex -22.2804 -18.5769 1
    endloop
  endfacet
  facet normal 0 0 1
    outer loop
      vertex -23.0307 16.8045 1
      vertex -22.6611 -18.6722 1
      vertex -22.6611 16.6722 1
    endloop
  endfacet
  facet normal 0 0 1
    outer loop
      vertex -23.0307 16.8045 1
      vertex -23.0307 -18.8045 1
      vertex -22.6611 -18.6722 1
    endloop
  endfacet
  facet normal 0 0 1
    outer loop
      vertex -23.3856 16.9723 1
      vertex -23.0307 -18.8045 1
      vertex -23.0307 16.8045 1
    endloop
  endfacet
  facet normal 0 0 1
    outer loop
      vertex -23.3856 16.9723 1
      vertex -23.3856 -18.9723 1
      vertex -23.0307 -18.8045 1
    endloop
  endfacet
  facet normal 0 0 1
    outer loop
      vertex -23.7223 17.1741 1
      vertex -23.3856 -18.9723 1
      vertex -23.3856 16.9723 1
    endloop
  endfacet
  facet normal 0 0 1
    outer loop
      vertex -23.7223 17.1741 1
      vertex -23.7223 -19.1741 1
      vertex -23.3856 -18.9723 1
    endloop
  endfacet
  facet normal 0 0 1
    outer loop
      vertex -24.0376 17.408 1
      vertex -23.7223 -19.1741 1
      vertex -23.7223 17.1741 1
    endloop
  endfacet
  facet normal 0 0 1
    outer loop
      vertex -24.0376 17.408 1
      vertex -24.0376 -19.408 1
      vertex -23.7223 -19.1741 1
    endloop
  endfacet
  facet normal 0 0 1
    outer loop
      vertex -24.3284 17.6716 1
      vertex -24.0376 -19.408 1
      vertex -24.0376 17.408 1
    endloop
  endfacet
  facet normal 0 0 1
    outer loop
      vertex -24.3284 17.6716 1
      vertex -24.3284 -19.6716 1
      vertex -24.0376 -19.408 1
    endloop
  endfacet
  facet normal 0 0 1
    outer loop
      vertex -24.592 17.9624 1
      vertex -24.3284 -19.6716 1
      vertex -24.3284 17.6716 1
    endloop
  endfacet
  facet normal 0 0 1
    outer loop
      vertex -24.592 17.9624 1
      vertex -24.592 -19.9624 1
      vertex -24.3284 -19.6716 1
    endloop
  endfacet
  facet normal 0 0 1
    outer loop
      vertex -24.8259 18.2777 1
      vertex -24.592 -19.9624 1
      vertex -24.592 17.9624 1
    endloop
  endfacet
  facet normal 0 0 1
    outer loop
      vertex -24.8259 18.2777 1
      vertex -24.8259 -20.2777 1
      vertex -24.592 -19.9624 1
    endloop
  endfacet
  facet normal 0 0 1
    outer loop
      vertex -25.0277 18.6144 1
      vertex -24.8259 -20.2777 1
      vertex -24.8259 18.2777 1
    endloop
  endfacet
  facet normal 0 0 1
    outer loop
      vertex -25.0277 18.6144 1
      vertex -25.0277 -20.6144 1
      vertex -24.8259 -20.2777 1
    endloop
  endfacet
  facet normal 0 0 1
    outer loop
      vertex -25.1955 18.9693 1
      vertex -25.0277 -20.6144 1
      vertex -25.0277 18.6144 1
    endloop
  endfacet
  facet normal 0 0 1
    outer loop
      vertex -25.1955 18.9693 1
      vertex -25.1955 -20.9693 1
      vertex -25.0277 -20.6144 1
    endloop
  endfacet
  facet normal 0 0 1
    outer loop
      vertex -25.3278 19.3389 1
      vertex -25.1955 -20.9693 1
      vertex -25.1955 18.9693 1
    endloop
  endfacet
  facet normal 0 0 1
    outer loop
      vertex -25.3278 19.3389 1
      vertex -25.3278 -21.3389 1
      vertex -25.1955 -20.9693 1
    endloop
  endfacet
  facet normal 0 0 1
    outer loop
      vertex -28 -27.5 1
      vertex -25.3278 19.3389 1
      vertex -25.4231 19.7196 1
    endloop
  endfacet
  facet normal 0 0 1
    outer loop
      vertex -25.3278 19.3389 1
      vertex -28 -27.5 1
      vertex -25.3278 -21.3389 1
    endloop
  endfacet
  facet normal 0 0 1
    outer loop
      vertex -31 38.5 1
      vertex -25.4231 19.7196 1
      vertex -25.4807 20.1079 1
    endloop
  endfacet
  facet normal 0 0 1
    outer loop
      vertex -25.3278 -21.3389 1
      vertex -28 -27.5 1
      vertex -25.4231 -21.7196 1
    endloop
  endfacet
  facet normal 0 0 1
    outer loop
      vertex -31 38.5 1
      vertex -25.4807 20.1079 1
      vertex -25.5 20.5 1
    endloop
  endfacet
  facet normal 0 0 1
    outer loop
      vertex -25.4231 -21.7196 1
      vertex -28 -27.5 1
      vertex -25.4807 -22.1079 1
    endloop
  endfacet
  facet normal 0 0 1
    outer loop
      vertex 31 38.5 1
      vertex 25.4231 19.7196 1
      vertex 31 -38.5 1
    endloop
  endfacet
  facet normal 0 0 1
    outer loop
      vertex 31 -38.5 1
      vertex 25.4807 -22.1079 1
      vertex 25.5 -22.5 1
    endloop
  endfacet
  facet normal -0 0 1
    outer loop
      vertex 25.4231 -21.7196 1
      vertex 31 -38.5 1
      vertex 25.4231 19.7196 1
    endloop
  endfacet
  facet normal 0 0 1
    outer loop
      vertex 31 -38.5 1
      vertex 25.4231 -21.7196 1
      vertex 25.4807 -22.1079 1
    endloop
  endfacet
  facet normal -0 0 1
    outer loop
      vertex 25.3278 19.3389 1
      vertex 25.4231 -21.7196 1
      vertex 25.4231 19.7196 1
    endloop
  endfacet
  facet normal 0 0 1
    outer loop
      vertex 25.3278 19.3389 1
      vertex 25.3278 -21.3389 1
      vertex 25.4231 -21.7196 1
    endloop
  endfacet
  facet normal -0 0 1
    outer loop
      vertex 25.1955 18.9693 1
      vertex 25.3278 -21.3389 1
      vertex 25.3278 19.3389 1
    endloop
  endfacet
  facet normal 0 0 1
    outer loop
      vertex 25.1955 18.9693 1
      vertex 25.1955 -20.9693 1
      vertex 25.3278 -21.3389 1
    endloop
  endfacet
  facet normal -0 0 1
    outer loop
      vertex 25.0277 18.6144 1
      vertex 25.1955 -20.9693 1
      vertex 25.1955 18.9693 1
    endloop
  endfacet
  facet normal 0 0 1
    outer loop
      vertex 25.0277 18.6144 1
      vertex 25.0277 -20.6144 1
      vertex 25.1955 -20.9693 1
    endloop
  endfacet
  facet normal -0 0 1
    outer loop
      vertex 24.8259 18.2777 1
      vertex 25.0277 -20.6144 1
      vertex 25.0277 18.6144 1
    endloop
  endfacet
  facet normal 0 0 1
    outer loop
      vertex 24.8259 18.2777 1
      vertex 24.8259 -20.2777 1
      vertex 25.0277 -20.6144 1
    endloop
  endfacet
  facet normal -0 0 1
    outer loop
      vertex 24.592 17.9624 1
      vertex 24.8259 -20.2777 1
      vertex 24.8259 18.2777 1
    endloop
  endfacet
  facet normal 0 0 1
    outer loop
      vertex 24.592 17.9624 1
      vertex 24.592 -19.9624 1
      vertex 24.8259 -20.2777 1
    endloop
  endfacet
  facet normal -0 0 1
    outer loop
      vertex 24.3284 17.6716 1
      vertex 24.592 -19.9624 1
      vertex 24.592 17.9624 1
    endloop
  endfacet
  facet normal 0 0 1
    outer loop
      vertex 24.3284 17.6716 1
      vertex 24.3284 -19.6716 1
      vertex 24.592 -19.9624 1
    endloop
  endfacet
  facet normal -0 0 1
    outer loop
      vertex 24.0376 17.408 1
      vertex 24.3284 -19.6716 1
      vertex 24.3284 17.6716 1
    endloop
  endfacet
  facet normal 0 0 1
    outer loop
      vertex 24.0376 17.408 1
      vertex 24.0376 -19.408 1
      vertex 24.3284 -19.6716 1
    endloop
  endfacet
  facet normal -0 0 1
    outer loop
      vertex 23.7223 17.1741 1
      vertex 24.0376 -19.408 1
      vertex 24.0376 17.408 1
    endloop
  endfacet
  facet normal 0 0 1
    outer loop
      vertex 23.7223 17.1741 1
      vertex 23.7223 -19.1741 1
      vertex 24.0376 -19.408 1
    endloop
  endfacet
  facet normal -0 0 1
    outer loop
      vertex 23.3856 16.9723 1
      vertex 23.7223 -19.1741 1
      vertex 23.7223 17.1741 1
    endloop
  endfacet
  facet normal 0 0 1
    outer loop
      vertex 23.3856 16.9723 1
      vertex 23.3856 -18.9723 1
      vertex 23.7223 -19.1741 1
    endloop
  endfacet
  facet normal -0 0 1
    outer loop
      vertex 23.0307 16.8045 1
      vertex 23.3856 -18.9723 1
      vertex 23.3856 16.9723 1
    endloop
  endfacet
  facet normal 0 0 1
    outer loop
      vertex 23.0307 16.8045 1
      vertex 23.0307 -18.8045 1
      vertex 23.3856 -18.9723 1
    endloop
  endfacet
  facet normal -0 0 1
    outer loop
      vertex 22.6611 16.6722 1
      vertex 23.0307 -18.8045 1
      vertex 23.0307 16.8045 1
    endloop
  endfacet
  facet normal 0 0 1
    outer loop
      vertex 22.6611 16.6722 1
      vertex 22.6611 -18.6722 1
      vertex 23.0307 -18.8045 1
    endloop
  endfacet
  facet normal -0 0 1
    outer loop
      vertex 22.2804 16.5769 1
      vertex 22.6611 -18.6722 1
      vertex 22.6611 16.6722 1
    endloop
  endfacet
  facet normal 0 0 1
    outer loop
      vertex 22.2804 16.5769 1
      vertex 22.2804 -18.5769 1
      vertex 22.6611 -18.6722 1
    endloop
  endfacet
  facet normal 0 0 1
    outer loop
      vertex 12 -13 1
      vertex 22.2804 16.5769 1
      vertex 21.8921 16.5193 1
    endloop
  endfacet
  facet normal 0 0 1
    outer loop
      vertex 22.2804 16.5769 1
      vertex 12 -13 1
      vertex 22.2804 -18.5769 1
    endloop
  endfacet
  facet normal 0 0 1
    outer loop
      vertex 12 -13 1
      vertex 21.8921 16.5193 1
      vertex 21.5 16.5 1
    endloop
  endfacet
  facet normal 0 0 1
    outer loop
      vertex 22.2804 -18.5769 1
      vertex 12 -13 1
      vertex 21.8921 -18.5193 1
    endloop
  endfacet
  facet normal 0 0 1
    outer loop
      vertex 12 13 1
      vertex 21.5 16.5 1
      vertex 21.1079 16.5193 1
    endloop
  endfacet
  facet normal 0 0 1
    outer loop
      vertex 21.8921 -18.5193 1
      vertex 12 -13 1
      vertex 21.5 -18.5 1
    endloop
  endfacet
  facet normal 0 0 1
    outer loop
      vertex 12 13 1
      vertex 21.1079 16.5193 1
      vertex 20.7196 16.5769 1
    endloop
  endfacet
  facet normal 0 0 1
    outer loop
      vertex 21.5 -18.5 1
      vertex 12 -13 1
      vertex 21.1079 -18.5193 1
    endloop
  endfacet
  facet normal 0 0 1
    outer loop
      vertex 12 13 1
      vertex 20.7196 16.5769 1
      vertex 20.3389 16.6722 1
    endloop
  endfacet
  facet normal 0 0 1
    outer loop
      vertex 21.1079 -18.5193 1
      vertex 12 -13 1
      vertex 20.7196 -18.5769 1
    endloop
  endfacet
  facet normal 0 0 1
    outer loop
      vertex 12 13 1
      vertex 20.3389 16.6722 1
      vertex 19.9693 16.8045 1
    endloop
  endfacet
  facet normal 0 0 1
    outer loop
      vertex 20.7196 -18.5769 1
      vertex 12 -13 1
      vertex 20.3389 -18.6722 1
    endloop
  endfacet
  facet normal 0 0 1
    outer loop
      vertex 12 13 1
      vertex 19.9693 16.8045 1
      vertex 19.6144 16.9723 1
    endloop
  endfacet
  facet normal 0 0 1
    outer loop
      vertex 20.3389 -18.6722 1
      vertex 12 -13 1
      vertex 19.9693 -18.8045 1
    endloop
  endfacet
  facet normal 0 0 1
    outer loop
      vertex 12 13 1
      vertex 19.6144 16.9723 1
      vertex 19.2777 17.1741 1
    endloop
  endfacet
  facet normal 0 0 1
    outer loop
      vertex 19.9693 -18.8045 1
      vertex 12 -13 1
      vertex 19.6144 -18.9723 1
    endloop
  endfacet
  facet normal 0 0 1
    outer loop
      vertex 12 13 1
      vertex 19.2777 17.1741 1
      vertex 18.9624 17.408 1
    endloop
  endfacet
  facet normal 0 0 1
    outer loop
      vertex 19.6144 -18.9723 1
      vertex 12 -13 1
      vertex 19.2777 -19.1741 1
    endloop
  endfacet
  facet normal 0 0 1
    outer loop
      vertex 12 13 1
      vertex 18.9624 17.408 1
      vertex 18.6716 17.6716 1
    endloop
  endfacet
  facet normal 0 0 1
    outer loop
      vertex 19.2777 -19.1741 1
      vertex 12 -13 1
      vertex 18.9624 -19.408 1
    endloop
  endfacet
  facet normal 0 0 1
    outer loop
      vertex 12 13 1
      vertex 18.6716 17.6716 1
      vertex 18.408 17.9624 1
    endloop
  endfacet
  facet normal 0 0 1
    outer loop
      vertex 18.9624 -19.408 1
      vertex 12 -13 1
      vertex 18.6716 -19.6716 1
    endloop
  endfacet
  facet normal 0 0 1
    outer loop
      vertex 12 13 1
      vertex 18.408 17.9624 1
      vertex 18.1741 18.2777 1
    endloop
  endfacet
  facet normal 0 0 1
    outer loop
      vertex 18.6716 -19.6716 1
      vertex 12 -13 1
      vertex 18.408 -19.9624 1
    endloop
  endfacet
  facet normal 0 0 1
    outer loop
      vertex 12 13 1
      vertex 18.1741 18.2777 1
      vertex 17.9723 18.6144 1
    endloop
  endfacet
  facet normal 0 0 1
    outer loop
      vertex 18.408 -19.9624 1
      vertex 12 -13 1
      vertex 18.1741 -20.2777 1
    endloop
  endfacet
  facet normal 0 0 1
    outer loop
      vertex 12 13 1
      vertex 17.9723 18.6144 1
      vertex 17.8045 18.9693 1
    endloop
  endfacet
  facet normal 0 0 1
    outer loop
      vertex 18.1741 -20.2777 1
      vertex 12 -13 1
      vertex 17.9723 -20.6144 1
    endloop
  endfacet
  facet normal 0 0 1
    outer loop
      vertex 12 13 1
      vertex 17.8045 18.9693 1
      vertex 17.6722 19.3389 1
    endloop
  endfacet
  facet normal 0 0 1
    outer loop
      vertex 17.9723 -20.6144 1
      vertex 12 -13 1
      vertex 17.8045 -20.9693 1
    endloop
  endfacet
  facet normal 0 0 1
    outer loop
      vertex 12 13 1
      vertex 17.6722 19.3389 1
      vertex 17.5769 19.7196 1
    endloop
  endfacet
  facet normal 0 0 1
    outer loop
      vertex 17.8045 -20.9693 1
      vertex 12 -13 1
      vertex 17.6722 -21.3389 1
    endloop
  endfacet
  facet normal 0 0 1
    outer loop
      vertex 12 13 1
      vertex 17.5769 19.7196 1
      vertex 17.5193 20.1079 1
    endloop
  endfacet
  facet normal 0 0 1
    outer loop
      vertex 17.6722 -21.3389 1
      vertex 12 -13 1
      vertex 17.5769 -21.7196 1
    endloop
  endfacet
  facet normal 0 0 1
    outer loop
      vertex 12 13 1
      vertex 17.5193 20.1079 1
      vertex 17.5 20.5 1
    endloop
  endfacet
  facet normal 0 0 1
    outer loop
      vertex 17.5769 -21.7196 1
      vertex 12 -13 1
      vertex 17.5193 -22.1079 1
    endloop
  endfacet
  facet normal 0 0 1
    outer loop
      vertex 25.4807 20.1079 1
      vertex 31 38.5 1
      vertex 25.5 20.5 1
    endloop
  endfacet
  facet normal 0 0 1
    outer loop
      vertex 31 38.5 1
      vertex 25.4807 20.8921 1
      vertex 25.5 20.5 1
    endloop
  endfacet
  facet normal 0 0 1
    outer loop
      vertex 31 38.5 1
      vertex 25.4231 21.2804 1
      vertex 25.4807 20.8921 1
    endloop
  endfacet
  facet normal 0 0 1
    outer loop
      vertex 31 38.5 1
      vertex 25.3278 21.6611 1
      vertex 25.4231 21.2804 1
    endloop
  endfacet
  facet normal 0 0 1
    outer loop
      vertex 31 38.5 1
      vertex 25.1955 22.0307 1
      vertex 25.3278 21.6611 1
    endloop
  endfacet
  facet normal 0 0 1
    outer loop
      vertex 31 38.5 1
      vertex 25.0277 22.3856 1
      vertex 25.1955 22.0307 1
    endloop
  endfacet
  facet normal 0 0 1
    outer loop
      vertex 31 38.5 1
      vertex 24.8259 22.7223 1
      vertex 25.0277 22.3856 1
    endloop
  endfacet
  facet normal 0 0 1
    outer loop
      vertex 31 38.5 1
      vertex 24.592 23.0376 1
      vertex 24.8259 22.7223 1
    endloop
  endfacet
  facet normal 0 0 1
    outer loop
      vertex 31 38.5 1
      vertex 24.3284 23.3284 1
      vertex 24.592 23.0376 1
    endloop
  endfacet
  facet normal 0 0 1
    outer loop
      vertex 31 38.5 1
      vertex 24.0376 23.592 1
      vertex 24.3284 23.3284 1
    endloop
  endfacet
  facet normal 0 0 1
    outer loop
      vertex 31 38.5 1
      vertex 23.7223 23.8259 1
      vertex 24.0376 23.592 1
    endloop
  endfacet
  facet normal 0 0 1
    outer loop
      vertex 31 38.5 1
      vertex 23.3856 24.0277 1
      vertex 23.7223 23.8259 1
    endloop
  endfacet
  facet normal 0 0 1
    outer loop
      vertex 31 38.5 1
      vertex 23.0307 24.1955 1
      vertex 23.3856 24.0277 1
    endloop
  endfacet
  facet normal 0 0 1
    outer loop
      vertex 31 38.5 1
      vertex 22.6611 24.3278 1
      vertex 23.0307 24.1955 1
    endloop
  endfacet
  facet normal 0 0 1
    outer loop
      vertex 31 38.5 1
      vertex 22.2804 24.4231 1
      vertex 22.6611 24.3278 1
    endloop
  endfacet
  facet normal 0 0 1
    outer loop
      vertex 31 38.5 1
      vertex 21.8921 24.4807 1
      vertex 22.2804 24.4231 1
    endloop
  endfacet
  facet normal 0 0 1
    outer loop
      vertex 31 38.5 1
      vertex 21.5 24.5 1
      vertex 21.8921 24.4807 1
    endloop
  endfacet
  facet normal 0 0 1
    outer loop
      vertex 31 38.5 1
      vertex 21.1079 24.4807 1
      vertex 21.5 24.5 1
    endloop
  endfacet
  facet normal 0 0 1
    outer loop
      vertex 31 38.5 1
      vertex 20.7196 24.4231 1
      vertex 21.1079 24.4807 1
    endloop
  endfacet
  facet normal 0 0 1
    outer loop
      vertex 31 38.5 1
      vertex 20.3389 24.3278 1
      vertex 20.7196 24.4231 1
    endloop
  endfacet
  facet normal 0 0 1
    outer loop
      vertex 31 38.5 1
      vertex 19.9693 24.1955 1
      vertex 20.3389 24.3278 1
    endloop
  endfacet
  facet normal 0 0 1
    outer loop
      vertex 31 38.5 1
      vertex 19.6144 24.0277 1
      vertex 19.9693 24.1955 1
    endloop
  endfacet
  facet normal 0 0 1
    outer loop
      vertex 31 38.5 1
      vertex 19.2777 23.8259 1
      vertex 19.6144 24.0277 1
    endloop
  endfacet
  facet normal 0 0 1
    outer loop
      vertex -19.2777 23.8259 1
      vertex 19.2777 23.8259 1
      vertex 31 38.5 1
    endloop
  endfacet
  facet normal 0 0 1
    outer loop
      vertex 19.2777 23.8259 1
      vertex -19.2777 23.8259 1
      vertex 18.9624 23.592 1
    endloop
  endfacet
  facet normal 0 -0 1
    outer loop
      vertex -18.9624 23.592 1
      vertex 18.9624 23.592 1
      vertex -19.2777 23.8259 1
    endloop
  endfacet
  facet normal 0 0 1
    outer loop
      vertex 21.5 16.5 1
      vertex 12 13 1
      vertex 12 -13 1
    endloop
  endfacet
  facet normal 0 0 1
    outer loop
      vertex 17.5193 20.8921 1
      vertex 12 13 1
      vertex 17.5 20.5 1
    endloop
  endfacet
  facet normal 0 0 1
    outer loop
      vertex 17.5769 21.2804 1
      vertex 12 13 1
      vertex 17.5193 20.8921 1
    endloop
  endfacet
  facet normal 0 0 1
    outer loop
      vertex 17.6722 21.6611 1
      vertex 12 13 1
      vertex 17.5769 21.2804 1
    endloop
  endfacet
  facet normal 0 0 1
    outer loop
      vertex -17.6722 21.6611 1
      vertex 17.6722 21.6611 1
      vertex 17.8045 22.0307 1
    endloop
  endfacet
  facet normal 0 0 1
    outer loop
      vertex -17.8045 22.0307 1
      vertex 17.8045 22.0307 1
      vertex 17.9723 22.3856 1
    endloop
  endfacet
  facet normal 0 0 1
    outer loop
      vertex -17.9723 22.3856 1
      vertex 17.9723 22.3856 1
      vertex 18.1741 22.7223 1
    endloop
  endfacet
  facet normal 0 0 1
    outer loop
      vertex 17.6722 21.6611 1
      vertex -17.6722 21.6611 1
      vertex 12 13 1
    endloop
  endfacet
  facet normal 0 0 1
    outer loop
      vertex -18.1741 22.7223 1
      vertex 18.1741 22.7223 1
      vertex 18.408 23.0376 1
    endloop
  endfacet
  facet normal 0 0 1
    outer loop
      vertex 18.9624 23.592 1
      vertex -18.9624 23.592 1
      vertex 18.6716 23.3284 1
    endloop
  endfacet
  facet normal -0 0 1
    outer loop
      vertex -17.5193 20.1079 1
      vertex -12 13 1
      vertex -17.5 20.5 1
    endloop
  endfacet
  facet normal -0 0 1
    outer loop
      vertex -17.5769 19.7196 1
      vertex -12 13 1
      vertex -17.5193 20.1079 1
    endloop
  endfacet
  facet normal 0 0 1
    outer loop
      vertex 17.8045 22.0307 1
      vertex -17.8045 22.0307 1
      vertex -17.6722 21.6611 1
    endloop
  endfacet
  facet normal 0 0 1
    outer loop
      vertex -12 13 1
      vertex -17.5193 20.8921 1
      vertex -17.5 20.5 1
    endloop
  endfacet
  facet normal 0 0 1
    outer loop
      vertex -12 13 1
      vertex -17.5769 21.2804 1
      vertex -17.5193 20.8921 1
    endloop
  endfacet
  facet normal 0 0 1
    outer loop
      vertex -12 13 1
      vertex -17.6722 21.6611 1
      vertex -17.5769 21.2804 1
    endloop
  endfacet
  facet normal 0 0 1
    outer loop
      vertex 12 13 1
      vertex -17.6722 21.6611 1
      vertex -12 13 1
    endloop
  endfacet
  facet normal 0 0 1
    outer loop
      vertex 17.9723 22.3856 1
      vertex -17.9723 22.3856 1
      vertex -17.8045 22.0307 1
    endloop
  endfacet
  facet normal 0 0 1
    outer loop
      vertex 18.1741 22.7223 1
      vertex -18.1741 22.7223 1
      vertex -17.9723 22.3856 1
    endloop
  endfacet
  facet normal 0 0 1
    outer loop
      vertex 18.408 23.0376 1
      vertex -18.408 23.0376 1
      vertex -18.1741 22.7223 1
    endloop
  endfacet
  facet normal 0 0 1
    outer loop
      vertex 18.408 23.0376 1
      vertex -18.6716 23.3284 1
      vertex -18.408 23.0376 1
    endloop
  endfacet
  facet normal 0 0 1
    outer loop
      vertex 18.6716 23.3284 1
      vertex -18.6716 23.3284 1
      vertex 18.408 23.0376 1
    endloop
  endfacet
  facet normal 0 -0 1
    outer loop
      vertex -18.6716 23.3284 1
      vertex 18.6716 23.3284 1
      vertex -18.9624 23.592 1
    endloop
  endfacet
  facet normal -0 0 1
    outer loop
      vertex -31 38.5 1
      vertex -19.2777 23.8259 1
      vertex 31 38.5 1
    endloop
  endfacet
  facet normal 0 0 1
    outer loop
      vertex -19.2777 23.8259 1
      vertex -31 38.5 1
      vertex -19.6144 24.0277 1
    endloop
  endfacet
  facet normal 0 0 1
    outer loop
      vertex -19.6144 24.0277 1
      vertex -31 38.5 1
      vertex -19.9693 24.1955 1
    endloop
  endfacet
  facet normal 0 0 1
    outer loop
      vertex -19.9693 24.1955 1
      vertex -31 38.5 1
      vertex -20.3389 24.3278 1
    endloop
  endfacet
  facet normal 0 0 1
    outer loop
      vertex -20.3389 24.3278 1
      vertex -31 38.5 1
      vertex -20.7196 24.4231 1
    endloop
  endfacet
  facet normal 0 0 1
    outer loop
      vertex -20.7196 24.4231 1
      vertex -31 38.5 1
      vertex -21.1079 24.4807 1
    endloop
  endfacet
  facet normal 0 0 1
    outer loop
      vertex -21.1079 24.4807 1
      vertex -31 38.5 1
      vertex -21.5 24.5 1
    endloop
  endfacet
  facet normal 0 0 1
    outer loop
      vertex -21.5 24.5 1
      vertex -31 38.5 1
      vertex -21.8921 24.4807 1
    endloop
  endfacet
  facet normal 0 0 1
    outer loop
      vertex -21.8921 24.4807 1
      vertex -31 38.5 1
      vertex -22.2804 24.4231 1
    endloop
  endfacet
  facet normal 0 0 1
    outer loop
      vertex -25.4807 -22.1079 1
      vertex -28 -27.5 1
      vertex -25.5 -22.5 1
    endloop
  endfacet
  facet normal 0 0 1
    outer loop
      vertex -31 38.5 1
      vertex -25.5 20.5 1
      vertex -25.4807 20.8921 1
    endloop
  endfacet
  facet normal 0 0 1
    outer loop
      vertex -22.2804 24.4231 1
      vertex -31 38.5 1
      vertex -22.6611 24.3278 1
    endloop
  endfacet
  facet normal 0 0 1
    outer loop
      vertex -31 38.5 1
      vertex -23.0307 24.1955 1
      vertex -22.6611 24.3278 1
    endloop
  endfacet
  facet normal 0 0 1
    outer loop
      vertex -31 38.5 1
      vertex -23.3856 24.0277 1
      vertex -23.0307 24.1955 1
    endloop
  endfacet
  facet normal 0 0 1
    outer loop
      vertex -31 38.5 1
      vertex -23.7223 23.8259 1
      vertex -23.3856 24.0277 1
    endloop
  endfacet
  facet normal 0 0 1
    outer loop
      vertex -31 38.5 1
      vertex -24.0376 23.592 1
      vertex -23.7223 23.8259 1
    endloop
  endfacet
  facet normal 0 0 1
    outer loop
      vertex -31 38.5 1
      vertex -24.3284 23.3284 1
      vertex -24.0376 23.592 1
    endloop
  endfacet
  facet normal 0 0 1
    outer loop
      vertex -31 38.5 1
      vertex -24.592 23.0376 1
      vertex -24.3284 23.3284 1
    endloop
  endfacet
  facet normal 0 0 1
    outer loop
      vertex -31 38.5 1
      vertex -24.8259 22.7223 1
      vertex -24.592 23.0376 1
    endloop
  endfacet
  facet normal 0 0 1
    outer loop
      vertex -31 38.5 1
      vertex -25.0277 22.3856 1
      vertex -24.8259 22.7223 1
    endloop
  endfacet
  facet normal 0 0 1
    outer loop
      vertex -31 38.5 1
      vertex -25.1955 22.0307 1
      vertex -25.0277 22.3856 1
    endloop
  endfacet
  facet normal 0 0 1
    outer loop
      vertex -31 38.5 1
      vertex -25.3278 21.6611 1
      vertex -25.1955 22.0307 1
    endloop
  endfacet
  facet normal 0 0 1
    outer loop
      vertex -31 38.5 1
      vertex -25.4231 21.2804 1
      vertex -25.3278 21.6611 1
    endloop
  endfacet
  facet normal 0 0 1
    outer loop
      vertex -31 38.5 1
      vertex -25.4807 20.8921 1
      vertex -25.4231 21.2804 1
    endloop
  endfacet
  facet normal 0 0 1
    outer loop
      vertex -25.4231 19.7196 1
      vertex -31 38.5 1
      vertex -28 -27.5 1
    endloop
  endfacet
  facet normal 0 0 1
    outer loop
      vertex -31 -38.5 1
      vertex -28 -27.5 1
      vertex -31 38.5 1
    endloop
  endfacet
  facet normal 0 0 1
    outer loop
      vertex -28 -27.5 1
      vertex -31 -38.5 1
      vertex -28 -38.5 1
    endloop
  endfacet
  facet normal 0 0 1
    outer loop
      vertex 25.4231 19.7196 1
      vertex 31 38.5 1
      vertex 25.4807 20.1079 1
    endloop
  endfacet
  facet normal -0 0 1
    outer loop
      vertex 25.4807 -22.8921 1
      vertex 31 -38.5 1
      vertex 25.5 -22.5 1
    endloop
  endfacet
  facet normal -0 0 1
    outer loop
      vertex 25.4231 -23.2804 1
      vertex 31 -38.5 1
      vertex 25.4807 -22.8921 1
    endloop
  endfacet
  facet normal -0 0 1
    outer loop
      vertex 25.3278 -23.6611 1
      vertex 31 -38.5 1
      vertex 25.4231 -23.2804 1
    endloop
  endfacet
  facet normal -0 0 1
    outer loop
      vertex 25.1955 -24.0307 1
      vertex 31 -38.5 1
      vertex 25.3278 -23.6611 1
    endloop
  endfacet
  facet normal -0 0 1
    outer loop
      vertex 25.0277 -24.3856 1
      vertex 31 -38.5 1
      vertex 25.1955 -24.0307 1
    endloop
  endfacet
  facet normal -0 0 1
    outer loop
      vertex 24.8259 -24.7223 1
      vertex 31 -38.5 1
      vertex 25.0277 -24.3856 1
    endloop
  endfacet
  facet normal -0 0 1
    outer loop
      vertex 24.592 -25.0376 1
      vertex 31 -38.5 1
      vertex 24.8259 -24.7223 1
    endloop
  endfacet
  facet normal -0 0 1
    outer loop
      vertex 24.3284 -25.3284 1
      vertex 31 -38.5 1
      vertex 24.592 -25.0376 1
    endloop
  endfacet
  facet normal -0 0 1
    outer loop
      vertex 24.0376 -25.592 1
      vertex 31 -38.5 1
      vertex 24.3284 -25.3284 1
    endloop
  endfacet
  facet normal -0 0 1
    outer loop
      vertex 23.7223 -25.8259 1
      vertex 31 -38.5 1
      vertex 24.0376 -25.592 1
    endloop
  endfacet
  facet normal -0 0 1
    outer loop
      vertex 23.3856 -26.0277 1
      vertex 31 -38.5 1
      vertex 23.7223 -25.8259 1
    endloop
  endfacet
  facet normal -0 0 1
    outer loop
      vertex 23.0307 -26.1955 1
      vertex 31 -38.5 1
      vertex 23.3856 -26.0277 1
    endloop
  endfacet
  facet normal -0 0 1
    outer loop
      vertex 22.6611 -26.3278 1
      vertex 31 -38.5 1
      vertex 23.0307 -26.1955 1
    endloop
  endfacet
  facet normal -0 0 1
    outer loop
      vertex 22.2804 -26.4231 1
      vertex 31 -38.5 1
      vertex 22.6611 -26.3278 1
    endloop
  endfacet
  facet normal -0 0 1
    outer loop
      vertex 21.8921 -26.4807 1
      vertex 31 -38.5 1
      vertex 22.2804 -26.4231 1
    endloop
  endfacet
  facet normal -0 0 1
    outer loop
      vertex 21.5 -26.5 1
      vertex 31 -38.5 1
      vertex 21.8921 -26.4807 1
    endloop
  endfacet
  facet normal 0 0 1
    outer loop
      vertex 21.1079 -26.4807 1
      vertex 31 -38.5 1
      vertex 21.5 -26.5 1
    endloop
  endfacet
  facet normal 0 0 1
    outer loop
      vertex 20.7196 -26.4231 1
      vertex 31 -38.5 1
      vertex 21.1079 -26.4807 1
    endloop
  endfacet
  facet normal 0 0 1
    outer loop
      vertex 20.3389 -26.3278 1
      vertex 31 -38.5 1
      vertex 20.7196 -26.4231 1
    endloop
  endfacet
  facet normal 0 0 1
    outer loop
      vertex 19.9693 -26.1955 1
      vertex 31 -38.5 1
      vertex 20.3389 -26.3278 1
    endloop
  endfacet
  facet normal 0 0 1
    outer loop
      vertex 19.6144 -26.0277 1
      vertex 31 -38.5 1
      vertex 19.9693 -26.1955 1
    endloop
  endfacet
  facet normal 0 0 1
    outer loop
      vertex -14 -38.5 1
      vertex 19.6144 -26.0277 1
      vertex 19.2777 -25.8259 1
    endloop
  endfacet
  facet normal 0 0 1
    outer loop
      vertex -14 -38.5 1
      vertex 19.2777 -25.8259 1
      vertex 18.9624 -25.592 1
    endloop
  endfacet
  facet normal 0 0 1
    outer loop
      vertex -14 -38.5 1
      vertex 18.9624 -25.592 1
      vertex 18.6716 -25.3284 1
    endloop
  endfacet
  facet normal 0 0 1
    outer loop
      vertex 17.5193 -22.1079 1
      vertex 12 -13 1
      vertex 17.5 -22.5 1
    endloop
  endfacet
  facet normal 0 0 1
    outer loop
      vertex 17.5 -22.5 1
      vertex 12 -13 1
      vertex 17.5193 -22.8921 1
    endloop
  endfacet
  facet normal 0 0 1
    outer loop
      vertex -14 -27.5 1
      vertex 17.5193 -22.8921 1
      vertex 12 -13 1
    endloop
  endfacet
  facet normal 0 0 1
    outer loop
      vertex 17.5193 -22.8921 1
      vertex -14 -27.5 1
      vertex 17.5769 -23.2804 1
    endloop
  endfacet
  facet normal 0 0 1
    outer loop
      vertex 17.5769 -23.2804 1
      vertex -14 -27.5 1
      vertex 17.6722 -23.6611 1
    endloop
  endfacet
  facet normal 0 0 1
    outer loop
      vertex 17.6722 -23.6611 1
      vertex -14 -27.5 1
      vertex 17.8045 -24.0307 1
    endloop
  endfacet
  facet normal 0 0 1
    outer loop
      vertex -14 -27.5 1
      vertex 12 -13 1
      vertex -12 -13 1
    endloop
  endfacet
  facet normal 0 0 1
    outer loop
      vertex 17.8045 -24.0307 1
      vertex -14 -27.5 1
      vertex 17.9723 -24.3856 1
    endloop
  endfacet
  facet normal 0 0 1
    outer loop
      vertex -14 -38.5 1
      vertex 17.9723 -24.3856 1
      vertex -14 -27.5 1
    endloop
  endfacet
  facet normal 0 0 1
    outer loop
      vertex 17.9723 -24.3856 1
      vertex -14 -38.5 1
      vertex 18.1741 -24.7223 1
    endloop
  endfacet
  facet normal 0 0 1
    outer loop
      vertex 18.1741 -24.7223 1
      vertex -14 -38.5 1
      vertex 18.408 -25.0376 1
    endloop
  endfacet
  facet normal 0 0 1
    outer loop
      vertex 18.408 -25.0376 1
      vertex -14 -38.5 1
      vertex 18.6716 -25.3284 1
    endloop
  endfacet
  facet normal 0 0 1
    outer loop
      vertex 19.6144 -26.0277 1
      vertex -14 -38.5 1
      vertex 31 -38.5 1
    endloop
  endfacet
  facet normal 0 0 1
    outer loop
      vertex -12 -13 1
      vertex -17.5 -22.5 1
      vertex -14 -27.5 1
    endloop
  endfacet
  facet normal -0 0 1
    outer loop
      vertex -17.5193 -22.8921 1
      vertex -14 -27.5 1
      vertex -17.5 -22.5 1
    endloop
  endfacet
  facet normal -0 0 1
    outer loop
      vertex -17.5769 -23.2804 1
      vertex -14 -27.5 1
      vertex -17.5193 -22.8921 1
    endloop
  endfacet
  facet normal -0 0 1
    outer loop
      vertex -17.6722 -23.6611 1
      vertex -14 -27.5 1
      vertex -17.5769 -23.2804 1
    endloop
  endfacet
  facet normal -0 0 1
    outer loop
      vertex -17.8045 -24.0307 1
      vertex -14 -27.5 1
      vertex -17.6722 -23.6611 1
    endloop
  endfacet
  facet normal -0 0 1
    outer loop
      vertex -17.9723 -24.3856 1
      vertex -14 -27.5 1
      vertex -17.8045 -24.0307 1
    endloop
  endfacet
  facet normal -0 0 1
    outer loop
      vertex -18.1741 -24.7223 1
      vertex -14 -27.5 1
      vertex -17.9723 -24.3856 1
    endloop
  endfacet
  facet normal -0 0 1
    outer loop
      vertex -18.408 -25.0376 1
      vertex -14 -27.5 1
      vertex -18.1741 -24.7223 1
    endloop
  endfacet
  facet normal -0 0 1
    outer loop
      vertex -18.6716 -25.3284 1
      vertex -14 -27.5 1
      vertex -18.408 -25.0376 1
    endloop
  endfacet
  facet normal -0 0 1
    outer loop
      vertex -18.9624 -25.592 1
      vertex -14 -27.5 1
      vertex -18.6716 -25.3284 1
    endloop
  endfacet
  facet normal -0 0 1
    outer loop
      vertex -19.2777 -25.8259 1
      vertex -14 -27.5 1
      vertex -18.9624 -25.592 1
    endloop
  endfacet
  facet normal -0 0 1
    outer loop
      vertex -19.6144 -26.0277 1
      vertex -14 -27.5 1
      vertex -19.2777 -25.8259 1
    endloop
  endfacet
  facet normal -0 0 1
    outer loop
      vertex -19.9693 -26.1955 1
      vertex -14 -27.5 1
      vertex -19.6144 -26.0277 1
    endloop
  endfacet
  facet normal -0 0 1
    outer loop
      vertex -20.3389 -26.3278 1
      vertex -14 -27.5 1
      vertex -19.9693 -26.1955 1
    endloop
  endfacet
  facet normal -0 0 1
    outer loop
      vertex -20.7196 -26.4231 1
      vertex -14 -27.5 1
      vertex -20.3389 -26.3278 1
    endloop
  endfacet
  facet normal -0 0 1
    outer loop
      vertex -21.1079 -26.4807 1
      vertex -14 -27.5 1
      vertex -20.7196 -26.4231 1
    endloop
  endfacet
  facet normal -0 0 1
    outer loop
      vertex -21.5 -26.5 1
      vertex -14 -27.5 1
      vertex -21.1079 -26.4807 1
    endloop
  endfacet
  facet normal 0 0 1
    outer loop
      vertex -28 -27.5 1
      vertex -21.5 -26.5 1
      vertex -21.8921 -26.4807 1
    endloop
  endfacet
  facet normal 0 0 1
    outer loop
      vertex -21.5 -26.5 1
      vertex -28 -27.5 1
      vertex -14 -27.5 1
    endloop
  endfacet
  facet normal 0 0 1
    outer loop
      vertex -22.2804 -26.4231 1
      vertex -28 -27.5 1
      vertex -21.8921 -26.4807 1
    endloop
  endfacet
  facet normal 0 0 1
    outer loop
      vertex -22.6611 -26.3278 1
      vertex -28 -27.5 1
      vertex -22.2804 -26.4231 1
    endloop
  endfacet
  facet normal 0 0 1
    outer loop
      vertex -23.0307 -26.1955 1
      vertex -28 -27.5 1
      vertex -22.6611 -26.3278 1
    endloop
  endfacet
  facet normal 0 0 1
    outer loop
      vertex -23.3856 -26.0277 1
      vertex -28 -27.5 1
      vertex -23.0307 -26.1955 1
    endloop
  endfacet
  facet normal 0 0 1
    outer loop
      vertex -23.7223 -25.8259 1
      vertex -28 -27.5 1
      vertex -23.3856 -26.0277 1
    endloop
  endfacet
  facet normal 0 0 1
    outer loop
      vertex -24.0376 -25.592 1
      vertex -28 -27.5 1
      vertex -23.7223 -25.8259 1
    endloop
  endfacet
  facet normal 0 0 1
    outer loop
      vertex -24.3284 -25.3284 1
      vertex -28 -27.5 1
      vertex -24.0376 -25.592 1
    endloop
  endfacet
  facet normal 0 0 1
    outer loop
      vertex -24.592 -25.0376 1
      vertex -28 -27.5 1
      vertex -24.3284 -25.3284 1
    endloop
  endfacet
  facet normal 0 0 1
    outer loop
      vertex -24.8259 -24.7223 1
      vertex -28 -27.5 1
      vertex -24.592 -25.0376 1
    endloop
  endfacet
  facet normal 0 0 1
    outer loop
      vertex -25.0277 -24.3856 1
      vertex -28 -27.5 1
      vertex -24.8259 -24.7223 1
    endloop
  endfacet
  facet normal 0 0 1
    outer loop
      vertex -25.1955 -24.0307 1
      vertex -28 -27.5 1
      vertex -25.0277 -24.3856 1
    endloop
  endfacet
  facet normal 0 0 1
    outer loop
      vertex -25.3278 -23.6611 1
      vertex -28 -27.5 1
      vertex -25.1955 -24.0307 1
    endloop
  endfacet
  facet normal 0 0 1
    outer loop
      vertex -25.4231 -23.2804 1
      vertex -28 -27.5 1
      vertex -25.3278 -23.6611 1
    endloop
  endfacet
  facet normal 0 0 1
    outer loop
      vertex -25.4807 -22.8921 1
      vertex -28 -27.5 1
      vertex -25.4231 -23.2804 1
    endloop
  endfacet
  facet normal 0 0 1
    outer loop
      vertex -28 -27.5 1
      vertex -25.4807 -22.8921 1
      vertex -25.5 -22.5 1
    endloop
  endfacet
  facet normal 1 -0 0
    outer loop
      vertex -28 -38.5 1
      vertex -28 -27.5 -1
      vertex -28 -27.5 1
    endloop
  endfacet
  facet normal 1 0 0
    outer loop
      vertex -28 -27.5 -1
      vertex -28 -38.5 1
      vertex -28 -38.5 -1
    endloop
  endfacet
  facet normal -1 0 0
    outer loop
      vertex -14 -38.5 -1
      vertex -14 -27.5 1
      vertex -14 -27.5 -1
    endloop
  endfacet
  facet normal -1 -0 0
    outer loop
      vertex -14 -27.5 1
      vertex -14 -38.5 -1
      vertex -14 -38.5 1
    endloop
  endfacet
  facet normal 0 -1 0
    outer loop
      vertex -28 -27.5 -1
      vertex -14 -27.5 1
      vertex -28 -27.5 1
    endloop
  endfacet
  facet normal 0 -1 -0
    outer loop
      vertex -14 -27.5 1
      vertex -28 -27.5 -1
      vertex -14 -27.5 -1
    endloop
  endfacet
  facet normal 1 -0 0
    outer loop
      vertex -12 -13 1
      vertex -12 13 -1
      vertex -12 13 1
    endloop
  endfacet
  facet normal 1 0 0
    outer loop
      vertex -12 13 -1
      vertex -12 -13 1
      vertex -12 -13 -1
    endloop
  endfacet
  facet normal 0 1 -0
    outer loop
      vertex 12 -13 -1
      vertex -12 -13 1
      vertex 12 -13 1
    endloop
  endfacet
  facet normal 0 1 0
    outer loop
      vertex -12 -13 1
      vertex 12 -13 -1
      vertex -12 -13 -1
    endloop
  endfacet
  facet normal -1 0 0
    outer loop
      vertex 12 -13 -1
      vertex 12 13 1
      vertex 12 13 -1
    endloop
  endfacet
  facet normal -1 -0 0
    outer loop
      vertex 12 13 1
      vertex 12 -13 -1
      vertex 12 -13 1
    endloop
  endfacet
  facet normal 0 -1 0
    outer loop
      vertex -12 13 -1
      vertex 12 13 1
      vertex -12 13 1
    endloop
  endfacet
  facet normal 0 -1 -0
    outer loop
      vertex 12 13 1
      vertex -12 13 -1
      vertex 12 13 -1
    endloop
  endfacet
  facet normal 0.998791 0.0491626 0
    outer loop
      vertex -17.5 20.5 19
      vertex -17.5193 20.8921 1
      vertex -17.5193 20.8921 19
    endloop
  endfacet
  facet normal 0.998791 0.0491626 0
    outer loop
      vertex -17.5193 20.8921 1
      vertex -17.5 20.5 19
      vertex -17.5 20.5 1
    endloop
  endfacet
  facet normal -0.998791 0.0491626 0
    outer loop
      vertex -25.5 20.5 1
      vertex -25.4807 20.8921 19
      vertex -25.4807 20.8921 1
    endloop
  endfacet
  facet normal -0.998791 0.0491626 0
    outer loop
      vertex -25.4807 20.8921 19
      vertex -25.5 20.5 1
      vertex -25.5 20.5 19
    endloop
  endfacet
  facet normal 0.0491626 0.998791 -0
    outer loop
      vertex -21.1079 24.4807 1
      vertex -21.5 24.5 19
      vertex -21.1079 24.4807 19
    endloop
  endfacet
  facet normal 0.0491626 0.998791 0
    outer loop
      vertex -21.5 24.5 19
      vertex -21.1079 24.4807 1
      vertex -21.5 24.5 1
    endloop
  endfacet
  facet normal -0.0491626 -0.998791 0
    outer loop
      vertex -21.8921 16.5193 1
      vertex -21.5 16.5 19
      vertex -21.8921 16.5193 19
    endloop
  endfacet
  facet normal -0.0491626 -0.998791 -0
    outer loop
      vertex -21.5 16.5 19
      vertex -21.8921 16.5193 1
      vertex -21.5 16.5 1
    endloop
  endfacet
  facet normal 0.671607 0.740908 -0
    outer loop
      vertex -18.6716 23.3284 1
      vertex -18.9624 23.592 19
      vertex -18.6716 23.3284 19
    endloop
  endfacet
  facet normal 0.671607 0.740908 0
    outer loop
      vertex -18.9624 23.592 19
      vertex -18.6716 23.3284 1
      vertex -18.9624 23.592 1
    endloop
  endfacet
  facet normal -0.671607 0.740908 0
    outer loop
      vertex -24.0376 23.592 1
      vertex -24.3284 23.3284 19
      vertex -24.0376 23.592 19
    endloop
  endfacet
  facet normal -0.671607 0.740908 0
    outer loop
      vertex -24.3284 23.3284 19
      vertex -24.0376 23.592 1
      vertex -24.3284 23.3284 1
    endloop
  endfacet
  facet normal -0.337014 0.9415 0
    outer loop
      vertex -22.6611 24.3278 1
      vertex -23.0307 24.1955 19
      vertex -22.6611 24.3278 19
    endloop
  endfacet
  facet normal -0.337014 0.9415 0
    outer loop
      vertex -23.0307 24.1955 19
      vertex -22.6611 24.3278 1
      vertex -23.0307 24.1955 1
    endloop
  endfacet
  facet normal 0.904044 0.42744 0
    outer loop
      vertex -17.8045 22.0307 19
      vertex -17.9723 22.3856 1
      vertex -17.9723 22.3856 19
    endloop
  endfacet
  facet normal 0.904044 0.42744 0
    outer loop
      vertex -17.9723 22.3856 1
      vertex -17.8045 22.0307 19
      vertex -17.8045 22.0307 1
    endloop
  endfacet
  facet normal 0.42744 0.904044 -0
    outer loop
      vertex -19.6144 24.0277 1
      vertex -19.9693 24.1955 19
      vertex -19.6144 24.0277 19
    endloop
  endfacet
  facet normal 0.42744 0.904044 0
    outer loop
      vertex -19.9693 24.1955 19
      vertex -19.6144 24.0277 1
      vertex -19.9693 24.1955 1
    endloop
  endfacet
  facet normal 0.595794 0.803137 -0
    outer loop
      vertex -18.9624 23.592 1
      vertex -19.2777 23.8259 19
      vertex -18.9624 23.592 19
    endloop
  endfacet
  facet normal 0.595794 0.803137 0
    outer loop
      vertex -19.2777 23.8259 19
      vertex -18.9624 23.592 1
      vertex -19.2777 23.8259 1
    endloop
  endfacet
  facet normal -0.904044 0.42744 0
    outer loop
      vertex -25.1955 22.0307 1
      vertex -25.0277 22.3856 19
      vertex -25.0277 22.3856 1
    endloop
  endfacet
  facet normal -0.904044 0.42744 0
    outer loop
      vertex -25.0277 22.3856 19
      vertex -25.1955 22.0307 1
      vertex -25.1955 22.0307 19
    endloop
  endfacet
  facet normal -0.146733 0.989176 0
    outer loop
      vertex -21.8921 24.4807 1
      vertex -22.2804 24.4231 19
      vertex -21.8921 24.4807 19
    endloop
  endfacet
  facet normal -0.146733 0.989176 0
    outer loop
      vertex -22.2804 24.4231 19
      vertex -21.8921 24.4807 1
      vertex -22.2804 24.4231 1
    endloop
  endfacet
  facet normal 0.9415 -0.337014 0
    outer loop
      vertex -17.8045 18.9693 19
      vertex -17.6722 19.3389 1
      vertex -17.6722 19.3389 19
    endloop
  endfacet
  facet normal 0.9415 -0.337014 0
    outer loop
      vertex -17.6722 19.3389 1
      vertex -17.8045 18.9693 19
      vertex -17.8045 18.9693 1
    endloop
  endfacet
  facet normal 0.970068 0.242835 0
    outer loop
      vertex -17.5769 21.2804 19
      vertex -17.6722 21.6611 1
      vertex -17.6722 21.6611 19
    endloop
  endfacet
  facet normal 0.970068 0.242835 0
    outer loop
      vertex -17.6722 21.6611 1
      vertex -17.5769 21.2804 19
      vertex -17.5769 21.2804 1
    endloop
  endfacet
  facet normal 0.989176 0.146733 0
    outer loop
      vertex -17.5193 20.8921 19
      vertex -17.5769 21.2804 1
      vertex -17.5769 21.2804 19
    endloop
  endfacet
  facet normal 0.989176 0.146733 0
    outer loop
      vertex -17.5769 21.2804 1
      vertex -17.5193 20.8921 19
      vertex -17.5193 20.8921 1
    endloop
  endfacet
  facet normal 0.9415 0.337014 0
    outer loop
      vertex -17.6722 21.6611 19
      vertex -17.8045 22.0307 1
      vertex -17.8045 22.0307 19
    endloop
  endfacet
  facet normal 0.9415 0.337014 0
    outer loop
      vertex -17.8045 22.0307 1
      vertex -17.6722 21.6611 19
      vertex -17.6722 21.6611 1
    endloop
  endfacet
  facet normal 0.803137 0.595794 0
    outer loop
      vertex -18.1741 22.7223 19
      vertex -18.408 23.0376 1
      vertex -18.408 23.0376 19
    endloop
  endfacet
  facet normal 0.803137 0.595794 0
    outer loop
      vertex -18.408 23.0376 1
      vertex -18.1741 22.7223 19
      vertex -18.1741 22.7223 1
    endloop
  endfacet
  facet normal 0.740908 0.671607 0
    outer loop
      vertex -18.408 23.0376 19
      vertex -18.6716 23.3284 1
      vertex -18.6716 23.3284 19
    endloop
  endfacet
  facet normal 0.740908 0.671607 0
    outer loop
      vertex -18.6716 23.3284 1
      vertex -18.408 23.0376 19
      vertex -18.408 23.0376 1
    endloop
  endfacet
  facet normal 0.85774 0.514084 0
    outer loop
      vertex -17.9723 22.3856 19
      vertex -18.1741 22.7223 1
      vertex -18.1741 22.7223 19
    endloop
  endfacet
  facet normal 0.85774 0.514084 0
    outer loop
      vertex -18.1741 22.7223 1
      vertex -17.9723 22.3856 19
      vertex -17.9723 22.3856 1
    endloop
  endfacet
  facet normal 0.242835 0.970068 -0
    outer loop
      vertex -20.3389 24.3278 1
      vertex -20.7196 24.4231 19
      vertex -20.3389 24.3278 19
    endloop
  endfacet
  facet normal 0.242835 0.970068 0
    outer loop
      vertex -20.7196 24.4231 19
      vertex -20.3389 24.3278 1
      vertex -20.7196 24.4231 1
    endloop
  endfacet
  facet normal 0.337014 0.9415 -0
    outer loop
      vertex -19.9693 24.1955 1
      vertex -20.3389 24.3278 19
      vertex -19.9693 24.1955 19
    endloop
  endfacet
  facet normal 0.337014 0.9415 0
    outer loop
      vertex -20.3389 24.3278 19
      vertex -19.9693 24.1955 1
      vertex -20.3389 24.3278 1
    endloop
  endfacet
  facet normal 0.146733 0.989176 -0
    outer loop
      vertex -20.7196 24.4231 1
      vertex -21.1079 24.4807 19
      vertex -20.7196 24.4231 19
    endloop
  endfacet
  facet normal 0.146733 0.989176 0
    outer loop
      vertex -21.1079 24.4807 19
      vertex -20.7196 24.4231 1
      vertex -21.1079 24.4807 1
    endloop
  endfacet
  facet normal 0.514084 0.85774 -0
    outer loop
      vertex -19.2777 23.8259 1
      vertex -19.6144 24.0277 19
      vertex -19.2777 23.8259 19
    endloop
  endfacet
  facet normal 0.514084 0.85774 0
    outer loop
      vertex -19.6144 24.0277 19
      vertex -19.2777 23.8259 1
      vertex -19.6144 24.0277 1
    endloop
  endfacet
  facet normal -0.970068 0.242835 0
    outer loop
      vertex -25.4231 21.2804 1
      vertex -25.3278 21.6611 19
      vertex -25.3278 21.6611 1
    endloop
  endfacet
  facet normal -0.970068 0.242835 0
    outer loop
      vertex -25.3278 21.6611 19
      vertex -25.4231 21.2804 1
      vertex -25.4231 21.2804 19
    endloop
  endfacet
  facet normal -0.803137 0.595794 0
    outer loop
      vertex -24.8259 22.7223 1
      vertex -24.592 23.0376 19
      vertex -24.592 23.0376 1
    endloop
  endfacet
  facet normal -0.803137 0.595794 0
    outer loop
      vertex -24.592 23.0376 19
      vertex -24.8259 22.7223 1
      vertex -24.8259 22.7223 19
    endloop
  endfacet
  facet normal -0.740908 0.671607 0
    outer loop
      vertex -24.592 23.0376 1
      vertex -24.3284 23.3284 19
      vertex -24.3284 23.3284 1
    endloop
  endfacet
  facet normal -0.740908 0.671607 0
    outer loop
      vertex -24.3284 23.3284 19
      vertex -24.592 23.0376 1
      vertex -24.592 23.0376 19
    endloop
  endfacet
  facet normal -0.85774 0.514084 0
    outer loop
      vertex -25.0277 22.3856 1
      vertex -24.8259 22.7223 19
      vertex -24.8259 22.7223 1
    endloop
  endfacet
  facet normal -0.85774 0.514084 0
    outer loop
      vertex -24.8259 22.7223 19
      vertex -25.0277 22.3856 1
      vertex -25.0277 22.3856 19
    endloop
  endfacet
  facet normal -0.9415 0.337014 0
    outer loop
      vertex -25.3278 21.6611 1
      vertex -25.1955 22.0307 19
      vertex -25.1955 22.0307 1
    endloop
  endfacet
  facet normal -0.9415 0.337014 0
    outer loop
      vertex -25.1955 22.0307 19
      vertex -25.3278 21.6611 1
      vertex -25.3278 21.6611 19
    endloop
  endfacet
  facet normal -0.989176 0.146733 0
    outer loop
      vertex -25.4807 20.8921 1
      vertex -25.4231 21.2804 19
      vertex -25.4231 21.2804 1
    endloop
  endfacet
  facet normal -0.989176 0.146733 0
    outer loop
      vertex -25.4231 21.2804 19
      vertex -25.4807 20.8921 1
      vertex -25.4807 20.8921 19
    endloop
  endfacet
  facet normal 0 0 1
    outer loop
      vertex -20.1 20.5 19
      vertex -17.5 20.5 19
      vertex -17.5193 20.8921 19
    endloop
  endfacet
  facet normal 0 0 1
    outer loop
      vertex -20.1067 20.6372 19
      vertex -17.5193 20.8921 19
      vertex -17.5769 21.2804 19
    endloop
  endfacet
  facet normal 0 0 1
    outer loop
      vertex -17.5 20.5 19
      vertex -20.1 20.5 19
      vertex -17.5193 20.1079 19
    endloop
  endfacet
  facet normal 0 0 1
    outer loop
      vertex -20.1269 20.7731 19
      vertex -17.5769 21.2804 19
      vertex -17.6722 21.6611 19
    endloop
  endfacet
  facet normal -0 0 1
    outer loop
      vertex -20.1067 20.3628 19
      vertex -17.5193 20.1079 19
      vertex -20.1 20.5 19
    endloop
  endfacet
  facet normal 0 0 1
    outer loop
      vertex -20.1603 20.9064 19
      vertex -17.6722 21.6611 19
      vertex -17.8045 22.0307 19
    endloop
  endfacet
  facet normal 0 0 1
    outer loop
      vertex -17.5193 20.1079 19
      vertex -20.1067 20.3628 19
      vertex -17.5769 19.7196 19
    endloop
  endfacet
  facet normal 0 0 1
    outer loop
      vertex -20.2066 21.0358 19
      vertex -17.8045 22.0307 19
      vertex -17.9723 22.3856 19
    endloop
  endfacet
  facet normal -0 0 1
    outer loop
      vertex -20.1269 20.2269 19
      vertex -17.5769 19.7196 19
      vertex -20.1067 20.3628 19
    endloop
  endfacet
  facet normal 0 0 1
    outer loop
      vertex -20.2653 21.16 19
      vertex -17.9723 22.3856 19
      vertex -18.1741 22.7223 19
    endloop
  endfacet
  facet normal 0 0 1
    outer loop
      vertex -17.5769 19.7196 19
      vertex -20.1269 20.2269 19
      vertex -17.6722 19.3389 19
    endloop
  endfacet
  facet normal 0 0 1
    outer loop
      vertex -20.3359 21.2778 19
      vertex -18.1741 22.7223 19
      vertex -18.408 23.0376 19
    endloop
  endfacet
  facet normal -0 0 1
    outer loop
      vertex -20.1603 20.0936 19
      vertex -17.6722 19.3389 19
      vertex -20.1269 20.2269 19
    endloop
  endfacet
  facet normal 0 0 1
    outer loop
      vertex -20.4178 21.3881 19
      vertex -18.408 23.0376 19
      vertex -18.6716 23.3284 19
    endloop
  endfacet
  facet normal 0 0 1
    outer loop
      vertex -17.6722 19.3389 19
      vertex -20.1603 20.0936 19
      vertex -17.8045 18.9693 19
    endloop
  endfacet
  facet normal 0 0 1
    outer loop
      vertex -20.5101 21.4899 19
      vertex -18.6716 23.3284 19
      vertex -18.9624 23.592 19
    endloop
  endfacet
  facet normal -0 0 1
    outer loop
      vertex -20.2066 19.9642 19
      vertex -17.8045 18.9693 19
      vertex -20.1603 20.0936 19
    endloop
  endfacet
  facet normal 0 0 1
    outer loop
      vertex -20.6119 21.5822 19
      vertex -18.9624 23.592 19
      vertex -19.2777 23.8259 19
    endloop
  endfacet
  facet normal 0 0 1
    outer loop
      vertex -17.8045 18.9693 19
      vertex -20.2066 19.9642 19
      vertex -17.9723 18.6144 19
    endloop
  endfacet
  facet normal 0 0 1
    outer loop
      vertex -20.7222 21.6641 19
      vertex -19.2777 23.8259 19
      vertex -19.6144 24.0277 19
    endloop
  endfacet
  facet normal -0 0 1
    outer loop
      vertex -20.2653 19.84 19
      vertex -17.9723 18.6144 19
      vertex -20.2066 19.9642 19
    endloop
  endfacet
  facet normal 0 0 1
    outer loop
      vertex -20.84 21.7347 19
      vertex -19.6144 24.0277 19
      vertex -19.9693 24.1955 19
    endloop
  endfacet
  facet normal 0 0 1
    outer loop
      vertex -17.9723 18.6144 19
      vertex -20.2653 19.84 19
      vertex -18.1741 18.2777 19
    endloop
  endfacet
  facet normal -0 0 1
    outer loop
      vertex -20.3359 19.7222 19
      vertex -18.1741 18.2777 19
      vertex -20.2653 19.84 19
    endloop
  endfacet
  facet normal 0 0 1
    outer loop
      vertex -17.5193 20.8921 19
      vertex -20.1067 20.6372 19
      vertex -20.1 20.5 19
    endloop
  endfacet
  facet normal 0 0 1
    outer loop
      vertex -17.5769 21.2804 19
      vertex -20.1269 20.7731 19
      vertex -20.1067 20.6372 19
    endloop
  endfacet
  facet normal 0 0 1
    outer loop
      vertex -17.6722 21.6611 19
      vertex -20.1603 20.9064 19
      vertex -20.1269 20.7731 19
    endloop
  endfacet
  facet normal 0 0 1
    outer loop
      vertex -17.8045 22.0307 19
      vertex -20.2066 21.0358 19
      vertex -20.1603 20.9064 19
    endloop
  endfacet
  facet normal 0 0 1
    outer loop
      vertex -17.9723 22.3856 19
      vertex -20.2653 21.16 19
      vertex -20.2066 21.0358 19
    endloop
  endfacet
  facet normal 0 0 1
    outer loop
      vertex -18.1741 22.7223 19
      vertex -20.3359 21.2778 19
      vertex -20.2653 21.16 19
    endloop
  endfacet
  facet normal 0 0 1
    outer loop
      vertex -20.9642 21.7934 19
      vertex -19.9693 24.1955 19
      vertex -20.3389 24.3278 19
    endloop
  endfacet
  facet normal 0 0 1
    outer loop
      vertex -18.408 23.0376 19
      vertex -20.4178 21.3881 19
      vertex -20.3359 21.2778 19
    endloop
  endfacet
  facet normal 0 0 1
    outer loop
      vertex -18.6716 23.3284 19
      vertex -20.5101 21.4899 19
      vertex -20.4178 21.3881 19
    endloop
  endfacet
  facet normal 0 0 1
    outer loop
      vertex -18.9624 23.592 19
      vertex -20.6119 21.5822 19
      vertex -20.5101 21.4899 19
    endloop
  endfacet
  facet normal 0 0 1
    outer loop
      vertex -21.0936 21.8397 19
      vertex -20.3389 24.3278 19
      vertex -20.7196 24.4231 19
    endloop
  endfacet
  facet normal 0 0 1
    outer loop
      vertex -19.2777 23.8259 19
      vertex -20.7222 21.6641 19
      vertex -20.6119 21.5822 19
    endloop
  endfacet
  facet normal 0 0 1
    outer loop
      vertex -19.6144 24.0277 19
      vertex -20.84 21.7347 19
      vertex -20.7222 21.6641 19
    endloop
  endfacet
  facet normal 0 0 1
    outer loop
      vertex -19.9693 24.1955 19
      vertex -20.9642 21.7934 19
      vertex -20.84 21.7347 19
    endloop
  endfacet
  facet normal 0 0 1
    outer loop
      vertex -20.3389 24.3278 19
      vertex -21.0936 21.8397 19
      vertex -20.9642 21.7934 19
    endloop
  endfacet
  facet normal 0 0 1
    outer loop
      vertex -21.2269 21.8731 19
      vertex -20.7196 24.4231 19
      vertex -21.1079 24.4807 19
    endloop
  endfacet
  facet normal 0 0 1
    outer loop
      vertex -20.7196 24.4231 19
      vertex -21.2269 21.8731 19
      vertex -21.0936 21.8397 19
    endloop
  endfacet
  facet normal 0 0 1
    outer loop
      vertex -21.1079 24.4807 19
      vertex -21.3628 21.8933 19
      vertex -21.2269 21.8731 19
    endloop
  endfacet
  facet normal 0 0 1
    outer loop
      vertex -21.5 24.5 19
      vertex -21.3628 21.8933 19
      vertex -21.1079 24.4807 19
    endloop
  endfacet
  facet normal 0 0 1
    outer loop
      vertex -21.5 24.5 19
      vertex -21.5 21.9 19
      vertex -21.3628 21.8933 19
    endloop
  endfacet
  facet normal 0 0 1
    outer loop
      vertex -21.5 24.5 19
      vertex -21.6372 21.8933 19
      vertex -21.5 21.9 19
    endloop
  endfacet
  facet normal -0 0 1
    outer loop
      vertex -21.8921 24.4807 19
      vertex -21.6372 21.8933 19
      vertex -21.5 24.5 19
    endloop
  endfacet
  facet normal 0 0 1
    outer loop
      vertex -21.6372 21.8933 19
      vertex -21.8921 24.4807 19
      vertex -21.7731 21.8731 19
    endloop
  endfacet
  facet normal -0 0 1
    outer loop
      vertex -22.2804 24.4231 19
      vertex -21.7731 21.8731 19
      vertex -21.8921 24.4807 19
    endloop
  endfacet
  facet normal 0 0 1
    outer loop
      vertex -21.7731 21.8731 19
      vertex -22.2804 24.4231 19
      vertex -21.9064 21.8397 19
    endloop
  endfacet
  facet normal -0 0 1
    outer loop
      vertex -22.6611 24.3278 19
      vertex -21.9064 21.8397 19
      vertex -22.2804 24.4231 19
    endloop
  endfacet
  facet normal 0 0 1
    outer loop
      vertex -21.9064 21.8397 19
      vertex -22.6611 24.3278 19
      vertex -22.0358 21.7934 19
    endloop
  endfacet
  facet normal -0 0 1
    outer loop
      vertex -23.0307 24.1955 19
      vertex -22.0358 21.7934 19
      vertex -22.6611 24.3278 19
    endloop
  endfacet
  facet normal 0 0 1
    outer loop
      vertex -22.0358 21.7934 19
      vertex -23.0307 24.1955 19
      vertex -22.16 21.7347 19
    endloop
  endfacet
  facet normal -0 0 1
    outer loop
      vertex -23.3856 24.0277 19
      vertex -22.16 21.7347 19
      vertex -23.0307 24.1955 19
    endloop
  endfacet
  facet normal 0 0 1
    outer loop
      vertex -22.16 21.7347 19
      vertex -23.3856 24.0277 19
      vertex -22.2778 21.6641 19
    endloop
  endfacet
  facet normal -0 0 1
    outer loop
      vertex -23.7223 23.8259 19
      vertex -22.2778 21.6641 19
      vertex -23.3856 24.0277 19
    endloop
  endfacet
  facet normal 0 0 1
    outer loop
      vertex -22.2778 21.6641 19
      vertex -23.7223 23.8259 19
      vertex -22.3881 21.5822 19
    endloop
  endfacet
  facet normal -0 0 1
    outer loop
      vertex -24.0376 23.592 19
      vertex -22.3881 21.5822 19
      vertex -23.7223 23.8259 19
    endloop
  endfacet
  facet normal 0 0 1
    outer loop
      vertex -22.3881 21.5822 19
      vertex -24.0376 23.592 19
      vertex -22.4899 21.4899 19
    endloop
  endfacet
  facet normal -0 0 1
    outer loop
      vertex -24.3284 23.3284 19
      vertex -22.4899 21.4899 19
      vertex -24.0376 23.592 19
    endloop
  endfacet
  facet normal 0 0 1
    outer loop
      vertex -22.4899 21.4899 19
      vertex -24.3284 23.3284 19
      vertex -22.5822 21.3881 19
    endloop
  endfacet
  facet normal -0 0 1
    outer loop
      vertex -24.592 23.0376 19
      vertex -22.5822 21.3881 19
      vertex -24.3284 23.3284 19
    endloop
  endfacet
  facet normal -0 0 1
    outer loop
      vertex -24.8259 22.7223 19
      vertex -22.6641 21.2778 19
      vertex -24.592 23.0376 19
    endloop
  endfacet
  facet normal 0 0 1
    outer loop
      vertex -22.5822 21.3881 19
      vertex -24.592 23.0376 19
      vertex -22.6641 21.2778 19
    endloop
  endfacet
  facet normal 0 0 1
    outer loop
      vertex -18.1741 18.2777 19
      vertex -20.3359 19.7222 19
      vertex -18.408 17.9624 19
    endloop
  endfacet
  facet normal -0 0 1
    outer loop
      vertex -20.4178 19.6119 19
      vertex -18.408 17.9624 19
      vertex -20.3359 19.7222 19
    endloop
  endfacet
  facet normal 0 0 1
    outer loop
      vertex -18.408 17.9624 19
      vertex -20.4178 19.6119 19
      vertex -18.6716 17.6716 19
    endloop
  endfacet
  facet normal -0 0 1
    outer loop
      vertex -20.5101 19.5101 19
      vertex -18.6716 17.6716 19
      vertex -20.4178 19.6119 19
    endloop
  endfacet
  facet normal 0 0 1
    outer loop
      vertex -18.6716 17.6716 19
      vertex -20.5101 19.5101 19
      vertex -18.9624 17.408 19
    endloop
  endfacet
  facet normal -0 0 1
    outer loop
      vertex -20.6119 19.4178 19
      vertex -18.9624 17.408 19
      vertex -20.5101 19.5101 19
    endloop
  endfacet
  facet normal 0 0 1
    outer loop
      vertex -18.9624 17.408 19
      vertex -20.6119 19.4178 19
      vertex -19.2777 17.1741 19
    endloop
  endfacet
  facet normal -0 0 1
    outer loop
      vertex -20.7222 19.3359 19
      vertex -19.2777 17.1741 19
      vertex -20.6119 19.4178 19
    endloop
  endfacet
  facet normal 0 0 1
    outer loop
      vertex -19.2777 17.1741 19
      vertex -20.7222 19.3359 19
      vertex -19.6144 16.9723 19
    endloop
  endfacet
  facet normal -0 0 1
    outer loop
      vertex -20.84 19.2653 19
      vertex -19.6144 16.9723 19
      vertex -20.7222 19.3359 19
    endloop
  endfacet
  facet normal 0 0 1
    outer loop
      vertex -19.6144 16.9723 19
      vertex -20.84 19.2653 19
      vertex -19.9693 16.8045 19
    endloop
  endfacet
  facet normal -0 0 1
    outer loop
      vertex -20.9642 19.2066 19
      vertex -19.9693 16.8045 19
      vertex -20.84 19.2653 19
    endloop
  endfacet
  facet normal 0 0 1
    outer loop
      vertex -19.9693 16.8045 19
      vertex -20.9642 19.2066 19
      vertex -20.3389 16.6722 19
    endloop
  endfacet
  facet normal -0 0 1
    outer loop
      vertex -21.0936 19.1603 19
      vertex -20.3389 16.6722 19
      vertex -20.9642 19.2066 19
    endloop
  endfacet
  facet normal 0 0 1
    outer loop
      vertex -20.3389 16.6722 19
      vertex -21.0936 19.1603 19
      vertex -20.7196 16.5769 19
    endloop
  endfacet
  facet normal -0 0 1
    outer loop
      vertex -21.2269 19.1269 19
      vertex -20.7196 16.5769 19
      vertex -21.0936 19.1603 19
    endloop
  endfacet
  facet normal 0 0 1
    outer loop
      vertex -20.7196 16.5769 19
      vertex -21.2269 19.1269 19
      vertex -21.1079 16.5193 19
    endloop
  endfacet
  facet normal -0 0 1
    outer loop
      vertex -21.3628 19.1067 19
      vertex -21.1079 16.5193 19
      vertex -21.2269 19.1269 19
    endloop
  endfacet
  facet normal -0 0 1
    outer loop
      vertex -21.5 19.1 19
      vertex -21.1079 16.5193 19
      vertex -21.3628 19.1067 19
    endloop
  endfacet
  facet normal 0 0 1
    outer loop
      vertex -21.5 19.1 19
      vertex -21.5 16.5 19
      vertex -21.1079 16.5193 19
    endloop
  endfacet
  facet normal 0 0 1
    outer loop
      vertex -21.6372 19.1067 19
      vertex -21.5 16.5 19
      vertex -21.5 19.1 19
    endloop
  endfacet
  facet normal 0 0 1
    outer loop
      vertex -21.8921 16.5193 19
      vertex -21.6372 19.1067 19
      vertex -21.7731 19.1269 19
    endloop
  endfacet
  facet normal 0 0 1
    outer loop
      vertex -21.6372 19.1067 19
      vertex -21.8921 16.5193 19
      vertex -21.5 16.5 19
    endloop
  endfacet
  facet normal 0 0 1
    outer loop
      vertex -22.2804 16.5769 19
      vertex -21.7731 19.1269 19
      vertex -21.9064 19.1603 19
    endloop
  endfacet
  facet normal 0 0 1
    outer loop
      vertex -22.6611 16.6722 19
      vertex -21.9064 19.1603 19
      vertex -22.0358 19.2066 19
    endloop
  endfacet
  facet normal 0 0 1
    outer loop
      vertex -23.0307 16.8045 19
      vertex -22.0358 19.2066 19
      vertex -22.16 19.2653 19
    endloop
  endfacet
  facet normal 0 0 1
    outer loop
      vertex -23.3856 16.9723 19
      vertex -22.16 19.2653 19
      vertex -22.2778 19.3359 19
    endloop
  endfacet
  facet normal 0 0 1
    outer loop
      vertex -21.7731 19.1269 19
      vertex -22.2804 16.5769 19
      vertex -21.8921 16.5193 19
    endloop
  endfacet
  facet normal 0 0 1
    outer loop
      vertex -23.7223 17.1741 19
      vertex -22.2778 19.3359 19
      vertex -22.3881 19.4178 19
    endloop
  endfacet
  facet normal 0 0 1
    outer loop
      vertex -24.0376 17.408 19
      vertex -22.3881 19.4178 19
      vertex -22.4899 19.5101 19
    endloop
  endfacet
  facet normal 0 0 1
    outer loop
      vertex -24.3284 17.6716 19
      vertex -22.4899 19.5101 19
      vertex -22.5822 19.6119 19
    endloop
  endfacet
  facet normal 0 0 1
    outer loop
      vertex -21.9064 19.1603 19
      vertex -22.6611 16.6722 19
      vertex -22.2804 16.5769 19
    endloop
  endfacet
  facet normal 0 0 1
    outer loop
      vertex -24.592 17.9624 19
      vertex -22.5822 19.6119 19
      vertex -22.6641 19.7222 19
    endloop
  endfacet
  facet normal 0 0 1
    outer loop
      vertex -24.8259 18.2777 19
      vertex -22.6641 19.7222 19
      vertex -22.7347 19.84 19
    endloop
  endfacet
  facet normal 0 0 1
    outer loop
      vertex -25.0277 18.6144 19
      vertex -22.7347 19.84 19
      vertex -22.7934 19.9642 19
    endloop
  endfacet
  facet normal 0 0 1
    outer loop
      vertex -25.1955 18.9693 19
      vertex -22.7934 19.9642 19
      vertex -22.8397 20.0936 19
    endloop
  endfacet
  facet normal 0 0 1
    outer loop
      vertex -25.3278 19.3389 19
      vertex -22.8397 20.0936 19
      vertex -22.8731 20.2269 19
    endloop
  endfacet
  facet normal 0 0 1
    outer loop
      vertex -25.4231 19.7196 19
      vertex -22.8731 20.2269 19
      vertex -22.8933 20.3628 19
    endloop
  endfacet
  facet normal 0 0 1
    outer loop
      vertex -22.0358 19.2066 19
      vertex -23.0307 16.8045 19
      vertex -22.6611 16.6722 19
    endloop
  endfacet
  facet normal 0 0 1
    outer loop
      vertex -25.4807 20.1079 19
      vertex -22.8933 20.3628 19
      vertex -22.9 20.5 19
    endloop
  endfacet
  facet normal 0 0 1
    outer loop
      vertex -22.6641 21.2778 19
      vertex -24.8259 22.7223 19
      vertex -22.7347 21.16 19
    endloop
  endfacet
  facet normal -0 0 1
    outer loop
      vertex -25.0277 22.3856 19
      vertex -22.7347 21.16 19
      vertex -24.8259 22.7223 19
    endloop
  endfacet
  facet normal 0 0 1
    outer loop
      vertex -22.16 19.2653 19
      vertex -23.3856 16.9723 19
      vertex -23.0307 16.8045 19
    endloop
  endfacet
  facet normal 0 0 1
    outer loop
      vertex -22.7347 21.16 19
      vertex -25.0277 22.3856 19
      vertex -22.7934 21.0358 19
    endloop
  endfacet
  facet normal 0 0 1
    outer loop
      vertex -22.2778 19.3359 19
      vertex -23.7223 17.1741 19
      vertex -23.3856 16.9723 19
    endloop
  endfacet
  facet normal -0 0 1
    outer loop
      vertex -25.1955 22.0307 19
      vertex -22.7934 21.0358 19
      vertex -25.0277 22.3856 19
    endloop
  endfacet
  facet normal 0 0 1
    outer loop
      vertex -22.3881 19.4178 19
      vertex -24.0376 17.408 19
      vertex -23.7223 17.1741 19
    endloop
  endfacet
  facet normal 0 0 1
    outer loop
      vertex -22.7934 21.0358 19
      vertex -25.1955 22.0307 19
      vertex -22.8397 20.9064 19
    endloop
  endfacet
  facet normal 0 0 1
    outer loop
      vertex -22.4899 19.5101 19
      vertex -24.3284 17.6716 19
      vertex -24.0376 17.408 19
    endloop
  endfacet
  facet normal -0 0 1
    outer loop
      vertex -25.3278 21.6611 19
      vertex -22.8397 20.9064 19
      vertex -25.1955 22.0307 19
    endloop
  endfacet
  facet normal 0 0 1
    outer loop
      vertex -22.5822 19.6119 19
      vertex -24.592 17.9624 19
      vertex -24.3284 17.6716 19
    endloop
  endfacet
  facet normal 0 0 1
    outer loop
      vertex -22.8397 20.9064 19
      vertex -25.3278 21.6611 19
      vertex -22.8731 20.7731 19
    endloop
  endfacet
  facet normal 0 0 1
    outer loop
      vertex -22.6641 19.7222 19
      vertex -24.8259 18.2777 19
      vertex -24.592 17.9624 19
    endloop
  endfacet
  facet normal -0 0 1
    outer loop
      vertex -25.4231 21.2804 19
      vertex -22.8731 20.7731 19
      vertex -25.3278 21.6611 19
    endloop
  endfacet
  facet normal 0 0 1
    outer loop
      vertex -22.7347 19.84 19
      vertex -25.0277 18.6144 19
      vertex -24.8259 18.2777 19
    endloop
  endfacet
  facet normal 0 0 1
    outer loop
      vertex -22.8731 20.7731 19
      vertex -25.4231 21.2804 19
      vertex -22.8933 20.6372 19
    endloop
  endfacet
  facet normal 0 0 1
    outer loop
      vertex -22.7934 19.9642 19
      vertex -25.1955 18.9693 19
      vertex -25.0277 18.6144 19
    endloop
  endfacet
  facet normal -0 0 1
    outer loop
      vertex -25.4807 20.8921 19
      vertex -22.8933 20.6372 19
      vertex -25.4231 21.2804 19
    endloop
  endfacet
  facet normal 0 0 1
    outer loop
      vertex -22.8397 20.0936 19
      vertex -25.3278 19.3389 19
      vertex -25.1955 18.9693 19
    endloop
  endfacet
  facet normal 0 0 1
    outer loop
      vertex -22.8933 20.6372 19
      vertex -25.4807 20.8921 19
      vertex -22.9 20.5 19
    endloop
  endfacet
  facet normal 0 0 1
    outer loop
      vertex -22.8731 20.2269 19
      vertex -25.4231 19.7196 19
      vertex -25.3278 19.3389 19
    endloop
  endfacet
  facet normal 0 0 1
    outer loop
      vertex -25.5 20.5 19
      vertex -22.9 20.5 19
      vertex -25.4807 20.8921 19
    endloop
  endfacet
  facet normal 0 0 1
    outer loop
      vertex -22.8933 20.3628 19
      vertex -25.4807 20.1079 19
      vertex -25.4231 19.7196 19
    endloop
  endfacet
  facet normal 0 0 1
    outer loop
      vertex -22.9 20.5 19
      vertex -25.5 20.5 19
      vertex -25.4807 20.1079 19
    endloop
  endfacet
  facet normal -0.514084 0.85774 0
    outer loop
      vertex -23.3856 24.0277 1
      vertex -23.7223 23.8259 19
      vertex -23.3856 24.0277 19
    endloop
  endfacet
  facet normal -0.514084 0.85774 0
    outer loop
      vertex -23.7223 23.8259 19
      vertex -23.3856 24.0277 1
      vertex -23.7223 23.8259 1
    endloop
  endfacet
  facet normal -0.42744 0.904044 0
    outer loop
      vertex -23.0307 24.1955 1
      vertex -23.3856 24.0277 19
      vertex -23.0307 24.1955 19
    endloop
  endfacet
  facet normal -0.42744 0.904044 0
    outer loop
      vertex -23.3856 24.0277 19
      vertex -23.0307 24.1955 1
      vertex -23.3856 24.0277 1
    endloop
  endfacet
  facet normal -0.595794 0.803137 0
    outer loop
      vertex -23.7223 23.8259 1
      vertex -24.0376 23.592 19
      vertex -23.7223 23.8259 19
    endloop
  endfacet
  facet normal -0.595794 0.803137 0
    outer loop
      vertex -24.0376 23.592 19
      vertex -23.7223 23.8259 1
      vertex -24.0376 23.592 1
    endloop
  endfacet
  facet normal -0.242835 0.970068 0
    outer loop
      vertex -22.2804 24.4231 1
      vertex -22.6611 24.3278 19
      vertex -22.2804 24.4231 19
    endloop
  endfacet
  facet normal -0.242835 0.970068 0
    outer loop
      vertex -22.6611 24.3278 19
      vertex -22.2804 24.4231 1
      vertex -22.6611 24.3278 1
    endloop
  endfacet
  facet normal -0.0491626 0.998791 0
    outer loop
      vertex -21.5 24.5 1
      vertex -21.8921 24.4807 19
      vertex -21.5 24.5 19
    endloop
  endfacet
  facet normal -0.0491626 0.998791 0
    outer loop
      vertex -21.8921 24.4807 19
      vertex -21.5 24.5 1
      vertex -21.8921 24.4807 1
    endloop
  endfacet
  facet normal 0.146733 -0.989176 0
    outer loop
      vertex -21.1079 16.5193 1
      vertex -20.7196 16.5769 19
      vertex -21.1079 16.5193 19
    endloop
  endfacet
  facet normal 0.146733 -0.989176 0
    outer loop
      vertex -20.7196 16.5769 19
      vertex -21.1079 16.5193 1
      vertex -20.7196 16.5769 1
    endloop
  endfacet
  facet normal 0.0491626 -0.998791 0
    outer loop
      vertex -21.5 16.5 1
      vertex -21.1079 16.5193 19
      vertex -21.5 16.5 19
    endloop
  endfacet
  facet normal 0.0491626 -0.998791 0
    outer loop
      vertex -21.1079 16.5193 19
      vertex -21.5 16.5 1
      vertex -21.1079 16.5193 1
    endloop
  endfacet
  facet normal 0.337014 -0.9415 0
    outer loop
      vertex -20.3389 16.6722 1
      vertex -19.9693 16.8045 19
      vertex -20.3389 16.6722 19
    endloop
  endfacet
  facet normal 0.337014 -0.9415 0
    outer loop
      vertex -19.9693 16.8045 19
      vertex -20.3389 16.6722 1
      vertex -19.9693 16.8045 1
    endloop
  endfacet
  facet normal 0.671607 -0.740908 0
    outer loop
      vertex -18.9624 17.408 1
      vertex -18.6716 17.6716 19
      vertex -18.9624 17.408 19
    endloop
  endfacet
  facet normal 0.671607 -0.740908 0
    outer loop
      vertex -18.6716 17.6716 19
      vertex -18.9624 17.408 1
      vertex -18.6716 17.6716 1
    endloop
  endfacet
  facet normal 0.514084 -0.85774 0
    outer loop
      vertex -19.6144 16.9723 1
      vertex -19.2777 17.1741 19
      vertex -19.6144 16.9723 19
    endloop
  endfacet
  facet normal 0.514084 -0.85774 0
    outer loop
      vertex -19.2777 17.1741 19
      vertex -19.6144 16.9723 1
      vertex -19.2777 17.1741 1
    endloop
  endfacet
  facet normal 0.803137 -0.595794 0
    outer loop
      vertex -18.408 17.9624 19
      vertex -18.1741 18.2777 1
      vertex -18.1741 18.2777 19
    endloop
  endfacet
  facet normal 0.803137 -0.595794 0
    outer loop
      vertex -18.1741 18.2777 1
      vertex -18.408 17.9624 19
      vertex -18.408 17.9624 1
    endloop
  endfacet
  facet normal 0.904044 -0.42744 0
    outer loop
      vertex -17.9723 18.6144 19
      vertex -17.8045 18.9693 1
      vertex -17.8045 18.9693 19
    endloop
  endfacet
  facet normal 0.904044 -0.42744 0
    outer loop
      vertex -17.8045 18.9693 1
      vertex -17.9723 18.6144 19
      vertex -17.9723 18.6144 1
    endloop
  endfacet
  facet normal -0.671607 -0.740908 0
    outer loop
      vertex -24.3284 17.6716 1
      vertex -24.0376 17.408 19
      vertex -24.3284 17.6716 19
    endloop
  endfacet
  facet normal -0.671607 -0.740908 -0
    outer loop
      vertex -24.0376 17.408 19
      vertex -24.3284 17.6716 1
      vertex -24.0376 17.408 1
    endloop
  endfacet
  facet normal -0.514084 -0.85774 0
    outer loop
      vertex -23.7223 17.1741 1
      vertex -23.3856 16.9723 19
      vertex -23.7223 17.1741 19
    endloop
  endfacet
  facet normal -0.514084 -0.85774 -0
    outer loop
      vertex -23.3856 16.9723 19
      vertex -23.7223 17.1741 1
      vertex -23.3856 16.9723 1
    endloop
  endfacet
  facet normal -0.337014 -0.9415 0
    outer loop
      vertex -23.0307 16.8045 1
      vertex -22.6611 16.6722 19
      vertex -23.0307 16.8045 19
    endloop
  endfacet
  facet normal -0.337014 -0.9415 -0
    outer loop
      vertex -22.6611 16.6722 19
      vertex -23.0307 16.8045 1
      vertex -22.6611 16.6722 1
    endloop
  endfacet
  facet normal -0.146733 -0.989176 0
    outer loop
      vertex -22.2804 16.5769 1
      vertex -21.8921 16.5193 19
      vertex -22.2804 16.5769 19
    endloop
  endfacet
  facet normal -0.146733 -0.989176 -0
    outer loop
      vertex -21.8921 16.5193 19
      vertex -22.2804 16.5769 1
      vertex -21.8921 16.5193 1
    endloop
  endfacet
  facet normal -0.803137 -0.595794 0
    outer loop
      vertex -24.592 17.9624 1
      vertex -24.8259 18.2777 19
      vertex -24.8259 18.2777 1
    endloop
  endfacet
  facet normal -0.803137 -0.595794 0
    outer loop
      vertex -24.8259 18.2777 19
      vertex -24.592 17.9624 1
      vertex -24.592 17.9624 19
    endloop
  endfacet
  facet normal -0.904044 -0.42744 0
    outer loop
      vertex -25.0277 18.6144 1
      vertex -25.1955 18.9693 19
      vertex -25.1955 18.9693 1
    endloop
  endfacet
  facet normal -0.904044 -0.42744 0
    outer loop
      vertex -25.1955 18.9693 19
      vertex -25.0277 18.6144 1
      vertex -25.0277 18.6144 19
    endloop
  endfacet
  facet normal -0.85774 -0.514084 0
    outer loop
      vertex -24.8259 18.2777 1
      vertex -25.0277 18.6144 19
      vertex -25.0277 18.6144 1
    endloop
  endfacet
  facet normal -0.85774 -0.514084 0
    outer loop
      vertex -25.0277 18.6144 19
      vertex -24.8259 18.2777 1
      vertex -24.8259 18.2777 19
    endloop
  endfacet
  facet normal -0.970068 -0.242835 0
    outer loop
      vertex -25.3278 19.3389 1
      vertex -25.4231 19.7196 19
      vertex -25.4231 19.7196 1
    endloop
  endfacet
  facet normal -0.970068 -0.242835 0
    outer loop
      vertex -25.4231 19.7196 19
      vertex -25.3278 19.3389 1
      vertex -25.3278 19.3389 19
    endloop
  endfacet
  facet normal -0.9415 -0.337014 0
    outer loop
      vertex -25.1955 18.9693 1
      vertex -25.3278 19.3389 19
      vertex -25.3278 19.3389 1
    endloop
  endfacet
  facet normal -0.9415 -0.337014 0
    outer loop
      vertex -25.3278 19.3389 19
      vertex -25.1955 18.9693 1
      vertex -25.1955 18.9693 19
    endloop
  endfacet
  facet normal -0.998791 -0.0491626 0
    outer loop
      vertex -25.4807 20.1079 1
      vertex -25.5 20.5 19
      vertex -25.5 20.5 1
    endloop
  endfacet
  facet normal -0.998791 -0.0491626 0
    outer loop
      vertex -25.5 20.5 19
      vertex -25.4807 20.1079 1
      vertex -25.4807 20.1079 19
    endloop
  endfacet
  facet normal 0.42744 -0.904044 0
    outer loop
      vertex -19.9693 16.8045 1
      vertex -19.6144 16.9723 19
      vertex -19.9693 16.8045 19
    endloop
  endfacet
  facet normal 0.42744 -0.904044 0
    outer loop
      vertex -19.6144 16.9723 19
      vertex -19.9693 16.8045 1
      vertex -19.6144 16.9723 1
    endloop
  endfacet
  facet normal 0.740908 -0.671607 0
    outer loop
      vertex -18.6716 17.6716 19
      vertex -18.408 17.9624 1
      vertex -18.408 17.9624 19
    endloop
  endfacet
  facet normal 0.740908 -0.671607 0
    outer loop
      vertex -18.408 17.9624 1
      vertex -18.6716 17.6716 19
      vertex -18.6716 17.6716 1
    endloop
  endfacet
  facet normal 0.595794 -0.803137 0
    outer loop
      vertex -19.2777 17.1741 1
      vertex -18.9624 17.408 19
      vertex -19.2777 17.1741 19
    endloop
  endfacet
  facet normal 0.595794 -0.803137 0
    outer loop
      vertex -18.9624 17.408 19
      vertex -19.2777 17.1741 1
      vertex -18.9624 17.408 1
    endloop
  endfacet
  facet normal 0.85774 -0.514084 0
    outer loop
      vertex -18.1741 18.2777 19
      vertex -17.9723 18.6144 1
      vertex -17.9723 18.6144 19
    endloop
  endfacet
  facet normal 0.85774 -0.514084 0
    outer loop
      vertex -17.9723 18.6144 1
      vertex -18.1741 18.2777 19
      vertex -18.1741 18.2777 1
    endloop
  endfacet
  facet normal 0.989176 -0.146733 0
    outer loop
      vertex -17.5769 19.7196 19
      vertex -17.5193 20.1079 1
      vertex -17.5193 20.1079 19
    endloop
  endfacet
  facet normal 0.989176 -0.146733 0
    outer loop
      vertex -17.5193 20.1079 1
      vertex -17.5769 19.7196 19
      vertex -17.5769 19.7196 1
    endloop
  endfacet
  facet normal 0.970068 -0.242835 0
    outer loop
      vertex -17.6722 19.3389 19
      vertex -17.5769 19.7196 1
      vertex -17.5769 19.7196 19
    endloop
  endfacet
  facet normal 0.970068 -0.242835 0
    outer loop
      vertex -17.5769 19.7196 1
      vertex -17.6722 19.3389 19
      vertex -17.6722 19.3389 1
    endloop
  endfacet
  facet normal 0.998791 -0.0491626 0
    outer loop
      vertex -17.5193 20.1079 19
      vertex -17.5 20.5 1
      vertex -17.5 20.5 19
    endloop
  endfacet
  facet normal 0.998791 -0.0491626 0
    outer loop
      vertex -17.5 20.5 1
      vertex -17.5193 20.1079 19
      vertex -17.5193 20.1079 1
    endloop
  endfacet
  facet normal -0.595794 -0.803137 0
    outer loop
      vertex -24.0376 17.408 1
      vertex -23.7223 17.1741 19
      vertex -24.0376 17.408 19
    endloop
  endfacet
  facet normal -0.595794 -0.803137 -0
    outer loop
      vertex -23.7223 17.1741 19
      vertex -24.0376 17.408 1
      vertex -23.7223 17.1741 1
    endloop
  endfacet
  facet normal -0.42744 -0.904044 0
    outer loop
      vertex -23.3856 16.9723 1
      vertex -23.0307 16.8045 19
      vertex -23.3856 16.9723 19
    endloop
  endfacet
  facet normal -0.42744 -0.904044 -0
    outer loop
      vertex -23.0307 16.8045 19
      vertex -23.3856 16.9723 1
      vertex -23.0307 16.8045 1
    endloop
  endfacet
  facet normal -0.242835 -0.970068 0
    outer loop
      vertex -22.6611 16.6722 1
      vertex -22.2804 16.5769 19
      vertex -22.6611 16.6722 19
    endloop
  endfacet
  facet normal -0.242835 -0.970068 -0
    outer loop
      vertex -22.2804 16.5769 19
      vertex -22.6611 16.6722 1
      vertex -22.2804 16.5769 1
    endloop
  endfacet
  facet normal -0.740908 -0.671607 0
    outer loop
      vertex -24.3284 17.6716 1
      vertex -24.592 17.9624 19
      vertex -24.592 17.9624 1
    endloop
  endfacet
  facet normal -0.740908 -0.671607 0
    outer loop
      vertex -24.592 17.9624 19
      vertex -24.3284 17.6716 1
      vertex -24.3284 17.6716 19
    endloop
  endfacet
  facet normal -0.989176 -0.146733 0
    outer loop
      vertex -25.4231 19.7196 1
      vertex -25.4807 20.1079 19
      vertex -25.4807 20.1079 1
    endloop
  endfacet
  facet normal -0.989176 -0.146733 0
    outer loop
      vertex -25.4807 20.1079 19
      vertex -25.4231 19.7196 1
      vertex -25.4231 19.7196 19
    endloop
  endfacet
  facet normal 0.242835 -0.970068 0
    outer loop
      vertex -20.7196 16.5769 1
      vertex -20.3389 16.6722 19
      vertex -20.7196 16.5769 19
    endloop
  endfacet
  facet normal 0.242835 -0.970068 0
    outer loop
      vertex -20.3389 16.6722 19
      vertex -20.7196 16.5769 1
      vertex -20.3389 16.6722 1
    endloop
  endfacet
  facet normal -0.671694 -0.740829 0
    outer loop
      vertex -20.6119 21.5822 11
      vertex -20.5101 21.4899 19
      vertex -20.6119 21.5822 19
    endloop
  endfacet
  facet normal -0.671694 -0.740829 -0
    outer loop
      vertex -20.5101 21.4899 19
      vertex -20.6119 21.5822 11
      vertex -20.5101 21.4899 11
    endloop
  endfacet
  facet normal 0.336889 -0.941544 0
    outer loop
      vertex -22.0358 21.7934 11
      vertex -21.9064 21.8397 19
      vertex -22.0358 21.7934 19
    endloop
  endfacet
  facet normal 0.336889 -0.941544 0
    outer loop
      vertex -21.9064 21.8397 19
      vertex -22.0358 21.7934 11
      vertex -21.9064 21.8397 11
    endloop
  endfacet
  facet normal 0.904108 -0.427304 0
    outer loop
      vertex -22.7934 21.0358 19
      vertex -22.7347 21.16 11
      vertex -22.7347 21.16 19
    endloop
  endfacet
  facet normal 0.904108 -0.427304 0
    outer loop
      vertex -22.7347 21.16 11
      vertex -22.7934 21.0358 19
      vertex -22.7934 21.0358 11
    endloop
  endfacet
  facet normal -0.904108 0.427304 0
    outer loop
      vertex -20.2653 19.84 11
      vertex -20.2066 19.9642 19
      vertex -20.2066 19.9642 11
    endloop
  endfacet
  facet normal -0.904108 0.427304 0
    outer loop
      vertex -20.2066 19.9642 19
      vertex -20.2653 19.84 11
      vertex -20.2653 19.84 19
    endloop
  endfacet
  facet normal 0.427304 0.904108 -0
    outer loop
      vertex -22.0358 19.2066 11
      vertex -22.16 19.2653 19
      vertex -22.0358 19.2066 19
    endloop
  endfacet
  facet normal 0.427304 0.904108 0
    outer loop
      vertex -22.16 19.2653 19
      vertex -22.0358 19.2066 11
      vertex -22.16 19.2653 11
    endloop
  endfacet
  facet normal -0.904108 -0.427304 0
    outer loop
      vertex -20.2066 21.0358 11
      vertex -20.2653 21.16 19
      vertex -20.2653 21.16 11
    endloop
  endfacet
  facet normal -0.904108 -0.427304 0
    outer loop
      vertex -20.2653 21.16 19
      vertex -20.2066 21.0358 11
      vertex -20.2066 21.0358 19
    endloop
  endfacet
  facet normal -0.85775 -0.514067 0
    outer loop
      vertex -20.2653 21.16 11
      vertex -20.3359 21.2778 19
      vertex -20.3359 21.2778 11
    endloop
  endfacet
  facet normal -0.85775 -0.514067 0
    outer loop
      vertex -20.3359 21.2778 19
      vertex -20.2653 21.16 11
      vertex -20.2653 21.16 19
    endloop
  endfacet
  facet normal -0.740829 -0.671694 0
    outer loop
      vertex -20.4178 21.3881 11
      vertex -20.5101 21.4899 19
      vertex -20.5101 21.4899 11
    endloop
  endfacet
  facet normal -0.740829 -0.671694 0
    outer loop
      vertex -20.5101 21.4899 19
      vertex -20.4178 21.3881 11
      vertex -20.4178 21.3881 19
    endloop
  endfacet
  facet normal -0.427304 -0.904108 0
    outer loop
      vertex -20.9642 21.7934 11
      vertex -20.84 21.7347 19
      vertex -20.9642 21.7934 19
    endloop
  endfacet
  facet normal -0.427304 -0.904108 -0
    outer loop
      vertex -20.84 21.7347 19
      vertex -20.9642 21.7934 11
      vertex -20.84 21.7347 11
    endloop
  endfacet
  facet normal 0.740829 -0.671694 0
    outer loop
      vertex -22.5822 21.3881 19
      vertex -22.4899 21.4899 11
      vertex -22.4899 21.4899 19
    endloop
  endfacet
  facet normal 0.740829 -0.671694 0
    outer loop
      vertex -22.4899 21.4899 11
      vertex -22.5822 21.3881 19
      vertex -22.5822 21.3881 11
    endloop
  endfacet
  facet normal 0.147023 -0.989133 0
    outer loop
      vertex -21.7731 21.8731 11
      vertex -21.6372 21.8933 19
      vertex -21.7731 21.8731 19
    endloop
  endfacet
  facet normal 0.147023 -0.989133 0
    outer loop
      vertex -21.6372 21.8933 19
      vertex -21.7731 21.8731 11
      vertex -21.6372 21.8933 11
    endloop
  endfacet
  facet normal -0.989133 0.147023 0
    outer loop
      vertex -20.1269 20.2269 11
      vertex -20.1067 20.3628 19
      vertex -20.1067 20.3628 11
    endloop
  endfacet
  facet normal -0.989133 0.147023 0
    outer loop
      vertex -20.1067 20.3628 19
      vertex -20.1269 20.2269 11
      vertex -20.1269 20.2269 19
    endloop
  endfacet
  facet normal -0.740829 0.671694 0
    outer loop
      vertex -20.5101 19.5101 11
      vertex -20.4178 19.6119 19
      vertex -20.4178 19.6119 11
    endloop
  endfacet
  facet normal -0.740829 0.671694 0
    outer loop
      vertex -20.4178 19.6119 19
      vertex -20.5101 19.5101 11
      vertex -20.5101 19.5101 19
    endloop
  endfacet
  facet normal 0.147023 0.989133 -0
    outer loop
      vertex -21.6372 19.1067 11
      vertex -21.7731 19.1269 19
      vertex -21.6372 19.1067 19
    endloop
  endfacet
  facet normal 0.147023 0.989133 0
    outer loop
      vertex -21.7731 19.1269 19
      vertex -21.6372 19.1067 11
      vertex -21.7731 19.1269 11
    endloop
  endfacet
  facet normal 0.671694 0.740829 -0
    outer loop
      vertex -22.3881 19.4178 11
      vertex -22.4899 19.5101 19
      vertex -22.3881 19.4178 19
    endloop
  endfacet
  facet normal 0.671694 0.740829 0
    outer loop
      vertex -22.4899 19.5101 19
      vertex -22.3881 19.4178 11
      vertex -22.4899 19.5101 11
    endloop
  endfacet
  facet normal -0.970014 -0.243049 0
    outer loop
      vertex -20.1269 20.7731 11
      vertex -20.1603 20.9064 19
      vertex -20.1603 20.9064 11
    endloop
  endfacet
  facet normal -0.970014 -0.243049 0
    outer loop
      vertex -20.1603 20.9064 19
      vertex -20.1269 20.7731 11
      vertex -20.1269 20.7731 19
    endloop
  endfacet
  facet normal -0.941544 -0.336889 0
    outer loop
      vertex -20.1603 20.9064 11
      vertex -20.2066 21.0358 19
      vertex -20.2066 21.0358 11
    endloop
  endfacet
  facet normal -0.941544 -0.336889 0
    outer loop
      vertex -20.2066 21.0358 19
      vertex -20.1603 20.9064 11
      vertex -20.1603 20.9064 19
    endloop
  endfacet
  facet normal -0.802873 -0.59615 0
    outer loop
      vertex -20.3359 21.2778 11
      vertex -20.4178 21.3881 19
      vertex -20.4178 21.3881 11
    endloop
  endfacet
  facet normal -0.802873 -0.59615 0
    outer loop
      vertex -20.4178 21.3881 19
      vertex -20.3359 21.2778 11
      vertex -20.3359 21.2778 19
    endloop
  endfacet
  facet normal -0.59615 -0.802873 0
    outer loop
      vertex -20.7222 21.6641 11
      vertex -20.6119 21.5822 19
      vertex -20.7222 21.6641 19
    endloop
  endfacet
  facet normal -0.59615 -0.802873 -0
    outer loop
      vertex -20.6119 21.5822 19
      vertex -20.7222 21.6641 11
      vertex -20.6119 21.5822 11
    endloop
  endfacet
  facet normal -0.0487757 -0.99881 0
    outer loop
      vertex -21.5 21.9 11
      vertex -21.3628 21.8933 19
      vertex -21.5 21.9 19
    endloop
  endfacet
  facet normal -0.0487757 -0.99881 -0
    outer loop
      vertex -21.3628 21.8933 19
      vertex -21.5 21.9 11
      vertex -21.3628 21.8933 11
    endloop
  endfacet
  facet normal -0.514067 -0.85775 0
    outer loop
      vertex -20.84 21.7347 11
      vertex -20.7222 21.6641 19
      vertex -20.84 21.7347 19
    endloop
  endfacet
  facet normal -0.514067 -0.85775 -0
    outer loop
      vertex -20.7222 21.6641 19
      vertex -20.84 21.7347 11
      vertex -20.7222 21.6641 11
    endloop
  endfacet
  facet normal -0.336889 -0.941544 0
    outer loop
      vertex -21.0936 21.8397 11
      vertex -20.9642 21.7934 19
      vertex -21.0936 21.8397 19
    endloop
  endfacet
  facet normal -0.336889 -0.941544 -0
    outer loop
      vertex -20.9642 21.7934 19
      vertex -21.0936 21.8397 11
      vertex -20.9642 21.7934 11
    endloop
  endfacet
  facet normal -0.243049 -0.970014 0
    outer loop
      vertex -21.2269 21.8731 11
      vertex -21.0936 21.8397 19
      vertex -21.2269 21.8731 19
    endloop
  endfacet
  facet normal -0.243049 -0.970014 -0
    outer loop
      vertex -21.0936 21.8397 19
      vertex -21.2269 21.8731 11
      vertex -21.0936 21.8397 11
    endloop
  endfacet
  facet normal 0.99881 -0.0487757 0
    outer loop
      vertex -22.9 20.5 19
      vertex -22.8933 20.6372 11
      vertex -22.8933 20.6372 19
    endloop
  endfacet
  facet normal 0.99881 -0.0487757 0
    outer loop
      vertex -22.8933 20.6372 11
      vertex -22.9 20.5 19
      vertex -22.9 20.5 11
    endloop
  endfacet
  facet normal 0.941544 -0.336889 0
    outer loop
      vertex -22.8397 20.9064 19
      vertex -22.7934 21.0358 11
      vertex -22.7934 21.0358 19
    endloop
  endfacet
  facet normal 0.941544 -0.336889 0
    outer loop
      vertex -22.7934 21.0358 11
      vertex -22.8397 20.9064 19
      vertex -22.8397 20.9064 11
    endloop
  endfacet
  facet normal 0.970014 -0.243049 0
    outer loop
      vertex -22.8731 20.7731 19
      vertex -22.8397 20.9064 11
      vertex -22.8397 20.9064 19
    endloop
  endfacet
  facet normal 0.970014 -0.243049 0
    outer loop
      vertex -22.8397 20.9064 11
      vertex -22.8731 20.7731 19
      vertex -22.8731 20.7731 11
    endloop
  endfacet
  facet normal 0.85775 -0.514067 0
    outer loop
      vertex -22.7347 21.16 19
      vertex -22.6641 21.2778 11
      vertex -22.6641 21.2778 19
    endloop
  endfacet
  facet normal 0.85775 -0.514067 0
    outer loop
      vertex -22.6641 21.2778 11
      vertex -22.7347 21.16 19
      vertex -22.7347 21.16 11
    endloop
  endfacet
  facet normal 0.802873 -0.59615 0
    outer loop
      vertex -22.6641 21.2778 19
      vertex -22.5822 21.3881 11
      vertex -22.5822 21.3881 19
    endloop
  endfacet
  facet normal 0.802873 -0.59615 0
    outer loop
      vertex -22.5822 21.3881 11
      vertex -22.6641 21.2778 19
      vertex -22.6641 21.2778 11
    endloop
  endfacet
  facet normal 0.243049 -0.970014 0
    outer loop
      vertex -21.9064 21.8397 11
      vertex -21.7731 21.8731 19
      vertex -21.9064 21.8397 19
    endloop
  endfacet
  facet normal 0.243049 -0.970014 0
    outer loop
      vertex -21.7731 21.8731 19
      vertex -21.9064 21.8397 11
      vertex -21.7731 21.8731 11
    endloop
  endfacet
  facet normal 0.0487757 -0.99881 0
    outer loop
      vertex -21.6372 21.8933 11
      vertex -21.5 21.9 19
      vertex -21.6372 21.8933 19
    endloop
  endfacet
  facet normal 0.0487757 -0.99881 0
    outer loop
      vertex -21.5 21.9 19
      vertex -21.6372 21.8933 11
      vertex -21.5 21.9 11
    endloop
  endfacet
  facet normal 0.514067 -0.85775 0
    outer loop
      vertex -22.2778 21.6641 11
      vertex -22.16 21.7347 19
      vertex -22.2778 21.6641 19
    endloop
  endfacet
  facet normal 0.514067 -0.85775 0
    outer loop
      vertex -22.16 21.7347 19
      vertex -22.2778 21.6641 11
      vertex -22.16 21.7347 11
    endloop
  endfacet
  facet normal 0.59615 -0.802873 0
    outer loop
      vertex -22.3881 21.5822 11
      vertex -22.2778 21.6641 19
      vertex -22.3881 21.5822 19
    endloop
  endfacet
  facet normal 0.59615 -0.802873 0
    outer loop
      vertex -22.2778 21.6641 19
      vertex -22.3881 21.5822 11
      vertex -22.2778 21.6641 11
    endloop
  endfacet
  facet normal 0.427304 -0.904108 0
    outer loop
      vertex -22.16 21.7347 11
      vertex -22.0358 21.7934 19
      vertex -22.16 21.7347 19
    endloop
  endfacet
  facet normal 0.427304 -0.904108 0
    outer loop
      vertex -22.0358 21.7934 19
      vertex -22.16 21.7347 11
      vertex -22.0358 21.7934 11
    endloop
  endfacet
  facet normal 0.671694 -0.740829 0
    outer loop
      vertex -22.4899 21.4899 11
      vertex -22.3881 21.5822 19
      vertex -22.4899 21.4899 19
    endloop
  endfacet
  facet normal 0.671694 -0.740829 0
    outer loop
      vertex -22.3881 21.5822 19
      vertex -22.4899 21.4899 11
      vertex -22.3881 21.5822 11
    endloop
  endfacet
  facet normal -0.99881 -0.0487757 0
    outer loop
      vertex -20.1 20.5 11
      vertex -20.1067 20.6372 19
      vertex -20.1067 20.6372 11
    endloop
  endfacet
  facet normal -0.99881 -0.0487757 0
    outer loop
      vertex -20.1067 20.6372 19
      vertex -20.1 20.5 11
      vertex -20.1 20.5 19
    endloop
  endfacet
  facet normal -0.0487757 0.99881 0
    outer loop
      vertex -21.3628 19.1067 11
      vertex -21.5 19.1 19
      vertex -21.3628 19.1067 19
    endloop
  endfacet
  facet normal -0.0487757 0.99881 0
    outer loop
      vertex -21.5 19.1 19
      vertex -21.3628 19.1067 11
      vertex -21.5 19.1 11
    endloop
  endfacet
  facet normal -0.147023 0.989133 0
    outer loop
      vertex -21.2269 19.1269 11
      vertex -21.3628 19.1067 19
      vertex -21.2269 19.1269 19
    endloop
  endfacet
  facet normal -0.147023 0.989133 0
    outer loop
      vertex -21.3628 19.1067 19
      vertex -21.2269 19.1269 11
      vertex -21.3628 19.1067 11
    endloop
  endfacet
  facet normal -0.243049 0.970014 0
    outer loop
      vertex -21.0936 19.1603 11
      vertex -21.2269 19.1269 19
      vertex -21.0936 19.1603 19
    endloop
  endfacet
  facet normal -0.243049 0.970014 0
    outer loop
      vertex -21.2269 19.1269 19
      vertex -21.0936 19.1603 11
      vertex -21.2269 19.1269 11
    endloop
  endfacet
  facet normal -0.59615 0.802873 0
    outer loop
      vertex -20.6119 19.4178 11
      vertex -20.7222 19.3359 19
      vertex -20.6119 19.4178 19
    endloop
  endfacet
  facet normal -0.59615 0.802873 0
    outer loop
      vertex -20.7222 19.3359 19
      vertex -20.6119 19.4178 11
      vertex -20.7222 19.3359 11
    endloop
  endfacet
  facet normal -0.427304 0.904108 0
    outer loop
      vertex -20.84 19.2653 11
      vertex -20.9642 19.2066 19
      vertex -20.84 19.2653 19
    endloop
  endfacet
  facet normal -0.427304 0.904108 0
    outer loop
      vertex -20.9642 19.2066 19
      vertex -20.84 19.2653 11
      vertex -20.9642 19.2066 11
    endloop
  endfacet
  facet normal -0.85775 0.514067 0
    outer loop
      vertex -20.3359 19.7222 11
      vertex -20.2653 19.84 19
      vertex -20.2653 19.84 11
    endloop
  endfacet
  facet normal -0.85775 0.514067 0
    outer loop
      vertex -20.2653 19.84 19
      vertex -20.3359 19.7222 11
      vertex -20.3359 19.7222 19
    endloop
  endfacet
  facet normal 0.0487757 0.99881 -0
    outer loop
      vertex -21.5 19.1 11
      vertex -21.6372 19.1067 19
      vertex -21.5 19.1 19
    endloop
  endfacet
  facet normal 0.0487757 0.99881 0
    outer loop
      vertex -21.6372 19.1067 19
      vertex -21.5 19.1 11
      vertex -21.6372 19.1067 11
    endloop
  endfacet
  facet normal 0.336889 0.941544 -0
    outer loop
      vertex -21.9064 19.1603 11
      vertex -22.0358 19.2066 19
      vertex -21.9064 19.1603 19
    endloop
  endfacet
  facet normal 0.336889 0.941544 0
    outer loop
      vertex -22.0358 19.2066 19
      vertex -21.9064 19.1603 11
      vertex -22.0358 19.2066 11
    endloop
  endfacet
  facet normal 0.514067 0.85775 -0
    outer loop
      vertex -22.16 19.2653 11
      vertex -22.2778 19.3359 19
      vertex -22.16 19.2653 19
    endloop
  endfacet
  facet normal 0.514067 0.85775 0
    outer loop
      vertex -22.2778 19.3359 19
      vertex -22.16 19.2653 11
      vertex -22.2778 19.3359 11
    endloop
  endfacet
  facet normal 0.970014 0.243049 0
    outer loop
      vertex -22.8397 20.0936 19
      vertex -22.8731 20.2269 11
      vertex -22.8731 20.2269 19
    endloop
  endfacet
  facet normal 0.970014 0.243049 0
    outer loop
      vertex -22.8731 20.2269 11
      vertex -22.8397 20.0936 19
      vertex -22.8397 20.0936 11
    endloop
  endfacet
  facet normal 0.99881 0.0487757 0
    outer loop
      vertex -22.8933 20.3628 19
      vertex -22.9 20.5 11
      vertex -22.9 20.5 19
    endloop
  endfacet
  facet normal 0.99881 0.0487757 0
    outer loop
      vertex -22.9 20.5 11
      vertex -22.8933 20.3628 19
      vertex -22.8933 20.3628 11
    endloop
  endfacet
  facet normal 0 0 1
    outer loop
      vertex -20.1067 20.6372 11
      vertex -20.1067 20.3628 11
      vertex -20.1 20.5 11
    endloop
  endfacet
  facet normal 0 0 1
    outer loop
      vertex -20.1269 20.7731 11
      vertex -20.1067 20.3628 11
      vertex -20.1067 20.6372 11
    endloop
  endfacet
  facet normal 0 0 1
    outer loop
      vertex -20.1269 20.7731 11
      vertex -20.1269 20.2269 11
      vertex -20.1067 20.3628 11
    endloop
  endfacet
  facet normal 0 0 1
    outer loop
      vertex -20.1603 20.9064 11
      vertex -20.1269 20.2269 11
      vertex -20.1269 20.7731 11
    endloop
  endfacet
  facet normal 0 0 1
    outer loop
      vertex -20.1603 20.9064 11
      vertex -20.1603 20.0936 11
      vertex -20.1269 20.2269 11
    endloop
  endfacet
  facet normal 0 0 1
    outer loop
      vertex -20.2066 21.0358 11
      vertex -20.1603 20.0936 11
      vertex -20.1603 20.9064 11
    endloop
  endfacet
  facet normal 0 0 1
    outer loop
      vertex -20.2066 21.0358 11
      vertex -20.2066 19.9642 11
      vertex -20.1603 20.0936 11
    endloop
  endfacet
  facet normal 0 0 1
    outer loop
      vertex -20.2653 21.16 11
      vertex -20.2066 19.9642 11
      vertex -20.2066 21.0358 11
    endloop
  endfacet
  facet normal 0 0 1
    outer loop
      vertex -20.2653 21.16 11
      vertex -20.2653 19.84 11
      vertex -20.2066 19.9642 11
    endloop
  endfacet
  facet normal 0 0 1
    outer loop
      vertex -20.3359 21.2778 11
      vertex -20.2653 19.84 11
      vertex -20.2653 21.16 11
    endloop
  endfacet
  facet normal 0 0 1
    outer loop
      vertex -20.3359 21.2778 11
      vertex -20.3359 19.7222 11
      vertex -20.2653 19.84 11
    endloop
  endfacet
  facet normal 0 0 1
    outer loop
      vertex -20.4178 21.3881 11
      vertex -20.3359 19.7222 11
      vertex -20.3359 21.2778 11
    endloop
  endfacet
  facet normal 0 0 1
    outer loop
      vertex -20.4178 21.3881 11
      vertex -20.4178 19.6119 11
      vertex -20.3359 19.7222 11
    endloop
  endfacet
  facet normal 0 0 1
    outer loop
      vertex -20.5101 21.4899 11
      vertex -20.4178 19.6119 11
      vertex -20.4178 21.3881 11
    endloop
  endfacet
  facet normal 0 0 1
    outer loop
      vertex -20.5101 21.4899 11
      vertex -20.5101 19.5101 11
      vertex -20.4178 19.6119 11
    endloop
  endfacet
  facet normal 0 0 1
    outer loop
      vertex -20.6119 21.5822 11
      vertex -20.5101 19.5101 11
      vertex -20.5101 21.4899 11
    endloop
  endfacet
  facet normal 0 0 1
    outer loop
      vertex -20.6119 21.5822 11
      vertex -20.6119 19.4178 11
      vertex -20.5101 19.5101 11
    endloop
  endfacet
  facet normal 0 0 1
    outer loop
      vertex -20.7222 21.6641 11
      vertex -20.6119 19.4178 11
      vertex -20.6119 21.5822 11
    endloop
  endfacet
  facet normal 0 0 1
    outer loop
      vertex -20.7222 21.6641 11
      vertex -20.7222 19.3359 11
      vertex -20.6119 19.4178 11
    endloop
  endfacet
  facet normal 0 0 1
    outer loop
      vertex -20.84 21.7347 11
      vertex -20.7222 19.3359 11
      vertex -20.7222 21.6641 11
    endloop
  endfacet
  facet normal 0 0 1
    outer loop
      vertex -20.84 21.7347 11
      vertex -20.84 19.2653 11
      vertex -20.7222 19.3359 11
    endloop
  endfacet
  facet normal 0 0 1
    outer loop
      vertex -20.9642 21.7934 11
      vertex -20.84 19.2653 11
      vertex -20.84 21.7347 11
    endloop
  endfacet
  facet normal 0 0 1
    outer loop
      vertex -20.9642 21.7934 11
      vertex -20.9642 19.2066 11
      vertex -20.84 19.2653 11
    endloop
  endfacet
  facet normal 0 0 1
    outer loop
      vertex -21.0936 21.8397 11
      vertex -20.9642 19.2066 11
      vertex -20.9642 21.7934 11
    endloop
  endfacet
  facet normal 0 0 1
    outer loop
      vertex -21.0936 21.8397 11
      vertex -21.0936 19.1603 11
      vertex -20.9642 19.2066 11
    endloop
  endfacet
  facet normal 0 0 1
    outer loop
      vertex -21.2269 21.8731 11
      vertex -21.0936 19.1603 11
      vertex -21.0936 21.8397 11
    endloop
  endfacet
  facet normal 0 0 1
    outer loop
      vertex -21.2269 21.8731 11
      vertex -21.2269 19.1269 11
      vertex -21.0936 19.1603 11
    endloop
  endfacet
  facet normal 0 0 1
    outer loop
      vertex -21.3628 21.8933 11
      vertex -21.2269 19.1269 11
      vertex -21.2269 21.8731 11
    endloop
  endfacet
  facet normal 0 0 1
    outer loop
      vertex -21.3628 21.8933 11
      vertex -21.3628 19.1067 11
      vertex -21.2269 19.1269 11
    endloop
  endfacet
  facet normal 0 0 1
    outer loop
      vertex -21.5 21.9 11
      vertex -21.3628 19.1067 11
      vertex -21.3628 21.8933 11
    endloop
  endfacet
  facet normal 0 0 1
    outer loop
      vertex -21.5 21.9 11
      vertex -21.5 19.1 11
      vertex -21.3628 19.1067 11
    endloop
  endfacet
  facet normal -0 0 1
    outer loop
      vertex -21.6372 21.8933 11
      vertex -21.5 19.1 11
      vertex -21.5 21.9 11
    endloop
  endfacet
  facet normal 0 0 1
    outer loop
      vertex -21.6372 21.8933 11
      vertex -21.6372 19.1067 11
      vertex -21.5 19.1 11
    endloop
  endfacet
  facet normal -0 0 1
    outer loop
      vertex -21.7731 21.8731 11
      vertex -21.6372 19.1067 11
      vertex -21.6372 21.8933 11
    endloop
  endfacet
  facet normal 0 0 1
    outer loop
      vertex -21.7731 21.8731 11
      vertex -21.7731 19.1269 11
      vertex -21.6372 19.1067 11
    endloop
  endfacet
  facet normal -0 0 1
    outer loop
      vertex -21.9064 21.8397 11
      vertex -21.7731 19.1269 11
      vertex -21.7731 21.8731 11
    endloop
  endfacet
  facet normal 0 0 1
    outer loop
      vertex -21.9064 21.8397 11
      vertex -21.9064 19.1603 11
      vertex -21.7731 19.1269 11
    endloop
  endfacet
  facet normal -0 0 1
    outer loop
      vertex -22.0358 21.7934 11
      vertex -21.9064 19.1603 11
      vertex -21.9064 21.8397 11
    endloop
  endfacet
  facet normal 0 0 1
    outer loop
      vertex -22.0358 21.7934 11
      vertex -22.0358 19.2066 11
      vertex -21.9064 19.1603 11
    endloop
  endfacet
  facet normal -0 0 1
    outer loop
      vertex -22.16 21.7347 11
      vertex -22.0358 19.2066 11
      vertex -22.0358 21.7934 11
    endloop
  endfacet
  facet normal 0 0 1
    outer loop
      vertex -22.16 21.7347 11
      vertex -22.16 19.2653 11
      vertex -22.0358 19.2066 11
    endloop
  endfacet
  facet normal -0 0 1
    outer loop
      vertex -22.2778 21.6641 11
      vertex -22.16 19.2653 11
      vertex -22.16 21.7347 11
    endloop
  endfacet
  facet normal 0 0 1
    outer loop
      vertex -22.2778 21.6641 11
      vertex -22.2778 19.3359 11
      vertex -22.16 19.2653 11
    endloop
  endfacet
  facet normal -0 0 1
    outer loop
      vertex -22.3881 21.5822 11
      vertex -22.2778 19.3359 11
      vertex -22.2778 21.6641 11
    endloop
  endfacet
  facet normal 0 0 1
    outer loop
      vertex -22.3881 21.5822 11
      vertex -22.3881 19.4178 11
      vertex -22.2778 19.3359 11
    endloop
  endfacet
  facet normal -0 0 1
    outer loop
      vertex -22.4899 21.4899 11
      vertex -22.3881 19.4178 11
      vertex -22.3881 21.5822 11
    endloop
  endfacet
  facet normal 0 0 1
    outer loop
      vertex -22.4899 21.4899 11
      vertex -22.4899 19.5101 11
      vertex -22.3881 19.4178 11
    endloop
  endfacet
  facet normal -0 0 1
    outer loop
      vertex -22.5822 21.3881 11
      vertex -22.4899 19.5101 11
      vertex -22.4899 21.4899 11
    endloop
  endfacet
  facet normal 0 0 1
    outer loop
      vertex -22.5822 21.3881 11
      vertex -22.5822 19.6119 11
      vertex -22.4899 19.5101 11
    endloop
  endfacet
  facet normal -0 0 1
    outer loop
      vertex -22.6641 21.2778 11
      vertex -22.5822 19.6119 11
      vertex -22.5822 21.3881 11
    endloop
  endfacet
  facet normal 0 0 1
    outer loop
      vertex -22.6641 21.2778 11
      vertex -22.6641 19.7222 11
      vertex -22.5822 19.6119 11
    endloop
  endfacet
  facet normal -0 0 1
    outer loop
      vertex -22.7347 21.16 11
      vertex -22.6641 19.7222 11
      vertex -22.6641 21.2778 11
    endloop
  endfacet
  facet normal 0 0 1
    outer loop
      vertex -22.7347 21.16 11
      vertex -22.7347 19.84 11
      vertex -22.6641 19.7222 11
    endloop
  endfacet
  facet normal -0 0 1
    outer loop
      vertex -22.7934 21.0358 11
      vertex -22.7347 19.84 11
      vertex -22.7347 21.16 11
    endloop
  endfacet
  facet normal 0 0 1
    outer loop
      vertex -22.7934 21.0358 11
      vertex -22.7934 19.9642 11
      vertex -22.7347 19.84 11
    endloop
  endfacet
  facet normal -0 0 1
    outer loop
      vertex -22.8397 20.9064 11
      vertex -22.7934 19.9642 11
      vertex -22.7934 21.0358 11
    endloop
  endfacet
  facet normal 0 0 1
    outer loop
      vertex -22.8397 20.9064 11
      vertex -22.8397 20.0936 11
      vertex -22.7934 19.9642 11
    endloop
  endfacet
  facet normal -0 0 1
    outer loop
      vertex -22.8731 20.7731 11
      vertex -22.8397 20.0936 11
      vertex -22.8397 20.9064 11
    endloop
  endfacet
  facet normal 0 0 1
    outer loop
      vertex -22.8731 20.7731 11
      vertex -22.8731 20.2269 11
      vertex -22.8397 20.0936 11
    endloop
  endfacet
  facet normal -0 0 1
    outer loop
      vertex -22.8933 20.6372 11
      vertex -22.8731 20.2269 11
      vertex -22.8731 20.7731 11
    endloop
  endfacet
  facet normal 0 0 1
    outer loop
      vertex -22.8933 20.6372 11
      vertex -22.8933 20.3628 11
      vertex -22.8731 20.2269 11
    endloop
  endfacet
  facet normal 0 -0 1
    outer loop
      vertex -22.8933 20.3628 11
      vertex -22.8933 20.6372 11
      vertex -22.9 20.5 11
    endloop
  endfacet
  facet normal 0.802873 0.59615 0
    outer loop
      vertex -22.5822 19.6119 19
      vertex -22.6641 19.7222 11
      vertex -22.6641 19.7222 19
    endloop
  endfacet
  facet normal 0.802873 0.59615 0
    outer loop
      vertex -22.6641 19.7222 11
      vertex -22.5822 19.6119 19
      vertex -22.5822 19.6119 11
    endloop
  endfacet
  facet normal 0.904108 0.427304 0
    outer loop
      vertex -22.7347 19.84 19
      vertex -22.7934 19.9642 11
      vertex -22.7934 19.9642 19
    endloop
  endfacet
  facet normal 0.904108 0.427304 0
    outer loop
      vertex -22.7934 19.9642 11
      vertex -22.7347 19.84 19
      vertex -22.7347 19.84 11
    endloop
  endfacet
  facet normal 0.740829 0.671694 0
    outer loop
      vertex -22.4899 19.5101 19
      vertex -22.5822 19.6119 11
      vertex -22.5822 19.6119 19
    endloop
  endfacet
  facet normal 0.740829 0.671694 0
    outer loop
      vertex -22.5822 19.6119 11
      vertex -22.4899 19.5101 19
      vertex -22.4899 19.5101 11
    endloop
  endfacet
  facet normal -0.989133 -0.147023 0
    outer loop
      vertex -20.1067 20.6372 11
      vertex -20.1269 20.7731 19
      vertex -20.1269 20.7731 11
    endloop
  endfacet
  facet normal -0.989133 -0.147023 0
    outer loop
      vertex -20.1269 20.7731 19
      vertex -20.1067 20.6372 11
      vertex -20.1067 20.6372 19
    endloop
  endfacet
  facet normal -0.147023 -0.989133 0
    outer loop
      vertex -21.3628 21.8933 11
      vertex -21.2269 21.8731 19
      vertex -21.3628 21.8933 19
    endloop
  endfacet
  facet normal -0.147023 -0.989133 -0
    outer loop
      vertex -21.2269 21.8731 19
      vertex -21.3628 21.8933 11
      vertex -21.2269 21.8731 11
    endloop
  endfacet
  facet normal 0.989133 -0.147023 0
    outer loop
      vertex -22.8933 20.6372 19
      vertex -22.8731 20.7731 11
      vertex -22.8731 20.7731 19
    endloop
  endfacet
  facet normal 0.989133 -0.147023 0
    outer loop
      vertex -22.8731 20.7731 11
      vertex -22.8933 20.6372 19
      vertex -22.8933 20.6372 11
    endloop
  endfacet
  facet normal -0.970014 0.243049 0
    outer loop
      vertex -20.1603 20.0936 11
      vertex -20.1269 20.2269 19
      vertex -20.1269 20.2269 11
    endloop
  endfacet
  facet normal -0.970014 0.243049 0
    outer loop
      vertex -20.1269 20.2269 19
      vertex -20.1603 20.0936 11
      vertex -20.1603 20.0936 19
    endloop
  endfacet
  facet normal -0.941544 0.336889 0
    outer loop
      vertex -20.2066 19.9642 11
      vertex -20.1603 20.0936 19
      vertex -20.1603 20.0936 11
    endloop
  endfacet
  facet normal -0.941544 0.336889 0
    outer loop
      vertex -20.1603 20.0936 19
      vertex -20.2066 19.9642 11
      vertex -20.2066 19.9642 19
    endloop
  endfacet
  facet normal -0.336889 0.941544 0
    outer loop
      vertex -20.9642 19.2066 11
      vertex -21.0936 19.1603 19
      vertex -20.9642 19.2066 19
    endloop
  endfacet
  facet normal -0.336889 0.941544 0
    outer loop
      vertex -21.0936 19.1603 19
      vertex -20.9642 19.2066 11
      vertex -21.0936 19.1603 11
    endloop
  endfacet
  facet normal -0.671694 0.740829 0
    outer loop
      vertex -20.5101 19.5101 11
      vertex -20.6119 19.4178 19
      vertex -20.5101 19.5101 19
    endloop
  endfacet
  facet normal -0.671694 0.740829 0
    outer loop
      vertex -20.6119 19.4178 19
      vertex -20.5101 19.5101 11
      vertex -20.6119 19.4178 11
    endloop
  endfacet
  facet normal -0.514067 0.85775 0
    outer loop
      vertex -20.7222 19.3359 11
      vertex -20.84 19.2653 19
      vertex -20.7222 19.3359 19
    endloop
  endfacet
  facet normal -0.514067 0.85775 0
    outer loop
      vertex -20.84 19.2653 19
      vertex -20.7222 19.3359 11
      vertex -20.84 19.2653 11
    endloop
  endfacet
  facet normal -0.802873 0.59615 0
    outer loop
      vertex -20.4178 19.6119 11
      vertex -20.3359 19.7222 19
      vertex -20.3359 19.7222 11
    endloop
  endfacet
  facet normal -0.802873 0.59615 0
    outer loop
      vertex -20.3359 19.7222 19
      vertex -20.4178 19.6119 11
      vertex -20.4178 19.6119 19
    endloop
  endfacet
  facet normal 0.243049 0.970014 -0
    outer loop
      vertex -21.7731 19.1269 11
      vertex -21.9064 19.1603 19
      vertex -21.7731 19.1269 19
    endloop
  endfacet
  facet normal 0.243049 0.970014 0
    outer loop
      vertex -21.9064 19.1603 19
      vertex -21.7731 19.1269 11
      vertex -21.9064 19.1603 11
    endloop
  endfacet
  facet normal 0.59615 0.802873 -0
    outer loop
      vertex -22.2778 19.3359 11
      vertex -22.3881 19.4178 19
      vertex -22.2778 19.3359 19
    endloop
  endfacet
  facet normal 0.59615 0.802873 0
    outer loop
      vertex -22.3881 19.4178 19
      vertex -22.2778 19.3359 11
      vertex -22.3881 19.4178 11
    endloop
  endfacet
  facet normal 0.941544 0.336889 0
    outer loop
      vertex -22.7934 19.9642 19
      vertex -22.8397 20.0936 11
      vertex -22.8397 20.0936 19
    endloop
  endfacet
  facet normal 0.941544 0.336889 0
    outer loop
      vertex -22.8397 20.0936 11
      vertex -22.7934 19.9642 19
      vertex -22.7934 19.9642 11
    endloop
  endfacet
  facet normal 0.989133 0.147023 0
    outer loop
      vertex -22.8731 20.2269 19
      vertex -22.8933 20.3628 11
      vertex -22.8933 20.3628 19
    endloop
  endfacet
  facet normal 0.989133 0.147023 0
    outer loop
      vertex -22.8933 20.3628 11
      vertex -22.8731 20.2269 19
      vertex -22.8731 20.2269 11
    endloop
  endfacet
  facet normal 0.85775 0.514067 0
    outer loop
      vertex -22.6641 19.7222 19
      vertex -22.7347 19.84 11
      vertex -22.7347 19.84 19
    endloop
  endfacet
  facet normal 0.85775 0.514067 0
    outer loop
      vertex -22.7347 19.84 11
      vertex -22.6641 19.7222 19
      vertex -22.6641 19.7222 11
    endloop
  endfacet
  facet normal -0.99881 0.0487757 0
    outer loop
      vertex -20.1067 20.3628 11
      vertex -20.1 20.5 19
      vertex -20.1 20.5 11
    endloop
  endfacet
  facet normal -0.99881 0.0487757 0
    outer loop
      vertex -20.1 20.5 19
      vertex -20.1067 20.3628 11
      vertex -20.1067 20.3628 19
    endloop
  endfacet
  facet normal 0.998791 0.0491626 0
    outer loop
      vertex -17.5 -22.5 19
      vertex -17.5193 -22.1079 1
      vertex -17.5193 -22.1079 19
    endloop
  endfacet
  facet normal 0.998791 0.0491626 0
    outer loop
      vertex -17.5193 -22.1079 1
      vertex -17.5 -22.5 19
      vertex -17.5 -22.5 1
    endloop
  endfacet
  facet normal -0.998791 0.0491626 0
    outer loop
      vertex -25.5 -22.5 1
      vertex -25.4807 -22.1079 19
      vertex -25.4807 -22.1079 1
    endloop
  endfacet
  facet normal -0.998791 0.0491626 0
    outer loop
      vertex -25.4807 -22.1079 19
      vertex -25.5 -22.5 1
      vertex -25.5 -22.5 19
    endloop
  endfacet
  facet normal 0.0491626 0.998791 -0
    outer loop
      vertex -21.1079 -18.5193 1
      vertex -21.5 -18.5 19
      vertex -21.1079 -18.5193 19
    endloop
  endfacet
  facet normal 0.0491626 0.998791 0
    outer loop
      vertex -21.5 -18.5 19
      vertex -21.1079 -18.5193 1
      vertex -21.5 -18.5 1
    endloop
  endfacet
  facet normal -0.0491626 -0.998791 0
    outer loop
      vertex -21.8921 -26.4807 1
      vertex -21.5 -26.5 19
      vertex -21.8921 -26.4807 19
    endloop
  endfacet
  facet normal -0.0491626 -0.998791 -0
    outer loop
      vertex -21.5 -26.5 19
      vertex -21.8921 -26.4807 1
      vertex -21.5 -26.5 1
    endloop
  endfacet
  facet normal 0.671607 0.740908 -0
    outer loop
      vertex -18.6716 -19.6716 1
      vertex -18.9624 -19.408 19
      vertex -18.6716 -19.6716 19
    endloop
  endfacet
  facet normal 0.671607 0.740908 0
    outer loop
      vertex -18.9624 -19.408 19
      vertex -18.6716 -19.6716 1
      vertex -18.9624 -19.408 1
    endloop
  endfacet
  facet normal -0.671607 0.740908 0
    outer loop
      vertex -24.0376 -19.408 1
      vertex -24.3284 -19.6716 19
      vertex -24.0376 -19.408 19
    endloop
  endfacet
  facet normal -0.671607 0.740908 0
    outer loop
      vertex -24.3284 -19.6716 19
      vertex -24.0376 -19.408 1
      vertex -24.3284 -19.6716 1
    endloop
  endfacet
  facet normal -0.337014 0.9415 0
    outer loop
      vertex -22.6611 -18.6722 1
      vertex -23.0307 -18.8045 19
      vertex -22.6611 -18.6722 19
    endloop
  endfacet
  facet normal -0.337014 0.9415 0
    outer loop
      vertex -23.0307 -18.8045 19
      vertex -22.6611 -18.6722 1
      vertex -23.0307 -18.8045 1
    endloop
  endfacet
  facet normal 0.904044 0.42744 0
    outer loop
      vertex -17.8045 -20.9693 19
      vertex -17.9723 -20.6144 1
      vertex -17.9723 -20.6144 19
    endloop
  endfacet
  facet normal 0.904044 0.42744 0
    outer loop
      vertex -17.9723 -20.6144 1
      vertex -17.8045 -20.9693 19
      vertex -17.8045 -20.9693 1
    endloop
  endfacet
  facet normal 0.42744 0.904044 -0
    outer loop
      vertex -19.6144 -18.9723 1
      vertex -19.9693 -18.8045 19
      vertex -19.6144 -18.9723 19
    endloop
  endfacet
  facet normal 0.42744 0.904044 0
    outer loop
      vertex -19.9693 -18.8045 19
      vertex -19.6144 -18.9723 1
      vertex -19.9693 -18.8045 1
    endloop
  endfacet
  facet normal 0.595794 0.803137 -0
    outer loop
      vertex -18.9624 -19.408 1
      vertex -19.2777 -19.1741 19
      vertex -18.9624 -19.408 19
    endloop
  endfacet
  facet normal 0.595794 0.803137 0
    outer loop
      vertex -19.2777 -19.1741 19
      vertex -18.9624 -19.408 1
      vertex -19.2777 -19.1741 1
    endloop
  endfacet
  facet normal -0.904044 0.42744 0
    outer loop
      vertex -25.1955 -20.9693 1
      vertex -25.0277 -20.6144 19
      vertex -25.0277 -20.6144 1
    endloop
  endfacet
  facet normal -0.904044 0.42744 0
    outer loop
      vertex -25.0277 -20.6144 19
      vertex -25.1955 -20.9693 1
      vertex -25.1955 -20.9693 19
    endloop
  endfacet
  facet normal -0.146733 0.989176 0
    outer loop
      vertex -21.8921 -18.5193 1
      vertex -22.2804 -18.5769 19
      vertex -21.8921 -18.5193 19
    endloop
  endfacet
  facet normal -0.146733 0.989176 0
    outer loop
      vertex -22.2804 -18.5769 19
      vertex -21.8921 -18.5193 1
      vertex -22.2804 -18.5769 1
    endloop
  endfacet
  facet normal 0.9415 -0.337014 0
    outer loop
      vertex -17.8045 -24.0307 19
      vertex -17.6722 -23.6611 1
      vertex -17.6722 -23.6611 19
    endloop
  endfacet
  facet normal 0.9415 -0.337014 0
    outer loop
      vertex -17.6722 -23.6611 1
      vertex -17.8045 -24.0307 19
      vertex -17.8045 -24.0307 1
    endloop
  endfacet
  facet normal 0.970068 0.242835 0
    outer loop
      vertex -17.5769 -21.7196 19
      vertex -17.6722 -21.3389 1
      vertex -17.6722 -21.3389 19
    endloop
  endfacet
  facet normal 0.970068 0.242835 0
    outer loop
      vertex -17.6722 -21.3389 1
      vertex -17.5769 -21.7196 19
      vertex -17.5769 -21.7196 1
    endloop
  endfacet
  facet normal 0.989176 0.146733 0
    outer loop
      vertex -17.5193 -22.1079 19
      vertex -17.5769 -21.7196 1
      vertex -17.5769 -21.7196 19
    endloop
  endfacet
  facet normal 0.989176 0.146733 0
    outer loop
      vertex -17.5769 -21.7196 1
      vertex -17.5193 -22.1079 19
      vertex -17.5193 -22.1079 1
    endloop
  endfacet
  facet normal 0.9415 0.337014 0
    outer loop
      vertex -17.6722 -21.3389 19
      vertex -17.8045 -20.9693 1
      vertex -17.8045 -20.9693 19
    endloop
  endfacet
  facet normal 0.9415 0.337014 0
    outer loop
      vertex -17.8045 -20.9693 1
      vertex -17.6722 -21.3389 19
      vertex -17.6722 -21.3389 1
    endloop
  endfacet
  facet normal 0.803137 0.595794 0
    outer loop
      vertex -18.1741 -20.2777 19
      vertex -18.408 -19.9624 1
      vertex -18.408 -19.9624 19
    endloop
  endfacet
  facet normal 0.803137 0.595794 0
    outer loop
      vertex -18.408 -19.9624 1
      vertex -18.1741 -20.2777 19
      vertex -18.1741 -20.2777 1
    endloop
  endfacet
  facet normal 0.740908 0.671607 0
    outer loop
      vertex -18.408 -19.9624 19
      vertex -18.6716 -19.6716 1
      vertex -18.6716 -19.6716 19
    endloop
  endfacet
  facet normal 0.740908 0.671607 0
    outer loop
      vertex -18.6716 -19.6716 1
      vertex -18.408 -19.9624 19
      vertex -18.408 -19.9624 1
    endloop
  endfacet
  facet normal 0.85774 0.514084 0
    outer loop
      vertex -17.9723 -20.6144 19
      vertex -18.1741 -20.2777 1
      vertex -18.1741 -20.2777 19
    endloop
  endfacet
  facet normal 0.85774 0.514084 0
    outer loop
      vertex -18.1741 -20.2777 1
      vertex -17.9723 -20.6144 19
      vertex -17.9723 -20.6144 1
    endloop
  endfacet
  facet normal 0.242835 0.970068 -0
    outer loop
      vertex -20.3389 -18.6722 1
      vertex -20.7196 -18.5769 19
      vertex -20.3389 -18.6722 19
    endloop
  endfacet
  facet normal 0.242835 0.970068 0
    outer loop
      vertex -20.7196 -18.5769 19
      vertex -20.3389 -18.6722 1
      vertex -20.7196 -18.5769 1
    endloop
  endfacet
  facet normal 0.337014 0.9415 -0
    outer loop
      vertex -19.9693 -18.8045 1
      vertex -20.3389 -18.6722 19
      vertex -19.9693 -18.8045 19
    endloop
  endfacet
  facet normal 0.337014 0.9415 0
    outer loop
      vertex -20.3389 -18.6722 19
      vertex -19.9693 -18.8045 1
      vertex -20.3389 -18.6722 1
    endloop
  endfacet
  facet normal 0.146733 0.989176 -0
    outer loop
      vertex -20.7196 -18.5769 1
      vertex -21.1079 -18.5193 19
      vertex -20.7196 -18.5769 19
    endloop
  endfacet
  facet normal 0.146733 0.989176 0
    outer loop
      vertex -21.1079 -18.5193 19
      vertex -20.7196 -18.5769 1
      vertex -21.1079 -18.5193 1
    endloop
  endfacet
  facet normal 0.514084 0.85774 -0
    outer loop
      vertex -19.2777 -19.1741 1
      vertex -19.6144 -18.9723 19
      vertex -19.2777 -19.1741 19
    endloop
  endfacet
  facet normal 0.514084 0.85774 0
    outer loop
      vertex -19.6144 -18.9723 19
      vertex -19.2777 -19.1741 1
      vertex -19.6144 -18.9723 1
    endloop
  endfacet
  facet normal -0.970068 0.242835 0
    outer loop
      vertex -25.4231 -21.7196 1
      vertex -25.3278 -21.3389 19
      vertex -25.3278 -21.3389 1
    endloop
  endfacet
  facet normal -0.970068 0.242835 0
    outer loop
      vertex -25.3278 -21.3389 19
      vertex -25.4231 -21.7196 1
      vertex -25.4231 -21.7196 19
    endloop
  endfacet
  facet normal -0.803137 0.595794 0
    outer loop
      vertex -24.8259 -20.2777 1
      vertex -24.592 -19.9624 19
      vertex -24.592 -19.9624 1
    endloop
  endfacet
  facet normal -0.803137 0.595794 0
    outer loop
      vertex -24.592 -19.9624 19
      vertex -24.8259 -20.2777 1
      vertex -24.8259 -20.2777 19
    endloop
  endfacet
  facet normal -0.740908 0.671607 0
    outer loop
      vertex -24.592 -19.9624 1
      vertex -24.3284 -19.6716 19
      vertex -24.3284 -19.6716 1
    endloop
  endfacet
  facet normal -0.740908 0.671607 0
    outer loop
      vertex -24.3284 -19.6716 19
      vertex -24.592 -19.9624 1
      vertex -24.592 -19.9624 19
    endloop
  endfacet
  facet normal -0.85774 0.514084 0
    outer loop
      vertex -25.0277 -20.6144 1
      vertex -24.8259 -20.2777 19
      vertex -24.8259 -20.2777 1
    endloop
  endfacet
  facet normal -0.85774 0.514084 0
    outer loop
      vertex -24.8259 -20.2777 19
      vertex -25.0277 -20.6144 1
      vertex -25.0277 -20.6144 19
    endloop
  endfacet
  facet normal -0.9415 0.337014 0
    outer loop
      vertex -25.3278 -21.3389 1
      vertex -25.1955 -20.9693 19
      vertex -25.1955 -20.9693 1
    endloop
  endfacet
  facet normal -0.9415 0.337014 0
    outer loop
      vertex -25.1955 -20.9693 19
      vertex -25.3278 -21.3389 1
      vertex -25.3278 -21.3389 19
    endloop
  endfacet
  facet normal -0.989176 0.146733 0
    outer loop
      vertex -25.4807 -22.1079 1
      vertex -25.4231 -21.7196 19
      vertex -25.4231 -21.7196 1
    endloop
  endfacet
  facet normal -0.989176 0.146733 0
    outer loop
      vertex -25.4231 -21.7196 19
      vertex -25.4807 -22.1079 1
      vertex -25.4807 -22.1079 19
    endloop
  endfacet
  facet normal 0 0 1
    outer loop
      vertex -20.1 -22.5 19
      vertex -17.5 -22.5 19
      vertex -17.5193 -22.1079 19
    endloop
  endfacet
  facet normal 0 0 1
    outer loop
      vertex -20.1067 -22.3628 19
      vertex -17.5193 -22.1079 19
      vertex -17.5769 -21.7196 19
    endloop
  endfacet
  facet normal 0 0 1
    outer loop
      vertex -17.5 -22.5 19
      vertex -20.1 -22.5 19
      vertex -17.5193 -22.8921 19
    endloop
  endfacet
  facet normal 0 0 1
    outer loop
      vertex -20.1269 -22.2269 19
      vertex -17.5769 -21.7196 19
      vertex -17.6722 -21.3389 19
    endloop
  endfacet
  facet normal -0 0 1
    outer loop
      vertex -20.1067 -22.6372 19
      vertex -17.5193 -22.8921 19
      vertex -20.1 -22.5 19
    endloop
  endfacet
  facet normal 0 0 1
    outer loop
      vertex -20.1603 -22.0936 19
      vertex -17.6722 -21.3389 19
      vertex -17.8045 -20.9693 19
    endloop
  endfacet
  facet normal 0 0 1
    outer loop
      vertex -17.5193 -22.8921 19
      vertex -20.1067 -22.6372 19
      vertex -17.5769 -23.2804 19
    endloop
  endfacet
  facet normal 0 0 1
    outer loop
      vertex -20.2066 -21.9642 19
      vertex -17.8045 -20.9693 19
      vertex -17.9723 -20.6144 19
    endloop
  endfacet
  facet normal -0 0 1
    outer loop
      vertex -20.1269 -22.7731 19
      vertex -17.5769 -23.2804 19
      vertex -20.1067 -22.6372 19
    endloop
  endfacet
  facet normal 0 0 1
    outer loop
      vertex -20.2653 -21.84 19
      vertex -17.9723 -20.6144 19
      vertex -18.1741 -20.2777 19
    endloop
  endfacet
  facet normal 0 0 1
    outer loop
      vertex -17.5769 -23.2804 19
      vertex -20.1269 -22.7731 19
      vertex -17.6722 -23.6611 19
    endloop
  endfacet
  facet normal 0 0 1
    outer loop
      vertex -20.3359 -21.7222 19
      vertex -18.1741 -20.2777 19
      vertex -18.408 -19.9624 19
    endloop
  endfacet
  facet normal -0 0 1
    outer loop
      vertex -20.1603 -22.9064 19
      vertex -17.6722 -23.6611 19
      vertex -20.1269 -22.7731 19
    endloop
  endfacet
  facet normal 0 0 1
    outer loop
      vertex -20.4178 -21.6119 19
      vertex -18.408 -19.9624 19
      vertex -18.6716 -19.6716 19
    endloop
  endfacet
  facet normal 0 0 1
    outer loop
      vertex -17.6722 -23.6611 19
      vertex -20.1603 -22.9064 19
      vertex -17.8045 -24.0307 19
    endloop
  endfacet
  facet normal 0 0 1
    outer loop
      vertex -20.5101 -21.5101 19
      vertex -18.6716 -19.6716 19
      vertex -18.9624 -19.408 19
    endloop
  endfacet
  facet normal -0 0 1
    outer loop
      vertex -20.2066 -23.0358 19
      vertex -17.8045 -24.0307 19
      vertex -20.1603 -22.9064 19
    endloop
  endfacet
  facet normal 0 0 1
    outer loop
      vertex -20.6119 -21.4178 19
      vertex -18.9624 -19.408 19
      vertex -19.2777 -19.1741 19
    endloop
  endfacet
  facet normal 0 0 1
    outer loop
      vertex -17.8045 -24.0307 19
      vertex -20.2066 -23.0358 19
      vertex -17.9723 -24.3856 19
    endloop
  endfacet
  facet normal 0 0 1
    outer loop
      vertex -20.7222 -21.3359 19
      vertex -19.2777 -19.1741 19
      vertex -19.6144 -18.9723 19
    endloop
  endfacet
  facet normal -0 0 1
    outer loop
      vertex -20.2653 -23.16 19
      vertex -17.9723 -24.3856 19
      vertex -20.2066 -23.0358 19
    endloop
  endfacet
  facet normal 0 0 1
    outer loop
      vertex -20.84 -21.2653 19
      vertex -19.6144 -18.9723 19
      vertex -19.9693 -18.8045 19
    endloop
  endfacet
  facet normal 0 0 1
    outer loop
      vertex -17.9723 -24.3856 19
      vertex -20.2653 -23.16 19
      vertex -18.1741 -24.7223 19
    endloop
  endfacet
  facet normal -0 0 1
    outer loop
      vertex -20.3359 -23.2778 19
      vertex -18.1741 -24.7223 19
      vertex -20.2653 -23.16 19
    endloop
  endfacet
  facet normal 0 0 1
    outer loop
      vertex -17.5193 -22.1079 19
      vertex -20.1067 -22.3628 19
      vertex -20.1 -22.5 19
    endloop
  endfacet
  facet normal 0 0 1
    outer loop
      vertex -17.5769 -21.7196 19
      vertex -20.1269 -22.2269 19
      vertex -20.1067 -22.3628 19
    endloop
  endfacet
  facet normal 0 0 1
    outer loop
      vertex -17.6722 -21.3389 19
      vertex -20.1603 -22.0936 19
      vertex -20.1269 -22.2269 19
    endloop
  endfacet
  facet normal 0 0 1
    outer loop
      vertex -17.8045 -20.9693 19
      vertex -20.2066 -21.9642 19
      vertex -20.1603 -22.0936 19
    endloop
  endfacet
  facet normal 0 0 1
    outer loop
      vertex -17.9723 -20.6144 19
      vertex -20.2653 -21.84 19
      vertex -20.2066 -21.9642 19
    endloop
  endfacet
  facet normal 0 0 1
    outer loop
      vertex -18.1741 -20.2777 19
      vertex -20.3359 -21.7222 19
      vertex -20.2653 -21.84 19
    endloop
  endfacet
  facet normal 0 0 1
    outer loop
      vertex -20.9642 -21.2066 19
      vertex -19.9693 -18.8045 19
      vertex -20.3389 -18.6722 19
    endloop
  endfacet
  facet normal 0 0 1
    outer loop
      vertex -18.408 -19.9624 19
      vertex -20.4178 -21.6119 19
      vertex -20.3359 -21.7222 19
    endloop
  endfacet
  facet normal 0 0 1
    outer loop
      vertex -18.6716 -19.6716 19
      vertex -20.5101 -21.5101 19
      vertex -20.4178 -21.6119 19
    endloop
  endfacet
  facet normal 0 0 1
    outer loop
      vertex -18.9624 -19.408 19
      vertex -20.6119 -21.4178 19
      vertex -20.5101 -21.5101 19
    endloop
  endfacet
  facet normal 0 0 1
    outer loop
      vertex -21.0936 -21.1603 19
      vertex -20.3389 -18.6722 19
      vertex -20.7196 -18.5769 19
    endloop
  endfacet
  facet normal 0 0 1
    outer loop
      vertex -19.2777 -19.1741 19
      vertex -20.7222 -21.3359 19
      vertex -20.6119 -21.4178 19
    endloop
  endfacet
  facet normal 0 0 1
    outer loop
      vertex -19.6144 -18.9723 19
      vertex -20.84 -21.2653 19
      vertex -20.7222 -21.3359 19
    endloop
  endfacet
  facet normal 0 0 1
    outer loop
      vertex -19.9693 -18.8045 19
      vertex -20.9642 -21.2066 19
      vertex -20.84 -21.2653 19
    endloop
  endfacet
  facet normal 0 0 1
    outer loop
      vertex -20.3389 -18.6722 19
      vertex -21.0936 -21.1603 19
      vertex -20.9642 -21.2066 19
    endloop
  endfacet
  facet normal 0 0 1
    outer loop
      vertex -21.2269 -21.1269 19
      vertex -20.7196 -18.5769 19
      vertex -21.1079 -18.5193 19
    endloop
  endfacet
  facet normal 0 0 1
    outer loop
      vertex -20.7196 -18.5769 19
      vertex -21.2269 -21.1269 19
      vertex -21.0936 -21.1603 19
    endloop
  endfacet
  facet normal 0 0 1
    outer loop
      vertex -21.1079 -18.5193 19
      vertex -21.3628 -21.1067 19
      vertex -21.2269 -21.1269 19
    endloop
  endfacet
  facet normal 0 0 1
    outer loop
      vertex -21.5 -18.5 19
      vertex -21.3628 -21.1067 19
      vertex -21.1079 -18.5193 19
    endloop
  endfacet
  facet normal 0 0 1
    outer loop
      vertex -21.5 -18.5 19
      vertex -21.5 -21.1 19
      vertex -21.3628 -21.1067 19
    endloop
  endfacet
  facet normal 0 0 1
    outer loop
      vertex -21.5 -18.5 19
      vertex -21.6372 -21.1067 19
      vertex -21.5 -21.1 19
    endloop
  endfacet
  facet normal -0 0 1
    outer loop
      vertex -21.8921 -18.5193 19
      vertex -21.6372 -21.1067 19
      vertex -21.5 -18.5 19
    endloop
  endfacet
  facet normal 0 0 1
    outer loop
      vertex -21.6372 -21.1067 19
      vertex -21.8921 -18.5193 19
      vertex -21.7731 -21.1269 19
    endloop
  endfacet
  facet normal -0 0 1
    outer loop
      vertex -22.2804 -18.5769 19
      vertex -21.7731 -21.1269 19
      vertex -21.8921 -18.5193 19
    endloop
  endfacet
  facet normal 0 0 1
    outer loop
      vertex -21.7731 -21.1269 19
      vertex -22.2804 -18.5769 19
      vertex -21.9064 -21.1603 19
    endloop
  endfacet
  facet normal -0 0 1
    outer loop
      vertex -22.6611 -18.6722 19
      vertex -21.9064 -21.1603 19
      vertex -22.2804 -18.5769 19
    endloop
  endfacet
  facet normal 0 0 1
    outer loop
      vertex -21.9064 -21.1603 19
      vertex -22.6611 -18.6722 19
      vertex -22.0358 -21.2066 19
    endloop
  endfacet
  facet normal -0 0 1
    outer loop
      vertex -23.0307 -18.8045 19
      vertex -22.0358 -21.2066 19
      vertex -22.6611 -18.6722 19
    endloop
  endfacet
  facet normal 0 0 1
    outer loop
      vertex -22.0358 -21.2066 19
      vertex -23.0307 -18.8045 19
      vertex -22.16 -21.2653 19
    endloop
  endfacet
  facet normal -0 0 1
    outer loop
      vertex -23.3856 -18.9723 19
      vertex -22.16 -21.2653 19
      vertex -23.0307 -18.8045 19
    endloop
  endfacet
  facet normal 0 0 1
    outer loop
      vertex -22.16 -21.2653 19
      vertex -23.3856 -18.9723 19
      vertex -22.2778 -21.3359 19
    endloop
  endfacet
  facet normal -0 0 1
    outer loop
      vertex -23.7223 -19.1741 19
      vertex -22.2778 -21.3359 19
      vertex -23.3856 -18.9723 19
    endloop
  endfacet
  facet normal 0 0 1
    outer loop
      vertex -22.2778 -21.3359 19
      vertex -23.7223 -19.1741 19
      vertex -22.3881 -21.4178 19
    endloop
  endfacet
  facet normal -0 0 1
    outer loop
      vertex -24.0376 -19.408 19
      vertex -22.3881 -21.4178 19
      vertex -23.7223 -19.1741 19
    endloop
  endfacet
  facet normal 0 0 1
    outer loop
      vertex -22.3881 -21.4178 19
      vertex -24.0376 -19.408 19
      vertex -22.4899 -21.5101 19
    endloop
  endfacet
  facet normal -0 0 1
    outer loop
      vertex -24.3284 -19.6716 19
      vertex -22.4899 -21.5101 19
      vertex -24.0376 -19.408 19
    endloop
  endfacet
  facet normal 0 0 1
    outer loop
      vertex -22.4899 -21.5101 19
      vertex -24.3284 -19.6716 19
      vertex -22.5822 -21.6119 19
    endloop
  endfacet
  facet normal -0 0 1
    outer loop
      vertex -24.592 -19.9624 19
      vertex -22.5822 -21.6119 19
      vertex -24.3284 -19.6716 19
    endloop
  endfacet
  facet normal -0 0 1
    outer loop
      vertex -24.8259 -20.2777 19
      vertex -22.6641 -21.7222 19
      vertex -24.592 -19.9624 19
    endloop
  endfacet
  facet normal 0 0 1
    outer loop
      vertex -22.5822 -21.6119 19
      vertex -24.592 -19.9624 19
      vertex -22.6641 -21.7222 19
    endloop
  endfacet
  facet normal 0 0 1
    outer loop
      vertex -18.1741 -24.7223 19
      vertex -20.3359 -23.2778 19
      vertex -18.408 -25.0376 19
    endloop
  endfacet
  facet normal -0 0 1
    outer loop
      vertex -20.4178 -23.3881 19
      vertex -18.408 -25.0376 19
      vertex -20.3359 -23.2778 19
    endloop
  endfacet
  facet normal 0 0 1
    outer loop
      vertex -18.408 -25.0376 19
      vertex -20.4178 -23.3881 19
      vertex -18.6716 -25.3284 19
    endloop
  endfacet
  facet normal -0 0 1
    outer loop
      vertex -20.5101 -23.4899 19
      vertex -18.6716 -25.3284 19
      vertex -20.4178 -23.3881 19
    endloop
  endfacet
  facet normal 0 0 1
    outer loop
      vertex -18.6716 -25.3284 19
      vertex -20.5101 -23.4899 19
      vertex -18.9624 -25.592 19
    endloop
  endfacet
  facet normal -0 0 1
    outer loop
      vertex -20.6119 -23.5822 19
      vertex -18.9624 -25.592 19
      vertex -20.5101 -23.4899 19
    endloop
  endfacet
  facet normal 0 0 1
    outer loop
      vertex -18.9624 -25.592 19
      vertex -20.6119 -23.5822 19
      vertex -19.2777 -25.8259 19
    endloop
  endfacet
  facet normal -0 0 1
    outer loop
      vertex -20.7222 -23.6641 19
      vertex -19.2777 -25.8259 19
      vertex -20.6119 -23.5822 19
    endloop
  endfacet
  facet normal 0 0 1
    outer loop
      vertex -19.2777 -25.8259 19
      vertex -20.7222 -23.6641 19
      vertex -19.6144 -26.0277 19
    endloop
  endfacet
  facet normal -0 0 1
    outer loop
      vertex -20.84 -23.7347 19
      vertex -19.6144 -26.0277 19
      vertex -20.7222 -23.6641 19
    endloop
  endfacet
  facet normal 0 0 1
    outer loop
      vertex -19.6144 -26.0277 19
      vertex -20.84 -23.7347 19
      vertex -19.9693 -26.1955 19
    endloop
  endfacet
  facet normal -0 0 1
    outer loop
      vertex -20.9642 -23.7934 19
      vertex -19.9693 -26.1955 19
      vertex -20.84 -23.7347 19
    endloop
  endfacet
  facet normal 0 0 1
    outer loop
      vertex -19.9693 -26.1955 19
      vertex -20.9642 -23.7934 19
      vertex -20.3389 -26.3278 19
    endloop
  endfacet
  facet normal -0 0 1
    outer loop
      vertex -21.0936 -23.8397 19
      vertex -20.3389 -26.3278 19
      vertex -20.9642 -23.7934 19
    endloop
  endfacet
  facet normal 0 0 1
    outer loop
      vertex -20.3389 -26.3278 19
      vertex -21.0936 -23.8397 19
      vertex -20.7196 -26.4231 19
    endloop
  endfacet
  facet normal -0 0 1
    outer loop
      vertex -21.2269 -23.8731 19
      vertex -20.7196 -26.4231 19
      vertex -21.0936 -23.8397 19
    endloop
  endfacet
  facet normal 0 0 1
    outer loop
      vertex -20.7196 -26.4231 19
      vertex -21.2269 -23.8731 19
      vertex -21.1079 -26.4807 19
    endloop
  endfacet
  facet normal -0 0 1
    outer loop
      vertex -21.3628 -23.8933 19
      vertex -21.1079 -26.4807 19
      vertex -21.2269 -23.8731 19
    endloop
  endfacet
  facet normal -0 0 1
    outer loop
      vertex -21.5 -23.9 19
      vertex -21.1079 -26.4807 19
      vertex -21.3628 -23.8933 19
    endloop
  endfacet
  facet normal 0 0 1
    outer loop
      vertex -21.5 -23.9 19
      vertex -21.5 -26.5 19
      vertex -21.1079 -26.4807 19
    endloop
  endfacet
  facet normal 0 0 1
    outer loop
      vertex -21.6372 -23.8933 19
      vertex -21.5 -26.5 19
      vertex -21.5 -23.9 19
    endloop
  endfacet
  facet normal 0 0 1
    outer loop
      vertex -21.8921 -26.4807 19
      vertex -21.6372 -23.8933 19
      vertex -21.7731 -23.8731 19
    endloop
  endfacet
  facet normal 0 0 1
    outer loop
      vertex -21.6372 -23.8933 19
      vertex -21.8921 -26.4807 19
      vertex -21.5 -26.5 19
    endloop
  endfacet
  facet normal 0 0 1
    outer loop
      vertex -22.2804 -26.4231 19
      vertex -21.7731 -23.8731 19
      vertex -21.9064 -23.8397 19
    endloop
  endfacet
  facet normal 0 0 1
    outer loop
      vertex -22.6611 -26.3278 19
      vertex -21.9064 -23.8397 19
      vertex -22.0358 -23.7934 19
    endloop
  endfacet
  facet normal 0 0 1
    outer loop
      vertex -23.0307 -26.1955 19
      vertex -22.0358 -23.7934 19
      vertex -22.16 -23.7347 19
    endloop
  endfacet
  facet normal 0 0 1
    outer loop
      vertex -23.3856 -26.0277 19
      vertex -22.16 -23.7347 19
      vertex -22.2778 -23.6641 19
    endloop
  endfacet
  facet normal 0 0 1
    outer loop
      vertex -21.7731 -23.8731 19
      vertex -22.2804 -26.4231 19
      vertex -21.8921 -26.4807 19
    endloop
  endfacet
  facet normal 0 0 1
    outer loop
      vertex -23.7223 -25.8259 19
      vertex -22.2778 -23.6641 19
      vertex -22.3881 -23.5822 19
    endloop
  endfacet
  facet normal 0 0 1
    outer loop
      vertex -24.0376 -25.592 19
      vertex -22.3881 -23.5822 19
      vertex -22.4899 -23.4899 19
    endloop
  endfacet
  facet normal 0 0 1
    outer loop
      vertex -24.3284 -25.3284 19
      vertex -22.4899 -23.4899 19
      vertex -22.5822 -23.3881 19
    endloop
  endfacet
  facet normal 0 0 1
    outer loop
      vertex -21.9064 -23.8397 19
      vertex -22.6611 -26.3278 19
      vertex -22.2804 -26.4231 19
    endloop
  endfacet
  facet normal 0 0 1
    outer loop
      vertex -24.592 -25.0376 19
      vertex -22.5822 -23.3881 19
      vertex -22.6641 -23.2778 19
    endloop
  endfacet
  facet normal 0 0 1
    outer loop
      vertex -24.8259 -24.7223 19
      vertex -22.6641 -23.2778 19
      vertex -22.7347 -23.16 19
    endloop
  endfacet
  facet normal 0 0 1
    outer loop
      vertex -25.0277 -24.3856 19
      vertex -22.7347 -23.16 19
      vertex -22.7934 -23.0358 19
    endloop
  endfacet
  facet normal 0 0 1
    outer loop
      vertex -25.1955 -24.0307 19
      vertex -22.7934 -23.0358 19
      vertex -22.8397 -22.9064 19
    endloop
  endfacet
  facet normal 0 0 1
    outer loop
      vertex -25.3278 -23.6611 19
      vertex -22.8397 -22.9064 19
      vertex -22.8731 -22.7731 19
    endloop
  endfacet
  facet normal 0 0 1
    outer loop
      vertex -25.4231 -23.2804 19
      vertex -22.8731 -22.7731 19
      vertex -22.8933 -22.6372 19
    endloop
  endfacet
  facet normal 0 0 1
    outer loop
      vertex -22.0358 -23.7934 19
      vertex -23.0307 -26.1955 19
      vertex -22.6611 -26.3278 19
    endloop
  endfacet
  facet normal 0 0 1
    outer loop
      vertex -25.4807 -22.8921 19
      vertex -22.8933 -22.6372 19
      vertex -22.9 -22.5 19
    endloop
  endfacet
  facet normal 0 0 1
    outer loop
      vertex -22.6641 -21.7222 19
      vertex -24.8259 -20.2777 19
      vertex -22.7347 -21.84 19
    endloop
  endfacet
  facet normal -0 0 1
    outer loop
      vertex -25.0277 -20.6144 19
      vertex -22.7347 -21.84 19
      vertex -24.8259 -20.2777 19
    endloop
  endfacet
  facet normal 0 0 1
    outer loop
      vertex -22.16 -23.7347 19
      vertex -23.3856 -26.0277 19
      vertex -23.0307 -26.1955 19
    endloop
  endfacet
  facet normal 0 0 1
    outer loop
      vertex -22.7347 -21.84 19
      vertex -25.0277 -20.6144 19
      vertex -22.7934 -21.9642 19
    endloop
  endfacet
  facet normal 0 0 1
    outer loop
      vertex -22.2778 -23.6641 19
      vertex -23.7223 -25.8259 19
      vertex -23.3856 -26.0277 19
    endloop
  endfacet
  facet normal -0 0 1
    outer loop
      vertex -25.1955 -20.9693 19
      vertex -22.7934 -21.9642 19
      vertex -25.0277 -20.6144 19
    endloop
  endfacet
  facet normal 0 0 1
    outer loop
      vertex -22.3881 -23.5822 19
      vertex -24.0376 -25.592 19
      vertex -23.7223 -25.8259 19
    endloop
  endfacet
  facet normal 0 0 1
    outer loop
      vertex -22.7934 -21.9642 19
      vertex -25.1955 -20.9693 19
      vertex -22.8397 -22.0936 19
    endloop
  endfacet
  facet normal 0 0 1
    outer loop
      vertex -22.4899 -23.4899 19
      vertex -24.3284 -25.3284 19
      vertex -24.0376 -25.592 19
    endloop
  endfacet
  facet normal -0 0 1
    outer loop
      vertex -25.3278 -21.3389 19
      vertex -22.8397 -22.0936 19
      vertex -25.1955 -20.9693 19
    endloop
  endfacet
  facet normal 0 0 1
    outer loop
      vertex -22.5822 -23.3881 19
      vertex -24.592 -25.0376 19
      vertex -24.3284 -25.3284 19
    endloop
  endfacet
  facet normal 0 0 1
    outer loop
      vertex -22.8397 -22.0936 19
      vertex -25.3278 -21.3389 19
      vertex -22.8731 -22.2269 19
    endloop
  endfacet
  facet normal 0 0 1
    outer loop
      vertex -22.6641 -23.2778 19
      vertex -24.8259 -24.7223 19
      vertex -24.592 -25.0376 19
    endloop
  endfacet
  facet normal -0 0 1
    outer loop
      vertex -25.4231 -21.7196 19
      vertex -22.8731 -22.2269 19
      vertex -25.3278 -21.3389 19
    endloop
  endfacet
  facet normal 0 0 1
    outer loop
      vertex -22.7347 -23.16 19
      vertex -25.0277 -24.3856 19
      vertex -24.8259 -24.7223 19
    endloop
  endfacet
  facet normal 0 0 1
    outer loop
      vertex -22.8731 -22.2269 19
      vertex -25.4231 -21.7196 19
      vertex -22.8933 -22.3628 19
    endloop
  endfacet
  facet normal 0 0 1
    outer loop
      vertex -22.7934 -23.0358 19
      vertex -25.1955 -24.0307 19
      vertex -25.0277 -24.3856 19
    endloop
  endfacet
  facet normal -0 0 1
    outer loop
      vertex -25.4807 -22.1079 19
      vertex -22.8933 -22.3628 19
      vertex -25.4231 -21.7196 19
    endloop
  endfacet
  facet normal 0 0 1
    outer loop
      vertex -22.8397 -22.9064 19
      vertex -25.3278 -23.6611 19
      vertex -25.1955 -24.0307 19
    endloop
  endfacet
  facet normal 0 0 1
    outer loop
      vertex -22.8933 -22.3628 19
      vertex -25.4807 -22.1079 19
      vertex -22.9 -22.5 19
    endloop
  endfacet
  facet normal 0 0 1
    outer loop
      vertex -22.8731 -22.7731 19
      vertex -25.4231 -23.2804 19
      vertex -25.3278 -23.6611 19
    endloop
  endfacet
  facet normal 0 0 1
    outer loop
      vertex -25.5 -22.5 19
      vertex -22.9 -22.5 19
      vertex -25.4807 -22.1079 19
    endloop
  endfacet
  facet normal 0 0 1
    outer loop
      vertex -22.8933 -22.6372 19
      vertex -25.4807 -22.8921 19
      vertex -25.4231 -23.2804 19
    endloop
  endfacet
  facet normal 0 0 1
    outer loop
      vertex -22.9 -22.5 19
      vertex -25.5 -22.5 19
      vertex -25.4807 -22.8921 19
    endloop
  endfacet
  facet normal -0.514084 0.85774 0
    outer loop
      vertex -23.3856 -18.9723 1
      vertex -23.7223 -19.1741 19
      vertex -23.3856 -18.9723 19
    endloop
  endfacet
  facet normal -0.514084 0.85774 0
    outer loop
      vertex -23.7223 -19.1741 19
      vertex -23.3856 -18.9723 1
      vertex -23.7223 -19.1741 1
    endloop
  endfacet
  facet normal -0.42744 0.904044 0
    outer loop
      vertex -23.0307 -18.8045 1
      vertex -23.3856 -18.9723 19
      vertex -23.0307 -18.8045 19
    endloop
  endfacet
  facet normal -0.42744 0.904044 0
    outer loop
      vertex -23.3856 -18.9723 19
      vertex -23.0307 -18.8045 1
      vertex -23.3856 -18.9723 1
    endloop
  endfacet
  facet normal -0.595794 0.803137 0
    outer loop
      vertex -23.7223 -19.1741 1
      vertex -24.0376 -19.408 19
      vertex -23.7223 -19.1741 19
    endloop
  endfacet
  facet normal -0.595794 0.803137 0
    outer loop
      vertex -24.0376 -19.408 19
      vertex -23.7223 -19.1741 1
      vertex -24.0376 -19.408 1
    endloop
  endfacet
  facet normal -0.242835 0.970068 0
    outer loop
      vertex -22.2804 -18.5769 1
      vertex -22.6611 -18.6722 19
      vertex -22.2804 -18.5769 19
    endloop
  endfacet
  facet normal -0.242835 0.970068 0
    outer loop
      vertex -22.6611 -18.6722 19
      vertex -22.2804 -18.5769 1
      vertex -22.6611 -18.6722 1
    endloop
  endfacet
  facet normal -0.0491626 0.998791 0
    outer loop
      vertex -21.5 -18.5 1
      vertex -21.8921 -18.5193 19
      vertex -21.5 -18.5 19
    endloop
  endfacet
  facet normal -0.0491626 0.998791 0
    outer loop
      vertex -21.8921 -18.5193 19
      vertex -21.5 -18.5 1
      vertex -21.8921 -18.5193 1
    endloop
  endfacet
  facet normal 0.146733 -0.989176 0
    outer loop
      vertex -21.1079 -26.4807 1
      vertex -20.7196 -26.4231 19
      vertex -21.1079 -26.4807 19
    endloop
  endfacet
  facet normal 0.146733 -0.989176 0
    outer loop
      vertex -20.7196 -26.4231 19
      vertex -21.1079 -26.4807 1
      vertex -20.7196 -26.4231 1
    endloop
  endfacet
  facet normal 0.0491626 -0.998791 0
    outer loop
      vertex -21.5 -26.5 1
      vertex -21.1079 -26.4807 19
      vertex -21.5 -26.5 19
    endloop
  endfacet
  facet normal 0.0491626 -0.998791 0
    outer loop
      vertex -21.1079 -26.4807 19
      vertex -21.5 -26.5 1
      vertex -21.1079 -26.4807 1
    endloop
  endfacet
  facet normal 0.337014 -0.9415 0
    outer loop
      vertex -20.3389 -26.3278 1
      vertex -19.9693 -26.1955 19
      vertex -20.3389 -26.3278 19
    endloop
  endfacet
  facet normal 0.337014 -0.9415 0
    outer loop
      vertex -19.9693 -26.1955 19
      vertex -20.3389 -26.3278 1
      vertex -19.9693 -26.1955 1
    endloop
  endfacet
  facet normal 0.671607 -0.740908 0
    outer loop
      vertex -18.9624 -25.592 1
      vertex -18.6716 -25.3284 19
      vertex -18.9624 -25.592 19
    endloop
  endfacet
  facet normal 0.671607 -0.740908 0
    outer loop
      vertex -18.6716 -25.3284 19
      vertex -18.9624 -25.592 1
      vertex -18.6716 -25.3284 1
    endloop
  endfacet
  facet normal 0.514084 -0.85774 0
    outer loop
      vertex -19.6144 -26.0277 1
      vertex -19.2777 -25.8259 19
      vertex -19.6144 -26.0277 19
    endloop
  endfacet
  facet normal 0.514084 -0.85774 0
    outer loop
      vertex -19.2777 -25.8259 19
      vertex -19.6144 -26.0277 1
      vertex -19.2777 -25.8259 1
    endloop
  endfacet
  facet normal 0.803137 -0.595794 0
    outer loop
      vertex -18.408 -25.0376 19
      vertex -18.1741 -24.7223 1
      vertex -18.1741 -24.7223 19
    endloop
  endfacet
  facet normal 0.803137 -0.595794 0
    outer loop
      vertex -18.1741 -24.7223 1
      vertex -18.408 -25.0376 19
      vertex -18.408 -25.0376 1
    endloop
  endfacet
  facet normal 0.904044 -0.42744 0
    outer loop
      vertex -17.9723 -24.3856 19
      vertex -17.8045 -24.0307 1
      vertex -17.8045 -24.0307 19
    endloop
  endfacet
  facet normal 0.904044 -0.42744 0
    outer loop
      vertex -17.8045 -24.0307 1
      vertex -17.9723 -24.3856 19
      vertex -17.9723 -24.3856 1
    endloop
  endfacet
  facet normal -0.671607 -0.740908 0
    outer loop
      vertex -24.3284 -25.3284 1
      vertex -24.0376 -25.592 19
      vertex -24.3284 -25.3284 19
    endloop
  endfacet
  facet normal -0.671607 -0.740908 -0
    outer loop
      vertex -24.0376 -25.592 19
      vertex -24.3284 -25.3284 1
      vertex -24.0376 -25.592 1
    endloop
  endfacet
  facet normal -0.514084 -0.85774 0
    outer loop
      vertex -23.7223 -25.8259 1
      vertex -23.3856 -26.0277 19
      vertex -23.7223 -25.8259 19
    endloop
  endfacet
  facet normal -0.514084 -0.85774 -0
    outer loop
      vertex -23.3856 -26.0277 19
      vertex -23.7223 -25.8259 1
      vertex -23.3856 -26.0277 1
    endloop
  endfacet
  facet normal -0.337014 -0.9415 0
    outer loop
      vertex -23.0307 -26.1955 1
      vertex -22.6611 -26.3278 19
      vertex -23.0307 -26.1955 19
    endloop
  endfacet
  facet normal -0.337014 -0.9415 -0
    outer loop
      vertex -22.6611 -26.3278 19
      vertex -23.0307 -26.1955 1
      vertex -22.6611 -26.3278 1
    endloop
  endfacet
  facet normal -0.146733 -0.989176 0
    outer loop
      vertex -22.2804 -26.4231 1
      vertex -21.8921 -26.4807 19
      vertex -22.2804 -26.4231 19
    endloop
  endfacet
  facet normal -0.146733 -0.989176 -0
    outer loop
      vertex -21.8921 -26.4807 19
      vertex -22.2804 -26.4231 1
      vertex -21.8921 -26.4807 1
    endloop
  endfacet
  facet normal -0.803137 -0.595794 0
    outer loop
      vertex -24.592 -25.0376 1
      vertex -24.8259 -24.7223 19
      vertex -24.8259 -24.7223 1
    endloop
  endfacet
  facet normal -0.803137 -0.595794 0
    outer loop
      vertex -24.8259 -24.7223 19
      vertex -24.592 -25.0376 1
      vertex -24.592 -25.0376 19
    endloop
  endfacet
  facet normal -0.904044 -0.42744 0
    outer loop
      vertex -25.0277 -24.3856 1
      vertex -25.1955 -24.0307 19
      vertex -25.1955 -24.0307 1
    endloop
  endfacet
  facet normal -0.904044 -0.42744 0
    outer loop
      vertex -25.1955 -24.0307 19
      vertex -25.0277 -24.3856 1
      vertex -25.0277 -24.3856 19
    endloop
  endfacet
  facet normal -0.85774 -0.514084 0
    outer loop
      vertex -24.8259 -24.7223 1
      vertex -25.0277 -24.3856 19
      vertex -25.0277 -24.3856 1
    endloop
  endfacet
  facet normal -0.85774 -0.514084 0
    outer loop
      vertex -25.0277 -24.3856 19
      vertex -24.8259 -24.7223 1
      vertex -24.8259 -24.7223 19
    endloop
  endfacet
  facet normal -0.970068 -0.242835 0
    outer loop
      vertex -25.3278 -23.6611 1
      vertex -25.4231 -23.2804 19
      vertex -25.4231 -23.2804 1
    endloop
  endfacet
  facet normal -0.970068 -0.242835 0
    outer loop
      vertex -25.4231 -23.2804 19
      vertex -25.3278 -23.6611 1
      vertex -25.3278 -23.6611 19
    endloop
  endfacet
  facet normal -0.9415 -0.337014 0
    outer loop
      vertex -25.1955 -24.0307 1
      vertex -25.3278 -23.6611 19
      vertex -25.3278 -23.6611 1
    endloop
  endfacet
  facet normal -0.9415 -0.337014 0
    outer loop
      vertex -25.3278 -23.6611 19
      vertex -25.1955 -24.0307 1
      vertex -25.1955 -24.0307 19
    endloop
  endfacet
  facet normal -0.998791 -0.0491626 0
    outer loop
      vertex -25.4807 -22.8921 1
      vertex -25.5 -22.5 19
      vertex -25.5 -22.5 1
    endloop
  endfacet
  facet normal -0.998791 -0.0491626 0
    outer loop
      vertex -25.5 -22.5 19
      vertex -25.4807 -22.8921 1
      vertex -25.4807 -22.8921 19
    endloop
  endfacet
  facet normal 0.42744 -0.904044 0
    outer loop
      vertex -19.9693 -26.1955 1
      vertex -19.6144 -26.0277 19
      vertex -19.9693 -26.1955 19
    endloop
  endfacet
  facet normal 0.42744 -0.904044 0
    outer loop
      vertex -19.6144 -26.0277 19
      vertex -19.9693 -26.1955 1
      vertex -19.6144 -26.0277 1
    endloop
  endfacet
  facet normal 0.740908 -0.671607 0
    outer loop
      vertex -18.6716 -25.3284 19
      vertex -18.408 -25.0376 1
      vertex -18.408 -25.0376 19
    endloop
  endfacet
  facet normal 0.740908 -0.671607 0
    outer loop
      vertex -18.408 -25.0376 1
      vertex -18.6716 -25.3284 19
      vertex -18.6716 -25.3284 1
    endloop
  endfacet
  facet normal 0.595794 -0.803137 0
    outer loop
      vertex -19.2777 -25.8259 1
      vertex -18.9624 -25.592 19
      vertex -19.2777 -25.8259 19
    endloop
  endfacet
  facet normal 0.595794 -0.803137 0
    outer loop
      vertex -18.9624 -25.592 19
      vertex -19.2777 -25.8259 1
      vertex -18.9624 -25.592 1
    endloop
  endfacet
  facet normal 0.85774 -0.514084 0
    outer loop
      vertex -18.1741 -24.7223 19
      vertex -17.9723 -24.3856 1
      vertex -17.9723 -24.3856 19
    endloop
  endfacet
  facet normal 0.85774 -0.514084 0
    outer loop
      vertex -17.9723 -24.3856 1
      vertex -18.1741 -24.7223 19
      vertex -18.1741 -24.7223 1
    endloop
  endfacet
  facet normal 0.989176 -0.146733 0
    outer loop
      vertex -17.5769 -23.2804 19
      vertex -17.5193 -22.8921 1
      vertex -17.5193 -22.8921 19
    endloop
  endfacet
  facet normal 0.989176 -0.146733 0
    outer loop
      vertex -17.5193 -22.8921 1
      vertex -17.5769 -23.2804 19
      vertex -17.5769 -23.2804 1
    endloop
  endfacet
  facet normal 0.970068 -0.242835 0
    outer loop
      vertex -17.6722 -23.6611 19
      vertex -17.5769 -23.2804 1
      vertex -17.5769 -23.2804 19
    endloop
  endfacet
  facet normal 0.970068 -0.242835 0
    outer loop
      vertex -17.5769 -23.2804 1
      vertex -17.6722 -23.6611 19
      vertex -17.6722 -23.6611 1
    endloop
  endfacet
  facet normal 0.998791 -0.0491626 0
    outer loop
      vertex -17.5193 -22.8921 19
      vertex -17.5 -22.5 1
      vertex -17.5 -22.5 19
    endloop
  endfacet
  facet normal 0.998791 -0.0491626 0
    outer loop
      vertex -17.5 -22.5 1
      vertex -17.5193 -22.8921 19
      vertex -17.5193 -22.8921 1
    endloop
  endfacet
  facet normal -0.595794 -0.803137 0
    outer loop
      vertex -24.0376 -25.592 1
      vertex -23.7223 -25.8259 19
      vertex -24.0376 -25.592 19
    endloop
  endfacet
  facet normal -0.595794 -0.803137 -0
    outer loop
      vertex -23.7223 -25.8259 19
      vertex -24.0376 -25.592 1
      vertex -23.7223 -25.8259 1
    endloop
  endfacet
  facet normal -0.42744 -0.904044 0
    outer loop
      vertex -23.3856 -26.0277 1
      vertex -23.0307 -26.1955 19
      vertex -23.3856 -26.0277 19
    endloop
  endfacet
  facet normal -0.42744 -0.904044 -0
    outer loop
      vertex -23.0307 -26.1955 19
      vertex -23.3856 -26.0277 1
      vertex -23.0307 -26.1955 1
    endloop
  endfacet
  facet normal -0.242835 -0.970068 0
    outer loop
      vertex -22.6611 -26.3278 1
      vertex -22.2804 -26.4231 19
      vertex -22.6611 -26.3278 19
    endloop
  endfacet
  facet normal -0.242835 -0.970068 -0
    outer loop
      vertex -22.2804 -26.4231 19
      vertex -22.6611 -26.3278 1
      vertex -22.2804 -26.4231 1
    endloop
  endfacet
  facet normal -0.740908 -0.671607 0
    outer loop
      vertex -24.3284 -25.3284 1
      vertex -24.592 -25.0376 19
      vertex -24.592 -25.0376 1
    endloop
  endfacet
  facet normal -0.740908 -0.671607 0
    outer loop
      vertex -24.592 -25.0376 19
      vertex -24.3284 -25.3284 1
      vertex -24.3284 -25.3284 19
    endloop
  endfacet
  facet normal -0.989176 -0.146733 0
    outer loop
      vertex -25.4231 -23.2804 1
      vertex -25.4807 -22.8921 19
      vertex -25.4807 -22.8921 1
    endloop
  endfacet
  facet normal -0.989176 -0.146733 0
    outer loop
      vertex -25.4807 -22.8921 19
      vertex -25.4231 -23.2804 1
      vertex -25.4231 -23.2804 19
    endloop
  endfacet
  facet normal 0.242835 -0.970068 0
    outer loop
      vertex -20.7196 -26.4231 1
      vertex -20.3389 -26.3278 19
      vertex -20.7196 -26.4231 19
    endloop
  endfacet
  facet normal 0.242835 -0.970068 0
    outer loop
      vertex -20.3389 -26.3278 19
      vertex -20.7196 -26.4231 1
      vertex -20.3389 -26.3278 1
    endloop
  endfacet
  facet normal -0.671694 -0.740829 0
    outer loop
      vertex -20.6119 -21.4178 11
      vertex -20.5101 -21.5101 19
      vertex -20.6119 -21.4178 19
    endloop
  endfacet
  facet normal -0.671694 -0.740829 -0
    outer loop
      vertex -20.5101 -21.5101 19
      vertex -20.6119 -21.4178 11
      vertex -20.5101 -21.5101 11
    endloop
  endfacet
  facet normal 0.336889 -0.941544 0
    outer loop
      vertex -22.0358 -21.2066 11
      vertex -21.9064 -21.1603 19
      vertex -22.0358 -21.2066 19
    endloop
  endfacet
  facet normal 0.336889 -0.941544 0
    outer loop
      vertex -21.9064 -21.1603 19
      vertex -22.0358 -21.2066 11
      vertex -21.9064 -21.1603 11
    endloop
  endfacet
  facet normal 0.904108 -0.427304 0
    outer loop
      vertex -22.7934 -21.9642 19
      vertex -22.7347 -21.84 11
      vertex -22.7347 -21.84 19
    endloop
  endfacet
  facet normal 0.904108 -0.427304 0
    outer loop
      vertex -22.7347 -21.84 11
      vertex -22.7934 -21.9642 19
      vertex -22.7934 -21.9642 11
    endloop
  endfacet
  facet normal -0.904108 0.427304 0
    outer loop
      vertex -20.2653 -23.16 11
      vertex -20.2066 -23.0358 19
      vertex -20.2066 -23.0358 11
    endloop
  endfacet
  facet normal -0.904108 0.427304 0
    outer loop
      vertex -20.2066 -23.0358 19
      vertex -20.2653 -23.16 11
      vertex -20.2653 -23.16 19
    endloop
  endfacet
  facet normal 0.427304 0.904108 -0
    outer loop
      vertex -22.0358 -23.7934 11
      vertex -22.16 -23.7347 19
      vertex -22.0358 -23.7934 19
    endloop
  endfacet
  facet normal 0.427304 0.904108 0
    outer loop
      vertex -22.16 -23.7347 19
      vertex -22.0358 -23.7934 11
      vertex -22.16 -23.7347 11
    endloop
  endfacet
  facet normal -0.904108 -0.427304 0
    outer loop
      vertex -20.2066 -21.9642 11
      vertex -20.2653 -21.84 19
      vertex -20.2653 -21.84 11
    endloop
  endfacet
  facet normal -0.904108 -0.427304 0
    outer loop
      vertex -20.2653 -21.84 19
      vertex -20.2066 -21.9642 11
      vertex -20.2066 -21.9642 19
    endloop
  endfacet
  facet normal -0.85775 -0.514067 0
    outer loop
      vertex -20.2653 -21.84 11
      vertex -20.3359 -21.7222 19
      vertex -20.3359 -21.7222 11
    endloop
  endfacet
  facet normal -0.85775 -0.514067 0
    outer loop
      vertex -20.3359 -21.7222 19
      vertex -20.2653 -21.84 11
      vertex -20.2653 -21.84 19
    endloop
  endfacet
  facet normal -0.740829 -0.671694 0
    outer loop
      vertex -20.4178 -21.6119 11
      vertex -20.5101 -21.5101 19
      vertex -20.5101 -21.5101 11
    endloop
  endfacet
  facet normal -0.740829 -0.671694 0
    outer loop
      vertex -20.5101 -21.5101 19
      vertex -20.4178 -21.6119 11
      vertex -20.4178 -21.6119 19
    endloop
  endfacet
  facet normal -0.427304 -0.904108 0
    outer loop
      vertex -20.9642 -21.2066 11
      vertex -20.84 -21.2653 19
      vertex -20.9642 -21.2066 19
    endloop
  endfacet
  facet normal -0.427304 -0.904108 -0
    outer loop
      vertex -20.84 -21.2653 19
      vertex -20.9642 -21.2066 11
      vertex -20.84 -21.2653 11
    endloop
  endfacet
  facet normal 0.740829 -0.671694 0
    outer loop
      vertex -22.5822 -21.6119 19
      vertex -22.4899 -21.5101 11
      vertex -22.4899 -21.5101 19
    endloop
  endfacet
  facet normal 0.740829 -0.671694 0
    outer loop
      vertex -22.4899 -21.5101 11
      vertex -22.5822 -21.6119 19
      vertex -22.5822 -21.6119 11
    endloop
  endfacet
  facet normal 0.147023 -0.989133 0
    outer loop
      vertex -21.7731 -21.1269 11
      vertex -21.6372 -21.1067 19
      vertex -21.7731 -21.1269 19
    endloop
  endfacet
  facet normal 0.147023 -0.989133 0
    outer loop
      vertex -21.6372 -21.1067 19
      vertex -21.7731 -21.1269 11
      vertex -21.6372 -21.1067 11
    endloop
  endfacet
  facet normal -0.989133 0.147023 0
    outer loop
      vertex -20.1269 -22.7731 11
      vertex -20.1067 -22.6372 19
      vertex -20.1067 -22.6372 11
    endloop
  endfacet
  facet normal -0.989133 0.147023 0
    outer loop
      vertex -20.1067 -22.6372 19
      vertex -20.1269 -22.7731 11
      vertex -20.1269 -22.7731 19
    endloop
  endfacet
  facet normal -0.740829 0.671694 0
    outer loop
      vertex -20.5101 -23.4899 11
      vertex -20.4178 -23.3881 19
      vertex -20.4178 -23.3881 11
    endloop
  endfacet
  facet normal -0.740829 0.671694 0
    outer loop
      vertex -20.4178 -23.3881 19
      vertex -20.5101 -23.4899 11
      vertex -20.5101 -23.4899 19
    endloop
  endfacet
  facet normal 0.147023 0.989133 -0
    outer loop
      vertex -21.6372 -23.8933 11
      vertex -21.7731 -23.8731 19
      vertex -21.6372 -23.8933 19
    endloop
  endfacet
  facet normal 0.147023 0.989133 0
    outer loop
      vertex -21.7731 -23.8731 19
      vertex -21.6372 -23.8933 11
      vertex -21.7731 -23.8731 11
    endloop
  endfacet
  facet normal 0.671694 0.740829 -0
    outer loop
      vertex -22.3881 -23.5822 11
      vertex -22.4899 -23.4899 19
      vertex -22.3881 -23.5822 19
    endloop
  endfacet
  facet normal 0.671694 0.740829 0
    outer loop
      vertex -22.4899 -23.4899 19
      vertex -22.3881 -23.5822 11
      vertex -22.4899 -23.4899 11
    endloop
  endfacet
  facet normal -0.970014 -0.243049 0
    outer loop
      vertex -20.1269 -22.2269 11
      vertex -20.1603 -22.0936 19
      vertex -20.1603 -22.0936 11
    endloop
  endfacet
  facet normal -0.970014 -0.243049 0
    outer loop
      vertex -20.1603 -22.0936 19
      vertex -20.1269 -22.2269 11
      vertex -20.1269 -22.2269 19
    endloop
  endfacet
  facet normal -0.941544 -0.336889 0
    outer loop
      vertex -20.1603 -22.0936 11
      vertex -20.2066 -21.9642 19
      vertex -20.2066 -21.9642 11
    endloop
  endfacet
  facet normal -0.941544 -0.336889 0
    outer loop
      vertex -20.2066 -21.9642 19
      vertex -20.1603 -22.0936 11
      vertex -20.1603 -22.0936 19
    endloop
  endfacet
  facet normal -0.802873 -0.59615 0
    outer loop
      vertex -20.3359 -21.7222 11
      vertex -20.4178 -21.6119 19
      vertex -20.4178 -21.6119 11
    endloop
  endfacet
  facet normal -0.802873 -0.59615 0
    outer loop
      vertex -20.4178 -21.6119 19
      vertex -20.3359 -21.7222 11
      vertex -20.3359 -21.7222 19
    endloop
  endfacet
  facet normal -0.59615 -0.802873 0
    outer loop
      vertex -20.7222 -21.3359 11
      vertex -20.6119 -21.4178 19
      vertex -20.7222 -21.3359 19
    endloop
  endfacet
  facet normal -0.59615 -0.802873 -0
    outer loop
      vertex -20.6119 -21.4178 19
      vertex -20.7222 -21.3359 11
      vertex -20.6119 -21.4178 11
    endloop
  endfacet
  facet normal -0.0487757 -0.99881 0
    outer loop
      vertex -21.5 -21.1 11
      vertex -21.3628 -21.1067 19
      vertex -21.5 -21.1 19
    endloop
  endfacet
  facet normal -0.0487757 -0.99881 -0
    outer loop
      vertex -21.3628 -21.1067 19
      vertex -21.5 -21.1 11
      vertex -21.3628 -21.1067 11
    endloop
  endfacet
  facet normal -0.514067 -0.85775 0
    outer loop
      vertex -20.84 -21.2653 11
      vertex -20.7222 -21.3359 19
      vertex -20.84 -21.2653 19
    endloop
  endfacet
  facet normal -0.514067 -0.85775 -0
    outer loop
      vertex -20.7222 -21.3359 19
      vertex -20.84 -21.2653 11
      vertex -20.7222 -21.3359 11
    endloop
  endfacet
  facet normal -0.336889 -0.941544 0
    outer loop
      vertex -21.0936 -21.1603 11
      vertex -20.9642 -21.2066 19
      vertex -21.0936 -21.1603 19
    endloop
  endfacet
  facet normal -0.336889 -0.941544 -0
    outer loop
      vertex -20.9642 -21.2066 19
      vertex -21.0936 -21.1603 11
      vertex -20.9642 -21.2066 11
    endloop
  endfacet
  facet normal -0.243049 -0.970014 0
    outer loop
      vertex -21.2269 -21.1269 11
      vertex -21.0936 -21.1603 19
      vertex -21.2269 -21.1269 19
    endloop
  endfacet
  facet normal -0.243049 -0.970014 -0
    outer loop
      vertex -21.0936 -21.1603 19
      vertex -21.2269 -21.1269 11
      vertex -21.0936 -21.1603 11
    endloop
  endfacet
  facet normal 0.99881 -0.0487757 0
    outer loop
      vertex -22.9 -22.5 19
      vertex -22.8933 -22.3628 11
      vertex -22.8933 -22.3628 19
    endloop
  endfacet
  facet normal 0.99881 -0.0487757 0
    outer loop
      vertex -22.8933 -22.3628 11
      vertex -22.9 -22.5 19
      vertex -22.9 -22.5 11
    endloop
  endfacet
  facet normal 0.941544 -0.336889 0
    outer loop
      vertex -22.8397 -22.0936 19
      vertex -22.7934 -21.9642 11
      vertex -22.7934 -21.9642 19
    endloop
  endfacet
  facet normal 0.941544 -0.336889 0
    outer loop
      vertex -22.7934 -21.9642 11
      vertex -22.8397 -22.0936 19
      vertex -22.8397 -22.0936 11
    endloop
  endfacet
  facet normal 0.970014 -0.243049 0
    outer loop
      vertex -22.8731 -22.2269 19
      vertex -22.8397 -22.0936 11
      vertex -22.8397 -22.0936 19
    endloop
  endfacet
  facet normal 0.970014 -0.243049 0
    outer loop
      vertex -22.8397 -22.0936 11
      vertex -22.8731 -22.2269 19
      vertex -22.8731 -22.2269 11
    endloop
  endfacet
  facet normal 0.85775 -0.514067 0
    outer loop
      vertex -22.7347 -21.84 19
      vertex -22.6641 -21.7222 11
      vertex -22.6641 -21.7222 19
    endloop
  endfacet
  facet normal 0.85775 -0.514067 0
    outer loop
      vertex -22.6641 -21.7222 11
      vertex -22.7347 -21.84 19
      vertex -22.7347 -21.84 11
    endloop
  endfacet
  facet normal 0.802873 -0.59615 0
    outer loop
      vertex -22.6641 -21.7222 19
      vertex -22.5822 -21.6119 11
      vertex -22.5822 -21.6119 19
    endloop
  endfacet
  facet normal 0.802873 -0.59615 0
    outer loop
      vertex -22.5822 -21.6119 11
      vertex -22.6641 -21.7222 19
      vertex -22.6641 -21.7222 11
    endloop
  endfacet
  facet normal 0.243049 -0.970014 0
    outer loop
      vertex -21.9064 -21.1603 11
      vertex -21.7731 -21.1269 19
      vertex -21.9064 -21.1603 19
    endloop
  endfacet
  facet normal 0.243049 -0.970014 0
    outer loop
      vertex -21.7731 -21.1269 19
      vertex -21.9064 -21.1603 11
      vertex -21.7731 -21.1269 11
    endloop
  endfacet
  facet normal 0.0487757 -0.99881 0
    outer loop
      vertex -21.6372 -21.1067 11
      vertex -21.5 -21.1 19
      vertex -21.6372 -21.1067 19
    endloop
  endfacet
  facet normal 0.0487757 -0.99881 0
    outer loop
      vertex -21.5 -21.1 19
      vertex -21.6372 -21.1067 11
      vertex -21.5 -21.1 11
    endloop
  endfacet
  facet normal 0.514067 -0.85775 0
    outer loop
      vertex -22.2778 -21.3359 11
      vertex -22.16 -21.2653 19
      vertex -22.2778 -21.3359 19
    endloop
  endfacet
  facet normal 0.514067 -0.85775 0
    outer loop
      vertex -22.16 -21.2653 19
      vertex -22.2778 -21.3359 11
      vertex -22.16 -21.2653 11
    endloop
  endfacet
  facet normal 0.59615 -0.802873 0
    outer loop
      vertex -22.3881 -21.4178 11
      vertex -22.2778 -21.3359 19
      vertex -22.3881 -21.4178 19
    endloop
  endfacet
  facet normal 0.59615 -0.802873 0
    outer loop
      vertex -22.2778 -21.3359 19
      vertex -22.3881 -21.4178 11
      vertex -22.2778 -21.3359 11
    endloop
  endfacet
  facet normal 0.427304 -0.904108 0
    outer loop
      vertex -22.16 -21.2653 11
      vertex -22.0358 -21.2066 19
      vertex -22.16 -21.2653 19
    endloop
  endfacet
  facet normal 0.427304 -0.904108 0
    outer loop
      vertex -22.0358 -21.2066 19
      vertex -22.16 -21.2653 11
      vertex -22.0358 -21.2066 11
    endloop
  endfacet
  facet normal 0.671694 -0.740829 0
    outer loop
      vertex -22.4899 -21.5101 11
      vertex -22.3881 -21.4178 19
      vertex -22.4899 -21.5101 19
    endloop
  endfacet
  facet normal 0.671694 -0.740829 0
    outer loop
      vertex -22.3881 -21.4178 19
      vertex -22.4899 -21.5101 11
      vertex -22.3881 -21.4178 11
    endloop
  endfacet
  facet normal -0.99881 -0.0487757 0
    outer loop
      vertex -20.1 -22.5 11
      vertex -20.1067 -22.3628 19
      vertex -20.1067 -22.3628 11
    endloop
  endfacet
  facet normal -0.99881 -0.0487757 0
    outer loop
      vertex -20.1067 -22.3628 19
      vertex -20.1 -22.5 11
      vertex -20.1 -22.5 19
    endloop
  endfacet
  facet normal -0.0487757 0.99881 0
    outer loop
      vertex -21.3628 -23.8933 11
      vertex -21.5 -23.9 19
      vertex -21.3628 -23.8933 19
    endloop
  endfacet
  facet normal -0.0487757 0.99881 0
    outer loop
      vertex -21.5 -23.9 19
      vertex -21.3628 -23.8933 11
      vertex -21.5 -23.9 11
    endloop
  endfacet
  facet normal -0.147023 0.989133 0
    outer loop
      vertex -21.2269 -23.8731 11
      vertex -21.3628 -23.8933 19
      vertex -21.2269 -23.8731 19
    endloop
  endfacet
  facet normal -0.147023 0.989133 0
    outer loop
      vertex -21.3628 -23.8933 19
      vertex -21.2269 -23.8731 11
      vertex -21.3628 -23.8933 11
    endloop
  endfacet
  facet normal -0.243049 0.970014 0
    outer loop
      vertex -21.0936 -23.8397 11
      vertex -21.2269 -23.8731 19
      vertex -21.0936 -23.8397 19
    endloop
  endfacet
  facet normal -0.243049 0.970014 0
    outer loop
      vertex -21.2269 -23.8731 19
      vertex -21.0936 -23.8397 11
      vertex -21.2269 -23.8731 11
    endloop
  endfacet
  facet normal -0.59615 0.802873 0
    outer loop
      vertex -20.6119 -23.5822 11
      vertex -20.7222 -23.6641 19
      vertex -20.6119 -23.5822 19
    endloop
  endfacet
  facet normal -0.59615 0.802873 0
    outer loop
      vertex -20.7222 -23.6641 19
      vertex -20.6119 -23.5822 11
      vertex -20.7222 -23.6641 11
    endloop
  endfacet
  facet normal -0.427304 0.904108 0
    outer loop
      vertex -20.84 -23.7347 11
      vertex -20.9642 -23.7934 19
      vertex -20.84 -23.7347 19
    endloop
  endfacet
  facet normal -0.427304 0.904108 0
    outer loop
      vertex -20.9642 -23.7934 19
      vertex -20.84 -23.7347 11
      vertex -20.9642 -23.7934 11
    endloop
  endfacet
  facet normal -0.85775 0.514067 0
    outer loop
      vertex -20.3359 -23.2778 11
      vertex -20.2653 -23.16 19
      vertex -20.2653 -23.16 11
    endloop
  endfacet
  facet normal -0.85775 0.514067 0
    outer loop
      vertex -20.2653 -23.16 19
      vertex -20.3359 -23.2778 11
      vertex -20.3359 -23.2778 19
    endloop
  endfacet
  facet normal 0.0487757 0.99881 -0
    outer loop
      vertex -21.5 -23.9 11
      vertex -21.6372 -23.8933 19
      vertex -21.5 -23.9 19
    endloop
  endfacet
  facet normal 0.0487757 0.99881 0
    outer loop
      vertex -21.6372 -23.8933 19
      vertex -21.5 -23.9 11
      vertex -21.6372 -23.8933 11
    endloop
  endfacet
  facet normal 0.336889 0.941544 -0
    outer loop
      vertex -21.9064 -23.8397 11
      vertex -22.0358 -23.7934 19
      vertex -21.9064 -23.8397 19
    endloop
  endfacet
  facet normal 0.336889 0.941544 0
    outer loop
      vertex -22.0358 -23.7934 19
      vertex -21.9064 -23.8397 11
      vertex -22.0358 -23.7934 11
    endloop
  endfacet
  facet normal 0.514067 0.85775 -0
    outer loop
      vertex -22.16 -23.7347 11
      vertex -22.2778 -23.6641 19
      vertex -22.16 -23.7347 19
    endloop
  endfacet
  facet normal 0.514067 0.85775 0
    outer loop
      vertex -22.2778 -23.6641 19
      vertex -22.16 -23.7347 11
      vertex -22.2778 -23.6641 11
    endloop
  endfacet
  facet normal 0.970014 0.243049 0
    outer loop
      vertex -22.8397 -22.9064 19
      vertex -22.8731 -22.7731 11
      vertex -22.8731 -22.7731 19
    endloop
  endfacet
  facet normal 0.970014 0.243049 0
    outer loop
      vertex -22.8731 -22.7731 11
      vertex -22.8397 -22.9064 19
      vertex -22.8397 -22.9064 11
    endloop
  endfacet
  facet normal 0.99881 0.0487757 0
    outer loop
      vertex -22.8933 -22.6372 19
      vertex -22.9 -22.5 11
      vertex -22.9 -22.5 19
    endloop
  endfacet
  facet normal 0.99881 0.0487757 0
    outer loop
      vertex -22.9 -22.5 11
      vertex -22.8933 -22.6372 19
      vertex -22.8933 -22.6372 11
    endloop
  endfacet
  facet normal 0 0 1
    outer loop
      vertex -20.1067 -22.3628 11
      vertex -20.1067 -22.6372 11
      vertex -20.1 -22.5 11
    endloop
  endfacet
  facet normal 0 0 1
    outer loop
      vertex -20.1269 -22.2269 11
      vertex -20.1067 -22.6372 11
      vertex -20.1067 -22.3628 11
    endloop
  endfacet
  facet normal 0 0 1
    outer loop
      vertex -20.1269 -22.2269 11
      vertex -20.1269 -22.7731 11
      vertex -20.1067 -22.6372 11
    endloop
  endfacet
  facet normal 0 0 1
    outer loop
      vertex -20.1603 -22.0936 11
      vertex -20.1269 -22.7731 11
      vertex -20.1269 -22.2269 11
    endloop
  endfacet
  facet normal 0 0 1
    outer loop
      vertex -20.1603 -22.0936 11
      vertex -20.1603 -22.9064 11
      vertex -20.1269 -22.7731 11
    endloop
  endfacet
  facet normal 0 0 1
    outer loop
      vertex -20.2066 -21.9642 11
      vertex -20.1603 -22.9064 11
      vertex -20.1603 -22.0936 11
    endloop
  endfacet
  facet normal 0 0 1
    outer loop
      vertex -20.2066 -21.9642 11
      vertex -20.2066 -23.0358 11
      vertex -20.1603 -22.9064 11
    endloop
  endfacet
  facet normal 0 0 1
    outer loop
      vertex -20.2653 -21.84 11
      vertex -20.2066 -23.0358 11
      vertex -20.2066 -21.9642 11
    endloop
  endfacet
  facet normal 0 0 1
    outer loop
      vertex -20.2653 -21.84 11
      vertex -20.2653 -23.16 11
      vertex -20.2066 -23.0358 11
    endloop
  endfacet
  facet normal 0 0 1
    outer loop
      vertex -20.3359 -21.7222 11
      vertex -20.2653 -23.16 11
      vertex -20.2653 -21.84 11
    endloop
  endfacet
  facet normal 0 0 1
    outer loop
      vertex -20.3359 -21.7222 11
      vertex -20.3359 -23.2778 11
      vertex -20.2653 -23.16 11
    endloop
  endfacet
  facet normal 0 0 1
    outer loop
      vertex -20.4178 -21.6119 11
      vertex -20.3359 -23.2778 11
      vertex -20.3359 -21.7222 11
    endloop
  endfacet
  facet normal 0 0 1
    outer loop
      vertex -20.4178 -21.6119 11
      vertex -20.4178 -23.3881 11
      vertex -20.3359 -23.2778 11
    endloop
  endfacet
  facet normal 0 0 1
    outer loop
      vertex -20.5101 -21.5101 11
      vertex -20.4178 -23.3881 11
      vertex -20.4178 -21.6119 11
    endloop
  endfacet
  facet normal 0 0 1
    outer loop
      vertex -20.5101 -21.5101 11
      vertex -20.5101 -23.4899 11
      vertex -20.4178 -23.3881 11
    endloop
  endfacet
  facet normal 0 0 1
    outer loop
      vertex -20.6119 -21.4178 11
      vertex -20.5101 -23.4899 11
      vertex -20.5101 -21.5101 11
    endloop
  endfacet
  facet normal 0 0 1
    outer loop
      vertex -20.6119 -21.4178 11
      vertex -20.6119 -23.5822 11
      vertex -20.5101 -23.4899 11
    endloop
  endfacet
  facet normal 0 0 1
    outer loop
      vertex -20.7222 -21.3359 11
      vertex -20.6119 -23.5822 11
      vertex -20.6119 -21.4178 11
    endloop
  endfacet
  facet normal 0 0 1
    outer loop
      vertex -20.7222 -21.3359 11
      vertex -20.7222 -23.6641 11
      vertex -20.6119 -23.5822 11
    endloop
  endfacet
  facet normal 0 0 1
    outer loop
      vertex -20.84 -21.2653 11
      vertex -20.7222 -23.6641 11
      vertex -20.7222 -21.3359 11
    endloop
  endfacet
  facet normal 0 0 1
    outer loop
      vertex -20.84 -21.2653 11
      vertex -20.84 -23.7347 11
      vertex -20.7222 -23.6641 11
    endloop
  endfacet
  facet normal 0 0 1
    outer loop
      vertex -20.9642 -21.2066 11
      vertex -20.84 -23.7347 11
      vertex -20.84 -21.2653 11
    endloop
  endfacet
  facet normal 0 0 1
    outer loop
      vertex -20.9642 -21.2066 11
      vertex -20.9642 -23.7934 11
      vertex -20.84 -23.7347 11
    endloop
  endfacet
  facet normal 0 0 1
    outer loop
      vertex -21.0936 -21.1603 11
      vertex -20.9642 -23.7934 11
      vertex -20.9642 -21.2066 11
    endloop
  endfacet
  facet normal 0 0 1
    outer loop
      vertex -21.0936 -21.1603 11
      vertex -21.0936 -23.8397 11
      vertex -20.9642 -23.7934 11
    endloop
  endfacet
  facet normal 0 0 1
    outer loop
      vertex -21.2269 -21.1269 11
      vertex -21.0936 -23.8397 11
      vertex -21.0936 -21.1603 11
    endloop
  endfacet
  facet normal 0 0 1
    outer loop
      vertex -21.2269 -21.1269 11
      vertex -21.2269 -23.8731 11
      vertex -21.0936 -23.8397 11
    endloop
  endfacet
  facet normal 0 0 1
    outer loop
      vertex -21.3628 -21.1067 11
      vertex -21.2269 -23.8731 11
      vertex -21.2269 -21.1269 11
    endloop
  endfacet
  facet normal 0 0 1
    outer loop
      vertex -21.3628 -21.1067 11
      vertex -21.3628 -23.8933 11
      vertex -21.2269 -23.8731 11
    endloop
  endfacet
  facet normal 0 0 1
    outer loop
      vertex -21.5 -21.1 11
      vertex -21.3628 -23.8933 11
      vertex -21.3628 -21.1067 11
    endloop
  endfacet
  facet normal 0 0 1
    outer loop
      vertex -21.5 -21.1 11
      vertex -21.5 -23.9 11
      vertex -21.3628 -23.8933 11
    endloop
  endfacet
  facet normal -0 0 1
    outer loop
      vertex -21.6372 -21.1067 11
      vertex -21.5 -23.9 11
      vertex -21.5 -21.1 11
    endloop
  endfacet
  facet normal 0 0 1
    outer loop
      vertex -21.6372 -21.1067 11
      vertex -21.6372 -23.8933 11
      vertex -21.5 -23.9 11
    endloop
  endfacet
  facet normal -0 0 1
    outer loop
      vertex -21.7731 -21.1269 11
      vertex -21.6372 -23.8933 11
      vertex -21.6372 -21.1067 11
    endloop
  endfacet
  facet normal 0 0 1
    outer loop
      vertex -21.7731 -21.1269 11
      vertex -21.7731 -23.8731 11
      vertex -21.6372 -23.8933 11
    endloop
  endfacet
  facet normal -0 0 1
    outer loop
      vertex -21.9064 -21.1603 11
      vertex -21.7731 -23.8731 11
      vertex -21.7731 -21.1269 11
    endloop
  endfacet
  facet normal 0 0 1
    outer loop
      vertex -21.9064 -21.1603 11
      vertex -21.9064 -23.8397 11
      vertex -21.7731 -23.8731 11
    endloop
  endfacet
  facet normal -0 0 1
    outer loop
      vertex -22.0358 -21.2066 11
      vertex -21.9064 -23.8397 11
      vertex -21.9064 -21.1603 11
    endloop
  endfacet
  facet normal 0 0 1
    outer loop
      vertex -22.0358 -21.2066 11
      vertex -22.0358 -23.7934 11
      vertex -21.9064 -23.8397 11
    endloop
  endfacet
  facet normal -0 0 1
    outer loop
      vertex -22.16 -21.2653 11
      vertex -22.0358 -23.7934 11
      vertex -22.0358 -21.2066 11
    endloop
  endfacet
  facet normal 0 0 1
    outer loop
      vertex -22.16 -21.2653 11
      vertex -22.16 -23.7347 11
      vertex -22.0358 -23.7934 11
    endloop
  endfacet
  facet normal -0 0 1
    outer loop
      vertex -22.2778 -21.3359 11
      vertex -22.16 -23.7347 11
      vertex -22.16 -21.2653 11
    endloop
  endfacet
  facet normal 0 0 1
    outer loop
      vertex -22.2778 -21.3359 11
      vertex -22.2778 -23.6641 11
      vertex -22.16 -23.7347 11
    endloop
  endfacet
  facet normal -0 0 1
    outer loop
      vertex -22.3881 -21.4178 11
      vertex -22.2778 -23.6641 11
      vertex -22.2778 -21.3359 11
    endloop
  endfacet
  facet normal 0 0 1
    outer loop
      vertex -22.3881 -21.4178 11
      vertex -22.3881 -23.5822 11
      vertex -22.2778 -23.6641 11
    endloop
  endfacet
  facet normal -0 0 1
    outer loop
      vertex -22.4899 -21.5101 11
      vertex -22.3881 -23.5822 11
      vertex -22.3881 -21.4178 11
    endloop
  endfacet
  facet normal 0 0 1
    outer loop
      vertex -22.4899 -21.5101 11
      vertex -22.4899 -23.4899 11
      vertex -22.3881 -23.5822 11
    endloop
  endfacet
  facet normal -0 0 1
    outer loop
      vertex -22.5822 -21.6119 11
      vertex -22.4899 -23.4899 11
      vertex -22.4899 -21.5101 11
    endloop
  endfacet
  facet normal 0 0 1
    outer loop
      vertex -22.5822 -21.6119 11
      vertex -22.5822 -23.3881 11
      vertex -22.4899 -23.4899 11
    endloop
  endfacet
  facet normal -0 0 1
    outer loop
      vertex -22.6641 -21.7222 11
      vertex -22.5822 -23.3881 11
      vertex -22.5822 -21.6119 11
    endloop
  endfacet
  facet normal 0 0 1
    outer loop
      vertex -22.6641 -21.7222 11
      vertex -22.6641 -23.2778 11
      vertex -22.5822 -23.3881 11
    endloop
  endfacet
  facet normal -0 0 1
    outer loop
      vertex -22.7347 -21.84 11
      vertex -22.6641 -23.2778 11
      vertex -22.6641 -21.7222 11
    endloop
  endfacet
  facet normal 0 0 1
    outer loop
      vertex -22.7347 -21.84 11
      vertex -22.7347 -23.16 11
      vertex -22.6641 -23.2778 11
    endloop
  endfacet
  facet normal -0 0 1
    outer loop
      vertex -22.7934 -21.9642 11
      vertex -22.7347 -23.16 11
      vertex -22.7347 -21.84 11
    endloop
  endfacet
  facet normal 0 0 1
    outer loop
      vertex -22.7934 -21.9642 11
      vertex -22.7934 -23.0358 11
      vertex -22.7347 -23.16 11
    endloop
  endfacet
  facet normal -0 0 1
    outer loop
      vertex -22.8397 -22.0936 11
      vertex -22.7934 -23.0358 11
      vertex -22.7934 -21.9642 11
    endloop
  endfacet
  facet normal 0 0 1
    outer loop
      vertex -22.8397 -22.0936 11
      vertex -22.8397 -22.9064 11
      vertex -22.7934 -23.0358 11
    endloop
  endfacet
  facet normal -0 0 1
    outer loop
      vertex -22.8731 -22.2269 11
      vertex -22.8397 -22.9064 11
      vertex -22.8397 -22.0936 11
    endloop
  endfacet
  facet normal 0 0 1
    outer loop
      vertex -22.8731 -22.2269 11
      vertex -22.8731 -22.7731 11
      vertex -22.8397 -22.9064 11
    endloop
  endfacet
  facet normal -0 0 1
    outer loop
      vertex -22.8933 -22.3628 11
      vertex -22.8731 -22.7731 11
      vertex -22.8731 -22.2269 11
    endloop
  endfacet
  facet normal 0 0 1
    outer loop
      vertex -22.8933 -22.3628 11
      vertex -22.8933 -22.6372 11
      vertex -22.8731 -22.7731 11
    endloop
  endfacet
  facet normal 0 -0 1
    outer loop
      vertex -22.8933 -22.6372 11
      vertex -22.8933 -22.3628 11
      vertex -22.9 -22.5 11
    endloop
  endfacet
  facet normal 0.802873 0.59615 0
    outer loop
      vertex -22.5822 -23.3881 19
      vertex -22.6641 -23.2778 11
      vertex -22.6641 -23.2778 19
    endloop
  endfacet
  facet normal 0.802873 0.59615 0
    outer loop
      vertex -22.6641 -23.2778 11
      vertex -22.5822 -23.3881 19
      vertex -22.5822 -23.3881 11
    endloop
  endfacet
  facet normal 0.904108 0.427304 0
    outer loop
      vertex -22.7347 -23.16 19
      vertex -22.7934 -23.0358 11
      vertex -22.7934 -23.0358 19
    endloop
  endfacet
  facet normal 0.904108 0.427304 0
    outer loop
      vertex -22.7934 -23.0358 11
      vertex -22.7347 -23.16 19
      vertex -22.7347 -23.16 11
    endloop
  endfacet
  facet normal 0.740829 0.671694 0
    outer loop
      vertex -22.4899 -23.4899 19
      vertex -22.5822 -23.3881 11
      vertex -22.5822 -23.3881 19
    endloop
  endfacet
  facet normal 0.740829 0.671694 0
    outer loop
      vertex -22.5822 -23.3881 11
      vertex -22.4899 -23.4899 19
      vertex -22.4899 -23.4899 11
    endloop
  endfacet
  facet normal -0.989133 -0.147023 0
    outer loop
      vertex -20.1067 -22.3628 11
      vertex -20.1269 -22.2269 19
      vertex -20.1269 -22.2269 11
    endloop
  endfacet
  facet normal -0.989133 -0.147023 0
    outer loop
      vertex -20.1269 -22.2269 19
      vertex -20.1067 -22.3628 11
      vertex -20.1067 -22.3628 19
    endloop
  endfacet
  facet normal -0.147023 -0.989133 0
    outer loop
      vertex -21.3628 -21.1067 11
      vertex -21.2269 -21.1269 19
      vertex -21.3628 -21.1067 19
    endloop
  endfacet
  facet normal -0.147023 -0.989133 -0
    outer loop
      vertex -21.2269 -21.1269 19
      vertex -21.3628 -21.1067 11
      vertex -21.2269 -21.1269 11
    endloop
  endfacet
  facet normal 0.989133 -0.147023 0
    outer loop
      vertex -22.8933 -22.3628 19
      vertex -22.8731 -22.2269 11
      vertex -22.8731 -22.2269 19
    endloop
  endfacet
  facet normal 0.989133 -0.147023 0
    outer loop
      vertex -22.8731 -22.2269 11
      vertex -22.8933 -22.3628 19
      vertex -22.8933 -22.3628 11
    endloop
  endfacet
  facet normal -0.970014 0.243049 0
    outer loop
      vertex -20.1603 -22.9064 11
      vertex -20.1269 -22.7731 19
      vertex -20.1269 -22.7731 11
    endloop
  endfacet
  facet normal -0.970014 0.243049 0
    outer loop
      vertex -20.1269 -22.7731 19
      vertex -20.1603 -22.9064 11
      vertex -20.1603 -22.9064 19
    endloop
  endfacet
  facet normal -0.941544 0.336889 0
    outer loop
      vertex -20.2066 -23.0358 11
      vertex -20.1603 -22.9064 19
      vertex -20.1603 -22.9064 11
    endloop
  endfacet
  facet normal -0.941544 0.336889 0
    outer loop
      vertex -20.1603 -22.9064 19
      vertex -20.2066 -23.0358 11
      vertex -20.2066 -23.0358 19
    endloop
  endfacet
  facet normal -0.336889 0.941544 0
    outer loop
      vertex -20.9642 -23.7934 11
      vertex -21.0936 -23.8397 19
      vertex -20.9642 -23.7934 19
    endloop
  endfacet
  facet normal -0.336889 0.941544 0
    outer loop
      vertex -21.0936 -23.8397 19
      vertex -20.9642 -23.7934 11
      vertex -21.0936 -23.8397 11
    endloop
  endfacet
  facet normal -0.671694 0.740829 0
    outer loop
      vertex -20.5101 -23.4899 11
      vertex -20.6119 -23.5822 19
      vertex -20.5101 -23.4899 19
    endloop
  endfacet
  facet normal -0.671694 0.740829 0
    outer loop
      vertex -20.6119 -23.5822 19
      vertex -20.5101 -23.4899 11
      vertex -20.6119 -23.5822 11
    endloop
  endfacet
  facet normal -0.514067 0.85775 0
    outer loop
      vertex -20.7222 -23.6641 11
      vertex -20.84 -23.7347 19
      vertex -20.7222 -23.6641 19
    endloop
  endfacet
  facet normal -0.514067 0.85775 0
    outer loop
      vertex -20.84 -23.7347 19
      vertex -20.7222 -23.6641 11
      vertex -20.84 -23.7347 11
    endloop
  endfacet
  facet normal -0.802873 0.59615 0
    outer loop
      vertex -20.4178 -23.3881 11
      vertex -20.3359 -23.2778 19
      vertex -20.3359 -23.2778 11
    endloop
  endfacet
  facet normal -0.802873 0.59615 0
    outer loop
      vertex -20.3359 -23.2778 19
      vertex -20.4178 -23.3881 11
      vertex -20.4178 -23.3881 19
    endloop
  endfacet
  facet normal 0.243049 0.970014 -0
    outer loop
      vertex -21.7731 -23.8731 11
      vertex -21.9064 -23.8397 19
      vertex -21.7731 -23.8731 19
    endloop
  endfacet
  facet normal 0.243049 0.970014 0
    outer loop
      vertex -21.9064 -23.8397 19
      vertex -21.7731 -23.8731 11
      vertex -21.9064 -23.8397 11
    endloop
  endfacet
  facet normal 0.59615 0.802873 -0
    outer loop
      vertex -22.2778 -23.6641 11
      vertex -22.3881 -23.5822 19
      vertex -22.2778 -23.6641 19
    endloop
  endfacet
  facet normal 0.59615 0.802873 0
    outer loop
      vertex -22.3881 -23.5822 19
      vertex -22.2778 -23.6641 11
      vertex -22.3881 -23.5822 11
    endloop
  endfacet
  facet normal 0.941544 0.336889 0
    outer loop
      vertex -22.7934 -23.0358 19
      vertex -22.8397 -22.9064 11
      vertex -22.8397 -22.9064 19
    endloop
  endfacet
  facet normal 0.941544 0.336889 0
    outer loop
      vertex -22.8397 -22.9064 11
      vertex -22.7934 -23.0358 19
      vertex -22.7934 -23.0358 11
    endloop
  endfacet
  facet normal 0.989133 0.147023 0
    outer loop
      vertex -22.8731 -22.7731 19
      vertex -22.8933 -22.6372 11
      vertex -22.8933 -22.6372 19
    endloop
  endfacet
  facet normal 0.989133 0.147023 0
    outer loop
      vertex -22.8933 -22.6372 11
      vertex -22.8731 -22.7731 19
      vertex -22.8731 -22.7731 11
    endloop
  endfacet
  facet normal 0.85775 0.514067 0
    outer loop
      vertex -22.6641 -23.2778 19
      vertex -22.7347 -23.16 11
      vertex -22.7347 -23.16 19
    endloop
  endfacet
  facet normal 0.85775 0.514067 0
    outer loop
      vertex -22.7347 -23.16 11
      vertex -22.6641 -23.2778 19
      vertex -22.6641 -23.2778 11
    endloop
  endfacet
  facet normal -0.99881 0.0487757 0
    outer loop
      vertex -20.1067 -22.6372 11
      vertex -20.1 -22.5 19
      vertex -20.1 -22.5 11
    endloop
  endfacet
  facet normal -0.99881 0.0487757 0
    outer loop
      vertex -20.1 -22.5 19
      vertex -20.1067 -22.6372 11
      vertex -20.1067 -22.6372 19
    endloop
  endfacet
  facet normal 0.998791 0.0491626 0
    outer loop
      vertex 25.5 20.5 19
      vertex 25.4807 20.8921 1
      vertex 25.4807 20.8921 19
    endloop
  endfacet
  facet normal 0.998791 0.0491626 0
    outer loop
      vertex 25.4807 20.8921 1
      vertex 25.5 20.5 19
      vertex 25.5 20.5 1
    endloop
  endfacet
  facet normal -0.998791 0.0491626 0
    outer loop
      vertex 17.5 20.5 1
      vertex 17.5193 20.8921 19
      vertex 17.5193 20.8921 1
    endloop
  endfacet
  facet normal -0.998791 0.0491626 0
    outer loop
      vertex 17.5193 20.8921 19
      vertex 17.5 20.5 1
      vertex 17.5 20.5 19
    endloop
  endfacet
  facet normal 0.0491626 0.998791 -0
    outer loop
      vertex 21.8921 24.4807 1
      vertex 21.5 24.5 19
      vertex 21.8921 24.4807 19
    endloop
  endfacet
  facet normal 0.0491626 0.998791 0
    outer loop
      vertex 21.5 24.5 19
      vertex 21.8921 24.4807 1
      vertex 21.5 24.5 1
    endloop
  endfacet
  facet normal -0.0491626 -0.998791 0
    outer loop
      vertex 21.1079 16.5193 1
      vertex 21.5 16.5 19
      vertex 21.1079 16.5193 19
    endloop
  endfacet
  facet normal -0.0491626 -0.998791 -0
    outer loop
      vertex 21.5 16.5 19
      vertex 21.1079 16.5193 1
      vertex 21.5 16.5 1
    endloop
  endfacet
  facet normal 0.671607 0.740908 -0
    outer loop
      vertex 24.3284 23.3284 1
      vertex 24.0376 23.592 19
      vertex 24.3284 23.3284 19
    endloop
  endfacet
  facet normal 0.671607 0.740908 0
    outer loop
      vertex 24.0376 23.592 19
      vertex 24.3284 23.3284 1
      vertex 24.0376 23.592 1
    endloop
  endfacet
  facet normal -0.671607 0.740908 0
    outer loop
      vertex 18.9624 23.592 1
      vertex 18.6716 23.3284 19
      vertex 18.9624 23.592 19
    endloop
  endfacet
  facet normal -0.671607 0.740908 0
    outer loop
      vertex 18.6716 23.3284 19
      vertex 18.9624 23.592 1
      vertex 18.6716 23.3284 1
    endloop
  endfacet
  facet normal -0.337014 0.9415 0
    outer loop
      vertex 20.3389 24.3278 1
      vertex 19.9693 24.1955 19
      vertex 20.3389 24.3278 19
    endloop
  endfacet
  facet normal -0.337014 0.9415 0
    outer loop
      vertex 19.9693 24.1955 19
      vertex 20.3389 24.3278 1
      vertex 19.9693 24.1955 1
    endloop
  endfacet
  facet normal 0.904044 0.42744 0
    outer loop
      vertex 25.1955 22.0307 19
      vertex 25.0277 22.3856 1
      vertex 25.0277 22.3856 19
    endloop
  endfacet
  facet normal 0.904044 0.42744 0
    outer loop
      vertex 25.0277 22.3856 1
      vertex 25.1955 22.0307 19
      vertex 25.1955 22.0307 1
    endloop
  endfacet
  facet normal 0.42744 0.904044 -0
    outer loop
      vertex 23.3856 24.0277 1
      vertex 23.0307 24.1955 19
      vertex 23.3856 24.0277 19
    endloop
  endfacet
  facet normal 0.42744 0.904044 0
    outer loop
      vertex 23.0307 24.1955 19
      vertex 23.3856 24.0277 1
      vertex 23.0307 24.1955 1
    endloop
  endfacet
  facet normal 0.595794 0.803137 -0
    outer loop
      vertex 24.0376 23.592 1
      vertex 23.7223 23.8259 19
      vertex 24.0376 23.592 19
    endloop
  endfacet
  facet normal 0.595794 0.803137 0
    outer loop
      vertex 23.7223 23.8259 19
      vertex 24.0376 23.592 1
      vertex 23.7223 23.8259 1
    endloop
  endfacet
  facet normal -0.904044 0.42744 0
    outer loop
      vertex 17.8045 22.0307 1
      vertex 17.9723 22.3856 19
      vertex 17.9723 22.3856 1
    endloop
  endfacet
  facet normal -0.904044 0.42744 0
    outer loop
      vertex 17.9723 22.3856 19
      vertex 17.8045 22.0307 1
      vertex 17.8045 22.0307 19
    endloop
  endfacet
  facet normal -0.146733 0.989176 0
    outer loop
      vertex 21.1079 24.4807 1
      vertex 20.7196 24.4231 19
      vertex 21.1079 24.4807 19
    endloop
  endfacet
  facet normal -0.146733 0.989176 0
    outer loop
      vertex 20.7196 24.4231 19
      vertex 21.1079 24.4807 1
      vertex 20.7196 24.4231 1
    endloop
  endfacet
  facet normal 0.9415 -0.337014 0
    outer loop
      vertex 25.1955 18.9693 19
      vertex 25.3278 19.3389 1
      vertex 25.3278 19.3389 19
    endloop
  endfacet
  facet normal 0.9415 -0.337014 0
    outer loop
      vertex 25.3278 19.3389 1
      vertex 25.1955 18.9693 19
      vertex 25.1955 18.9693 1
    endloop
  endfacet
  facet normal 0.970068 0.242835 0
    outer loop
      vertex 25.4231 21.2804 19
      vertex 25.3278 21.6611 1
      vertex 25.3278 21.6611 19
    endloop
  endfacet
  facet normal 0.970068 0.242835 0
    outer loop
      vertex 25.3278 21.6611 1
      vertex 25.4231 21.2804 19
      vertex 25.4231 21.2804 1
    endloop
  endfacet
  facet normal 0.989176 0.146733 0
    outer loop
      vertex 25.4807 20.8921 19
      vertex 25.4231 21.2804 1
      vertex 25.4231 21.2804 19
    endloop
  endfacet
  facet normal 0.989176 0.146733 0
    outer loop
      vertex 25.4231 21.2804 1
      vertex 25.4807 20.8921 19
      vertex 25.4807 20.8921 1
    endloop
  endfacet
  facet normal 0.9415 0.337014 0
    outer loop
      vertex 25.3278 21.6611 19
      vertex 25.1955 22.0307 1
      vertex 25.1955 22.0307 19
    endloop
  endfacet
  facet normal 0.9415 0.337014 0
    outer loop
      vertex 25.1955 22.0307 1
      vertex 25.3278 21.6611 19
      vertex 25.3278 21.6611 1
    endloop
  endfacet
  facet normal 0.803137 0.595794 0
    outer loop
      vertex 24.8259 22.7223 19
      vertex 24.592 23.0376 1
      vertex 24.592 23.0376 19
    endloop
  endfacet
  facet normal 0.803137 0.595794 0
    outer loop
      vertex 24.592 23.0376 1
      vertex 24.8259 22.7223 19
      vertex 24.8259 22.7223 1
    endloop
  endfacet
  facet normal 0.740908 0.671607 0
    outer loop
      vertex 24.592 23.0376 19
      vertex 24.3284 23.3284 1
      vertex 24.3284 23.3284 19
    endloop
  endfacet
  facet normal 0.740908 0.671607 0
    outer loop
      vertex 24.3284 23.3284 1
      vertex 24.592 23.0376 19
      vertex 24.592 23.0376 1
    endloop
  endfacet
  facet normal 0.85774 0.514084 0
    outer loop
      vertex 25.0277 22.3856 19
      vertex 24.8259 22.7223 1
      vertex 24.8259 22.7223 19
    endloop
  endfacet
  facet normal 0.85774 0.514084 0
    outer loop
      vertex 24.8259 22.7223 1
      vertex 25.0277 22.3856 19
      vertex 25.0277 22.3856 1
    endloop
  endfacet
  facet normal 0.242835 0.970068 -0
    outer loop
      vertex 22.6611 24.3278 1
      vertex 22.2804 24.4231 19
      vertex 22.6611 24.3278 19
    endloop
  endfacet
  facet normal 0.242835 0.970068 0
    outer loop
      vertex 22.2804 24.4231 19
      vertex 22.6611 24.3278 1
      vertex 22.2804 24.4231 1
    endloop
  endfacet
  facet normal 0.337014 0.9415 -0
    outer loop
      vertex 23.0307 24.1955 1
      vertex 22.6611 24.3278 19
      vertex 23.0307 24.1955 19
    endloop
  endfacet
  facet normal 0.337014 0.9415 0
    outer loop
      vertex 22.6611 24.3278 19
      vertex 23.0307 24.1955 1
      vertex 22.6611 24.3278 1
    endloop
  endfacet
  facet normal 0.146733 0.989176 -0
    outer loop
      vertex 22.2804 24.4231 1
      vertex 21.8921 24.4807 19
      vertex 22.2804 24.4231 19
    endloop
  endfacet
  facet normal 0.146733 0.989176 0
    outer loop
      vertex 21.8921 24.4807 19
      vertex 22.2804 24.4231 1
      vertex 21.8921 24.4807 1
    endloop
  endfacet
  facet normal 0.514084 0.85774 -0
    outer loop
      vertex 23.7223 23.8259 1
      vertex 23.3856 24.0277 19
      vertex 23.7223 23.8259 19
    endloop
  endfacet
  facet normal 0.514084 0.85774 0
    outer loop
      vertex 23.3856 24.0277 19
      vertex 23.7223 23.8259 1
      vertex 23.3856 24.0277 1
    endloop
  endfacet
  facet normal -0.970068 0.242835 0
    outer loop
      vertex 17.5769 21.2804 1
      vertex 17.6722 21.6611 19
      vertex 17.6722 21.6611 1
    endloop
  endfacet
  facet normal -0.970068 0.242835 0
    outer loop
      vertex 17.6722 21.6611 19
      vertex 17.5769 21.2804 1
      vertex 17.5769 21.2804 19
    endloop
  endfacet
  facet normal -0.803137 0.595794 0
    outer loop
      vertex 18.1741 22.7223 1
      vertex 18.408 23.0376 19
      vertex 18.408 23.0376 1
    endloop
  endfacet
  facet normal -0.803137 0.595794 0
    outer loop
      vertex 18.408 23.0376 19
      vertex 18.1741 22.7223 1
      vertex 18.1741 22.7223 19
    endloop
  endfacet
  facet normal -0.740908 0.671607 0
    outer loop
      vertex 18.408 23.0376 1
      vertex 18.6716 23.3284 19
      vertex 18.6716 23.3284 1
    endloop
  endfacet
  facet normal -0.740908 0.671607 0
    outer loop
      vertex 18.6716 23.3284 19
      vertex 18.408 23.0376 1
      vertex 18.408 23.0376 19
    endloop
  endfacet
  facet normal -0.85774 0.514084 0
    outer loop
      vertex 17.9723 22.3856 1
      vertex 18.1741 22.7223 19
      vertex 18.1741 22.7223 1
    endloop
  endfacet
  facet normal -0.85774 0.514084 0
    outer loop
      vertex 18.1741 22.7223 19
      vertex 17.9723 22.3856 1
      vertex 17.9723 22.3856 19
    endloop
  endfacet
  facet normal -0.9415 0.337014 0
    outer loop
      vertex 17.6722 21.6611 1
      vertex 17.8045 22.0307 19
      vertex 17.8045 22.0307 1
    endloop
  endfacet
  facet normal -0.9415 0.337014 0
    outer loop
      vertex 17.8045 22.0307 19
      vertex 17.6722 21.6611 1
      vertex 17.6722 21.6611 19
    endloop
  endfacet
  facet normal -0.989176 0.146733 0
    outer loop
      vertex 17.5193 20.8921 1
      vertex 17.5769 21.2804 19
      vertex 17.5769 21.2804 1
    endloop
  endfacet
  facet normal -0.989176 0.146733 0
    outer loop
      vertex 17.5769 21.2804 19
      vertex 17.5193 20.8921 1
      vertex 17.5193 20.8921 19
    endloop
  endfacet
  facet normal 0 0 1
    outer loop
      vertex 22.9 20.5 19
      vertex 25.5 20.5 19
      vertex 25.4807 20.8921 19
    endloop
  endfacet
  facet normal 0 0 1
    outer loop
      vertex 22.8933 20.6372 19
      vertex 25.4807 20.8921 19
      vertex 25.4231 21.2804 19
    endloop
  endfacet
  facet normal 0 0 1
    outer loop
      vertex 25.5 20.5 19
      vertex 22.9 20.5 19
      vertex 25.4807 20.1079 19
    endloop
  endfacet
  facet normal 0 0 1
    outer loop
      vertex 22.8731 20.7731 19
      vertex 25.4231 21.2804 19
      vertex 25.3278 21.6611 19
    endloop
  endfacet
  facet normal -0 0 1
    outer loop
      vertex 22.8933 20.3628 19
      vertex 25.4807 20.1079 19
      vertex 22.9 20.5 19
    endloop
  endfacet
  facet normal 0 0 1
    outer loop
      vertex 22.8397 20.9064 19
      vertex 25.3278 21.6611 19
      vertex 25.1955 22.0307 19
    endloop
  endfacet
  facet normal 0 0 1
    outer loop
      vertex 25.4807 20.1079 19
      vertex 22.8933 20.3628 19
      vertex 25.4231 19.7196 19
    endloop
  endfacet
  facet normal 0 0 1
    outer loop
      vertex 22.7934 21.0358 19
      vertex 25.1955 22.0307 19
      vertex 25.0277 22.3856 19
    endloop
  endfacet
  facet normal -0 0 1
    outer loop
      vertex 22.8731 20.2269 19
      vertex 25.4231 19.7196 19
      vertex 22.8933 20.3628 19
    endloop
  endfacet
  facet normal 0 0 1
    outer loop
      vertex 22.7347 21.16 19
      vertex 25.0277 22.3856 19
      vertex 24.8259 22.7223 19
    endloop
  endfacet
  facet normal 0 0 1
    outer loop
      vertex 25.4231 19.7196 19
      vertex 22.8731 20.2269 19
      vertex 25.3278 19.3389 19
    endloop
  endfacet
  facet normal 0 0 1
    outer loop
      vertex 22.6641 21.2778 19
      vertex 24.8259 22.7223 19
      vertex 24.592 23.0376 19
    endloop
  endfacet
  facet normal -0 0 1
    outer loop
      vertex 22.8397 20.0936 19
      vertex 25.3278 19.3389 19
      vertex 22.8731 20.2269 19
    endloop
  endfacet
  facet normal 0 0 1
    outer loop
      vertex 22.5822 21.3881 19
      vertex 24.592 23.0376 19
      vertex 24.3284 23.3284 19
    endloop
  endfacet
  facet normal 0 0 1
    outer loop
      vertex 25.3278 19.3389 19
      vertex 22.8397 20.0936 19
      vertex 25.1955 18.9693 19
    endloop
  endfacet
  facet normal 0 0 1
    outer loop
      vertex 22.4899 21.4899 19
      vertex 24.3284 23.3284 19
      vertex 24.0376 23.592 19
    endloop
  endfacet
  facet normal -0 0 1
    outer loop
      vertex 22.7934 19.9642 19
      vertex 25.1955 18.9693 19
      vertex 22.8397 20.0936 19
    endloop
  endfacet
  facet normal 0 0 1
    outer loop
      vertex 22.3881 21.5822 19
      vertex 24.0376 23.592 19
      vertex 23.7223 23.8259 19
    endloop
  endfacet
  facet normal 0 0 1
    outer loop
      vertex 25.1955 18.9693 19
      vertex 22.7934 19.9642 19
      vertex 25.0277 18.6144 19
    endloop
  endfacet
  facet normal 0 0 1
    outer loop
      vertex 22.2778 21.6641 19
      vertex 23.7223 23.8259 19
      vertex 23.3856 24.0277 19
    endloop
  endfacet
  facet normal -0 0 1
    outer loop
      vertex 22.7347 19.84 19
      vertex 25.0277 18.6144 19
      vertex 22.7934 19.9642 19
    endloop
  endfacet
  facet normal 0 0 1
    outer loop
      vertex 22.16 21.7347 19
      vertex 23.3856 24.0277 19
      vertex 23.0307 24.1955 19
    endloop
  endfacet
  facet normal 0 0 1
    outer loop
      vertex 25.0277 18.6144 19
      vertex 22.7347 19.84 19
      vertex 24.8259 18.2777 19
    endloop
  endfacet
  facet normal -0 0 1
    outer loop
      vertex 22.6641 19.7222 19
      vertex 24.8259 18.2777 19
      vertex 22.7347 19.84 19
    endloop
  endfacet
  facet normal 0 0 1
    outer loop
      vertex 25.4807 20.8921 19
      vertex 22.8933 20.6372 19
      vertex 22.9 20.5 19
    endloop
  endfacet
  facet normal 0 0 1
    outer loop
      vertex 25.4231 21.2804 19
      vertex 22.8731 20.7731 19
      vertex 22.8933 20.6372 19
    endloop
  endfacet
  facet normal 0 0 1
    outer loop
      vertex 25.3278 21.6611 19
      vertex 22.8397 20.9064 19
      vertex 22.8731 20.7731 19
    endloop
  endfacet
  facet normal 0 0 1
    outer loop
      vertex 25.1955 22.0307 19
      vertex 22.7934 21.0358 19
      vertex 22.8397 20.9064 19
    endloop
  endfacet
  facet normal 0 0 1
    outer loop
      vertex 25.0277 22.3856 19
      vertex 22.7347 21.16 19
      vertex 22.7934 21.0358 19
    endloop
  endfacet
  facet normal 0 0 1
    outer loop
      vertex 24.8259 22.7223 19
      vertex 22.6641 21.2778 19
      vertex 22.7347 21.16 19
    endloop
  endfacet
  facet normal 0 0 1
    outer loop
      vertex 22.0358 21.7934 19
      vertex 23.0307 24.1955 19
      vertex 22.6611 24.3278 19
    endloop
  endfacet
  facet normal 0 0 1
    outer loop
      vertex 24.592 23.0376 19
      vertex 22.5822 21.3881 19
      vertex 22.6641 21.2778 19
    endloop
  endfacet
  facet normal 0 0 1
    outer loop
      vertex 24.3284 23.3284 19
      vertex 22.4899 21.4899 19
      vertex 22.5822 21.3881 19
    endloop
  endfacet
  facet normal 0 0 1
    outer loop
      vertex 24.0376 23.592 19
      vertex 22.3881 21.5822 19
      vertex 22.4899 21.4899 19
    endloop
  endfacet
  facet normal 0 0 1
    outer loop
      vertex 21.9064 21.8397 19
      vertex 22.6611 24.3278 19
      vertex 22.2804 24.4231 19
    endloop
  endfacet
  facet normal 0 0 1
    outer loop
      vertex 23.7223 23.8259 19
      vertex 22.2778 21.6641 19
      vertex 22.3881 21.5822 19
    endloop
  endfacet
  facet normal 0 0 1
    outer loop
      vertex 23.3856 24.0277 19
      vertex 22.16 21.7347 19
      vertex 22.2778 21.6641 19
    endloop
  endfacet
  facet normal 0 0 1
    outer loop
      vertex 23.0307 24.1955 19
      vertex 22.0358 21.7934 19
      vertex 22.16 21.7347 19
    endloop
  endfacet
  facet normal 0 0 1
    outer loop
      vertex 22.6611 24.3278 19
      vertex 21.9064 21.8397 19
      vertex 22.0358 21.7934 19
    endloop
  endfacet
  facet normal 0 0 1
    outer loop
      vertex 21.7731 21.8731 19
      vertex 22.2804 24.4231 19
      vertex 21.8921 24.4807 19
    endloop
  endfacet
  facet normal 0 0 1
    outer loop
      vertex 22.2804 24.4231 19
      vertex 21.7731 21.8731 19
      vertex 21.9064 21.8397 19
    endloop
  endfacet
  facet normal 0 0 1
    outer loop
      vertex 21.8921 24.4807 19
      vertex 21.6372 21.8933 19
      vertex 21.7731 21.8731 19
    endloop
  endfacet
  facet normal 0 0 1
    outer loop
      vertex 21.5 24.5 19
      vertex 21.6372 21.8933 19
      vertex 21.8921 24.4807 19
    endloop
  endfacet
  facet normal 0 0 1
    outer loop
      vertex 21.5 24.5 19
      vertex 21.5 21.9 19
      vertex 21.6372 21.8933 19
    endloop
  endfacet
  facet normal 0 0 1
    outer loop
      vertex 21.5 24.5 19
      vertex 21.3628 21.8933 19
      vertex 21.5 21.9 19
    endloop
  endfacet
  facet normal -0 0 1
    outer loop
      vertex 21.1079 24.4807 19
      vertex 21.3628 21.8933 19
      vertex 21.5 24.5 19
    endloop
  endfacet
  facet normal 0 0 1
    outer loop
      vertex 21.3628 21.8933 19
      vertex 21.1079 24.4807 19
      vertex 21.2269 21.8731 19
    endloop
  endfacet
  facet normal -0 0 1
    outer loop
      vertex 20.7196 24.4231 19
      vertex 21.2269 21.8731 19
      vertex 21.1079 24.4807 19
    endloop
  endfacet
  facet normal 0 0 1
    outer loop
      vertex 21.2269 21.8731 19
      vertex 20.7196 24.4231 19
      vertex 21.0936 21.8397 19
    endloop
  endfacet
  facet normal -0 0 1
    outer loop
      vertex 20.3389 24.3278 19
      vertex 21.0936 21.8397 19
      vertex 20.7196 24.4231 19
    endloop
  endfacet
  facet normal 0 0 1
    outer loop
      vertex 21.0936 21.8397 19
      vertex 20.3389 24.3278 19
      vertex 20.9642 21.7934 19
    endloop
  endfacet
  facet normal -0 0 1
    outer loop
      vertex 19.9693 24.1955 19
      vertex 20.9642 21.7934 19
      vertex 20.3389 24.3278 19
    endloop
  endfacet
  facet normal 0 0 1
    outer loop
      vertex 20.9642 21.7934 19
      vertex 19.9693 24.1955 19
      vertex 20.84 21.7347 19
    endloop
  endfacet
  facet normal -0 0 1
    outer loop
      vertex 19.6144 24.0277 19
      vertex 20.84 21.7347 19
      vertex 19.9693 24.1955 19
    endloop
  endfacet
  facet normal 0 0 1
    outer loop
      vertex 20.84 21.7347 19
      vertex 19.6144 24.0277 19
      vertex 20.7222 21.6641 19
    endloop
  endfacet
  facet normal -0 0 1
    outer loop
      vertex 19.2777 23.8259 19
      vertex 20.7222 21.6641 19
      vertex 19.6144 24.0277 19
    endloop
  endfacet
  facet normal 0 0 1
    outer loop
      vertex 20.7222 21.6641 19
      vertex 19.2777 23.8259 19
      vertex 20.6119 21.5822 19
    endloop
  endfacet
  facet normal -0 0 1
    outer loop
      vertex 18.9624 23.592 19
      vertex 20.6119 21.5822 19
      vertex 19.2777 23.8259 19
    endloop
  endfacet
  facet normal 0 0 1
    outer loop
      vertex 20.6119 21.5822 19
      vertex 18.9624 23.592 19
      vertex 20.5101 21.4899 19
    endloop
  endfacet
  facet normal -0 0 1
    outer loop
      vertex 18.6716 23.3284 19
      vertex 20.5101 21.4899 19
      vertex 18.9624 23.592 19
    endloop
  endfacet
  facet normal 0 0 1
    outer loop
      vertex 20.5101 21.4899 19
      vertex 18.6716 23.3284 19
      vertex 20.4178 21.3881 19
    endloop
  endfacet
  facet normal -0 0 1
    outer loop
      vertex 18.408 23.0376 19
      vertex 20.4178 21.3881 19
      vertex 18.6716 23.3284 19
    endloop
  endfacet
  facet normal -0 0 1
    outer loop
      vertex 18.1741 22.7223 19
      vertex 20.3359 21.2778 19
      vertex 18.408 23.0376 19
    endloop
  endfacet
  facet normal 0 0 1
    outer loop
      vertex 20.4178 21.3881 19
      vertex 18.408 23.0376 19
      vertex 20.3359 21.2778 19
    endloop
  endfacet
  facet normal 0 0 1
    outer loop
      vertex 24.8259 18.2777 19
      vertex 22.6641 19.7222 19
      vertex 24.592 17.9624 19
    endloop
  endfacet
  facet normal -0 0 1
    outer loop
      vertex 22.5822 19.6119 19
      vertex 24.592 17.9624 19
      vertex 22.6641 19.7222 19
    endloop
  endfacet
  facet normal 0 0 1
    outer loop
      vertex 24.592 17.9624 19
      vertex 22.5822 19.6119 19
      vertex 24.3284 17.6716 19
    endloop
  endfacet
  facet normal -0 0 1
    outer loop
      vertex 22.4899 19.5101 19
      vertex 24.3284 17.6716 19
      vertex 22.5822 19.6119 19
    endloop
  endfacet
  facet normal 0 0 1
    outer loop
      vertex 24.3284 17.6716 19
      vertex 22.4899 19.5101 19
      vertex 24.0376 17.408 19
    endloop
  endfacet
  facet normal -0 0 1
    outer loop
      vertex 22.3881 19.4178 19
      vertex 24.0376 17.408 19
      vertex 22.4899 19.5101 19
    endloop
  endfacet
  facet normal 0 0 1
    outer loop
      vertex 24.0376 17.408 19
      vertex 22.3881 19.4178 19
      vertex 23.7223 17.1741 19
    endloop
  endfacet
  facet normal -0 0 1
    outer loop
      vertex 22.2778 19.3359 19
      vertex 23.7223 17.1741 19
      vertex 22.3881 19.4178 19
    endloop
  endfacet
  facet normal 0 0 1
    outer loop
      vertex 23.7223 17.1741 19
      vertex 22.2778 19.3359 19
      vertex 23.3856 16.9723 19
    endloop
  endfacet
  facet normal -0 0 1
    outer loop
      vertex 22.16 19.2653 19
      vertex 23.3856 16.9723 19
      vertex 22.2778 19.3359 19
    endloop
  endfacet
  facet normal 0 0 1
    outer loop
      vertex 23.3856 16.9723 19
      vertex 22.16 19.2653 19
      vertex 23.0307 16.8045 19
    endloop
  endfacet
  facet normal -0 0 1
    outer loop
      vertex 22.0358 19.2066 19
      vertex 23.0307 16.8045 19
      vertex 22.16 19.2653 19
    endloop
  endfacet
  facet normal 0 0 1
    outer loop
      vertex 23.0307 16.8045 19
      vertex 22.0358 19.2066 19
      vertex 22.6611 16.6722 19
    endloop
  endfacet
  facet normal -0 0 1
    outer loop
      vertex 21.9064 19.1603 19
      vertex 22.6611 16.6722 19
      vertex 22.0358 19.2066 19
    endloop
  endfacet
  facet normal 0 0 1
    outer loop
      vertex 22.6611 16.6722 19
      vertex 21.9064 19.1603 19
      vertex 22.2804 16.5769 19
    endloop
  endfacet
  facet normal -0 0 1
    outer loop
      vertex 21.7731 19.1269 19
      vertex 22.2804 16.5769 19
      vertex 21.9064 19.1603 19
    endloop
  endfacet
  facet normal 0 0 1
    outer loop
      vertex 22.2804 16.5769 19
      vertex 21.7731 19.1269 19
      vertex 21.8921 16.5193 19
    endloop
  endfacet
  facet normal -0 0 1
    outer loop
      vertex 21.6372 19.1067 19
      vertex 21.8921 16.5193 19
      vertex 21.7731 19.1269 19
    endloop
  endfacet
  facet normal -0 0 1
    outer loop
      vertex 21.5 19.1 19
      vertex 21.8921 16.5193 19
      vertex 21.6372 19.1067 19
    endloop
  endfacet
  facet normal 0 0 1
    outer loop
      vertex 21.5 19.1 19
      vertex 21.5 16.5 19
      vertex 21.8921 16.5193 19
    endloop
  endfacet
  facet normal 0 0 1
    outer loop
      vertex 21.3628 19.1067 19
      vertex 21.5 16.5 19
      vertex 21.5 19.1 19
    endloop
  endfacet
  facet normal 0 0 1
    outer loop
      vertex 21.1079 16.5193 19
      vertex 21.3628 19.1067 19
      vertex 21.2269 19.1269 19
    endloop
  endfacet
  facet normal 0 0 1
    outer loop
      vertex 21.3628 19.1067 19
      vertex 21.1079 16.5193 19
      vertex 21.5 16.5 19
    endloop
  endfacet
  facet normal 0 0 1
    outer loop
      vertex 20.7196 16.5769 19
      vertex 21.2269 19.1269 19
      vertex 21.0936 19.1603 19
    endloop
  endfacet
  facet normal 0 0 1
    outer loop
      vertex 20.3389 16.6722 19
      vertex 21.0936 19.1603 19
      vertex 20.9642 19.2066 19
    endloop
  endfacet
  facet normal 0 0 1
    outer loop
      vertex 19.9693 16.8045 19
      vertex 20.9642 19.2066 19
      vertex 20.84 19.2653 19
    endloop
  endfacet
  facet normal 0 0 1
    outer loop
      vertex 19.6144 16.9723 19
      vertex 20.84 19.2653 19
      vertex 20.7222 19.3359 19
    endloop
  endfacet
  facet normal 0 0 1
    outer loop
      vertex 21.2269 19.1269 19
      vertex 20.7196 16.5769 19
      vertex 21.1079 16.5193 19
    endloop
  endfacet
  facet normal 0 0 1
    outer loop
      vertex 19.2777 17.1741 19
      vertex 20.7222 19.3359 19
      vertex 20.6119 19.4178 19
    endloop
  endfacet
  facet normal 0 0 1
    outer loop
      vertex 18.9624 17.408 19
      vertex 20.6119 19.4178 19
      vertex 20.5101 19.5101 19
    endloop
  endfacet
  facet normal 0 0 1
    outer loop
      vertex 18.6716 17.6716 19
      vertex 20.5101 19.5101 19
      vertex 20.4178 19.6119 19
    endloop
  endfacet
  facet normal 0 0 1
    outer loop
      vertex 21.0936 19.1603 19
      vertex 20.3389 16.6722 19
      vertex 20.7196 16.5769 19
    endloop
  endfacet
  facet normal 0 0 1
    outer loop
      vertex 18.408 17.9624 19
      vertex 20.4178 19.6119 19
      vertex 20.3359 19.7222 19
    endloop
  endfacet
  facet normal 0 0 1
    outer loop
      vertex 18.1741 18.2777 19
      vertex 20.3359 19.7222 19
      vertex 20.2653 19.84 19
    endloop
  endfacet
  facet normal 0 0 1
    outer loop
      vertex 17.9723 18.6144 19
      vertex 20.2653 19.84 19
      vertex 20.2066 19.9642 19
    endloop
  endfacet
  facet normal 0 0 1
    outer loop
      vertex 17.8045 18.9693 19
      vertex 20.2066 19.9642 19
      vertex 20.1603 20.0936 19
    endloop
  endfacet
  facet normal 0 0 1
    outer loop
      vertex 17.6722 19.3389 19
      vertex 20.1603 20.0936 19
      vertex 20.1269 20.2269 19
    endloop
  endfacet
  facet normal 0 0 1
    outer loop
      vertex 17.5769 19.7196 19
      vertex 20.1269 20.2269 19
      vertex 20.1067 20.3628 19
    endloop
  endfacet
  facet normal 0 0 1
    outer loop
      vertex 20.9642 19.2066 19
      vertex 19.9693 16.8045 19
      vertex 20.3389 16.6722 19
    endloop
  endfacet
  facet normal 0 0 1
    outer loop
      vertex 17.5193 20.1079 19
      vertex 20.1067 20.3628 19
      vertex 20.1 20.5 19
    endloop
  endfacet
  facet normal 0 0 1
    outer loop
      vertex 20.3359 21.2778 19
      vertex 18.1741 22.7223 19
      vertex 20.2653 21.16 19
    endloop
  endfacet
  facet normal -0 0 1
    outer loop
      vertex 17.9723 22.3856 19
      vertex 20.2653 21.16 19
      vertex 18.1741 22.7223 19
    endloop
  endfacet
  facet normal 0 0 1
    outer loop
      vertex 20.84 19.2653 19
      vertex 19.6144 16.9723 19
      vertex 19.9693 16.8045 19
    endloop
  endfacet
  facet normal 0 0 1
    outer loop
      vertex 20.2653 21.16 19
      vertex 17.9723 22.3856 19
      vertex 20.2066 21.0358 19
    endloop
  endfacet
  facet normal 0 0 1
    outer loop
      vertex 20.7222 19.3359 19
      vertex 19.2777 17.1741 19
      vertex 19.6144 16.9723 19
    endloop
  endfacet
  facet normal -0 0 1
    outer loop
      vertex 17.8045 22.0307 19
      vertex 20.2066 21.0358 19
      vertex 17.9723 22.3856 19
    endloop
  endfacet
  facet normal 0 0 1
    outer loop
      vertex 20.6119 19.4178 19
      vertex 18.9624 17.408 19
      vertex 19.2777 17.1741 19
    endloop
  endfacet
  facet normal 0 0 1
    outer loop
      vertex 20.2066 21.0358 19
      vertex 17.8045 22.0307 19
      vertex 20.1603 20.9064 19
    endloop
  endfacet
  facet normal 0 0 1
    outer loop
      vertex 20.5101 19.5101 19
      vertex 18.6716 17.6716 19
      vertex 18.9624 17.408 19
    endloop
  endfacet
  facet normal -0 0 1
    outer loop
      vertex 17.6722 21.6611 19
      vertex 20.1603 20.9064 19
      vertex 17.8045 22.0307 19
    endloop
  endfacet
  facet normal 0 0 1
    outer loop
      vertex 20.4178 19.6119 19
      vertex 18.408 17.9624 19
      vertex 18.6716 17.6716 19
    endloop
  endfacet
  facet normal 0 0 1
    outer loop
      vertex 20.1603 20.9064 19
      vertex 17.6722 21.6611 19
      vertex 20.1269 20.7731 19
    endloop
  endfacet
  facet normal 0 0 1
    outer loop
      vertex 20.3359 19.7222 19
      vertex 18.1741 18.2777 19
      vertex 18.408 17.9624 19
    endloop
  endfacet
  facet normal -0 0 1
    outer loop
      vertex 17.5769 21.2804 19
      vertex 20.1269 20.7731 19
      vertex 17.6722 21.6611 19
    endloop
  endfacet
  facet normal 0 0 1
    outer loop
      vertex 20.2653 19.84 19
      vertex 17.9723 18.6144 19
      vertex 18.1741 18.2777 19
    endloop
  endfacet
  facet normal 0 0 1
    outer loop
      vertex 20.1269 20.7731 19
      vertex 17.5769 21.2804 19
      vertex 20.1067 20.6372 19
    endloop
  endfacet
  facet normal 0 0 1
    outer loop
      vertex 20.2066 19.9642 19
      vertex 17.8045 18.9693 19
      vertex 17.9723 18.6144 19
    endloop
  endfacet
  facet normal -0 0 1
    outer loop
      vertex 17.5193 20.8921 19
      vertex 20.1067 20.6372 19
      vertex 17.5769 21.2804 19
    endloop
  endfacet
  facet normal 0 0 1
    outer loop
      vertex 20.1603 20.0936 19
      vertex 17.6722 19.3389 19
      vertex 17.8045 18.9693 19
    endloop
  endfacet
  facet normal 0 0 1
    outer loop
      vertex 20.1067 20.6372 19
      vertex 17.5193 20.8921 19
      vertex 20.1 20.5 19
    endloop
  endfacet
  facet normal 0 0 1
    outer loop
      vertex 20.1269 20.2269 19
      vertex 17.5769 19.7196 19
      vertex 17.6722 19.3389 19
    endloop
  endfacet
  facet normal 0 0 1
    outer loop
      vertex 17.5 20.5 19
      vertex 20.1 20.5 19
      vertex 17.5193 20.8921 19
    endloop
  endfacet
  facet normal 0 0 1
    outer loop
      vertex 20.1067 20.3628 19
      vertex 17.5193 20.1079 19
      vertex 17.5769 19.7196 19
    endloop
  endfacet
  facet normal 0 0 1
    outer loop
      vertex 20.1 20.5 19
      vertex 17.5 20.5 19
      vertex 17.5193 20.1079 19
    endloop
  endfacet
  facet normal -0.514084 0.85774 0
    outer loop
      vertex 19.6144 24.0277 1
      vertex 19.2777 23.8259 19
      vertex 19.6144 24.0277 19
    endloop
  endfacet
  facet normal -0.514084 0.85774 0
    outer loop
      vertex 19.2777 23.8259 19
      vertex 19.6144 24.0277 1
      vertex 19.2777 23.8259 1
    endloop
  endfacet
  facet normal -0.42744 0.904044 0
    outer loop
      vertex 19.9693 24.1955 1
      vertex 19.6144 24.0277 19
      vertex 19.9693 24.1955 19
    endloop
  endfacet
  facet normal -0.42744 0.904044 0
    outer loop
      vertex 19.6144 24.0277 19
      vertex 19.9693 24.1955 1
      vertex 19.6144 24.0277 1
    endloop
  endfacet
  facet normal -0.595794 0.803137 0
    outer loop
      vertex 19.2777 23.8259 1
      vertex 18.9624 23.592 19
      vertex 19.2777 23.8259 19
    endloop
  endfacet
  facet normal -0.595794 0.803137 0
    outer loop
      vertex 18.9624 23.592 19
      vertex 19.2777 23.8259 1
      vertex 18.9624 23.592 1
    endloop
  endfacet
  facet normal -0.242835 0.970068 0
    outer loop
      vertex 20.7196 24.4231 1
      vertex 20.3389 24.3278 19
      vertex 20.7196 24.4231 19
    endloop
  endfacet
  facet normal -0.242835 0.970068 0
    outer loop
      vertex 20.3389 24.3278 19
      vertex 20.7196 24.4231 1
      vertex 20.3389 24.3278 1
    endloop
  endfacet
  facet normal -0.0491626 0.998791 0
    outer loop
      vertex 21.5 24.5 1
      vertex 21.1079 24.4807 19
      vertex 21.5 24.5 19
    endloop
  endfacet
  facet normal -0.0491626 0.998791 0
    outer loop
      vertex 21.1079 24.4807 19
      vertex 21.5 24.5 1
      vertex 21.1079 24.4807 1
    endloop
  endfacet
  facet normal 0.146733 -0.989176 0
    outer loop
      vertex 21.8921 16.5193 1
      vertex 22.2804 16.5769 19
      vertex 21.8921 16.5193 19
    endloop
  endfacet
  facet normal 0.146733 -0.989176 0
    outer loop
      vertex 22.2804 16.5769 19
      vertex 21.8921 16.5193 1
      vertex 22.2804 16.5769 1
    endloop
  endfacet
  facet normal 0.0491626 -0.998791 0
    outer loop
      vertex 21.5 16.5 1
      vertex 21.8921 16.5193 19
      vertex 21.5 16.5 19
    endloop
  endfacet
  facet normal 0.0491626 -0.998791 0
    outer loop
      vertex 21.8921 16.5193 19
      vertex 21.5 16.5 1
      vertex 21.8921 16.5193 1
    endloop
  endfacet
  facet normal 0.337014 -0.9415 0
    outer loop
      vertex 22.6611 16.6722 1
      vertex 23.0307 16.8045 19
      vertex 22.6611 16.6722 19
    endloop
  endfacet
  facet normal 0.337014 -0.9415 0
    outer loop
      vertex 23.0307 16.8045 19
      vertex 22.6611 16.6722 1
      vertex 23.0307 16.8045 1
    endloop
  endfacet
  facet normal 0.671607 -0.740908 0
    outer loop
      vertex 24.0376 17.408 1
      vertex 24.3284 17.6716 19
      vertex 24.0376 17.408 19
    endloop
  endfacet
  facet normal 0.671607 -0.740908 0
    outer loop
      vertex 24.3284 17.6716 19
      vertex 24.0376 17.408 1
      vertex 24.3284 17.6716 1
    endloop
  endfacet
  facet normal 0.514084 -0.85774 0
    outer loop
      vertex 23.3856 16.9723 1
      vertex 23.7223 17.1741 19
      vertex 23.3856 16.9723 19
    endloop
  endfacet
  facet normal 0.514084 -0.85774 0
    outer loop
      vertex 23.7223 17.1741 19
      vertex 23.3856 16.9723 1
      vertex 23.7223 17.1741 1
    endloop
  endfacet
  facet normal 0.803137 -0.595794 0
    outer loop
      vertex 24.592 17.9624 19
      vertex 24.8259 18.2777 1
      vertex 24.8259 18.2777 19
    endloop
  endfacet
  facet normal 0.803137 -0.595794 0
    outer loop
      vertex 24.8259 18.2777 1
      vertex 24.592 17.9624 19
      vertex 24.592 17.9624 1
    endloop
  endfacet
  facet normal 0.904044 -0.42744 0
    outer loop
      vertex 25.0277 18.6144 19
      vertex 25.1955 18.9693 1
      vertex 25.1955 18.9693 19
    endloop
  endfacet
  facet normal 0.904044 -0.42744 0
    outer loop
      vertex 25.1955 18.9693 1
      vertex 25.0277 18.6144 19
      vertex 25.0277 18.6144 1
    endloop
  endfacet
  facet normal -0.671607 -0.740908 0
    outer loop
      vertex 18.6716 17.6716 1
      vertex 18.9624 17.408 19
      vertex 18.6716 17.6716 19
    endloop
  endfacet
  facet normal -0.671607 -0.740908 -0
    outer loop
      vertex 18.9624 17.408 19
      vertex 18.6716 17.6716 1
      vertex 18.9624 17.408 1
    endloop
  endfacet
  facet normal -0.514084 -0.85774 0
    outer loop
      vertex 19.2777 17.1741 1
      vertex 19.6144 16.9723 19
      vertex 19.2777 17.1741 19
    endloop
  endfacet
  facet normal -0.514084 -0.85774 -0
    outer loop
      vertex 19.6144 16.9723 19
      vertex 19.2777 17.1741 1
      vertex 19.6144 16.9723 1
    endloop
  endfacet
  facet normal -0.337014 -0.9415 0
    outer loop
      vertex 19.9693 16.8045 1
      vertex 20.3389 16.6722 19
      vertex 19.9693 16.8045 19
    endloop
  endfacet
  facet normal -0.337014 -0.9415 -0
    outer loop
      vertex 20.3389 16.6722 19
      vertex 19.9693 16.8045 1
      vertex 20.3389 16.6722 1
    endloop
  endfacet
  facet normal -0.146733 -0.989176 0
    outer loop
      vertex 20.7196 16.5769 1
      vertex 21.1079 16.5193 19
      vertex 20.7196 16.5769 19
    endloop
  endfacet
  facet normal -0.146733 -0.989176 -0
    outer loop
      vertex 21.1079 16.5193 19
      vertex 20.7196 16.5769 1
      vertex 21.1079 16.5193 1
    endloop
  endfacet
  facet normal -0.803137 -0.595794 0
    outer loop
      vertex 18.408 17.9624 1
      vertex 18.1741 18.2777 19
      vertex 18.1741 18.2777 1
    endloop
  endfacet
  facet normal -0.803137 -0.595794 0
    outer loop
      vertex 18.1741 18.2777 19
      vertex 18.408 17.9624 1
      vertex 18.408 17.9624 19
    endloop
  endfacet
  facet normal -0.904044 -0.42744 0
    outer loop
      vertex 17.9723 18.6144 1
      vertex 17.8045 18.9693 19
      vertex 17.8045 18.9693 1
    endloop
  endfacet
  facet normal -0.904044 -0.42744 0
    outer loop
      vertex 17.8045 18.9693 19
      vertex 17.9723 18.6144 1
      vertex 17.9723 18.6144 19
    endloop
  endfacet
  facet normal -0.85774 -0.514084 0
    outer loop
      vertex 18.1741 18.2777 1
      vertex 17.9723 18.6144 19
      vertex 17.9723 18.6144 1
    endloop
  endfacet
  facet normal -0.85774 -0.514084 0
    outer loop
      vertex 17.9723 18.6144 19
      vertex 18.1741 18.2777 1
      vertex 18.1741 18.2777 19
    endloop
  endfacet
  facet normal -0.970068 -0.242835 0
    outer loop
      vertex 17.6722 19.3389 1
      vertex 17.5769 19.7196 19
      vertex 17.5769 19.7196 1
    endloop
  endfacet
  facet normal -0.970068 -0.242835 0
    outer loop
      vertex 17.5769 19.7196 19
      vertex 17.6722 19.3389 1
      vertex 17.6722 19.3389 19
    endloop
  endfacet
  facet normal -0.9415 -0.337014 0
    outer loop
      vertex 17.8045 18.9693 1
      vertex 17.6722 19.3389 19
      vertex 17.6722 19.3389 1
    endloop
  endfacet
  facet normal -0.9415 -0.337014 0
    outer loop
      vertex 17.6722 19.3389 19
      vertex 17.8045 18.9693 1
      vertex 17.8045 18.9693 19
    endloop
  endfacet
  facet normal -0.998791 -0.0491626 0
    outer loop
      vertex 17.5193 20.1079 1
      vertex 17.5 20.5 19
      vertex 17.5 20.5 1
    endloop
  endfacet
  facet normal -0.998791 -0.0491626 0
    outer loop
      vertex 17.5 20.5 19
      vertex 17.5193 20.1079 1
      vertex 17.5193 20.1079 19
    endloop
  endfacet
  facet normal 0.42744 -0.904044 0
    outer loop
      vertex 23.0307 16.8045 1
      vertex 23.3856 16.9723 19
      vertex 23.0307 16.8045 19
    endloop
  endfacet
  facet normal 0.42744 -0.904044 0
    outer loop
      vertex 23.3856 16.9723 19
      vertex 23.0307 16.8045 1
      vertex 23.3856 16.9723 1
    endloop
  endfacet
  facet normal 0.740908 -0.671607 0
    outer loop
      vertex 24.3284 17.6716 19
      vertex 24.592 17.9624 1
      vertex 24.592 17.9624 19
    endloop
  endfacet
  facet normal 0.740908 -0.671607 0
    outer loop
      vertex 24.592 17.9624 1
      vertex 24.3284 17.6716 19
      vertex 24.3284 17.6716 1
    endloop
  endfacet
  facet normal 0.595794 -0.803137 0
    outer loop
      vertex 23.7223 17.1741 1
      vertex 24.0376 17.408 19
      vertex 23.7223 17.1741 19
    endloop
  endfacet
  facet normal 0.595794 -0.803137 0
    outer loop
      vertex 24.0376 17.408 19
      vertex 23.7223 17.1741 1
      vertex 24.0376 17.408 1
    endloop
  endfacet
  facet normal 0.85774 -0.514084 0
    outer loop
      vertex 24.8259 18.2777 19
      vertex 25.0277 18.6144 1
      vertex 25.0277 18.6144 19
    endloop
  endfacet
  facet normal 0.85774 -0.514084 0
    outer loop
      vertex 25.0277 18.6144 1
      vertex 24.8259 18.2777 19
      vertex 24.8259 18.2777 1
    endloop
  endfacet
  facet normal 0.989176 -0.146733 0
    outer loop
      vertex 25.4231 19.7196 19
      vertex 25.4807 20.1079 1
      vertex 25.4807 20.1079 19
    endloop
  endfacet
  facet normal 0.989176 -0.146733 0
    outer loop
      vertex 25.4807 20.1079 1
      vertex 25.4231 19.7196 19
      vertex 25.4231 19.7196 1
    endloop
  endfacet
  facet normal 0.970068 -0.242835 0
    outer loop
      vertex 25.3278 19.3389 19
      vertex 25.4231 19.7196 1
      vertex 25.4231 19.7196 19
    endloop
  endfacet
  facet normal 0.970068 -0.242835 0
    outer loop
      vertex 25.4231 19.7196 1
      vertex 25.3278 19.3389 19
      vertex 25.3278 19.3389 1
    endloop
  endfacet
  facet normal 0.998791 -0.0491626 0
    outer loop
      vertex 25.4807 20.1079 19
      vertex 25.5 20.5 1
      vertex 25.5 20.5 19
    endloop
  endfacet
  facet normal 0.998791 -0.0491626 0
    outer loop
      vertex 25.5 20.5 1
      vertex 25.4807 20.1079 19
      vertex 25.4807 20.1079 1
    endloop
  endfacet
  facet normal -0.595794 -0.803137 0
    outer loop
      vertex 18.9624 17.408 1
      vertex 19.2777 17.1741 19
      vertex 18.9624 17.408 19
    endloop
  endfacet
  facet normal -0.595794 -0.803137 -0
    outer loop
      vertex 19.2777 17.1741 19
      vertex 18.9624 17.408 1
      vertex 19.2777 17.1741 1
    endloop
  endfacet
  facet normal -0.42744 -0.904044 0
    outer loop
      vertex 19.6144 16.9723 1
      vertex 19.9693 16.8045 19
      vertex 19.6144 16.9723 19
    endloop
  endfacet
  facet normal -0.42744 -0.904044 -0
    outer loop
      vertex 19.9693 16.8045 19
      vertex 19.6144 16.9723 1
      vertex 19.9693 16.8045 1
    endloop
  endfacet
  facet normal -0.242835 -0.970068 0
    outer loop
      vertex 20.3389 16.6722 1
      vertex 20.7196 16.5769 19
      vertex 20.3389 16.6722 19
    endloop
  endfacet
  facet normal -0.242835 -0.970068 -0
    outer loop
      vertex 20.7196 16.5769 19
      vertex 20.3389 16.6722 1
      vertex 20.7196 16.5769 1
    endloop
  endfacet
  facet normal -0.740908 -0.671607 0
    outer loop
      vertex 18.6716 17.6716 1
      vertex 18.408 17.9624 19
      vertex 18.408 17.9624 1
    endloop
  endfacet
  facet normal -0.740908 -0.671607 0
    outer loop
      vertex 18.408 17.9624 19
      vertex 18.6716 17.6716 1
      vertex 18.6716 17.6716 19
    endloop
  endfacet
  facet normal -0.989176 -0.146733 0
    outer loop
      vertex 17.5769 19.7196 1
      vertex 17.5193 20.1079 19
      vertex 17.5193 20.1079 1
    endloop
  endfacet
  facet normal -0.989176 -0.146733 0
    outer loop
      vertex 17.5193 20.1079 19
      vertex 17.5769 19.7196 1
      vertex 17.5769 19.7196 19
    endloop
  endfacet
  facet normal 0.242835 -0.970068 0
    outer loop
      vertex 22.2804 16.5769 1
      vertex 22.6611 16.6722 19
      vertex 22.2804 16.5769 19
    endloop
  endfacet
  facet normal 0.242835 -0.970068 0
    outer loop
      vertex 22.6611 16.6722 19
      vertex 22.2804 16.5769 1
      vertex 22.6611 16.6722 1
    endloop
  endfacet
  facet normal -0.671694 -0.740829 0
    outer loop
      vertex 22.3881 21.5822 11
      vertex 22.4899 21.4899 19
      vertex 22.3881 21.5822 19
    endloop
  endfacet
  facet normal -0.671694 -0.740829 -0
    outer loop
      vertex 22.4899 21.4899 19
      vertex 22.3881 21.5822 11
      vertex 22.4899 21.4899 11
    endloop
  endfacet
  facet normal 0.336889 -0.941544 0
    outer loop
      vertex 20.9642 21.7934 11
      vertex 21.0936 21.8397 19
      vertex 20.9642 21.7934 19
    endloop
  endfacet
  facet normal 0.336889 -0.941544 0
    outer loop
      vertex 21.0936 21.8397 19
      vertex 20.9642 21.7934 11
      vertex 21.0936 21.8397 11
    endloop
  endfacet
  facet normal 0.904108 -0.427304 0
    outer loop
      vertex 20.2066 21.0358 19
      vertex 20.2653 21.16 11
      vertex 20.2653 21.16 19
    endloop
  endfacet
  facet normal 0.904108 -0.427304 0
    outer loop
      vertex 20.2653 21.16 11
      vertex 20.2066 21.0358 19
      vertex 20.2066 21.0358 11
    endloop
  endfacet
  facet normal -0.904108 0.427304 0
    outer loop
      vertex 22.7347 19.84 11
      vertex 22.7934 19.9642 19
      vertex 22.7934 19.9642 11
    endloop
  endfacet
  facet normal -0.904108 0.427304 0
    outer loop
      vertex 22.7934 19.9642 19
      vertex 22.7347 19.84 11
      vertex 22.7347 19.84 19
    endloop
  endfacet
  facet normal 0.427304 0.904108 -0
    outer loop
      vertex 20.9642 19.2066 11
      vertex 20.84 19.2653 19
      vertex 20.9642 19.2066 19
    endloop
  endfacet
  facet normal 0.427304 0.904108 0
    outer loop
      vertex 20.84 19.2653 19
      vertex 20.9642 19.2066 11
      vertex 20.84 19.2653 11
    endloop
  endfacet
  facet normal -0.904108 -0.427304 0
    outer loop
      vertex 22.7934 21.0358 11
      vertex 22.7347 21.16 19
      vertex 22.7347 21.16 11
    endloop
  endfacet
  facet normal -0.904108 -0.427304 0
    outer loop
      vertex 22.7347 21.16 19
      vertex 22.7934 21.0358 11
      vertex 22.7934 21.0358 19
    endloop
  endfacet
  facet normal -0.85775 -0.514067 0
    outer loop
      vertex 22.7347 21.16 11
      vertex 22.6641 21.2778 19
      vertex 22.6641 21.2778 11
    endloop
  endfacet
  facet normal -0.85775 -0.514067 0
    outer loop
      vertex 22.6641 21.2778 19
      vertex 22.7347 21.16 11
      vertex 22.7347 21.16 19
    endloop
  endfacet
  facet normal -0.740829 -0.671694 0
    outer loop
      vertex 22.5822 21.3881 11
      vertex 22.4899 21.4899 19
      vertex 22.4899 21.4899 11
    endloop
  endfacet
  facet normal -0.740829 -0.671694 0
    outer loop
      vertex 22.4899 21.4899 19
      vertex 22.5822 21.3881 11
      vertex 22.5822 21.3881 19
    endloop
  endfacet
  facet normal -0.427304 -0.904108 0
    outer loop
      vertex 22.0358 21.7934 11
      vertex 22.16 21.7347 19
      vertex 22.0358 21.7934 19
    endloop
  endfacet
  facet normal -0.427304 -0.904108 -0
    outer loop
      vertex 22.16 21.7347 19
      vertex 22.0358 21.7934 11
      vertex 22.16 21.7347 11
    endloop
  endfacet
  facet normal 0.740829 -0.671694 0
    outer loop
      vertex 20.4178 21.3881 19
      vertex 20.5101 21.4899 11
      vertex 20.5101 21.4899 19
    endloop
  endfacet
  facet normal 0.740829 -0.671694 0
    outer loop
      vertex 20.5101 21.4899 11
      vertex 20.4178 21.3881 19
      vertex 20.4178 21.3881 11
    endloop
  endfacet
  facet normal 0.147023 -0.989133 0
    outer loop
      vertex 21.2269 21.8731 11
      vertex 21.3628 21.8933 19
      vertex 21.2269 21.8731 19
    endloop
  endfacet
  facet normal 0.147023 -0.989133 0
    outer loop
      vertex 21.3628 21.8933 19
      vertex 21.2269 21.8731 11
      vertex 21.3628 21.8933 11
    endloop
  endfacet
  facet normal -0.989133 0.147023 0
    outer loop
      vertex 22.8731 20.2269 11
      vertex 22.8933 20.3628 19
      vertex 22.8933 20.3628 11
    endloop
  endfacet
  facet normal -0.989133 0.147023 0
    outer loop
      vertex 22.8933 20.3628 19
      vertex 22.8731 20.2269 11
      vertex 22.8731 20.2269 19
    endloop
  endfacet
  facet normal -0.740829 0.671694 0
    outer loop
      vertex 22.4899 19.5101 11
      vertex 22.5822 19.6119 19
      vertex 22.5822 19.6119 11
    endloop
  endfacet
  facet normal -0.740829 0.671694 0
    outer loop
      vertex 22.5822 19.6119 19
      vertex 22.4899 19.5101 11
      vertex 22.4899 19.5101 19
    endloop
  endfacet
  facet normal 0.147023 0.989133 -0
    outer loop
      vertex 21.3628 19.1067 11
      vertex 21.2269 19.1269 19
      vertex 21.3628 19.1067 19
    endloop
  endfacet
  facet normal 0.147023 0.989133 0
    outer loop
      vertex 21.2269 19.1269 19
      vertex 21.3628 19.1067 11
      vertex 21.2269 19.1269 11
    endloop
  endfacet
  facet normal 0.671694 0.740829 -0
    outer loop
      vertex 20.6119 19.4178 11
      vertex 20.5101 19.5101 19
      vertex 20.6119 19.4178 19
    endloop
  endfacet
  facet normal 0.671694 0.740829 0
    outer loop
      vertex 20.5101 19.5101 19
      vertex 20.6119 19.4178 11
      vertex 20.5101 19.5101 11
    endloop
  endfacet
  facet normal -0.970014 -0.243049 0
    outer loop
      vertex 22.8731 20.7731 11
      vertex 22.8397 20.9064 19
      vertex 22.8397 20.9064 11
    endloop
  endfacet
  facet normal -0.970014 -0.243049 0
    outer loop
      vertex 22.8397 20.9064 19
      vertex 22.8731 20.7731 11
      vertex 22.8731 20.7731 19
    endloop
  endfacet
  facet normal -0.941544 -0.336889 0
    outer loop
      vertex 22.8397 20.9064 11
      vertex 22.7934 21.0358 19
      vertex 22.7934 21.0358 11
    endloop
  endfacet
  facet normal -0.941544 -0.336889 0
    outer loop
      vertex 22.7934 21.0358 19
      vertex 22.8397 20.9064 11
      vertex 22.8397 20.9064 19
    endloop
  endfacet
  facet normal -0.802873 -0.59615 0
    outer loop
      vertex 22.6641 21.2778 11
      vertex 22.5822 21.3881 19
      vertex 22.5822 21.3881 11
    endloop
  endfacet
  facet normal -0.802873 -0.59615 0
    outer loop
      vertex 22.5822 21.3881 19
      vertex 22.6641 21.2778 11
      vertex 22.6641 21.2778 19
    endloop
  endfacet
  facet normal -0.59615 -0.802873 0
    outer loop
      vertex 22.2778 21.6641 11
      vertex 22.3881 21.5822 19
      vertex 22.2778 21.6641 19
    endloop
  endfacet
  facet normal -0.59615 -0.802873 -0
    outer loop
      vertex 22.3881 21.5822 19
      vertex 22.2778 21.6641 11
      vertex 22.3881 21.5822 11
    endloop
  endfacet
  facet normal -0.0487757 -0.99881 0
    outer loop
      vertex 21.5 21.9 11
      vertex 21.6372 21.8933 19
      vertex 21.5 21.9 19
    endloop
  endfacet
  facet normal -0.0487757 -0.99881 -0
    outer loop
      vertex 21.6372 21.8933 19
      vertex 21.5 21.9 11
      vertex 21.6372 21.8933 11
    endloop
  endfacet
  facet normal -0.514067 -0.85775 0
    outer loop
      vertex 22.16 21.7347 11
      vertex 22.2778 21.6641 19
      vertex 22.16 21.7347 19
    endloop
  endfacet
  facet normal -0.514067 -0.85775 -0
    outer loop
      vertex 22.2778 21.6641 19
      vertex 22.16 21.7347 11
      vertex 22.2778 21.6641 11
    endloop
  endfacet
  facet normal -0.336889 -0.941544 0
    outer loop
      vertex 21.9064 21.8397 11
      vertex 22.0358 21.7934 19
      vertex 21.9064 21.8397 19
    endloop
  endfacet
  facet normal -0.336889 -0.941544 -0
    outer loop
      vertex 22.0358 21.7934 19
      vertex 21.9064 21.8397 11
      vertex 22.0358 21.7934 11
    endloop
  endfacet
  facet normal -0.243049 -0.970014 0
    outer loop
      vertex 21.7731 21.8731 11
      vertex 21.9064 21.8397 19
      vertex 21.7731 21.8731 19
    endloop
  endfacet
  facet normal -0.243049 -0.970014 -0
    outer loop
      vertex 21.9064 21.8397 19
      vertex 21.7731 21.8731 11
      vertex 21.9064 21.8397 11
    endloop
  endfacet
  facet normal 0.99881 -0.0487757 0
    outer loop
      vertex 20.1 20.5 19
      vertex 20.1067 20.6372 11
      vertex 20.1067 20.6372 19
    endloop
  endfacet
  facet normal 0.99881 -0.0487757 0
    outer loop
      vertex 20.1067 20.6372 11
      vertex 20.1 20.5 19
      vertex 20.1 20.5 11
    endloop
  endfacet
  facet normal 0.941544 -0.336889 0
    outer loop
      vertex 20.1603 20.9064 19
      vertex 20.2066 21.0358 11
      vertex 20.2066 21.0358 19
    endloop
  endfacet
  facet normal 0.941544 -0.336889 0
    outer loop
      vertex 20.2066 21.0358 11
      vertex 20.1603 20.9064 19
      vertex 20.1603 20.9064 11
    endloop
  endfacet
  facet normal 0.970014 -0.243049 0
    outer loop
      vertex 20.1269 20.7731 19
      vertex 20.1603 20.9064 11
      vertex 20.1603 20.9064 19
    endloop
  endfacet
  facet normal 0.970014 -0.243049 0
    outer loop
      vertex 20.1603 20.9064 11
      vertex 20.1269 20.7731 19
      vertex 20.1269 20.7731 11
    endloop
  endfacet
  facet normal 0.85775 -0.514067 0
    outer loop
      vertex 20.2653 21.16 19
      vertex 20.3359 21.2778 11
      vertex 20.3359 21.2778 19
    endloop
  endfacet
  facet normal 0.85775 -0.514067 0
    outer loop
      vertex 20.3359 21.2778 11
      vertex 20.2653 21.16 19
      vertex 20.2653 21.16 11
    endloop
  endfacet
  facet normal 0.802873 -0.59615 0
    outer loop
      vertex 20.3359 21.2778 19
      vertex 20.4178 21.3881 11
      vertex 20.4178 21.3881 19
    endloop
  endfacet
  facet normal 0.802873 -0.59615 0
    outer loop
      vertex 20.4178 21.3881 11
      vertex 20.3359 21.2778 19
      vertex 20.3359 21.2778 11
    endloop
  endfacet
  facet normal 0.243049 -0.970014 0
    outer loop
      vertex 21.0936 21.8397 11
      vertex 21.2269 21.8731 19
      vertex 21.0936 21.8397 19
    endloop
  endfacet
  facet normal 0.243049 -0.970014 0
    outer loop
      vertex 21.2269 21.8731 19
      vertex 21.0936 21.8397 11
      vertex 21.2269 21.8731 11
    endloop
  endfacet
  facet normal 0.0487757 -0.99881 0
    outer loop
      vertex 21.3628 21.8933 11
      vertex 21.5 21.9 19
      vertex 21.3628 21.8933 19
    endloop
  endfacet
  facet normal 0.0487757 -0.99881 0
    outer loop
      vertex 21.5 21.9 19
      vertex 21.3628 21.8933 11
      vertex 21.5 21.9 11
    endloop
  endfacet
  facet normal 0.514067 -0.85775 0
    outer loop
      vertex 20.7222 21.6641 11
      vertex 20.84 21.7347 19
      vertex 20.7222 21.6641 19
    endloop
  endfacet
  facet normal 0.514067 -0.85775 0
    outer loop
      vertex 20.84 21.7347 19
      vertex 20.7222 21.6641 11
      vertex 20.84 21.7347 11
    endloop
  endfacet
  facet normal 0.59615 -0.802873 0
    outer loop
      vertex 20.6119 21.5822 11
      vertex 20.7222 21.6641 19
      vertex 20.6119 21.5822 19
    endloop
  endfacet
  facet normal 0.59615 -0.802873 0
    outer loop
      vertex 20.7222 21.6641 19
      vertex 20.6119 21.5822 11
      vertex 20.7222 21.6641 11
    endloop
  endfacet
  facet normal 0.427304 -0.904108 0
    outer loop
      vertex 20.84 21.7347 11
      vertex 20.9642 21.7934 19
      vertex 20.84 21.7347 19
    endloop
  endfacet
  facet normal 0.427304 -0.904108 0
    outer loop
      vertex 20.9642 21.7934 19
      vertex 20.84 21.7347 11
      vertex 20.9642 21.7934 11
    endloop
  endfacet
  facet normal 0.671694 -0.740829 0
    outer loop
      vertex 20.5101 21.4899 11
      vertex 20.6119 21.5822 19
      vertex 20.5101 21.4899 19
    endloop
  endfacet
  facet normal 0.671694 -0.740829 0
    outer loop
      vertex 20.6119 21.5822 19
      vertex 20.5101 21.4899 11
      vertex 20.6119 21.5822 11
    endloop
  endfacet
  facet normal -0.99881 -0.0487757 0
    outer loop
      vertex 22.9 20.5 11
      vertex 22.8933 20.6372 19
      vertex 22.8933 20.6372 11
    endloop
  endfacet
  facet normal -0.99881 -0.0487757 0
    outer loop
      vertex 22.8933 20.6372 19
      vertex 22.9 20.5 11
      vertex 22.9 20.5 19
    endloop
  endfacet
  facet normal -0.0487757 0.99881 0
    outer loop
      vertex 21.6372 19.1067 11
      vertex 21.5 19.1 19
      vertex 21.6372 19.1067 19
    endloop
  endfacet
  facet normal -0.0487757 0.99881 0
    outer loop
      vertex 21.5 19.1 19
      vertex 21.6372 19.1067 11
      vertex 21.5 19.1 11
    endloop
  endfacet
  facet normal -0.147023 0.989133 0
    outer loop
      vertex 21.7731 19.1269 11
      vertex 21.6372 19.1067 19
      vertex 21.7731 19.1269 19
    endloop
  endfacet
  facet normal -0.147023 0.989133 0
    outer loop
      vertex 21.6372 19.1067 19
      vertex 21.7731 19.1269 11
      vertex 21.6372 19.1067 11
    endloop
  endfacet
  facet normal -0.243049 0.970014 0
    outer loop
      vertex 21.9064 19.1603 11
      vertex 21.7731 19.1269 19
      vertex 21.9064 19.1603 19
    endloop
  endfacet
  facet normal -0.243049 0.970014 0
    outer loop
      vertex 21.7731 19.1269 19
      vertex 21.9064 19.1603 11
      vertex 21.7731 19.1269 11
    endloop
  endfacet
  facet normal -0.59615 0.802873 0
    outer loop
      vertex 22.3881 19.4178 11
      vertex 22.2778 19.3359 19
      vertex 22.3881 19.4178 19
    endloop
  endfacet
  facet normal -0.59615 0.802873 0
    outer loop
      vertex 22.2778 19.3359 19
      vertex 22.3881 19.4178 11
      vertex 22.2778 19.3359 11
    endloop
  endfacet
  facet normal -0.427304 0.904108 0
    outer loop
      vertex 22.16 19.2653 11
      vertex 22.0358 19.2066 19
      vertex 22.16 19.2653 19
    endloop
  endfacet
  facet normal -0.427304 0.904108 0
    outer loop
      vertex 22.0358 19.2066 19
      vertex 22.16 19.2653 11
      vertex 22.0358 19.2066 11
    endloop
  endfacet
  facet normal -0.85775 0.514067 0
    outer loop
      vertex 22.6641 19.7222 11
      vertex 22.7347 19.84 19
      vertex 22.7347 19.84 11
    endloop
  endfacet
  facet normal -0.85775 0.514067 0
    outer loop
      vertex 22.7347 19.84 19
      vertex 22.6641 19.7222 11
      vertex 22.6641 19.7222 19
    endloop
  endfacet
  facet normal 0.0487757 0.99881 -0
    outer loop
      vertex 21.5 19.1 11
      vertex 21.3628 19.1067 19
      vertex 21.5 19.1 19
    endloop
  endfacet
  facet normal 0.0487757 0.99881 0
    outer loop
      vertex 21.3628 19.1067 19
      vertex 21.5 19.1 11
      vertex 21.3628 19.1067 11
    endloop
  endfacet
  facet normal 0.336889 0.941544 -0
    outer loop
      vertex 21.0936 19.1603 11
      vertex 20.9642 19.2066 19
      vertex 21.0936 19.1603 19
    endloop
  endfacet
  facet normal 0.336889 0.941544 0
    outer loop
      vertex 20.9642 19.2066 19
      vertex 21.0936 19.1603 11
      vertex 20.9642 19.2066 11
    endloop
  endfacet
  facet normal 0.514067 0.85775 -0
    outer loop
      vertex 20.84 19.2653 11
      vertex 20.7222 19.3359 19
      vertex 20.84 19.2653 19
    endloop
  endfacet
  facet normal 0.514067 0.85775 0
    outer loop
      vertex 20.7222 19.3359 19
      vertex 20.84 19.2653 11
      vertex 20.7222 19.3359 11
    endloop
  endfacet
  facet normal 0.970014 0.243049 0
    outer loop
      vertex 20.1603 20.0936 19
      vertex 20.1269 20.2269 11
      vertex 20.1269 20.2269 19
    endloop
  endfacet
  facet normal 0.970014 0.243049 0
    outer loop
      vertex 20.1269 20.2269 11
      vertex 20.1603 20.0936 19
      vertex 20.1603 20.0936 11
    endloop
  endfacet
  facet normal 0.99881 0.0487757 0
    outer loop
      vertex 20.1067 20.3628 19
      vertex 20.1 20.5 11
      vertex 20.1 20.5 19
    endloop
  endfacet
  facet normal 0.99881 0.0487757 0
    outer loop
      vertex 20.1 20.5 11
      vertex 20.1067 20.3628 19
      vertex 20.1067 20.3628 11
    endloop
  endfacet
  facet normal 0 0 1
    outer loop
      vertex 22.8933 20.6372 11
      vertex 22.8933 20.3628 11
      vertex 22.9 20.5 11
    endloop
  endfacet
  facet normal 0 0 1
    outer loop
      vertex 22.8731 20.7731 11
      vertex 22.8933 20.3628 11
      vertex 22.8933 20.6372 11
    endloop
  endfacet
  facet normal 0 0 1
    outer loop
      vertex 22.8731 20.7731 11
      vertex 22.8731 20.2269 11
      vertex 22.8933 20.3628 11
    endloop
  endfacet
  facet normal 0 0 1
    outer loop
      vertex 22.8397 20.9064 11
      vertex 22.8731 20.2269 11
      vertex 22.8731 20.7731 11
    endloop
  endfacet
  facet normal 0 0 1
    outer loop
      vertex 22.8397 20.9064 11
      vertex 22.8397 20.0936 11
      vertex 22.8731 20.2269 11
    endloop
  endfacet
  facet normal 0 0 1
    outer loop
      vertex 22.7934 21.0358 11
      vertex 22.8397 20.0936 11
      vertex 22.8397 20.9064 11
    endloop
  endfacet
  facet normal 0 0 1
    outer loop
      vertex 22.7934 21.0358 11
      vertex 22.7934 19.9642 11
      vertex 22.8397 20.0936 11
    endloop
  endfacet
  facet normal 0 0 1
    outer loop
      vertex 22.7347 21.16 11
      vertex 22.7934 19.9642 11
      vertex 22.7934 21.0358 11
    endloop
  endfacet
  facet normal 0 0 1
    outer loop
      vertex 22.7347 21.16 11
      vertex 22.7347 19.84 11
      vertex 22.7934 19.9642 11
    endloop
  endfacet
  facet normal 0 0 1
    outer loop
      vertex 22.6641 21.2778 11
      vertex 22.7347 19.84 11
      vertex 22.7347 21.16 11
    endloop
  endfacet
  facet normal 0 0 1
    outer loop
      vertex 22.6641 21.2778 11
      vertex 22.6641 19.7222 11
      vertex 22.7347 19.84 11
    endloop
  endfacet
  facet normal 0 0 1
    outer loop
      vertex 22.5822 21.3881 11
      vertex 22.6641 19.7222 11
      vertex 22.6641 21.2778 11
    endloop
  endfacet
  facet normal 0 0 1
    outer loop
      vertex 22.5822 21.3881 11
      vertex 22.5822 19.6119 11
      vertex 22.6641 19.7222 11
    endloop
  endfacet
  facet normal 0 0 1
    outer loop
      vertex 22.4899 21.4899 11
      vertex 22.5822 19.6119 11
      vertex 22.5822 21.3881 11
    endloop
  endfacet
  facet normal 0 0 1
    outer loop
      vertex 22.4899 21.4899 11
      vertex 22.4899 19.5101 11
      vertex 22.5822 19.6119 11
    endloop
  endfacet
  facet normal 0 0 1
    outer loop
      vertex 22.3881 21.5822 11
      vertex 22.4899 19.5101 11
      vertex 22.4899 21.4899 11
    endloop
  endfacet
  facet normal 0 0 1
    outer loop
      vertex 22.3881 21.5822 11
      vertex 22.3881 19.4178 11
      vertex 22.4899 19.5101 11
    endloop
  endfacet
  facet normal 0 0 1
    outer loop
      vertex 22.2778 21.6641 11
      vertex 22.3881 19.4178 11
      vertex 22.3881 21.5822 11
    endloop
  endfacet
  facet normal 0 0 1
    outer loop
      vertex 22.2778 21.6641 11
      vertex 22.2778 19.3359 11
      vertex 22.3881 19.4178 11
    endloop
  endfacet
  facet normal 0 0 1
    outer loop
      vertex 22.16 21.7347 11
      vertex 22.2778 19.3359 11
      vertex 22.2778 21.6641 11
    endloop
  endfacet
  facet normal 0 0 1
    outer loop
      vertex 22.16 21.7347 11
      vertex 22.16 19.2653 11
      vertex 22.2778 19.3359 11
    endloop
  endfacet
  facet normal 0 0 1
    outer loop
      vertex 22.0358 21.7934 11
      vertex 22.16 19.2653 11
      vertex 22.16 21.7347 11
    endloop
  endfacet
  facet normal 0 0 1
    outer loop
      vertex 22.0358 21.7934 11
      vertex 22.0358 19.2066 11
      vertex 22.16 19.2653 11
    endloop
  endfacet
  facet normal 0 0 1
    outer loop
      vertex 21.9064 21.8397 11
      vertex 22.0358 19.2066 11
      vertex 22.0358 21.7934 11
    endloop
  endfacet
  facet normal 0 0 1
    outer loop
      vertex 21.9064 21.8397 11
      vertex 21.9064 19.1603 11
      vertex 22.0358 19.2066 11
    endloop
  endfacet
  facet normal 0 0 1
    outer loop
      vertex 21.7731 21.8731 11
      vertex 21.9064 19.1603 11
      vertex 21.9064 21.8397 11
    endloop
  endfacet
  facet normal 0 0 1
    outer loop
      vertex 21.7731 21.8731 11
      vertex 21.7731 19.1269 11
      vertex 21.9064 19.1603 11
    endloop
  endfacet
  facet normal 0 0 1
    outer loop
      vertex 21.6372 21.8933 11
      vertex 21.7731 19.1269 11
      vertex 21.7731 21.8731 11
    endloop
  endfacet
  facet normal 0 0 1
    outer loop
      vertex 21.6372 21.8933 11
      vertex 21.6372 19.1067 11
      vertex 21.7731 19.1269 11
    endloop
  endfacet
  facet normal 0 0 1
    outer loop
      vertex 21.5 21.9 11
      vertex 21.6372 19.1067 11
      vertex 21.6372 21.8933 11
    endloop
  endfacet
  facet normal 0 0 1
    outer loop
      vertex 21.5 21.9 11
      vertex 21.5 19.1 11
      vertex 21.6372 19.1067 11
    endloop
  endfacet
  facet normal -0 0 1
    outer loop
      vertex 21.3628 21.8933 11
      vertex 21.5 19.1 11
      vertex 21.5 21.9 11
    endloop
  endfacet
  facet normal 0 0 1
    outer loop
      vertex 21.3628 21.8933 11
      vertex 21.3628 19.1067 11
      vertex 21.5 19.1 11
    endloop
  endfacet
  facet normal -0 0 1
    outer loop
      vertex 21.2269 21.8731 11
      vertex 21.3628 19.1067 11
      vertex 21.3628 21.8933 11
    endloop
  endfacet
  facet normal 0 0 1
    outer loop
      vertex 21.2269 21.8731 11
      vertex 21.2269 19.1269 11
      vertex 21.3628 19.1067 11
    endloop
  endfacet
  facet normal -0 0 1
    outer loop
      vertex 21.0936 21.8397 11
      vertex 21.2269 19.1269 11
      vertex 21.2269 21.8731 11
    endloop
  endfacet
  facet normal 0 0 1
    outer loop
      vertex 21.0936 21.8397 11
      vertex 21.0936 19.1603 11
      vertex 21.2269 19.1269 11
    endloop
  endfacet
  facet normal -0 0 1
    outer loop
      vertex 20.9642 21.7934 11
      vertex 21.0936 19.1603 11
      vertex 21.0936 21.8397 11
    endloop
  endfacet
  facet normal 0 0 1
    outer loop
      vertex 20.9642 21.7934 11
      vertex 20.9642 19.2066 11
      vertex 21.0936 19.1603 11
    endloop
  endfacet
  facet normal -0 0 1
    outer loop
      vertex 20.84 21.7347 11
      vertex 20.9642 19.2066 11
      vertex 20.9642 21.7934 11
    endloop
  endfacet
  facet normal 0 0 1
    outer loop
      vertex 20.84 21.7347 11
      vertex 20.84 19.2653 11
      vertex 20.9642 19.2066 11
    endloop
  endfacet
  facet normal -0 0 1
    outer loop
      vertex 20.7222 21.6641 11
      vertex 20.84 19.2653 11
      vertex 20.84 21.7347 11
    endloop
  endfacet
  facet normal 0 0 1
    outer loop
      vertex 20.7222 21.6641 11
      vertex 20.7222 19.3359 11
      vertex 20.84 19.2653 11
    endloop
  endfacet
  facet normal -0 0 1
    outer loop
      vertex 20.6119 21.5822 11
      vertex 20.7222 19.3359 11
      vertex 20.7222 21.6641 11
    endloop
  endfacet
  facet normal 0 0 1
    outer loop
      vertex 20.6119 21.5822 11
      vertex 20.6119 19.4178 11
      vertex 20.7222 19.3359 11
    endloop
  endfacet
  facet normal -0 0 1
    outer loop
      vertex 20.5101 21.4899 11
      vertex 20.6119 19.4178 11
      vertex 20.6119 21.5822 11
    endloop
  endfacet
  facet normal 0 0 1
    outer loop
      vertex 20.5101 21.4899 11
      vertex 20.5101 19.5101 11
      vertex 20.6119 19.4178 11
    endloop
  endfacet
  facet normal -0 0 1
    outer loop
      vertex 20.4178 21.3881 11
      vertex 20.5101 19.5101 11
      vertex 20.5101 21.4899 11
    endloop
  endfacet
  facet normal 0 0 1
    outer loop
      vertex 20.4178 21.3881 11
      vertex 20.4178 19.6119 11
      vertex 20.5101 19.5101 11
    endloop
  endfacet
  facet normal -0 0 1
    outer loop
      vertex 20.3359 21.2778 11
      vertex 20.4178 19.6119 11
      vertex 20.4178 21.3881 11
    endloop
  endfacet
  facet normal 0 0 1
    outer loop
      vertex 20.3359 21.2778 11
      vertex 20.3359 19.7222 11
      vertex 20.4178 19.6119 11
    endloop
  endfacet
  facet normal -0 0 1
    outer loop
      vertex 20.2653 21.16 11
      vertex 20.3359 19.7222 11
      vertex 20.3359 21.2778 11
    endloop
  endfacet
  facet normal 0 0 1
    outer loop
      vertex 20.2653 21.16 11
      vertex 20.2653 19.84 11
      vertex 20.3359 19.7222 11
    endloop
  endfacet
  facet normal -0 0 1
    outer loop
      vertex 20.2066 21.0358 11
      vertex 20.2653 19.84 11
      vertex 20.2653 21.16 11
    endloop
  endfacet
  facet normal 0 0 1
    outer loop
      vertex 20.2066 21.0358 11
      vertex 20.2066 19.9642 11
      vertex 20.2653 19.84 11
    endloop
  endfacet
  facet normal -0 0 1
    outer loop
      vertex 20.1603 20.9064 11
      vertex 20.2066 19.9642 11
      vertex 20.2066 21.0358 11
    endloop
  endfacet
  facet normal 0 0 1
    outer loop
      vertex 20.1603 20.9064 11
      vertex 20.1603 20.0936 11
      vertex 20.2066 19.9642 11
    endloop
  endfacet
  facet normal -0 0 1
    outer loop
      vertex 20.1269 20.7731 11
      vertex 20.1603 20.0936 11
      vertex 20.1603 20.9064 11
    endloop
  endfacet
  facet normal 0 0 1
    outer loop
      vertex 20.1269 20.7731 11
      vertex 20.1269 20.2269 11
      vertex 20.1603 20.0936 11
    endloop
  endfacet
  facet normal -0 0 1
    outer loop
      vertex 20.1067 20.6372 11
      vertex 20.1269 20.2269 11
      vertex 20.1269 20.7731 11
    endloop
  endfacet
  facet normal 0 0 1
    outer loop
      vertex 20.1067 20.6372 11
      vertex 20.1067 20.3628 11
      vertex 20.1269 20.2269 11
    endloop
  endfacet
  facet normal 0 -0 1
    outer loop
      vertex 20.1067 20.3628 11
      vertex 20.1067 20.6372 11
      vertex 20.1 20.5 11
    endloop
  endfacet
  facet normal 0.802873 0.59615 0
    outer loop
      vertex 20.4178 19.6119 19
      vertex 20.3359 19.7222 11
      vertex 20.3359 19.7222 19
    endloop
  endfacet
  facet normal 0.802873 0.59615 0
    outer loop
      vertex 20.3359 19.7222 11
      vertex 20.4178 19.6119 19
      vertex 20.4178 19.6119 11
    endloop
  endfacet
  facet normal 0.904108 0.427304 0
    outer loop
      vertex 20.2653 19.84 19
      vertex 20.2066 19.9642 11
      vertex 20.2066 19.9642 19
    endloop
  endfacet
  facet normal 0.904108 0.427304 0
    outer loop
      vertex 20.2066 19.9642 11
      vertex 20.2653 19.84 19
      vertex 20.2653 19.84 11
    endloop
  endfacet
  facet normal 0.740829 0.671694 0
    outer loop
      vertex 20.5101 19.5101 19
      vertex 20.4178 19.6119 11
      vertex 20.4178 19.6119 19
    endloop
  endfacet
  facet normal 0.740829 0.671694 0
    outer loop
      vertex 20.4178 19.6119 11
      vertex 20.5101 19.5101 19
      vertex 20.5101 19.5101 11
    endloop
  endfacet
  facet normal -0.989133 -0.147023 0
    outer loop
      vertex 22.8933 20.6372 11
      vertex 22.8731 20.7731 19
      vertex 22.8731 20.7731 11
    endloop
  endfacet
  facet normal -0.989133 -0.147023 0
    outer loop
      vertex 22.8731 20.7731 19
      vertex 22.8933 20.6372 11
      vertex 22.8933 20.6372 19
    endloop
  endfacet
  facet normal -0.147023 -0.989133 0
    outer loop
      vertex 21.6372 21.8933 11
      vertex 21.7731 21.8731 19
      vertex 21.6372 21.8933 19
    endloop
  endfacet
  facet normal -0.147023 -0.989133 -0
    outer loop
      vertex 21.7731 21.8731 19
      vertex 21.6372 21.8933 11
      vertex 21.7731 21.8731 11
    endloop
  endfacet
  facet normal 0.989133 -0.147023 0
    outer loop
      vertex 20.1067 20.6372 19
      vertex 20.1269 20.7731 11
      vertex 20.1269 20.7731 19
    endloop
  endfacet
  facet normal 0.989133 -0.147023 0
    outer loop
      vertex 20.1269 20.7731 11
      vertex 20.1067 20.6372 19
      vertex 20.1067 20.6372 11
    endloop
  endfacet
  facet normal -0.970014 0.243049 0
    outer loop
      vertex 22.8397 20.0936 11
      vertex 22.8731 20.2269 19
      vertex 22.8731 20.2269 11
    endloop
  endfacet
  facet normal -0.970014 0.243049 0
    outer loop
      vertex 22.8731 20.2269 19
      vertex 22.8397 20.0936 11
      vertex 22.8397 20.0936 19
    endloop
  endfacet
  facet normal -0.941544 0.336889 0
    outer loop
      vertex 22.7934 19.9642 11
      vertex 22.8397 20.0936 19
      vertex 22.8397 20.0936 11
    endloop
  endfacet
  facet normal -0.941544 0.336889 0
    outer loop
      vertex 22.8397 20.0936 19
      vertex 22.7934 19.9642 11
      vertex 22.7934 19.9642 19
    endloop
  endfacet
  facet normal -0.336889 0.941544 0
    outer loop
      vertex 22.0358 19.2066 11
      vertex 21.9064 19.1603 19
      vertex 22.0358 19.2066 19
    endloop
  endfacet
  facet normal -0.336889 0.941544 0
    outer loop
      vertex 21.9064 19.1603 19
      vertex 22.0358 19.2066 11
      vertex 21.9064 19.1603 11
    endloop
  endfacet
  facet normal -0.671694 0.740829 0
    outer loop
      vertex 22.4899 19.5101 11
      vertex 22.3881 19.4178 19
      vertex 22.4899 19.5101 19
    endloop
  endfacet
  facet normal -0.671694 0.740829 0
    outer loop
      vertex 22.3881 19.4178 19
      vertex 22.4899 19.5101 11
      vertex 22.3881 19.4178 11
    endloop
  endfacet
  facet normal -0.514067 0.85775 0
    outer loop
      vertex 22.2778 19.3359 11
      vertex 22.16 19.2653 19
      vertex 22.2778 19.3359 19
    endloop
  endfacet
  facet normal -0.514067 0.85775 0
    outer loop
      vertex 22.16 19.2653 19
      vertex 22.2778 19.3359 11
      vertex 22.16 19.2653 11
    endloop
  endfacet
  facet normal -0.802873 0.59615 0
    outer loop
      vertex 22.5822 19.6119 11
      vertex 22.6641 19.7222 19
      vertex 22.6641 19.7222 11
    endloop
  endfacet
  facet normal -0.802873 0.59615 0
    outer loop
      vertex 22.6641 19.7222 19
      vertex 22.5822 19.6119 11
      vertex 22.5822 19.6119 19
    endloop
  endfacet
  facet normal 0.243049 0.970014 -0
    outer loop
      vertex 21.2269 19.1269 11
      vertex 21.0936 19.1603 19
      vertex 21.2269 19.1269 19
    endloop
  endfacet
  facet normal 0.243049 0.970014 0
    outer loop
      vertex 21.0936 19.1603 19
      vertex 21.2269 19.1269 11
      vertex 21.0936 19.1603 11
    endloop
  endfacet
  facet normal 0.59615 0.802873 -0
    outer loop
      vertex 20.7222 19.3359 11
      vertex 20.6119 19.4178 19
      vertex 20.7222 19.3359 19
    endloop
  endfacet
  facet normal 0.59615 0.802873 0
    outer loop
      vertex 20.6119 19.4178 19
      vertex 20.7222 19.3359 11
      vertex 20.6119 19.4178 11
    endloop
  endfacet
  facet normal 0.941544 0.336889 0
    outer loop
      vertex 20.2066 19.9642 19
      vertex 20.1603 20.0936 11
      vertex 20.1603 20.0936 19
    endloop
  endfacet
  facet normal 0.941544 0.336889 0
    outer loop
      vertex 20.1603 20.0936 11
      vertex 20.2066 19.9642 19
      vertex 20.2066 19.9642 11
    endloop
  endfacet
  facet normal 0.989133 0.147023 0
    outer loop
      vertex 20.1269 20.2269 19
      vertex 20.1067 20.3628 11
      vertex 20.1067 20.3628 19
    endloop
  endfacet
  facet normal 0.989133 0.147023 0
    outer loop
      vertex 20.1067 20.3628 11
      vertex 20.1269 20.2269 19
      vertex 20.1269 20.2269 11
    endloop
  endfacet
  facet normal 0.85775 0.514067 0
    outer loop
      vertex 20.3359 19.7222 19
      vertex 20.2653 19.84 11
      vertex 20.2653 19.84 19
    endloop
  endfacet
  facet normal 0.85775 0.514067 0
    outer loop
      vertex 20.2653 19.84 11
      vertex 20.3359 19.7222 19
      vertex 20.3359 19.7222 11
    endloop
  endfacet
  facet normal -0.99881 0.0487757 0
    outer loop
      vertex 22.8933 20.3628 11
      vertex 22.9 20.5 19
      vertex 22.9 20.5 11
    endloop
  endfacet
  facet normal -0.99881 0.0487757 0
    outer loop
      vertex 22.9 20.5 19
      vertex 22.8933 20.3628 11
      vertex 22.8933 20.3628 19
    endloop
  endfacet
  facet normal 0.998791 0.0491626 0
    outer loop
      vertex 25.5 -22.5 19
      vertex 25.4807 -22.1079 1
      vertex 25.4807 -22.1079 19
    endloop
  endfacet
  facet normal 0.998791 0.0491626 0
    outer loop
      vertex 25.4807 -22.1079 1
      vertex 25.5 -22.5 19
      vertex 25.5 -22.5 1
    endloop
  endfacet
  facet normal -0.998791 0.0491626 0
    outer loop
      vertex 17.5 -22.5 1
      vertex 17.5193 -22.1079 19
      vertex 17.5193 -22.1079 1
    endloop
  endfacet
  facet normal -0.998791 0.0491626 0
    outer loop
      vertex 17.5193 -22.1079 19
      vertex 17.5 -22.5 1
      vertex 17.5 -22.5 19
    endloop
  endfacet
  facet normal 0.0491626 0.998791 -0
    outer loop
      vertex 21.8921 -18.5193 1
      vertex 21.5 -18.5 19
      vertex 21.8921 -18.5193 19
    endloop
  endfacet
  facet normal 0.0491626 0.998791 0
    outer loop
      vertex 21.5 -18.5 19
      vertex 21.8921 -18.5193 1
      vertex 21.5 -18.5 1
    endloop
  endfacet
  facet normal -0.0491626 -0.998791 0
    outer loop
      vertex 21.1079 -26.4807 1
      vertex 21.5 -26.5 19
      vertex 21.1079 -26.4807 19
    endloop
  endfacet
  facet normal -0.0491626 -0.998791 -0
    outer loop
      vertex 21.5 -26.5 19
      vertex 21.1079 -26.4807 1
      vertex 21.5 -26.5 1
    endloop
  endfacet
  facet normal 0.671607 0.740908 -0
    outer loop
      vertex 24.3284 -19.6716 1
      vertex 24.0376 -19.408 19
      vertex 24.3284 -19.6716 19
    endloop
  endfacet
  facet normal 0.671607 0.740908 0
    outer loop
      vertex 24.0376 -19.408 19
      vertex 24.3284 -19.6716 1
      vertex 24.0376 -19.408 1
    endloop
  endfacet
  facet normal -0.671607 0.740908 0
    outer loop
      vertex 18.9624 -19.408 1
      vertex 18.6716 -19.6716 19
      vertex 18.9624 -19.408 19
    endloop
  endfacet
  facet normal -0.671607 0.740908 0
    outer loop
      vertex 18.6716 -19.6716 19
      vertex 18.9624 -19.408 1
      vertex 18.6716 -19.6716 1
    endloop
  endfacet
  facet normal -0.337014 0.9415 0
    outer loop
      vertex 20.3389 -18.6722 1
      vertex 19.9693 -18.8045 19
      vertex 20.3389 -18.6722 19
    endloop
  endfacet
  facet normal -0.337014 0.9415 0
    outer loop
      vertex 19.9693 -18.8045 19
      vertex 20.3389 -18.6722 1
      vertex 19.9693 -18.8045 1
    endloop
  endfacet
  facet normal 0.904044 0.42744 0
    outer loop
      vertex 25.1955 -20.9693 19
      vertex 25.0277 -20.6144 1
      vertex 25.0277 -20.6144 19
    endloop
  endfacet
  facet normal 0.904044 0.42744 0
    outer loop
      vertex 25.0277 -20.6144 1
      vertex 25.1955 -20.9693 19
      vertex 25.1955 -20.9693 1
    endloop
  endfacet
  facet normal 0.42744 0.904044 -0
    outer loop
      vertex 23.3856 -18.9723 1
      vertex 23.0307 -18.8045 19
      vertex 23.3856 -18.9723 19
    endloop
  endfacet
  facet normal 0.42744 0.904044 0
    outer loop
      vertex 23.0307 -18.8045 19
      vertex 23.3856 -18.9723 1
      vertex 23.0307 -18.8045 1
    endloop
  endfacet
  facet normal 0.595794 0.803137 -0
    outer loop
      vertex 24.0376 -19.408 1
      vertex 23.7223 -19.1741 19
      vertex 24.0376 -19.408 19
    endloop
  endfacet
  facet normal 0.595794 0.803137 0
    outer loop
      vertex 23.7223 -19.1741 19
      vertex 24.0376 -19.408 1
      vertex 23.7223 -19.1741 1
    endloop
  endfacet
  facet normal -0.904044 0.42744 0
    outer loop
      vertex 17.8045 -20.9693 1
      vertex 17.9723 -20.6144 19
      vertex 17.9723 -20.6144 1
    endloop
  endfacet
  facet normal -0.904044 0.42744 0
    outer loop
      vertex 17.9723 -20.6144 19
      vertex 17.8045 -20.9693 1
      vertex 17.8045 -20.9693 19
    endloop
  endfacet
  facet normal -0.146733 0.989176 0
    outer loop
      vertex 21.1079 -18.5193 1
      vertex 20.7196 -18.5769 19
      vertex 21.1079 -18.5193 19
    endloop
  endfacet
  facet normal -0.146733 0.989176 0
    outer loop
      vertex 20.7196 -18.5769 19
      vertex 21.1079 -18.5193 1
      vertex 20.7196 -18.5769 1
    endloop
  endfacet
  facet normal 0.9415 -0.337014 0
    outer loop
      vertex 25.1955 -24.0307 19
      vertex 25.3278 -23.6611 1
      vertex 25.3278 -23.6611 19
    endloop
  endfacet
  facet normal 0.9415 -0.337014 0
    outer loop
      vertex 25.3278 -23.6611 1
      vertex 25.1955 -24.0307 19
      vertex 25.1955 -24.0307 1
    endloop
  endfacet
  facet normal 0.970068 0.242835 0
    outer loop
      vertex 25.4231 -21.7196 19
      vertex 25.3278 -21.3389 1
      vertex 25.3278 -21.3389 19
    endloop
  endfacet
  facet normal 0.970068 0.242835 0
    outer loop
      vertex 25.3278 -21.3389 1
      vertex 25.4231 -21.7196 19
      vertex 25.4231 -21.7196 1
    endloop
  endfacet
  facet normal 0.989176 0.146733 0
    outer loop
      vertex 25.4807 -22.1079 19
      vertex 25.4231 -21.7196 1
      vertex 25.4231 -21.7196 19
    endloop
  endfacet
  facet normal 0.989176 0.146733 0
    outer loop
      vertex 25.4231 -21.7196 1
      vertex 25.4807 -22.1079 19
      vertex 25.4807 -22.1079 1
    endloop
  endfacet
  facet normal 0.9415 0.337014 0
    outer loop
      vertex 25.3278 -21.3389 19
      vertex 25.1955 -20.9693 1
      vertex 25.1955 -20.9693 19
    endloop
  endfacet
  facet normal 0.9415 0.337014 0
    outer loop
      vertex 25.1955 -20.9693 1
      vertex 25.3278 -21.3389 19
      vertex 25.3278 -21.3389 1
    endloop
  endfacet
  facet normal 0.803137 0.595794 0
    outer loop
      vertex 24.8259 -20.2777 19
      vertex 24.592 -19.9624 1
      vertex 24.592 -19.9624 19
    endloop
  endfacet
  facet normal 0.803137 0.595794 0
    outer loop
      vertex 24.592 -19.9624 1
      vertex 24.8259 -20.2777 19
      vertex 24.8259 -20.2777 1
    endloop
  endfacet
  facet normal 0.740908 0.671607 0
    outer loop
      vertex 24.592 -19.9624 19
      vertex 24.3284 -19.6716 1
      vertex 24.3284 -19.6716 19
    endloop
  endfacet
  facet normal 0.740908 0.671607 0
    outer loop
      vertex 24.3284 -19.6716 1
      vertex 24.592 -19.9624 19
      vertex 24.592 -19.9624 1
    endloop
  endfacet
  facet normal 0.85774 0.514084 0
    outer loop
      vertex 25.0277 -20.6144 19
      vertex 24.8259 -20.2777 1
      vertex 24.8259 -20.2777 19
    endloop
  endfacet
  facet normal 0.85774 0.514084 0
    outer loop
      vertex 24.8259 -20.2777 1
      vertex 25.0277 -20.6144 19
      vertex 25.0277 -20.6144 1
    endloop
  endfacet
  facet normal 0.242835 0.970068 -0
    outer loop
      vertex 22.6611 -18.6722 1
      vertex 22.2804 -18.5769 19
      vertex 22.6611 -18.6722 19
    endloop
  endfacet
  facet normal 0.242835 0.970068 0
    outer loop
      vertex 22.2804 -18.5769 19
      vertex 22.6611 -18.6722 1
      vertex 22.2804 -18.5769 1
    endloop
  endfacet
  facet normal 0.337014 0.9415 -0
    outer loop
      vertex 23.0307 -18.8045 1
      vertex 22.6611 -18.6722 19
      vertex 23.0307 -18.8045 19
    endloop
  endfacet
  facet normal 0.337014 0.9415 0
    outer loop
      vertex 22.6611 -18.6722 19
      vertex 23.0307 -18.8045 1
      vertex 22.6611 -18.6722 1
    endloop
  endfacet
  facet normal 0.146733 0.989176 -0
    outer loop
      vertex 22.2804 -18.5769 1
      vertex 21.8921 -18.5193 19
      vertex 22.2804 -18.5769 19
    endloop
  endfacet
  facet normal 0.146733 0.989176 0
    outer loop
      vertex 21.8921 -18.5193 19
      vertex 22.2804 -18.5769 1
      vertex 21.8921 -18.5193 1
    endloop
  endfacet
  facet normal 0.514084 0.85774 -0
    outer loop
      vertex 23.7223 -19.1741 1
      vertex 23.3856 -18.9723 19
      vertex 23.7223 -19.1741 19
    endloop
  endfacet
  facet normal 0.514084 0.85774 0
    outer loop
      vertex 23.3856 -18.9723 19
      vertex 23.7223 -19.1741 1
      vertex 23.3856 -18.9723 1
    endloop
  endfacet
  facet normal -0.970068 0.242835 0
    outer loop
      vertex 17.5769 -21.7196 1
      vertex 17.6722 -21.3389 19
      vertex 17.6722 -21.3389 1
    endloop
  endfacet
  facet normal -0.970068 0.242835 0
    outer loop
      vertex 17.6722 -21.3389 19
      vertex 17.5769 -21.7196 1
      vertex 17.5769 -21.7196 19
    endloop
  endfacet
  facet normal -0.803137 0.595794 0
    outer loop
      vertex 18.1741 -20.2777 1
      vertex 18.408 -19.9624 19
      vertex 18.408 -19.9624 1
    endloop
  endfacet
  facet normal -0.803137 0.595794 0
    outer loop
      vertex 18.408 -19.9624 19
      vertex 18.1741 -20.2777 1
      vertex 18.1741 -20.2777 19
    endloop
  endfacet
  facet normal -0.740908 0.671607 0
    outer loop
      vertex 18.408 -19.9624 1
      vertex 18.6716 -19.6716 19
      vertex 18.6716 -19.6716 1
    endloop
  endfacet
  facet normal -0.740908 0.671607 0
    outer loop
      vertex 18.6716 -19.6716 19
      vertex 18.408 -19.9624 1
      vertex 18.408 -19.9624 19
    endloop
  endfacet
  facet normal -0.85774 0.514084 0
    outer loop
      vertex 17.9723 -20.6144 1
      vertex 18.1741 -20.2777 19
      vertex 18.1741 -20.2777 1
    endloop
  endfacet
  facet normal -0.85774 0.514084 0
    outer loop
      vertex 18.1741 -20.2777 19
      vertex 17.9723 -20.6144 1
      vertex 17.9723 -20.6144 19
    endloop
  endfacet
  facet normal -0.9415 0.337014 0
    outer loop
      vertex 17.6722 -21.3389 1
      vertex 17.8045 -20.9693 19
      vertex 17.8045 -20.9693 1
    endloop
  endfacet
  facet normal -0.9415 0.337014 0
    outer loop
      vertex 17.8045 -20.9693 19
      vertex 17.6722 -21.3389 1
      vertex 17.6722 -21.3389 19
    endloop
  endfacet
  facet normal -0.989176 0.146733 0
    outer loop
      vertex 17.5193 -22.1079 1
      vertex 17.5769 -21.7196 19
      vertex 17.5769 -21.7196 1
    endloop
  endfacet
  facet normal -0.989176 0.146733 0
    outer loop
      vertex 17.5769 -21.7196 19
      vertex 17.5193 -22.1079 1
      vertex 17.5193 -22.1079 19
    endloop
  endfacet
  facet normal 0 0 1
    outer loop
      vertex 22.9 -22.5 19
      vertex 25.5 -22.5 19
      vertex 25.4807 -22.1079 19
    endloop
  endfacet
  facet normal 0 0 1
    outer loop
      vertex 22.8933 -22.3628 19
      vertex 25.4807 -22.1079 19
      vertex 25.4231 -21.7196 19
    endloop
  endfacet
  facet normal 0 0 1
    outer loop
      vertex 25.5 -22.5 19
      vertex 22.9 -22.5 19
      vertex 25.4807 -22.8921 19
    endloop
  endfacet
  facet normal 0 0 1
    outer loop
      vertex 22.8731 -22.2269 19
      vertex 25.4231 -21.7196 19
      vertex 25.3278 -21.3389 19
    endloop
  endfacet
  facet normal -0 0 1
    outer loop
      vertex 22.8933 -22.6372 19
      vertex 25.4807 -22.8921 19
      vertex 22.9 -22.5 19
    endloop
  endfacet
  facet normal 0 0 1
    outer loop
      vertex 22.8397 -22.0936 19
      vertex 25.3278 -21.3389 19
      vertex 25.1955 -20.9693 19
    endloop
  endfacet
  facet normal 0 0 1
    outer loop
      vertex 25.4807 -22.8921 19
      vertex 22.8933 -22.6372 19
      vertex 25.4231 -23.2804 19
    endloop
  endfacet
  facet normal 0 0 1
    outer loop
      vertex 22.7934 -21.9642 19
      vertex 25.1955 -20.9693 19
      vertex 25.0277 -20.6144 19
    endloop
  endfacet
  facet normal -0 0 1
    outer loop
      vertex 22.8731 -22.7731 19
      vertex 25.4231 -23.2804 19
      vertex 22.8933 -22.6372 19
    endloop
  endfacet
  facet normal 0 0 1
    outer loop
      vertex 22.7347 -21.84 19
      vertex 25.0277 -20.6144 19
      vertex 24.8259 -20.2777 19
    endloop
  endfacet
  facet normal 0 0 1
    outer loop
      vertex 25.4231 -23.2804 19
      vertex 22.8731 -22.7731 19
      vertex 25.3278 -23.6611 19
    endloop
  endfacet
  facet normal 0 0 1
    outer loop
      vertex 22.6641 -21.7222 19
      vertex 24.8259 -20.2777 19
      vertex 24.592 -19.9624 19
    endloop
  endfacet
  facet normal -0 0 1
    outer loop
      vertex 22.8397 -22.9064 19
      vertex 25.3278 -23.6611 19
      vertex 22.8731 -22.7731 19
    endloop
  endfacet
  facet normal 0 0 1
    outer loop
      vertex 22.5822 -21.6119 19
      vertex 24.592 -19.9624 19
      vertex 24.3284 -19.6716 19
    endloop
  endfacet
  facet normal 0 0 1
    outer loop
      vertex 25.3278 -23.6611 19
      vertex 22.8397 -22.9064 19
      vertex 25.1955 -24.0307 19
    endloop
  endfacet
  facet normal 0 0 1
    outer loop
      vertex 22.4899 -21.5101 19
      vertex 24.3284 -19.6716 19
      vertex 24.0376 -19.408 19
    endloop
  endfacet
  facet normal -0 0 1
    outer loop
      vertex 22.7934 -23.0358 19
      vertex 25.1955 -24.0307 19
      vertex 22.8397 -22.9064 19
    endloop
  endfacet
  facet normal 0 0 1
    outer loop
      vertex 22.3881 -21.4178 19
      vertex 24.0376 -19.408 19
      vertex 23.7223 -19.1741 19
    endloop
  endfacet
  facet normal 0 0 1
    outer loop
      vertex 25.1955 -24.0307 19
      vertex 22.7934 -23.0358 19
      vertex 25.0277 -24.3856 19
    endloop
  endfacet
  facet normal 0 0 1
    outer loop
      vertex 22.2778 -21.3359 19
      vertex 23.7223 -19.1741 19
      vertex 23.3856 -18.9723 19
    endloop
  endfacet
  facet normal -0 0 1
    outer loop
      vertex 22.7347 -23.16 19
      vertex 25.0277 -24.3856 19
      vertex 22.7934 -23.0358 19
    endloop
  endfacet
  facet normal 0 0 1
    outer loop
      vertex 22.16 -21.2653 19
      vertex 23.3856 -18.9723 19
      vertex 23.0307 -18.8045 19
    endloop
  endfacet
  facet normal 0 0 1
    outer loop
      vertex 25.0277 -24.3856 19
      vertex 22.7347 -23.16 19
      vertex 24.8259 -24.7223 19
    endloop
  endfacet
  facet normal -0 0 1
    outer loop
      vertex 22.6641 -23.2778 19
      vertex 24.8259 -24.7223 19
      vertex 22.7347 -23.16 19
    endloop
  endfacet
  facet normal 0 0 1
    outer loop
      vertex 25.4807 -22.1079 19
      vertex 22.8933 -22.3628 19
      vertex 22.9 -22.5 19
    endloop
  endfacet
  facet normal 0 0 1
    outer loop
      vertex 25.4231 -21.7196 19
      vertex 22.8731 -22.2269 19
      vertex 22.8933 -22.3628 19
    endloop
  endfacet
  facet normal 0 0 1
    outer loop
      vertex 25.3278 -21.3389 19
      vertex 22.8397 -22.0936 19
      vertex 22.8731 -22.2269 19
    endloop
  endfacet
  facet normal 0 0 1
    outer loop
      vertex 25.1955 -20.9693 19
      vertex 22.7934 -21.9642 19
      vertex 22.8397 -22.0936 19
    endloop
  endfacet
  facet normal 0 0 1
    outer loop
      vertex 25.0277 -20.6144 19
      vertex 22.7347 -21.84 19
      vertex 22.7934 -21.9642 19
    endloop
  endfacet
  facet normal 0 0 1
    outer loop
      vertex 24.8259 -20.2777 19
      vertex 22.6641 -21.7222 19
      vertex 22.7347 -21.84 19
    endloop
  endfacet
  facet normal 0 0 1
    outer loop
      vertex 22.0358 -21.2066 19
      vertex 23.0307 -18.8045 19
      vertex 22.6611 -18.6722 19
    endloop
  endfacet
  facet normal 0 0 1
    outer loop
      vertex 24.592 -19.9624 19
      vertex 22.5822 -21.6119 19
      vertex 22.6641 -21.7222 19
    endloop
  endfacet
  facet normal 0 0 1
    outer loop
      vertex 24.3284 -19.6716 19
      vertex 22.4899 -21.5101 19
      vertex 22.5822 -21.6119 19
    endloop
  endfacet
  facet normal 0 0 1
    outer loop
      vertex 24.0376 -19.408 19
      vertex 22.3881 -21.4178 19
      vertex 22.4899 -21.5101 19
    endloop
  endfacet
  facet normal 0 0 1
    outer loop
      vertex 21.9064 -21.1603 19
      vertex 22.6611 -18.6722 19
      vertex 22.2804 -18.5769 19
    endloop
  endfacet
  facet normal 0 0 1
    outer loop
      vertex 23.7223 -19.1741 19
      vertex 22.2778 -21.3359 19
      vertex 22.3881 -21.4178 19
    endloop
  endfacet
  facet normal 0 0 1
    outer loop
      vertex 23.3856 -18.9723 19
      vertex 22.16 -21.2653 19
      vertex 22.2778 -21.3359 19
    endloop
  endfacet
  facet normal 0 0 1
    outer loop
      vertex 23.0307 -18.8045 19
      vertex 22.0358 -21.2066 19
      vertex 22.16 -21.2653 19
    endloop
  endfacet
  facet normal 0 0 1
    outer loop
      vertex 22.6611 -18.6722 19
      vertex 21.9064 -21.1603 19
      vertex 22.0358 -21.2066 19
    endloop
  endfacet
  facet normal 0 0 1
    outer loop
      vertex 21.7731 -21.1269 19
      vertex 22.2804 -18.5769 19
      vertex 21.8921 -18.5193 19
    endloop
  endfacet
  facet normal 0 0 1
    outer loop
      vertex 22.2804 -18.5769 19
      vertex 21.7731 -21.1269 19
      vertex 21.9064 -21.1603 19
    endloop
  endfacet
  facet normal 0 0 1
    outer loop
      vertex 21.8921 -18.5193 19
      vertex 21.6372 -21.1067 19
      vertex 21.7731 -21.1269 19
    endloop
  endfacet
  facet normal 0 0 1
    outer loop
      vertex 21.5 -18.5 19
      vertex 21.6372 -21.1067 19
      vertex 21.8921 -18.5193 19
    endloop
  endfacet
  facet normal 0 0 1
    outer loop
      vertex 21.5 -18.5 19
      vertex 21.5 -21.1 19
      vertex 21.6372 -21.1067 19
    endloop
  endfacet
  facet normal 0 0 1
    outer loop
      vertex 21.5 -18.5 19
      vertex 21.3628 -21.1067 19
      vertex 21.5 -21.1 19
    endloop
  endfacet
  facet normal -0 0 1
    outer loop
      vertex 21.1079 -18.5193 19
      vertex 21.3628 -21.1067 19
      vertex 21.5 -18.5 19
    endloop
  endfacet
  facet normal 0 0 1
    outer loop
      vertex 21.3628 -21.1067 19
      vertex 21.1079 -18.5193 19
      vertex 21.2269 -21.1269 19
    endloop
  endfacet
  facet normal -0 0 1
    outer loop
      vertex 20.7196 -18.5769 19
      vertex 21.2269 -21.1269 19
      vertex 21.1079 -18.5193 19
    endloop
  endfacet
  facet normal 0 0 1
    outer loop
      vertex 21.2269 -21.1269 19
      vertex 20.7196 -18.5769 19
      vertex 21.0936 -21.1603 19
    endloop
  endfacet
  facet normal -0 0 1
    outer loop
      vertex 20.3389 -18.6722 19
      vertex 21.0936 -21.1603 19
      vertex 20.7196 -18.5769 19
    endloop
  endfacet
  facet normal 0 0 1
    outer loop
      vertex 21.0936 -21.1603 19
      vertex 20.3389 -18.6722 19
      vertex 20.9642 -21.2066 19
    endloop
  endfacet
  facet normal -0 0 1
    outer loop
      vertex 19.9693 -18.8045 19
      vertex 20.9642 -21.2066 19
      vertex 20.3389 -18.6722 19
    endloop
  endfacet
  facet normal 0 0 1
    outer loop
      vertex 20.9642 -21.2066 19
      vertex 19.9693 -18.8045 19
      vertex 20.84 -21.2653 19
    endloop
  endfacet
  facet normal -0 0 1
    outer loop
      vertex 19.6144 -18.9723 19
      vertex 20.84 -21.2653 19
      vertex 19.9693 -18.8045 19
    endloop
  endfacet
  facet normal 0 0 1
    outer loop
      vertex 20.84 -21.2653 19
      vertex 19.6144 -18.9723 19
      vertex 20.7222 -21.3359 19
    endloop
  endfacet
  facet normal -0 0 1
    outer loop
      vertex 19.2777 -19.1741 19
      vertex 20.7222 -21.3359 19
      vertex 19.6144 -18.9723 19
    endloop
  endfacet
  facet normal 0 0 1
    outer loop
      vertex 20.7222 -21.3359 19
      vertex 19.2777 -19.1741 19
      vertex 20.6119 -21.4178 19
    endloop
  endfacet
  facet normal -0 0 1
    outer loop
      vertex 18.9624 -19.408 19
      vertex 20.6119 -21.4178 19
      vertex 19.2777 -19.1741 19
    endloop
  endfacet
  facet normal 0 0 1
    outer loop
      vertex 20.6119 -21.4178 19
      vertex 18.9624 -19.408 19
      vertex 20.5101 -21.5101 19
    endloop
  endfacet
  facet normal -0 0 1
    outer loop
      vertex 18.6716 -19.6716 19
      vertex 20.5101 -21.5101 19
      vertex 18.9624 -19.408 19
    endloop
  endfacet
  facet normal 0 0 1
    outer loop
      vertex 20.5101 -21.5101 19
      vertex 18.6716 -19.6716 19
      vertex 20.4178 -21.6119 19
    endloop
  endfacet
  facet normal -0 0 1
    outer loop
      vertex 18.408 -19.9624 19
      vertex 20.4178 -21.6119 19
      vertex 18.6716 -19.6716 19
    endloop
  endfacet
  facet normal -0 0 1
    outer loop
      vertex 18.1741 -20.2777 19
      vertex 20.3359 -21.7222 19
      vertex 18.408 -19.9624 19
    endloop
  endfacet
  facet normal 0 0 1
    outer loop
      vertex 20.4178 -21.6119 19
      vertex 18.408 -19.9624 19
      vertex 20.3359 -21.7222 19
    endloop
  endfacet
  facet normal 0 0 1
    outer loop
      vertex 24.8259 -24.7223 19
      vertex 22.6641 -23.2778 19
      vertex 24.592 -25.0376 19
    endloop
  endfacet
  facet normal -0 0 1
    outer loop
      vertex 22.5822 -23.3881 19
      vertex 24.592 -25.0376 19
      vertex 22.6641 -23.2778 19
    endloop
  endfacet
  facet normal 0 0 1
    outer loop
      vertex 24.592 -25.0376 19
      vertex 22.5822 -23.3881 19
      vertex 24.3284 -25.3284 19
    endloop
  endfacet
  facet normal -0 0 1
    outer loop
      vertex 22.4899 -23.4899 19
      vertex 24.3284 -25.3284 19
      vertex 22.5822 -23.3881 19
    endloop
  endfacet
  facet normal 0 0 1
    outer loop
      vertex 24.3284 -25.3284 19
      vertex 22.4899 -23.4899 19
      vertex 24.0376 -25.592 19
    endloop
  endfacet
  facet normal -0 0 1
    outer loop
      vertex 22.3881 -23.5822 19
      vertex 24.0376 -25.592 19
      vertex 22.4899 -23.4899 19
    endloop
  endfacet
  facet normal 0 0 1
    outer loop
      vertex 24.0376 -25.592 19
      vertex 22.3881 -23.5822 19
      vertex 23.7223 -25.8259 19
    endloop
  endfacet
  facet normal -0 0 1
    outer loop
      vertex 22.2778 -23.6641 19
      vertex 23.7223 -25.8259 19
      vertex 22.3881 -23.5822 19
    endloop
  endfacet
  facet normal 0 0 1
    outer loop
      vertex 23.7223 -25.8259 19
      vertex 22.2778 -23.6641 19
      vertex 23.3856 -26.0277 19
    endloop
  endfacet
  facet normal -0 0 1
    outer loop
      vertex 22.16 -23.7347 19
      vertex 23.3856 -26.0277 19
      vertex 22.2778 -23.6641 19
    endloop
  endfacet
  facet normal 0 0 1
    outer loop
      vertex 23.3856 -26.0277 19
      vertex 22.16 -23.7347 19
      vertex 23.0307 -26.1955 19
    endloop
  endfacet
  facet normal -0 0 1
    outer loop
      vertex 22.0358 -23.7934 19
      vertex 23.0307 -26.1955 19
      vertex 22.16 -23.7347 19
    endloop
  endfacet
  facet normal 0 0 1
    outer loop
      vertex 23.0307 -26.1955 19
      vertex 22.0358 -23.7934 19
      vertex 22.6611 -26.3278 19
    endloop
  endfacet
  facet normal -0 0 1
    outer loop
      vertex 21.9064 -23.8397 19
      vertex 22.6611 -26.3278 19
      vertex 22.0358 -23.7934 19
    endloop
  endfacet
  facet normal 0 0 1
    outer loop
      vertex 22.6611 -26.3278 19
      vertex 21.9064 -23.8397 19
      vertex 22.2804 -26.4231 19
    endloop
  endfacet
  facet normal -0 0 1
    outer loop
      vertex 21.7731 -23.8731 19
      vertex 22.2804 -26.4231 19
      vertex 21.9064 -23.8397 19
    endloop
  endfacet
  facet normal 0 0 1
    outer loop
      vertex 22.2804 -26.4231 19
      vertex 21.7731 -23.8731 19
      vertex 21.8921 -26.4807 19
    endloop
  endfacet
  facet normal -0 0 1
    outer loop
      vertex 21.6372 -23.8933 19
      vertex 21.8921 -26.4807 19
      vertex 21.7731 -23.8731 19
    endloop
  endfacet
  facet normal -0 0 1
    outer loop
      vertex 21.5 -23.9 19
      vertex 21.8921 -26.4807 19
      vertex 21.6372 -23.8933 19
    endloop
  endfacet
  facet normal 0 0 1
    outer loop
      vertex 21.5 -23.9 19
      vertex 21.5 -26.5 19
      vertex 21.8921 -26.4807 19
    endloop
  endfacet
  facet normal 0 0 1
    outer loop
      vertex 21.3628 -23.8933 19
      vertex 21.5 -26.5 19
      vertex 21.5 -23.9 19
    endloop
  endfacet
  facet normal 0 0 1
    outer loop
      vertex 21.1079 -26.4807 19
      vertex 21.3628 -23.8933 19
      vertex 21.2269 -23.8731 19
    endloop
  endfacet
  facet normal 0 0 1
    outer loop
      vertex 21.3628 -23.8933 19
      vertex 21.1079 -26.4807 19
      vertex 21.5 -26.5 19
    endloop
  endfacet
  facet normal 0 0 1
    outer loop
      vertex 20.7196 -26.4231 19
      vertex 21.2269 -23.8731 19
      vertex 21.0936 -23.8397 19
    endloop
  endfacet
  facet normal 0 0 1
    outer loop
      vertex 20.3389 -26.3278 19
      vertex 21.0936 -23.8397 19
      vertex 20.9642 -23.7934 19
    endloop
  endfacet
  facet normal 0 0 1
    outer loop
      vertex 19.9693 -26.1955 19
      vertex 20.9642 -23.7934 19
      vertex 20.84 -23.7347 19
    endloop
  endfacet
  facet normal 0 0 1
    outer loop
      vertex 19.6144 -26.0277 19
      vertex 20.84 -23.7347 19
      vertex 20.7222 -23.6641 19
    endloop
  endfacet
  facet normal 0 0 1
    outer loop
      vertex 21.2269 -23.8731 19
      vertex 20.7196 -26.4231 19
      vertex 21.1079 -26.4807 19
    endloop
  endfacet
  facet normal 0 0 1
    outer loop
      vertex 19.2777 -25.8259 19
      vertex 20.7222 -23.6641 19
      vertex 20.6119 -23.5822 19
    endloop
  endfacet
  facet normal 0 0 1
    outer loop
      vertex 18.9624 -25.592 19
      vertex 20.6119 -23.5822 19
      vertex 20.5101 -23.4899 19
    endloop
  endfacet
  facet normal 0 0 1
    outer loop
      vertex 18.6716 -25.3284 19
      vertex 20.5101 -23.4899 19
      vertex 20.4178 -23.3881 19
    endloop
  endfacet
  facet normal 0 0 1
    outer loop
      vertex 21.0936 -23.8397 19
      vertex 20.3389 -26.3278 19
      vertex 20.7196 -26.4231 19
    endloop
  endfacet
  facet normal 0 0 1
    outer loop
      vertex 18.408 -25.0376 19
      vertex 20.4178 -23.3881 19
      vertex 20.3359 -23.2778 19
    endloop
  endfacet
  facet normal 0 0 1
    outer loop
      vertex 18.1741 -24.7223 19
      vertex 20.3359 -23.2778 19
      vertex 20.2653 -23.16 19
    endloop
  endfacet
  facet normal 0 0 1
    outer loop
      vertex 17.9723 -24.3856 19
      vertex 20.2653 -23.16 19
      vertex 20.2066 -23.0358 19
    endloop
  endfacet
  facet normal 0 0 1
    outer loop
      vertex 17.8045 -24.0307 19
      vertex 20.2066 -23.0358 19
      vertex 20.1603 -22.9064 19
    endloop
  endfacet
  facet normal 0 0 1
    outer loop
      vertex 17.6722 -23.6611 19
      vertex 20.1603 -22.9064 19
      vertex 20.1269 -22.7731 19
    endloop
  endfacet
  facet normal 0 0 1
    outer loop
      vertex 17.5769 -23.2804 19
      vertex 20.1269 -22.7731 19
      vertex 20.1067 -22.6372 19
    endloop
  endfacet
  facet normal 0 0 1
    outer loop
      vertex 20.9642 -23.7934 19
      vertex 19.9693 -26.1955 19
      vertex 20.3389 -26.3278 19
    endloop
  endfacet
  facet normal 0 0 1
    outer loop
      vertex 17.5193 -22.8921 19
      vertex 20.1067 -22.6372 19
      vertex 20.1 -22.5 19
    endloop
  endfacet
  facet normal 0 0 1
    outer loop
      vertex 20.3359 -21.7222 19
      vertex 18.1741 -20.2777 19
      vertex 20.2653 -21.84 19
    endloop
  endfacet
  facet normal -0 0 1
    outer loop
      vertex 17.9723 -20.6144 19
      vertex 20.2653 -21.84 19
      vertex 18.1741 -20.2777 19
    endloop
  endfacet
  facet normal 0 0 1
    outer loop
      vertex 20.84 -23.7347 19
      vertex 19.6144 -26.0277 19
      vertex 19.9693 -26.1955 19
    endloop
  endfacet
  facet normal 0 0 1
    outer loop
      vertex 20.2653 -21.84 19
      vertex 17.9723 -20.6144 19
      vertex 20.2066 -21.9642 19
    endloop
  endfacet
  facet normal 0 0 1
    outer loop
      vertex 20.7222 -23.6641 19
      vertex 19.2777 -25.8259 19
      vertex 19.6144 -26.0277 19
    endloop
  endfacet
  facet normal -0 0 1
    outer loop
      vertex 17.8045 -20.9693 19
      vertex 20.2066 -21.9642 19
      vertex 17.9723 -20.6144 19
    endloop
  endfacet
  facet normal 0 0 1
    outer loop
      vertex 20.6119 -23.5822 19
      vertex 18.9624 -25.592 19
      vertex 19.2777 -25.8259 19
    endloop
  endfacet
  facet normal 0 0 1
    outer loop
      vertex 20.2066 -21.9642 19
      vertex 17.8045 -20.9693 19
      vertex 20.1603 -22.0936 19
    endloop
  endfacet
  facet normal 0 0 1
    outer loop
      vertex 20.5101 -23.4899 19
      vertex 18.6716 -25.3284 19
      vertex 18.9624 -25.592 19
    endloop
  endfacet
  facet normal -0 0 1
    outer loop
      vertex 17.6722 -21.3389 19
      vertex 20.1603 -22.0936 19
      vertex 17.8045 -20.9693 19
    endloop
  endfacet
  facet normal 0 0 1
    outer loop
      vertex 20.4178 -23.3881 19
      vertex 18.408 -25.0376 19
      vertex 18.6716 -25.3284 19
    endloop
  endfacet
  facet normal 0 0 1
    outer loop
      vertex 20.1603 -22.0936 19
      vertex 17.6722 -21.3389 19
      vertex 20.1269 -22.2269 19
    endloop
  endfacet
  facet normal 0 0 1
    outer loop
      vertex 20.3359 -23.2778 19
      vertex 18.1741 -24.7223 19
      vertex 18.408 -25.0376 19
    endloop
  endfacet
  facet normal -0 0 1
    outer loop
      vertex 17.5769 -21.7196 19
      vertex 20.1269 -22.2269 19
      vertex 17.6722 -21.3389 19
    endloop
  endfacet
  facet normal 0 0 1
    outer loop
      vertex 20.2653 -23.16 19
      vertex 17.9723 -24.3856 19
      vertex 18.1741 -24.7223 19
    endloop
  endfacet
  facet normal 0 0 1
    outer loop
      vertex 20.1269 -22.2269 19
      vertex 17.5769 -21.7196 19
      vertex 20.1067 -22.3628 19
    endloop
  endfacet
  facet normal 0 0 1
    outer loop
      vertex 20.2066 -23.0358 19
      vertex 17.8045 -24.0307 19
      vertex 17.9723 -24.3856 19
    endloop
  endfacet
  facet normal -0 0 1
    outer loop
      vertex 17.5193 -22.1079 19
      vertex 20.1067 -22.3628 19
      vertex 17.5769 -21.7196 19
    endloop
  endfacet
  facet normal 0 0 1
    outer loop
      vertex 20.1603 -22.9064 19
      vertex 17.6722 -23.6611 19
      vertex 17.8045 -24.0307 19
    endloop
  endfacet
  facet normal 0 0 1
    outer loop
      vertex 20.1067 -22.3628 19
      vertex 17.5193 -22.1079 19
      vertex 20.1 -22.5 19
    endloop
  endfacet
  facet normal 0 0 1
    outer loop
      vertex 20.1269 -22.7731 19
      vertex 17.5769 -23.2804 19
      vertex 17.6722 -23.6611 19
    endloop
  endfacet
  facet normal 0 0 1
    outer loop
      vertex 17.5 -22.5 19
      vertex 20.1 -22.5 19
      vertex 17.5193 -22.1079 19
    endloop
  endfacet
  facet normal 0 0 1
    outer loop
      vertex 20.1067 -22.6372 19
      vertex 17.5193 -22.8921 19
      vertex 17.5769 -23.2804 19
    endloop
  endfacet
  facet normal 0 0 1
    outer loop
      vertex 20.1 -22.5 19
      vertex 17.5 -22.5 19
      vertex 17.5193 -22.8921 19
    endloop
  endfacet
  facet normal -0.514084 0.85774 0
    outer loop
      vertex 19.6144 -18.9723 1
      vertex 19.2777 -19.1741 19
      vertex 19.6144 -18.9723 19
    endloop
  endfacet
  facet normal -0.514084 0.85774 0
    outer loop
      vertex 19.2777 -19.1741 19
      vertex 19.6144 -18.9723 1
      vertex 19.2777 -19.1741 1
    endloop
  endfacet
  facet normal -0.42744 0.904044 0
    outer loop
      vertex 19.9693 -18.8045 1
      vertex 19.6144 -18.9723 19
      vertex 19.9693 -18.8045 19
    endloop
  endfacet
  facet normal -0.42744 0.904044 0
    outer loop
      vertex 19.6144 -18.9723 19
      vertex 19.9693 -18.8045 1
      vertex 19.6144 -18.9723 1
    endloop
  endfacet
  facet normal -0.595794 0.803137 0
    outer loop
      vertex 19.2777 -19.1741 1
      vertex 18.9624 -19.408 19
      vertex 19.2777 -19.1741 19
    endloop
  endfacet
  facet normal -0.595794 0.803137 0
    outer loop
      vertex 18.9624 -19.408 19
      vertex 19.2777 -19.1741 1
      vertex 18.9624 -19.408 1
    endloop
  endfacet
  facet normal -0.242835 0.970068 0
    outer loop
      vertex 20.7196 -18.5769 1
      vertex 20.3389 -18.6722 19
      vertex 20.7196 -18.5769 19
    endloop
  endfacet
  facet normal -0.242835 0.970068 0
    outer loop
      vertex 20.3389 -18.6722 19
      vertex 20.7196 -18.5769 1
      vertex 20.3389 -18.6722 1
    endloop
  endfacet
  facet normal -0.0491626 0.998791 0
    outer loop
      vertex 21.5 -18.5 1
      vertex 21.1079 -18.5193 19
      vertex 21.5 -18.5 19
    endloop
  endfacet
  facet normal -0.0491626 0.998791 0
    outer loop
      vertex 21.1079 -18.5193 19
      vertex 21.5 -18.5 1
      vertex 21.1079 -18.5193 1
    endloop
  endfacet
  facet normal 0.146733 -0.989176 0
    outer loop
      vertex 21.8921 -26.4807 1
      vertex 22.2804 -26.4231 19
      vertex 21.8921 -26.4807 19
    endloop
  endfacet
  facet normal 0.146733 -0.989176 0
    outer loop
      vertex 22.2804 -26.4231 19
      vertex 21.8921 -26.4807 1
      vertex 22.2804 -26.4231 1
    endloop
  endfacet
  facet normal 0.0491626 -0.998791 0
    outer loop
      vertex 21.5 -26.5 1
      vertex 21.8921 -26.4807 19
      vertex 21.5 -26.5 19
    endloop
  endfacet
  facet normal 0.0491626 -0.998791 0
    outer loop
      vertex 21.8921 -26.4807 19
      vertex 21.5 -26.5 1
      vertex 21.8921 -26.4807 1
    endloop
  endfacet
  facet normal 0.337014 -0.9415 0
    outer loop
      vertex 22.6611 -26.3278 1
      vertex 23.0307 -26.1955 19
      vertex 22.6611 -26.3278 19
    endloop
  endfacet
  facet normal 0.337014 -0.9415 0
    outer loop
      vertex 23.0307 -26.1955 19
      vertex 22.6611 -26.3278 1
      vertex 23.0307 -26.1955 1
    endloop
  endfacet
  facet normal 0.671607 -0.740908 0
    outer loop
      vertex 24.0376 -25.592 1
      vertex 24.3284 -25.3284 19
      vertex 24.0376 -25.592 19
    endloop
  endfacet
  facet normal 0.671607 -0.740908 0
    outer loop
      vertex 24.3284 -25.3284 19
      vertex 24.0376 -25.592 1
      vertex 24.3284 -25.3284 1
    endloop
  endfacet
  facet normal 0.514084 -0.85774 0
    outer loop
      vertex 23.3856 -26.0277 1
      vertex 23.7223 -25.8259 19
      vertex 23.3856 -26.0277 19
    endloop
  endfacet
  facet normal 0.514084 -0.85774 0
    outer loop
      vertex 23.7223 -25.8259 19
      vertex 23.3856 -26.0277 1
      vertex 23.7223 -25.8259 1
    endloop
  endfacet
  facet normal 0.803137 -0.595794 0
    outer loop
      vertex 24.592 -25.0376 19
      vertex 24.8259 -24.7223 1
      vertex 24.8259 -24.7223 19
    endloop
  endfacet
  facet normal 0.803137 -0.595794 0
    outer loop
      vertex 24.8259 -24.7223 1
      vertex 24.592 -25.0376 19
      vertex 24.592 -25.0376 1
    endloop
  endfacet
  facet normal 0.904044 -0.42744 0
    outer loop
      vertex 25.0277 -24.3856 19
      vertex 25.1955 -24.0307 1
      vertex 25.1955 -24.0307 19
    endloop
  endfacet
  facet normal 0.904044 -0.42744 0
    outer loop
      vertex 25.1955 -24.0307 1
      vertex 25.0277 -24.3856 19
      vertex 25.0277 -24.3856 1
    endloop
  endfacet
  facet normal -0.671607 -0.740908 0
    outer loop
      vertex 18.6716 -25.3284 1
      vertex 18.9624 -25.592 19
      vertex 18.6716 -25.3284 19
    endloop
  endfacet
  facet normal -0.671607 -0.740908 -0
    outer loop
      vertex 18.9624 -25.592 19
      vertex 18.6716 -25.3284 1
      vertex 18.9624 -25.592 1
    endloop
  endfacet
  facet normal -0.514084 -0.85774 0
    outer loop
      vertex 19.2777 -25.8259 1
      vertex 19.6144 -26.0277 19
      vertex 19.2777 -25.8259 19
    endloop
  endfacet
  facet normal -0.514084 -0.85774 -0
    outer loop
      vertex 19.6144 -26.0277 19
      vertex 19.2777 -25.8259 1
      vertex 19.6144 -26.0277 1
    endloop
  endfacet
  facet normal -0.337014 -0.9415 0
    outer loop
      vertex 19.9693 -26.1955 1
      vertex 20.3389 -26.3278 19
      vertex 19.9693 -26.1955 19
    endloop
  endfacet
  facet normal -0.337014 -0.9415 -0
    outer loop
      vertex 20.3389 -26.3278 19
      vertex 19.9693 -26.1955 1
      vertex 20.3389 -26.3278 1
    endloop
  endfacet
  facet normal -0.146733 -0.989176 0
    outer loop
      vertex 20.7196 -26.4231 1
      vertex 21.1079 -26.4807 19
      vertex 20.7196 -26.4231 19
    endloop
  endfacet
  facet normal -0.146733 -0.989176 -0
    outer loop
      vertex 21.1079 -26.4807 19
      vertex 20.7196 -26.4231 1
      vertex 21.1079 -26.4807 1
    endloop
  endfacet
  facet normal -0.803137 -0.595794 0
    outer loop
      vertex 18.408 -25.0376 1
      vertex 18.1741 -24.7223 19
      vertex 18.1741 -24.7223 1
    endloop
  endfacet
  facet normal -0.803137 -0.595794 0
    outer loop
      vertex 18.1741 -24.7223 19
      vertex 18.408 -25.0376 1
      vertex 18.408 -25.0376 19
    endloop
  endfacet
  facet normal -0.904044 -0.42744 0
    outer loop
      vertex 17.9723 -24.3856 1
      vertex 17.8045 -24.0307 19
      vertex 17.8045 -24.0307 1
    endloop
  endfacet
  facet normal -0.904044 -0.42744 0
    outer loop
      vertex 17.8045 -24.0307 19
      vertex 17.9723 -24.3856 1
      vertex 17.9723 -24.3856 19
    endloop
  endfacet
  facet normal -0.85774 -0.514084 0
    outer loop
      vertex 18.1741 -24.7223 1
      vertex 17.9723 -24.3856 19
      vertex 17.9723 -24.3856 1
    endloop
  endfacet
  facet normal -0.85774 -0.514084 0
    outer loop
      vertex 17.9723 -24.3856 19
      vertex 18.1741 -24.7223 1
      vertex 18.1741 -24.7223 19
    endloop
  endfacet
  facet normal -0.970068 -0.242835 0
    outer loop
      vertex 17.6722 -23.6611 1
      vertex 17.5769 -23.2804 19
      vertex 17.5769 -23.2804 1
    endloop
  endfacet
  facet normal -0.970068 -0.242835 0
    outer loop
      vertex 17.5769 -23.2804 19
      vertex 17.6722 -23.6611 1
      vertex 17.6722 -23.6611 19
    endloop
  endfacet
  facet normal -0.9415 -0.337014 0
    outer loop
      vertex 17.8045 -24.0307 1
      vertex 17.6722 -23.6611 19
      vertex 17.6722 -23.6611 1
    endloop
  endfacet
  facet normal -0.9415 -0.337014 0
    outer loop
      vertex 17.6722 -23.6611 19
      vertex 17.8045 -24.0307 1
      vertex 17.8045 -24.0307 19
    endloop
  endfacet
  facet normal -0.998791 -0.0491626 0
    outer loop
      vertex 17.5193 -22.8921 1
      vertex 17.5 -22.5 19
      vertex 17.5 -22.5 1
    endloop
  endfacet
  facet normal -0.998791 -0.0491626 0
    outer loop
      vertex 17.5 -22.5 19
      vertex 17.5193 -22.8921 1
      vertex 17.5193 -22.8921 19
    endloop
  endfacet
  facet normal 0.42744 -0.904044 0
    outer loop
      vertex 23.0307 -26.1955 1
      vertex 23.3856 -26.0277 19
      vertex 23.0307 -26.1955 19
    endloop
  endfacet
  facet normal 0.42744 -0.904044 0
    outer loop
      vertex 23.3856 -26.0277 19
      vertex 23.0307 -26.1955 1
      vertex 23.3856 -26.0277 1
    endloop
  endfacet
  facet normal 0.740908 -0.671607 0
    outer loop
      vertex 24.3284 -25.3284 19
      vertex 24.592 -25.0376 1
      vertex 24.592 -25.0376 19
    endloop
  endfacet
  facet normal 0.740908 -0.671607 0
    outer loop
      vertex 24.592 -25.0376 1
      vertex 24.3284 -25.3284 19
      vertex 24.3284 -25.3284 1
    endloop
  endfacet
  facet normal 0.595794 -0.803137 0
    outer loop
      vertex 23.7223 -25.8259 1
      vertex 24.0376 -25.592 19
      vertex 23.7223 -25.8259 19
    endloop
  endfacet
  facet normal 0.595794 -0.803137 0
    outer loop
      vertex 24.0376 -25.592 19
      vertex 23.7223 -25.8259 1
      vertex 24.0376 -25.592 1
    endloop
  endfacet
  facet normal 0.85774 -0.514084 0
    outer loop
      vertex 24.8259 -24.7223 19
      vertex 25.0277 -24.3856 1
      vertex 25.0277 -24.3856 19
    endloop
  endfacet
  facet normal 0.85774 -0.514084 0
    outer loop
      vertex 25.0277 -24.3856 1
      vertex 24.8259 -24.7223 19
      vertex 24.8259 -24.7223 1
    endloop
  endfacet
  facet normal 0.989176 -0.146733 0
    outer loop
      vertex 25.4231 -23.2804 19
      vertex 25.4807 -22.8921 1
      vertex 25.4807 -22.8921 19
    endloop
  endfacet
  facet normal 0.989176 -0.146733 0
    outer loop
      vertex 25.4807 -22.8921 1
      vertex 25.4231 -23.2804 19
      vertex 25.4231 -23.2804 1
    endloop
  endfacet
  facet normal 0.970068 -0.242835 0
    outer loop
      vertex 25.3278 -23.6611 19
      vertex 25.4231 -23.2804 1
      vertex 25.4231 -23.2804 19
    endloop
  endfacet
  facet normal 0.970068 -0.242835 0
    outer loop
      vertex 25.4231 -23.2804 1
      vertex 25.3278 -23.6611 19
      vertex 25.3278 -23.6611 1
    endloop
  endfacet
  facet normal 0.998791 -0.0491626 0
    outer loop
      vertex 25.4807 -22.8921 19
      vertex 25.5 -22.5 1
      vertex 25.5 -22.5 19
    endloop
  endfacet
  facet normal 0.998791 -0.0491626 0
    outer loop
      vertex 25.5 -22.5 1
      vertex 25.4807 -22.8921 19
      vertex 25.4807 -22.8921 1
    endloop
  endfacet
  facet normal -0.595794 -0.803137 0
    outer loop
      vertex 18.9624 -25.592 1
      vertex 19.2777 -25.8259 19
      vertex 18.9624 -25.592 19
    endloop
  endfacet
  facet normal -0.595794 -0.803137 -0
    outer loop
      vertex 19.2777 -25.8259 19
      vertex 18.9624 -25.592 1
      vertex 19.2777 -25.8259 1
    endloop
  endfacet
  facet normal -0.42744 -0.904044 0
    outer loop
      vertex 19.6144 -26.0277 1
      vertex 19.9693 -26.1955 19
      vertex 19.6144 -26.0277 19
    endloop
  endfacet
  facet normal -0.42744 -0.904044 -0
    outer loop
      vertex 19.9693 -26.1955 19
      vertex 19.6144 -26.0277 1
      vertex 19.9693 -26.1955 1
    endloop
  endfacet
  facet normal -0.242835 -0.970068 0
    outer loop
      vertex 20.3389 -26.3278 1
      vertex 20.7196 -26.4231 19
      vertex 20.3389 -26.3278 19
    endloop
  endfacet
  facet normal -0.242835 -0.970068 -0
    outer loop
      vertex 20.7196 -26.4231 19
      vertex 20.3389 -26.3278 1
      vertex 20.7196 -26.4231 1
    endloop
  endfacet
  facet normal -0.740908 -0.671607 0
    outer loop
      vertex 18.6716 -25.3284 1
      vertex 18.408 -25.0376 19
      vertex 18.408 -25.0376 1
    endloop
  endfacet
  facet normal -0.740908 -0.671607 0
    outer loop
      vertex 18.408 -25.0376 19
      vertex 18.6716 -25.3284 1
      vertex 18.6716 -25.3284 19
    endloop
  endfacet
  facet normal -0.989176 -0.146733 0
    outer loop
      vertex 17.5769 -23.2804 1
      vertex 17.5193 -22.8921 19
      vertex 17.5193 -22.8921 1
    endloop
  endfacet
  facet normal -0.989176 -0.146733 0
    outer loop
      vertex 17.5193 -22.8921 19
      vertex 17.5769 -23.2804 1
      vertex 17.5769 -23.2804 19
    endloop
  endfacet
  facet normal 0.242835 -0.970068 0
    outer loop
      vertex 22.2804 -26.4231 1
      vertex 22.6611 -26.3278 19
      vertex 22.2804 -26.4231 19
    endloop
  endfacet
  facet normal 0.242835 -0.970068 0
    outer loop
      vertex 22.6611 -26.3278 19
      vertex 22.2804 -26.4231 1
      vertex 22.6611 -26.3278 1
    endloop
  endfacet
  facet normal -0.671694 -0.740829 0
    outer loop
      vertex 22.3881 -21.4178 11
      vertex 22.4899 -21.5101 19
      vertex 22.3881 -21.4178 19
    endloop
  endfacet
  facet normal -0.671694 -0.740829 -0
    outer loop
      vertex 22.4899 -21.5101 19
      vertex 22.3881 -21.4178 11
      vertex 22.4899 -21.5101 11
    endloop
  endfacet
  facet normal 0.336889 -0.941544 0
    outer loop
      vertex 20.9642 -21.2066 11
      vertex 21.0936 -21.1603 19
      vertex 20.9642 -21.2066 19
    endloop
  endfacet
  facet normal 0.336889 -0.941544 0
    outer loop
      vertex 21.0936 -21.1603 19
      vertex 20.9642 -21.2066 11
      vertex 21.0936 -21.1603 11
    endloop
  endfacet
  facet normal 0.904108 -0.427304 0
    outer loop
      vertex 20.2066 -21.9642 19
      vertex 20.2653 -21.84 11
      vertex 20.2653 -21.84 19
    endloop
  endfacet
  facet normal 0.904108 -0.427304 0
    outer loop
      vertex 20.2653 -21.84 11
      vertex 20.2066 -21.9642 19
      vertex 20.2066 -21.9642 11
    endloop
  endfacet
  facet normal -0.904108 0.427304 0
    outer loop
      vertex 22.7347 -23.16 11
      vertex 22.7934 -23.0358 19
      vertex 22.7934 -23.0358 11
    endloop
  endfacet
  facet normal -0.904108 0.427304 0
    outer loop
      vertex 22.7934 -23.0358 19
      vertex 22.7347 -23.16 11
      vertex 22.7347 -23.16 19
    endloop
  endfacet
  facet normal 0.427304 0.904108 -0
    outer loop
      vertex 20.9642 -23.7934 11
      vertex 20.84 -23.7347 19
      vertex 20.9642 -23.7934 19
    endloop
  endfacet
  facet normal 0.427304 0.904108 0
    outer loop
      vertex 20.84 -23.7347 19
      vertex 20.9642 -23.7934 11
      vertex 20.84 -23.7347 11
    endloop
  endfacet
  facet normal -0.904108 -0.427304 0
    outer loop
      vertex 22.7934 -21.9642 11
      vertex 22.7347 -21.84 19
      vertex 22.7347 -21.84 11
    endloop
  endfacet
  facet normal -0.904108 -0.427304 0
    outer loop
      vertex 22.7347 -21.84 19
      vertex 22.7934 -21.9642 11
      vertex 22.7934 -21.9642 19
    endloop
  endfacet
  facet normal -0.85775 -0.514067 0
    outer loop
      vertex 22.7347 -21.84 11
      vertex 22.6641 -21.7222 19
      vertex 22.6641 -21.7222 11
    endloop
  endfacet
  facet normal -0.85775 -0.514067 0
    outer loop
      vertex 22.6641 -21.7222 19
      vertex 22.7347 -21.84 11
      vertex 22.7347 -21.84 19
    endloop
  endfacet
  facet normal -0.740829 -0.671694 0
    outer loop
      vertex 22.5822 -21.6119 11
      vertex 22.4899 -21.5101 19
      vertex 22.4899 -21.5101 11
    endloop
  endfacet
  facet normal -0.740829 -0.671694 0
    outer loop
      vertex 22.4899 -21.5101 19
      vertex 22.5822 -21.6119 11
      vertex 22.5822 -21.6119 19
    endloop
  endfacet
  facet normal -0.427304 -0.904108 0
    outer loop
      vertex 22.0358 -21.2066 11
      vertex 22.16 -21.2653 19
      vertex 22.0358 -21.2066 19
    endloop
  endfacet
  facet normal -0.427304 -0.904108 -0
    outer loop
      vertex 22.16 -21.2653 19
      vertex 22.0358 -21.2066 11
      vertex 22.16 -21.2653 11
    endloop
  endfacet
  facet normal 0.740829 -0.671694 0
    outer loop
      vertex 20.4178 -21.6119 19
      vertex 20.5101 -21.5101 11
      vertex 20.5101 -21.5101 19
    endloop
  endfacet
  facet normal 0.740829 -0.671694 0
    outer loop
      vertex 20.5101 -21.5101 11
      vertex 20.4178 -21.6119 19
      vertex 20.4178 -21.6119 11
    endloop
  endfacet
  facet normal 0.147023 -0.989133 0
    outer loop
      vertex 21.2269 -21.1269 11
      vertex 21.3628 -21.1067 19
      vertex 21.2269 -21.1269 19
    endloop
  endfacet
  facet normal 0.147023 -0.989133 0
    outer loop
      vertex 21.3628 -21.1067 19
      vertex 21.2269 -21.1269 11
      vertex 21.3628 -21.1067 11
    endloop
  endfacet
  facet normal -0.989133 0.147023 0
    outer loop
      vertex 22.8731 -22.7731 11
      vertex 22.8933 -22.6372 19
      vertex 22.8933 -22.6372 11
    endloop
  endfacet
  facet normal -0.989133 0.147023 0
    outer loop
      vertex 22.8933 -22.6372 19
      vertex 22.8731 -22.7731 11
      vertex 22.8731 -22.7731 19
    endloop
  endfacet
  facet normal -0.740829 0.671694 0
    outer loop
      vertex 22.4899 -23.4899 11
      vertex 22.5822 -23.3881 19
      vertex 22.5822 -23.3881 11
    endloop
  endfacet
  facet normal -0.740829 0.671694 0
    outer loop
      vertex 22.5822 -23.3881 19
      vertex 22.4899 -23.4899 11
      vertex 22.4899 -23.4899 19
    endloop
  endfacet
  facet normal 0.147023 0.989133 -0
    outer loop
      vertex 21.3628 -23.8933 11
      vertex 21.2269 -23.8731 19
      vertex 21.3628 -23.8933 19
    endloop
  endfacet
  facet normal 0.147023 0.989133 0
    outer loop
      vertex 21.2269 -23.8731 19
      vertex 21.3628 -23.8933 11
      vertex 21.2269 -23.8731 11
    endloop
  endfacet
  facet normal 0.671694 0.740829 -0
    outer loop
      vertex 20.6119 -23.5822 11
      vertex 20.5101 -23.4899 19
      vertex 20.6119 -23.5822 19
    endloop
  endfacet
  facet normal 0.671694 0.740829 0
    outer loop
      vertex 20.5101 -23.4899 19
      vertex 20.6119 -23.5822 11
      vertex 20.5101 -23.4899 11
    endloop
  endfacet
  facet normal -0.970014 -0.243049 0
    outer loop
      vertex 22.8731 -22.2269 11
      vertex 22.8397 -22.0936 19
      vertex 22.8397 -22.0936 11
    endloop
  endfacet
  facet normal -0.970014 -0.243049 0
    outer loop
      vertex 22.8397 -22.0936 19
      vertex 22.8731 -22.2269 11
      vertex 22.8731 -22.2269 19
    endloop
  endfacet
  facet normal -0.941544 -0.336889 0
    outer loop
      vertex 22.8397 -22.0936 11
      vertex 22.7934 -21.9642 19
      vertex 22.7934 -21.9642 11
    endloop
  endfacet
  facet normal -0.941544 -0.336889 0
    outer loop
      vertex 22.7934 -21.9642 19
      vertex 22.8397 -22.0936 11
      vertex 22.8397 -22.0936 19
    endloop
  endfacet
  facet normal -0.802873 -0.59615 0
    outer loop
      vertex 22.6641 -21.7222 11
      vertex 22.5822 -21.6119 19
      vertex 22.5822 -21.6119 11
    endloop
  endfacet
  facet normal -0.802873 -0.59615 0
    outer loop
      vertex 22.5822 -21.6119 19
      vertex 22.6641 -21.7222 11
      vertex 22.6641 -21.7222 19
    endloop
  endfacet
  facet normal -0.59615 -0.802873 0
    outer loop
      vertex 22.2778 -21.3359 11
      vertex 22.3881 -21.4178 19
      vertex 22.2778 -21.3359 19
    endloop
  endfacet
  facet normal -0.59615 -0.802873 -0
    outer loop
      vertex 22.3881 -21.4178 19
      vertex 22.2778 -21.3359 11
      vertex 22.3881 -21.4178 11
    endloop
  endfacet
  facet normal -0.0487757 -0.99881 0
    outer loop
      vertex 21.5 -21.1 11
      vertex 21.6372 -21.1067 19
      vertex 21.5 -21.1 19
    endloop
  endfacet
  facet normal -0.0487757 -0.99881 -0
    outer loop
      vertex 21.6372 -21.1067 19
      vertex 21.5 -21.1 11
      vertex 21.6372 -21.1067 11
    endloop
  endfacet
  facet normal -0.514067 -0.85775 0
    outer loop
      vertex 22.16 -21.2653 11
      vertex 22.2778 -21.3359 19
      vertex 22.16 -21.2653 19
    endloop
  endfacet
  facet normal -0.514067 -0.85775 -0
    outer loop
      vertex 22.2778 -21.3359 19
      vertex 22.16 -21.2653 11
      vertex 22.2778 -21.3359 11
    endloop
  endfacet
  facet normal -0.336889 -0.941544 0
    outer loop
      vertex 21.9064 -21.1603 11
      vertex 22.0358 -21.2066 19
      vertex 21.9064 -21.1603 19
    endloop
  endfacet
  facet normal -0.336889 -0.941544 -0
    outer loop
      vertex 22.0358 -21.2066 19
      vertex 21.9064 -21.1603 11
      vertex 22.0358 -21.2066 11
    endloop
  endfacet
  facet normal -0.243049 -0.970014 0
    outer loop
      vertex 21.7731 -21.1269 11
      vertex 21.9064 -21.1603 19
      vertex 21.7731 -21.1269 19
    endloop
  endfacet
  facet normal -0.243049 -0.970014 -0
    outer loop
      vertex 21.9064 -21.1603 19
      vertex 21.7731 -21.1269 11
      vertex 21.9064 -21.1603 11
    endloop
  endfacet
  facet normal 0.99881 -0.0487757 0
    outer loop
      vertex 20.1 -22.5 19
      vertex 20.1067 -22.3628 11
      vertex 20.1067 -22.3628 19
    endloop
  endfacet
  facet normal 0.99881 -0.0487757 0
    outer loop
      vertex 20.1067 -22.3628 11
      vertex 20.1 -22.5 19
      vertex 20.1 -22.5 11
    endloop
  endfacet
  facet normal 0.941544 -0.336889 0
    outer loop
      vertex 20.1603 -22.0936 19
      vertex 20.2066 -21.9642 11
      vertex 20.2066 -21.9642 19
    endloop
  endfacet
  facet normal 0.941544 -0.336889 0
    outer loop
      vertex 20.2066 -21.9642 11
      vertex 20.1603 -22.0936 19
      vertex 20.1603 -22.0936 11
    endloop
  endfacet
  facet normal 0.970014 -0.243049 0
    outer loop
      vertex 20.1269 -22.2269 19
      vertex 20.1603 -22.0936 11
      vertex 20.1603 -22.0936 19
    endloop
  endfacet
  facet normal 0.970014 -0.243049 0
    outer loop
      vertex 20.1603 -22.0936 11
      vertex 20.1269 -22.2269 19
      vertex 20.1269 -22.2269 11
    endloop
  endfacet
  facet normal 0.85775 -0.514067 0
    outer loop
      vertex 20.2653 -21.84 19
      vertex 20.3359 -21.7222 11
      vertex 20.3359 -21.7222 19
    endloop
  endfacet
  facet normal 0.85775 -0.514067 0
    outer loop
      vertex 20.3359 -21.7222 11
      vertex 20.2653 -21.84 19
      vertex 20.2653 -21.84 11
    endloop
  endfacet
  facet normal 0.802873 -0.59615 0
    outer loop
      vertex 20.3359 -21.7222 19
      vertex 20.4178 -21.6119 11
      vertex 20.4178 -21.6119 19
    endloop
  endfacet
  facet normal 0.802873 -0.59615 0
    outer loop
      vertex 20.4178 -21.6119 11
      vertex 20.3359 -21.7222 19
      vertex 20.3359 -21.7222 11
    endloop
  endfacet
  facet normal 0.243049 -0.970014 0
    outer loop
      vertex 21.0936 -21.1603 11
      vertex 21.2269 -21.1269 19
      vertex 21.0936 -21.1603 19
    endloop
  endfacet
  facet normal 0.243049 -0.970014 0
    outer loop
      vertex 21.2269 -21.1269 19
      vertex 21.0936 -21.1603 11
      vertex 21.2269 -21.1269 11
    endloop
  endfacet
  facet normal 0.0487757 -0.99881 0
    outer loop
      vertex 21.3628 -21.1067 11
      vertex 21.5 -21.1 19
      vertex 21.3628 -21.1067 19
    endloop
  endfacet
  facet normal 0.0487757 -0.99881 0
    outer loop
      vertex 21.5 -21.1 19
      vertex 21.3628 -21.1067 11
      vertex 21.5 -21.1 11
    endloop
  endfacet
  facet normal 0.514067 -0.85775 0
    outer loop
      vertex 20.7222 -21.3359 11
      vertex 20.84 -21.2653 19
      vertex 20.7222 -21.3359 19
    endloop
  endfacet
  facet normal 0.514067 -0.85775 0
    outer loop
      vertex 20.84 -21.2653 19
      vertex 20.7222 -21.3359 11
      vertex 20.84 -21.2653 11
    endloop
  endfacet
  facet normal 0.59615 -0.802873 0
    outer loop
      vertex 20.6119 -21.4178 11
      vertex 20.7222 -21.3359 19
      vertex 20.6119 -21.4178 19
    endloop
  endfacet
  facet normal 0.59615 -0.802873 0
    outer loop
      vertex 20.7222 -21.3359 19
      vertex 20.6119 -21.4178 11
      vertex 20.7222 -21.3359 11
    endloop
  endfacet
  facet normal 0.427304 -0.904108 0
    outer loop
      vertex 20.84 -21.2653 11
      vertex 20.9642 -21.2066 19
      vertex 20.84 -21.2653 19
    endloop
  endfacet
  facet normal 0.427304 -0.904108 0
    outer loop
      vertex 20.9642 -21.2066 19
      vertex 20.84 -21.2653 11
      vertex 20.9642 -21.2066 11
    endloop
  endfacet
  facet normal 0.671694 -0.740829 0
    outer loop
      vertex 20.5101 -21.5101 11
      vertex 20.6119 -21.4178 19
      vertex 20.5101 -21.5101 19
    endloop
  endfacet
  facet normal 0.671694 -0.740829 0
    outer loop
      vertex 20.6119 -21.4178 19
      vertex 20.5101 -21.5101 11
      vertex 20.6119 -21.4178 11
    endloop
  endfacet
  facet normal -0.99881 -0.0487757 0
    outer loop
      vertex 22.9 -22.5 11
      vertex 22.8933 -22.3628 19
      vertex 22.8933 -22.3628 11
    endloop
  endfacet
  facet normal -0.99881 -0.0487757 0
    outer loop
      vertex 22.8933 -22.3628 19
      vertex 22.9 -22.5 11
      vertex 22.9 -22.5 19
    endloop
  endfacet
  facet normal -0.0487757 0.99881 0
    outer loop
      vertex 21.6372 -23.8933 11
      vertex 21.5 -23.9 19
      vertex 21.6372 -23.8933 19
    endloop
  endfacet
  facet normal -0.0487757 0.99881 0
    outer loop
      vertex 21.5 -23.9 19
      vertex 21.6372 -23.8933 11
      vertex 21.5 -23.9 11
    endloop
  endfacet
  facet normal -0.147023 0.989133 0
    outer loop
      vertex 21.7731 -23.8731 11
      vertex 21.6372 -23.8933 19
      vertex 21.7731 -23.8731 19
    endloop
  endfacet
  facet normal -0.147023 0.989133 0
    outer loop
      vertex 21.6372 -23.8933 19
      vertex 21.7731 -23.8731 11
      vertex 21.6372 -23.8933 11
    endloop
  endfacet
  facet normal -0.243049 0.970014 0
    outer loop
      vertex 21.9064 -23.8397 11
      vertex 21.7731 -23.8731 19
      vertex 21.9064 -23.8397 19
    endloop
  endfacet
  facet normal -0.243049 0.970014 0
    outer loop
      vertex 21.7731 -23.8731 19
      vertex 21.9064 -23.8397 11
      vertex 21.7731 -23.8731 11
    endloop
  endfacet
  facet normal -0.59615 0.802873 0
    outer loop
      vertex 22.3881 -23.5822 11
      vertex 22.2778 -23.6641 19
      vertex 22.3881 -23.5822 19
    endloop
  endfacet
  facet normal -0.59615 0.802873 0
    outer loop
      vertex 22.2778 -23.6641 19
      vertex 22.3881 -23.5822 11
      vertex 22.2778 -23.6641 11
    endloop
  endfacet
  facet normal -0.427304 0.904108 0
    outer loop
      vertex 22.16 -23.7347 11
      vertex 22.0358 -23.7934 19
      vertex 22.16 -23.7347 19
    endloop
  endfacet
  facet normal -0.427304 0.904108 0
    outer loop
      vertex 22.0358 -23.7934 19
      vertex 22.16 -23.7347 11
      vertex 22.0358 -23.7934 11
    endloop
  endfacet
  facet normal -0.85775 0.514067 0
    outer loop
      vertex 22.6641 -23.2778 11
      vertex 22.7347 -23.16 19
      vertex 22.7347 -23.16 11
    endloop
  endfacet
  facet normal -0.85775 0.514067 0
    outer loop
      vertex 22.7347 -23.16 19
      vertex 22.6641 -23.2778 11
      vertex 22.6641 -23.2778 19
    endloop
  endfacet
  facet normal 0.0487757 0.99881 -0
    outer loop
      vertex 21.5 -23.9 11
      vertex 21.3628 -23.8933 19
      vertex 21.5 -23.9 19
    endloop
  endfacet
  facet normal 0.0487757 0.99881 0
    outer loop
      vertex 21.3628 -23.8933 19
      vertex 21.5 -23.9 11
      vertex 21.3628 -23.8933 11
    endloop
  endfacet
  facet normal 0.336889 0.941544 -0
    outer loop
      vertex 21.0936 -23.8397 11
      vertex 20.9642 -23.7934 19
      vertex 21.0936 -23.8397 19
    endloop
  endfacet
  facet normal 0.336889 0.941544 0
    outer loop
      vertex 20.9642 -23.7934 19
      vertex 21.0936 -23.8397 11
      vertex 20.9642 -23.7934 11
    endloop
  endfacet
  facet normal 0.514067 0.85775 -0
    outer loop
      vertex 20.84 -23.7347 11
      vertex 20.7222 -23.6641 19
      vertex 20.84 -23.7347 19
    endloop
  endfacet
  facet normal 0.514067 0.85775 0
    outer loop
      vertex 20.7222 -23.6641 19
      vertex 20.84 -23.7347 11
      vertex 20.7222 -23.6641 11
    endloop
  endfacet
  facet normal 0.970014 0.243049 0
    outer loop
      vertex 20.1603 -22.9064 19
      vertex 20.1269 -22.7731 11
      vertex 20.1269 -22.7731 19
    endloop
  endfacet
  facet normal 0.970014 0.243049 0
    outer loop
      vertex 20.1269 -22.7731 11
      vertex 20.1603 -22.9064 19
      vertex 20.1603 -22.9064 11
    endloop
  endfacet
  facet normal 0.99881 0.0487757 0
    outer loop
      vertex 20.1067 -22.6372 19
      vertex 20.1 -22.5 11
      vertex 20.1 -22.5 19
    endloop
  endfacet
  facet normal 0.99881 0.0487757 0
    outer loop
      vertex 20.1 -22.5 11
      vertex 20.1067 -22.6372 19
      vertex 20.1067 -22.6372 11
    endloop
  endfacet
  facet normal 0 0 1
    outer loop
      vertex 22.8933 -22.3628 11
      vertex 22.8933 -22.6372 11
      vertex 22.9 -22.5 11
    endloop
  endfacet
  facet normal 0 0 1
    outer loop
      vertex 22.8731 -22.2269 11
      vertex 22.8933 -22.6372 11
      vertex 22.8933 -22.3628 11
    endloop
  endfacet
  facet normal 0 0 1
    outer loop
      vertex 22.8731 -22.2269 11
      vertex 22.8731 -22.7731 11
      vertex 22.8933 -22.6372 11
    endloop
  endfacet
  facet normal 0 0 1
    outer loop
      vertex 22.8397 -22.0936 11
      vertex 22.8731 -22.7731 11
      vertex 22.8731 -22.2269 11
    endloop
  endfacet
  facet normal 0 0 1
    outer loop
      vertex 22.8397 -22.0936 11
      vertex 22.8397 -22.9064 11
      vertex 22.8731 -22.7731 11
    endloop
  endfacet
  facet normal 0 0 1
    outer loop
      vertex 22.7934 -21.9642 11
      vertex 22.8397 -22.9064 11
      vertex 22.8397 -22.0936 11
    endloop
  endfacet
  facet normal 0 0 1
    outer loop
      vertex 22.7934 -21.9642 11
      vertex 22.7934 -23.0358 11
      vertex 22.8397 -22.9064 11
    endloop
  endfacet
  facet normal 0 0 1
    outer loop
      vertex 22.7347 -21.84 11
      vertex 22.7934 -23.0358 11
      vertex 22.7934 -21.9642 11
    endloop
  endfacet
  facet normal 0 0 1
    outer loop
      vertex 22.7347 -21.84 11
      vertex 22.7347 -23.16 11
      vertex 22.7934 -23.0358 11
    endloop
  endfacet
  facet normal 0 0 1
    outer loop
      vertex 22.6641 -21.7222 11
      vertex 22.7347 -23.16 11
      vertex 22.7347 -21.84 11
    endloop
  endfacet
  facet normal 0 0 1
    outer loop
      vertex 22.6641 -21.7222 11
      vertex 22.6641 -23.2778 11
      vertex 22.7347 -23.16 11
    endloop
  endfacet
  facet normal 0 0 1
    outer loop
      vertex 22.5822 -21.6119 11
      vertex 22.6641 -23.2778 11
      vertex 22.6641 -21.7222 11
    endloop
  endfacet
  facet normal 0 0 1
    outer loop
      vertex 22.5822 -21.6119 11
      vertex 22.5822 -23.3881 11
      vertex 22.6641 -23.2778 11
    endloop
  endfacet
  facet normal 0 0 1
    outer loop
      vertex 22.4899 -21.5101 11
      vertex 22.5822 -23.3881 11
      vertex 22.5822 -21.6119 11
    endloop
  endfacet
  facet normal 0 0 1
    outer loop
      vertex 22.4899 -21.5101 11
      vertex 22.4899 -23.4899 11
      vertex 22.5822 -23.3881 11
    endloop
  endfacet
  facet normal 0 0 1
    outer loop
      vertex 22.3881 -21.4178 11
      vertex 22.4899 -23.4899 11
      vertex 22.4899 -21.5101 11
    endloop
  endfacet
  facet normal 0 0 1
    outer loop
      vertex 22.3881 -21.4178 11
      vertex 22.3881 -23.5822 11
      vertex 22.4899 -23.4899 11
    endloop
  endfacet
  facet normal 0 0 1
    outer loop
      vertex 22.2778 -21.3359 11
      vertex 22.3881 -23.5822 11
      vertex 22.3881 -21.4178 11
    endloop
  endfacet
  facet normal 0 0 1
    outer loop
      vertex 22.2778 -21.3359 11
      vertex 22.2778 -23.6641 11
      vertex 22.3881 -23.5822 11
    endloop
  endfacet
  facet normal 0 0 1
    outer loop
      vertex 22.16 -21.2653 11
      vertex 22.2778 -23.6641 11
      vertex 22.2778 -21.3359 11
    endloop
  endfacet
  facet normal 0 0 1
    outer loop
      vertex 22.16 -21.2653 11
      vertex 22.16 -23.7347 11
      vertex 22.2778 -23.6641 11
    endloop
  endfacet
  facet normal 0 0 1
    outer loop
      vertex 22.0358 -21.2066 11
      vertex 22.16 -23.7347 11
      vertex 22.16 -21.2653 11
    endloop
  endfacet
  facet normal 0 0 1
    outer loop
      vertex 22.0358 -21.2066 11
      vertex 22.0358 -23.7934 11
      vertex 22.16 -23.7347 11
    endloop
  endfacet
  facet normal 0 0 1
    outer loop
      vertex 21.9064 -21.1603 11
      vertex 22.0358 -23.7934 11
      vertex 22.0358 -21.2066 11
    endloop
  endfacet
  facet normal 0 0 1
    outer loop
      vertex 21.9064 -21.1603 11
      vertex 21.9064 -23.8397 11
      vertex 22.0358 -23.7934 11
    endloop
  endfacet
  facet normal 0 0 1
    outer loop
      vertex 21.7731 -21.1269 11
      vertex 21.9064 -23.8397 11
      vertex 21.9064 -21.1603 11
    endloop
  endfacet
  facet normal 0 0 1
    outer loop
      vertex 21.7731 -21.1269 11
      vertex 21.7731 -23.8731 11
      vertex 21.9064 -23.8397 11
    endloop
  endfacet
  facet normal 0 0 1
    outer loop
      vertex 21.6372 -21.1067 11
      vertex 21.7731 -23.8731 11
      vertex 21.7731 -21.1269 11
    endloop
  endfacet
  facet normal 0 0 1
    outer loop
      vertex 21.6372 -21.1067 11
      vertex 21.6372 -23.8933 11
      vertex 21.7731 -23.8731 11
    endloop
  endfacet
  facet normal 0 0 1
    outer loop
      vertex 21.5 -21.1 11
      vertex 21.6372 -23.8933 11
      vertex 21.6372 -21.1067 11
    endloop
  endfacet
  facet normal 0 0 1
    outer loop
      vertex 21.5 -21.1 11
      vertex 21.5 -23.9 11
      vertex 21.6372 -23.8933 11
    endloop
  endfacet
  facet normal -0 0 1
    outer loop
      vertex 21.3628 -21.1067 11
      vertex 21.5 -23.9 11
      vertex 21.5 -21.1 11
    endloop
  endfacet
  facet normal 0 0 1
    outer loop
      vertex 21.3628 -21.1067 11
      vertex 21.3628 -23.8933 11
      vertex 21.5 -23.9 11
    endloop
  endfacet
  facet normal -0 0 1
    outer loop
      vertex 21.2269 -21.1269 11
      vertex 21.3628 -23.8933 11
      vertex 21.3628 -21.1067 11
    endloop
  endfacet
  facet normal 0 0 1
    outer loop
      vertex 21.2269 -21.1269 11
      vertex 21.2269 -23.8731 11
      vertex 21.3628 -23.8933 11
    endloop
  endfacet
  facet normal -0 0 1
    outer loop
      vertex 21.0936 -21.1603 11
      vertex 21.2269 -23.8731 11
      vertex 21.2269 -21.1269 11
    endloop
  endfacet
  facet normal 0 0 1
    outer loop
      vertex 21.0936 -21.1603 11
      vertex 21.0936 -23.8397 11
      vertex 21.2269 -23.8731 11
    endloop
  endfacet
  facet normal -0 0 1
    outer loop
      vertex 20.9642 -21.2066 11
      vertex 21.0936 -23.8397 11
      vertex 21.0936 -21.1603 11
    endloop
  endfacet
  facet normal 0 0 1
    outer loop
      vertex 20.9642 -21.2066 11
      vertex 20.9642 -23.7934 11
      vertex 21.0936 -23.8397 11
    endloop
  endfacet
  facet normal -0 0 1
    outer loop
      vertex 20.84 -21.2653 11
      vertex 20.9642 -23.7934 11
      vertex 20.9642 -21.2066 11
    endloop
  endfacet
  facet normal 0 0 1
    outer loop
      vertex 20.84 -21.2653 11
      vertex 20.84 -23.7347 11
      vertex 20.9642 -23.7934 11
    endloop
  endfacet
  facet normal -0 0 1
    outer loop
      vertex 20.7222 -21.3359 11
      vertex 20.84 -23.7347 11
      vertex 20.84 -21.2653 11
    endloop
  endfacet
  facet normal 0 0 1
    outer loop
      vertex 20.7222 -21.3359 11
      vertex 20.7222 -23.6641 11
      vertex 20.84 -23.7347 11
    endloop
  endfacet
  facet normal -0 0 1
    outer loop
      vertex 20.6119 -21.4178 11
      vertex 20.7222 -23.6641 11
      vertex 20.7222 -21.3359 11
    endloop
  endfacet
  facet normal 0 0 1
    outer loop
      vertex 20.6119 -21.4178 11
      vertex 20.6119 -23.5822 11
      vertex 20.7222 -23.6641 11
    endloop
  endfacet
  facet normal -0 0 1
    outer loop
      vertex 20.5101 -21.5101 11
      vertex 20.6119 -23.5822 11
      vertex 20.6119 -21.4178 11
    endloop
  endfacet
  facet normal 0 0 1
    outer loop
      vertex 20.5101 -21.5101 11
      vertex 20.5101 -23.4899 11
      vertex 20.6119 -23.5822 11
    endloop
  endfacet
  facet normal -0 0 1
    outer loop
      vertex 20.4178 -21.6119 11
      vertex 20.5101 -23.4899 11
      vertex 20.5101 -21.5101 11
    endloop
  endfacet
  facet normal 0 0 1
    outer loop
      vertex 20.4178 -21.6119 11
      vertex 20.4178 -23.3881 11
      vertex 20.5101 -23.4899 11
    endloop
  endfacet
  facet normal -0 0 1
    outer loop
      vertex 20.3359 -21.7222 11
      vertex 20.4178 -23.3881 11
      vertex 20.4178 -21.6119 11
    endloop
  endfacet
  facet normal 0 0 1
    outer loop
      vertex 20.3359 -21.7222 11
      vertex 20.3359 -23.2778 11
      vertex 20.4178 -23.3881 11
    endloop
  endfacet
  facet normal -0 0 1
    outer loop
      vertex 20.2653 -21.84 11
      vertex 20.3359 -23.2778 11
      vertex 20.3359 -21.7222 11
    endloop
  endfacet
  facet normal 0 0 1
    outer loop
      vertex 20.2653 -21.84 11
      vertex 20.2653 -23.16 11
      vertex 20.3359 -23.2778 11
    endloop
  endfacet
  facet normal -0 0 1
    outer loop
      vertex 20.2066 -21.9642 11
      vertex 20.2653 -23.16 11
      vertex 20.2653 -21.84 11
    endloop
  endfacet
  facet normal 0 0 1
    outer loop
      vertex 20.2066 -21.9642 11
      vertex 20.2066 -23.0358 11
      vertex 20.2653 -23.16 11
    endloop
  endfacet
  facet normal -0 0 1
    outer loop
      vertex 20.1603 -22.0936 11
      vertex 20.2066 -23.0358 11
      vertex 20.2066 -21.9642 11
    endloop
  endfacet
  facet normal 0 0 1
    outer loop
      vertex 20.1603 -22.0936 11
      vertex 20.1603 -22.9064 11
      vertex 20.2066 -23.0358 11
    endloop
  endfacet
  facet normal -0 0 1
    outer loop
      vertex 20.1269 -22.2269 11
      vertex 20.1603 -22.9064 11
      vertex 20.1603 -22.0936 11
    endloop
  endfacet
  facet normal 0 0 1
    outer loop
      vertex 20.1269 -22.2269 11
      vertex 20.1269 -22.7731 11
      vertex 20.1603 -22.9064 11
    endloop
  endfacet
  facet normal -0 0 1
    outer loop
      vertex 20.1067 -22.3628 11
      vertex 20.1269 -22.7731 11
      vertex 20.1269 -22.2269 11
    endloop
  endfacet
  facet normal 0 0 1
    outer loop
      vertex 20.1067 -22.3628 11
      vertex 20.1067 -22.6372 11
      vertex 20.1269 -22.7731 11
    endloop
  endfacet
  facet normal 0 -0 1
    outer loop
      vertex 20.1067 -22.6372 11
      vertex 20.1067 -22.3628 11
      vertex 20.1 -22.5 11
    endloop
  endfacet
  facet normal 0.802873 0.59615 0
    outer loop
      vertex 20.4178 -23.3881 19
      vertex 20.3359 -23.2778 11
      vertex 20.3359 -23.2778 19
    endloop
  endfacet
  facet normal 0.802873 0.59615 0
    outer loop
      vertex 20.3359 -23.2778 11
      vertex 20.4178 -23.3881 19
      vertex 20.4178 -23.3881 11
    endloop
  endfacet
  facet normal 0.904108 0.427304 0
    outer loop
      vertex 20.2653 -23.16 19
      vertex 20.2066 -23.0358 11
      vertex 20.2066 -23.0358 19
    endloop
  endfacet
  facet normal 0.904108 0.427304 0
    outer loop
      vertex 20.2066 -23.0358 11
      vertex 20.2653 -23.16 19
      vertex 20.2653 -23.16 11
    endloop
  endfacet
  facet normal 0.740829 0.671694 0
    outer loop
      vertex 20.5101 -23.4899 19
      vertex 20.4178 -23.3881 11
      vertex 20.4178 -23.3881 19
    endloop
  endfacet
  facet normal 0.740829 0.671694 0
    outer loop
      vertex 20.4178 -23.3881 11
      vertex 20.5101 -23.4899 19
      vertex 20.5101 -23.4899 11
    endloop
  endfacet
  facet normal -0.989133 -0.147023 0
    outer loop
      vertex 22.8933 -22.3628 11
      vertex 22.8731 -22.2269 19
      vertex 22.8731 -22.2269 11
    endloop
  endfacet
  facet normal -0.989133 -0.147023 0
    outer loop
      vertex 22.8731 -22.2269 19
      vertex 22.8933 -22.3628 11
      vertex 22.8933 -22.3628 19
    endloop
  endfacet
  facet normal -0.147023 -0.989133 0
    outer loop
      vertex 21.6372 -21.1067 11
      vertex 21.7731 -21.1269 19
      vertex 21.6372 -21.1067 19
    endloop
  endfacet
  facet normal -0.147023 -0.989133 -0
    outer loop
      vertex 21.7731 -21.1269 19
      vertex 21.6372 -21.1067 11
      vertex 21.7731 -21.1269 11
    endloop
  endfacet
  facet normal 0.989133 -0.147023 0
    outer loop
      vertex 20.1067 -22.3628 19
      vertex 20.1269 -22.2269 11
      vertex 20.1269 -22.2269 19
    endloop
  endfacet
  facet normal 0.989133 -0.147023 0
    outer loop
      vertex 20.1269 -22.2269 11
      vertex 20.1067 -22.3628 19
      vertex 20.1067 -22.3628 11
    endloop
  endfacet
  facet normal -0.970014 0.243049 0
    outer loop
      vertex 22.8397 -22.9064 11
      vertex 22.8731 -22.7731 19
      vertex 22.8731 -22.7731 11
    endloop
  endfacet
  facet normal -0.970014 0.243049 0
    outer loop
      vertex 22.8731 -22.7731 19
      vertex 22.8397 -22.9064 11
      vertex 22.8397 -22.9064 19
    endloop
  endfacet
  facet normal -0.941544 0.336889 0
    outer loop
      vertex 22.7934 -23.0358 11
      vertex 22.8397 -22.9064 19
      vertex 22.8397 -22.9064 11
    endloop
  endfacet
  facet normal -0.941544 0.336889 0
    outer loop
      vertex 22.8397 -22.9064 19
      vertex 22.7934 -23.0358 11
      vertex 22.7934 -23.0358 19
    endloop
  endfacet
  facet normal -0.336889 0.941544 0
    outer loop
      vertex 22.0358 -23.7934 11
      vertex 21.9064 -23.8397 19
      vertex 22.0358 -23.7934 19
    endloop
  endfacet
  facet normal -0.336889 0.941544 0
    outer loop
      vertex 21.9064 -23.8397 19
      vertex 22.0358 -23.7934 11
      vertex 21.9064 -23.8397 11
    endloop
  endfacet
  facet normal -0.671694 0.740829 0
    outer loop
      vertex 22.4899 -23.4899 11
      vertex 22.3881 -23.5822 19
      vertex 22.4899 -23.4899 19
    endloop
  endfacet
  facet normal -0.671694 0.740829 0
    outer loop
      vertex 22.3881 -23.5822 19
      vertex 22.4899 -23.4899 11
      vertex 22.3881 -23.5822 11
    endloop
  endfacet
  facet normal -0.514067 0.85775 0
    outer loop
      vertex 22.2778 -23.6641 11
      vertex 22.16 -23.7347 19
      vertex 22.2778 -23.6641 19
    endloop
  endfacet
  facet normal -0.514067 0.85775 0
    outer loop
      vertex 22.16 -23.7347 19
      vertex 22.2778 -23.6641 11
      vertex 22.16 -23.7347 11
    endloop
  endfacet
  facet normal -0.802873 0.59615 0
    outer loop
      vertex 22.5822 -23.3881 11
      vertex 22.6641 -23.2778 19
      vertex 22.6641 -23.2778 11
    endloop
  endfacet
  facet normal -0.802873 0.59615 0
    outer loop
      vertex 22.6641 -23.2778 19
      vertex 22.5822 -23.3881 11
      vertex 22.5822 -23.3881 19
    endloop
  endfacet
  facet normal 0.243049 0.970014 -0
    outer loop
      vertex 21.2269 -23.8731 11
      vertex 21.0936 -23.8397 19
      vertex 21.2269 -23.8731 19
    endloop
  endfacet
  facet normal 0.243049 0.970014 0
    outer loop
      vertex 21.0936 -23.8397 19
      vertex 21.2269 -23.8731 11
      vertex 21.0936 -23.8397 11
    endloop
  endfacet
  facet normal 0.59615 0.802873 -0
    outer loop
      vertex 20.7222 -23.6641 11
      vertex 20.6119 -23.5822 19
      vertex 20.7222 -23.6641 19
    endloop
  endfacet
  facet normal 0.59615 0.802873 0
    outer loop
      vertex 20.6119 -23.5822 19
      vertex 20.7222 -23.6641 11
      vertex 20.6119 -23.5822 11
    endloop
  endfacet
  facet normal 0.941544 0.336889 0
    outer loop
      vertex 20.2066 -23.0358 19
      vertex 20.1603 -22.9064 11
      vertex 20.1603 -22.9064 19
    endloop
  endfacet
  facet normal 0.941544 0.336889 0
    outer loop
      vertex 20.1603 -22.9064 11
      vertex 20.2066 -23.0358 19
      vertex 20.2066 -23.0358 11
    endloop
  endfacet
  facet normal 0.989133 0.147023 0
    outer loop
      vertex 20.1269 -22.7731 19
      vertex 20.1067 -22.6372 11
      vertex 20.1067 -22.6372 19
    endloop
  endfacet
  facet normal 0.989133 0.147023 0
    outer loop
      vertex 20.1067 -22.6372 11
      vertex 20.1269 -22.7731 19
      vertex 20.1269 -22.7731 11
    endloop
  endfacet
  facet normal 0.85775 0.514067 0
    outer loop
      vertex 20.3359 -23.2778 19
      vertex 20.2653 -23.16 11
      vertex 20.2653 -23.16 19
    endloop
  endfacet
  facet normal 0.85775 0.514067 0
    outer loop
      vertex 20.2653 -23.16 11
      vertex 20.3359 -23.2778 19
      vertex 20.3359 -23.2778 11
    endloop
  endfacet
  facet normal -0.99881 0.0487757 0
    outer loop
      vertex 22.8933 -22.6372 11
      vertex 22.9 -22.5 19
      vertex 22.9 -22.5 11
    endloop
  endfacet
  facet normal -0.99881 0.0487757 0
    outer loop
      vertex 22.9 -22.5 19
      vertex 22.8933 -22.6372 11
      vertex 22.8933 -22.6372 19
    endloop
  endfacet
endsolid OpenSCAD_Model
